path_id,Date,sp500_abs,DGS10_abs,sp500,DGS10
0,2016-05-12,2790.3282787056987,6.111431952814645,0.002269134856760502,0.012376107201236941
0,2016-05-13,2719.804380597872,6.121057747622545,-0.025274408981204033,0.009625794807900157
0,2016-05-16,2745.5359903616913,6.124394210113206,0.009460831061005592,0.0033364624906608853
0,2016-05-17,2738.1518633522787,6.126102540753332,-0.002689502900466323,0.001708330640126654
0,2016-05-18,2727.302210672657,6.133679558987439,-0.0039623999036848545,0.007577018234107058
0,2016-05-19,2749.0234643064055,6.101842191714067,0.00796437356621027,-0.03183736727337205
0,2016-05-20,2736.7274476406433,6.152911319410606,-0.0044728671200573444,0.05106912769653871
0,2016-05-23,2709.346828384532,6.182246189955349,-0.010004876181483269,0.029334870544743374
0,2016-05-24,2727.7913693622445,6.2067009496591705,0.00680774450302124,0.02445475970382116
0,2016-05-25,2697.2944702830564,6.228473020608139,-0.011180070228874683,0.021772070948968825
0,2016-05-26,2686.280469584459,6.374935466751138,-0.004083351232111454,0.14646244614299864
0,2016-05-27,2670.2739288094454,6.503880922682834,-0.0059586260467767715,0.12894545593169582
0,2016-05-31,2687.1963588319895,6.462589558542344,0.006337338592857122,-0.041291364140489506
0,2016-06-01,2716.159290588153,6.533826668762527,0.010778122581541538,0.07123711022018231
0,2016-06-02,2713.4238971993595,6.52777895986359,-0.00100708135869354,-0.006047708898936577
0,2016-06-03,2713.65812716686,6.3841804440258425,8.632265962660313e-05,-0.14359851583774752
0,2016-06-06,2687.3621285674094,6.309712099929828,-0.009690240025520325,-0.07446834409601433
0,2016-06-07,2674.6953475052524,6.376457107445697,-0.004713462665677071,0.06674500751586887
0,2016-06-08,2724.671651486989,6.295632984480389,0.018684858456254005,-0.08082412296530794
0,2016-06-09,2709.0567343412736,6.213312625997478,-0.005730935372412205,-0.08232035848291108
0,2016-06-10,2754.785627182439,6.27304338722586,0.016880005598068237,0.059730761228381724
0,2016-06-13,2768.669734446649,6.223146445448576,0.005039995536208153,-0.0498969417772841
0,2016-06-14,2821.779771180452,6.147946706344111,0.019182510673999786,-0.07519973910446431
0,2016-06-15,2776.518368087079,6.133747315529947,-0.016040019690990448,-0.014199390814164659
0,2016-06-16,2830.494120322181,6.164238969699855,0.01944008469581604,0.030491654169908067
0,2016-06-17,2848.661738049637,6.183469854637378,0.0064185322262346745,0.019230884937523562
0,2016-06-20,2832.1004052323747,6.171596306857749,-0.005813723895698786,-0.011873547779629234
0,2016-06-21,2906.6915584054755,6.122791470936072,0.026337750256061554,-0.04880483592167728
0,2016-06-22,2885.892062703508,6.150472948691858,-0.007155728526413441,0.027681477755786332
0,2016-06-23,2860.611971774391,6.241809222388716,-0.008759887889027596,0.09133627369685815
0,2016-06-24,2890.3697506982603,6.310105057310172,0.010402591899037361,0.06829583492145552
0,2016-06-27,2924.5833536215055,6.289666194830903,0.011837102472782135,-0.02043886247926885
0,2016-06-28,2862.549073230959,6.2074577838798595,-0.021211322396993637,-0.08220841095104348
0,2016-06-29,2881.9136153668446,6.251627964253907,0.006764789577573538,0.04417018037404752
0,2016-06-30,2787.9886206198003,6.26094855823144,-0.032591190189123154,0.00932059397753271
0,2016-07-01,2791.4346033905963,6.269649243203857,0.00123601034283638,0.008700684972417605
0,2016-07-05,2780.501842797298,6.212003627213063,-0.003916538320481777,-0.05764561599079432
0,2016-07-06,2801.373413152404,6.018792039158959,0.00750640407204628,-0.19321158805410388
0,2016-07-07,2739.9679726580403,6.010474894252718,-0.02191976271569729,-0.008317144906240692
0,2016-07-08,2744.3667373386384,6.026282173423605,0.0016054073348641396,0.01580727917088698
0,2016-07-11,2749.8501695177415,5.803232735960726,0.0019980682991445065,-0.22304943746287975
0,2016-07-12,2816.8265757223558,5.8398264246749525,0.024356383830308914,0.03659368871422686
0,2016-07-13,2763.068916726307,6.013885842943975,-0.019084475934505463,0.17405941826902271
0,2016-07-14,2748.092105819278,5.842638954977984,-0.005420353729277849,-0.1712468879659914
0,2016-07-15,2743.5155013914523,5.774151389209074,-0.0016653751954436302,-0.06848756576891013
0,2016-07-18,2767.1933791902147,5.860654496040814,0.008630488067865372,0.08650310683174034
0,2016-07-19,2788.761922266984,5.744508973377504,0.007794375065714121,-0.11614552266331035
0,2016-07-20,2845.8327131927863,5.753066014562917,0.020464561879634857,0.008557041185413006
0,2016-07-21,2819.8055162776213,5.779356529903581,-0.009145722724497318,0.026290515340664733
0,2016-07-22,2769.1089478791105,5.907574346444691,-0.017978746443986893,0.12821781654110964
0,2016-07-25,2736.6764971950743,5.95379572696475,-0.011712233535945415,0.046221380520059085
0,2016-07-26,2778.6242192920486,5.985746729195628,0.015327979810535908,0.03195100223087799
0,2016-07-27,2808.54943684419,5.893488185589021,0.010769796557724476,-0.09225854360660701
0,2016-07-28,2844.0114185377934,6.018649806935432,0.01262644026428461,0.12516162134641107
0,2016-07-29,2800.7790645160603,6.06532636034954,-0.015201188623905182,0.046676553414108035
0,2016-08-01,2790.699954244247,6.113911188093871,-0.003598680952563882,0.048584827744330816
0,2016-08-02,2817.6761375069827,6.047496380522775,0.009666457772254944,-0.06641480757109619
0,2016-08-03,2863.21043500793,6.027585939921838,0.016160231083631516,-0.019910440600936496
0,2016-08-04,2905.121533856664,5.927446097229278,0.014637799002230167,-0.1001398426925606
0,2016-08-05,2909.7419588755583,5.943717590942969,0.0015904412139207125,0.016271493713690965
0,2016-08-08,2897.1588895741647,6.00750594224083,-0.00432446226477623,0.06378835129786165
0,2016-08-09,2886.271357764383,6.020976829338172,-0.0037580030038952827,0.013470887097341233
0,2016-08-10,2965.906012037818,5.983369090781755,0.027590841054916382,-0.037607738556416415
0,2016-08-11,2919.542218467569,5.880962777083556,-0.015632253140211105,-0.10240631369819919
0,2016-08-12,2903.7832973353497,5.977399688034189,-0.0053977370262146,0.09643691095063289
0,2016-08-15,2918.835271039676,5.961831435187278,0.005183573346585035,-0.015568252846910546
0,2016-08-16,2908.622050022216,6.08709827847822,-0.003499074140563607,0.12526684329094184
0,2016-08-17,2956.8270624564484,5.974147064781363,0.016573144122958183,-0.11295121369685734
0,2016-08-18,3026.139989516485,6.0211420822076835,0.023441657423973083,0.04699501742632073
0,2016-08-19,3048.5038824850344,6.060819994143517,0.007390237413346767,0.0396779119358337
0,2016-08-22,3075.023538539952,6.048904579020267,0.008699236437678337,-0.011915415123250561
0,2016-08-23,3108.562505039557,6.244047486705297,0.010906897485256195,0.19514290768502995
0,2016-08-24,3129.1499163870367,6.1901557928981195,0.006622807588428259,-0.05389169380717718
0,2016-08-25,3134.7999007699987,6.063720153999215,0.0018055972177535295,-0.1264356388989043
0,2016-08-26,3131.295111593809,6.152522451564064,-0.001118026440963149,0.08880229756484859
0,2016-08-29,3058.302021010516,6.1967507236206885,-0.02331083081662655,0.04422827205662472
0,2016-08-30,3089.4180991615995,6.275415886060753,0.010174298658967018,0.07866516244006494
0,2016-08-31,2984.9532579914107,6.221934274004715,-0.03381375968456268,-0.05348161205603841
0,2016-09-01,3069.508038247695,6.199766344360314,0.028327003121376038,-0.022167929644401063
0,2016-09-02,3075.1285996829897,6.228480933219643,0.0018310952000319958,0.028714588859329204
0,2016-09-06,3095.6085965958137,6.2066619234867915,0.006659883074462414,-0.02181900973285167
0,2016-09-07,3141.426123590157,6.247541148846982,0.014800813980400562,0.0408792253601904
0,2016-09-08,3045.4852591445065,5.884532758949737,-0.030540544539690018,-0.36300838989724493
0,2016-09-09,3073.999803795288,5.736810306971808,0.009362890385091305,-0.14772245197792877
0,2016-09-12,3062.3661726164564,5.7569183472938725,-0.0037845256738364697,0.02010804032206437
0,2016-09-13,3075.891922042451,5.841873661568637,0.004416764248162508,0.08495531427476433
0,2016-09-14,3120.9550916115504,5.930349016613566,0.014650439843535423,0.08847535504492932
0,2016-09-15,3156.1106752447104,5.749464884090026,0.011264367029070854,-0.1808841325235404
0,2016-09-16,3151.1005696926745,5.670544248168001,-0.0015874302480369806,-0.07892063592202447
0,2016-09-19,3164.8387537912063,5.553625486072135,0.004359805025160313,-0.11691876209586649
0,2016-09-20,3162.917845625239,5.661256765337286,-0.0006069529335945845,0.10763127926515104
0,2016-09-21,3164.923256485504,5.68626627767426,0.000634038238786161,0.02500951233697446
0,2016-09-22,3203.0374935149257,5.788794344321004,0.012042704969644547,0.10252806664674363
0,2016-09-23,3228.2611576387953,5.828120680058565,0.007874920032918453,0.03932633573756128
0,2016-09-26,3224.9222833825147,5.94733259046064,-0.001034263987094164,0.11921191040207457
0,2016-09-27,3249.953463268006,5.997565726008646,0.007761793211102486,0.050233135548006125
0,2016-09-28,3293.415092710956,5.944941631433607,0.013373000547289848,-0.05262409457503914
0,2016-09-29,3299.4056322555434,5.884136517092285,0.001818944583646953,-0.06080511434132152
0,2016-09-30,3289.1601092789197,5.842299696739295,-0.003105263225734234,-0.04183682035298997
0,2016-10-03,3334.44875952759,5.753273581678806,0.013769062235951424,-0.08902611506048963
0,2016-10-04,3369.288072117988,5.834449081905066,0.01044829748570919,0.08117550022626041
0,2016-10-05,3386.5733999279955,5.768450588411821,0.005130261182785034,-0.06599849349324494
0,2016-10-06,3439.470177371115,5.793583733275543,0.015619557350873947,0.0251331448637222
0,2016-10-07,3480.72257265982,5.830417651581586,0.011993822641670704,0.036833918306042435
0,2016-10-12,3482.6441451079368,5.828718189041,0.0005520613631233573,-0.0016994625405857278
0,2016-10-13,3490.7129213749545,5.824059012621893,0.0023168534971773624,-0.0046591764191070695
0,2016-10-14,3489.520600577435,5.847910771485695,-0.00034156942274421453,0.023851758863801642
0,2016-10-17,3488.1269168729677,5.857230784328873,-0.00039939116686582565,0.009320012843178738
0,2016-10-18,3502.428070000892,6.0601056651209895,0.004099952057003975,0.20287488079211613
0,2016-10-19,3546.021472807938,6.0996698312151,0.012446623295545578,0.0395641660941104
0,2016-10-20,3481.6969493902675,6.117987283158771,-0.01813991367816925,0.018317451943671514
0,2016-10-21,3494.0824100831032,5.773063221750335,0.003557305783033371,-0.34492406140843634
0,2016-10-24,3621.1770842373016,5.829810220780194,0.03637426346540451,0.056746999029859246
0,2016-10-25,3571.943098027089,5.941935017122208,-0.0135961277410388,0.11212479634201333
0,2016-10-26,3619.806162695289,5.898012459007658,0.013399727642536163,-0.04392255811454948
0,2016-10-27,3706.4760160493447,5.789500688941987,0.023943230509757996,-0.10851177006567081
0,2016-10-28,3672.0237976646636,5.8123619826595645,-0.009295141324400902,0.02286129371757717
0,2016-10-31,3712.5490841041965,5.727710717522595,0.011036226525902748,-0.0846512651369693
0,2016-11-01,3695.55147181363,5.731991599750653,-0.004578420892357826,0.004280882228058225
0,2016-11-02,3711.9412099308383,5.669883870394905,0.0044349911622703075,-0.062107729355748376
0,2016-11-03,3681.115176282944,5.577844418833109,-0.00830455869436264,-0.09203945156179572
0,2016-11-04,3679.353025457787,5.516177833348651,-0.00047870026901364326,-0.061666585484458025
0,2016-11-07,3714.7900412014496,5.702721102480558,0.009631317108869553,0.18654326913190644
0,2016-11-08,3666.381905393976,5.7042382213835685,-0.013031190261244774,0.0015171189030107612
0,2016-11-09,3758.9380764107627,5.778231918758446,0.02524455264210701,0.0739936973748776
0,2016-11-10,3709.646531666125,5.815836771813543,-0.013113156892359257,0.037604853055096754
0,2016-11-15,3744.7350869591237,5.952172298621001,0.009458732791244984,0.13633552680745797
0,2016-11-16,3694.896386536904,6.108453559868691,-0.01330900564789772,0.15628126124769004
0,2016-11-17,3688.3494272032704,6.13341782934618,-0.0017718925373628736,0.024964269477488976
0,2016-11-18,3624.532633430051,6.107975694686989,-0.017302263528108597,-0.02544213465919043
0,2016-11-21,3618.496462131156,6.166672956711063,-0.0016653654165565968,0.05869726202407399
0,2016-11-22,3550.2890755939325,6.260635833066963,-0.018849648535251617,0.09396287635589928
0,2016-11-23,3531.760064267696,6.26110086561161,-0.005219014827162027,0.00046503254464713706
0,2016-11-25,3471.212759862134,6.28975746271451,-0.01714366301894188,0.02865659710290025
0,2016-11-28,3351.882460760019,6.330936545194477,-0.034377120435237885,0.04117908247996649
0,2016-11-29,3308.6755598955488,6.33523973687701,-0.012890338897705078,0.004303191682533125
0,2016-11-30,3444.8142348428614,6.363128343736391,0.04114597290754318,0.027888606859381326
0,2016-12-01,3370.3932071802046,6.440387312084909,-0.021603785455226898,0.07725896834851831
0,2016-12-02,3279.6940818068338,6.4622645791985205,-0.02691054716706276,0.021877267113611154
0,2016-12-05,3354.216953196349,6.44479358822767,0.022722506895661354,-0.017470990970850586
0,2016-12-06,3395.789342511429,6.38441771536739,0.012394066900014877,-0.06037587286027968
0,2016-12-07,3329.9056509456564,6.433865522538658,-0.019401583820581436,0.0494478071712674
0,2016-12-08,3272.891674734928,6.442428370568254,-0.017121799290180206,0.008562848029596282
0,2016-12-09,3249.7479586658787,6.411876845183611,-0.0070713357999920845,-0.03055152538464334
0,2016-12-12,3206.257970415038,6.4578211447196345,-0.013382572680711746,0.04594429953602397
0,2016-12-13,3222.94576470325,6.386190450407446,0.005204757209867239,-0.07163069431218894
0,2016-12-14,3269.496801975154,6.453037545012623,0.01444363035261631,0.06684709460517713
0,2016-12-15,3252.2391778837205,6.446676348611086,-0.005278373137116432,-0.006361196401536873
0,2016-12-16,3316.991042696442,6.4254293367604,0.01990993320941925,-0.02124701185068556
0,2016-12-19,3325.6700347664178,6.420005503565044,0.0026165256276726723,-0.005423833195356664
0,2016-12-20,3372.60651569958,6.377670580666577,0.014113390818238258,-0.04233492289846641
0,2016-12-21,3267.2490100690734,6.407039186416166,-0.031239192932844162,0.029368605749588994
0,2016-12-22,3355.825710438386,6.360896652424181,0.02711048349738121,-0.046142533991985424
0,2016-12-23,3441.0334790106945,6.300650831925034,0.025390999391674995,-0.06024582049914695
0,2016-12-27,3376.918007817147,6.407904633630494,-0.018632620573043823,0.10725380170546028
0,2016-12-28,3284.349839802854,6.4653060037413805,-0.02741202712059021,0.05740137011088642
0,2016-12-29,3248.8443268834103,6.474550691854675,-0.01081051491200924,0.009244688113294153
0,2016-12-30,3241.295507371334,6.382275138338791,-0.0023235399276018143,-0.09227555351588368
0,2017-01-03,3322.329309010799,6.434396668259297,0.02500043623149395,0.05212152992050623
0,2017-01-04,3325.9624364355286,6.388159851214666,0.0010935482569038868,-0.04623681704463145
0,2017-01-05,3313.479226107009,6.309278794018206,-0.00375326257199049,-0.07888105719645999
0,2017-01-06,3384.117444516502,6.2950107236841495,0.02131844311952591,-0.014268070334056304
0,2017-01-09,3371.0275383849353,6.329791355810437,-0.0038680413272231817,0.03478063212628779
0,2017-01-10,3361.095603287701,6.35526421541287,-0.00294626341201365,0.025472859602432507
0,2017-01-11,3339.366467334206,6.328308567301184,-0.006464896723628044,-0.02695564811168616
0,2017-01-12,3368.5636718019064,6.300983201730561,0.00874333642423153,-0.027325365570622928
0,2017-01-13,3358.6257623289393,6.337683056676966,-0.0029501919634640217,0.03669985494640571
0,2017-01-17,3361.5069502938672,6.372243573367457,0.0008578472770750523,0.03456051669049032
0,2017-01-18,3304.8685627713307,6.445811581799767,-0.016849106177687645,0.0735680084323107
0,2017-01-19,3268.227015952397,6.4426047771815895,-0.011087141931056976,-0.0032068046181779053
0,2017-01-20,3357.63597219363,6.328726057321044,0.02735702134668827,-0.1138787198605451
0,2017-01-23,3311.172465759454,6.353828124042586,-0.013838160783052444,0.025102066721541583
0,2017-01-24,3368.079641905233,6.278105694045256,0.01718641258776188,-0.07572242999733003
0,2017-01-25,3315.9011994495463,6.262645190189023,-0.015492045320570469,-0.01546050385623321
0,2017-01-26,3344.07541360104,6.218552829347999,0.008496698923408985,-0.04409236084102375
0,2017-01-27,3315.025848515437,6.2803343774998055,-0.008686874993145466,0.061781548151806476
0,2017-01-30,3275.5359009583963,6.25843493582702,-0.011912410147488117,-0.02189944167278579
0,2017-01-31,3341.2212327427383,6.248491695288399,0.020053308457136154,-0.009943240538620834
0,2017-02-01,3337.2110723737574,6.211360054460149,-0.0012002079747617245,-0.0371316408282496
0,2017-02-02,3355.4618880078506,6.184560662316264,0.005468882620334625,-0.026799392143884937
0,2017-02-03,3349.142643047637,6.277654191608891,-0.0018832712667062879,0.09309352929262626
0,2017-02-06,3320.5351981526283,6.277296902392041,-0.008541721850633621,-0.00035728921684974324
0,2017-02-07,3323.872895664928,6.202079442844482,0.0010051685385406017,-0.07521745954755854
0,2017-02-08,3325.2977003020824,6.187553130090818,0.00042865797877311707,-0.014526312753663895
0,2017-02-09,3327.1240863560156,6.134645594903696,0.0005492398631758988,-0.052907535187122434
0,2017-02-10,3212.113595911405,6.2009051258763614,-0.034567538648843765,0.06625953097266546
0,2017-02-13,3187.961409470966,6.188912129142819,-0.007519094739109278,-0.01199299673354215
0,2017-02-14,3129.027868182665,6.185297681876768,-0.018486278131604195,-0.0036144472660515348
0,2017-02-15,3178.3582751651525,6.172640283338137,0.015765409916639328,-0.01265739853863046
0,2017-02-16,3201.701291419737,6.180238330613208,0.0073443627916276455,0.007598047275070741
0,2017-02-17,3282.474548895978,6.15656526276087,0.0252282302826643,-0.02367306785233847
0,2017-02-21,3325.3557656024086,6.144986297153891,0.013063685968518257,-0.011578965606978464
0,2017-02-22,3367.1584367433065,6.1341837162489385,0.012570886872708797,-0.010802580904952563
0,2017-02-23,3370.696888972183,6.168478901449114,0.0010508719133213162,0.03429518520017538
0,2017-02-24,3390.74982678879,6.126545734263644,0.00594919640570879,-0.04193316718547013
0,2017-02-27,3336.5408120711963,6.1110073670214256,-0.015987323597073555,-0.015538367242218243
0,2017-02-28,3344.5666513770725,6.083601206844877,0.0024054371751844883,-0.02740616017654851
0,2017-03-01,3292.995965772242,6.125384637611944,-0.015419242903590202,0.04178343076706703
0,2017-03-02,3342.1880111229016,6.164677783072735,0.014938386157155037,0.03929314546079077
0,2017-03-03,3342.301004784507,6.165371302633776,3.3808290027081966e-05,0.0006935195610413558
0,2017-03-06,3409.920606594943,6.165938602806856,0.020231451839208603,0.000567300173079488
0,2017-03-07,3487.2261643609,6.167510471734628,0.02267077937722206,0.0015718689277726128
0,2017-03-08,3458.321572900206,6.184175206406662,-0.008288705721497536,0.016664734672033887
0,2017-03-09,3414.357137932035,6.212643942815277,-0.012712650932371616,0.028468736408615136
0,2017-03-10,3342.2300645642426,6.222039996971014,-0.021124642342329025,0.009396054155736522
0,2017-03-13,3353.0869532167644,6.259665190450097,0.003248396562412381,0.037625193479082775
0,2017-03-14,3378.0324737570904,6.269223081239027,0.007439568638801575,0.009557890788930656
0,2017-03-15,3426.5832065840214,6.267273437197954,0.014372488483786583,-0.0019496440410735616
0,2017-03-16,3428.1633752952657,6.296499212957526,0.0004611499607563019,0.029225775759572414
0,2017-03-17,3411.7001861483354,6.3178319446197815,-0.004802335053682327,0.021332731662255355
0,2017-03-20,3415.5685331354907,6.428732959674002,0.0011338472831994295,0.11090101505422023
0,2017-03-21,3363.4693141054104,6.439471880738088,-0.015253454446792603,0.010738921064086249
0,2017-03-22,3367.015875562572,6.470090169142057,0.0010544355027377605,0.03061828840396874
0,2017-03-23,3316.2146023101527,6.522493533754757,-0.015087922103703022,0.05240336461270001
0,2017-03-24,3215.8954852753186,6.5705850247460935,-0.030251093208789825,0.048091490991336805
0,2017-03-27,3179.6583582563508,6.572334368765992,-0.0112681295722723,0.0017493440198981247
0,2017-03-28,3195.9080879024486,6.5657264212277155,0.0051105269230902195,-0.006607947538276093
0,2017-03-29,3288.3123268628715,6.53295908250816,0.02891329675912857,-0.03276733871955528
0,2017-03-30,3264.5603391507675,6.4988015719742,-0.007223154418170452,-0.03415751053396043
0,2017-03-31,3343.376331020086,6.6012519159471825,0.024142911657691002,0.1024503439729827
0,2017-04-03,3353.1610489599257,6.70617094971254,0.002926597837358713,0.10491903376535738
0,2017-04-04,3255.958392287452,6.7801660273092255,-0.028988365083932877,0.07399507759668555
0,2017-04-05,3280.3630407560977,6.706636982585492,0.007495380938053131,-0.07352904472373378
0,2017-04-06,3225.868675904558,6.663091229553979,-0.016612296923995018,-0.043545753031512646
0,2017-04-07,3185.1781373493936,6.67893628774543,-0.012613823637366295,0.015845058191451322
0,2017-04-10,3189.7657973310834,6.660736679446169,0.0014403150416910648,-0.018199608299261705
0,2017-04-11,3169.7523532474784,6.690683338169639,-0.006274267565459013,0.029946658723470243
0,2017-04-12,3118.7801568694954,6.74504607416957,-0.016080813482403755,0.054362735999931466
0,2017-04-13,3104.151027741913,6.736751469113327,-0.004690657369792461,-0.008294605056243576
0,2017-04-17,3099.6532195879613,6.710019699622667,-0.0014489656314253807,-0.026731769490659474
0,2017-04-18,3081.9368251026995,6.668705867299753,-0.005715605337172747,-0.0413138323229143
0,2017-04-19,3110.032626681996,6.637066839140903,0.009116280823946,-0.03163902815884967
0,2017-04-20,3114.4971215635233,6.658067589948375,0.0014355138409882784,0.0210007508074721
0,2017-04-21,3186.292200217873,6.611579654805498,0.023051900789141655,-0.046487935142877745
0,2017-04-24,3159.527486161275,6.601451139642693,-0.008399955928325653,-0.010128515162804774
0,2017-04-25,3181.177580794557,6.660160140346114,0.006852320395410061,0.05870900070342078
0,2017-04-26,3134.6847467638245,6.664058347504523,-0.01461497601121664,0.0038982071584090505
0,2017-04-27,3164.0415418298694,6.67309944547437,0.009365150704979897,0.0090410979698472
0,2017-04-28,3125.7566924225584,6.664725159113475,-0.012099983170628548,-0.008374286360894878
0,2017-05-01,3148.4424122426785,6.65968100958003,0.007257672958076,-0.005044149533445008
0,2017-05-02,3085.3602411408997,6.698510984441714,-0.020035993307828903,0.0388299748616836
0,2017-05-03,3052.136556107534,6.60987590128025,-0.010768170468509197,-0.08863508316146351
0,2017-05-04,3100.8733414084886,6.499304670545386,0.015968088060617447,-0.1105712307348643
0,2017-05-05,3108.192134711241,6.489901329791214,0.002360236132517457,-0.009403340754172262
0,2017-05-08,3099.0970726440246,6.5473014123309925,-0.0029261582531034946,0.05740008253977891
0,2017-05-09,3073.486522445706,6.591841931419318,-0.008263874799013138,0.04454051908832568
0,2017-05-10,2976.4205821567853,6.647879301445742,-0.03158170357346535,0.056037370026423616
0,2017-05-11,2985.4272377422876,6.576111332875728,0.0030260023195296526,-0.07176796857001388
0,2017-05-12,3000.110677467905,6.614677452702634,0.004918371327221394,0.03856611982690605
0,2017-05-15,2920.329305122283,6.664982560175014,-0.026592809706926346,0.05030510747238015
0,2017-05-16,2849.7536052508867,6.735644013717813,-0.024167034775018692,0.07066145354279918
0,2017-05-17,2773.8487976365564,6.788678768716916,-0.02663556858897209,0.053034754999102596
0,2017-05-18,2794.8139273612915,6.645765764634156,0.0075581371784210205,-0.14291300408275998
0,2017-05-19,2823.2980757093783,6.536058035444017,0.010191787034273148,-0.10970772919013871
0,2017-05-22,2783.4616241957333,6.614881885294941,-0.014109899289906025,0.07882384985092372
0,2017-05-23,2707.6966761474127,6.575905174490093,-0.027219684794545174,-0.03897671080484777
0,2017-05-24,2747.7020587080947,6.528606138367605,0.014774691313505173,-0.04729903612248787
0,2017-05-25,2742.9611611472833,6.414741816999119,-0.0017254045233130455,-0.11386432136848601
0,2017-05-26,2744.3050767393584,6.446188351443141,0.0004899506457149982,0.031446534444021346
0,2017-05-30,2738.513094666708,6.523785311655095,-0.002110545989125967,0.07759696021195417
0,2017-05-31,2704.990868312158,6.571871125731177,-0.012241031974554062,0.04808581407608248
0,2017-06-01,2708.1739718174313,6.537211427207244,0.0011767520336434245,-0.03465969852393336
0,2017-06-02,2719.065169005715,6.637905979525582,0.004021601751446724,0.10069455231833846
0,2017-06-05,2665.6902844061538,6.658845582448957,-0.019629865884780884,0.0209396029233746
0,2017-06-06,2681.2634078323736,6.621241948913134,0.005842060316354036,-0.037603633535822745
0,2017-06-07,2691.6101805829494,6.605664989106721,0.0038589169271290302,-0.01557695980641327
0,2017-06-08,2696.058970432896,6.591333695039571,0.0016528358682990074,-0.014331294067149614
0,2017-06-09,2741.864435863489,6.536808257921191,0.01698978617787361,-0.05452543711838054
0,2017-06-12,2770.1318983562865,6.540974429974504,0.010309576988220215,0.004166172053313488
0,2017-06-13,2754.6537088269642,6.594704005902153,-0.005587527994066477,0.053729575927648376
0,2017-06-14,2764.9811464837803,6.637948130917605,0.0037490874528884888,0.04324412501545272
0,2017-06-15,2797.744703686543,6.6393781275747505,0.01184946857392788,0.0014299966571451606
0,2017-06-16,2776.4607772813515,6.833313474829278,-0.007607529871165752,0.1939353472545271
0,2017-06-19,2724.826777700299,6.833248846138214,-0.018597057089209557,-6.462869106371727e-05
0,2017-06-20,2730.0559739030637,6.684367006947338,0.0019190930761396885,-0.14888183919087616
0,2017-06-21,2746.7004923297204,6.633275563731906,0.006096768192946911,-0.05109144321543191
0,2017-06-22,2771.8182651498582,6.571849960521986,0.009144707582890987,-0.06142560320992008
0,2017-06-23,2817.263167310911,6.519076438763057,0.016395339742302895,-0.05277352175892869
0,2017-06-26,2795.3368124468334,6.595984330574158,-0.007782856468111277,0.0769078918111008
0,2017-06-27,2790.0665568851005,6.653848855968088,-0.0018853740766644478,0.0578645253939305
0,2017-06-28,2808.940381581284,6.635904557801887,0.006764650344848633,-0.017944298166201023
0,2017-06-29,2811.9844877870805,6.646495972440398,0.001083720475435257,0.010591414638510877
0,2017-06-30,2858.21368145638,6.574514850447206,0.01644005998969078,-0.07198112199319251
0,2017-07-03,2865.508038063543,6.606931276095007,0.0025520683266222477,0.032416425647801006
0,2017-07-05,2825.7901236252956,6.674684308814429,-0.013860688544809818,0.06775303271942246
0,2017-07-06,2841.3927896353803,6.66516807519637,0.005521523300558329,-0.009516233618059644
0,2017-07-07,2852.503134177335,6.636019430262129,0.003910175524652004,-0.02914864493424041
0,2017-07-10,2846.807602403915,6.58500074312031,-0.0019966785330325365,-0.05101868714181901
0,2017-07-11,2851.8648590712546,6.5602274096339706,0.0017764659132808447,-0.024773333486339588
0,2017-07-12,2879.2822418937317,6.633438098787895,0.009613843634724617,0.07321068915392459
0,2017-07-13,2853.648339243903,6.6450140287419615,-0.008902879431843758,0.01157592995406631
0,2017-07-14,2897.9975639639647,6.592610783333697,0.015541236847639084,-0.052403245408264354
0,2017-07-17,2932.5906204015328,6.5565291031268496,0.011936882510781288,-0.036081680206847544
0,2017-07-18,2882.1064265605837,6.515322604637686,-0.017214879393577576,-0.04120649848916358
0,2017-07-19,2939.9449170007924,6.519470174118496,0.020068131387233734,0.004147569480809743
0,2017-07-20,2923.1161841054477,6.501857306785341,-0.005724166054278612,-0.01761286733315437
0,2017-07-21,2940.5679290534827,6.464387856611937,0.005970253609120846,-0.037469450173404084
0,2017-07-24,2912.430838200617,6.427075554116351,-0.009568590670824051,-0.037312302495585925
0,2017-07-25,2922.728705845126,6.4034368512416115,0.0035358325112611055,-0.023638702874739792
0,2017-07-26,2938.8290051331187,6.394560560769282,0.005508653353899717,-0.008876290472329629
0,2017-07-27,2954.653420439939,6.33755688938453,0.005384598858654499,-0.05700367138475215
0,2017-07-28,2921.535060010154,6.32624318104002,-0.011208881624042988,-0.011313708344509621
0,2017-07-31,2908.4393314157373,6.317686268586672,-0.004482482094317675,-0.008556912453347998
0,2017-08-01,2923.2003456269663,6.34128170870001,0.0050752353854477406,0.02359544011333803
0,2017-08-02,2977.5035988436866,6.280588656480125,0.018576644361019135,-0.06069305221988497
0,2017-08-03,2952.290253007686,6.267397787400387,-0.00846794806420803,-0.013190869079737766
0,2017-08-04,2947.8544646468854,6.241028311794728,-0.0015024906024336815,-0.02636947560565961
0,2017-08-07,2966.2708736867285,6.304811654911893,0.006247394252568483,0.06378334311716483
0,2017-08-08,2932.017843403653,6.318231852887611,-0.011547505855560303,0.013420197975718473
0,2017-08-09,2928.35056975676,6.243516512978066,-0.0012507678475230932,-0.07471533990954526
0,2017-08-10,2947.1052427661048,6.2446575957856485,0.006404517684131861,0.0011410828075826274
0,2017-08-11,2976.7562429263608,6.360479416207643,0.010061059147119522,0.11582182042199474
0,2017-08-14,2940.9501517267877,6.396051022308376,-0.012028560042381287,0.03557160610073318
0,2017-08-15,2940.533702653344,6.263960121681752,-0.00014160358114168048,-0.13209090062662465
0,2017-08-16,2958.7190901638187,6.245102990756313,0.006184383295476437,-0.01885713092543906
0,2017-08-17,2914.3904337662866,6.252077827636857,-0.014982380904257298,0.006974836880544011
0,2017-08-18,2896.1366077588154,6.359995547926512,-0.006263342685997486,0.10791772028965507
0,2017-08-21,2867.522031535811,6.341938815096306,-0.00988025777041912,-0.018056732830205924
0,2017-08-22,2802.253597869345,6.339738078513605,-0.0227612666785717,-0.002200736582700813
0,2017-08-23,2850.6614743874616,6.320760443721328,0.01727462373673916,-0.018977634792276987
0,2017-08-24,2826.768196204508,6.291523751864058,-0.008381661027669907,-0.02923669185727018
0,2017-08-25,2791.7883536899662,6.272503344216159,-0.012374499812722206,-0.019020407647898807
0,2017-08-28,2806.2615471269064,6.318130472896993,0.0051842015236616135,0.04562712868083363
0,2017-08-29,2850.598789087069,6.285692028325906,0.015799397602677345,-0.03243844457108658
0,2017-08-30,2894.9132118703415,6.335124531118189,0.015545654110610485,0.04943250279228284
0,2017-08-31,2849.3089564133074,6.343912339145895,-0.015753237530589104,0.008787808027705957
0,2017-09-01,2839.8810340975024,6.312317818141012,-0.003308845218271017,-0.031594521004882914
0,2017-09-05,2840.4253353290565,6.255186179017412,0.00019166339188814163,-0.05713163912360031
0,2017-09-06,2867.802291960017,6.22453004116104,0.009638329967856407,-0.030656137856372112
0,2017-09-07,2877.4832789861716,6.17947895128339,0.0033757511992007494,-0.045051089877649275
0,2017-09-08,2969.947641237533,6.137446076604353,0.032133761793375015,-0.04203287467903749
0,2017-09-11,2985.8122445707895,6.079928196415083,0.005341711454093456,-0.05751788018926973
0,2017-09-12,3036.3993383445695,6.052912526381048,0.01694248989224434,-0.027015670034034933
0,2017-09-13,3027.7175653154263,6.040693090982987,-0.002859232947230339,-0.012219435398061584
0,2017-09-14,3055.8212581830558,5.935817991675133,0.00928213819861412,-0.10487509930785333
0,2017-09-15,3005.704565542175,5.919858993480381,-0.016400400549173355,-0.015958998194752105
0,2017-09-18,3047.735986410047,5.962090135064685,0.01398388296365738,0.04223114158430352
0,2017-09-19,3018.5825340828164,5.977396809547173,-0.009565609507262707,0.015306674482488347
0,2017-09-20,3038.321529410741,5.952618621821001,0.006539160385727882,-0.024778187726171907
0,2017-09-21,3084.5424158878213,5.908092139909076,0.015212638303637505,-0.044526481911924876
0,2017-09-22,3175.4036987839977,5.94221347547893,0.0294569730758667,0.03412133556985353
0,2017-09-25,3145.8131676512066,5.895748589525372,-0.009318667463958263,-0.04646488595355791
0,2017-09-26,3213.386452163446,5.842779127916746,0.021480387076735497,-0.052969461608626034
0,2017-09-27,3131.4276696845614,5.876479421300677,-0.025505423545837402,0.03370029338393099
0,2017-09-28,3210.9782677753665,5.859459236016926,0.025403939187526703,-0.0170201852837506
0,2017-09-29,3266.3411341000838,5.857961216457836,0.017241744324564934,-0.0014980195590901246
0,2017-10-02,3265.978300536446,5.8999398743478295,-0.00011108256876468658,0.04197865788999344
0,2017-10-03,3336.1317566119365,5.914102097943974,0.021480074152350426,0.014162223596144052
0,2017-10-04,3302.3672549067805,5.909550907002613,-0.010120853781700134,-0.004551190941360694
0,2017-10-05,3326.1203754188527,5.9505264779789675,0.007192755583673716,0.040975570976354625
0,2017-10-06,3319.2603482101445,5.9639104397706175,-0.002062471117824316,0.013383961791650023
0,2017-10-11,3336.1662048436083,5.990591685708718,0.0050932602025568485,0.026681245938100062
0,2017-10-12,3355.6810692902313,5.967216655853251,0.005849488079547882,-0.023375029855466245
0,2017-10-13,3373.0113633826186,5.925952212753775,0.005164464004337788,-0.04126444309947619
0,2017-10-16,3394.0906255553496,6.004673259902854,0.006249389611184597,0.07872104714907913
0,2017-10-17,3387.84467562214,6.027817030125871,-0.0018402425339445472,0.023143770223017057
0,2017-10-18,3403.045002124242,5.993132000225599,0.0044867247343063354,-0.03468502990027211
0,2017-10-19,3445.4024164939183,5.9006381632789475,0.012446915730834007,-0.0924938369466517
0,2017-10-20,3412.344280239854,5.918448736861689,-0.009594854898750782,0.017810573582741185
0,2017-10-23,3403.601418977516,6.050178540084124,-0.0025621275417506695,0.13172980322243522
0,2017-10-24,3361.9478640967736,5.998211427437132,-0.012238082475960255,-0.05196711264699161
0,2017-10-25,3364.9770847691543,5.889394141845905,0.0009010314242914319,-0.10881728559122728
0,2017-10-26,3448.44833125203,5.879631642561693,0.024805888533592224,-0.009762499284212467
0,2017-10-27,3423.18667075392,5.847401030963108,-0.007325515151023865,-0.032230611598584424
0,2017-10-30,3419.734891127717,5.8845024396428185,-0.001008352730423212,0.037101408679710346
0,2017-10-31,3427.6193629419945,5.810761895622411,0.002305579837411642,-0.0737405440204073
0,2017-11-01,3420.889402536536,5.81236417742938,-0.001963450340554118,0.0016022818069689748
0,2017-11-02,3448.0769237832333,5.748924792800966,0.007947500795125961,-0.06343938462841425
0,2017-11-03,3454.2062222197624,5.7444381155786255,0.001777599100023508,-0.004486677222340418
0,2017-11-06,3496.3764579698777,5.716674420145459,0.012208372354507446,-0.02776369543316637
0,2017-11-07,3471.108048148169,5.6965857871172645,-0.007227027788758278,-0.020088633028194636
0,2017-11-08,3475.7011894690036,5.735451139957414,0.001323249307461083,0.03886535284014947
0,2017-11-09,3477.588367967057,5.589105102541792,0.0005429633893072605,-0.14634603741562202
0,2017-11-10,3432.9256916365284,5.544673015591757,-0.012843002565205097,-0.0444320869500352
0,2017-11-13,3434.5681956330955,5.596941558063069,0.00047845602966845036,0.052268542471312074
0,2017-11-14,3353.3715767927,5.573580930137776,-0.02364099770784378,-0.023360627925292476
0,2017-11-15,3274.860966046686,5.509458285333409,-0.023412439972162247,-0.06412264480436747
0,2017-11-16,3342.7710740872913,5.5097483081999865,0.02073679119348526,0.00029002286657764387
0,2017-11-17,3338.019645673654,5.541202574422139,-0.0014214040711522102,0.03145426622215286
0,2017-11-20,3250.5832710093023,5.587362651256231,-0.02619408629834652,0.04616007683409151
0,2017-11-21,3259.7572633620653,5.604974305195532,0.002822260372340679,0.01761165393930142
0,2017-11-22,3229.494336001593,5.685981034867335,-0.009283797815442085,0.08100672967180245
0,2017-11-24,3143.2991360312676,5.74557061351176,-0.02668999880552292,0.0595895786444256
0,2017-11-27,3123.6753298490266,5.698096273129262,-0.00624306034296751,-0.047474340382498426
0,2017-11-28,3123.9256854238283,5.836428355768411,8.014775812625885e-05,0.13833208263914898
0,2017-11-29,3143.3474938615404,5.807812638393662,0.0062171160243451595,-0.028615717374749217
0,2017-11-30,3149.707512037265,5.807270191238167,0.002023326465860009,-0.0005424471554951182
0,2017-12-01,3150.7908818022006,5.793766241363005,0.00034395884722471237,-0.01350394987516168
0,2017-12-04,3152.7734574174688,5.769884815003162,0.0006292311009019613,-0.023881426359842806
0,2017-12-05,3174.20730063056,5.809494406595699,0.006798408925533295,0.039609591592537186
0,2017-12-06,3191.124844311718,5.7889131850528175,0.005329690873622894,-0.020581221542881778
0,2017-12-07,3195.880943767989,5.84296705397566,0.0014904147246852517,0.054053868922842696
0,2017-12-08,3223.8574089612953,5.8351661746677586,0.008753913454711437,-0.007800879307901631
0,2017-12-11,3223.4287452529334,5.853058275573359,-0.00013296608813107014,0.017892100905600117
0,2017-12-12,3184.2686045714386,5.8585464528535525,-0.012148598209023476,0.005488177280193796
0,2017-12-13,3180.7629746827574,5.79327147017364,-0.0011009215377271175,-0.06527498267991216
0,2017-12-14,3203.753703044033,5.770166710597047,0.0072280545718967915,-0.023104759576593636
0,2017-12-15,3177.337641842962,5.7205073297507605,-0.008245347067713737,-0.04965938084628618
0,2017-12-18,3207.132593071078,5.667910043154386,0.009377332404255867,-0.05259728659637464
0,2017-12-19,3191.0058725933945,5.676867174518419,-0.0050283921882510185,0.008957131364033089
0,2017-12-20,3203.3393290202685,5.684292788106777,0.003865068545565009,0.00742561358835836
0,2017-12-21,3170.0194088922817,5.672198699969796,-0.010401620529592037,-0.01209408813698154
0,2017-12-22,3200.8777154666477,5.6138809285567675,0.009734421968460083,-0.058317771413028296
0,2017-12-26,3194.1041132835994,5.600516808108409,-0.00211617024615407,-0.013364120448358108
0,2017-12-27,3149.388001875143,5.563804835193582,-0.013999578543007374,-0.03671197291482731
0,2017-12-28,3117.3573102374544,5.57791308561064,-0.010170449502766132,0.014108250417057988
0,2017-12-29,3158.608264344307,5.58600857454351,0.013232667930424213,0.008095488932870154
0,2018-01-02,3140.4847748927073,5.558865945218863,-0.005737808533012867,-0.02714262932464706
0,2018-01-03,3151.6946462633955,5.561351724160236,0.003569471649825573,0.002485778941372807
0,2018-01-04,3110.548725269514,5.59603409209864,-0.013055173680186272,0.03468236793840429
0,2018-01-05,3118.5815297463178,5.561457314521208,0.002582439687103033,-0.03457677757743216
0,2018-01-08,3141.3400596570204,5.550324542137101,0.007297718431800604,-0.011132772384106815
0,2018-01-09,3136.4257756737143,5.556310047567414,-0.0015643909573554993,0.005985505430312621
0,2018-01-10,3093.164327551838,5.531749656400862,-0.013793231919407845,-0.02456039116655173
0,2018-01-11,3142.0319370904695,5.744461060711312,0.015798581764101982,0.21271140431044966
0,2018-01-12,3191.0929849286385,5.614223695813227,0.015614433214068413,-0.13023736489808435
0,2018-01-16,3208.050586630983,5.597844650812409,0.00531404186040163,-0.01637904500081877
0,2018-01-17,3235.7317102470156,5.520620505410802,0.008628643117845058,-0.07722414540160649
0,2018-01-18,3237.989466584755,5.562897409433055,0.0006977575831115246,0.042276904022252815
0,2018-01-19,3282.1829237113825,5.592861131230537,0.013648425228893757,0.029963721797481746
0,2018-01-22,3264.7503204171376,5.522815321957259,-0.005311283282935619,-0.07004580927327808
0,2018-01-23,3242.2394925964068,5.476664065235778,-0.006895114667713642,-0.04615125672148057
0,2018-01-24,3243.0686916582686,5.472428649835755,0.000255748862400651,-0.004235415400023257
0,2018-01-25,3213.6426699491913,5.419073806458565,-0.009073511697351933,-0.05335484337718999
0,2018-01-26,3128.3472421424744,5.537395220161307,-0.026541665196418762,0.11832141370274218
0,2018-01-29,3158.8808079946843,5.574739008785615,0.009760286659002304,0.03734378862430798
0,2018-01-30,3154.035492169982,5.6135983566269765,-0.0015338710509240627,0.03885934784136147
0,2018-01-31,3160.379476405326,5.629218425989707,0.0020113864447921515,0.01562006936273086
0,2018-02-01,3178.586086593162,5.686082854386958,0.005760893691331148,0.05686442839725103
0,2018-02-02,3187.4309897158514,5.574870135309811,0.0027826533187180758,-0.11121271907714725
0,2018-02-05,3239.2589677218634,5.336287624962169,0.016260109841823578,-0.23858251034764244
0,2018-02-06,3275.9751669355373,5.272086325412779,0.011334752663969994,-0.06420129954938947
0,2018-02-07,3299.3166257811954,5.254910665919831,0.007125041447579861,-0.017175659492948192
0,2018-02-08,3360.955605861448,5.274032615136826,0.018682347610592842,0.01912194921699495
0,2018-02-09,3355.218594460838,5.2761648433047315,-0.0017069583991542459,0.002132228167905481
0,2018-02-12,3307.409588648373,5.228490156030628,-0.014249147847294807,-0.04767468727410318
0,2018-02-13,3303.0233880128344,5.320666154176124,-0.001326174009591341,0.09217599814549615
0,2018-02-14,3375.5226317783236,5.305581272979715,0.02194935828447342,-0.01508488119640905
0,2018-02-15,3384.308983682575,5.308861243180204,0.0026029604487121105,0.0032799702004888687
0,2018-02-16,3384.2648950396956,5.324026205493119,-1.302736927755177e-05,0.015164962312915087
0,2018-02-20,3455.3151612988377,5.29058669145671,0.02099429816007614,-0.033439514036409435
0,2018-02-21,3500.873594839682,5.266340978587096,0.013185029849410057,-0.024245712869613634
0,2018-02-22,3515.743841056883,5.239081387913469,0.004247581586241722,-0.027259590673627265
0,2018-02-23,3535.3207929132586,5.242188054325068,0.005568366963416338,0.0031066664115986242
0,2018-02-26,3468.5739944136985,5.2318338043066825,-0.018879983574151993,-0.01035425001838508
0,2018-02-27,3496.0386033980285,5.278218752201738,0.007918126881122589,0.04638494789505554
0,2018-02-28,3544.1751415992685,5.398857832033536,0.013768880628049374,0.12063907983179778
0,2018-03-01,3602.7451059733903,5.447110947645703,0.016525696963071823,0.04825311561216683
0,2018-03-02,3604.3065870168,5.491263126769428,0.0004334142431616783,0.044152179123725155
0,2018-03-05,3588.2823741595366,5.429965494155361,-0.004445851780474186,-0.06129763261406662
0,2018-03-06,3614.9056353577002,5.350731723826553,0.007419500034302473,-0.07923377032880818
0,2018-03-07,3640.4610362713574,5.247575952958722,0.007069451734423637,-0.10315577086783101
0,2018-03-08,3671.304525042631,5.319863505189616,0.008472412824630737,0.07228755223089411
0,2018-03-09,3698.7321362290986,5.256253836085755,0.007470807991921902,-0.06360966910386079
0,2018-03-12,3687.6770911234807,5.312914530522956,-0.002988874213770032,0.05666069443720101
0,2018-03-13,3689.7389227166154,5.32880020792218,0.0005591139197349548,0.015885677399223752
0,2018-03-14,3706.723369602515,5.386932040117035,0.004603156819939613,0.05813183219485474
0,2018-03-15,3646.546146658964,5.404572019398579,-0.016234613955020905,0.017639979281543816
0,2018-03-16,3743.2911330967813,5.375542943628267,0.02653058059513569,-0.02902907577031133
0,2018-03-19,3735.407756850434,5.408075200023871,-0.002106001367792487,0.03253225639560409
0,2018-03-20,3778.78336717516,5.362199687265219,0.011612014845013618,-0.04587551275865209
0,2018-03-21,3861.6890028153407,5.378419696502358,0.021939769387245178,0.016220009237138733
0,2018-03-22,3871.7509857065343,5.384378041931129,0.0026055912021547556,0.005958345428770606
0,2018-03-23,3818.572510988026,5.329550964653826,-0.013734993524849415,-0.054827077277302294
0,2018-03-26,3866.455630432426,5.270157866177358,0.012539533898234367,-0.059393098476468786
0,2018-03-27,3843.7462341176406,5.300077683373603,-0.00587344029918313,0.02991981719624537
0,2018-03-28,3852.7405524505693,5.339896133157646,0.002339987549930811,0.03981844978404325
0,2018-03-29,3899.9269457587234,5.343361251591926,0.012247487902641296,0.003465118434279546
0,2018-04-02,3979.7790183654834,5.306994320911408,0.020475273951888084,-0.03636693068051766
0,2018-04-03,3923.399391984241,5.242416620260887,-0.014166521839797497,-0.06457770065052149
0,2018-04-04,3944.9973283991803,5.200638440243262,0.005504903849214315,-0.04177818001762468
0,2018-04-05,3969.410857004706,5.267530375440504,0.0061884778551757336,0.06689193519724235
0,2018-04-06,3970.584610566465,5.287941848307842,0.00029569969046860933,0.020411472867337466
0,2018-04-09,3933.8682620654217,5.252999036437723,-0.009247088804841042,-0.03494281187011872
0,2018-04-10,3913.854234773268,5.187907684712033,-0.005087620113044977,-0.06509135172569014
0,2018-04-11,3963.7773338064367,5.223547876326889,0.012755482457578182,0.03564019161485632
0,2018-04-12,3971.4657618950496,5.238144338498899,0.0019396720454096794,0.01459646217201005
0,2018-04-13,3965.3582205779417,5.223110315670234,-0.001537855714559555,-0.015034022828665172
0,2018-04-16,3933.894954683621,5.24001493965942,-0.007934533059597015,0.016904623989185907
0,2018-04-17,3955.585546825753,5.276152624474515,0.005513770040124655,0.03613768481509538
0,2018-04-18,3908.728014375289,5.300951962172681,-0.011845915578305721,0.024799337698165225
0,2018-04-19,4008.3322705395603,5.308516838216498,0.025482524186372757,0.007564876043817392
0,2018-04-20,4025.808780842156,5.23595947567287,0.0043600453063845634,-0.07255736254362777
0,2018-04-23,4035.591813438921,5.2543946614304335,0.0024300788063555956,0.01843518575756331
0,2018-04-24,4008.3536858712982,5.218818383390168,-0.006749475374817848,-0.03557627804026531
0,2018-04-25,4085.861228939471,5.228792304293206,0.019336502999067307,0.009973920903037836
0,2018-04-26,4093.343972351532,5.192999450005493,0.001831374829635024,-0.03579285428771328
0,2018-04-27,4114.682074588186,5.110667966412437,0.005212877877056599,-0.0823314835930562
0,2018-04-30,4215.163471760414,5.1934711673932386,0.024420209228992462,0.08280320098080196
0,2018-05-01,4263.379883773946,5.263677000780981,0.011438800022006035,0.07020583338774244
0,2018-05-02,4266.296031018038,5.223328825294881,0.0006839989218860865,-0.040348175486100146
0,2018-05-03,4218.58174664427,5.128519301795276,-0.011184006929397583,-0.09480952349960514
0,2018-05-04,4195.183390949585,5.077654774903233,-0.005546498112380505,-0.05086452689204268
0,2018-05-07,4138.077490769474,5.18138830471454,-0.013612253591418266,0.1037335298113069
0,2018-05-08,4203.745332296421,5.188592467529496,0.01586916670203209,0.00720416281495595
0,2018-05-09,4187.580684800313,5.262377704821287,-0.0038452965673059225,0.07378523729179154
0,2018-05-10,4286.986475762496,5.320354318978653,0.023738238960504532,0.05797661415736588
0,2018-05-11,4247.958643488238,5.263301468015904,-0.009103791788220406,-0.0570528509627497
0,2018-05-14,4261.503485895731,5.268749114928672,0.0031885532662272453,0.0054476469127680005
0,2018-05-15,4196.406513280464,5.277254109474931,-0.015275588259100914,0.00850499454625897
0,2018-05-16,4246.597367288485,5.258552065435525,0.011960436590015888,-0.01870204403940523
0,2018-05-17,4202.318432706131,5.268494704663028,-0.010426920838654041,0.009942639227502603
0,2018-05-18,4226.307548675176,5.192092894968289,0.0057085431180894375,-0.07640180969473853
0,2018-05-21,4277.581092928125,5.091972199583923,0.012131995521485806,-0.10012069538436652
0,2018-05-22,4300.3027807622075,5.144669384681431,0.005311807617545128,0.0526971850975082
0,2018-05-23,4312.109151198089,5.0321718874932095,0.002745474223047495,-0.11249749718822155
0,2018-05-24,4309.28610027108,4.903106147381969,-0.0006546798394992948,-0.1290657401112405
0,2018-05-25,4292.432884764768,4.860252599493387,-0.003910906612873077,-0.042853547888581645
0,2018-05-29,4266.61896225997,4.883702016215084,-0.006013820879161358,0.023449416721696537
0,2018-05-30,4260.310022710804,4.854858095326356,-0.0014786742394790053,-0.028843920888728114
0,2018-05-31,4256.31592883751,4.976867368371341,-0.0009375124936923385,0.1220092730449851
0,2018-06-01,4310.988482432699,5.185985017121242,0.01284504123032093,0.2091176487499009
0,2018-06-04,4398.319997809035,5.319844490774326,0.02025788649916649,0.13385947365308404
0,2018-06-05,4372.210838986481,5.284526485683113,-0.005936166271567345,-0.03531800509121297
0,2018-06-06,4345.97373795832,5.354052584189843,-0.006000877358019352,0.06952609850673053
0,2018-06-07,4345.733344585864,5.330012041917217,-5.5314041674137115e-05,-0.024040542272626197
0,2018-06-08,4345.751554308456,5.292007944301028,4.190253093838692e-06,-0.03800409761618884
0,2018-06-11,4385.539514633375,5.2990167229676794,0.009155599400401115,0.007008778666651061
0,2018-06-12,4375.296949372405,5.3721382377419244,-0.0023355314042419195,0.073121514774245
0,2018-06-13,4345.836109734099,5.471092935012039,-0.006733449175953865,0.09895469727011452
0,2018-06-14,4263.998181682204,5.426596854662739,-0.018831342458724976,-0.04449608034930019
0,2018-06-15,4250.889084121715,5.427606809143976,-0.00307436753064394,0.0010099544812369743
0,2018-06-18,4244.229228330417,5.438710673386277,-0.0015666971448808908,0.011103864242301142
0,2018-06-19,4336.832892459509,5.36592133328444,0.021818723529577255,-0.07278934010183669
0,2018-06-20,4264.749742097718,5.380569564263894,-0.016621150076389313,0.014648230979453558
0,2018-06-21,4234.9478729328985,5.324769833759509,-0.0069879526272416115,-0.05579973050438447
0,2018-06-22,4210.436504132929,5.305031110499879,-0.005787879694253206,-0.01973872325963022
0,2018-06-25,4202.151718558482,5.266915735234488,-0.0019676785450428724,-0.03811537526539066
0,2018-06-26,4245.995595180896,5.258937628165765,0.010433672927320004,-0.007978107068723261
0,2018-06-27,4216.19449574511,5.293620083223671,-0.00701863644644618,0.034682455057906125
0,2018-06-28,4181.7768107296015,5.219030057591138,-0.008163210935890675,-0.07459002563253314
0,2018-06-29,4211.138162641471,5.228707660904481,0.007021262310445309,0.00967760331334322
0,2018-07-02,4164.541908214239,5.178406779459114,-0.011065002530813217,-0.050300881445367374
0,2018-07-03,4185.690497357255,5.214377083160207,0.0050782510079443455,0.03597030370109344
0,2018-07-05,4153.5093734688235,5.159710395042971,-0.007688366807997227,-0.054666688117236184
0,2018-07-06,4192.4319615157365,5.208684607129221,0.009371012449264526,0.04897421208625019
0,2018-07-09,4334.678975483437,5.201184977237378,0.03392947465181351,-0.007499629891843718
0,2018-07-10,4428.986345972627,5.47988561674791,0.021756483241915703,0.27870063951053226
0,2018-07-11,4477.593689391343,5.452346083055262,0.010974823497235775,-0.027539533692648277
0,2018-07-12,4438.02816513763,5.327556445965099,-0.008836336433887482,-0.12478963709016266
0,2018-07-13,4458.803856372078,5.363057648050734,0.004681288730353117,0.03550120208563534
0,2018-07-16,4486.919443841123,5.418446049890988,0.006305634509772062,0.05538840184025329
0,2018-07-17,4426.232559474618,5.2610834201334375,-0.013525289483368397,-0.1573626297575501
0,2018-07-18,4398.670670422057,5.294396061332367,-0.0062269410118460655,0.03331264119892907
0,2018-07-19,4349.845836647899,5.38034889942318,-0.011099906638264656,0.08595283809081344
0,2018-07-20,4349.280506325457,5.39127926172756,-0.00012996559962630272,0.010930362304379493
0,2018-07-23,4305.995221708689,5.367859598206257,-0.009952286258339882,-0.023419663521302425
0,2018-07-24,4338.467898284217,5.266962568144184,0.007541270926594734,-0.10089703006207351
0,2018-07-25,4263.129137635788,5.2746853829104445,-0.017365291714668274,0.00772281476626091
0,2018-07-26,4236.287521811349,5.2984869949410704,-0.00629622396081686,0.023801612030625918
0,2018-07-27,4224.071309097097,5.43935214511588,-0.002883707173168659,0.14086515017480927
0,2018-07-30,4163.091667478439,5.477267383623735,-0.014436224475502968,0.037915238507855165
0,2018-07-31,4108.424005060531,5.461829709862873,-0.013131505809724331,-0.015437673760861692
0,2018-08-01,4100.340394965193,5.490096071090177,-0.0019675695803016424,0.028266361227303527
0,2018-08-02,4079.7798657654866,5.380558214398576,-0.0050143469125032425,-0.10953785669160077
0,2018-08-03,3996.0718344140823,5.36671706847692,-0.020517781376838684,-0.013841145921656306
0,2018-08-06,3965.9684936128233,5.428070896693715,-0.007533233147114515,0.06135382821679514
0,2018-08-07,4003.743450131127,5.464083871574732,0.009524774737656116,0.03601297488101718
0,2018-08-08,3938.0487145059333,5.329531317310199,-0.016408327966928482,-0.13455255426453316
0,2018-08-09,3903.2980224427743,5.34918274484305,-0.008824342861771584,0.01965142753285143
0,2018-08-10,3919.74148898319,5.443116316205048,0.004212711006402969,0.09393357136199754
0,2018-08-13,3908.8251348065355,5.410722151041725,-0.002784967888146639,-0.03239416516332305
0,2018-08-14,3932.7657907781286,5.3437608999707,0.0061247702687978745,-0.06696125107102446
0,2018-08-15,3952.6368698446463,5.270854871441393,0.005052698310464621,-0.0729060285293075
0,2018-08-16,3919.8596067923827,5.229457134656708,-0.008292505517601967,-0.041397736784684724
0,2018-08-17,3800.8741268574463,5.1719113289356216,-0.03035452589392662,-0.057545805721086474
0,2018-08-20,3879.532222048976,5.132746120315625,0.020694738253951073,-0.039165208619996505
0,2018-08-21,3843.1009565936242,5.059670352790028,-0.009390633553266525,-0.07307576752559708
0,2018-08-22,3840.2507807158045,5.09519649700098,-0.0007416344014927745,0.03552614421095246
0,2018-08-23,3829.7185404927072,5.11219698772805,-0.00274259177967906,0.017000490727069995
0,2018-08-24,3903.0490764394303,5.150329492748328,0.019147761166095734,0.03813250502027721
0,2018-08-27,3926.136680819528,5.218143588589409,0.005915273912250996,0.06781409584108111
0,2018-08-28,3977.7202131403938,5.267033432689751,0.013138496316969395,0.04888984410034247
0,2018-08-29,3973.0174845007055,5.2411048237264595,-0.0011822673259302974,-0.025928608963291744
0,2018-08-30,4025.1489104294637,5.302145207292008,0.013121368363499641,0.06104038356554842
0,2018-08-31,4063.707750181148,5.239205878773945,0.009579481557011604,-0.06293932851806261
0,2018-09-04,4035.188914571274,5.240292166293407,-0.007017934694886208,0.001086287519461493
0,2018-09-05,4082.7672413810246,5.241881092197813,0.01179085485637188,0.001588925904406402
0,2018-09-06,4092.822222122875,5.169071650559757,0.002462785691022873,-0.07280944163805625
0,2018-09-07,4131.647248525838,5.116893226027155,0.009486125782132149,-0.052178424532601575
0,2018-09-10,4135.391580672348,5.251595561607371,0.0009062564931809902,0.13470233558021594
0,2018-09-11,4169.605488797428,5.2915256921592135,0.008273438550531864,0.03993013055184225
0,2018-09-12,4182.500168165393,5.233182300329728,0.0030925418250262737,-0.058343391829485114
0,2018-09-13,4154.272581923361,5.272483808775516,-0.006748974323272705,0.039301508445787725
0,2018-09-14,4142.604552590556,5.20321590315923,-0.0028086816892027855,-0.06926790561628593
0,2018-09-17,4140.300468549039,5.180375774316717,-0.0005561921279877424,-0.022840128842513074
0,2018-09-18,4069.025278886623,5.133821514800598,-0.017214979976415634,-0.046554259516119245
0,2018-09-19,4145.13722733515,5.130404471720179,0.018705204129219055,-0.0034170430804190133
0,2018-09-20,4144.488278722081,5.117978301372054,-0.00015655660536140203,-0.012426170348124543
0,2018-09-21,4137.498064017694,4.990319489439385,-0.0016866291407495737,-0.12765881193266893
0,2018-09-24,4221.358727125348,4.816583585470804,0.020268447697162628,-0.17373590396858152
0,2018-09-25,4155.124481230811,4.751155077624502,-0.015690267086029053,-0.06542850784630172
0,2018-09-26,4243.352916638993,4.778413253392898,0.02123364433646202,0.027258175768396065
0,2018-09-27,4288.135776563518,4.825313714691226,0.010553649626672268,0.04690046129832748
0,2018-09-28,4330.702889998416,4.856088123923853,0.009926717728376389,0.03077440923262742
0,2018-10-01,4245.122451216499,4.833848321457903,-0.019761327654123306,-0.022239802465950476
0,2018-10-02,4272.021111906124,4.910753976585559,0.00633636862039566,0.07690565512765613
0,2018-10-03,4315.687806247086,4.931093966890699,0.010221553966403008,0.02033999030514
0,2018-10-04,4316.920897573721,4.960353008919803,0.00028572301380336285,0.029259042029104343
0,2018-10-05,4351.214738108127,5.034030619747288,0.007944051176309586,0.07367761082748459
0,2018-10-10,4388.921859911875,5.074185814693778,0.008665883913636208,0.04015519494649045
0,2018-10-11,4421.181067483877,5.120636197389276,0.007350143976509571,0.046450382695497616
0,2018-10-12,4352.851915392395,5.158977119139501,-0.015454954467713833,0.0383409217502253
0,2018-10-15,4421.372913841762,5.184328021829317,0.015741633251309395,0.02535090268981577
0,2018-10-16,4439.971344956216,5.09532802308618,0.004206483252346516,-0.08899999874313647
0,2018-10-17,4384.928943248396,5.109333832370939,-0.01239701732993126,0.014005809284758364
0,2018-10-18,4365.18371616552,5.156576016186443,-0.004502975381910801,0.047242183815503935
0,2018-10-19,4376.0122318940375,5.2308591668949544,0.0024806552100926638,0.07428315070851177
0,2018-10-22,4328.352292869781,5.210091752573479,-0.010891180485486984,-0.02076741432147511
0,2018-10-23,4284.407986212734,5.304907657259832,-0.0101526640355587,0.09481590468635304
0,2018-10-24,4397.426338293688,5.290850937293905,0.026378989219665527,-0.014056719965926945
0,2018-10-25,4384.219792760138,5.313479722982829,-0.003003244288265705,0.02262878568892379
0,2018-10-26,4328.084452057029,5.3236959653537,-0.01280395220965147,0.01021624237087071
0,2018-10-29,4316.378064419883,5.30837593550137,-0.002704750280827284,-0.015320029852329498
0,2018-10-30,4308.734741824827,5.206494557810691,-0.001770772272720933,-0.10188137769067929
0,2018-10-31,4211.307614675465,5.193148943680328,-0.02261153981089592,-0.013345614130362726
0,2018-11-01,4199.091568397486,5.2276575528327545,-0.0029007727280259132,0.03450860915242604
0,2018-11-02,4132.519846746434,5.169171597159499,-0.015853838995099068,-0.05848595567325532
0,2018-11-05,4109.595400168631,5.165934419207426,-0.005547328852117062,-0.0032371779520730115
0,2018-11-06,4038.047134343408,5.203615018740236,-0.017410051077604294,0.03768059953281
0,2018-11-07,4065.034762431217,5.174573184248975,0.006683336570858955,-0.029041834491261298
0,2018-11-08,4035.7370416278845,5.157530535662197,-0.007207249756902456,-0.017042648586778064
0,2018-11-09,3998.3436188952483,5.137660545907444,-0.009265574626624584,-0.019869989754752737
0,2018-11-14,4012.179758213972,5.185968464494035,0.003460467793047428,0.048307918586591114
0,2018-11-15,4010.6195586230933,5.205227870173512,-0.0003888658247888088,0.019259405679476593
0,2018-11-16,4073.1911124200483,5.156754490646466,0.01560146827250719,-0.04847337952704578
0,2018-11-19,4043.6299328064156,5.147952392403026,-0.007257498800754547,-0.008802098243440248
0,2018-11-20,4035.4481412779323,5.246311689889677,-0.0020233779214322567,0.09835929748665162
0,2018-11-21,3997.076049594753,5.2181422489148,-0.00950875598937273,-0.02816944097487717
0,2018-11-23,3908.1004406190536,5.2303168156027295,-0.02226017415523529,0.012174566687929378
0,2018-11-26,3891.8346953603345,5.295555723060769,-0.004162059165537357,0.06523890745803929
0,2018-11-27,3918.786597970906,5.303069427006008,0.00692524341866374,0.007513703945239314
0,2018-11-28,3927.7193571013627,5.3368477132427845,0.0022794706746935844,0.03377828623677637
0,2018-11-29,3907.310475626141,5.304452294375051,-0.005196115002036095,-0.03239541886773356
0,2018-11-30,3934.588994195584,5.3223867765765105,0.006981405429542065,0.017934482201459545
0,2018-12-03,3993.7718597175035,5.3174617150082755,0.01504168938845396,-0.004925061568235023
0,2018-12-04,3920.840756568546,5.319671441140868,-0.01826120913028717,0.0022097261325928486
0,2018-12-06,3948.7061457417185,5.487325366842291,0.007106993347406387,0.16765392570142268
0,2018-12-07,4008.476600096207,5.442750236227977,0.01513671875,-0.04457513061431406
0,2018-12-10,4054.2611095436046,5.487332144588294,0.011421922594308853,0.044581908360316724
0,2018-12-11,4033.632131884185,5.499927865094795,-0.0050882212817668915,0.012595720506501706
0,2018-12-12,4109.627459372444,5.466587673161423,0.018840420991182327,-0.03334019193337223
0,2018-12-13,4075.968338020983,5.395709585955911,-0.008190309628844261,-0.0708780872055117
0,2018-12-14,4068.783392188153,5.432436158541827,-0.0017627580091357231,0.036726572585915385
0,2018-12-17,4072.500726129609,5.398942533366497,0.0009136229637078941,-0.033493625175330166
0,2018-12-18,4033.196966032097,5.280314305507651,-0.009651013650000095,-0.11862822785884575
0,2018-12-19,4028.8374554010466,5.3772222287156755,-0.0010809069499373436,0.09690792320802455
0,2018-12-20,3983.944619214531,5.381662067197162,-0.011142875999212265,0.004439838481486547
0,2018-12-21,4059.852767962492,5.488332365421663,0.019053515046834946,0.10667029822450136
0,2018-12-24,4053.7190810447023,5.496953785616802,-0.0015108151128515601,0.008621420195138896
0,2018-12-26,3994.63725080401,5.370489699452005,-0.01457472238689661,-0.12646408616479743
0,2018-12-27,4027.288676583227,5.265222512233974,0.008173814974725246,-0.10526718721803086
0,2018-12-28,3959.8783833639627,5.193445322515749,-0.01673838123679161,-0.07177718971822511
0,2018-12-31,4038.9107007565694,5.210256493798378,0.019958268851041794,0.016811171282629545
0,2019-01-02,4056.3955839395385,5.277863387902155,0.0043291086331009865,0.0676068941037764
0,2019-01-03,4074.6092504653952,5.298641273697908,0.004490111023187637,0.020777885795753015
0,2019-01-04,4104.252204401749,5.268985979444829,0.007275042124092579,-0.02965529425307878
0,2019-01-07,4088.1634897010877,5.22311985343239,-0.003920011222362518,-0.04586612601243889
0,2019-01-08,4169.706377801726,5.213628307038611,0.01994609273970127,-0.009491546393778805
0,2019-01-09,4177.737470613725,5.128440336528183,0.0019260571571066976,-0.08518797051042792
0,2019-01-10,4099.458933433768,5.110600511927639,-0.01873706467449665,-0.017839824600544674
0,2019-01-11,4180.658625780048,5.092695743713821,0.019807416945695877,-0.01790476821381759
0,2019-01-14,4215.415984904396,4.9637389951100035,0.008313847705721855,-0.12895674860381767
0,2019-01-15,4213.803459707442,4.9513106114238425,-0.00038253050297498703,-0.012428383686160949
0,2019-01-16,4244.3361625091175,4.913243524130186,0.007245877292007208,-0.0380670872936566
0,2019-01-17,4237.828291587358,4.91468339288119,-0.001533307135105133,0.001439868751003992
0,2019-01-18,4243.76942970957,4.939770558560426,0.001401929883286357,0.025087165679235746
0,2019-01-22,4256.044236456307,4.906688682630238,0.0028924301732331514,-0.033081875930188076
0,2019-01-23,4163.41309366583,4.869097166742208,-0.021764609962701797,-0.03759151588803
0,2019-01-24,4236.7509474932,4.867466227733147,0.01761483959853649,-0.001630939009060306
0,2019-01-25,4163.33004938872,4.85761607871802,-0.01732952892780304,-0.009850149015127485
0,2019-01-28,4178.829090691012,4.8629609034689905,0.003722751047462225,0.005344824750970645
0,2019-01-29,4246.557040476225,4.9000572427761675,0.01620739884674549,0.03709633930717704
0,2019-01-30,4301.965122793034,4.954909408649869,0.01304776594042778,0.054852165873701786
0,2019-01-31,4403.632709204962,4.949493308332456,0.023632824420928955,-0.005416100317413353
0,2019-02-01,4393.426016679092,4.989836093068473,-0.0023177892435342073,0.04034278473601738
0,2019-02-04,4477.567752109441,5.105291366719614,0.019151736050844193,0.11545527365114072
0,2019-02-05,4538.361508691626,5.048324114431769,0.013577406294643879,-0.05696725228784505
0,2019-02-06,4521.008494323602,5.012815862941105,-0.0038236298132687807,-0.035508251490663945
0,2019-02-07,4442.140983746121,5.002811577083624,-0.01744467206299305,-0.010004285857481143
0,2019-02-08,4427.016862696013,4.968358348429182,-0.0034046918153762817,-0.034453228654442114
0,2019-02-11,4474.700503811848,4.958035901878874,0.010771054774522781,-0.01032244655030734
0,2019-02-12,4432.837120835973,4.948869624929664,-0.009355572052299976,-0.009166276949210683
0,2019-02-13,4401.742749633927,4.948698139452802,-0.007014553062617779,-0.00017148547686218762
0,2019-02-14,4441.593138050441,4.920338608710633,0.009053320623934269,-0.02835953074216846
0,2019-02-15,4492.247309199163,4.966486597417302,0.011404504999518394,0.04614798870666892
0,2019-02-19,4400.537358006092,4.956390054723074,-0.020415160804986954,-0.010096542694228106
0,2019-02-20,4421.611680612357,4.960004540260864,0.004789033904671669,0.003614485537790202
0,2019-02-21,4337.904199915942,4.9696220442557095,-0.018931441009044647,0.0096175039948454
0,2019-02-22,4403.540246469837,4.990770679363701,0.015130819752812386,0.021148635107991254
0,2019-02-25,4316.772245168397,4.97896411041179,-0.019704146310687065,-0.011806568951910457
0,2019-02-26,4217.504196811135,4.987316534667369,-0.022995896637439728,0.008352424255578583
0,2019-02-27,4237.436365721411,4.96549802489942,0.00472605787217617,-0.0218185097679493
0,2019-02-28,4285.1915933720065,4.98128563323818,0.011269839480519295,0.01578760833876025
0,2019-03-01,4380.732310673633,5.031918806706655,0.022295553237199783,0.05063317346847551
0,2019-03-04,4431.524044070462,5.021295400329848,0.011594347655773163,-0.010623406376807587
0,2019-03-05,4382.841700977194,5.02672700472878,-0.010985462926328182,0.005431604398932421
0,2019-03-06,4404.697614202624,5.031357462565725,0.00498669920489192,0.0046304578369449345
0,2019-03-07,4455.387518758145,5.073793850653581,0.011508146300911903,0.04243638808785555
0,2019-03-08,4355.802884711781,5.039716664893359,-0.02235150896012783,-0.03407718576022134
0,2019-03-11,4381.910295468769,5.041000297027561,0.005993708036839962,0.0012836321342017953
0,2019-03-12,4384.631355972426,5.015008824397758,0.0006209758576005697,-0.02599147262980317
0,2019-03-13,4374.5726920840125,5.0166048963975305,-0.0022940728813409805,0.0015960719997725192
0,2019-03-14,4456.625120446697,5.0711248249131184,0.018756672739982605,0.054519928515587956
0,2019-03-15,4505.661502413836,5.067079547308529,0.011003030464053154,-0.004045277604589614
0,2019-03-18,4493.6651948459785,5.053692415929752,-0.0026624964084476233,-0.013387131378777006
0,2019-03-19,4537.788217306904,5.065347650792302,0.009818938560783863,0.011655234862550046
0,2019-03-20,4474.7460532929645,5.0831428617839665,-0.013892707414925098,0.01779521099166459
0,2019-03-21,4532.956118565125,5.088310036979213,0.013008574023842812,0.005167175195246898
0,2019-03-22,4574.8813742748,4.9976176306679285,0.009248987771570683,-0.09069240631128483
0,2019-03-25,4533.47989725261,5.073799796253337,-0.009049737825989723,0.07618216558540869
0,2019-03-26,4453.835639512024,5.046499064594762,-0.017568018287420273,-0.02730073165857494
0,2019-03-27,4394.688944554274,5.012329544539902,-0.013279945589601994,-0.03416952005485996
0,2019-03-28,4395.695819967914,5.002888375663413,0.00022911187261343002,-0.009441168876489492
0,2019-03-29,4330.779902677108,5.040857893621372,-0.014768064022064209,0.03796951795795955
0,2019-04-01,4207.481339349818,4.9665534759695005,-0.028470290824770927,-0.0743044176518719
0,2019-04-02,4268.967931601345,4.970618883193966,0.01461363397538662,0.004065407224465467
0,2019-04-03,4306.13256324451,4.970173458253413,0.008705765008926392,-0.0004454249405529964
0,2019-04-04,4333.108891515321,4.995407476464988,0.006264630239456892,0.02523401821157467
0,2019-04-05,4321.285022533572,4.997966499949265,-0.0027287264820188284,0.0025590234842773896
0,2019-04-08,4334.848191688627,4.985830161108353,0.0031386888585984707,-0.012136338840911698
0,2019-04-09,4412.885952349264,4.963052708093733,0.018002420663833618,-0.022777453014620086
0,2019-04-10,4399.256495674004,4.904998620505169,-0.0030885585583746433,-0.05805408758856423
0,2019-04-11,4344.144317040739,4.900435240702144,-0.012527612037956715,-0.004563379803024681
0,2019-04-12,4384.091288782916,4.963387475342887,0.009195590391755104,0.06295223464074251
0,2019-04-15,4366.919655427993,4.942389347240938,-0.003916805610060692,-0.02099812810194912
0,2019-04-16,4395.57358723538,4.930918603743404,0.00656158896163106,-0.011470743497533853
0,2019-04-17,4434.292296605027,4.984968895184924,0.008808568120002747,0.05405029144151996
0,2019-04-18,4518.752598463888,4.988004766141566,0.019047075882554054,0.0030358709566424835
0,2019-04-22,4500.482485031659,4.985531909392483,-0.004043176304548979,-0.002472856749083263
0,2019-04-23,4582.774707366101,5.050171360741941,0.018285199999809265,0.06463945134945792
0,2019-04-24,4599.615739867946,5.022401208915789,0.0036748549900949,-0.027770151826151945
0,2019-04-25,4535.681883655264,5.092458602449558,-0.013899825513362885,0.07005739353376939
0,2019-04-26,4664.285916379896,5.140114553607527,0.028353847563266754,0.04765595115796817
0,2019-04-29,4740.225891091669,5.144801719228647,0.016281157732009888,0.004687165621120037
0,2019-04-30,4743.74195337951,5.144618877065012,0.0007417499436996877,-0.00018284216363451122
0,2019-05-01,4728.3415423854085,5.131174501360731,-0.003246468957513571,-0.013444375704280809
0,2019-05-02,4694.393553047385,5.125658862794639,-0.007179682143032551,-0.0055156385660923846
0,2019-05-03,4681.033055337107,5.115523185100067,-0.002846054034307599,-0.010135677694571577
0,2019-05-06,4648.277266761693,5.0855403525511615,-0.006997555494308472,-0.02998283254890577
0,2019-05-07,4593.189309295519,5.044673426880566,-0.011851263232529163,-0.04086692567059558
0,2019-05-08,4578.5773420640535,5.09707807358498,-0.003181224688887596,0.05240464670441369
0,2019-05-09,4554.109707491837,5.060247938658111,-0.005343938246369362,-0.03683013492686893
0,2019-05-10,4461.116925098265,4.9978896602568375,-0.02041953057050705,-0.06235827840127328
0,2019-05-13,4391.04327330411,5.001917912711904,-0.015707647427916527,0.00402825245506655
0,2019-05-14,4515.7064870143195,5.0726587944305,0.028390340507030487,0.07074088171859572
0,2019-05-15,4471.636910283778,5.085586923517034,-0.009759176522493362,0.012928129086533957
0,2019-05-16,4522.441838933045,5.080122117455004,0.011361595243215561,-0.005464806062029481
0,2019-05-17,4362.063993124601,5.043955740123133,-0.03546266630291939,-0.036166377331871224
0,2019-05-20,4403.328307403222,5.050412379716424,0.009459814056754112,0.006456639593291236
0,2019-05-21,4342.002442076131,5.0855653646074535,-0.013927161693572998,0.03515298489102925
0,2019-05-22,4316.632285490727,5.060799837994963,-0.005842962302267551,-0.024765526612490874
0,2019-05-23,4197.3045045538465,5.0121926867378646,-0.02764372155070305,-0.048607151257098025
0,2019-05-24,4230.824404244714,5.019566368539486,0.007986053824424744,0.007373681801621679
0,2019-05-28,4282.0912040127005,5.053012927853513,0.012117449194192886,0.033446559314026736
0,2019-05-29,4263.561813214651,5.060348803344749,-0.004327182658016682,0.007335875491236266
0,2019-05-30,4267.366450181591,5.058198015505827,0.0008923611603677273,-0.002150787838922419
0,2019-05-31,4322.5659857990795,5.121981128297711,0.012935269623994827,0.0637831127918842
0,2019-06-03,4383.461430619479,5.182203382690197,0.014087799936532974,0.060222254392486185
0,2019-06-04,4429.46435011409,5.240994869770666,0.010494655929505825,0.05879148708046866
0,2019-06-05,4329.1973941872175,5.184957930471595,-0.02263636142015457,-0.056036939299071165
0,2019-06-06,4471.933032338564,5.1727179630106725,0.03297046199440956,-0.012239967460922152
0,2019-06-07,4543.770861506657,5.181698018391457,0.016064155846834183,0.008980055380784613
0,2019-06-10,4519.313007136158,5.12549106820033,-0.0053827217780053616,-0.05620695019112709
0,2019-06-11,4491.962985624167,5.063349347509724,-0.006051809526979923,-0.062141720690606306
0,2019-06-12,4560.462012399469,5.021774015851953,0.015249241143465042,-0.0415753316577705
0,2019-06-13,4603.156425103287,4.9844940081675695,0.009361861273646355,-0.037280007684383776
0,2019-06-14,4537.641313258947,4.96982339031142,-0.014232649467885494,-0.014670617856149093
0,2019-06-17,4468.755733904003,4.9620127087848225,-0.015180922113358974,-0.007810681526597918
0,2019-06-18,4457.568096366841,4.980656339277099,-0.0025035240687429905,0.01864363049227613
0,2019-06-19,4548.678841721673,5.008439564751493,0.02043956331908703,0.027783225474394158
0,2019-06-20,4636.739392875762,5.056809757385029,0.019359588623046875,0.048370192633536035
0,2019-06-21,4528.614582928029,5.035399599018761,-0.023319147527217865,-0.02141015836626803
0,2019-06-24,4630.436909885575,5.042361942590595,0.02248421125113964,0.0069623435718337845
0,2019-06-25,4587.683957649198,5.1136925516741485,-0.009233027696609497,0.07133060908355393
0,2019-06-26,4612.330800713431,5.121192264659482,0.005372393410652876,0.00749971298533314
0,2019-06-27,4774.717988619927,5.146992250848796,0.03520718589425087,0.02579998618931434
0,2019-06-28,4898.827761439397,5.170821069927417,0.025993110612034798,0.02382881907862089
0,2019-07-01,4915.463564666357,5.1799890301248634,0.003395874286070466,0.00916796019744659
0,2019-07-02,4901.1750662092445,5.228986604929324,-0.0029068465810269117,0.048997574804460875
0,2019-07-03,4830.547730737514,5.210575683529689,-0.014410286210477352,-0.018410921399635072
0,2019-07-05,4737.12773082157,5.3144002632281175,-0.01933942176401615,0.10382457969842829
0,2019-07-08,4668.549538785392,5.3002716892553545,-0.014476745389401913,-0.014128573972763014
0,2019-07-09,4585.287720545142,5.394803277312647,-0.017834622412919998,0.09453158805729256
0,2019-07-10,4676.932227088116,5.448680464695029,0.01998664252460003,0.053877187382381564
0,2019-07-11,4727.439398433926,5.357017244555124,0.010799209587275982,-0.09166322013990502
0,2019-07-12,4832.562451559691,5.558448523590793,0.022236784920096397,0.2014312790356696
0,2019-07-15,4806.392314259312,5.489356328509723,-0.005415374878793955,-0.0690921950810699
0,2019-07-16,4686.711638989897,5.455136912527423,-0.024900313466787338,-0.03421941598230038
0,2019-07-17,4602.200691341263,5.357689358670412,-0.01803203485906124,-0.09744755385701076
0,2019-07-18,4460.633099864027,5.372817570273617,-0.03076084703207016,0.015128211603204988
0,2019-07-19,4524.483073697083,5.489404435556678,0.014314105734229088,0.11658686528306106
0,2019-07-22,4429.5754035469145,5.50640626946271,-0.020976467058062553,0.017001833906031827
0,2019-07-23,4452.907729705437,5.73721753611454,0.0052673956379294395,0.2308112666518296
0,2019-07-24,4380.103902686623,5.693949479688317,-0.016349727287888527,-0.04326805642622222
0,2019-07-25,4337.110302913708,5.710964224927361,-0.009815657511353493,0.01701474523904345
0,2019-07-26,4384.694959407732,5.709042831233419,0.010971511714160442,-0.0019213936939417309
0,2019-07-29,4240.306881969626,5.799107103960988,-0.03293001651763916,0.09006427272756845
0,2019-07-30,4181.17498794347,5.825174474979756,-0.013945192098617554,0.026067371018767993
0,2019-07-31,3995.777173765955,5.868842903672109,-0.044341079890728,0.04366842869235299
0,2019-08-01,3919.67119317706,6.048126471742415,-0.01904660277068615,0.1792835680703062
0,2019-08-02,3800.211452963594,6.065895249318679,-0.030476979911327362,0.01776877757626405
0,2019-08-05,3742.7827440001874,6.064170318980491,-0.015111977234482765,-0.001724930338188102
0,2019-08-06,3844.700816995416,5.967753562086509,0.027230560779571533,-0.09641675689398177
0,2019-08-07,3943.0258996213784,5.911224725518964,0.025574183091521263,-0.05652883656754515
0,2019-08-08,3988.0279647473153,5.91948536419381,0.011413078755140305,0.008260638674846277
0,2019-08-09,3900.119355581318,5.986846943210476,-0.022043127566576004,0.06736157901666573
0,2019-08-12,3866.0155514589997,6.02314056375525,-0.008744297549128532,0.03629362054477436
0,2019-08-13,3899.498190644693,5.968840356825204,0.008660761639475822,-0.054300206930046
0,2019-08-14,4002.121373205757,5.92789537280543,0.026317022740840912,-0.040944984019773756
0,2019-08-15,4015.7473500438223,5.874195932697931,0.0034046885557472706,-0.05369944010749972
0,2019-08-16,4009.7531568114505,5.866270150577716,-0.0014926719013601542,-0.007925782120214997
0,2019-08-19,3902.9527297652558,5.948678851416464,-0.02663516253232956,0.08240870083874796
0,2019-08-20,3871.595527210555,5.946438258552094,-0.008034225553274155,-0.002240592864369617
0,2019-08-21,3883.4076081175363,6.058864183595559,0.003050959436222911,0.11242592504346494
0,2019-08-22,3856.4669213855163,6.092451657050778,-0.006937383208423853,0.03358747345521884
0,2019-08-23,3925.8407838977,6.038368067354486,0.017988968640565872,-0.05408358969629212
0,2019-08-26,3996.144007274974,6.049721064771893,0.01790781319141388,0.011352997417406918
0,2019-08-27,3959.8791978555128,6.079706976646104,-0.009074950590729713,0.029985911874211624
0,2019-08-28,3916.996036741328,6.016170150821901,-0.010829411447048187,-0.06353682582420284
0,2019-08-29,3990.342948849867,6.005679662279678,0.01872529648244381,-0.010490488542223453
0,2019-08-30,3987.8137229480735,6.046546662729169,-0.0006338367238640785,0.040867000449490654
0,2019-09-03,4015.6299094437873,6.056702504774282,0.006975297350436449,0.010155842045113772
0,2019-09-04,4064.6545362429974,5.964263888585625,0.012208452448248863,-0.09243861618865701
0,2019-09-05,4123.609010881431,6.057305495220885,0.014504178427159786,0.09304160663525973
0,2019-09-06,4069.7132937898477,5.951034545552054,-0.013070035725831985,-0.106270949668831
0,2019-09-09,4045.7891120400445,5.821204867378197,-0.0058785914443433285,-0.1298296781738575
0,2019-09-10,4087.7615273896736,5.922165587095886,0.010374345816671848,0.1009607197176896
0,2019-09-11,4120.513417043696,6.116885115103287,0.008012182079255581,0.19471952800740056
0,2019-09-12,4076.58785311244,6.206374461567036,-0.010660216212272644,0.08948934646374962
0,2019-09-13,4072.3823020100326,6.259664348811147,-0.001031635096296668,0.053289887244110545
0,2019-09-16,4021.4355979532083,6.226781809063794,-0.012510295026004314,-0.032882539747353334
0,2019-09-17,4080.434999819987,6.178213509040869,0.01467122882604599,-0.04856830002292423
0,2019-09-18,4016.948693670919,6.154444258783541,-0.01555871032178402,-0.023769250257328345
0,2019-09-19,4120.108874192548,6.099620633982087,0.025681229308247566,-0.054823624801453974
0,2019-09-20,4208.380754156793,6.125911541374463,0.02142464742064476,0.02629090739237583
0,2019-09-23,4185.798119085875,6.212122349612175,-0.005366110242903233,0.08621080823771177
0,2019-09-24,4105.525162113212,6.2346712172304155,-0.019177455455064774,0.02254886761824082
0,2019-09-25,4203.527216175215,6.257753545892764,0.023870771750807762,0.023082328662348495
0,2019-09-26,4206.920038503897,6.246615411581069,0.0008071369957178831,-0.01113813431169497
0,2019-09-27,4220.334588386868,6.269492519010678,0.003188686678186059,0.02287710742960858
0,2019-09-30,4300.881282713573,6.271795840602995,0.01908538118004799,0.0023033215923176087
0,2019-10-01,4327.432139839483,6.3910791063109915,0.006173352710902691,0.1192832657079963
0,2019-10-02,4348.4677471428395,6.399362328202923,0.004860990680754185,0.008283221891931092
0,2019-10-03,4340.123914061238,6.438699479457504,-0.0019187984289601445,0.03933715125458104
0,2019-10-04,4267.891988338637,6.484783060721553,-0.016642825677990913,0.046083581264049656
0,2019-10-07,4273.966038845598,6.423068621513463,0.001423196867108345,-0.06171443920809061
0,2019-10-08,4295.82262475748,6.465009530966996,0.005113888531923294,0.04194090945353324
0,2019-10-09,4388.2800736914205,6.434431723081359,0.0215226411819458,-0.030577807885636688
0,2019-10-10,4358.859242521329,6.570373763267578,-0.006704410538077354,0.1359420401862188
0,2019-10-11,4243.874814372717,6.565882432938651,-0.026379477232694626,-0.004491330328926679
0,2019-10-16,4344.353460756309,6.549769493218375,0.023676156997680664,-0.016112939720276387
0,2019-10-17,4264.649732949876,6.610858776443411,-0.01834651082754135,0.06108928322503626
0,2019-10-18,4232.492797868888,6.564406836390386,-0.007540346123278141,-0.046451940053025
0,2019-10-21,4291.035341747984,6.517807314927892,0.013831693679094315,-0.04659952146249413
0,2019-10-22,4294.749273604222,6.564356941246078,0.0008655095007270575,0.04654962631818549
0,2019-10-23,4391.349273717612,6.556599436767767,0.022492581978440285,-0.007757504478310473
0,2019-10-24,4436.139422469535,6.549407353831492,0.010199632495641708,-0.00719208293627549
0,2019-10-25,4369.9353122099665,6.545456520948727,-0.01492381189018488,-0.00395083288276421
0,2019-10-28,4236.345460004861,6.589311619840986,-0.03057021275162697,0.04385509889225858
0,2019-10-29,4239.317744038293,6.533192824481648,0.0007016151212155819,-0.05611879535933806
0,2019-10-30,4342.4210265690945,6.598803101802023,0.024320725351572037,0.06561027732037505
0,2019-10-31,4322.332548824213,6.57068275452061,-0.00462610088288784,-0.028120347281412883
0,2019-11-01,4370.375237370456,6.517166398770517,0.011114991270005703,-0.0535163557500935
0,2019-11-04,4329.278654954291,6.5492244387753855,-0.009403444826602936,0.03205804000486889
0,2019-11-05,4254.342191884501,6.520055262888304,-0.017309226095676422,-0.029169175887081344
0,2019-11-06,4289.111290569545,6.582018165776242,0.008172614499926567,0.06196290288793804
0,2019-11-07,4386.5984614762065,6.51241782750391,0.022728990763425827,-0.06960033827233225
0,2019-11-08,4442.168007518875,6.53362422627302,0.012668026611208916,0.021206398769110457
0,2019-11-13,4442.21503538761,6.558133839147272,1.0586692951619625e-05,0.024509612874251907
0,2019-11-14,4451.8351964115145,6.549212119799158,0.002165622543543577,-0.008921719348114365
0,2019-11-15,4442.824988585038,6.567266764276165,-0.0020239311270415783,0.01805464447700711
0,2019-11-18,4454.817796520638,6.55635770393606,0.002699365373700857,-0.010909060340105192
0,2019-11-19,4590.433954561349,6.520751577533626,0.030442582443356514,-0.03560612640243388
0,2019-11-20,4488.689788459367,6.546136502275727,-0.022164389491081238,0.02538492474210141
0,2019-11-21,4583.119874069853,6.50513720491354,0.02103733830153942,-0.04099929736218755
0,2019-11-22,4602.640971884281,6.498651910531198,0.0042593469843268394,-0.006485294382342133
0,2019-11-25,4598.8302894195795,6.4796600477853525,-0.000827933894470334,-0.01899186274584519
0,2019-11-26,4623.379846198267,6.460725134359626,0.005338217597454786,-0.01893491342572684
0,2019-11-27,4603.838092787752,6.443858203720143,-0.0042267246171832085,-0.01686693063948308
0,2019-11-29,4539.872919017108,6.365238691817869,-0.01389387995004654,-0.07861951190227323
0,2019-12-02,4655.71469944765,6.375041841052631,0.02551652491092682,0.009803149234761221
0,2019-12-03,4601.052788944288,6.2693660304078875,-0.011740820482373238,-0.10567581064474307
0,2019-12-04,4816.948024922101,6.072171648249682,0.04692300781607628,-0.19719438215820517
0,2019-12-05,4856.647376511665,6.028843864101566,0.00824159849435091,-0.04332778414811678
0,2019-12-06,4865.268785051075,5.99740764605093,0.0017751769628375769,-0.03143621805063557
0,2019-12-09,4795.999657651174,5.909641893896303,-0.014237471856176853,-0.08776575215462668
0,2019-12-10,4748.567134560329,5.978810112258109,-0.009890018031001091,0.06916821836180542
0,2019-12-11,4579.926535219142,6.050979201943517,-0.035513997077941895,0.07216908968540814
0,2019-12-12,4467.848347096738,6.017034015426168,-0.02447161264717579,-0.033945186517349235
0,2019-12-13,4555.948404669109,6.02016266124582,0.019718676805496216,0.0031286458196522204
0,2019-12-16,4471.105599689128,6.10699823481772,-0.018622424453496933,0.08683557357189997
0,2019-12-17,4354.439298265399,6.100366314599926,-0.026093389838933945,-0.006631920217794018
0,2019-12-18,4437.60253195584,5.963280159434968,0.019098494201898575,-0.13708615516495826
0,2019-12-19,4493.394971367474,5.950759292237708,0.012572653591632843,-0.0125208671972592
0,2019-12-20,4543.601638566599,5.989734897591224,0.011173437349498272,0.03897560535351552
0,2019-12-23,4642.475073017724,5.938343906820596,0.021761026233434677,-0.05139099077062781
0,2019-12-24,4608.759015636902,5.976895184532545,-0.00726251769810915,0.03855127771194855
0,2019-12-26,4572.815473554712,5.899852521385688,-0.007798963226377964,-0.07704266314685704
0,2019-12-27,4581.239790238519,5.866617844429699,0.0018422603607177734,-0.03323467695598836
0,2019-12-30,4495.5684221199035,5.764837665537028,-0.018700476735830307,-0.1017801788926711
0,2019-12-31,4511.858474367431,5.8021602245360215,0.0036235800944268703,0.037322558998993394
0,2020-01-02,4566.8500334674245,5.72046543497072,0.012188227847218513,-0.08169478956530174
0,2020-01-03,4581.079072741269,5.714044806136243,0.0031157229095697403,-0.006420628834476361
0,2020-01-06,4501.0821867904215,5.68208848494329,-0.017462454736232758,-0.03195632119295322
0,2020-01-07,4467.786754476464,5.597084119557453,-0.007397206034511328,-0.08500436538583678
0,2020-01-08,4454.378449846903,5.583927508351084,-0.003001106670126319,-0.013156611206369462
0,2020-01-09,4491.562672941057,5.640746557774312,0.008347791619598866,0.05681904942322813
0,2020-01-10,4633.685206050098,5.625168410586546,0.031642112880945206,-0.015578147187766511
0,2020-01-13,4533.581428675514,5.714678995063258,-0.02160349115729332,0.08951058447671212
0,2020-01-14,4509.732303444817,5.722516673685466,-0.0052605485543608665,0.007837678622208522
0,2020-01-15,4522.261359181846,5.765867970207664,0.0027782260440289974,0.04335129652219738
0,2020-01-16,4481.7628157562285,5.712399037372755,-0.008955374360084534,-0.0534689328349085
0,2020-01-17,4447.580963358811,5.814686676611018,-0.007626876700669527,0.10228763923826278
0,2020-01-21,4492.424150160864,5.804492658196911,0.010082601569592953,-0.010194018414106942
0,2020-01-22,4504.3254327735,5.780516673218034,0.0026491894386708736,-0.023975984978877207
0,2020-01-23,4639.949168406407,5.66618034444129,0.030109666287899017,-0.11433632877674338
0,2020-01-24,4644.2919286785855,5.644203262652233,0.0009359499672427773,-0.021977081789056996
0,2020-01-27,4676.889055130549,5.61401372334889,0.007018750533461571,-0.030189539303343338
0,2020-01-28,4698.5820865386,5.642421411921366,0.004638346377760172,0.028407688572475998
0,2020-01-29,4636.000601182016,5.650373245761125,-0.0133192278444767,0.007951833839759281
0,2020-01-30,4590.283946302451,5.5984496908465875,-0.009861227124929428,-0.05192355491453782
0,2020-01-31,4668.408784218645,5.584441614938521,0.01701960898935795,-0.014008075908066075
0,2020-02-03,4646.615788256851,5.590832551929627,-0.004668185021728277,0.006390936991105711
0,2020-02-04,4524.814751525674,5.64896540092916,-0.026212848722934723,0.05813284899953253
0,2020-02-05,4538.013068729848,5.6365120767696775,0.002916874596849084,-0.012453324159482193
0,2020-02-06,4573.041441591961,5.62513567639937,0.007718878798186779,-0.011376400370307849
0,2020-02-07,4487.975050983615,5.592968213764348,-0.018601709976792336,-0.03216746263502124
0,2020-02-10,4506.963146117855,5.544591814074738,0.004230882506817579,-0.048376399689610494
0,2020-02-11,4457.416630609304,5.562078218549987,-0.01099332608282566,0.01748640447524874
0,2020-02-12,4487.287759772809,5.6067189972557285,0.006701444275677204,0.0446407787057419
0,2020-02-13,4550.803518826277,5.654937044450766,0.01415459904819727,0.04821804719503753
0,2020-02-14,4468.177699963323,5.685109516646356,-0.01815631426870823,0.030172472195589606
0,2020-02-18,4550.844406509757,5.6415657401190185,0.01850121282041073,-0.04354377652733721
0,2020-02-19,4617.637273830903,5.643221452178421,0.014677027240395546,0.0016557120594029584
0,2020-02-20,4811.446991581413,5.620587832430011,0.04197162017226219,-0.022633619748410716
0,2020-02-21,4942.927947979018,5.618619984561342,0.02732669748365879,-0.0019678478686691037
0,2020-02-24,4851.328311698878,5.6011369387485095,-0.018531452864408493,-0.01748304581283211
0,2020-02-25,4692.283177405735,5.598868567305819,-0.032783832401037216,-0.002268371442690764
0,2020-02-26,4562.103414682775,5.56671346277312,-0.027743373066186905,-0.03215510453269843
0,2020-02-27,4708.389879685775,5.5881461784419715,0.03206557407975197,0.021432715668851188
0,2020-02-28,4793.5852991003685,5.558099981132441,0.018094385042786598,-0.030046197309530065
0,2020-03-02,4911.024323281269,5.502488487082369,0.024499204009771347,-0.05561149405007271
0,2020-03-03,4873.88683797793,5.484735302326721,-0.007562065031379461,-0.01775318475564802
0,2020-03-04,4889.265918883507,5.493759960035127,0.003155403770506382,0.009024657708406103
0,2020-03-05,4824.138952942106,5.505999620941284,-0.013320397585630417,0.012239660906157468
0,2020-03-06,4937.750741193349,5.549739711830843,0.023550687357783318,0.04374009088955866
0,2020-03-09,4895.818293034812,5.585601123562629,-0.00849221646785736,0.03586141173178614
0,2020-03-10,4901.691292985444,5.6156016927085775,0.0011995951645076275,0.030000569145948397
0,2020-03-11,4888.163614192441,5.676982401540615,-0.0027597981970757246,0.06138070883203728
0,2020-03-12,4772.301741236938,5.723801023529822,-0.023702535778284073,0.04681862198920683
0,2020-03-13,4803.256914955468,5.735658902115379,0.006486424244940281,0.011857878585557202
0,2020-03-16,4788.987594847335,5.7762878247644425,-0.00297075929120183,0.0406289226490637
0,2020-03-17,4794.425911333456,5.786314186585568,0.0011355879250913858,0.010026361821125818
0,2020-03-18,4766.933501584667,5.735155010372386,-0.0057342443615198135,-0.051159176213182
0,2020-03-19,4650.605569317193,5.7899846138274995,-0.024403095245361328,0.05482960345511323
0,2020-03-20,4694.470752887714,5.858201528869044,0.009432144463062286,0.06821691504154437
0,2020-03-23,4740.9870755388665,5.852554243294796,0.009908746927976608,-0.00564728557424754
0,2020-03-24,4789.374317924752,5.76367752247837,0.010206153616309166,-0.08887672081642606
0,2020-03-25,4980.8441445752505,5.828793519460177,0.03997804597020149,0.06511599698180692
0,2020-03-26,5131.342330175326,5.806266074364705,0.030215397477149963,-0.022527445095471776
0,2020-03-27,5117.248845992532,5.806460523516953,-0.002746549202129245,0.00019444915224742232
0,2020-03-30,5141.492823270528,5.815520998921367,0.004737697541713715,0.009060475404414348
0,2020-03-31,5239.5183437708265,5.836161270668098,0.019065575674176216,0.02064027174673111
0,2020-04-01,5164.068324498954,5.845072952550968,-0.014400182291865349,0.008911681882869615
0,2020-04-02,5105.936800360551,5.88425573275229,-0.011256923899054527,0.03918278020132249
0,2020-04-03,5103.419099033062,5.921508853459813,-0.0004930929280817509,0.03725312070752285
0,2020-04-06,5183.614744718412,5.890512790473501,0.015714101493358612,-0.03099606298631219
0,2020-04-07,5237.097151999109,5.880138517111202,0.010317589156329632,-0.01037427336229868
0,2020-04-08,5217.089374155097,5.896005635135978,-0.00382039463147521,0.015867118024775806
0,2020-04-09,5296.565138900936,5.886148823985393,0.015233736485242844,-0.00985681115058501
0,2020-04-13,5243.000344577582,5.926233495930452,-0.010113119147717953,0.040084671945058936
0,2020-04-14,5159.987130550012,5.894582438247812,-0.01583315059542656,-0.031651057682640094
0,2020-04-15,5171.446786340597,5.890835094947735,0.0022208690643310547,-0.0037473433000769774
0,2020-04-16,5153.271301412636,5.833903809351138,-0.0035145841538906097,-0.05693128559659666
0,2020-04-17,5278.640022789305,5.841420068753686,0.024327987805008888,0.007516259402547298
0,2020-04-20,5209.223246799744,5.873424403973917,-0.013150503858923912,0.03200433522023172
0,2020-04-21,5165.527498304119,5.845669145253395,-0.008388150483369827,-0.027755258720522313
0,2020-04-22,5114.435681378606,5.831221509341509,-0.009890919551253319,-0.014447635911886358
0,2020-04-23,5230.294490705836,5.853351500369755,0.02265329286456108,0.022129991028246643
0,2020-04-24,5301.5143955655485,5.896934669865669,0.013616805896162987,0.04358316949591323
0,2020-04-27,5340.060164768052,5.8614187592878135,0.00727070914581418,-0.03551591057785508
0,2020-04-28,5496.952242507755,5.84173360563152,0.029380207881331444,-0.019685153656293863
0,2020-04-29,5615.0918325229595,5.850912931911252,0.02149183489382267,0.009179326279732614
0,2020-04-30,5703.926362785488,5.918526222776812,0.01582067273557186,0.06761329086555978
0,2020-05-01,5533.44139631421,5.956133071882754,-0.029889054596424103,0.03760684910594225
0,2020-05-04,5499.3256035216555,5.895103156944361,-0.006165384314954281,-0.06102991493839305
0,2020-05-05,5713.990057070695,5.8231050295171025,0.03903468698263168,-0.07199812742725875
0,2020-05-06,5637.016423983598,5.8984767888354,-0.013471082784235477,0.07537175931829765
0,2020-05-07,5654.032499889871,5.923156964516251,0.003018631599843502,0.024680175680851235
0,2020-05-08,5627.679605422436,5.931945020747123,-0.0046609025448560715,0.008788056230871533
0,2020-05-11,5519.717576965638,5.933331300908336,-0.019184110686182976,0.001386280161213449
0,2020-05-12,5600.431406250784,5.933170408246425,0.014622818678617477,-0.00016089266191166018
0,2020-05-13,5688.692571902571,5.901610138930341,0.015759708359837532,-0.03156026931608391
0,2020-05-14,5803.643818265728,5.881267689422065,0.02020697109401226,-0.02034244950827624
0,2020-05-15,5957.252130047159,5.859006218494621,0.026467563584446907,-0.022261470927443128
0,2020-05-18,5863.728612433166,5.845926169515607,-0.015699103474617004,-0.013080048979014158
0,2020-05-19,5682.277959276811,5.842209575582481,-0.0309445858001709,-0.0037165939331265108
0,2020-05-20,5857.028078742845,5.837602947679104,0.03075353242456913,-0.004606627903377181
0,2020-05-21,5631.907373403577,5.856226782944792,-0.03843599557876587,0.01862383526568845
0,2020-05-22,5530.420295893532,5.899407610191135,-0.018020018935203552,0.04318082724634298
0,2020-05-26,5583.368384139797,5.932678030851204,0.00957397185266018,0.033270420660069355
0,2020-05-27,5378.961684508314,5.999884626819167,-0.03660992532968521,0.06720659596796263
0,2020-05-28,5458.344241551318,6.049782956680538,0.014757970348000526,0.04989832986137088
0,2020-05-29,5310.79759945633,6.085177148084013,-0.027031391859054565,0.03539419140347544
0,2020-06-01,5345.0974422844465,6.070641788305713,0.006458510644733906,-0.014535359778300005
0,2020-06-02,5178.798269848731,6.106097376794818,-0.031112467870116234,0.03545558848910435
0,2020-06-03,5111.424039061991,6.128502953041496,-0.013009626418352127,0.02240557624667794
0,2020-06-04,4944.402632283278,6.141298080470763,-0.032676100730895996,0.012795127429267694
0,2020-06-05,4970.0139672322,6.108950493517805,0.005179864354431629,-0.03234758695295792
0,2020-06-08,5049.164131022927,6.107236855435628,0.015925541520118713,-0.0017136380821769492
0,2020-06-09,5249.104972836109,6.045208235838468,0.039598800241947174,-0.06202861959716088
0,2020-06-10,5117.346942156568,6.076078251225063,-0.02510104700922966,0.030870015386595284
0,2020-06-11,5187.975212781365,6.044101594373248,0.013801735825836658,-0.031976656851814944
0,2020-06-12,5278.17202908151,6.0057768512015475,0.01738574542105198,-0.038324743171700426
0,2020-06-15,5363.325108531398,5.985045873200588,0.016133062541484833,-0.020730978000959688
0,2020-06-16,5485.183460171751,5.859535602534935,0.02272067219018936,-0.1255102706656528
0,2020-06-17,5590.866358493532,5.859396609154362,0.019266976043581963,-0.00013899338057310473
0,2020-06-18,5419.92190325557,5.914415225710688,-0.030575664713978767,0.05501861655632645
0,2020-06-19,5381.32947128462,5.915900633146415,-0.0071204775013029575,0.0014854074357266711
0,2020-06-22,5276.403587983743,5.887604000510747,-0.019498134031891823,-0.028296632635668395
0,2020-06-23,5426.23354902064,5.881794424043929,0.028396228328347206,-0.0058095764668175676
0,2020-06-24,5572.8980848249175,5.8140431968425,0.02702879160642624,-0.06775122720142868
0,2020-06-25,5618.055625748027,5.847092355784412,0.008103062398731709,0.033049158941911294
0,2020-06-26,5660.870142561016,5.9150561411351035,0.007620878051966429,0.06796378535069181
0,2020-06-29,5661.175507642452,5.892406603539018,5.394313484430313e-05,-0.022649537596085345
0,2020-06-30,5596.858855068321,5.934684942268056,-0.011361006647348404,0.04227833872903819
0,2020-07-01,5470.694912055552,5.9472279571813145,-0.022541919723153114,0.012543014913258155
0,2020-07-02,5584.232991714019,5.967814457439818,0.02075386792421341,0.020586500258503726
0,2020-07-06,5415.531245763055,6.0289668282388815,-0.03021037019789219,0.06115237079906333
0,2020-07-07,5581.389146098608,5.963866547038817,0.030626339837908745,-0.06510028120006428
0,2020-07-08,5549.331918594248,5.979259976210899,-0.005743592977523804,0.015393429172081419
0,2020-07-09,5322.10221757579,6.034942426250873,-0.040947217494249344,0.055682450039974185
0,2020-07-10,5382.9726409439445,5.984025215901073,0.011437289416790009,-0.0509172103497999
0,2020-07-13,5227.812575873153,5.88959112344617,-0.028824234381318092,-0.09443409245490297
0,2020-07-14,4857.402619825075,5.7160780613216815,-0.07085371762514114,-0.17351306212448847
0,2020-07-15,5243.051884109432,5.9687526633790675,0.07939413189888,0.252674602057386
0,2020-07-16,5047.656376853551,5.846286452653892,-0.03726751357316971,-0.12246621072517527
0,2020-07-17,4961.622192504415,5.784013427676288,-0.01704438216984272,-0.06227302497760423
0,2020-07-20,4453.795668166109,5.507930981968353,-0.10235090553760529,-0.27608244570793516
0,2020-07-21,5045.5812040867595,5.897010530992034,0.13287217915058136,0.38907954902368136
0,2020-07-22,4928.379958486463,5.799168794383567,-0.023228492587804794,-0.0978417366084674
0,2020-07-23,4599.33485698934,5.565141181386839,-0.06676536798477173,-0.23402761299672736
0,2020-07-24,4514.831922461843,5.517497384494829,-0.018372859805822372,-0.04764379689201004
0,2020-07-27,4489.882979420481,5.455006416747437,-0.0055259959772229195,-0.06249096774739282
0,2020-07-28,4312.329321064995,5.326479124476024,-0.03954527527093887,-0.12852729227141246
0,2020-07-29,4325.353090534351,5.324014057849711,0.0030201240442693233,-0.0024650666263132948
0,2020-07-30,3907.7622486158034,5.241848391008985,-0.09654491394758224,-0.08216566684072557
0,2020-07-31,3933.3011988160183,5.228906611897441,0.0065354411490261555,-0.012941779111543816
0,2020-08-03,4041.1484390692517,5.207002750027425,0.027419013902544975,-0.02190386187001625
0,2020-08-04,4151.248308900426,5.17266785813366,0.027244698256254196,-0.034334891893765374
0,2020-08-05,4062.7639678444157,5.175771858861948,-0.021315116435289383,0.003104000728288092
0,2020-08-06,4127.393792968591,5.179834682713697,0.01590784639120102,0.004062823851748831
0,2020-08-07,4293.6816528750915,5.191304523304879,0.04028882831335068,0.01146984059118239
0,2020-08-10,4171.1113137128805,5.3419531158554365,-0.02854667603969574,0.1506485925505574
0,2020-08-11,4017.1728380128698,5.395307285222635,-0.036905866116285324,0.05335416936719817
0,2020-08-12,3733.985912299616,5.396980279966077,-0.07049408555030823,0.001672994743442402
0,2020-08-13,3778.3813137104994,5.460676537721113,0.011889547109603882,0.06369625775503618
0,2020-08-14,3822.0539527442556,5.423602780683934,0.011558557860553265,-0.03707375703717908
0,2020-08-17,3698.079382409331,5.394199870756966,-0.032436635345220566,-0.02940290992696859
0,2020-08-18,3597.681743348048,5.427653439477062,-0.027148589491844177,0.03345356872009653
0,2020-08-19,3543.7907342433023,5.510974369882329,-0.01497937086969614,0.08332093040526711
0,2020-08-20,3566.684539297029,5.498209893846475,0.006460258737206459,-0.012764476035854067
0,2020-08-21,3557.0048292095375,5.487055579156046,-0.0027139238081872463,-0.011154314690429601
0,2020-08-24,3562.456566554896,5.5454135835245495,0.0015326763968914747,0.05835800436850391
0,2020-08-25,3649.2807456045693,5.588629476130054,0.024371996521949768,0.04321589260550418
0,2020-08-26,3641.5914545536766,5.644150465136329,-0.002107070293277502,0.055520989006275556
0,2020-08-27,3653.505988039266,5.665394091061658,0.0032717930153012276,0.02124362592532858
0,2020-08-28,3664.9366797471525,5.818016743234083,0.0031286911107599735,0.15262265217242543
0,2020-08-31,3502.174870326267,5.846546790279297,-0.04441053792834282,0.02853004704521389
0,2020-09-01,3385.2573285314115,5.654418316397645,-0.03338426724076271,-0.19212847388165244
0,2020-09-02,3487.4186684995016,5.688150960670027,0.030178308486938477,0.03373264427238265
0,2020-09-03,3456.872461390666,5.716022816356049,-0.008758973330259323,0.027871855686021796
0,2020-09-04,3696.9320817173593,5.705491503594527,0.06944416463375092,-0.01053131276152186
0,2020-09-08,3633.098918555189,5.734517352781349,-0.017266523092985153,0.02902584918682205
0,2020-09-09,3598.2332128503126,5.69268756913661,-0.009596684947609901,-0.041829783644739216
0,2020-09-10,3526.9366018427622,5.73786667156315,-0.01981433853507042,0.04517910242654022
0,2020-09-11,3538.024809982606,5.681450490961149,0.0031438637524843216,-0.056416180602001376
0,2020-09-14,3522.4953296370227,5.668291369861474,-0.004389307927340269,-0.013159121099675097
0,2020-09-15,3512.7964786555217,5.742809058438978,-0.002753403503447771,0.07451768857750452
0,2020-09-16,3580.0193688354325,5.790936236798237,0.019136574119329453,0.04812717835925895
0,2020-09-17,3541.7675066693796,5.7004773949272005,-0.010684819892048836,-0.09045884187103681
0,2020-09-18,3677.924912074089,5.618830436496196,0.03844334930181503,-0.08164695843100489
0,2020-09-21,3589.113558520979,5.694961865831716,-0.024147136136889458,0.0761314293355202
0,2020-09-22,3488.022305969331,5.722828914174193,-0.02816607803106308,0.02786704834247722
0,2020-09-23,3490.5995927913036,5.695253112153124,0.000738896313123405,-0.027575802021068796
0,2020-09-24,3486.1566843828105,5.695177801759991,-0.0012728209840133786,-7.531039313324328e-05
0,2020-09-25,3478.543100467641,5.750414733933451,-0.0021839477121829987,0.05523693217346004
0,2020-09-28,3533.5582197603217,5.843503223311957,0.01581556349992752,0.09308848937850556
0,2020-09-29,3457.246866015643,5.844607150166309,-0.02159617841243744,0.0011039268543520109
0,2020-09-30,3364.0224370149404,5.864443167324636,-0.026964932680130005,0.019836017158327834
0,2020-10-01,3380.4601360601273,5.900204400313704,0.004886322654783726,0.03576123298906797
0,2020-10-02,3365.059221693545,5.854069944617627,-0.004555863328278065,-0.04613445569607766
0,2020-10-05,3399.891928681649,5.848176761503983,0.010351290926337242,-0.00589318311364373
0,2020-10-06,3407.9424551552165,5.796136272774342,0.0023678771685808897,-0.05204048872964062
0,2020-10-07,3453.3394952475032,5.799962986983341,0.013320952653884888,0.003826714208998716
0,2020-10-08,3481.847546849366,5.692692194760928,0.00825521256774664,-0.10727079222241276
0,2020-10-09,3403.1399158786307,5.602078198079302,-0.022605134174227715,-0.0906139966816264
0,2020-10-14,3386.0578997139733,5.585291222403639,-0.005019486881792545,-0.016786975675662674
0,2020-10-15,3445.7443613141954,5.561467695675297,0.01762712374329567,-0.02382352672834198
0,2020-10-16,3536.507399775212,5.565441859241138,0.02634061872959137,0.00397416356584035
0,2020-10-19,3495.44547121978,5.506077838955434,-0.011610870249569416,-0.05936402028570331
0,2020-10-20,3501.9984477979438,5.5271804944310245,0.0018747185822576284,0.021102655475590204
0,2020-10-21,3541.4053934842873,5.470748732908285,0.011252702213823795,-0.056431761522739876
0,2020-10-22,3471.630999787326,5.473173823295614,-0.019702458754181862,0.0024250903873292984
0,2020-10-23,3506.5746940840168,5.452336936738741,0.01006549783051014,-0.020836886556873324
0,2020-10-26,3576.2839964888217,5.480837694228116,0.019879600033164024,0.028500757489375417
0,2020-10-27,3700.680940749774,5.470701949825697,0.03478385508060455,-0.010135744402418823
0,2020-10-28,3735.2607355414093,5.413203654807866,0.009344170801341534,-0.057498295017831325
0,2020-10-29,3722.5348201248644,5.3424200866056175,-0.0034069684334099293,-0.0707835682022484
0,2020-10-30,3679.081422634249,5.4016381563475395,-0.011673066765069962,0.05921806974192201
0,2020-11-02,3713.680819687921,5.325050700507273,0.009404357522726059,-0.07658745584026683
0,2020-11-03,3751.806786226559,5.208947624122766,0.010266355238854885,-0.11610307638450656
0,2020-11-04,3763.0868910517456,5.187440830342784,0.003006579354405403,-0.02150679377998177
0,2020-11-05,3752.9971170082713,5.2178544300772245,-0.002681249286979437,0.030413599734440133
0,2020-11-06,3817.8171747900565,5.20912785339235,0.01727154478430748,-0.00872657668487431
0,2020-11-09,3742.449103168646,5.19784593990982,-0.01974114216864109,-0.011281913482529937
0,2020-11-10,3674.3439994476857,5.242446674398004,-0.018198003992438316,0.044600734488184024
0,2020-11-13,3498.4686645110396,5.223154527151712,-0.04786577820777893,-0.01929214724629258
0,2020-11-16,3449.7072543992153,5.161823295425413,-0.013937929645180702,-0.06133123172629862
0,2020-11-17,3425.0277097804537,5.194392227150056,-0.007154098246246576,0.0325689317246427
0,2020-11-18,3398.2510268145,5.153360309202849,-0.007817946374416351,-0.04103191794720651
0,2020-11-19,3339.4843735190416,5.146520682752312,-0.017293205484747887,-0.00683962645053704
0,2020-11-20,3321.9012207210567,5.133498457382422,-0.005265229847282171,-0.013022225369890172
0,2020-11-23,3280.0958482876404,5.120160816686386,-0.012584772892296314,-0.013337640696035713
0,2020-11-24,3245.1077197188315,5.072915524331989,-0.010666800662875175,-0.04724529235439778
0,2020-11-25,3322.888274776565,5.058221976958195,0.023968558758497238,-0.014693547373793692
0,2020-11-27,3380.1392332419605,5.048340163355,0.017229275777935982,-0.009881813603194622
0,2020-11-30,3391.656313916137,5.059560276845522,0.003407279960811138,0.011220113490521655
0,2020-12-01,3440.336673599811,5.087604595193788,0.01435297541320324,0.028044318348266373
0,2020-12-02,3312.646667689492,5.092442538446388,-0.03711555525660515,0.004837943252599786
0,2020-12-03,3320.1060921219146,5.098185108918893,0.002251802012324333,0.0057425704725053706
0,2020-12-04,3190.300795047415,5.102103071129247,-0.039096731692552567,0.003917962210353565
0,2020-12-07,3148.976801651617,5.175912725438811,-0.012953008525073528,0.07380965430956365
0,2020-12-08,3165.631937892764,5.127212594033169,0.005289062857627869,-0.04870013140564122
0,2020-12-09,3197.9756439478615,5.075444634031013,0.010217140428721905,-0.051767960002156777
0,2020-12-10,3235.6779954259473,5.09366736975381,0.011789442971348763,0.01822273572279709
0,2020-12-11,3297.726076229173,5.0843211388198455,0.019176222383975983,-0.00934623093396425
0,2020-12-14,3292.367304644544,5.086320919017933,-0.0016249899053946137,0.001999780198087109
0,2020-12-15,3168.9751290243535,5.012303552837312,-0.0374782532453537,-0.07401736618062049
0,2020-12-16,3180.9033986567665,5.00208575874404,0.0037640780210494995,-0.010217794093271948
0,2020-12-17,3213.0951949154373,4.984444169152985,0.010120331309735775,-0.01764158959105533
0,2020-12-18,3285.036798992633,5.002025349930685,0.022390125319361687,0.01758118077770021
0,2020-12-21,3349.9201091637597,5.054239177588093,0.01975116692483425,0.05221382765740756
0,2020-12-22,3334.549522880202,4.979339721046754,-0.004588344134390354,-0.07489945654133834
0,2020-12-23,3240.7138798484166,4.899694935959443,-0.02814042568206787,-0.07964478508731165
0,2020-12-24,3382.8967047154892,4.954951115243134,0.043873921036720276,0.055256179283690976
0,2020-12-28,3341.9051172555155,5.003150287164988,-0.012117303907871246,0.048199171921854855
0,2020-12-29,3382.5105368954037,5.106777585274841,0.01215038076043129,0.10362729810985272
0,2020-12-30,3397.1573017944147,5.13104567930152,0.004330146126449108,0.024268094026679066
0,2020-12-31,3465.066048942232,5.069184840025372,0.019989874213933945,-0.06186083927614838
0,2021-01-04,3495.863148300891,5.0463724447979175,0.008887882344424725,-0.022812395227454374
0,2021-01-05,3452.2713352030364,5.060239025875792,-0.01246954221278429,0.013866581077874862
0,2021-01-06,3417.313879083348,5.033702898845615,-0.010125929489731789,-0.026536127030177603
0,2021-01-07,3403.0419919340375,5.087256700489452,-0.004176346585154533,0.053553801643837495
0,2021-01-08,3489.048824461753,5.2249146190261975,0.025273514911532402,0.13765791853674525
0,2021-01-11,3448.7724361260034,5.213990687710174,-0.011543658562004566,-0.010923931316023427
0,2021-01-12,3438.797810096435,5.288367794794966,-0.0028922250494360924,0.07437710708479184
0,2021-01-13,3522.2605136582483,5.263237873326147,0.02427089586853981,-0.025129921468819205
0,2021-01-14,3540.1460818729943,5.34975338798176,0.005077866371721029,0.08651551465561358
0,2021-01-15,3553.489331174403,5.376536629978549,0.003769123926758766,0.02678324199678883
0,2021-01-19,3432.405719957443,5.506710699729269,-0.034074567258358,0.1301740697507201
0,2021-01-20,3583.821718843447,5.539103825261442,0.04411366581916809,0.032393125532172995
0,2021-01-21,3600.8510194930486,5.581880564188956,0.0047517153434455395,0.04277673892751377
0,2021-01-22,3560.7858468085637,5.615493699815506,-0.011126584373414516,0.033613135626549884
0,2021-01-25,3618.423355762097,5.634893031876095,0.01618673838675022,0.019399332060588748
0,2021-01-26,3690.386992847573,5.5715222882107645,0.019888119772076607,-0.06337074366533013
0,2021-01-27,3580.744748397084,5.6768474875082395,-0.029710229486227036,0.10532519929747508
0,2021-01-28,3501.2349688934937,5.699885249959333,-0.022204816341400146,0.02303776245109379
0,2021-01-29,3442.4456052521055,5.68606847381076,-0.01679103635251522,-0.01381677614857324
0,2021-02-01,3444.6657022155096,5.605319881847883,0.0006449185311794281,-0.08074859196287676
0,2021-02-02,3374.755359456225,5.592389601081227,-0.020295247435569763,-0.012930280766656033
0,2021-02-03,3354.6395679878724,5.555371251343622,-0.005960666574537754,-0.03701834973760487
0,2021-02-04,3280.0066406808487,5.615233280200315,-0.0222476739436388,0.059862028856692895
0,2021-02-05,3311.245741217551,5.6417164329697504,0.009524096734821796,0.026483152769435137
0,2021-02-08,3316.26502355261,5.6033002434826615,0.0015158290043473244,-0.038416189487088914
0,2021-02-09,3295.331943026452,5.582879852349082,-0.006312245968729258,-0.020420391133579407
0,2021-02-10,3279.554580692868,5.560591294758088,-0.004787791520357132,-0.02228855759099435
0,2021-02-11,3190.7206650865037,5.598708619323536,-0.027087189257144928,0.03811732456544803
0,2021-02-12,3311.7267414517073,5.562447267314804,0.03792437165975571,-0.03626135200873204
0,2021-02-16,3298.7540129917315,5.636527973629953,-0.003917209804058075,0.07408070631514896
0,2021-02-17,3376.5256426943074,5.59756292902232,0.02357606217265129,-0.03896504460763239
0,2021-02-18,3431.981493192787,5.6221013931984345,0.016423938795924187,0.02453846417611416
0,2021-02-19,3383.7629926439786,5.664893717783881,-0.014049755409359932,0.042792324585446906
0,2021-02-22,3361.85319284798,5.7024332599211345,-0.006474980618804693,0.03753954213725308
0,2021-02-23,3386.3903916031804,5.703667079693259,0.007298712152987719,0.001233819772124889
0,2021-02-24,3396.5254676676063,5.756651696786429,0.00299288472160697,0.05298461709316982
0,2021-02-25,3333.1917029392275,5.803272622976542,-0.018646633252501488,0.04662092619011293
0,2021-02-26,3274.4606259144007,5.834820052994434,-0.01762007176876068,0.031547430017892175
0,2021-03-01,3282.7602384114393,5.848843988640345,0.0025346502661705017,0.014023935645910868
0,2021-03-02,3308.0504413413114,5.888472648477249,0.0077039445750415325,0.03962865983690378
0,2021-03-03,3323.4023399859884,5.888269161964504,0.004640769213438034,-0.00020348651274471052
0,2021-03-04,3309.6581567751427,5.93858611298598,-0.004135576076805592,0.050316951021475376
0,2021-03-05,3294.658249512797,5.9210903835928415,-0.004532162100076675,-0.01749572939313815
0,2021-03-08,3247.7629220364406,5.938088720835252,-0.014233745634555817,0.016998337242410955
0,2021-03-09,3248.0152237168554,5.910586638860168,7.768475916236639e-05,-0.027502081975084636
0,2021-03-10,3317.9512063316206,5.88123754278962,0.021531913429498672,-0.02934909607054781
0,2021-03-11,3330.689712927026,5.915759818999139,0.0038392688147723675,0.0345222762095192
0,2021-03-12,3409.739376795166,5.913528681615474,0.023733722046017647,-0.002231137383665427
0,2021-03-15,3345.4220346157053,5.884158747612541,-0.018862832337617874,-0.02936993400293275
0,2021-03-16,3497.895041335204,5.894578464465191,0.045576613396406174,0.010419716852649863
0,2021-03-17,3481.7651773198622,6.1766976936402544,-0.004611305892467499,0.2821192291750636
0,2021-03-18,3353.265866808236,6.220200104891641,-0.036906369030475616,0.043502411251386874
0,2021-03-19,3421.748537332602,6.074955431507086,0.02042267844080925,-0.14524467338455516
0,2021-03-22,3453.1647684448853,6.088943329506952,0.009181338362395763,0.013987897999865773
0,2021-03-23,3411.357396703973,6.075881788260271,-0.012106972746551037,-0.013061541246680797
0,2021-03-24,3400.7821590825265,5.993602675505995,-0.0031000087037682533,-0.08227911275427591
0,2021-03-25,3376.446860301673,5.992348168453937,-0.007155794650316238,-0.001254507052058429
0,2021-03-26,3346.155013126316,5.986669683455449,-0.00897151604294777,-0.005678484998488109
0,2021-03-29,3363.545796404999,5.874854211277633,0.005197243764996529,-0.11181547217781596
0,2021-03-30,3505.404726748092,5.841559236196961,0.04217541217803955,-0.03329497508067192
0,2021-03-31,3501.2911278713827,5.842061677737061,-0.0011735018342733383,0.0005024415401004845
0,2021-04-01,3507.059802049863,5.770580636089993,0.0016475848387926817,-0.07148104164706837
0,2021-04-05,3448.080983739964,5.827743269455053,-0.01681716926395893,0.05716263336505989
0,2021-04-06,3435.9282233040544,5.887811518588946,-0.003524499712511897,0.0600682491338933
0,2021-04-07,3497.417659804068,5.855942405269611,0.01789601892232895,-0.03186911331933473
0,2021-04-08,3486.4329340050595,5.949909669593553,-0.0031408104114234447,0.09396726432394154
0,2021-04-09,3494.364772193025,5.871657827226234,0.0022750583011657,-0.07825184236731886
0,2021-04-12,3478.1180017944926,5.912507588673295,-0.004649420268833637,0.04084976144706065
0,2021-04-13,3604.0235994127947,5.8734311707557785,0.03619934618473053,-0.03907641791751626
0,2021-04-14,3585.9938754910772,5.850833804370551,-0.0050026653334498405,-0.022597366385227247
0,2021-04-15,3534.163560898189,5.685349602469165,-0.014453542418777943,-0.16548420190138646
0,2021-04-16,3555.6495858822386,5.740780324244876,0.006079521961510181,0.05543072177571151
0,2021-04-19,3682.86864031509,5.813163679818037,0.03577941283583641,0.07238335557316056
0,2021-04-20,3686.8115529343772,5.921809442660981,0.0010706090833991766,0.10864576284294447
0,2021-04-21,3704.138679394803,5.9935273570786665,0.0046997591853141785,0.07171791441768516
0,2021-04-22,3691.0299863896034,6.029128720290808,-0.0035389314871281385,0.03560136321214191
0,2021-04-23,3581.018669426926,6.075321338626267,-0.029805045574903488,0.046192618335458846
0,2021-04-26,3569.2078813314824,6.024560311779763,-0.0032981643453240395,-0.05076102684650419
0,2021-04-27,3589.177491377255,6.018116613978416,0.005594969727098942,-0.006443697801347348
0,2021-04-28,3699.6330694275657,6.0316203254235425,0.030774621292948723,0.013503711445126854
0,2021-04-29,3772.2931482231925,6.02019969246577,0.01963980682194233,-0.011420632957772625
0,2021-04-30,3761.4264063671885,6.1841695592384225,-0.0028806726913899183,0.16396986677265257
0,2021-05-03,3702.183238893797,6.225314306385188,-0.015750186517834663,0.04114474714676586
0,2021-05-04,3810.8193657118054,6.173986720860906,0.029343800619244576,-0.05132758552428207
0,2021-05-05,3766.8839695963825,6.108518201293659,-0.011529120616614819,-0.06546851956724709
0,2021-05-06,3684.3986474865433,6.1876097141390805,-0.021897494792938232,0.07909151284542126
0,2021-05-07,3571.85032518284,6.356443056095668,-0.03054727055132389,0.16883334195658772
0,2021-05-10,3449.6505121259984,6.421091335996574,-0.0342119075357914,0.06464827990090605
0,2021-05-11,3410.4848080079996,6.412949447906812,-0.011353528127074242,-0.008141888089761906
