path_id,Date,sp500_abs,DGS10_abs,sp500,DGS10
0,2001-05-04,869.0750378081701,5.046774505377839,0.017252754420042038,-0.1461750815235101
0,2001-05-07,878.3456578884158,5.035019107681923,0.010667226277291775,-0.011755397695916159
0,2001-05-08,877.0481079484836,5.007499672981284,-0.0014772657305002213,-0.02751943470063889
0,2001-05-09,862.3782237208906,5.117167705097087,-0.016726430505514145,0.10966803211580256
0,2001-05-10,885.3834710491052,5.151928549835693,0.026676516979932785,0.03476084473860652
0,2001-05-11,910.0710428001178,5.1410863388758115,0.027883479371666908,-0.010842210959881804
0,2001-05-14,924.2013511713726,5.100705957398285,0.015526599250733852,-0.04038038147752676
0,2001-05-15,916.8135180885068,5.147387297854302,-0.007993748411536217,0.04668134045601757
0,2001-05-16,905.4151821337961,5.125258356156966,-0.012432556599378586,-0.02212894169733648
0,2001-05-17,895.8705932054305,5.129782208952948,-0.010541670955717564,0.004523852795982108
0,2001-05-18,898.6839390569826,5.214454756726093,0.0031403484754264355,0.08467254777314537
0,2001-05-21,888.6279126923421,5.236718572138419,-0.011189725250005722,0.022263815412325805
0,2001-05-22,890.6993118534336,5.219707747617926,0.0023310084361582994,-0.01701082452049274
0,2001-05-23,889.7562896858645,5.169891570310241,-0.001058743568137288,-0.04981617730768573
0,2001-05-24,890.2590539309341,5.1396698823654035,0.0005650583771057427,-0.03022168794483715
0,2001-05-25,895.7031180069063,5.157499490761146,0.006115145981311798,0.017829608395742547
0,2001-05-29,877.8269248698659,5.182594693260575,-0.01995772123336792,0.025095202499429092
0,2001-05-30,858.3089708820264,5.151486822925307,-0.022234398871660233,-0.031107870335268295
0,2001-05-31,870.665551897063,5.07338753592671,0.01439642533659935,-0.07809928699859636
0,2001-06-01,868.3303817392024,5.1398473285859385,-0.0026820518542081118,0.06645979265922808
0,2001-06-04,872.9298849575279,5.137685183782807,0.0052969506941735744,-0.0021621448031314827
0,2001-06-05,873.3356821055498,5.154387877870735,0.0004648679750971496,0.016702694087928016
0,2001-06-06,888.282429194789,5.20982500687852,0.0171145498752594,0.0554371290077853
0,2001-06-07,896.9083323397747,5.209699694340445,0.00971076637506485,-0.00012531253807512854
0,2001-06-08,896.0911932395747,5.14506959425854,-0.0009110620012506843,-0.06463010008190562
0,2001-06-11,884.7191698733883,5.048717621916194,-0.012690698727965355,-0.0963519723423456
0,2001-06-12,891.5614233335361,5.089522156498963,0.0077338139526546,0.04080453458276878
0,2001-06-13,900.3962453036966,5.10617385169556,0.009909381158649921,0.016651695196597593
0,2001-06-14,901.3328896823014,5.091875251408361,0.0010402579791843891,-0.014298600287199648
0,2001-06-15,903.8528465493584,5.151048031509659,0.0027958115097135305,0.05917278010129845
0,2001-06-18,891.7914948436083,5.199924875044643,-0.013344375416636467,0.048876843534984005
0,2001-06-19,881.9324889306674,5.178783930971868,-0.01105528138577938,-0.021140944072775447
0,2001-06-20,860.5259767823857,5.197556943497195,-0.02427227981388569,0.018773012525326926
0,2001-06-21,847.3913227721935,5.190424106920024,-0.015263518318533897,-0.007132836577170565
0,2001-06-22,834.8761971683316,5.17019825479795,-0.014769003726541996,-0.020225852122074173
0,2001-06-25,834.1436509991493,5.100468220263741,-0.0008774308953434229,-0.06973003453420912
0,2001-06-26,825.7996448332672,5.077507191319193,-0.01000308059155941,-0.022961028944547657
0,2001-06-27,822.0324481429811,5.19497670853613,-0.004561877343803644,0.11746951721693666
0,2001-06-28,827.5997712249008,5.182125246347127,0.0067726317793130875,-0.012851462189003016
0,2001-06-29,824.8845269217504,5.175146896386778,-0.003280866425484419,-0.006978349960348851
0,2001-07-02,824.3955453829436,5.188510472777957,-0.0005927878664806485,0.013363576391179244
0,2001-07-03,839.4529438981388,5.194420404995186,0.0182647742331028,0.005909932217228686
0,2001-07-05,849.1551651169801,5.239148738267367,0.011557790450751781,0.04472833327218151
0,2001-07-06,844.2031795191295,5.236060563627052,-0.005831661634147167,-0.003088174640315522
0,2001-07-09,848.3918849932204,5.250787961659774,0.004961726721376181,0.01472739803272205
0,2001-07-10,849.6738317815718,5.239376051813953,0.0015110314125195146,-0.011411909845820745
0,2001-07-11,852.0233649819826,5.264864618343671,0.0027652177959680557,0.025488566529717538
0,2001-07-12,849.0119550348678,5.267421531395888,-0.0035344217903912067,0.002556913052217169
0,2001-07-13,852.7505229424266,5.293744272403729,0.004403433762490749,0.026322741007841266
0,2001-07-16,856.3939480422696,5.334076597279153,0.004272556863725185,0.04033232487542371
0,2001-07-17,847.0441509579176,5.365168193871972,-0.010917635634541512,0.03109159659281957
0,2001-07-18,851.6480305223309,5.316851835871403,0.005435229744762182,-0.04831635800056944
0,2001-07-19,845.2352734838349,5.296191341866025,-0.007529820781201124,-0.020660494005378283
0,2001-07-20,854.6648978398415,5.364222570306666,0.011156212538480759,0.06803122844064102
0,2001-07-23,856.4520901721932,5.398829113467367,0.0020911030005663633,0.03460654316070144
0,2001-07-24,858.7436206636233,5.431017935446936,0.0026756084989756346,0.032188821979568516
0,2001-07-25,843.1304814715669,5.399652245796039,-0.018181374296545982,-0.03136568965089648
0,2001-07-26,826.8878085019041,5.424666689964693,-0.019264720380306244,0.025014444168653505
0,2001-07-27,829.9138810967054,5.350084020567976,0.0036595927085727453,-0.0745826693967171
0,2001-07-30,822.0879596846472,5.5223864843080825,-0.009429799392819405,0.17230246374010694
0,2001-07-31,810.2934759380146,5.620325489446822,-0.014346985146403313,0.09793900513873943
0,2001-08-01,810.73944278977,5.727519096431283,0.0005503769498318434,0.10719360698446145
0,2001-08-02,821.6720848515901,5.858362768138694,0.013484778814017773,0.13084367170741018
0,2001-08-03,824.6719769962629,5.88788859644997,0.0036509602796286345,0.029525828311276037
0,2001-08-06,827.8514987648559,6.135948154885319,0.0038554987404495478,0.2480595584353491
0,2001-08-07,818.803438188975,6.178643589456546,-0.010929569602012634,0.04269543457122715
0,2001-08-08,815.8791113920798,6.341047756510018,-0.0035714637488126755,0.16240416705347194
0,2001-08-09,814.1679158751857,6.328569346050683,-0.0020973640494048595,-0.012478410459334732
0,2001-08-10,834.5810485283971,6.329472946687633,0.025072386488318443,0.0009036006369500527
0,2001-08-13,831.2063171219595,6.290050238949745,-0.004043623339384794,-0.03942270773788792
0,2001-08-14,843.3019470518195,6.301173210786376,0.014551898464560509,0.011122971836631024
0,2001-08-15,839.1837767875388,6.348250469422864,-0.004883387591689825,0.04707725863648804
0,2001-08-16,824.8983975214526,6.405901530333651,-0.01702294498682022,0.057651060910786533
0,2001-08-17,816.5599990570479,6.420661788839319,-0.010108394548296928,0.014760258505668311
0,2001-08-20,820.7205759901498,6.361989422088648,0.005095249507576227,-0.05867236675067122
0,2001-08-21,819.7911689771872,6.514619277398342,-0.0011324280640110373,0.1526298553096943
0,2001-08-22,806.1591951140618,6.602199633644777,-0.01662859320640564,0.08758035624643501
0,2001-08-23,790.478917117159,6.649391366461128,-0.0194505974650383,0.04719173281635047
0,2001-08-24,794.9914085656578,6.589378839280239,0.0057085538282990456,-0.060012527180888675
0,2001-08-27,803.2283522813938,6.6390088461348356,0.010361047461628914,0.04963000685459651
0,2001-08-28,804.0102718619148,6.699255240677896,0.0009734710911288857,0.06024639454306069
0,2001-08-29,806.020512400209,6.645793564981246,0.00250026723369956,-0.05346167569665017
0,2001-08-30,811.1410681525716,6.565084045411433,0.006352885160595179,-0.08070951956981265
0,2001-08-31,818.7046031747552,6.467897945126228,0.009324561804533005,-0.09718610028520569
0,2001-09-04,826.0048534687371,6.460108196485248,0.008916830644011497,-0.007789748640980143
0,2001-09-05,828.4364046834859,6.397039401962463,0.0029437493067234755,-0.0630687945227848
0,2001-09-06,839.8371844749938,6.330185153191057,0.013761804439127445,-0.06685424877140544
0,2001-09-07,848.8210336760826,6.248727368542979,0.010697131976485252,-0.0814577846480784
0,2001-09-10,844.4188237597342,6.231588403304441,-0.0051862639375030994,-0.017138965238538084
0,2001-09-17,832.5056235237782,6.212385017452437,-0.014108165167272091,-0.019203385852003763
0,2001-09-18,832.0693403478164,6.245090989001132,-0.0005240603350102901,0.03270597154869481
0,2001-09-19,829.7869193780507,6.296470737177015,-0.0027430658228695393,0.05137974817588287
0,2001-09-20,827.1116945730055,6.143552048425252,-0.0032239900901913643,-0.15291868875176284
0,2001-09-21,842.1886748015582,6.093042019886635,0.018228469416499138,-0.05051002853861686
0,2001-09-24,832.9337849438837,6.146167544715403,-0.010989093221724033,0.053125524828767645
0,2001-09-25,832.0232308931037,6.071016743443599,-0.0010931889992207289,-0.0751508012718034
0,2001-09-26,831.0321850758697,6.0714980348903085,-0.0011911275796592236,0.00048129144670916446
0,2001-09-27,834.6014906518102,6.122536577346138,0.004295026883482933,0.05103854245582973
0,2001-09-28,841.6094807283201,6.137496715706434,0.008396809920668602,0.014960138360295971
0,2001-10-01,843.9226095823836,6.080052145014854,0.00274845864623785,-0.05744457069158049
0,2001-10-02,855.0849781508997,6.113509450246901,0.013226768001914024,0.03345730523204704
0,2001-10-03,857.1839012492838,6.162353512140056,0.002454636851325631,0.04884406189315538
0,2001-10-04,860.8148541267373,6.155279077620222,0.004235908854752779,-0.007074434519833694
0,2001-10-05,866.7335222143829,6.203527946862362,0.0068756574764847755,0.04824886924213967
0,2001-10-10,863.3288120313281,6.186446710815031,-0.003928208723664284,-0.01708123604733114
0,2001-10-11,845.4491237279398,6.192207572696836,-0.0207101721316576,0.005760861881805468
0,2001-10-12,837.4905251413271,6.057049261270998,-0.009413456544280052,-0.13515831142583856
0,2001-10-15,834.5116354322643,6.130708323618594,-0.0035569234751164913,0.07365906234759656
0,2001-10-16,813.235880822444,6.232320607432712,-0.025494856759905815,0.10161228381411735
0,2001-10-17,815.5076039159231,6.1866896836287255,0.0027934368699789047,-0.045630923803986256
0,2001-10-18,813.32119372329,6.2228342155995,-0.002681042067706585,0.036144531970774274
0,2001-10-19,811.5619031481026,6.273098362008016,-0.0021630944684147835,0.05026414640851584
0,2001-10-22,815.619424603468,6.298215491268605,0.0049996450543403625,0.02511712926058962
0,2001-10-23,816.6887166475693,6.2759555023143445,0.0013110183645039797,-0.022259988954260734
0,2001-10-24,821.5654567174191,6.258734912105816,0.005971357226371765,-0.017220590208528286
0,2001-10-25,827.9543051761163,6.205728230017756,0.007776432670652866,-0.053006682088060586
0,2001-10-26,824.654060740423,6.164098881983488,-0.003986022435128689,-0.041629348034267544
0,2001-10-29,827.2322246822614,6.13757552233036,0.0031263581477105618,-0.026523359653127798
0,2001-10-30,838.603488186482,6.140012754819301,0.013746156357228756,0.002437232488940566
0,2001-10-31,843.9222874496093,6.0702584038664655,0.00634244829416275,-0.06975435095283533
0,2001-11-01,854.6674196891113,6.061435049544959,0.012732371687889099,-0.008823354321506827
0,2001-11-02,854.232592886387,6.01188705831648,-0.0005087672616355121,-0.049547991228478416
0,2001-11-05,857.5770381997149,5.956149127432169,0.003915145993232727,-0.05573793088431156
0,2001-11-06,853.4399192909034,5.898925288340268,-0.004824195057153702,-0.05722383909190043
0,2001-11-07,857.516257969499,5.917499303747934,0.004776362795382738,0.018574015407665456
0,2001-11-08,858.044536529914,5.936436499288546,0.0006160566117614508,0.01893719554061235
0,2001-11-09,860.2283126633398,5.879771234681274,0.002545061521232128,-0.05666526460727184
0,2001-11-14,862.5370921047422,5.8810053759438405,0.0026839147321879864,0.0012341412625662684
0,2001-11-15,871.9776647950489,5.875907763230017,0.010945120826363564,-0.005097612713823807
0,2001-11-16,884.5810770254136,5.839881307774441,0.014453824609518051,-0.036026455455576034
0,2001-11-19,890.0132910331587,5.926070142717115,0.00614100182428956,0.08618883494267404
0,2001-11-20,893.6179622432016,6.041247846670461,0.0040501318871974945,0.11517770395334637
0,2001-11-21,890.7791200517743,6.043859387878195,-0.0031767962500452995,0.0026115412077336586
0,2001-11-23,904.6716485837962,6.06425807595697,0.015595929697155952,0.02039868807877543
0,2001-11-26,899.4915814482523,6.020893733075416,-0.005725908558815718,-0.043364342881553775
0,2001-11-27,897.6620569296791,5.975841248427134,-0.00203395402058959,-0.04505248464828249
0,2001-11-28,902.3373443336337,5.9321440856863665,0.005208293441683054,-0.043697162740767403
0,2001-11-29,906.7103955875871,5.966354158578749,0.0048463596031069756,0.03421007289238265
0,2001-11-30,918.3461756178854,5.949972547048815,0.012832961976528168,-0.016381611529934226
0,2001-12-03,926.0056438772405,5.938254446472237,0.00834050215780735,-0.011718100576578294
0,2001-12-04,916.9219918780191,5.942820858886176,-0.009809499606490135,0.004566412413939069
0,2001-12-05,919.2729898677379,6.023005355682939,0.0025640109088271856,0.08018449679676287
0,2001-12-06,931.3446039835447,5.9286433470371005,0.013131696730852127,-0.0943620086458381
0,2001-12-07,945.4114520245021,5.848737061860019,0.015103805810213089,-0.07990628517708132
0,2001-12-10,951.309833360204,5.89287194741712,0.006238956935703754,0.0441348855571011
0,2001-12-11,954.1103039597227,5.917145803657297,0.0029438049532473087,0.024273856240176528
0,2001-12-12,946.9564694906322,5.951069366015598,-0.007497911341488361,0.03392356235830096
0,2001-12-13,945.6777300849749,5.969495459830828,-0.0013503676746040583,0.018426093815230082
0,2001-12-14,938.518028078058,5.963048613575055,-0.00757097452878952,-0.00644684625577252
0,2001-12-17,948.0947013731027,5.954812560201027,0.01020403765141964,-0.008236053374027996
0,2001-12-18,960.3659172044902,5.93588772776465,0.012943027541041374,-0.01892483243637777
0,2001-12-19,972.3568202845689,5.8670119123154985,0.012485764920711517,-0.06887581544915111
0,2001-12-20,962.169145458345,5.905686433380274,-0.010477300733327866,0.03867452106477565
0,2001-12-21,961.7309059986004,5.92180172642566,-0.0004554702900350094,0.01611529304538628
0,2001-12-24,962.5621276730883,5.932365885765611,0.0008642975590191782,0.010564159339950585
0,2001-12-26,969.3172397651082,6.123054707095445,0.0070178452879190445,0.1906888213298341
0,2001-12-27,973.2691191446461,6.167493400910029,0.004076972138136625,0.044438693814583985
0,2001-12-28,976.9409554347017,6.162586311965265,0.0037726834416389465,-0.004907088944763771
0,2001-12-31,972.9954250362698,6.230740285480568,-0.004038657993078232,0.06815397351530272
0,2002-01-02,973.1389936149827,6.2370636819285385,0.00014755318989045918,0.006323396447970531
0,2002-01-03,980.06801714718,6.278691637430327,0.007120281457901001,0.04162795550178888
0,2002-01-04,975.1177884766765,6.23967516755607,-0.005050903186202049,-0.039016469874257
0,2002-01-07,987.0443867180517,6.182458096238241,0.012230930849909782,-0.05721707131782949
0,2002-01-08,980.8225731901628,6.183669169142876,-0.006303478963673115,0.0012110729046348467
0,2002-01-09,983.0312076481596,6.141171575618742,0.0022518185433000326,-0.04249759352413385
0,2002-01-10,981.7813659597707,6.155645019090895,-0.0012714160839095712,0.014473443472152958
0,2002-01-11,983.5275867945178,6.192131319185697,0.001778624951839447,0.03648630009480236
0,2002-01-14,979.730343123874,6.2749764550866916,-0.003860841039568186,0.0828451359009943
0,2002-01-15,989.7219168228972,6.1711397824396865,0.010198289528489113,-0.10383667264700502
0,2002-01-16,993.1862922907756,6.167882863745597,0.003500352380797267,-0.0032569186940891726
0,2002-01-17,998.3469594725424,6.1791777102707455,0.005196071695536375,0.011294846525148117
0,2002-01-18,1005.3216313343944,6.230260932964442,0.006986220367252827,0.051083222693696584
0,2002-01-22,1008.6763587521485,6.268746597552663,0.0033369692973792553,0.03848566458822056
0,2002-01-23,1002.8157696794086,6.329778269777989,-0.005810177884995937,0.061031672225326794
0,2002-01-24,1003.5777047463422,6.284951271218952,0.0007597956573590636,-0.04482699855903771
0,2002-01-25,1005.4051156621465,6.424432226685656,0.0018208962865173817,0.1394809554667047
0,2002-01-28,1009.2162871535822,6.43023406659837,0.003790682414546609,0.005801839912713547
0,2002-01-29,1009.4722767552913,6.436004063019848,0.0002536518732085824,0.0057699964214776855
0,2002-01-30,1009.9050426958789,6.364386992851533,0.000428705126978457,-0.07161707016831453
0,2002-01-31,1006.5399904274083,6.401799654255323,-0.003332048188894987,0.03741266140379018
0,2002-02-01,1003.3066720432374,6.512526830985566,-0.0032123099081218243,0.11072717673024268
0,2002-02-04,1006.4913136081026,6.565904737634707,0.003174145705997944,0.05337790664914088
0,2002-02-05,1005.6322166987597,6.5410337239251195,-0.0008535562083125114,-0.02487101370958733
0,2002-02-06,1028.5298878454255,6.417684119679324,0.02276942878961563,-0.12334960424579577
0,2002-02-07,1029.9010761411628,6.554324357339219,0.001333153573796153,0.1366402376598952
0,2002-02-08,1026.7096809501884,6.58607949058689,-0.003098739543929696,0.0317551332476711
0,2002-02-11,1018.2102749235444,6.6454760259520285,-0.008278295397758484,0.05939653536513845
0,2002-02-12,1019.7439701548759,6.629413774392803,0.0015062657184898853,-0.016062251559225693
0,2002-02-13,1021.0487167388943,6.656569908422084,0.0012794844806194305,0.02715613402928163
0,2002-02-14,1012.788546119319,6.712491587308426,-0.008089888840913773,0.055921678886341475
0,2002-02-15,983.2319886514418,6.842468970988976,-0.029183344915509224,0.12997738368054979
0,2002-02-19,971.7160681453216,7.00619255186175,-0.011712312698364258,0.16372358087277394
0,2002-02-20,953.9518934759375,7.02493490398501,-0.018281240016222,0.018742352123260808
0,2002-02-21,951.8623062444492,7.046203615936983,-0.002190453466027975,0.021268711951972996
0,2002-02-22,950.1754664046032,7.051432613018675,-0.0017721469048410654,0.0052289970816916664
0,2002-02-25,950.8535645660728,7.055671885780157,0.0007136557251214981,0.004239272761481949
0,2002-02-26,951.4174847980584,7.014481373425156,0.000593067379668355,-0.041190512355001374
0,2002-02-27,962.7007893030371,6.958444692137183,0.011859467253088951,-0.056036681287972456
0,2002-02-28,966.9734246678379,6.950480077993279,0.004438175819814205,-0.007964614143904036
0,2002-03-01,962.9752880418453,6.918329919600946,-0.004134691320359707,-0.032150158392333594
0,2002-03-04,970.0854104691184,6.86924972340882,0.007383494172245264,-0.04908019619212567
0,2002-03-05,990.0130598708683,6.841715619320456,0.02054215967655182,-0.027534104088363875
0,2002-03-06,998.8986014647691,6.797503968994615,0.008975176140666008,-0.04421165032584096
0,2002-03-07,1003.6058949876153,6.797575886840219,0.00471248384565115,7.191784560411918e-05
0,2002-03-08,1011.6087574672218,6.748039398193023,0.007974108681082726,-0.049536488647196286
0,2002-03-11,1011.6887922277484,6.7718411635207625,7.911631837487221e-05,0.023801765327739588
0,2002-03-12,1005.1890970939198,6.81461250556809,-0.006424599327147007,0.042771342047327465
0,2002-03-13,1007.2441765650304,6.802437287561461,0.002044470515102148,-0.012175218006628796
0,2002-03-14,1000.0089831315047,6.845804361787177,-0.0071831573732197285,0.04336707422571617
0,2002-03-15,1001.2411615568736,6.875911076496987,0.001232167356647551,0.030106714709809523
0,2002-03-18,992.0987208979648,6.86720764038473,-0.009131107479333878,-0.008703436112257101
0,2002-03-19,1002.6860531198143,6.8304608942241245,0.010671651922166348,-0.03674674616060525
0,2002-03-20,998.1153681422767,6.856132338683576,-0.004558440763503313,0.025671444459451465
0,2002-03-21,987.2475468438581,6.839006746888791,-0.010888341814279556,-0.01712559179478479
0,2002-03-22,974.4839005422228,6.8148099307586,-0.01292851660400629,-0.024196816130190868
0,2002-03-25,966.59680024392,6.862026867170159,-0.008093617856502533,0.04721693641155866
0,2002-03-26,969.5249359148861,6.885146722078205,0.0030293248128145933,0.023119854908046023
0,2002-03-27,966.3908004602354,6.927410369850021,-0.0032326506916433573,0.042263647771815904
0,2002-03-28,944.0920730872773,6.943165147423971,-0.023074233904480934,0.015754777573950385
0,2002-04-01,962.0804985976846,7.139172486433914,0.01905367709696293,0.1960073390099426
0,2002-04-02,932.6358336616208,7.148179846409737,-0.030605198815464973,0.009007359975822915
0,2002-04-03,938.698275487396,7.134111563256377,0.0065003312192857265,-0.014068283153359395
0,2002-04-04,942.6667058827763,7.0367416699219385,0.004227588884532452,-0.0973698933344389
0,2002-04-05,961.1660612557624,7.014349334892327,0.019624492153525352,-0.022392335029611132
0,2002-04-08,951.7580299703309,6.997924613195974,-0.009788143448531628,-0.016424721696353117
0,2002-04-09,964.9779171537407,6.986393726436842,0.013889966532588005,-0.011530886759132386
0,2002-04-10,973.0301756976463,7.044015866519776,0.008344500325620174,0.05762214008293398
0,2002-04-11,964.2548682958625,6.985758230714105,-0.00901853572577238,-0.05825763580567056
0,2002-04-12,977.9784582168023,6.8659500773569935,0.014232326298952103,-0.11980815335711181
0,2002-04-15,979.6768613287556,6.8433508424147185,0.0017366467509418726,-0.022599234942275004
0,2002-04-16,999.6599379389476,6.810953762770206,0.020397620275616646,-0.03239707964451277
0,2002-04-17,994.2748421979081,6.743154916136036,-0.005386927630752325,-0.06779884663416968
0,2002-04-18,992.1688235657718,6.542241845904803,-0.0021181453485041857,-0.20091307023123317
0,2002-04-19,1004.3415410183986,6.365685314862408,0.012268796563148499,-0.17655653104239466
0,2002-04-22,1016.9719090357776,6.400705026350834,0.012575769796967506,0.03501971148842564
0,2002-04-23,1011.969700807419,6.446434451725504,-0.004918728023767471,0.045729425374670285
0,2002-04-24,1009.8155533929647,6.438707588659885,-0.0021286678966134787,-0.007726863065618872
0,2002-04-25,1010.5199583584721,6.417931692696756,0.0006975580472499132,-0.02077589596312901
0,2002-04-26,995.5399952486575,6.458168736941225,-0.014824015088379383,0.040237044244468834
0,2002-04-29,979.4090185052801,6.5419047924168465,-0.016203243285417557,0.08373605547562146
0,2002-04-30,970.4574611301341,6.751230304421103,-0.009139753878116608,0.20932551200425653
0,2002-05-01,959.6585512544402,6.718704437003254,-0.011127648875117302,-0.03252586741784924
0,2002-05-02,981.0579567921199,6.673311731995805,0.02229897864162922,-0.04539270500744852
0,2002-05-03,992.3335585161393,6.783943295051783,0.01149330846965313,0.11063156305597754
0,2002-05-06,992.813746489846,6.850936341247954,0.0004838977474719286,0.06699304619617141
0,2002-05-07,1004.5985534254763,6.869769602964926,0.011870108544826508,0.018833261716971528
0,2002-05-08,1003.5032433283352,6.845779218512325,-0.0010902963113039732,-0.02399038445260082
0,2002-05-09,1015.7032646392495,6.845229043180979,0.012157430872321129,-0.0005501753313463809
0,2002-05-10,1015.2259989497674,6.823870234101712,-0.00046988693065941334,-0.021358809079266905
0,2002-05-13,1021.1957056489348,6.881094950657118,0.005880175158381462,0.05722471655540673
0,2002-05-14,1022.1301498106828,6.960054418117306,0.000915049051400274,0.07895946746018723
0,2002-05-15,1017.873923669533,7.020161703606517,-0.004164074547588825,0.06010728548921129
0,2002-05-16,1011.7072409984819,7.1189731407134875,-0.006058395374566317,0.0988114371069706
0,2002-05-17,1006.8862061087032,7.173920021308818,-0.004765246994793415,0.05494688059533015
0,2002-05-20,1009.2987158577452,7.189078290612734,0.0023960103280842304,0.015158269303916505
0,2002-05-21,1004.7929309774271,7.203696775968931,-0.004464272875338793,0.014618485356196587
0,2002-05-22,996.4173484668019,7.19666524177051,-0.008335630409419537,-0.007031534198421063
0,2002-05-23,1000.8741551351538,7.186565617429912,0.004472831264138222,-0.010099624340597302
0,2002-05-24,992.1356737672957,7.27099378200478,-0.008730849251151085,0.08442816457486746
0,2002-05-28,985.0702464636876,7.294402853136775,-0.007121432572603226,0.023409071131995418
0,2002-05-29,987.0838797808769,7.505003088834822,0.0020441520027816296,0.2106002356980463
0,2002-05-30,986.4743321132885,7.483843435231695,-0.0006175236776471138,-0.021159653603126216
0,2002-05-31,1005.6552563178213,7.429932460239889,0.019443916156888008,-0.053910974991806526
0,2002-06-03,991.6935652646919,7.457791070473191,-0.013883178122341633,0.027858610233302272
0,2002-06-04,977.5151061114366,7.514049240961116,-0.014297218061983585,0.05625817048792481
0,2002-06-05,977.5389806487844,7.539813831737122,2.442370168864727e-05,0.025764590776006457
0,2002-06-06,967.4859578619003,7.505391816812711,-0.01028401218354702,-0.034422014924411215
0,2002-06-07,979.3234736371253,7.465250918058059,0.012235336005687714,-0.0401408987546521
0,2002-06-10,974.5284331753617,7.496479684263484,-0.004896278493106365,0.031228766205424918
0,2002-06-11,971.0638663208691,7.374760003656798,-0.0035551213659346104,-0.12171968060668625
0,2002-06-12,978.6275505429538,7.291989388188717,0.007789069786667824,-0.08277061546808095
0,2002-06-13,972.9536139188624,7.315361571026048,-0.005797850899398327,0.023372182837331223
0,2002-06-14,974.4424225650365,7.334303378908367,0.0015301948878914118,0.01894180788231914
0,2002-06-17,986.3239478022087,7.270892385686362,0.01219315268099308,-0.06341099322200527
0,2002-06-18,991.7950849974417,7.3305003280249705,0.005546998232603073,0.059607942338608666
0,2002-06-19,984.2067367475207,7.406160210463152,-0.007651125080883503,0.07565988243818111
0,2002-06-20,990.0880522202675,7.405639502966063,0.005975691135972738,-0.0005207074970883241
0,2002-06-21,976.7263703511254,7.3763596061087435,-0.013495448045432568,-0.029279896857319798
0,2002-06-24,974.4353025978248,7.3423968222125335,-0.0023456597700715065,-0.03396278389620999
0,2002-06-25,975.4488571142846,7.408622371350249,0.0010401455219835043,0.06622554913771506
0,2002-06-26,966.9768064758063,7.333699245081101,-0.008685284294188023,-0.07492312626914721
0,2002-06-27,979.5943221125206,7.2859578411228005,0.013048416003584862,-0.04774140395830084
0,2002-06-28,987.9559994700919,7.375705169494812,0.008535857312381268,0.08974732837201138
0,2002-07-01,984.1613985803015,7.393102675389925,-0.0038408602122217417,0.01739750589511324
0,2002-07-02,985.0002541910844,7.366007221271561,0.0008523557335138321,-0.027095454118364337
0,2002-07-03,982.3339457593729,7.429879724849895,-0.002706911414861679,0.06387250357833452
0,2002-07-05,979.6085303888564,7.476225729052014,-0.002774428576231003,0.04634600420211843
0,2002-07-08,955.6586852605478,7.543007122195284,-0.02444838359951973,0.06678139314327058
0,2002-07-09,950.1595078513211,7.541125251952186,-0.005754332058131695,-0.0018818702430980494
0,2002-07-10,942.9408873566307,7.546227352886781,-0.0075972722843289375,0.005102100934594844
0,2002-07-11,967.3094422294795,7.548309533153155,0.025843141600489616,0.0020821802663739675
0,2002-07-12,955.8399882352169,7.596859136021954,-0.011857068166136742,0.048549602868798836
0,2002-07-15,937.2883525663967,7.71034805342919,-0.019408725202083588,0.11348891740723577
0,2002-07-16,932.6045244242131,7.644968905970564,-0.004997211508452892,-0.06537914745862583
0,2002-07-17,962.2163901207348,7.532359782953114,0.03175179287791252,-0.11260912301744952
0,2002-07-18,964.4648519970768,7.569768023628058,0.0023367528337985277,0.037408240674943194
0,2002-07-19,972.2493817234298,7.65193141082785,0.008071346208453178,0.08216338719979266
0,2002-07-22,954.6709862960812,7.711377701147311,-0.018080130219459534,0.05944629031946036
0,2002-07-23,954.6065599618089,7.26160492041524,-6.748537998646498e-05,-0.4497727807320704
0,2002-07-24,1007.4328506640519,7.168971372716282,0.055338285863399506,-0.09263354769895837
0,2002-07-25,1002.475604352203,7.134165118789301,-0.004920671693980694,-0.034806253926980446
0,2002-07-26,999.7170991191762,7.1015156662822365,-0.0027516931295394897,-0.03264945250706486
0,2002-07-29,1004.7815038641878,7.138083635388561,0.005065837875008583,0.03656796910632476
0,2002-07-30,994.3479230052062,7.166598516839166,-0.010383930057287216,0.028514881450604435
0,2002-07-31,988.7599928613658,7.315877660759739,-0.005619693081825972,0.14927914392057318
0,2002-08-01,989.4591996417237,7.291847319818119,0.0007071552099660039,-0.0240303409416196
0,2002-08-02,995.5568120027947,7.426288917842208,0.0061625707894563675,0.13444159802408873
0,2002-08-05,1005.924270503016,7.528542198802987,0.010413728654384613,0.10225328096077924
0,2002-08-06,1015.502704220553,7.40619593437061,0.009522022679448128,-0.12234626443237762
0,2002-08-07,1022.012325202784,7.274605719670636,0.006410244852304459,-0.13159021469997345
0,2002-08-08,1030.8198874660366,7.210125600849593,0.008617863059043884,-0.06448011882104332
0,2002-08-09,1026.4103433777693,7.1103618985675325,-0.004277705680578947,-0.09976370228206033
0,2002-08-12,1007.1795448167023,7.135309459462429,-0.01873597502708435,0.024947560894896803
0,2002-08-13,1011.1681881578129,7.132077196370381,0.003960210829973221,-0.003232263092048271
0,2002-08-14,1022.0547182399577,7.162142119314193,0.010766290128231049,0.030064922943812356
0,2002-08-15,1030.1859705032532,7.00614130925112,0.007955789566040039,-0.1560008100630732
0,2002-08-16,1026.704365384295,6.959341160827706,-0.003379588946700096,-0.04680014842341418
0,2002-08-19,1018.9991302146277,6.958474926834545,-0.0075048236176371574,-0.0008662339931611029
0,2002-08-20,1018.3841198761199,6.944307344344433,-0.0006035435362718999,-0.01416758249011174
0,2002-08-21,1004.16183798401,7.006331048293683,-0.013965537771582603,0.06202370394924994
0,2002-08-22,990.7376551651287,7.029868769937628,-0.013368545100092888,0.023537721643944742
0,2002-08-23,993.0405977450718,6.84457193759576,0.0023244726471602917,-0.18529683234186756
0,2002-08-26,1011.2349195339458,6.75832826736584,0.01832183077931404,-0.08624367022992008
0,2002-08-27,1014.2525541550629,6.717633886446002,0.002984108403325081,-0.040694380919838125
0,2002-08-28,1027.1512253879735,6.6692749520910475,0.01271741557866335,-0.04835893435495464
0,2002-08-29,1029.3285026698563,6.557404959574999,0.0021197241730988026,-0.11186999251604846
0,2002-08-30,1033.7568566746559,6.538980922477329,0.004302177578210831,-0.018424037097670265
0,2002-09-03,1036.1741362976643,6.569292193563939,0.0023383444640785456,0.030311271086610247
0,2002-09-04,1044.4469614844868,6.551707628075807,0.007984010502696037,-0.017584565488132142
0,2002-09-05,1042.0565582543818,6.568830604835143,-0.002288678428158164,0.01712297675933616
0,2002-09-06,1036.3326370172101,6.517895434013878,-0.005492908414453268,-0.05093517082126464
0,2002-09-09,1047.5252401921916,6.542440069392774,0.010800203308463097,0.02454463537889584
0,2002-09-10,1043.5591526083645,6.542301588826099,-0.003786149900406599,-0.00013848056667509212
0,2002-09-11,1036.1677293963226,6.546690616474255,-0.007082898169755936,0.004389027648155519
0,2002-09-12,1035.4897581204866,6.586010122550949,-0.0006543064955621958,0.03931950607669421
0,2002-09-13,1040.9037872673027,6.596330873107336,0.00522847194224596,0.010320750556386926
0,2002-09-16,1029.0015417804427,6.626358630815173,-0.011434529908001423,0.030027757707837388
0,2002-09-17,1026.9291149782869,6.7005757611710415,-0.0020140171982347965,0.0742171303558683
0,2002-09-18,1024.7846710100291,6.6549060018624635,-0.0020882103126496077,-0.04566975930857797
0,2002-09-19,1042.3263045825506,6.5449538600179835,0.01711738482117653,-0.10995214184447999
0,2002-09-20,1053.6576975235798,6.6219848779635635,0.010871252976357937,0.07703101794557998
0,2002-09-23,1043.2915599844866,6.580608429968184,-0.009838240221142769,-0.041376447995379095
0,2002-09-24,1043.8419373345403,6.596766301486458,0.0005275393486954272,0.016157871518273303
0,2002-09-25,1046.9938387832785,6.759370016869407,0.0030195198487490416,0.16260371538294915
0,2002-09-26,1036.866390888964,6.76971919067081,-0.009672882035374641,0.01034917380140321
0,2002-09-27,1036.377516401836,6.761525502826977,-0.0004714922688435763,-0.008193687843832897
0,2002-09-30,1036.641968899769,6.728390351701956,0.00025517004542052746,-0.03313515112502152
0,2002-10-01,1035.62964772526,6.75200528923248,-0.0009765388676896691,0.02361493753052457
0,2002-10-02,1036.8164586801372,6.7841236774536275,0.0011459800880402327,0.03211838822114732
0,2002-10-03,1037.5294391545197,6.755054507419511,0.0006876631523482502,-0.029069170034116354
0,2002-10-04,1022.7936125361596,6.787194334401872,-0.014202803373336792,0.03213982698236073
0,2002-10-07,1004.3184634050801,6.9423557830720775,-0.018063418567180634,0.15516144867020554
0,2002-10-08,986.8540839697205,7.024752889112067,-0.017389284446835518,0.08239710603998951
0,2002-10-09,992.5195233691703,6.917411566422751,0.005740908905863762,-0.10734132268931607
0,2002-10-10,1004.0118786633717,6.903326093410389,0.011578971520066261,-0.014085473012362293
0,2002-10-11,1000.5947988501583,6.903030101245711,-0.003403425682336092,-0.0002959921646779051
0,2002-10-16,1005.7962969116725,6.785762010334219,0.005198406055569649,-0.11726809091149182
0,2002-10-17,1036.3154323286524,6.771315974934434,0.030343256890773773,-0.01444603539978484
0,2002-10-18,1040.136063259351,6.854234402840908,0.003686745185405016,0.08291842790647408
0,2002-10-21,1036.4788053708992,6.896632807747562,-0.0035161341074854136,0.042398404906653475
0,2002-10-22,1042.495880209591,6.850561056294356,0.0058053042739629745,-0.046071751453205856
0,2002-10-23,1047.33356201662,6.876400931717022,0.004640480503439903,0.025839875422666303
0,2002-10-24,1046.136844337908,6.901167306412869,-0.0011426327982917428,0.024766374695847304
0,2002-10-25,1054.2852299717538,6.861780431442994,0.007789024617522955,-0.039386874969875585
0,2002-10-28,1054.2182944085914,6.900816797986273,-6.34890457149595e-05,0.03903636654327958
0,2002-10-29,1042.2788011060609,6.959985866541283,-0.011325446888804436,0.059169068555009474
0,2002-10-30,1028.6064705061922,7.040520899218441,-0.013117728754878044,0.08053503267715811
0,2002-10-31,1017.6002792646583,7.016673203110572,-0.010700099170207977,-0.023847696107869076
0,2002-11-01,1013.1682695792571,6.960128928486113,-0.004355354234576225,-0.05654427462445888
0,2002-11-04,1019.8917691034403,6.910120605169146,0.00663611339405179,-0.05000832331696703
0,2002-11-05,1025.214371879841,6.908838654459997,0.005218791775405407,-0.001281950709149271
0,2002-11-06,1024.233614506349,6.857214684543279,-0.0009566363878548145,-0.051623969916717805
0,2002-11-07,1045.210712039583,6.819354962396758,0.020480774343013763,-0.03785972214652045
0,2002-11-08,1053.5829277073187,6.7896449925805396,0.008010074496269226,-0.029709969816218873
0,2002-11-13,1046.3703271457734,6.79482441337993,-0.006845783442258835,0.005179420799390044
0,2002-11-14,1047.8958463251279,6.886054373218868,0.0014579151757061481,0.09122995983893833
0,2002-11-15,1040.7076208453568,6.824673087137428,-0.006859675515443087,-0.06138128608144022
0,2002-11-18,1050.1604505626478,6.828858997346878,0.009083079174160957,0.004185910209450583
0,2002-11-19,1046.9963407111886,6.8858503007254805,-0.0030129775404930115,0.056991303378602254
0,2002-11-20,1038.8286276432375,6.869056235885271,-0.007801090367138386,-0.01679406484020962
0,2002-11-21,1046.4768711792462,6.881900640939914,0.00736237270757556,0.01284440505464346
0,2002-11-22,1032.6243357259355,6.954000128343603,-0.013237306848168373,0.07209948740368866
0,2002-11-25,1017.8526242078153,7.082823512114173,-0.01430501975119114,0.12882338377056968
0,2002-11-26,1007.5520649103869,7.131278053797352,-0.010119892656803131,0.04845454168317964
0,2002-11-27,1012.6935622529854,7.01193642142124,0.005102959461510181,-0.11934163237611273
0,2002-11-29,1018.1354157020239,6.912524974054292,0.0053736427798867226,-0.09941144736694785
0,2002-12-02,1013.6876903402713,6.945794503580377,-0.004368500784039497,0.03326952952608497
0,2002-12-03,1002.1360111359268,6.99052359483003,-0.01139569841325283,0.04472909124965341
0,2002-12-04,1008.6123435388129,6.9440032138696415,0.006462528370320797,-0.046520380960388685
0,2002-12-05,1008.9688859030241,6.914198872324592,0.0003534979186952114,-0.029804341545049517
0,2002-12-06,1024.8476954112066,6.896659289429602,0.015737660229206085,-0.017539582894990247
0,2002-12-09,1029.124648627835,6.857623398182959,0.004173257388174534,-0.03903589124664286
0,2002-12-10,1034.5352085558404,6.76593505967456,0.0052574388682842255,-0.09168833850839864
0,2002-12-11,1050.0011204164236,6.8005610806417005,0.014949623495340347,0.03462602096714029
0,2002-12-12,1052.0638695581515,6.677632670010309,0.0019645208958536386,-0.12292841063139193
0,2002-12-13,1052.3067938739296,6.671829054530818,0.00023090263130143285,-0.005803615479490709
0,2002-12-16,1042.4271430493848,6.575987391251854,-0.009388565085828304,-0.09584166327896426
0,2002-12-17,1044.1535378681922,6.516270635039992,0.0016561299562454224,-0.0597167562118619
0,2002-12-18,1070.8136495432457,6.525350346782449,0.02553275041282177,0.009079711742457697
0,2002-12-19,1067.2354781682611,6.526279899960067,-0.003341544419527054,0.0009295531776176702
0,2002-12-20,1067.0192788412635,6.47835622793818,-0.00020257884170860052,-0.047923672021886965
0,2002-12-23,1068.53307086726,6.496359984662613,0.0014187110355123878,0.018003756724432662
0,2002-12-24,1080.1635978099894,6.485185046285041,0.010884573683142662,-0.011174938377571664
0,2002-12-26,1082.0910894820474,6.513285617260158,0.00178444420453161,0.0281005709751172
0,2002-12-27,1083.8045228473839,6.478749498319596,0.001583446515724063,-0.03453611894056241
0,2002-12-30,1070.3683825679213,6.540753393457169,-0.01239719893783331,0.06200389513757276
0,2002-12-31,1054.6558452053068,6.6425841701907595,-0.0146795604377985,0.10183077673359087
0,2003-01-02,1052.0188311780232,6.650408264844843,-0.0025003550108522177,0.00782409465408307
0,2003-01-03,1054.4273678833279,6.619549369307079,0.002289442578330636,-0.03085889553776333
0,2003-01-06,1056.3364205914772,6.6596943678120395,0.0018105113413184881,0.04014499850496023
0,2003-01-07,1055.8570543020837,6.699798100990999,-0.0004538007779046893,0.040103733178959544
0,2003-01-08,1061.4022709411279,6.706540036068236,0.005251863040030003,0.00674193507723686
0,2003-01-09,1057.3939853496984,6.701679889336311,-0.003776405705139041,-0.004860146731925141
0,2003-01-10,1063.3261358429454,6.719766471888206,0.005610160995274782,0.018086582551894992
0,2003-01-13,1049.5850827390464,6.738451157355329,-0.012922707945108414,0.01868468546712343
0,2003-01-14,1040.9501814397963,6.766829758823251,-0.008226966485381126,0.028378601467921705
0,2003-01-15,1031.5035527776552,6.71503450925991,-0.009075005538761616,-0.05179524956334092
0,2003-01-16,1033.642546947474,6.652221122158526,0.002073666313663125,-0.06281338710138407
0,2003-01-17,1038.3540872769279,6.632695006288229,0.004558191169053316,-0.01952611587029729
0,2003-01-21,1038.2384347537732,6.720043803199511,-0.000111380621092394,0.08734879691128228
0,2003-01-22,1038.0937319802326,6.74498822836484,-0.00013937335461378098,0.024944425165329243
0,2003-01-23,1060.6565034246394,6.661231877427846,0.0217348113656044,-0.0837563509369943
0,2003-01-24,1062.5520027718824,6.684101150016165,0.0017871001036837697,0.022869272588319056
0,2003-01-27,1070.1788137079973,6.663964099343385,0.007177823688834906,-0.02013705067277982
0,2003-01-28,1069.401943563206,6.686338762066748,-0.0007259255507960916,0.022374662723362526
0,2003-01-29,1078.5892035372426,6.703456494314604,0.008591026067733765,0.017117732247856843
0,2003-01-30,1080.4844194885493,6.702655031553921,0.0017571249045431614,-0.0008014627606831581
0,2003-01-31,1095.1996204183304,6.645534042097685,0.013619077391922474,-0.05712098945623634
0,2003-02-03,1084.1694753148552,6.737706487796277,-0.01007135584950447,0.0921724456985924
0,2003-02-04,1080.1906005966828,6.689347065061548,-0.003669974859803915,-0.048359422734729485
0,2003-02-05,1090.2332727090961,6.6222060293994645,0.009297129698097706,-0.0671410356620834
0,2003-02-06,1091.7435353708856,6.614656338320502,0.0013852656120434403,-0.007549691078962084
0,2003-02-07,1093.8373303649,6.610701326459413,0.0019178451038897038,-0.003955011861089375
0,2003-02-10,1101.011495524491,6.618904091472248,0.006558713037520647,0.008202765012835123
0,2003-02-11,1097.558427504042,6.701172477471496,-0.0031362688168883324,0.08226838599924768
0,2003-02-12,1096.6375891596217,6.640986946979451,-0.0008389879949390888,-0.06018553049204467
0,2003-02-13,1097.4904010449227,6.723606995105677,0.0007776606362313032,0.08262004812622603
0,2003-02-14,1102.9415616204876,6.664062897758763,0.004966932348906994,-0.05954409734691435
0,2003-02-18,1108.9104828451364,6.639856561981054,0.005411820020526648,-0.024206335777709143
0,2003-02-19,1114.7772810371805,6.589901484932791,0.00529059674590826,-0.04995507704826263
0,2003-02-20,1122.441230490585,6.6064405288224775,0.0068748705089092255,0.01653904388968641
0,2003-02-21,1122.8430677722013,6.589327846341468,0.00035800295881927013,-0.0171126824810095
0,2003-02-24,1119.5734232058592,6.554064437845024,-0.002911933697760105,-0.03526340849644427
0,2003-02-25,1117.9251188781393,6.584729445518022,-0.0014722610358148813,0.03066500767299818
0,2003-02-26,1111.346553961482,6.6522369816618525,-0.005884620361030102,0.06750753614383065
0,2003-02-27,1119.8171518175297,6.4719136785583125,0.007621922995895147,-0.18032330310354006
0,2003-02-28,1120.3766876445347,6.322443398113885,0.0004996671341359615,-0.14947028044442767
0,2003-03-03,1110.4639219938665,6.319535492896118,-0.008847707882523537,-0.0029079052177669595
0,2003-03-04,1086.105896805474,6.282799631784188,-0.021934999153017998,-0.0367358611119295
0,2003-03-05,1099.3213415211446,6.314389153816758,0.012167731299996376,0.031589522032569484
0,2003-03-06,1097.0132804893465,6.4183888233606305,-0.0020995326340198517,0.10399966954387274
0,2003-03-07,1083.585825600229,6.390876337043334,-0.012240011245012283,-0.027512486317296414
0,2003-03-10,1086.9447346243464,6.420343158164316,0.0030998089350759983,0.02946682112098209
0,2003-03-11,1081.5295772391974,6.422195592204252,-0.004981998819857836,0.0018524340399359573
0,2003-03-12,1086.9803112550183,6.301896832783932,0.005039838142693043,-0.12029875942032042
0,2003-03-13,1089.5789985356894,6.463278781972674,0.0023907399736344814,0.16138194918874227
0,2003-03-14,1071.5906251546667,6.560591255100883,-0.016509471461176872,0.09731247312820912
0,2003-03-17,1073.8947451752983,6.603079293953589,0.0021501868031919003,0.04248803885270558
0,2003-03-18,1080.516371085971,6.5495920288600376,0.00616599153727293,-0.05348726509355117
0,2003-03-19,1083.7305335201154,6.49157879433034,0.002974654082208872,-0.058013234529697755
0,2003-03-20,1107.3958661307022,6.432490736825597,0.021836915984749794,-0.05908805750474322
0,2003-03-21,1133.7071074488304,6.420137113630156,0.023759562522172928,-0.0123536231954402
0,2003-03-24,1136.9461523234113,6.382883484250203,0.0028570385184139013,-0.037253629379953246
0,2003-03-25,1155.3546699721674,6.297390380007607,0.01619119569659233,-0.08549310424259637
0,2003-03-26,1156.5970286771496,6.219707176378301,0.0010753050446510315,-0.07768320362930581
0,2003-03-27,1156.2446076475544,6.266651001383727,-0.0003047051141038537,0.046943825005426376
0,2003-03-28,1166.1119089699714,6.291375838530255,0.008533922024071217,0.024724837146528067
0,2003-03-31,1163.9517265472227,6.362517427133027,-0.0018524657934904099,0.07114158860277175
0,2003-04-01,1161.3477166265416,6.388614612882466,-0.002237214706838131,0.026097185749438978
0,2003-04-02,1171.2328656754491,6.402281750889969,0.008511791005730629,0.013667138007503077
0,2003-04-03,1178.2741269427634,6.388365393472597,0.006011837162077427,-0.013916357417372183
0,2003-04-04,1180.5218266406894,6.319965754231924,0.001907620346173644,-0.06839963924067316
0,2003-04-07,1182.360293941585,6.308356717367826,0.0015573344426229596,-0.011609036864097533
0,2003-04-08,1186.2278151028545,6.335018111555384,0.0032710174564272165,0.026661394187557974
0,2003-04-09,1186.0240613171502,6.388898640140632,-0.00017176615074276924,0.053880528585247944
0,2003-04-10,1193.4316346503192,6.4255528790894205,0.006245719268918037,0.036654238948788276
0,2003-04-11,1204.7927401787438,6.438639622538818,0.009519695304334164,0.013086743449397531
0,2003-04-14,1211.8982018271222,6.437784177356253,0.005897663068026304,-0.0008554451825650844
0,2003-04-15,1204.5460224865267,6.490409594688103,-0.00606666412204504,0.05262541733184989
0,2003-04-16,1189.0364311864894,6.570375518931155,-0.012875881046056747,0.07996592424305238
0,2003-04-17,1167.8313633153311,6.549862245643673,-0.017833825200796127,-0.020513273287482647
0,2003-04-21,1177.8348007067757,6.580737837455363,0.008565823547542095,0.030875591811690306
0,2003-04-22,1178.5341338583382,6.6256849350370866,0.0005937446840107441,0.04494709758172366
0,2003-04-23,1178.3624693821275,6.65991712393155,-0.00014565931633114815,0.03423218889446389
0,2003-04-24,1175.3735698643156,6.659423944733596,-0.002536485670134425,-0.0004931791979547739
0,2003-04-25,1190.0614322511692,6.619789043648044,0.012496335431933403,-0.039634901085551455
0,2003-04-28,1194.6963290093713,6.589127439429862,0.003894670167937875,-0.030661604218182426
0,2003-04-29,1210.2069489452888,6.573583101971381,0.012982897460460663,-0.015544337458480939
0,2003-04-30,1201.0036125878978,6.628209976730177,-0.0076047624461352825,0.05462687475879591
0,2003-05-01,1201.9824687447085,6.575971435572262,0.0008150318171828985,-0.05223854115791493
0,2003-05-02,1214.3859845610566,6.570503844688565,0.01031921524554491,-0.005467590883696971
0,2003-05-05,1222.3769472151018,6.480915226130196,0.006580249406397343,-0.08958861855836897
0,2003-05-06,1238.6620373979829,6.49410238617643,0.013322478160262108,0.013187160046234325
0,2003-05-07,1235.9665564829381,6.522593965631265,-0.002176122972741723,0.028491579454835048
0,2003-05-08,1251.0493873332323,6.429873532840933,0.012203267775475979,-0.09272043279033237
0,2003-05-09,1255.6616864735565,6.49410364615755,0.0036867442540824413,0.06423011331661677
0,2003-05-12,1243.424725490444,6.50944296191245,-0.009745428338646889,0.01533931575490044
0,2003-05-13,1260.782564247449,6.491390027320128,0.013959702104330063,-0.018052934592321712
0,2003-05-14,1260.7288261003948,6.456051907300501,-4.2622850742191076e-05,-0.03533812001962744
0,2003-05-15,1255.4234620953034,6.473272025191736,-0.004208172205835581,0.017220117891235454
0,2003-05-16,1240.977836502213,6.3759246682453385,-0.011506576091051102,-0.09734735694639784
0,2003-05-19,1237.3827434317436,6.322219583370954,-0.0028969841077923775,-0.053705084874384745
0,2003-05-20,1223.7633558797331,6.37407180183435,-0.011006608605384827,0.05185221846339605
0,2003-05-21,1220.1258088541554,6.439434270964138,-0.002972426824271679,0.06536246912978783
0,2003-05-22,1219.5136561375562,6.533445190771447,-0.0005017127841711044,0.09401091980730936
0,2003-05-23,1210.303984699742,6.528510682828319,-0.007551921531558037,-0.004934507943127997
0,2003-05-27,1200.6978345004113,6.601673000064266,-0.007936973124742508,0.0731623172359468
0,2003-05-28,1195.0652087626709,6.643330008049175,-0.004691126756370068,0.041657007984909455
0,2003-05-29,1199.1595199879673,6.661128209552159,0.0034260149113833904,0.017798201502984057
0,2003-05-30,1202.0840407675323,6.647985400823536,0.0024388087913393974,-0.013142808728622946
0,2003-06-02,1208.3989791712152,6.7743810499581585,0.005253325216472149,0.1263956491346221
0,2003-06-03,1196.9558280617152,6.772476085122587,-0.009469679556787014,-0.0019049648355711213
0,2003-06-04,1215.1690305574327,6.798507329672679,0.01521626953035593,0.02603124455009187
0,2003-06-05,1220.7824027686615,6.793838307885432,0.004619416780769825,-0.004669021787247374
0,2003-06-06,1236.3748352672858,6.822958566998306,0.012772491201758385,0.02912025911287408
0,2003-06-09,1234.8936167102981,6.778826182374987,-0.001198033569380641,-0.044132384623319254
0,2003-06-10,1233.6860076349258,6.816300618502284,-0.0009779053507372737,0.037474436127297395
0,2003-06-11,1232.9309782937125,6.8382119074578185,-0.0006120109464973211,0.021911288955534403
0,2003-06-12,1213.1597199642297,6.803469046756782,-0.016035981476306915,-0.03474286070103627
0,2003-06-13,1216.2434403833931,6.856330805912932,0.0025418915320187807,0.052861759156149546
0,2003-06-16,1210.7345145309127,6.843186823215451,-0.004529459867626429,-0.013143982697481071
0,2003-06-17,1187.9447937622117,6.879217744849669,-0.018823053687810898,0.03603092163421806
0,2003-06-18,1180.3129302224427,6.9135521206090935,-0.0064244261011481285,0.03433437575942477
0,2003-06-19,1167.3938932395408,6.9106560562632735,-0.010945433750748634,-0.0028960643458200153
0,2003-06-20,1162.740013100452,6.97162052671172,-0.003986555151641369,0.06096447044844666
0,2003-06-23,1148.6792903687438,6.935471396716775,-0.012092748656868935,-0.03614912999494546
0,2003-06-24,1158.6630823542812,6.922987996711413,0.008691539987921715,-0.012483400005361744
0,2003-06-25,1167.6838020172356,6.866935053997238,0.007785455323755741,-0.05605294271417538
0,2003-06-26,1178.6656595350637,6.8548976244451545,0.009404821321368217,-0.01203742955208309
0,2003-06-27,1191.9916193842946,6.798557621455257,0.011305971071124077,-0.05634000298989772
0,2003-06-30,1207.0411524270069,6.678273529620172,0.012625535950064659,-0.12028409183508515
0,2003-07-01,1215.3803330322935,6.739169183963046,0.0069087790325284,0.06089565434287447
0,2003-07-02,1205.618645327954,6.880120540790245,-0.008031796663999557,0.14095135682719917
0,2003-07-03,1198.2641797311817,6.871920243341071,-0.006100159138441086,-0.008200297449174165
0,2003-07-07,1213.2071327200615,6.786732843280082,0.012470499612390995,-0.08518740006098913
0,2003-07-08,1227.509004110005,6.656766921910673,0.011788482777774334,-0.12996592136940865
0,2003-07-09,1228.240223216096,6.669996244114663,0.000595693476498127,0.013229322203989646
0,2003-07-10,1219.3883449150244,6.6545539344176134,-0.007206960115581751,-0.015442309697049517
0,2003-07-11,1236.297205762362,6.6651263044563525,0.013866674154996872,0.01057237003873901
0,2003-07-14,1235.580672453818,6.636759450102642,-0.0005795801407657564,-0.028366854353710558
0,2003-07-15,1244.1314690357597,6.661354127051282,0.006920468062162399,0.024594676948639815
0,2003-07-16,1245.3530370033525,6.600457778768268,0.0009818640537559986,-0.0608963482830136
0,2003-07-17,1249.1487018936264,6.5397259037386775,0.0030478625558316708,-0.060731875029590654
0,2003-07-18,1250.407497384585,6.543037196233976,0.0010077226907014847,0.003311292495298268
0,2003-07-21,1239.2759759015307,6.539482004040461,-0.00890231505036354,-0.0035551921935148556
0,2003-07-22,1239.937369686014,6.580514223996996,0.000533693702891469,0.041032219956535165
0,2003-07-23,1238.7637452335914,6.537221619514477,-0.000946519139688462,-0.04329260448251926
0,2003-07-24,1233.73524792898,6.5923044505380455,-0.004059286788105965,0.0550828310235687
0,2003-07-25,1226.4817377216946,6.591060477843875,-0.005879308562725782,-0.0012439726941702034
0,2003-07-28,1219.669732035118,6.580893445049689,-0.005554102826863527,-0.01016703279418607
0,2003-07-29,1214.7897613501818,6.561710505614565,-0.004001059103757143,-0.01918293943512417
0,2003-07-30,1202.186744579016,6.610983983335529,-0.010374648496508598,0.04927347772096358
0,2003-07-31,1189.7091726607262,6.641517652711301,-0.010379062965512276,0.030533669375772732
0,2003-08-01,1191.2686747088824,6.62190146669059,0.0013108262792229652,-0.019616186020710913
0,2003-08-04,1202.6565721393245,6.592086890702597,0.009559470228850842,-0.029814575987993308
0,2003-08-05,1187.2248761048143,6.605922329717852,-0.012831340543925762,0.013835439015254636
0,2003-08-06,1175.7735325770996,6.647608864181311,-0.009645471349358559,0.0416865344634596
0,2003-08-07,1172.515424800714,6.632955210838181,-0.002771033439785242,-0.014653653343130735
0,2003-08-08,1169.6479691305988,6.61317087840094,-0.0024455590173602104,-0.01978433243724087
0,2003-08-11,1173.2161020636654,6.571928231273196,0.003050604136660695,-0.04124264712774384
0,2003-08-12,1170.468111831703,6.631353221983593,-0.002342271152883768,0.059424990710397196
0,2003-08-13,1174.739209473132,6.640847934563287,0.003649050835520029,0.009494712579694031
0,2003-08-14,1187.4676218647262,6.568815153703785,0.01083509624004364,-0.07203278085950249
0,2003-08-15,1185.619064085877,6.6502988141565345,-0.001556722680106759,0.0814836604527498
0,2003-08-18,1188.6090262801638,6.670957755189374,0.00252185738645494,0.020658941032839273
0,2003-08-19,1190.8964590865737,6.728445253842818,0.001924461917951703,0.057487498653443936
0,2003-08-20,1182.920742117602,6.668337260382542,-0.006697237957268953,-0.06010799346027529
0,2003-08-21,1185.0950485214876,6.680339158773641,0.0018380829133093357,0.012001898391098997
0,2003-08-22,1178.5564416772947,6.709483738808497,-0.005517369136214256,0.029144580034855316
0,2003-08-25,1165.436920384722,6.665536596965362,-0.011131856590509415,-0.04394714184313475
0,2003-08-26,1166.3484299221957,6.617385609450512,0.0007821182953193784,-0.04815098751485003
0,2003-08-27,1175.7910197383985,6.578326138118134,0.008095856755971909,-0.03905947133237753
0,2003-08-28,1176.6680904127709,6.610068615643803,0.0007459409534931183,0.03174247752566828
0,2003-08-29,1186.4027925237403,6.762577664298189,0.008273107931017876,0.15250904865438653
0,2003-09-02,1183.3245408294067,6.786381072202097,-0.0025946092791855335,0.023803407903908003
0,2003-09-03,1197.0616883804691,6.657106171740218,0.011608943343162537,-0.12927490046187895
0,2003-09-04,1200.7706769498118,6.518031726537723,0.003098410554230213,-0.13907444520249523
0,2003-09-05,1200.314127252192,6.490894852487665,-0.00038021389627829194,-0.027136874050057713
0,2003-09-08,1199.277285079692,6.317949302180713,-0.0008638090221211314,-0.17294555030695236
0,2003-09-09,1210.7589678642205,6.329221654569043,0.00957383494824171,0.01127235238833002
0,2003-09-10,1209.1154774697322,6.343358844619781,-0.0013574050972238183,0.014137190050737658
0,2003-09-11,1201.4278238774932,6.3746741474337725,-0.006358080543577671,0.03131530281399186
0,2003-09-12,1191.0799465403077,6.3065926484307155,-0.0086129829287529,-0.06808149900305693
0,2003-09-15,1174.590336045752,6.2891939727815815,-0.01384425163269043,-0.017398675649134
0,2003-09-16,1173.3794581936231,6.420652573051441,-0.0010308937635272741,0.1314586002698599
0,2003-09-17,1158.0894790866287,6.5037899076367784,-0.013030719943344593,0.08313733458533701
0,2003-09-18,1154.700531320412,6.473279997810096,-0.0029263263568282127,-0.03050990982668278
0,2003-09-19,1162.5032466176178,6.565896415404907,0.006757349707186222,0.09261641759481165
0,2003-09-22,1140.5462182927909,6.589291488529209,-0.0188877135515213,0.023395073124302
0,2003-09-23,1156.7584645459424,6.6477541282062935,0.01421445794403553,0.058462639677084205
0,2003-09-24,1134.141124594382,6.655398065943108,-0.01955234445631504,0.007643937736814266
0,2003-09-25,1128.6325019059825,6.6593222968140795,-0.004857087507843971,0.003924230870971712
0,2003-09-26,1133.1848835181938,6.613141039172267,0.004033537581562996,-0.04618125764181258
0,2003-09-29,1143.368233747604,6.598814332942245,0.008986486122012138,-0.014326706230021635
0,2003-09-30,1147.0592919700139,6.625105767854554,0.003228232264518738,0.026291434912308453
0,2003-10-01,1156.0434876943914,6.510926159264687,0.007832372561097145,-0.11417960858986653
0,2003-10-02,1160.8134579579187,6.323127470448463,0.004126116633415222,-0.1877986888162244
0,2003-10-03,1180.1515541701947,6.290233858090937,0.016659090295433998,-0.03289361235752608
0,2003-10-06,1187.6144591295026,6.316489452311359,0.00632368354126811,0.026255594220422118
0,2003-10-07,1188.4393616065329,6.155698375370687,0.0006945877685211599,-0.16079107694067218
0,2003-10-08,1204.670927133717,6.083529696756995,0.013657882809638977,-0.07216867861369192
0,2003-10-09,1199.5229125468252,5.961743834679971,-0.004273378290235996,-0.12178586207702402
0,2003-10-10,1197.8510919178195,6.0406619091141875,-0.0013937379699200392,0.07891807443421683
0,2003-10-15,1187.9274746234998,6.038530523862923,-0.008284516632556915,-0.0021313852512641063
0,2003-10-16,1185.3482428930652,5.954031232064055,-0.002171203028410673,-0.08449929179886873
0,2003-10-17,1193.5262553456478,5.921055434113908,0.00689924880862236,-0.03297579795014638
0,2003-10-20,1203.3556733286443,5.859120149473591,0.008235611021518707,-0.06193528464031761
0,2003-10-21,1199.029769224583,5.830603749204986,-0.003594867419451475,-0.02851640026860469
0,2003-10-22,1199.8491894072292,5.86840718701416,0.0006834027008153498,0.037803437809174056
0,2003-10-23,1200.189677213139,5.843608775933336,0.00028377550188452005,-0.024798411080824145
0,2003-10-24,1202.7484329053684,5.81227964282869,0.0021319594234228134,-0.03132913310464591
0,2003-10-27,1213.6764469876134,5.830844078568993,0.00908586848527193,0.018564435740302976
0,2003-10-28,1206.9648069521022,5.831953237394824,-0.005530007649213076,0.0011091588258311802
0,2003-10-29,1198.0196981238407,5.8802325615984,-0.007411242462694645,0.048279324203575946
0,2003-10-30,1196.7465337892672,5.976430021164614,-0.0010627240408211946,0.09619745956621362
0,2003-10-31,1196.7903772597745,6.009575933903365,3.6635552532970905e-05,0.03314591273875145
0,2003-11-03,1194.5818618576018,5.873759621081397,-0.0018453652737662196,-0.1358163128219685
0,2003-11-04,1197.1079491819444,5.810989619268035,0.0021146205253899097,-0.06277000181336145
0,2003-11-05,1210.8712757050218,5.818637406088603,0.011497147381305695,0.007647786820567326
0,2003-11-06,1211.4325551835645,5.753006077310825,0.00046353356447070837,-0.06563132877777722
0,2003-11-07,1210.7592735677874,5.775823462790194,-0.0005557730910368264,0.02281738547936829
0,2003-11-10,1208.7895959473638,5.70144305844875,-0.001626811921596527,-0.07438040434144355
0,2003-11-13,1212.2587328309523,5.760412157965161,0.0028699261602014303,0.058969099516410495
0,2003-11-14,1211.9116504225105,5.743993983865916,-0.0002863105037249625,-0.016418174099244176
0,2003-11-17,1199.6664255682817,5.728867977741576,-0.010104057379066944,-0.015126006124340563
0,2003-11-18,1185.1019698662012,5.720089111836961,-0.012140421196818352,-0.008778865904615074
0,2003-11-19,1200.469237624369,5.6975294351063495,0.012967042624950409,-0.022559676730611322
0,2003-11-20,1200.5043533638554,5.588621527154608,2.925167791545391e-05,-0.10890790795174166
0,2003-11-21,1190.631185036911,5.477033290001375,-0.008224183693528175,-0.1115882371532324
0,2003-11-24,1182.079878680055,5.415488748355817,-0.007182162255048752,-0.061544541645558226
0,2003-11-25,1186.528148215392,5.440842938208328,0.0037630870938301086,0.0253541898525107
0,2003-11-26,1186.5011120194858,5.384662263754028,-2.278597094118595e-05,-0.05618067445429986
0,2003-11-28,1189.9976140458564,5.369668698449049,0.002946901600807905,-0.014993565304979306
0,2003-12-01,1193.7665826847613,5.384315461976136,0.0031672068871557713,0.014646763527087714
0,2003-12-02,1202.7789691946502,5.422245973934142,0.007549538277089596,0.03793051195800601
0,2003-12-03,1217.407618377486,5.374239269206328,0.012162375263869762,-0.048006704727814764
0,2003-12-04,1216.584784939495,5.422249795168321,-0.0006758898380212486,0.04801052596199362
0,2003-12-05,1222.35663795173,5.556002316120417,0.004744308069348335,0.133752520952096
0,2003-12-08,1239.0964816516728,5.570913904134286,0.013694729655981064,0.014911588013868382
0,2003-12-09,1251.0983628943775,5.599498466324024,0.009685994125902653,0.028584562189738705
0,2003-12-10,1241.0700366769977,5.6442820820791715,-0.008015617728233337,0.04478361575514711
0,2003-12-11,1245.7856073309745,5.609810027348798,0.0037996007595211267,-0.03447205473037318
0,2003-12-12,1256.7526649514255,5.585263622534823,0.00880332663655281,-0.024546404813975187
0,2003-12-15,1265.3086554261229,5.434832453121952,0.006808014586567879,-0.1504311694128715
0,2003-12-16,1252.960638425535,5.4662089179460045,-0.009758897125720978,0.031376464824052874
0,2003-12-17,1222.4269634970603,5.438999755446026,-0.024369221180677414,-0.027209162499978845
0,2003-12-18,1220.730067688794,5.412538375549063,-0.001388136763125658,-0.026461379896963066
0,2003-12-19,1215.4797003745202,5.3955366996293925,-0.004301005974411964,-0.017001675919670056
0,2003-12-22,1222.422765729743,5.391491601396622,0.005712201818823814,-0.004045098232770883
0,2003-12-23,1225.134811120804,5.3180543407156255,0.0022185822017490864,-0.0734372606809961
0,2003-12-24,1224.333797049192,5.334613737496943,-0.0006538170855492353,0.016559396781317126
0,2003-12-26,1210.8899770979365,5.329373449655715,-0.010980518534779549,-0.005240287841227875
0,2003-12-29,1221.1261909636746,5.297795072654081,0.008453463204205036,-0.03157837700163402
0,2003-12-30,1222.5593974567162,5.301299117448731,0.0011736759915947914,0.003504044794650163
0,2003-12-31,1227.634259378527,5.282328934185094,0.004151014611124992,-0.018970183263636642
0,2004-01-02,1233.21541819265,5.357162851492222,0.0045462716370821,0.07483391730712796
0,2004-01-05,1249.1942227388913,5.3925916779768475,0.01295702625066042,0.0354288264846252
0,2004-01-06,1258.9347648125492,5.427573505099711,0.007797460071742535,0.034981827122863685
0,2004-01-07,1263.6768625958073,5.3743402282397845,0.003766754176467657,-0.053233276859926626
0,2004-01-08,1267.8946944265708,5.377339586147679,0.0033377455547451973,0.0029993579078944066
0,2004-01-09,1267.1219308589632,5.348824290530324,-0.0006094856071285903,-0.028515295617355108
0,2004-01-12,1257.0767277096857,5.328508609007381,-0.007927574217319489,-0.020315681522943052
0,2004-01-13,1254.4533852871675,5.329057207055291,-0.002086859429255128,0.000548598047910076
0,2004-01-14,1264.2610341414063,5.281274467591925,0.00781826488673687,-0.047782739463365864
0,2004-01-15,1286.3150527922546,5.283412020124824,0.017444197088479996,0.002137552532898823
0,2004-01-16,1298.964066334034,5.259440616761375,0.00983352679759264,-0.02397140336344883
0,2004-01-20,1285.7973360399753,5.255894847596105,-0.010136331431567669,-0.003545769165270052
0,2004-01-21,1287.816567701487,5.240483072408992,0.0015704120742157102,-0.015411775187113008
0,2004-01-22,1303.5293507808237,5.2232186294904706,0.012201103381812572,-0.01726444291852136
0,2004-01-23,1295.5185735305063,5.192075674820139,-0.00614545214921236,-0.031142954670331235
0,2004-01-26,1303.7534976426646,5.178799089203628,0.006356469355523586,-0.013276585616511127
0,2004-01-27,1307.868774227304,5.160454556115795,0.0031564836390316486,-0.018344533087833348
0,2004-01-28,1313.3495053756878,5.0937166083650975,0.004190581850707531,-0.0667379477506973
0,2004-01-29,1317.0356070741984,5.102111196854069,0.002806641859933734,0.008394588488971344
0,2004-01-30,1324.577843848336,5.13281445755362,0.005726676434278488,0.03070326069955076
0,2004-02-02,1324.6681755794123,5.123084415590798,6.819661939516664e-05,-0.0097300419628219
0,2004-02-03,1329.2764706360767,5.1385226777608235,0.003478829748928547,0.015438262170025752
0,2004-02-04,1341.602915805281,5.163601458167612,0.009273048490285873,0.02507878040678868
0,2004-02-05,1342.9993026745965,5.1742636052006885,0.0010408347006887197,0.01066214703307633
0,2004-02-06,1347.9426918605031,5.1856262915175515,0.0036808575969189405,0.011362686316862991
0,2004-02-09,1354.0760767852757,5.131064933441424,0.00455018226057291,-0.0545613580761275
0,2004-02-10,1348.50073658748,5.158873251583068,-0.0041174497455358505,0.027808318141643973
0,2004-02-11,1364.9380703488287,5.20861005632233,0.012189339846372604,0.04973680473926212
0,2004-02-12,1358.0456698074472,5.169030501816587,-0.0050496067851781845,-0.03957955450574335
0,2004-02-13,1338.0476636101037,5.1354817914603235,-0.01472557708621025,-0.03354871035626328
0,2004-02-17,1318.2428110747915,5.152068821537204,-0.01480130571871996,0.016587030076880893
0,2004-02-18,1313.1996894715207,5.1142721102009014,-0.0038256393745541573,-0.03779671133630291
0,2004-02-19,1308.6611053131069,5.122737322219596,-0.003456126432865858,0.008465212018694324
0,2004-02-20,1308.8898835636953,5.113340112321659,0.00017481856048107147,-0.009397209897937131
0,2004-02-23,1290.0894373312692,5.077634302649467,-0.014363657683134079,-0.03570580967219161
0,2004-02-24,1293.1346302791203,5.0827875367530995,0.0023604510352015495,0.0051532341036324425
0,2004-02-25,1285.7989856693575,5.067588403873644,-0.005672761704772711,-0.015199132879455846
0,2004-02-26,1290.3946683131783,5.134121480511102,0.003574184374883771,0.06653307663745878
0,2004-02-27,1315.138186203206,5.157492217018002,0.019175155088305473,0.023370736506899803
0,2004-03-01,1321.6449087171518,5.1471019943836795,0.004947558045387268,-0.010390222634322654
0,2004-03-02,1316.8680956159603,5.163259828328441,-0.0036142938770353794,0.01615783394476189
0,2004-03-03,1321.6836561489931,5.1604668840760874,0.003656828310340643,-0.0027929442523539905
0,2004-03-04,1335.632093432716,5.148838180180179,0.01055353693664074,-0.011628703895908643
0,2004-03-05,1341.6093652883233,5.153598042395731,0.0044752382673323154,0.004759862215552246
0,2004-03-08,1364.6631164384105,5.155077993435344,0.017183654010295868,0.00147995103961307
0,2004-03-09,1350.7401167934067,5.147180108566142,-0.010202517732977867,-0.007897884869201732
0,2004-03-10,1328.7156154047304,5.150497513001215,-0.016305506229400635,0.0033174044350730014
0,2004-03-11,1313.0729168427185,5.149441170516515,-0.011772796511650085,-0.0010563424847003233
0,2004-03-12,1299.9127052055012,5.148813247946575,-0.010022453032433987,-0.0006279225699401536
0,2004-03-15,1298.9710372613727,5.040628063577942,-0.0007244086009450257,-0.108185184368633
0,2004-03-16,1298.0513611836811,4.9677116993186825,-0.0007080035284161568,-0.0729163642592594
0,2004-03-17,1286.8110103314852,4.937243421372298,-0.008659403771162033,-0.03046827794638407
0,2004-03-18,1303.7476047222735,4.909168010436639,0.013161679729819298,-0.02807541093565913
0,2004-03-19,1316.4512845520003,4.94284746897851,0.00974397175014019,0.03367945854187049
0,2004-03-22,1331.6479021048306,4.875831314920294,0.01154362317174673,-0.0670161540582157
0,2004-03-23,1340.311158985891,4.861019345681652,0.006505666300654411,-0.014811969238642142
0,2004-03-24,1359.0619671547117,4.889118275356028,0.013989891856908798,0.02809892967437566
0,2004-03-25,1365.7028735662811,4.795955751019309,0.004886389710009098,-0.09316252433671846
0,2004-03-26,1361.0021870546602,4.732487369222374,-0.003441954031586647,-0.06346838179693481
0,2004-03-29,1366.6728618484808,4.66968496579218,0.004166543483734131,-0.06280240343019461
0,2004-03-30,1354.6343035658006,4.720706998147273,-0.008808661252260208,0.051022032355093394
0,2004-03-31,1367.3991926626566,4.712361667980952,0.00942312553524971,-0.008345330166321219
0,2004-04-01,1350.2944387935115,4.745209745890855,-0.012508968822658062,0.03284807790990296
0,2004-04-02,1328.0532405742335,4.727610304277779,-0.016471369192004204,-0.017599441613075584
0,2004-04-05,1323.9100654074039,4.675223865201083,-0.0031197357457131147,-0.052386439076696156
0,2004-04-06,1324.107525284474,4.697512751637934,0.0001491490111220628,0.022288886436850674
0,2004-04-07,1343.5111921846915,4.714454047925276,0.014654147438704967,0.01694129628734231
0,2004-04-08,1358.6219587390924,4.721548946986475,0.011247220449149609,0.0070948990611992
0,2004-04-12,1381.2056934096483,4.749698002734493,0.016622530296444893,0.028149055748017737
0,2004-04-13,1387.6167787314298,4.723880030632344,0.004641658626496792,-0.02581797210214898
0,2004-04-14,1398.54150323131,4.782129720673395,0.00787301268428564,0.05824969004105096
0,2004-04-15,1405.1431220071274,4.804465438128043,0.0047203595750033855,0.022335717454647686
0,2004-04-16,1372.8356997145315,4.795852799288022,-0.022992264479398727,-0.008612638840020281
0,2004-04-19,1341.2607086992448,4.750151879375588,-0.022999832406640053,-0.0457009199124343
0,2004-04-20,1343.9443266822882,4.730182359487344,0.0020008175633847713,-0.019969519888244136
0,2004-04-21,1329.979353988159,4.780966958187283,-0.010391035117208958,0.05078459869993868
0,2004-04-22,1350.4242792926439,4.783561272288118,0.015372362919151783,0.0025943141008353265
0,2004-04-23,1343.7349741631797,4.733806941608971,-0.004953484050929546,-0.04975433067914725
0,2004-04-26,1351.6862402372738,4.722019544406213,0.005917287431657314,-0.011787397202757788
0,2004-04-27,1344.2187862910498,4.7272552723714645,-0.005524546839296818,0.005235727965251513
0,2004-04-28,1351.7834261916357,4.701995256640419,0.005627536214888096,-0.025260015731045193
0,2004-04-29,1355.3303160576565,4.705221095991223,0.0026238595601171255,0.003225839350803561
0,2004-04-30,1350.3166772125503,4.685405090171984,-0.0036992006935179234,-0.019816005819238924
0,2004-05-03,1367.1615140001115,4.631324179191455,0.012474730610847473,-0.05408091098052914
0,2004-05-04,1360.5670966224036,4.620804576507953,-0.004823436960577965,-0.010519602683501716
0,2004-05-05,1363.248432707966,4.673001295589506,0.001970748882740736,0.05219671908155288
0,2004-05-06,1366.401196134791,4.743172766321086,0.0023126844316720963,0.07017147073158014
0,2004-05-07,1362.4229687719078,4.712179491981376,-0.002911463612690568,-0.030993274339709664
0,2004-05-10,1363.3781690439619,4.726948424025803,0.0007011040579527617,0.014768932044426641
0,2004-05-11,1351.7401599420848,4.698715884421704,-0.008536156266927719,-0.028232539604099216
0,2004-05-12,1345.7725716393281,4.708057352102398,-0.004414745140820742,0.009341467680694215
0,2004-05-13,1352.0445506368485,4.713020980811468,0.004660504404455423,0.004963628709069745
0,2004-05-14,1336.3500566450284,4.6423145413503075,-0.011607971042394638,-0.07070643946116029
0,2004-05-17,1311.952814577547,4.57516598773935,-0.018256625160574913,-0.0671485536109575
0,2004-05-18,1303.7491108559611,4.555154307769338,-0.006253047846257687,-0.020011679970012075
0,2004-05-19,1324.4567651395025,4.5523736682902936,0.015883158892393112,-0.002780639479044389
0,2004-05-20,1328.5319353175746,4.537436636123386,0.0030768616124987602,-0.014937032166907116
0,2004-05-21,1338.2573889829414,4.558319991005089,0.00732045155018568,0.020883354881702232
0,2004-05-24,1364.0885219861884,4.554484368589391,0.019302066415548325,-0.0038356224156972374
0,2004-05-25,1356.372838088926,4.582245245456714,-0.005656292662024498,0.027760876867322537
0,2004-05-26,1378.984356236343,4.600134562312504,0.016670577228069305,0.017889316855789872
0,2004-05-27,1372.2304028802193,4.6158203970227305,-0.00489777373149991,0.015685834710226665
0,2004-05-28,1374.0594342762176,4.592637864525641,0.0013328894274309278,-0.023182532497089348
0,2004-06-01,1370.5628342902507,4.613193473940625,-0.002544722519814968,0.020555609414984133
0,2004-06-02,1372.5144835587644,4.630247024787597,0.00142397650051862,0.017053550846971355
0,2004-06-03,1375.096055961496,4.692368064302508,0.0018809072207659483,0.06212103951491166
0,2004-06-04,1370.4756794625075,4.701979032198461,-0.0033600390888750553,0.00961096789595306
0,2004-06-07,1376.5217600414244,4.708216270976518,0.004411665722727776,0.006237238778056486
0,2004-06-08,1380.6435353707939,4.703387034503942,0.002994340844452381,-0.004829236472575715
0,2004-06-09,1383.7336535420602,4.715439362998757,0.0022381723392754793,0.012052328494815079
0,2004-06-10,1381.9539114050722,4.813460566729042,-0.0012861883733421564,0.09802120373028522
0,2004-06-14,1393.597793516665,4.844410773294255,0.008425666019320488,0.030950206565212746
0,2004-06-15,1407.4325513663744,4.829286953513279,0.00992736779153347,-0.015123819780976433
0,2004-06-16,1403.7907380042031,4.849507335413815,-0.002587558003142476,0.02022038190053621
0,2004-06-17,1412.3117322630678,4.846348659907554,0.006069988943636417,-0.0031586755062606997
0,2004-06-18,1409.68401601362,4.8802226856450055,-0.001860578078776598,0.03387402573745124
0,2004-06-21,1428.4470682347066,4.956415571813908,0.013310112059116364,0.07619288616890252
0,2004-06-22,1436.594823399944,4.9554711452102245,0.005703925155103207,-0.0009444266036835458
0,2004-06-23,1423.042053886561,5.075196786883036,-0.009433954022824764,0.11972564167281163
0,2004-06-24,1418.5572843161967,5.0945467825439055,-0.0031515369191765785,0.019349995660869368
0,2004-06-25,1426.6323393067362,5.075087133448465,0.005692441947758198,-0.019459649095440845
0,2004-06-28,1424.3973115699694,5.07309521630419,-0.001566645922139287,-0.001991917144274602
0,2004-06-29,1422.405434955393,5.086708838882078,-0.0013983995886519551,0.01361362257788823
0,2004-06-30,1408.9604980904917,5.045304648709497,-0.009452253580093384,-0.04140419017258168
0,2004-07-01,1394.5440540902352,5.039938359295398,-0.010231971740722656,-0.005366289414098446
0,2004-07-02,1371.308532861907,5.022529442556724,-0.016661733388900757,-0.017408916738673952
0,2004-07-06,1360.3553691974832,4.937369319071445,-0.00798738095909357,-0.08516012348527902
0,2004-07-07,1357.0498182579813,4.911512294388782,-0.0024299172218889,-0.025857024682663265
0,2004-07-08,1368.4869986213043,4.782089989498383,0.008427973836660385,-0.12942230489039908
0,2004-07-09,1372.065632116904,4.781629207034616,0.002615029225125909,-0.0004607824637670177
0,2004-07-12,1385.5169612571979,4.821864987599388,0.009803706780076027,0.04023578056477195
0,2004-07-13,1404.0842712375954,4.963164665859021,0.013400997966527939,0.1412996782596334
0,2004-07-14,1430.7234081579857,4.972173618114217,0.01897260546684265,0.009008952255196157
0,2004-07-15,1430.2175349029128,4.936800119247924,-0.0003535786527208984,-0.03537349886629304
0,2004-07-16,1425.4188861031507,4.9149546730525975,-0.003355188062414527,-0.0218454461953268
0,2004-07-19,1416.2583663597852,4.8783356793440005,-0.006426545791327953,-0.036618993708597
0,2004-07-20,1417.8739820705648,4.836396621339484,0.0011407634010538459,-0.041939058004516916
0,2004-07-21,1411.2338695233832,4.8920439794230735,-0.004683147184550762,0.05564735808358989
0,2004-07-22,1421.5896718842025,4.895283182465639,0.007338119205087423,0.0032392030425656415
0,2004-07-23,1414.064394736206,4.877206080090191,-0.00529356487095356,-0.01807710237544846
0,2004-07-26,1422.2530758384403,4.933899518529522,0.005790882743895054,0.05669343843933117
0,2004-07-27,1414.2495084042232,5.006968903481054,-0.005627386271953583,0.07306938495153226
0,2004-07-28,1423.361639067266,5.019584800491374,0.006443085614591837,0.012615897010319621
0,2004-07-29,1424.1230545268006,4.946725479700386,0.0005349416751414537,-0.07285932079098778
0,2004-07-30,1409.101703976598,4.903743837962348,-0.010547789745032787,-0.04298164173803798
0,2004-08-02,1405.9663149674261,4.941520534885452,-0.0022250977344810963,0.03777669692310415
0,2004-08-03,1411.1127192093422,4.911893938752909,0.0036604036577045918,-0.029626596132542815
0,2004-08-04,1402.914711528651,4.899509418602435,-0.005809605121612549,-0.012384520150474643
0,2004-08-05,1387.1119456136366,4.940746255094713,-0.011264238506555557,0.041236836492278606
0,2004-08-06,1392.3807923930683,4.876163893485494,0.003798429388552904,-0.0645823616092196
0,2004-08-09,1367.3522150546157,4.822905538344254,-0.01797538250684738,-0.053258355141239555
0,2004-08-10,1367.058253897627,4.7907151234932,-0.00021498568821698427,-0.032190414851053895
0,2004-08-11,1366.7525506078848,4.77660028034406,-0.00022362126037478447,-0.014114843149140022
0,2004-08-12,1346.4999748422451,4.753559848225857,-0.014818026684224606,-0.02304043211820339
0,2004-08-13,1351.9959198304537,4.741993836707407,0.004081652499735355,-0.011566011518449493
0,2004-08-16,1370.3058223755509,4.74418769263161,0.013542868196964264,0.0021938559242027367
0,2004-08-17,1365.403048401124,4.739343057277608,-0.003577868454158306,-0.004844635354001703
0,2004-08-18,1373.878258352053,4.744797360247959,0.006207112222909927,0.005454302970350433
0,2004-08-19,1382.3339078185804,4.752604695500014,0.0061545842327177525,0.007807335252055125
0,2004-08-20,1390.0062753907712,4.756643624270386,0.005550299771130085,0.004038928770372152
0,2004-08-23,1389.2295649577877,4.761441378327573,-0.0005587819614447653,0.004797754057187298
0,2004-08-24,1382.2595928710302,4.7088013977148995,-0.0050171492621302605,-0.05263998061267383
0,2004-08-25,1388.2315237242572,4.6694931667956485,0.004320411942899227,-0.03930823091925095
0,2004-08-26,1373.4960918497168,4.577018438677141,-0.010614534839987755,-0.09247472811850788
0,2004-08-27,1346.0966220788914,4.550411194776261,-0.019948706030845642,-0.026607243900879318
0,2004-08-30,1341.467887392834,4.569417683471823,-0.0034386347979307175,0.01900648869556143
0,2004-08-31,1344.037651267478,4.608066591145944,0.0019156357739120722,0.03864890767412099
0,2004-09-01,1341.359355624115,4.561168995720655,-0.001992723671719432,-0.04689759542528904
0,2004-09-02,1323.1531297844158,4.482715462781206,-0.013572966679930687,-0.07845353293944868
0,2004-09-03,1308.2443835978274,4.482941142672305,-0.011267589405179024,0.0002256798910993396
0,2004-09-07,1319.9487245027144,4.47761817996486,0.008946601301431656,-0.005322962707445811
0,2004-09-08,1334.3524686960086,4.481361242144948,0.010912351310253143,0.0037430621800886854
0,2004-09-09,1337.4491189232042,4.546111976557861,0.0023207138292491436,0.06475073441291279
0,2004-09-10,1342.655672671759,4.5470443695033955,0.0038928985595703125,0.0009323929455344881
0,2004-09-13,1370.1057832372464,4.512742092238104,0.020444639027118683,-0.03430227726529189
0,2004-09-14,1379.5735574413259,4.506381578893406,0.006910250522196293,-0.006360513344697338
0,2004-09-15,1381.0211243225187,4.556095635746392,0.0010492857545614243,0.04971405685298613
0,2004-09-16,1378.3564364739377,4.473755968634333,-0.0019295054953545332,-0.08233966711205909
0,2004-09-17,1377.5198511061474,4.406131552143159,-0.0006069441442377865,-0.06762441649117434
0,2004-09-20,1368.5131253993088,4.323458154315831,-0.006538363639265299,-0.08267339782732819
0,2004-09-21,1375.8836580170612,4.292480463803414,0.005385796073824167,-0.030977690512417055
0,2004-09-22,1391.8063686013875,4.2556593345565465,0.011572715826332569,-0.0368211292468672
0,2004-09-23,1392.1651893851172,4.227787838944746,0.0002578094135969877,-0.02787149561180069
0,2004-09-24,1399.5100560250514,4.215395917019842,0.00527585856616497,-0.01239192192490357
0,2004-09-27,1419.6058192300477,4.2566920940091375,0.014359141699969769,0.04129617698929522
0,2004-09-28,1415.069691608531,4.247784334210235,-0.0031953430734574795,-0.008907759798902681
0,2004-09-29,1425.7535194792754,4.220649003700724,0.007550036534667015,-0.02713533050951078
0,2004-09-30,1418.3480056985377,4.203948385930809,-0.0051941052079200745,-0.016700617769915382
0,2004-10-01,1441.60780087505,4.237471072938858,0.016399215906858444,0.03352268700804917
0,2004-10-04,1446.7694841837153,4.276270817052963,0.0035805045627057552,0.03879974411410547
0,2004-10-05,1465.6010958206637,4.301419384192318,0.01301631797105074,0.02514856713935476
0,2004-10-06,1457.5715990004664,4.2396918143264095,-0.005478637292981148,-0.06172756986590855
0,2004-10-07,1460.449978673684,4.176307264896527,0.001974777551367879,-0.06338454942988214
0,2004-10-08,1459.8517672192002,4.180141966949199,-0.00040960762999020517,0.003834702052671446
0,2004-10-13,1448.8889617369964,4.175893409919255,-0.007509533315896988,-0.004248557029943534
0,2004-10-14,1445.4553534703361,4.180644094942524,-0.002369821537286043,0.004750685023268808
0,2004-10-15,1434.1049579448804,4.124789152386072,-0.007852470502257347,-0.055854942556452514
0,2004-10-18,1417.8839834460678,4.089776776370804,-0.011310869827866554,-0.035012376015267854
0,2004-10-19,1406.4141436534906,4.062659042153104,-0.008089406415820122,-0.027117734217699585
0,2004-10-20,1409.6997977018282,4.147926565260006,0.002336192410439253,0.08526752310690178
0,2004-10-21,1392.884458011214,4.137940842905697,-0.011928312480449677,-0.009985722354309168
0,2004-10-22,1398.8359486938282,4.1120438027736395,0.004272781312465668,-0.025897040132057292
0,2004-10-25,1398.6001591760503,4.007660694529053,-0.00016856123693287373,-0.10438310824458608
0,2004-10-26,1382.8772232962615,4.010232726979029,-0.011241909116506577,0.0025720324499758362
0,2004-10-27,1385.9020537648844,3.982126008748129,0.0021873456425964832,-0.028106718230900274
0,2004-10-28,1375.543320230945,3.948571821249396,-0.007474361918866634,-0.03355418749873307
0,2004-10-29,1384.7633469738053,3.9211398562449977,0.006702825427055359,-0.02743196500439815
0,2004-11-01,1381.42970679109,3.9467593296053987,-0.0024073717650026083,0.025619473360400935
0,2004-11-02,1395.204941116577,4.000982679554054,0.009971722960472107,0.05422334994865574
0,2004-11-03,1416.0869645307434,4.076813962496409,0.0149669935926795,0.07583128294235486
0,2004-11-04,1414.7973124427594,3.964414628392555,-0.0009107153164222836,-0.11239933410385428
0,2004-11-05,1411.9872117295024,3.982637969175263,-0.0019862214103341103,0.018223340782708153
0,2004-11-08,1420.1647727842628,3.973076156777562,0.005791526287794113,-0.009561812397701264
0,2004-11-09,1429.3486306820312,3.8787102624520147,0.006466755177825689,-0.0943658943255472
0,2004-11-10,1437.1461918462721,3.814630318688206,0.00545532489195466,-0.06407994376380888
0,2004-11-15,1389.1972760363592,3.7445412606014044,-0.03336397930979729,-0.07008905808680144
0,2004-11-16,1387.4878722677588,3.7842619036775016,-0.0012304974952712655,0.03972064307609724
0,2004-11-17,1403.0506362297967,3.8525114673600873,0.011216504499316216,0.06824956368258572
0,2004-11-18,1393.1024512631936,3.809163836057335,-0.007090396247804165,-0.0433476313027521
0,2004-11-19,1391.12341204245,3.796389617902872,-0.0014205984771251678,-0.012774218154463224
0,2004-11-22,1412.5474690932476,3.806933025967226,0.015400543808937073,0.010543408064354054
0,2004-11-23,1407.7062268709217,3.8115280246389354,-0.0034273129422217607,0.004594998671709316
0,2004-11-24,1401.899854312606,3.8422361337995397,-0.004124704748392105,0.03070810916060429
0,2004-11-26,1425.660155967683,3.8395010569089365,0.016948644071817398,-0.0027350768906031497
0,2004-11-29,1431.260699565613,3.843105352723215,0.003928386140614748,0.0036042958142785686
0,2004-11-30,1456.5161310659244,3.9090916596948206,0.017645584419369698,0.06598630697160557
0,2004-12-01,1450.4964787062631,3.942351945967536,-0.004132911562919617,0.033260286272715156
0,2004-12-02,1445.6917537563295,3.892470848271441,-0.0033124692272394896,-0.049881097696094834
0,2004-12-03,1454.0634949769887,3.9144998916659137,0.005790820345282555,0.022029043394472758
0,2004-12-06,1441.825705497199,3.8629172440128587,-0.008416268974542618,-0.05158264765305498
0,2004-12-07,1464.4328238265769,4.0302610184364305,0.015679508447647095,0.16734377442357173
0,2004-12-08,1471.448928879306,3.9989012008512703,0.004791005048900843,-0.031359817585160155
0,2004-12-09,1456.7825626612357,3.944933671929071,-0.009967295452952385,-0.05396752892219947
0,2004-12-10,1450.593698228182,3.927004850144341,-0.004248310346156359,-0.017928821784729987
0,2004-12-13,1457.902485287358,3.8499891461907727,0.005038479808717966,-0.07701570395356816
0,2004-12-14,1457.6538052839414,3.882755041824264,-0.00017057382501661777,0.032765895633491304
0,2004-12-15,1468.2802930783141,3.825847886598868,0.007290131412446499,-0.05690715522539591
0,2004-12-16,1481.0915522271653,3.8371075961774994,0.00872534979134798,0.011259709578631316
0,2004-12-17,1473.5017847470479,3.772160890540535,-0.005124441813677549,-0.06494670563696436
0,2004-12-20,1472.0652667821953,3.7180528395020302,-0.0009749007294885814,-0.0541080510385048
0,2004-12-21,1472.4609308632919,3.7255032796930703,0.00026878161588683724,0.00745044019104002
0,2004-12-22,1477.0351592328038,3.710129926714875,0.0031065193470567465,-0.01537335297819542
0,2004-12-23,1472.5844913632093,3.647338863122336,-0.003013244364410639,-0.06279106359253905
0,2004-12-27,1469.797160842568,3.647152980893893,-0.0018928153440356255,-0.0001858822284428463
0,2004-12-28,1463.6753156296027,3.6248593818194004,-0.004165095277130604,-0.022293599074492576
0,2004-12-29,1456.9065669421987,3.628090063601838,-0.004624487832188606,0.003230681782437461
0,2004-12-30,1446.6203924383638,3.6332361948156544,-0.00706028426066041,0.005146131213816574
0,2004-12-31,1437.924997887355,3.6238697892537908,-0.006010833662003279,-0.009366405561863633
0,2005-01-03,1431.3300651998782,3.649097660654254,-0.00458642328158021,0.02522787140046301
0,2005-01-04,1436.8862162272521,3.697310955552263,0.0038818097673356533,0.048213294898009185
0,2005-01-05,1428.548280400273,3.6614891343202443,-0.005802780855447054,-0.035821821232018713
0,2005-01-06,1419.2887996478285,3.6616664729714,-0.006481741555035114,0.00017733865115587832
0,2005-01-07,1405.1829508887345,3.6722901071418095,-0.009938674047589302,0.010623634170409346
0,2005-01-10,1411.377073291707,3.6518725711534885,0.004408054053783417,-0.020417535988320967
0,2005-01-11,1355.9441321543916,3.521337667822655,-0.03927578404545784,-0.13053490333083362
0,2005-01-12,1353.3686542003215,3.507083906343656,-0.0018993982812389731,-0.014253761478999039
0,2005-01-13,1358.2908578687775,3.4807052039231343,0.003637001384049654,-0.026378702420521538
0,2005-01-14,1344.0958203260345,3.4341391853443914,-0.010450661182403564,-0.046566018578742874
0,2005-01-18,1346.9040133822386,3.412214501829893,0.002089280402287841,-0.02192468351449861
0,2005-01-19,1369.154763652635,3.478888711065276,0.016519922763109207,0.06667420923538314
0,2005-01-20,1369.6189068263564,3.490105277973876,0.0003389997873455286,0.011216566908600178
0,2005-01-21,1372.7061865582482,3.50642561834978,0.0022541158832609653,0.016320340375903797
0,2005-01-24,1403.1533343727083,3.546072507742909,0.022180382162332535,0.039646889393129214
0,2005-01-25,1426.663899950385,3.54783966394448,0.016755521297454834,0.001767156201570863
0,2005-01-26,1430.2601075662658,3.53145512353382,0.002520711161196232,-0.016384540410660176
0,2005-01-27,1455.5925559867921,3.5740571042178617,0.017711777240037918,0.04260198068404186
0,2005-01-28,1464.6680545530394,3.5566867742808763,0.0062349168583750725,-0.017370329936985396
0,2005-01-31,1473.7214287271406,3.5532173615523157,0.0061811781488358974,-0.003469412728560606
0,2005-02-01,1466.9967773790634,3.5923911842234646,-0.004563041031360626,0.039173822671148884
0,2005-02-02,1473.0245699222446,3.6666782173886956,0.004108933731913567,0.074287033165231
0,2005-02-03,1468.1457155763474,3.6494054811353775,-0.0033121337182819843,-0.017272736253318044
0,2005-02-04,1469.4815332529938,3.671686607349922,0.0009098672308027744,0.02228112621454459
0,2005-02-07,1480.8753619186766,3.7093444865488365,0.0077536385506391525,0.03765787919891439
0,2005-02-08,1472.4956778170856,3.7198399174942876,-0.005658601876348257,0.010495430945451023
0,2005-02-09,1467.415376138568,3.6722765524802568,-0.0034501301124691963,-0.0475633650140308
0,2005-02-10,1470.3038062852543,3.7453260801645576,0.0019683793652802706,0.07304952768430084
0,2005-02-11,1449.6697225477656,3.795464323828894,-0.014033891260623932,0.05013824366433628
0,2005-02-14,1448.2191034601713,3.7629721566854375,-0.0010006548836827278,-0.032492167143456374
0,2005-02-15,1440.1746399519602,3.7029821089172663,-0.005554728209972382,-0.059990047768171184
0,2005-02-16,1440.0384453379686,3.695772957780088,-9.456812404096127e-05,-0.007209151137178349
0,2005-02-17,1443.5342328419033,3.639303517306892,0.002427565399557352,-0.05646944047319602
0,2005-02-18,1438.4429960460193,3.6317514581477384,-0.003526924876496196,-0.007552059159153579
0,2005-02-22,1447.8630401142364,3.6730932477653377,0.006548778153955936,0.04134178961759938
0,2005-02-23,1467.8853955886311,3.6722730768481475,0.013828901574015617,-0.0008201709171902216
0,2005-02-24,1465.3434243974727,3.5625158894516393,-0.001731723197735846,-0.1097571873965082
0,2005-02-25,1476.515905262614,3.5933847893960276,0.007624479476362467,0.03086889994438824
0,2005-02-28,1496.9503988158879,3.6201849766041407,0.013839670456945896,0.02680018720811317
0,2005-03-01,1524.2515942300845,3.6692376902106507,0.018237875774502754,0.04905271360650998
0,2005-03-02,1540.6563713463925,3.6524352496816372,0.010762512683868408,-0.016802440529013474
0,2005-03-03,1524.4790908215284,3.6535345003243114,-0.01050025224685669,0.0010992506426741322
0,2005-03-04,1532.7568502814534,3.6535378555542954,0.005429893732070923,3.3552299840700073e-06
0,2005-03-07,1515.8246151577675,3.640595780417168,-0.01104691531509161,-0.012942075137127418
0,2005-03-08,1490.7022598276626,3.652244394677589,-0.01657339185476303,0.011648614260420853
0,2005-03-09,1472.6505752917178,3.6317227269669887,-0.012109517119824886,-0.020521667710600155
0,2005-03-10,1473.2209780907353,3.616432163711058,0.00038733071414753795,-0.01529056325593059
0,2005-03-11,1474.5029516470663,3.6574703673142155,0.000870184157975018,0.04103820360315735
0,2005-03-14,1487.7231127679452,3.6838664122590883,0.008965842425823212,0.0263960449448728
0,2005-03-15,1486.6016422660862,3.6830253047617036,-0.0007538166828453541,-0.0008411074973846411
0,2005-03-16,1513.594651501828,3.737340507929844,0.01815752685070038,0.054315203168140425
0,2005-03-17,1522.331289258152,3.803087347207026,0.005772111937403679,0.06574683927718183
0,2005-03-18,1543.0607944364233,3.8213055233608912,0.013616947457194328,0.01821817615386534
0,2005-03-21,1533.0474126364063,3.7850108711941255,-0.006489298306405544,-0.03629465216676575
0,2005-03-22,1530.6141664193815,3.7968428257968405,-0.0015871956711634994,0.011831954602715022
0,2005-03-23,1527.6623999607307,3.7694363492186946,-0.0019284849986433983,-0.027406476578145877
0,2005-03-24,1525.6969674664842,3.774395220915476,-0.0012865620665252209,0.00495887169678122
0,2005-03-28,1527.144993151203,3.7536912693849147,0.0009490912780165672,-0.02070395153056115
0,2005-03-29,1516.0514486881348,3.745887043461408,-0.007264237850904465,-0.0078042259235067135
0,2005-03-30,1496.7791938004952,3.7197971992809706,-0.012712137773633003,-0.02608984418043736
0,2005-03-31,1481.8192684501828,3.7139682521672563,-0.009994744323194027,-0.005828947113714289
0,2005-04-01,1473.5851939062538,3.636356616411833,-0.005556733347475529,-0.07761163575542351
0,2005-04-04,1467.2076209587808,3.6323378141526783,-0.004327929578721523,-0.004018802259154519
0,2005-04-05,1477.4522597704117,3.5998734026545187,0.006982405669987202,-0.032464411498159595
0,2005-04-06,1486.829429990489,3.6067157780236623,0.006346851587295532,0.006842375369143561
0,2005-04-07,1505.4998572033976,3.6278417891256893,0.01255720853805542,0.021126011102027054
0,2005-04-08,1523.3971822947021,3.6960574087245215,0.011887961998581886,0.06821561959883216
0,2005-04-11,1513.8218809886423,3.63089704553238,-0.006285492330789566,-0.06516036319214136
0,2005-04-12,1510.5779608674616,3.5821352427676123,-0.002142867771908641,-0.048761802764767825
0,2005-04-13,1513.5024207423378,3.611916051907485,0.001935987384058535,0.029780809139872577
0,2005-04-14,1524.61038537495,3.758188606260992,0.007339244708418846,0.14627255435350728
0,2005-04-15,1517.890806508634,3.7471061915814445,-0.004407407250255346,-0.011082414679547625
0,2005-04-18,1504.858998006533,3.7622548627591694,-0.008585471659898758,0.015148671177724893
0,2005-04-19,1513.9249066506848,3.728993380089405,0.006024423986673355,-0.033261482669764586
0,2005-04-20,1489.707743983615,3.7038018662844197,-0.015996277332305908,-0.02519151380498519
0,2005-04-21,1477.4004250609755,3.704163530994155,-0.008261566050350666,0.0003616647097355319
0,2005-04-22,1470.9431522479606,3.6823305286151182,-0.004370699170976877,-0.02183300237903696
0,2005-04-25,1474.3799399998638,3.6666229531085195,0.0023364517837762833,-0.015707575506598737
0,2005-04-26,1471.9424099266669,3.5971541151185367,-0.0016532577574253082,-0.06946883798998282
0,2005-04-27,1463.4513123369882,3.583090271014775,-0.005768634378910065,-0.014063844103761713
0,2005-04-28,1458.0116840621363,3.566369162749141,-0.003716986160725355,-0.016721108265633777
0,2005-04-29,1456.8810306739288,3.5373519505788655,-0.0007754762191325426,-0.02901721217027564
0,2005-05-02,1469.2133894694086,3.5355027185198304,0.008464904502034187,-0.0018492320590350886
0,2005-05-03,1472.3498134704798,3.563521477422943,0.002134764101356268,0.028018758903112673
0,2005-05-04,1504.0983956080636,3.591618628352478,0.021563205868005753,0.02809715092953491
0,2005-05-05,1502.6860336586685,3.6366265046457036,-0.0009390090126544237,0.04500787629322556
0,2005-05-06,1527.7282523300537,3.5846274820188437,0.01666497066617012,-0.05199902262685985
0,2005-05-09,1504.1171721950514,3.5117020352020365,-0.015455026179552078,-0.07292544681680724
0,2005-05-10,1491.312883467272,3.5166418620318987,-0.008512826636433601,0.0049398268298621595
0,2005-05-11,1499.3736649382804,3.550775795930565,0.005405157804489136,0.03413393389866615
0,2005-05-12,1478.8017692711585,3.5610519619280625,-0.013720326125621796,0.0102761659974977
0,2005-05-13,1466.9296337791905,3.4097511891311836,-0.008028212934732437,-0.15130077279687892
0,2005-05-16,1425.8565099121834,3.3848764553352306,-0.027999382466077805,-0.024874733795952952
0,2005-05-17,1434.9363755407367,3.3910675728892747,0.006368007976561785,0.006191117554044112
0,2005-05-18,1452.8689657616521,3.447423024433614,0.012497132644057274,0.056355451544339186
0,2005-05-19,1459.8529583678796,3.4419201495583005,0.004807035438716412,-0.005502874875313424
0,2005-05-20,1466.4260794680883,3.4255907756805546,0.004502591211348772,-0.016329373877745912
0,2005-05-23,1472.996884649414,3.4305375163080933,0.0044808294624090195,0.004946740627538748
0,2005-05-24,1485.2858012900049,3.482699675287188,0.008342798799276352,0.05216215897909482
0,2005-05-25,1497.006328861805,3.456288431766049,0.007891092449426651,-0.026411243521139216
0,2005-05-26,1491.66375177897,3.4207749192502175,-0.003568840678781271,-0.03551351251583146
0,2005-05-27,1497.072324003683,3.4419842902565265,0.0036258655600249767,0.02120937100630904
0,2005-05-31,1512.162757836684,3.4860875879673725,0.010079963132739067,0.04410329771084598
0,2005-06-01,1520.1090818914984,3.419622519028724,0.005254939664155245,-0.06646506893864856
0,2005-06-02,1527.699738383422,3.4056077037702175,0.004993494600057602,-0.014014815258506452
0,2005-06-03,1517.2275106267437,3.3452132812606545,-0.006854899227619171,-0.06039442250956295
0,2005-06-06,1509.6536312630813,3.359509861347291,-0.004991920664906502,0.014296580086636368
0,2005-06-07,1508.0545742774382,3.391150717560637,-0.0010592211037874222,0.03164085621334589
0,2005-06-08,1526.6538749409713,3.348729147575353,0.012333307415246964,-0.0424215699852839
0,2005-06-09,1509.4452900546078,3.212196340705933,-0.011272093281149864,-0.13653280686942004
0,2005-06-10,1496.4112561931295,3.205698921172958,-0.008634982630610466,-0.006497419532975002
0,2005-06-13,1486.4626481922526,3.1816898880591595,-0.0066483113914728165,-0.024009033113798317
0,2005-06-14,1492.8387105904956,3.1861770605667625,0.0042894198559224606,0.004487172507602999
0,2005-06-15,1512.5961180479203,3.2550164026874855,0.013234790414571762,0.06883934212072296
0,2005-06-16,1510.5980061508747,3.190497350950824,-0.001320981769822538,-0.06451905173666139
0,2005-06-17,1514.098539278991,3.2052023534187204,0.0023173161316663027,0.0147050024678963
0,2005-06-20,1530.874833712903,3.248536983261038,0.011080054566264153,0.04333462984231762
0,2005-06-21,1530.4912944293555,3.3133814510615007,-0.0002505360171198845,0.06484446780046271
0,2005-06-22,1533.745582714914,3.287033253371877,0.0021263030357658863,-0.02634819768962382
0,2005-06-23,1512.5468647499779,3.250194200968789,-0.013821534812450409,-0.03683905240308771
0,2005-06-24,1496.7343223421567,3.127555335646832,-0.010454249568283558,-0.122638865321957
0,2005-06-27,1459.9851564719306,3.084958855853521,-0.024552898481488228,-0.04259647979331138
0,2005-06-28,1470.2803791723823,3.107811087889305,0.007051594089716673,0.022852232035784237
0,2005-06-29,1466.1222501376678,3.1330533438084682,-0.0028281197883188725,0.02524225591916318
0,2005-06-30,1459.0237155106804,3.123932370916431,-0.004841707181185484,-0.009120972892037393
0,2005-07-01,1473.0365441483848,3.0605971216097743,0.009604250080883503,-0.06333524930665657
0,2005-07-05,1468.2211218667799,3.1116838359691186,-0.0032690446823835373,0.05108671435934431
0,2005-07-06,1469.9960636231306,3.069364017607083,0.0012089062947779894,-0.042319818362035466
0,2005-07-07,1463.632422401365,2.9867444280944944,-0.004329019226133823,-0.08261958951258874
0,2005-07-08,1466.066188519702,2.986164119665222,0.0016628260491415858,-0.0005803084292721472
0,2005-07-11,1487.7193078843547,2.948372190010583,0.01476953737437725,-0.0377919296546394
0,2005-07-12,1488.4094700232974,2.9622017715684943,0.0004639061517082155,0.013829581557911474
0,2005-07-13,1495.5807320505066,2.934330228720879,0.00481807067990303,-0.027871542847615505
0,2005-07-14,1514.5743132228347,2.961390091069613,0.012699803337454796,0.027059862348734143
0,2005-07-15,1548.4315210895288,3.026181291588153,0.02235427312552929,0.06479120051854004
0,2005-07-18,1545.6512292939553,2.985291775197375,-0.0017955536022782326,-0.04088951639077809
0,2005-07-19,1565.13382951929,2.9620519712684112,0.012604784220457077,-0.02323980392896363
0,2005-07-20,1576.3476618691955,2.970169504611872,0.0071647753939032555,0.008117533343460881
0,2005-07-21,1571.1703116963404,2.925298958732665,-0.0032843961380422115,-0.044870545879207135
0,2005-07-22,1563.3932059936822,2.894697863322239,-0.004949880763888359,-0.030601095410426105
0,2005-07-25,1563.1673982428983,2.797688571862829,-0.00014443439431488514,-0.09700929145940984
0,2005-07-26,1553.3096132432945,2.7377249561795685,-0.00630628876388073,-0.059963615683260585
0,2005-07-27,1577.7791528086789,2.7727311461231086,0.015753163024783134,0.0350061899435401
0,2005-07-28,1555.9145041340364,2.7830463259845124,-0.01385786384344101,0.010315179861403845
0,2005-07-29,1559.1182101072095,2.8232082275162806,0.0020590501371771097,0.04016190153176824
0,2005-08-01,1569.8998948339372,2.8305570771127497,0.006915245205163956,0.007348849596469087
0,2005-08-02,1568.9209498917235,2.822077449459605,-0.0006235715700313449,-0.008479627653144917
0,2005-08-03,1596.1694546181977,2.899784241063763,0.01736767217516899,0.07770679160415828
0,2005-08-04,1612.4021050024114,2.936405760617021,0.010169753804802895,0.036621519553257986
0,2005-08-05,1605.9367100071934,2.925075736237885,-0.0040097907185554504,-0.011330024379136105
0,2005-08-08,1583.0583203004833,2.854711068046971,-0.014246134087443352,-0.0703646681909138
0,2005-08-09,1567.337647871201,2.8451667016042426,-0.009930570609867573,-0.009544366442728602
0,2005-08-10,1552.3871516164093,2.7822625256677904,-0.009538784623146057,-0.06290417593645214
0,2005-08-11,1537.0300532772637,2.7677180931520007,-0.009892569854855537,-0.01454443251578974
0,2005-08-12,1540.2227191154452,2.817661218696445,0.002077165525406599,0.04994312554444447
0,2005-08-15,1553.7782625966015,2.776847225174179,0.00880102813243866,-0.04081399352226622
0,2005-08-16,1550.5943401252748,2.7361198793677635,-0.0020491485483944416,-0.04072734580641546
0,2005-08-17,1556.8388892132123,2.7261284430065214,0.004027197137475014,-0.009991436361242112
0,2005-08-18,1551.010683067769,2.711703558995049,-0.0037436154671013355,-0.01442488401147246
0,2005-08-19,1542.582697681678,2.710620751696395,-0.0054338667541742325,-0.0010828072986539539
0,2005-08-22,1548.7390717875796,2.7189382590440467,0.003990952391177416,0.008317507347651798
0,2005-08-23,1544.6516438437964,2.704807093678319,-0.002639197278767824,-0.014131165365727671
0,2005-08-24,1525.523549297295,2.6712259351997485,-0.012383435852825642,-0.03358115847857057
0,2005-08-25,1503.5828940817855,2.6333147918361783,-0.01438237726688385,-0.037911143363570154
0,2005-08-26,1479.8299039311044,2.585575140626176,-0.01579759269952774,-0.04773965121000234
0,2005-08-29,1489.1571881359257,2.5894712568442046,0.006302943453192711,0.0038961162180286557
0,2005-08-30,1468.7849036231087,2.5606289355176513,-0.0136804124340415,-0.0288423213265534
0,2005-08-31,1483.1981903980638,2.5668238776774284,0.009813068434596062,0.006194942159777117
0,2005-09-01,1476.532813427048,2.6049125363100045,-0.004493921995162964,0.038088658632576156
0,2005-09-02,1468.6718647614105,2.633098297819438,-0.005323924124240875,0.028185761509433416
0,2005-09-06,1467.8256649853738,2.6555604079425166,-0.0005761666689068079,0.022462110123078638
0,2005-09-07,1476.6894310018326,2.6607601384748527,0.006038704887032509,0.005199730532336133
0,2005-09-08,1490.8419294833348,2.5528462265623095,0.009583937004208565,-0.10791391191254318
0,2005-09-09,1478.8628931676774,2.521610255689155,-0.008035081438720226,-0.03123597087315444
0,2005-09-12,1476.75254818593,2.482628848847791,-0.0014270051615312696,-0.03898140684136431
0,2005-09-13,1465.5393723989039,2.490612129056768,-0.00759313115850091,0.007983280208977206
0,2005-09-14,1459.9125851172703,2.485451268475818,-0.003839396871626377,-0.005160860580950111
0,2005-09-15,1452.5249211431135,2.4506460605465494,-0.00506034679710865,-0.034805207929268445
0,2005-09-16,1444.1381488355248,2.4254232413590295,-0.005773926619440317,-0.025222819187519896
0,2005-09-19,1458.125802885155,2.4292426697457885,0.009685814380645752,0.0038194283867589718
0,2005-09-20,1471.1570301630823,2.448845316410121,0.008936970494687557,0.019602646664332646
0,2005-09-21,1476.1559556871116,2.4804197797358194,0.0033979550935328007,0.03157446332569824
0,2005-09-22,1468.2640517213795,2.4182227273130117,-0.005346253514289856,-0.06219705242280771
0,2005-09-23,1459.5877860418097,2.4062952309503145,-0.0059091998264193535,-0.011927496362697187
0,2005-09-26,1469.3586367368182,2.428359954089085,0.006694253534078598,0.022064723138770503
0,2005-09-27,1479.475650648525,2.4224632023685486,0.0068853264674544334,-0.005896751720536386
0,2005-09-28,1480.3600384959202,2.3231333392644724,0.0005977711407467723,-0.09932986310407621
0,2005-09-29,1474.2365113494714,2.258466091385363,-0.00413651205599308,-0.06466724787910927
0,2005-09-30,1508.3891314468403,2.354478408185011,0.023166310042142868,0.09601231679964783
0,2005-10-03,1514.8060580218116,2.328463155741556,0.004254158586263657,-0.02601525244345515
0,2005-10-04,1508.820329136198,2.328993439361304,-0.003951482009142637,0.0005302836197480509
0,2005-10-05,1514.8979592045957,2.346574546562322,0.004028067458420992,0.01758110720101813
0,2005-10-06,1505.5314279371223,2.336674423749615,-0.00618294533342123,-0.009900122812707135
0,2005-10-07,1513.6921974178656,2.2708858549198356,0.005420524161309004,-0.06578856882977924
0,2005-10-12,1511.9494983395928,2.2634083263101887,-0.0011512902565300465,-0.0074775286096469
0,2005-10-13,1521.7159561022402,2.325964546080297,0.006459513213485479,0.06255621977010817
0,2005-10-14,1511.1592591417627,2.2827941187629612,-0.006937363650649786,-0.04317042731733567
0,2005-10-17,1492.8903340024162,2.2628504020243536,-0.012089344672858715,-0.01994371673860762
0,2005-10-18,1468.4153413168647,2.2383477963144425,-0.016394367441534996,-0.02450260570991114
0,2005-10-19,1484.761204830439,2.2646936816938177,0.011131634935736656,0.02634588537937521
0,2005-10-20,1477.00360620975,2.2178156450746083,-0.005224812310189009,-0.04687803661920942
0,2005-10-21,1462.3850533962095,2.166740947634842,-0.009897438809275627,-0.051074697439766226
0,2005-10-24,1461.329405257371,2.1750330175581185,-0.0007218674290925264,0.008292069923276468
0,2005-10-25,1471.032121176742,2.1946285076524603,0.0066396500915288925,0.019595490094341805
0,2005-10-26,1422.5973440334876,2.097768148152863,-0.03292571008205414,-0.09686035949959715
0,2005-10-27,1428.0907320920412,2.087509256273586,0.0038615199737250805,-0.010258891879276977
0,2005-10-28,1423.1234824848173,2.0363741150315327,-0.003478245111182332,-0.05113514124205354
0,2005-10-31,1449.0836260953477,2.0790896145663993,0.01824166625738144,0.04271549953486664
0,2005-11-01,1430.2667726120274,2.0483178582634887,-0.012985346838831902,-0.030771756302910624
0,2005-11-02,1437.6088490768575,2.0765246791300545,0.005133361555635929,0.028206820866565785
0,2005-11-03,1432.5178698582483,2.0533952924619827,-0.0035412826109677553,-0.02312938666807174
0,2005-11-04,1441.6548739380387,2.0611820896513016,0.00637828279286623,0.00778679718931885
0,2005-11-07,1443.0762183428492,2.0454108042216994,0.0009859116980805993,-0.015771285429602155
0,2005-11-08,1488.1526260702824,2.124428803147523,0.031236331909894943,0.07901799892582373
0,2005-11-09,1506.7414438743247,2.133500251443361,0.012491203844547272,0.009071448295837836
0,2005-11-10,1522.0293596010622,2.138384751058803,0.010146343149244785,0.004884499615442017
0,2005-11-15,1546.8246264206425,2.172320799437764,0.016290925443172455,0.033936048378961026
0,2005-11-16,1550.83798188903,2.189287545376717,0.0025945769157260656,0.016966745938952865
0,2005-11-17,1546.563043317538,2.1728911372314346,-0.0027565346099436283,-0.016396408145282315
0,2005-11-18,1538.0288094061964,2.1494344914092895,-0.005518193356692791,-0.023456645822145017
0,2005-11-21,1536.1062576810002,2.161662314138382,-0.0012500102166086435,0.012227822729092619
0,2005-11-22,1524.0081059762097,2.113660891398444,-0.007875856012105942,-0.04800142273993835
0,2005-11-23,1517.7087211305432,2.1136807618779434,-0.004133432637900114,1.9870479499584093e-05
0,2005-11-25,1539.3055011639951,2.1162860979427816,0.014229858294129372,0.0026053360648381485
0,2005-11-28,1532.957042266664,2.0972154634094626,-0.004124235827475786,-0.01907063453331892
0,2005-11-29,1522.8698168760313,2.1256524392697655,-0.0065802400931715965,0.028436975860302915
0,2005-11-30,1514.580573723051,2.1048981955215087,-0.00544317252933979,-0.02075424374825685
0,2005-12-01,1519.3371631048608,2.1064152687193793,0.003140532411634922,0.0015170731978706442
0,2005-12-02,1529.2081556770536,2.1023972072259034,0.006496907211840153,-0.004018061493475944
0,2005-12-05,1546.850890192026,2.1366342397476887,0.01153717003762722,0.03423703252178534
0,2005-12-06,1549.17615828592,2.081571935105938,0.0015032270457595587,-0.05506230464175088
0,2005-12-07,1552.714988709639,2.1462484653400464,0.0022843305487185717,0.06467653023410858
0,2005-12-08,1557.7297337873622,2.144748738644082,0.00322966231033206,-0.0014997266959642097
0,2005-12-09,1547.8021932867048,2.0954952603623234,-0.0063730827532708645,-0.049253478281758856
0,2005-12-12,1533.345679914843,2.041942570659541,-0.009340026415884495,-0.053552689702782263
0,2005-12-13,1531.2415441178007,2.0161455593158726,-0.0013722514268010855,-0.02579701134366852
0,2005-12-14,1546.4481369638822,2.0518977556335867,0.00993089098483324,0.03575219631771409
0,2005-12-15,1547.6719212644118,2.0648812774183005,0.0007913516601547599,0.012983521784713847
0,2005-12-16,1547.5169521813962,2.059416620103192,-0.00010013044811785221,-0.005464657315108479
0,2005-12-19,1543.4586375201363,2.0149303497826905,-0.0026224686298519373,-0.044486270320501564
0,2005-12-20,1540.7526636840785,1.9983611818607643,-0.0017531884368509054,-0.016569167921926198
0,2005-12-21,1534.8120114059004,1.985198755580271,-0.0038556819781661034,-0.013162426280493245
0,2005-12-22,1548.5578995942,2.0009432916195333,0.008956072852015495,0.01574453603926229
0,2005-12-23,1546.8430264981625,1.9892726373313592,-0.0011074000503867865,-0.011670654288174154
0,2005-12-27,1540.1683642217754,1.9468753998584292,-0.004315022379159927,-0.042397237472930005
0,2005-12-28,1532.4275804495462,1.947916622258047,-0.005025933496654034,0.0010412223996179026
0,2005-12-29,1541.0242984671584,1.938200601063047,0.00560986902564764,-0.009716021195000035
0,2005-12-30,1531.6743639088895,1.8983220417245386,-0.006067350506782532,-0.03987855933850848
0,2006-01-03,1543.895242724185,1.907803404401964,0.00797877088189125,0.009481362677425498
0,2006-01-04,1526.0002743025784,1.9051889812380383,-0.011590791866183281,-0.002614423163925794
0,2006-01-05,1509.7431732419893,1.8539490456295462,-0.010653406381607056,-0.05123993560849205
0,2006-01-06,1502.3941965054225,1.8313477881229714,-0.004867699928581715,-0.022601257506574823
0,2006-01-09,1504.0088713707285,1.815695980697897,0.0010747344931587577,-0.015651807425074438
0,2006-01-10,1522.4437034556972,1.8554650061342473,0.01225712988525629,0.0397690254363503
0,2006-01-11,1533.7643414537038,1.8714471497215814,0.007435833569616079,0.015982143587334185
0,2006-01-12,1539.7413691144786,1.87028313386749,0.0038969661109149456,-0.001164015854091538
0,2006-01-13,1560.0655894077054,1.9026506812652477,0.0131997624412179,0.03236754739775782
0,2006-01-17,1577.362500657585,1.9122594820005345,0.011087297461926937,0.009608800735286804
0,2006-01-18,1570.6491242231536,1.9086069600066902,-0.0042560771107673645,-0.00365252199384436
0,2006-01-19,1554.8578300670963,1.8925226154656238,-0.01005399227142334,-0.01608434454106633
0,2006-01-20,1526.953197005594,1.8238500039135255,-0.017946742475032806,-0.06867261155209836
0,2006-01-23,1517.6016505965158,1.8173196562695624,-0.006124317646026611,-0.006530347643963097
0,2006-01-24,1513.7713199474883,1.808105541820979,-0.0025239367969334126,-0.009214114448583333
0,2006-01-25,1512.5400141787775,1.7933720371713142,-0.0008134027593769133,-0.01473350464966483
0,2006-01-26,1525.3039445768675,1.7905516417789475,0.008438738994300365,-0.0028203953923666703
0,2006-01-27,1535.3191296029197,1.8449194328652518,0.006566025782376528,0.054367791086304296
0,2006-01-30,1542.1265212177912,1.8135546388059456,0.004433861002326012,-0.031364794059306256
0,2006-01-31,1528.5938992583044,1.8507089300289932,-0.008775299414992332,0.037154291223047586
0,2006-02-01,1553.1724584014753,1.8616914379600198,0.016079194843769073,0.01098250793102662
0,2006-02-02,1536.4658137183899,1.8425020417671332,-0.010756464675068855,-0.01918939619288662
0,2006-02-03,1520.3168419285978,1.8177471022979323,-0.010510466061532497,-0.02475493946920082
0,2006-02-06,1532.1976786155737,1.8432522893813812,0.007814710959792137,0.025505187083448844
0,2006-02-07,1517.810296361275,1.8305628836095764,-0.009390030056238174,-0.012689405771804774
0,2006-02-08,1521.1150224954367,1.8095736111150054,0.0021772985346615314,-0.020989272494571054
0,2006-02-09,1511.5276189799347,1.8205168900843272,-0.006302878726273775,0.01094327896932179
0,2006-02-10,1498.135097942053,1.7686199018341113,-0.008860255591571331,-0.051896988250215825
0,2006-02-13,1486.02529545666,1.72434383253112,-0.008083251304924488,-0.04427606930299133
0,2006-02-14,1469.256829277199,1.703083973110003,-0.011284105479717255,-0.021259859421117078
0,2006-02-15,1498.9910509715864,1.747969293483877,0.020237592980265617,0.04488532037387416
0,2006-02-16,1503.6471752970172,1.7447756478685563,0.0031061721965670586,-0.0031936456153207615
0,2006-02-17,1509.1194410055205,1.7296610979120624,0.0036393282935023308,-0.015114549956493972
0,2006-02-21,1513.0815888992693,1.7372439333062208,0.0026254700496792793,0.007582835394158494
0,2006-02-22,1538.587546160961,1.7788256964150988,0.016856960952281952,0.041581763108877956
0,2006-02-23,1544.696859204537,1.7993526308424543,0.003970728255808353,0.020526934427355537
0,2006-02-24,1549.6594264462178,1.8124557398334273,0.0032126479782164097,0.013103108990973
0,2006-02-27,1571.2341116227028,1.8517860095161405,0.013922210782766342,0.03933026968271314
0,2006-02-28,1570.938366025079,1.8497531211244305,-0.00018822503625415266,-0.0020328883917100082
0,2006-03-01,1567.5450262652646,1.8306898170310997,-0.002160071860998869,-0.01906330409333079
0,2006-03-02,1566.766516618606,1.8126870893359048,-0.0004966426058672369,-0.018002727695194842
0,2006-03-03,1561.457205320959,1.8219041832224525,-0.0033887061290442944,0.009217093886547678
0,2006-03-06,1569.515597943953,1.8521753870982047,0.0051608155481517315,0.030271203875752217
0,2006-03-07,1573.997948634267,1.8287474655338904,0.0028558815829455853,-0.02342792156431428
0,2006-03-08,1573.0994677578717,1.822456775567588,-0.0005708272219635546,-0.006290689966302443
0,2006-03-09,1578.1239212539838,1.8262981699454315,0.003193983342498541,0.0038413943778434767
0,2006-03-10,1592.5504544206435,1.848097134105535,0.009141571819782257,0.021798964160103518
0,2006-03-13,1591.0571520569065,1.7568599739036879,-0.0009376797825098038,-0.09123716020184713
0,2006-03-14,1593.1701559457665,1.73616469710841,0.0013280502753332257,-0.02069527679527794
0,2006-03-15,1600.4877508756297,1.7164724551847352,0.004593103192746639,-0.01969224192367469
0,2006-03-16,1603.629020987852,1.7351310727223264,0.0019626955036073923,0.018658617537591127
0,2006-03-17,1622.1913665076393,1.8111225105943358,0.011575211770832539,0.07599143787200946
0,2006-03-20,1634.3778480699705,1.8183474549390273,0.007512357551604509,0.007224944344691453
0,2006-03-21,1635.9465373002197,1.8561118466701914,0.0009598081815056503,0.03776439173116408
0,2006-03-22,1650.0153702328246,1.9209650781736587,0.008599812164902687,0.06485323150346733
0,2006-03-23,1664.5698598005517,1.9219839935234946,0.008820820599794388,0.0010189153498358916
0,2006-03-24,1662.5448939844532,1.8717079446375795,-0.0012165099615231156,-0.05027604888591508
0,2006-03-27,1657.1708394649509,1.8323843662697064,-0.0032324267085641623,-0.03932357836787315
0,2006-03-28,1654.5412755431278,1.8248809521928553,-0.0015867790207266808,-0.007503414076851067
0,2006-03-29,1647.3872411535813,1.8318913662785246,-0.004323877859860659,0.00701041408566927
0,2006-03-30,1647.3781942630033,1.8119951176207492,-5.491659976541996e-06,-0.019896248657775395
0,2006-03-31,1648.64571338185,1.8361356290275492,0.0007694159867241979,0.02414051140680007
0,2006-04-03,1638.2032723702666,1.8494454152335338,-0.006333950906991959,0.013309786205984553
0,2006-04-04,1634.2904175174224,1.8600169933026378,-0.0023885038681328297,0.010571578069104026
0,2006-04-05,1648.9745469205227,1.8363808642828987,0.008985018357634544,-0.023636129019739105
0,2006-04-06,1657.0662729130904,1.8211203074334779,0.004907126072794199,-0.015260556849420848
0,2006-04-07,1659.8878473075824,1.780356606343345,0.0017027528956532478,-0.04076370109013294
0,2006-04-10,1662.6485965020595,1.7677092213621517,0.0016632142942398787,-0.012647384981193222
0,2006-04-11,1649.6447644829268,1.7095405962215382,-0.007821154780685902,-0.058168625140613495
0,2006-04-12,1643.0851508241967,1.716745204051508,-0.00397637952119112,0.0072046078299699
0,2006-04-13,1654.5559595251686,1.7173140313218345,0.006981262471526861,0.0005688272703263664
0,2006-04-17,1674.3344124231455,1.772271794489163,0.011953934095799923,0.05495776316732859
0,2006-04-18,1694.346412413871,1.7945885448497023,0.011952212080359459,0.02231675036053926
0,2006-04-19,1701.474969837221,1.8124753245640313,0.00420726090669632,0.01788677971432895
0,2006-04-20,1699.3393980742142,1.7794778303530585,-0.0012551296968013048,-0.032997494210972755
0,2006-04-21,1711.017013403177,1.7859977095992308,0.006871855817735195,0.0065198792461722554
0,2006-04-24,1728.6844252041385,1.7904207799189977,0.010325678624212742,0.004423070319766964
0,2006-04-25,1731.617583881601,1.821850336947116,0.0016967577394098043,0.03142955702811823
0,2006-04-26,1730.3970731639681,1.829438172844814,-0.000704838486853987,0.007587835897697959
0,2006-04-27,1706.6420753937743,1.7864468861027514,-0.013728061690926552,-0.04299128674206254
0,2006-04-28,1711.6033781089507,1.7915071299236742,0.0029070551972836256,0.0050602438209228495
0,2006-05-01,1687.5153456513688,1.7647902508185573,-0.014073372818529606,-0.026716879105116886
0,2006-05-02,1716.4673290319442,1.7585425925983675,0.01715657487511635,-0.0062476582201898
0,2006-05-03,1716.1803263155898,1.7702145800664015,-0.00016720546409487724,0.011671987468033995
0,2006-05-04,1731.902105881726,1.7871633220311256,0.009160913527011871,0.016948741964724068
0,2006-05-05,1734.8553464683841,1.8174579488327294,0.001705200644209981,0.030294626801603775
0,2006-05-08,1765.1237593409323,1.8309651585895421,0.017447225749492645,0.013507209756812744
0,2006-05-09,1786.2033721786763,1.855523545411371,0.011942286044359207,0.02455838682182887
0,2006-05-10,1791.1036927153566,1.9107216691571074,0.0027434281073510647,0.055198123745736405
