path_id,Date,sp500_abs,DGS10_abs,sp500,DGS10
0,2021-05-12,6863.335057133688,4.72445716644146,-0.0019531052093952894,0.006770126293361933
0,2021-05-13,6922.487580207079,4.740939926160899,0.008618626743555069,0.016482759719439244
0,2021-05-14,6928.607250077883,4.7246303028103585,0.0008840275695547462,-0.016309623350540647
0,2021-05-17,6923.652374949559,4.740978094083672,-0.0007151329191401601,0.016347791273313206
0,2021-05-18,6867.144424435138,4.669013496402283,-0.008161581121385098,-0.0719645976813883
0,2021-05-19,6846.176867868902,4.660924802329337,-0.0030533152166754007,-0.008088694072946545
0,2021-05-20,6794.500810903823,4.7467922133028875,-0.007548162713646889,0.08586741097355066
0,2021-05-21,6747.1687239223065,4.7044590822339405,-0.006966234650462866,-0.04233313106894698
0,2021-05-24,6549.957160572979,4.6697491667522355,-0.02922878786921501,-0.03470991548170499
0,2021-05-25,6519.329516780297,4.703059025154011,-0.004676006734371185,0.03330985840177547
0,2021-05-26,6510.673469162698,4.704980826138603,-0.0013277512043714523,0.001921800984591826
0,2021-05-27,6443.666678043364,4.774317632742214,-0.01029183715581894,0.0693368066036113
0,2021-05-28,6483.175900294013,4.782531804416255,0.006131481379270554,0.008214171674040927
0,2021-06-01,6550.853375613279,4.746809399605895,0.01043893862515688,-0.03572240481036015
0,2021-06-02,6490.485162467266,4.7221744127045175,-0.009215320460498333,-0.02463498690137733
0,2021-06-03,6516.032973486559,4.815007140905017,0.003936194349080324,0.09283272820049948
0,2021-06-04,6497.18108178901,4.8387701194992845,-0.0028931547421962023,0.02376297859426746
0,2021-06-07,6526.230052862263,4.834464172081282,0.004471011459827423,-0.004305947418002276
0,2021-06-08,6608.989984113647,4.786736127782363,0.012681123800575733,-0.047728044298919414
0,2021-06-09,6650.135680934042,4.79117692342853,0.006225716322660446,0.004440795646167395
0,2021-06-10,6708.9254956857585,4.785979413506923,0.008840393275022507,-0.0051975099216070575
0,2021-06-11,6747.525601034368,4.795794022142253,0.005753545090556145,0.009814608635330124
0,2021-06-14,6745.345370934402,4.770447481458743,-0.0003231154987588525,-0.025346540683510277
0,2021-06-15,6864.716346684515,4.844027450625004,0.017696792259812355,0.07357996916626064
0,2021-06-16,6908.4398657084585,4.823141829156713,0.006369311828166246,-0.02088562146829087
0,2021-06-17,6925.793274969618,4.771558984969165,0.0025119143538177013,-0.051582844187548105
0,2021-06-18,6853.087127098852,4.675971409037558,-0.010497880168259144,-0.0955875759316065
0,2021-06-21,6855.535176961734,4.544555976960123,0.00035721855238080025,-0.13141543207743478
0,2021-06-22,6780.168147028854,4.500958315481436,-0.010993602685630322,-0.043597661478687044
0,2021-06-23,6783.274727700192,4.5193675492867325,0.0004581863759085536,0.018409233805296132
0,2021-06-24,6808.199574828039,4.737443137259709,0.0036744563840329647,0.21807558797297677
0,2021-06-25,6885.986175850117,4.72213142897935,0.01142542902380228,-0.015311708280359326
0,2021-06-28,6868.243174284003,4.707568533818391,-0.0025766827166080475,-0.014562895160959322
0,2021-06-29,6985.805109331099,4.732173847448818,0.017116740345954895,0.024605313630427617
0,2021-06-30,6927.5605978710855,4.764871066651495,-0.008337551727890968,0.0326972192026771
0,2021-07-01,7060.965469071153,4.776246809676862,0.01925712078809738,0.011375743025366702
0,2021-07-02,6991.971423191856,4.8051601590940685,-0.009771191515028477,0.02891334941720647
0,2021-07-06,6994.906162342858,4.828985766305035,0.0004197298549115658,0.023825607210966382
0,2021-07-07,7018.049716040386,4.826319548930495,0.0033086296170949936,-0.002666217374540203
0,2021-07-08,7038.2034566258835,4.804184149325549,0.0028717010281980038,-0.022135399604946038
0,2021-07-09,6949.2170373623385,4.800213543801045,-0.012643342837691307,-0.0039706055245032346
0,2021-07-12,6877.618736551391,4.861634057299115,-0.01030307449400425,0.06142051349806987
0,2021-07-13,6773.884951412385,4.809268918671221,-0.015082805417478085,-0.05236513862789405
0,2021-07-14,6702.769714789684,4.759571624965848,-0.010498441755771637,-0.049697293705373013
0,2021-07-15,6685.281648125887,4.720267564643012,-0.002609080635011196,-0.039304060322836065
0,2021-07-16,6698.773038352769,4.701195025636414,0.0020180735737085342,-0.019072539006598
0,2021-07-19,6724.353437679843,4.699565195302223,0.003818669356405735,-0.0016298303341910625
0,2021-07-20,6764.954694624069,4.696468650401444,0.006037942133843899,-0.0030965449007789303
0,2021-07-21,6748.2385233722,4.657803783635752,-0.0024709952995181084,-0.03866486676569192
0,2021-07-22,6768.623261027487,4.625892613346173,0.0030207494273781776,-0.031911170289578905
0,2021-07-23,6712.656794142576,4.611761067564407,-0.008268515579402447,-0.014131545781766341
0,2021-07-26,6752.778291399545,4.633771596756259,0.005976992193609476,0.02201052919185198
0,2021-07-27,6829.367316865524,4.680166644248085,0.011341853998601437,0.04639504749182599
0,2021-07-28,6867.87065119587,4.672969397896126,0.005637906491756439,-0.0071972463519589525
0,2021-07-29,6897.560555768803,4.686872743818674,0.00432301452383399,0.013903345922548382
0,2021-07-30,6929.011561164834,4.701477083052808,0.004559728782624006,0.014604339234133512
0,2021-08-02,6866.720902328442,4.74166022781577,-0.008989833295345306,0.040183144762962364
0,2021-08-03,6887.035602501363,4.735876218526255,0.0029584281146526337,-0.0057840092895151685
0,2021-08-04,6943.510250412669,4.717973178214935,0.008200138807296753,-0.017903040311320062
0,2021-08-05,6922.701437717146,4.703582223780258,-0.002996872179210186,-0.01439095443467675
0,2021-08-06,6895.779641451332,4.723714610103981,-0.003888914827257395,0.020132386323722606
0,2021-08-09,6926.41046867165,4.731111361725758,0.004441967234015465,0.00739675162177722
0,2021-08-10,6902.298663250275,4.692749800356231,-0.0034811401274055243,-0.03836156136952695
0,2021-08-11,6851.763874197152,4.686747654597084,-0.007321443408727646,-0.006002145759147481
0,2021-08-12,6839.012883031296,4.638914846331952,-0.0018609793623909354,-0.04783280826513181
0,2021-08-13,6806.077497121585,4.644918388377694,-0.004815809894353151,0.006003542045742272
0,2021-08-16,6820.458422104417,4.69662317381083,0.002112953457981348,0.05170478543313628
0,2021-08-17,6777.719366926139,4.611080606063516,-0.006266302429139614,-0.08554256774731428
0,2021-08-18,6747.992985013654,4.592078402804571,-0.004385897424072027,-0.019002203258945194
0,2021-08-19,6750.771353628932,4.610548151471618,0.00041173258796334267,0.018469748667047092
0,2021-08-20,6804.098754192826,4.635784621285623,0.007899452932178974,0.02523646981400507
0,2021-08-23,6850.426334934218,4.6887188322298465,0.00680877547711134,0.05293421094422346
0,2021-08-24,6761.641626284155,4.633682951179337,-0.0129604646936059,-0.05503588105050916
0,2021-08-25,6573.749014196117,4.537556672552103,-0.027788016945123672,-0.09612627862723411
0,2021-08-26,6627.766994083735,4.563062880528334,0.008217225782573223,0.025506207976230932
0,2021-08-27,6642.432256988188,4.529506382205088,0.0022127004340291023,-0.033556498323246586
0,2021-08-30,6600.898066077879,4.568351109610579,-0.00625285878777504,0.0388447274054915
0,2021-08-31,6621.497789226196,4.571574563421403,0.0031207455322146416,0.0032234538108237842
0,2021-09-01,6644.031492829456,4.560327077324565,0.003403112757951021,-0.011247486096837456
0,2021-09-02,6613.552676640927,4.572240148129155,-0.004587397910654545,0.011913070804589587
0,2021-09-03,6674.703131273188,4.515655654361816,0.009246233850717545,-0.056584493767338984
0,2021-09-07,6642.854381926491,4.499826204433964,-0.004771560430526733,-0.0158294499278524
0,2021-09-08,6608.292332621793,4.466251865723453,-0.005202891305088997,-0.033574338710510965
0,2021-09-09,6646.802424035829,4.506628446738691,0.005827540531754494,0.04037658101523789
0,2021-09-10,6749.692688159407,4.479335129631269,0.015479663386940956,-0.027293317107421444
0,2021-09-13,6832.5989696828465,4.465191679526702,0.012282971292734146,-0.014143450104566746
0,2021-09-14,6804.373032291475,4.430847519092325,-0.00413106894120574,-0.03434416043437771
0,2021-09-15,6907.249998103905,4.4185438776585535,0.01511924248188734,-0.012303641433771162
0,2021-09-16,6885.010413616792,4.357909645626265,-0.003219745121896267,-0.06063423203228879
0,2021-09-17,6909.48103945905,4.417652842364506,0.003554188646376133,0.05974319673824091
0,2021-09-20,6961.879879634314,4.47161613087602,0.0075836144387722015,0.05396328851151466
0,2021-09-21,6992.173617834123,4.458745248366648,0.004351373296231031,-0.012870882509372628
0,2021-09-22,6977.800809811377,4.493100334398837,-0.0020555565133690834,0.034355086032189064
0,2021-09-23,7005.992821415002,4.484833281647772,0.004040243104100227,-0.008267052751064874
0,2021-09-24,6961.812403921088,4.465860433562845,-0.006306089460849762,-0.018972848084926497
0,2021-09-27,6918.241921774652,4.410040867268607,-0.006258497014641762,-0.055819566294238676
0,2021-09-28,6923.216269017708,4.424839532220204,0.000719018978998065,0.014798664951597651
0,2021-09-29,6988.42963290189,4.4414319577416945,0.009419518522918224,0.016592425521490206
0,2021-09-30,6962.087841187352,4.41348159256268,-0.0037693434860557318,-0.027950365179014725
0,2021-10-01,6925.280586197154,4.392442687603367,-0.005286812782287598,-0.02103890495931271
0,2021-10-04,6876.610794809111,4.322715936587317,-0.007027843967080116,-0.06972675101605041
0,2021-10-05,6718.983470424685,4.187758669366089,-0.02292224019765854,-0.13495726722122736
0,2021-10-06,6594.598974234313,4.166571459370264,-0.01851239800453186,-0.021187209995825462
0,2021-10-07,6555.122793091328,4.162822251134199,-0.005986138246953487,-0.0037492082360648382
0,2021-10-08,6627.5637243235315,4.192067620242762,0.011051041074097157,0.02924536910856279
0,2021-10-13,6769.1756835896595,4.222441795844995,0.02136712148785591,0.030374175602233322
0,2021-10-14,6716.814004099996,4.202551947908595,-0.0077353110536932945,-0.01988984793640025
0,2021-10-15,6775.168914945577,4.202599252043898,0.008687885478138924,4.7304135303072314e-05
0,2021-10-18,6748.484578847879,4.154626735104198,-0.003938549198210239,-0.047972516939699617
0,2021-10-19,6711.889774459073,4.095145332562768,-0.005422669928520918,-0.059481402541430306
0,2021-10-20,6655.3816894471,4.058734915260612,-0.008419102057814598,-0.03641041730215644
0,2021-10-21,6660.574763716509,4.103950656095272,0.0007802819600328803,0.04521574083466007
0,2021-10-22,6776.4733689654595,4.132099066258478,0.017400691285729408,0.02814841016320635
0,2021-10-25,6728.76964988558,4.115959106310457,-0.007039608433842659,-0.01613995994802142
0,2021-10-26,6922.352854186653,4.175065404011126,0.0287694800645113,0.05910629770066933
0,2021-10-27,6987.108017547379,4.231380624028686,0.009354501962661743,0.056315220017560286
0,2021-10-28,7032.221581349067,4.251593939876075,0.006456686183810234,0.02021331584738917
0,2021-10-29,7022.697402746756,4.2585822513174225,-0.0013543626992031932,0.00698831144134715
0,2021-11-01,7033.396097704651,4.258644876678495,0.001523445243947208,6.262536107204397e-05
0,2021-11-02,7098.245309203833,4.271773814364959,0.00922018475830555,0.013128937686464504
0,2021-11-03,7027.344368321048,4.258294062087061,-0.009988516569137573,-0.013479752277897994
0,2021-11-04,7079.740862875235,4.27912994869852,0.0074560875073075294,0.020835886611458854
0,2021-11-05,7132.783535867827,4.308325687643889,0.007492177188396454,0.02919573894536942
0,2021-11-08,7173.544965626708,4.254123665568649,0.005714659579098225,-0.054202022075240386
0,2021-11-09,7129.441942591756,4.275623397691649,-0.0061480095610022545,0.021499732122999937
0,2021-11-10,7190.259862016135,4.276703345189934,0.008530530147254467,0.0010799474982849944
0,2021-11-15,7111.397676621386,4.364354977475972,-0.010967918671667576,0.0876516322860379
0,2021-11-16,7043.0647808014255,4.441817997688806,-0.009608926251530647,0.07746302021283391
0,2021-11-17,6914.93445534894,4.489510179618003,-0.018192410469055176,0.04769218192919755
0,2021-11-18,6917.510971495737,4.514553459033799,0.0003726016730070114,0.02504327941579554
0,2021-11-19,6926.784530079932,4.521273054371261,0.0013405918143689632,0.0067195953374623585
0,2021-11-22,6874.497065871948,4.429345419889048,-0.007548591122031212,-0.09192763448221353
0,2021-11-23,6820.359158546868,4.429442760419229,-0.007875180803239346,9.734053018117805e-05
0,2021-11-24,6867.308950214821,4.4254704594223675,0.006883771158754826,-0.0039723009968613
0,2021-11-26,6886.874729140891,4.387149490561035,0.002849118784070015,-0.03832096886133218
0,2021-11-29,7010.382722715384,4.421959349228931,0.01793382316827774,0.03480985866789599
0,2021-11-30,7070.173911227161,4.465554499234466,0.008528947830200195,0.04359515000553493
0,2021-12-01,6993.86941245936,4.443922743600551,-0.010792450048029423,-0.021631755633915617
0,2021-12-02,7013.391349322982,4.409433838205659,0.0027912927325814962,-0.03448890539489202
0,2021-12-03,7083.2903475903595,4.413406503791346,0.009966504760086536,0.003972665585687096
0,2021-12-06,7092.680841831322,4.338157901725719,0.0013257248792797327,-0.07524860206562689
0,2021-12-07,7109.143601256186,4.32899819711307,0.0023210912477225065,-0.00915970461264859
0,2021-12-08,7112.986651476156,4.339818115105129,0.0005405785050243139,0.010819917992058947
0,2021-12-09,7089.844171971463,4.316602951699009,-0.0032535530626773834,-0.023215163406120176
0,2021-12-10,7111.967582623307,4.247942259760269,0.0031204367987811565,-0.06866069193873958
0,2021-12-13,7132.479487877346,4.3057424178112464,0.002884139306843281,0.057800158050977046
0,2021-12-14,7292.083879491301,4.337313087715907,0.022377125918865204,0.03157066990466095
0,2021-12-15,7558.916296187262,4.417208624866319,0.036592066287994385,0.07989553715041176
0,2021-12-16,7379.082187115499,4.414503010337361,-0.023790990933775902,-0.0027056145289581224
0,2021-12-17,7347.174136476414,4.4472551418465285,-0.004324121866375208,0.03275213150916745
0,2021-12-20,7203.162884382107,4.39450736649551,-0.01960090361535549,-0.052747775351018156
0,2021-12-21,7181.077443139067,4.404711899260153,-0.003066075500100851,0.010204532764642948
0,2021-12-22,7341.704123672666,4.466066112169973,0.022368047386407852,0.06135421290982013
0,2021-12-23,7376.2007925382795,4.432801233686458,0.004698727745562792,-0.033264878483515226
0,2021-12-27,7311.158397863481,4.408611509964427,-0.008817872032523155,-0.02418972372203143
0,2021-12-28,7480.005846381565,4.496191632527451,0.023094486445188522,0.08758012256302461
0,2021-12-29,7514.5974777965,4.468199497320756,0.00462454603984952,-0.027992135206694968
0,2021-12-30,7478.505327877318,4.453128770877836,-0.004802938550710678,-0.015070726442920623
0,2021-12-31,7513.409527936308,4.408825301402931,0.00466726953163743,-0.04430346947490449
0,2022-01-03,7522.915345635817,4.383834093166917,0.0012651802971959114,-0.024991208236014195
0,2022-01-04,7554.070201531178,4.396523611250403,0.0041413274593651295,0.012689518083486284
0,2022-01-05,7575.0155323452345,4.204273538936427,0.002772721229121089,-0.19225007231397662
0,2022-01-06,7624.019000184214,4.265510377897222,0.006469091400504112,0.061236838960795126
0,2022-01-07,7619.066113938493,4.295559871040045,-0.0006496424321085215,0.030049493142823458
0,2022-01-10,7731.927342846475,4.302201373220959,0.014813000336289406,0.006641502180913861
0,2022-01-11,7520.196864549651,4.233656362619762,-0.027383919805288315,-0.06854501060119755
0,2022-01-12,7291.454035411864,4.203474324663292,-0.03041713312268257,-0.030182037956469898
0,2022-01-13,7165.067928624796,4.187092395728386,-0.017333457246422768,-0.016381928934905865
0,2022-01-14,7191.630400642164,4.143846906584279,0.003707218449562788,-0.043245489144107196
0,2022-01-18,7166.513980220748,3.907352746786184,-0.0034924515057355165,-0.23649415979809474
0,2022-01-19,6914.853539930548,3.8574199655033072,-0.03511615842580795,-0.049932781282876704
0,2022-01-20,6892.91788130622,3.797406364838905,-0.003172252094373107,-0.06001360066440231
0,2022-01-21,6856.4996178380725,3.794720292573722,-0.0052834320813417435,-0.002686072265182915
0,2022-01-24,6883.9432834101135,3.803218124717082,0.004002576693892479,0.008497832143360196
0,2022-01-25,6884.583091907894,3.828470216200188,9.294215124100447e-05,0.025252091483105588
0,2022-01-26,6897.798306866323,3.988833197366139,0.001919537433423102,0.16036298116595127
0,2022-01-27,6955.526287163917,3.976114095145112,0.00836904440075159,-0.012719102221026901
0,2022-01-28,6921.283599660039,4.036918807962451,-0.0049230908043682575,0.06080471281733857
0,2022-01-31,7069.353927504705,4.078528445628618,0.02139347791671753,0.04160963766616721
0,2022-02-01,7191.139962978525,4.248806354681653,0.01722732186317444,0.17027790905303508
0,2022-02-02,7278.355837407147,4.291800918386289,0.012128240428864956,0.04299456370463606
0,2022-02-03,7362.6625274091975,4.3170780375327285,0.011583205312490463,0.025277119146439375
0,2022-02-04,7376.680744184177,4.308781572730777,0.0019039602484554052,-0.008296464801951231
0,2022-02-07,7418.800166964776,4.380664368586304,0.005709806922823191,0.07188279585552682
0,2022-02-08,7495.06892221618,4.4155256351191765,0.010280470363795757,0.03486126653287247
0,2022-02-09,7428.4899361523,4.37324599778101,-0.00888303853571415,-0.042279637338166864
0,2022-02-10,7521.700376597443,4.358287216934977,0.012547696940600872,-0.014958780846032305
0,2022-02-11,7501.3077585271685,4.381507901353373,-0.0027111712843179703,0.023220684418395976
0,2022-02-14,7452.298625923659,4.318695124402114,-0.006533411797136068,-0.06281277695125898
0,2022-02-15,7459.706088445113,4.413380247641,0.0009939835872501135,0.0946851232388859
0,2022-02-16,7432.597176364353,4.464077759813562,-0.003634045599028468,0.05069751217256169
0,2022-02-17,7404.704740485835,4.456574265977948,-0.0037527172826230526,-0.007503493835613995
0,2022-02-18,7508.19516462499,4.440325675163373,0.013976306654512882,-0.01624859081457508
0,2022-02-22,7577.27823949402,4.400404701631802,0.009201022796332836,-0.039920973531570425
0,2022-02-23,7445.953576178384,4.4648359885897655,-0.017331376671791077,0.06443128695796307
0,2022-02-24,7391.29184785948,4.472557041674557,-0.007341132033616304,0.0077210530847917624
0,2022-02-25,7240.029214581244,4.417494858069735,-0.020464979112148285,-0.0550621836048224
0,2022-02-28,7302.388676314581,4.538607746844854,0.00861315056681633,0.12111288877511939
0,2022-03-01,7350.839763332837,4.573815848262426,0.006634964141994715,0.035208101417572024
0,2022-03-02,7313.983915884942,4.592667904815806,-0.005013828165829182,0.018852056553379626
0,2022-03-03,7418.151779232535,4.5784216172752075,0.01424228772521019,-0.014246287540598424
0,2022-03-04,7462.805441214083,4.548421485839305,0.006019513122737408,-0.03000013143590241
0,2022-03-07,7471.87446347793,4.511279006078865,0.001215229625813663,-0.037142479760440494
0,2022-03-08,7519.070369031378,4.4627350045132435,0.006316474638879299,-0.04854400156562111
0,2022-03-09,7529.653902674024,4.508586824738021,0.0014075587969273329,0.04585182022477774
0,2022-03-10,7604.991940209701,4.533465831586803,0.010005511343479156,0.024879006848781415
0,2022-03-11,7702.183676926699,4.5695937809514255,0.012779992073774338,0.036127949364622935
0,2022-03-14,7670.519333714856,4.563497080223667,-0.00411108648404479,-0.006096700727758808
0,2022-03-15,7581.103507216218,4.577651182189636,-0.011657075956463814,0.014154101965969446
0,2022-03-16,7614.395243910708,4.667385350364453,0.0043914103880524635,0.08973416817481716
0,2022-03-17,7719.635107181485,4.65436018553556,0.013821171596646309,-0.013025164828893487
0,2022-03-18,7659.328513431568,4.6610261225418315,-0.007812104187905788,0.006665937006271605
0,2022-03-21,7750.953690375223,4.613023072855418,0.011962560005486012,-0.04800304968641367
0,2022-03-22,7661.0170675126255,4.56803057500513,-0.011603297665715218,-0.044992497850287805
0,2022-03-23,7639.1636688801,4.590904467644293,-0.002852545352652669,0.022873892639163174
0,2022-03-24,7619.465523619606,4.654763383947579,-0.0025785735342651606,0.06385891630328544
0,2022-03-25,7620.36346717209,4.6577885894494315,0.00011784862726926804,0.0030252055018529234
0,2022-03-28,7466.1252419422535,4.597952079062277,-0.02024027146399021,-0.05983651038715454
0,2022-03-29,7484.42380950748,4.620472412572523,0.002450878731906414,0.022520333510246182
0,2022-03-30,7338.736688219869,4.59448520728937,-0.019465375691652298,-0.025987205283152903
0,2022-03-31,7281.568365535723,4.608366948187096,-0.007789940573275089,0.01388174089772587
0,2022-04-01,7245.589216348796,4.679759927853215,-0.004941126331686974,0.07139297966611924
0,2022-04-04,7313.57801782859,4.671040328071586,0.009383474476635456,-0.00871959978162895
0,2022-04-05,7338.601691332875,4.67231966525583,0.0034215364139527082,0.0012793371842434453
0,2022-04-06,7452.975928854,4.71165079461389,0.015585290268063545,0.039331129358060046
0,2022-04-07,7532.9554827944075,4.791548223539869,0.010731223970651627,0.07989742892597906
0,2022-04-08,7641.065403475864,4.918754647686461,0.014351594261825085,0.12720642414659178
0,2022-04-11,7635.723947640584,5.010227200631694,-0.0006990459514781833,0.09147255294523315
0,2022-04-12,7692.490861992927,4.991426341690201,0.007434385363012552,-0.01880085894149275
0,2022-04-13,7694.373184959351,4.921321988368957,0.00024469615891575813,-0.07010435332124398
0,2022-04-14,7716.9945277363295,4.940478169410793,0.0029399851337075233,0.019156181041835474
0,2022-04-18,7635.9367560947685,4.80547703909555,-0.010503800585865974,-0.13500113031524297
0,2022-04-19,7573.573722644177,4.738751913194397,-0.008167044259607792,-0.06672512590115254
0,2022-04-20,7567.640798144267,4.715503396441781,-0.0007833718555048108,-0.02324851675261641
0,2022-04-21,7577.038692010632,4.718079038449615,0.001241852529346943,0.0025756420078346665
0,2022-04-22,7657.127835176231,4.855937045433209,0.010569979436695576,0.13785800698359374
0,2022-04-25,7679.091301419548,4.821886327992248,0.0028683687560260296,-0.03405071744096144
0,2022-04-26,7602.234994875633,4.83741181022539,-0.010008515790104866,0.01552548223314254
0,2022-04-27,7568.064523895345,4.808532745378538,-0.004494792781770229,-0.02887906484685221
0,2022-04-28,7576.96061712741,4.713484948933619,0.0011754779843613505,-0.09504779644491901
0,2022-04-29,7564.836939734711,4.698987262213763,-0.0016000713221728802,-0.01449768671985563
0,2022-05-02,7641.653010119838,4.682141908883626,0.0101543590426445,-0.01684535333013759
0,2022-05-03,7684.965047790808,4.698450747618466,0.005667888559401035,0.016308838734840236
0,2022-05-04,7745.420184785061,4.614145967166281,0.007866676896810532,-0.08430478045218504
0,2022-05-05,7722.714569601359,4.586963318404259,-0.0029314891435205936,-0.0271826487620217
0,2022-05-06,7745.762279602857,4.521490288196395,0.0029844052623957396,-0.06547303020786455
0,2022-05-09,7732.456347335893,4.392400971105076,-0.0017178338021039963,-0.129089317091319
0,2022-05-10,7730.461456526793,4.460126468330301,-0.00025798927526921034,0.0677254972252248
0,2022-05-11,7780.034880488527,4.480056815315888,0.006412738002836704,0.019930346985587377
0,2022-05-12,7773.602150131557,4.419792748051739,-0.000826825387775898,-0.06026406726414901
0,2022-05-13,7765.554261347217,4.39047063733235,-0.001035284367389977,-0.02932211071938884
0,2022-05-16,7743.771826073951,4.392579095055318,-0.00280500715598464,0.0021084577229677492
0,2022-05-17,7745.148536076463,4.404276999044949,0.00017778287292458117,0.011697903989631442
0,2022-05-18,7749.922480016039,4.385580847363444,0.0006163786165416241,-0.018696151681504958
0,2022-05-19,7774.511009594871,4.392553751943646,0.003172745229676366,0.006972904580202055
0,2022-05-20,7816.762046249034,4.390352578088598,0.005434558726847172,-0.002201173855048033
0,2022-05-23,7777.930755717636,4.363885927168499,-0.004967695102095604,-0.026466650920099255
0,2022-05-24,7773.785132331428,4.446694793979478,-0.0005329982377588749,0.08280886681097854
0,2022-05-25,7777.0985927496995,4.45110090522751,0.0004262351430952549,0.004406111248032474
0,2022-05-26,7739.86109397595,4.419843346162083,-0.0047880965285003185,-0.03125755906542693
0,2022-05-27,7745.287107696408,4.435464661988023,0.0007010479457676411,0.015621315825939952
0,2022-05-31,7703.648834057457,4.377617859101067,-0.005375949665904045,-0.05784680288695654
0,2022-06-01,7717.291868648068,4.377069987374236,0.001770983450114727,-0.0005478717268303512
0,2022-06-02,7689.8574166613525,4.37056148073565,-0.003554932540282607,-0.0065085066385863755
0,2022-06-03,7682.923768564993,4.307434859891388,-0.0009016614640131593,-0.0631266208442618
0,2022-06-06,7747.343551744575,4.333610510599994,0.008384800516068935,0.026175650708605502
0,2022-06-07,7777.887546477696,4.292654347817128,0.003942511975765228,-0.040956162782865846
0,2022-06-08,7835.8955205811335,4.145010519796294,0.007458062842488289,-0.14764382802083365
0,2022-06-09,7782.463917338093,4.115650925863253,-0.006818825379014015,-0.029359593933040884
0,2022-06-10,7797.535419446682,4.209244780217865,0.0019365977495908737,0.0935938543546122
0,2022-06-13,7859.044001840913,4.23398278489453,0.007888208143413067,0.024738004676664538
0,2022-06-14,7889.052779440977,4.211000150519573,0.0038183750584721565,-0.022982634374956845
0,2022-06-15,7933.901770664096,4.154013866347986,0.005684965290129185,-0.05698628417158691
0,2022-06-16,7844.257418995558,4.135417868316189,-0.011298898607492447,-0.018595998031797123
0,2022-06-17,7790.320018472826,4.105900678169797,-0.006876036524772644,-0.029517190146392203
0,2022-06-21,7750.000138427342,4.100860470651306,-0.0051756384782493114,-0.005040207518490547
0,2022-06-22,7706.994029865995,4.027541588176425,-0.005549175199121237,-0.07331888247488116
0,2022-06-23,7635.474899069684,4.0186612601219025,-0.009279769845306873,-0.008880328054522657
0,2022-06-24,7638.402483103279,3.9712062997841504,0.0003834187227766961,-0.047454960337752095
0,2022-06-27,7583.465923631974,3.9977102097819177,-0.007192153017967939,0.026503909997767305
0,2022-06-28,7529.521937902596,4.010527432659847,-0.00711336825042963,0.012817222877929524
0,2022-06-29,7671.324795044971,4.018896443533082,0.018832916393876076,0.008369010873234828
0,2022-06-30,7716.745267115687,4.084278096542748,0.005920812021940947,0.06538165300966625
0,2022-07-01,7885.171114247849,4.212484123822752,0.021826021373271942,0.12820602728000363
0,2022-07-05,8369.575621190836,4.470834756541095,0.06143233925104141,0.2583506327183427
0,2022-07-06,7470.278930480886,4.120208836356369,-0.10744830220937729,-0.3506259201847257
0,2022-07-07,8034.467466211035,4.645670825856853,0.07552442699670792,0.5254619895004842
0,2022-07-08,8125.792801234979,4.689488726273475,0.01136669423431158,0.043817900416621924
0,2022-07-11,7847.8368837238595,4.4929151622989165,-0.03420662134885788,-0.1965735639745585
0,2022-07-12,7312.907642924238,4.382331576462008,-0.06816263496875763,-0.11058358583690886
0,2022-07-13,7491.316800748874,4.51004106616599,0.024396473541855812,0.12770948970398255
0,2022-07-14,7528.396132631155,4.675664754208264,0.004949641413986683,0.1656236880422739
0,2022-07-15,7504.901449015507,4.636442085164879,-0.0031208086293190718,-0.039222669043384784
0,2022-07-18,7948.344181916385,4.884614084273346,0.059087082743644714,0.24817199910846632
0,2022-07-19,8050.022958226349,4.754521834774819,0.012792447581887245,-0.13009224949852705
0,2022-07-20,8269.219401518652,4.769157152592652,0.027229294180870056,0.01463531781783356
0,2022-07-21,7870.854626937582,4.7149422504149054,-0.0481744110584259,-0.054214902177746715
0,2022-07-22,8237.28221559502,4.778232577508586,0.04655499383807182,0.06329032709368043
0,2022-07-25,8533.358084755935,4.77597887173979,0.03594339266419411,-0.0022537057687959106
0,2022-07-26,8782.25515119682,4.861604995339256,0.029167540371418,0.0856261235994662
0,2022-07-27,8537.563947543684,4.832074796445835,-0.027862001210451126,-0.029530198893421122
0,2022-07-28,8603.993026027649,4.865769735129971,0.007780800107866526,0.03369493868413631
0,2022-07-29,9195.70096305914,4.9527712018139685,0.06877131760120392,0.08700146668399711
0,2022-08-01,8853.422026087022,4.853694395827717,-0.037221625447273254,-0.09907680598625124
0,2022-08-02,8664.83631082764,4.844150062978497,-0.02130088396370411,-0.009544332849220183
0,2022-08-03,8720.003950199121,4.825754041589133,0.006366841495037079,-0.018396021389364137
0,2022-08-04,8611.428033673797,4.9105000777710615,-0.012451360933482647,0.08474603618192855
0,2022-08-05,8475.948575687227,4.910167817318277,-0.015732519328594208,-0.0003322604527848938
0,2022-08-08,8832.197676421487,4.906785600860782,0.042030587792396545,-0.0033822164574948133
0,2022-08-09,9204.511248975668,4.9685310106886815,0.04215412586927414,0.06174540982789978
0,2022-08-10,8871.876204358232,5.017165948536288,-0.03613826259970665,0.04863493784760653
0,2022-08-11,8800.889318026802,4.950278746602121,-0.008001338690519333,-0.06688720193416664
0,2022-08-12,8680.023840103004,4.918385683261746,-0.013733325526118279,-0.03189306334037578
0,2022-08-15,8555.196192291116,5.0263709746099305,-0.014381025917828083,0.10798529134818491
0,2022-08-16,8393.927743310209,4.990951934817388,-0.018850350752472878,-0.035419039792542684
0,2022-08-17,8224.690018305097,4.963846089657797,-0.02016192302107811,-0.027105845159590913
0,2022-08-18,8092.246246227362,4.948529777946696,-0.016103193163871765,-0.015316311711100816
0,2022-08-19,8381.72168306961,4.930870907503882,0.03577195107936859,-0.01765887044281378
0,2022-08-22,8587.813548089938,4.927200783412029,0.024588249623775482,-0.0036701240918537437
0,2022-08-23,8555.31724212491,4.899521621268039,-0.0037840022705495358,-0.0276791621439898
0,2022-08-24,8611.624414612173,4.9190809481888005,0.006581541150808334,0.019559326920761677
0,2022-08-25,8606.341697201018,4.886870827370103,-0.0006134402938187122,-0.03221012081869734
0,2022-08-26,8726.393267170712,4.855191407064555,0.01394919864833355,-0.031679420305548156
0,2022-08-29,8558.74888591341,4.831169551379986,-0.019211187958717346,-0.024021855684568827
0,2022-08-30,8380.03443976607,4.806585741279987,-0.020880907773971558,-0.024583810099999326
0,2022-08-31,8213.189263011158,4.803297313946353,-0.019909843802452087,-0.00328842733363377
0,2022-09-01,8447.151536973579,4.875614724830948,0.028486166149377823,0.07231741088459476
0,2022-09-02,8533.668043727539,4.915798880168144,0.010242092423141003,0.04018415533719644
0,2022-09-06,8624.788220889268,4.984285279766847,0.010677726939320564,0.06848639959870262
0,2022-09-07,8513.737381377643,4.95319490135848,-0.012875775806605816,-0.031090378408366703
0,2022-09-08,8307.147542504805,4.927482486988315,-0.0242654699832201,-0.02571241437016525
0,2022-09-09,8284.100011066508,4.957792458668873,-0.002774421824142337,0.030309971680558156
0,2022-09-12,8345.344082350395,4.824051722890595,0.007392966188490391,-0.13374073577827783
0,2022-09-13,8276.958015523955,4.882941799413857,-0.008194517344236374,0.05889007652326139
0,2022-09-14,8229.321198281594,4.8765544245473205,-0.005755353253334761,-0.006387374866536177
0,2022-09-15,8206.183642727297,4.817545397302422,-0.002811599522829056,-0.05900902724489843
0,2022-09-16,7987.0615935265705,4.799528431070916,-0.026702065020799637,-0.018016966231505727
0,2022-09-19,8024.366900190247,4.8960588953223585,0.004670717287808657,0.09653046425144218
0,2022-09-20,7984.702225442371,4.773113191607047,-0.004943028558045626,-0.12294570371531144
0,2022-09-21,7958.519945802873,4.78666511295671,-0.0032790552359074354,0.013551921349662877
0,2022-09-22,7971.129263254559,4.874335358775519,0.0015843797009438276,0.087670245818809
0,2022-09-23,8246.397410320902,4.927957503371552,0.034533143043518066,0.05362214459603276
0,2022-09-26,8124.110097094582,4.851542903805971,-0.0148291802033782,-0.07641459956558094
0,2022-09-27,8046.7575463092135,4.789238470880734,-0.009521356783807278,-0.06230443292523713
0,2022-09-28,8094.730739124984,4.838254221631946,0.005961804185062647,0.04901575075121212
0,2022-09-29,8136.897208068449,4.837378818141291,0.005209125578403473,-0.0008754034906548469
0,2022-09-30,8250.400017122987,4.866504847939287,0.013949151150882244,0.029126029797995834
0,2022-10-03,8119.619373871226,4.898154253942426,-0.015851430594921112,0.03164940600313937
0,2022-10-04,8258.231644550784,4.952621220719171,0.017071276903152466,0.05446696677674456
0,2022-10-05,8189.912825525498,4.981260950330001,-0.008272814564406872,0.0286397296108305
0,2022-10-06,8223.237088980384,4.919783134995059,0.004068939946591854,-0.06147781533494179
0,2022-10-07,8006.613249389854,4.847842224370959,-0.02634289115667343,-0.07194091062410024
0,2022-10-12,7807.708849849826,4.859724340896473,-0.024842513725161552,0.01188211652551363
0,2022-10-13,7797.166384795892,4.82429778956035,-0.001350263599306345,-0.035426551336122714
0,2022-10-14,7861.156457436309,4.839462692575922,0.008206836879253387,0.015164903015572051
0,2022-10-17,8035.455279706757,4.927240436349859,0.02217216044664383,0.08777774377393666
0,2022-10-18,8156.434790181261,4.985572462083936,0.01505571324378252,0.05833202573407714
0,2022-10-19,8479.458168104407,5.004645876491843,0.03960350155830383,0.019073414407906775
0,2022-10-20,8579.2603067186,5.04645562506203,0.011769872158765793,0.04180974857018693
0,2022-10-21,8555.402166931604,5.061084413566787,-0.0027809087187051773,0.014628788504757573
0,2022-10-24,8523.160857491013,5.07919929747661,-0.0037685323040932417,0.01811488390982241
0,2022-10-25,8532.60701266251,5.110474222824609,0.0011082924902439117,0.031274925347999805
0,2022-10-26,8500.199709908282,5.196442375720836,-0.003798054065555334,0.08596815289622661
0,2022-10-27,8479.56385642274,5.24591888550674,-0.002427690429612994,0.049476509785903566
0,2022-10-28,8474.553635886003,5.248112030959356,-0.0005908582825213671,0.0021931454526162852
0,2022-10-31,8480.417721424803,5.293302690200588,0.0006919639417901635,0.04519065924123211
0,2022-11-01,8469.96045746397,5.23275165201886,-0.00123310717754066,-0.060551038181728245
0,2022-11-02,8266.576364576062,5.145838964052395,-0.024012401700019836,-0.08691268796646501
0,2022-11-03,8293.815297175495,5.137570805263768,0.0032950681634247303,-0.008268158788626856
0,2022-11-04,8351.396804468095,5.15480770654296,0.0069427043199539185,0.017236901279192196
0,2022-11-07,8316.870739403086,5.138045513452564,-0.004134166520088911,-0.01676219309039606
0,2022-11-08,8151.834294336297,5.093486356678114,-0.01984357461333275,-0.04455915677444988
0,2022-11-09,7739.346318726595,5.132171550735145,-0.05060063302516937,0.03868519405703097
0,2022-11-10,7748.160841790006,5.1064619008860115,0.0011389234568923712,-0.025709649849133598
0,2022-11-15,7692.738296120125,5.1361859575413416,-0.007152993697673082,0.029724056655330067
0,2022-11-16,7839.877474404339,5.2225852097648655,0.019127022475004196,0.08639925222352396
0,2022-11-17,7875.9622829452555,5.201108933846191,0.004602726083248854,-0.021476275918674403
0,2022-11-18,7846.4022126043255,5.241437232985399,-0.0037532011047005653,0.04032829913920821
0,2022-11-21,7950.527550623287,5.250455882152326,0.013270456343889236,0.009018649166926629
0,2022-11-22,8092.84455092848,5.2421731578997735,0.017900321632623672,-0.008282724252552498
0,2022-11-23,8089.259531986741,5.269225923827539,-0.0004429862601682544,0.027052765927765954
0,2022-11-25,8060.966412815368,5.246776850889183,-0.0034976154565811157,-0.02244907293835663
0,2022-11-28,8123.819153031036,5.333513054793852,0.007797171827405691,0.0867362039046693
0,2022-11-29,8137.347639289153,5.319284115753276,0.001665286486968398,-0.014228939040576094
0,2022-11-30,7983.610718034182,5.24245797711359,-0.01889275573194027,-0.07682613863968601
0,2022-12-01,7907.2732266471,5.2125824915817605,-0.009561775252223015,-0.029875485531829504
0,2022-12-02,7856.130972623371,5.17826712533309,-0.006467748433351517,-0.03431536624867082
0,2022-12-05,7792.893835177777,5.233601667925892,-0.008049399591982365,0.055334542592802016
0,2022-12-06,7782.585323976754,5.255340407827848,-0.0013228091411292553,0.021738739901956627
0,2022-12-07,7803.7876288247135,5.313760153798434,0.0027243266813457012,0.058419745970585524
0,2022-12-08,7789.686366100856,5.289208683143986,-0.0018069767393171787,-0.024551470654447627
0,2022-12-09,7756.451114177172,5.228400288120488,-0.004266571253538132,-0.06080839502349811
0,2022-12-12,7706.083728651069,5.299115264282823,-0.006493612192571163,0.07071497616233469
0,2022-12-13,7736.075571990648,5.2831567587076576,0.0038919695653021336,-0.015958505575165205
0,2022-12-14,7647.668201552223,5.2574578014146915,-0.01142793521285057,-0.025698957292966007
0,2022-12-15,7674.5598672925325,5.283893042178517,0.003516322234645486,0.026435240763825085
0,2022-12-16,7824.924805887692,5.2961603372331405,0.01959264650940895,0.012267295054623872
0,2022-12-19,7749.739470019284,5.295022051489876,-0.009608441963791847,-0.0011382857432646887
0,2022-12-20,7692.105880551913,5.287994020358648,-0.007436842191964388,-0.007028031131227408
0,2022-12-21,7686.957855613915,5.259312740776521,-0.0006692608003504574,-0.02868127958212785
0,2022-12-22,7576.209680722195,5.25817647844415,-0.014407282695174217,-0.001136262332370741
0,2022-12-23,7593.368686241048,5.2623733208011325,0.0022648535668849945,0.0041968423569827
0,2022-12-27,7579.680008323008,5.311520019129765,-0.0018027147743850946,0.04914669832863261
0,2022-12-28,7597.2219568146065,5.318393707978933,0.0023143389262259007,0.006873688849167614
0,2022-12-29,7502.481454289618,5.323453931899828,-0.01247041393071413,0.005060223920895446
0,2022-12-30,7493.554321628832,5.529115445274454,-0.0011898906668648124,0.20566151337462557
0,2023-01-03,7344.866541721117,5.5298099881696965,-0.01984209008514881,0.0006945428952427335
0,2023-01-04,7181.176262267422,5.507942981496441,-0.022286351770162582,-0.02186700667325514
0,2023-01-05,7125.171977282039,5.533944354313034,-0.007798762060701847,0.02600137281659265
0,2023-01-06,7193.251959483431,5.60653425044988,0.009554854594171047,0.0725898961368463
0,2023-01-09,7216.735243715482,5.654725259229483,0.0032646269537508488,0.04819100877960292
0,2023-01-10,7367.771051792415,5.723431320414752,0.020928550511598587,0.06870606118526901
0,2023-01-11,7318.96078025335,5.601602875032451,-0.006624835543334484,-0.12182844538230153
0,2023-01-12,7597.67819915681,5.511108372571054,0.03808155655860901,-0.09049450246139656
0,2023-01-13,7789.483974490596,5.524590670138731,0.025245314463973045,0.013482297567676937
0,2023-01-17,7723.159874617312,5.517696469022176,-0.008514569140970707,-0.006894201116555365
0,2023-01-18,7635.338710825336,5.418690747204578,-0.011371144093573093,-0.0990057218175977
0,2023-01-19,7731.7412083851505,5.5559826840932525,0.012625831179320812,0.13729193688867447
0,2023-01-20,7736.38311472662,5.613300115166877,0.0006003701128065586,0.05731743107362419
0,2023-01-23,7885.881147701904,5.6670533553424915,0.01932402141392231,0.05375324017561489
0,2023-01-24,7836.149560284414,5.721710896420119,-0.006306408438831568,0.05465754107762777
0,2023-01-25,7873.91322866223,5.70802789781737,0.004819161258637905,-0.01368299860274913
0,2023-01-26,8003.448187015265,5.695601240639679,0.0164511539041996,-0.012426657177691425
0,2023-01-27,8044.375646862465,5.621987650666888,0.00511372834444046,-0.07361358997279055
0,2023-01-30,8048.815083617727,5.6502729058039325,0.0005518684047274292,0.028285255137044274
0,2023-01-31,7938.24412889924,5.598832905409263,-0.013737544417381287,-0.05144000039466956
0,2023-02-01,7962.127350855998,5.6079968340045765,0.00300862779840827,0.009163928595313564
0,2023-02-02,7972.698884091251,5.574906366521727,0.001327727222815156,-0.033090467482849384
0,2023-02-03,7923.473651877369,5.608962685485619,-0.006174224428832531,0.034056318963892274
0,2023-02-06,7793.308617569725,5.563395132094432,-0.016427773982286453,-0.04556755339118723
0,2023-02-07,7578.686921239389,5.627064512001244,-0.027539227157831192,0.06366937990681176
0,2023-02-08,7573.023299792079,5.625281185372589,-0.0007473090663552284,-0.001783326628655324
0,2023-02-09,7495.672510269119,5.638014977639992,-0.010213990695774555,0.012733792267403565
0,2023-02-10,7489.458427404141,5.684131530122473,-0.0008290227269753814,0.0461165524824807
0,2023-02-13,7437.987537186269,5.708747762167268,-0.0068724448792636395,0.024616232044794906
0,2023-02-14,7452.328275118414,5.597388694196822,0.0019280400592833757,-0.11135906797044548
0,2023-02-15,7520.95773470368,5.524991281192583,0.009209129959344864,-0.0723974130042393
0,2023-02-16,7566.730758091735,5.587146303387901,0.006086063105612993,0.06215502219531821
0,2023-02-17,7386.5744026661605,5.609266259043089,-0.023809008300304413,0.022119955655187873
0,2023-02-21,7346.815590613372,5.721399696103564,-0.0053825778886675835,0.11213343706047496
0,2023-02-22,7262.8187724559775,5.7559314118834255,-0.011433091945946217,0.03453171577986147
0,2023-02-23,7204.321437076192,5.747074655100522,-0.008054357022047043,-0.008856756782903652
0,2023-02-24,7145.279703057846,5.765779452873825,-0.008195322006940842,0.018704797773303028
0,2023-02-27,7316.708096855479,5.686829224342937,0.023991838097572327,-0.07895022853088829
0,2023-02-28,7442.495665212291,5.671934562392916,0.017191825434565544,-0.014894661950020982
0,2023-03-01,7406.69994470275,5.725242647452453,-0.0048096394166350365,0.05330808505953755
0,2023-03-02,7514.583753503758,5.703204668175543,0.014565705321729183,-0.022037979276910313
0,2023-03-03,7585.741213345887,5.662323622078253,0.009469248354434967,-0.04088104609729015
0,2023-03-06,7629.929592713053,5.695065367869607,0.005825189407914877,0.03274174579135458
0,2023-03-07,7623.80304835236,5.742181698705164,-0.0008029621094465256,0.04711633083555711
0,2023-03-08,7573.922122113537,5.673605196897211,-0.00654278788715601,-0.0685765018079536
0,2023-03-09,7768.971735955045,5.65844656321672,0.02575278840959072,-0.015158633680490752
0,2023-03-10,7772.427955988418,5.657619533012753,0.0004448748368304223,-0.0008270302039665722
0,2023-03-13,7889.634369272696,5.651940300765678,0.015079768374562263,-0.005679232247075561
0,2023-03-14,7866.321775214571,5.5983626235413215,-0.0029548383317887783,-0.05357767722435636
0,2023-03-15,7834.107332355782,5.603946185634725,-0.004095235839486122,0.0055835620934034935
0,2023-03-16,7941.891753438653,5.675545366793437,0.013758353888988495,0.071599181158712
0,2023-03-17,7891.959081811704,5.696928525201738,-0.006287251599133015,0.02138315840830085
0,2023-03-20,7739.277135191731,5.7590807294376045,-0.01934652030467987,0.06215220423586665
0,2023-03-21,7631.769205225449,5.705893728723914,-0.013891210779547691,-0.05318700071369076
0,2023-03-22,7507.617659174465,5.70800265831583,-0.016267728060483932,0.002108929591916109
0,2023-03-23,7548.0155362147025,5.707880928925811,0.005380918271839619,-0.00012172939001864336
0,2023-03-24,7450.024269689646,5.701738353445492,-0.012982388027012348,-0.006142575480319046
0,2023-03-27,7443.624737709487,5.730532710671159,-0.0008589947829023004,0.028794357225667255
0,2023-03-28,7423.966271447592,5.766390277207523,-0.0026409802958369255,0.03585756653636363
0,2023-03-29,7435.9923949916965,5.753835855471752,0.0016199054662138224,-0.01255442173577137
0,2023-03-30,7628.054470978723,5.73282911518655,0.025828707963228226,-0.021006740285201886
0,2023-03-31,7771.780259656845,5.680387652848431,0.018841736018657684,-0.05244146233811886
0,2023-04-03,7953.697556505339,5.675634988135141,0.02340741641819477,-0.004752664713289612
0,2023-04-04,7910.043939327619,5.692095827940715,-0.005488468334078789,0.01646083980557389
0,2023-04-05,7931.012949578969,5.728148868674382,0.002650934737175703,0.036053040733667
0,2023-04-06,7912.136690343064,5.696408751436847,-0.0023800565395504236,-0.03174011723753534
0,2023-04-10,7960.036979541803,5.712680781391223,0.006054027006030083,0.01627202995437571
0,2023-04-11,7903.475432096759,5.756769280810678,-0.007105689030140638,0.044088499419455474
0,2023-04-12,7834.990587543671,5.782213698195555,-0.008665155619382858,0.025444417384877127
0,2023-04-13,7830.541331581704,5.7421752796396435,-0.0005678699817508459,-0.040038418555911726
0,2023-04-14,7727.511626133677,5.740352110022896,-0.013157417997717857,-0.0018231696167472222
0,2023-04-17,7716.0743468529945,5.789526763833447,-0.0014800727367401123,0.04917465381055042
0,2023-04-18,7903.179094667229,5.75898227940712,0.024248696863651276,-0.030544484426326513
0,2023-04-19,7879.77702538666,5.764732762101256,-0.002961095655336976,0.005750482694136139
0,2023-04-20,7720.83359044922,5.797674757342342,-0.02017105743288994,0.0329419952410861
0,2023-04-21,7734.844888897112,5.784552067481928,0.001814739080145955,-0.013122689860414205
0,2023-04-24,7691.5067506514615,5.774441993815624,-0.005602974444627762,-0.010110073666304231
0,2023-04-25,7852.17719273012,5.728444148905967,0.02088933251798153,-0.04599784490965675
0,2023-04-26,7794.979619127516,5.703868670661874,-0.007284294813871384,-0.024575478244092785
0,2023-04-27,7827.78412321231,5.729481799454075,0.004208414349704981,0.02561312879220079
0,2023-04-28,7782.70662030661,5.711479662157166,-0.005758654326200485,-0.018002137296909027
0,2023-05-01,7761.066662423271,5.734900996510507,-0.0027805182617157698,0.023421334353340484
0,2023-05-02,7874.803125216424,5.749978731008764,0.014654746279120445,0.015077734498257556
0,2023-05-03,7809.823539350135,5.707858056245708,-0.008251582272350788,-0.04212067476305581
0,2023-05-04,7836.105937704795,5.7170045373297675,0.0033652998972684145,0.009146481084059133
0,2023-05-05,7863.029046877365,5.742727334976406,0.0034357765689492226,0.02572279764663854
0,2023-05-08,7865.376388541289,5.793476790038714,0.00029852893203496933,0.05074945506230755
0,2023-05-09,7808.634995705466,5.792363074637092,-0.007214072160422802,-0.00111371540162164
0,2023-05-10,7803.802831038903,5.791869165133798,-0.0006188232218846679,-0.0004939095032936436
0,2023-05-11,7647.050867136468,5.795688667617272,-0.020086612552404404,0.0038195024834735136
0,2023-05-12,7492.7417702610655,5.792602314037012,-0.0201789028942585,-0.003086353580259882
0,2023-05-15,7382.234672539762,5.7854456929546805,-0.014748552814126015,-0.007156621082331505
0,2023-05-16,7433.603347609016,5.752264186810755,0.006958418060094118,-0.03318150614392579
0,2023-05-17,7535.899224692098,5.742910781413211,0.013761277310550213,-0.009353405397543924
0,2023-05-18,7609.824478016474,5.684394461811483,0.009809745475649834,-0.058516319601728206
0,2023-05-19,7738.908551747549,5.4002582643302475,0.016962818801403046,-0.2841361974812351
0,2023-05-22,7778.945497282822,5.440230557666839,0.005173461511731148,0.039972293336591136
0,2023-05-23,7730.728549046769,5.403953540356528,-0.006198391318321228,-0.03627701731031063
0,2023-05-24,7780.091507637446,5.452240856627453,0.006385291926562786,0.048287316270925196
0,2023-05-25,7790.650571544234,5.471960787677708,0.0013571901945397258,0.019719931050254935
0,2023-05-26,7904.382935211024,5.297575560043002,0.014598570764064789,-0.17438522763470576
0,2023-05-30,7910.397304518128,5.281149519612906,0.0007608904270455241,-0.016426040430096656
0,2023-05-31,7861.491065627863,5.241977526175756,-0.006182526238262653,-0.03917199343714994
0,2023-06-01,7969.311392777721,5.264875387321792,0.013714997097849846,0.022897861146036647
0,2023-06-02,7977.297407759131,5.2220888491705235,0.0010020959889516234,-0.04278653815126887
0,2023-06-05,7914.914110406599,5.30532428013689,-0.007820104248821735,0.08323543096636676
0,2023-06-06,7966.802404688333,5.36725743305706,0.006555762141942978,0.061933152920169654
0,2023-06-07,7966.566861923969,5.406040968074827,-2.9565533623099327e-05,0.038783535017767434
0,2023-06-08,7963.5571989585,5.492011678975063,-0.00037778669502586126,0.08597071090023523
0,2023-06-09,7970.400538796724,5.558711598391793,0.000859332038089633,0.06669991941673015
0,2023-06-12,8102.669442857491,5.625994611403761,0.016595013439655304,0.06728301301196815
0,2023-06-13,8066.369018692717,5.647481254329948,-0.004480057395994663,0.021486642926187294
0,2023-06-14,8119.737371384044,5.585212426788177,0.006616155616939068,-0.06226882754177154
0,2023-06-15,8197.787875875016,5.6256370660415795,0.00961244199424982,0.040424639253402894
0,2023-06-16,8236.280025898437,5.655259119674212,0.00469543132930994,0.029622053632632372
0,2023-06-20,8187.365558048919,5.691263343067629,-0.005938902962952852,0.0360042233934168
0,2023-06-21,8096.042525927385,5.7985783962450155,-0.011154141277074814,0.10731505317738677
0,2023-06-22,8036.075807665626,5.889620716149029,-0.007406917400658131,0.09104231990401335
0,2023-06-23,7989.791587749227,5.836411850190113,-0.005759554915130138,-0.05320886595891583
0,2023-06-26,7993.894894124552,5.884573549711331,0.0005135686369612813,0.04816169952121818
0,2023-06-27,7999.449177413544,5.993239545727658,0.0006948156515136361,0.10866599601632654
0,2023-06-28,8053.76444658124,6.057888874037764,0.006789876148104668,0.06464932831010639
0,2023-06-29,8028.299843379124,6.004364195996839,-0.0031618261709809303,-0.05352467804092509
0,2023-06-30,8037.908311032475,5.917790389621102,0.00119682471267879,-0.0865738063757373
0,2023-07-03,8033.959006768017,5.905657569132276,-0.0004913348238915205,-0.01213282048882558
0,2023-07-05,8013.503583308041,5.92295266652488,-0.0025461199693381786,0.017295097392604042
0,2023-07-06,8036.543199115239,5.8620380366695715,0.0028750989586114883,-0.06091462985530871
0,2023-07-07,7943.971665640915,5.850639153198627,-0.011518824845552444,-0.011398883470944199
0,2023-07-10,7810.928070648896,5.836861133134245,-0.016747742891311646,-0.013778020064382446
0,2023-07-11,7880.861284324736,5.867020165216394,0.00895325280725956,0.030159032082148762
0,2023-07-12,7606.953679315223,5.835054538201836,-0.034756049513816833,-0.031965627014557185
0,2023-07-13,7674.6183007905565,5.787258069169992,0.00889510102570057,-0.047796469031844424
0,2023-07-14,7672.054301185525,5.8289083694193895,-0.0003340882249176502,0.04165030024939753
0,2023-07-17,7630.990688828837,5.780917770987374,-0.005352362059056759,-0.047990598432015474
0,2023-07-18,7730.8178127193005,5.749760211223844,0.013081803917884827,-0.031157559763530074
0,2023-07-19,7747.4212140659765,5.735264701985219,0.0021476901602,-0.014495509238624749
0,2023-07-20,7742.868444752097,5.832770610137016,-0.0005876496434211731,0.09750590815179638
0,2023-07-21,7604.279627805234,5.757524836105679,-0.01789889857172966,-0.07524577403133659
0,2023-07-24,7665.023075999204,5.768072491772305,0.00798806082457304,0.010547655666625744
0,2023-07-25,7665.159434139507,5.800225064159705,1.7789658159017563e-05,0.032152572387400546
0,2023-07-26,7641.2726201966025,5.829759538873386,-0.003116284031420946,0.02953447471368076
0,2023-07-27,7737.417769390746,5.8867583825573195,0.012582347728312016,0.05699884368393349
0,2023-07-28,7794.253468340608,5.865433275690263,0.0073455641977488995,-0.021325106867056576
0,2023-07-31,7932.791061560415,5.817686478703683,0.017774324864149094,-0.04774679698657991
0,2023-08-01,7891.583542320651,5.838229340628413,-0.005194580182433128,0.02054286192472965
0,2023-08-02,7952.427107832452,5.8260245352938425,0.007709931116551161,-0.012204805334570246
0,2023-08-03,8019.391438457318,5.769656934479477,0.008420615456998348,-0.056367600814365204
0,2023-08-04,7974.346082262402,5.769678313882068,-0.005617054179310799,2.1379402590504526e-05
0,2023-08-07,8001.908342914425,5.776345133953076,0.0034563662484288216,0.006666820071008495
0,2023-08-08,7920.632286974983,5.703614115275749,-0.010157084092497826,-0.07273101867732734
0,2023-08-09,7869.963319511174,5.62327704447675,-0.0063970861956477165,-0.08033707079899877
0,2023-08-10,7886.8293711809065,5.646935576472314,0.0021430915221571922,0.023658531995564225
0,2023-08-11,7919.230361933824,5.611271663270392,0.004108240362256765,-0.035663913201922526
0,2023-08-14,7915.734690233663,5.58654669153791,-0.00044141558464616537,-0.024724971732482004
0,2023-08-15,7904.902272235012,5.602285565868088,-0.0013684665318578482,0.015738874330177843
0,2023-08-16,7852.638602781104,5.627209030592769,-0.006611551623791456,0.02492346472468121
0,2023-08-17,7758.453539328575,5.621185711530672,-0.011994065716862679,-0.006023319062096633
0,2023-08-18,7567.055661102806,5.627941275387426,-0.024669591337442398,0.006755563856753355
0,2023-08-21,7549.474559571666,5.625040516397381,-0.0023233741521835327,-0.002900758990044494
0,2023-08-22,7520.157548789911,5.642953281986939,-0.003883318044245243,0.0179127655895579
0,2023-08-23,7464.255420044862,5.6460247181750525,-0.007433637976646423,0.003071436188113452
0,2023-08-24,7482.87481763542,5.665066894689842,0.002494474872946739,0.019042176514789233
0,2023-08-25,7593.516921012878,5.614422335814451,0.014786042273044586,-0.050644558875390544
0,2023-08-28,7698.163509544682,5.620514975914681,0.013781043700873852,0.006092640100229474
0,2023-08-29,7720.515043870766,5.583180765137012,0.002903489163145423,-0.03733421077766863
0,2023-08-30,7719.163282842333,5.628453426021223,-0.00017508689779788256,0.04527266088421111
0,2023-08-31,7942.109095946877,5.696129145719254,0.028882121667265892,0.06767571969803132
0,2023-09-01,7902.393288627245,5.667622260165384,-0.00500066252425313,-0.028506885553870376
0,2023-09-05,7883.309157905179,5.6443407232416,-0.002414981136098504,-0.02328153692378443
0,2023-09-06,7966.482707818717,5.60427631665034,0.010550588369369507,-0.04006440659125943
0,2023-09-07,7917.081940535186,5.592477049139551,-0.0062010763213038445,-0.011799267510789413
0,2023-09-08,7991.621781127693,5.618857254139287,0.009415064938366413,0.026380204999735923
0,2023-09-11,7898.118111871665,5.6262567504790955,-0.011700212024152279,0.007399496339808742
0,2023-09-12,7858.9537215541095,5.698492463152938,-0.004958698991686106,0.07223571267384266
0,2023-09-13,7876.197489706176,5.767411554299058,0.0021941557060927153,0.06891909114612016
0,2023-09-14,7914.461830187901,5.699185279513435,0.004858225118368864,-0.06822627478562371
0,2023-09-15,7635.649495458044,5.710291622319394,-0.03522821143269539,0.011106342805959457
0,2023-09-18,7703.534552423534,5.691620651408761,0.008890541270375252,-0.018670970910632967
0,2023-09-19,7909.529345157058,5.653447377284995,0.026740295812487602,-0.03817327412376592
0,2023-09-20,7807.39658472695,5.655442639502676,-0.012912621721625328,0.001995262217680427
0,2023-09-21,7662.205373104068,5.676454222890506,-0.018596623092889786,0.021011583387830157
0,2023-09-22,7811.058819847466,5.646510081445348,0.019426971673965454,-0.029944141445157335
0,2023-09-25,7851.527978226487,5.650623936359972,0.005181008018553257,0.0041138549146237935
0,2023-09-26,7772.963261703371,5.657125265133552,-0.010006296448409557,0.006501328773580006
0,2023-09-27,7751.782313036031,5.672690560387083,-0.002724951598793268,0.015565295253530564
0,2023-09-28,7914.6133590894715,5.671301244501596,0.021005626767873764,-0.0013893158854871857
0,2023-09-29,7907.858812611973,5.661482726571088,-0.0008534272201359272,-0.009818517930507475
0,2023-10-02,7842.384056409981,5.715902870645746,-0.008279707282781601,0.05442014407465834
0,2023-10-03,7790.285794935492,5.742872422709351,-0.006643166299909353,0.02696955206360485
0,2023-10-04,7632.118681089147,5.748950370711017,-0.020303120836615562,0.006077948001665945
0,2023-10-05,7562.09475441414,5.776139603562543,-0.009174900129437447,0.027189232851525524
0,2023-10-06,7645.949660484119,5.781265220011751,0.011088846251368523,0.005125616449208614
0,2023-10-11,7517.709356538753,5.784475506757884,-0.0167723186314106,0.0032102867461327733
0,2023-10-12,7518.476018201594,5.797319816217104,0.00010198075324296951,0.012844309459219438
0,2023-10-13,7483.601472316723,5.699441181131244,-0.004638512618839741,-0.09787863508585914
0,2023-10-16,7526.4487711207985,5.653804952982913,0.005725491791963577,-0.04563622814833135
0,2023-10-17,7607.054928039797,5.604877630601304,0.010709719732403755,-0.04892732238160935
0,2023-10-18,7772.360001810274,5.672185480597635,0.021730495616793633,0.06730784999633155
0,2023-10-19,7803.784661671301,5.6744865536016444,0.004043129738420248,0.0023010730040091687
0,2023-10-20,7745.308769997321,5.678753264890414,-0.007493273355066776,0.004266711288769542
0,2023-10-23,7723.205885290987,5.609432622770836,-0.002853712532669306,-0.06932064211957822
0,2023-10-24,7740.763654946164,5.600743270116523,0.0022733784280717373,-0.008689352654312366
0,2023-10-25,7815.264777591825,5.559092553020828,0.00962451845407486,-0.041650717095695455
0,2023-10-26,7685.253548167021,5.567014059551754,-0.016635550186038017,0.007921506530926159
0,2023-10-27,7615.570918487401,5.549935746702065,-0.009067056700587273,-0.01707831284968897
0,2023-10-30,7589.217668550965,5.52330612914541,-0.003460443112999201,-0.026629617556655383
0,2023-10-31,7641.0615129140615,5.530331416561379,0.00683125015348196,0.007025287415968862
0,2023-11-01,7685.8993008461275,5.508582112429942,0.005868005100637674,-0.021749304131436276
0,2023-11-02,7711.288872025884,5.515939152768809,0.0033033962827175856,0.007357040338866305
0,2023-11-03,7639.246981567538,5.500916381202388,-0.009342392906546593,-0.015022771566420623
0,2023-11-06,7423.140938828416,5.397893380746275,-0.02828891947865486,-0.10302300045611279
0,2023-11-07,7440.013296309747,5.363761047309417,0.0022729404736310244,-0.034132333436858175
0,2023-11-08,7542.824419970055,5.254641877626498,0.013818674720823765,-0.10911916968291901
0,2023-11-09,7480.031837519328,5.27644249010167,-0.008324810303747654,0.021800612475171732
0,2023-11-10,7465.350302381865,5.288697392124499,-0.001962763722985983,0.012254902022829306
0,2023-11-13,7538.031629152114,5.314104311843245,0.009735822677612305,0.02540691971874587
0,2023-11-14,7544.658241237749,5.363618885577806,0.0008790905121713877,0.04951457373456147
0,2023-11-15,7794.5066218812535,5.360376939488715,0.0331159308552742,-0.003241946089091563
0,2023-11-16,7949.383889180358,5.329425312291361,0.019870053976774216,-0.03095162719735356
0,2023-11-17,7991.897795565999,5.33911089213421,0.005348075646907091,0.009685579842848568
0,2023-11-20,8010.232033467888,5.333877464655563,0.0022941031493246555,-0.005233427478646746
0,2023-11-21,8057.909715332691,5.348448300876384,0.005952097475528717,0.01457083622082056
0,2023-11-22,8159.921377753191,5.369507767390726,0.01265981700271368,0.021059466514341985
0,2023-11-24,8124.840607400968,5.402620766976994,-0.0042991554364562035,0.03311299958626801
0,2023-11-27,8195.19393929312,5.366033673408037,0.008659041486680508,-0.03658709356895695
0,2023-11-28,8259.745036941436,5.393546342041241,0.007876701653003693,0.027512668633204562
0,2023-11-29,8243.97115192543,5.397498614208778,-0.0019097302574664354,0.003952272167536464
0,2023-11-30,8287.001653819962,5.463353632434614,0.005219632759690285,0.06585501822583595
0,2023-12-01,8322.26490296985,5.475476289031027,0.004255248233675957,0.012122656596413428
0,2023-12-04,8353.506822546673,5.436834355835662,0.003754016477614641,-0.038641933195364686
0,2023-12-05,8224.24495348735,5.432975733981138,-0.015473964624106884,-0.0038586218545244577
0,2023-12-06,8147.1568851962575,5.48199627374085,-0.009373269975185394,0.0490205397597121
0,2023-12-07,8056.373966938134,5.493098377488134,-0.011142895556986332,0.01110210374728382
0,2023-12-08,8040.523692962294,5.470595358483619,-0.0019674203358590603,-0.02250301900451479
0,2023-12-11,8012.526293908107,5.408606860011389,-0.0034820367582142353,-0.06198849847223009
0,2023-12-12,8020.4181942988025,5.404516327268952,0.000984945334494114,-0.004090532742437425
0,2023-12-13,8184.4364313282385,5.4072749844435695,0.020450085401535034,0.0027586571746178734
0,2023-12-14,8175.861520552593,5.473167943711048,-0.0010477093746885657,0.06589295926747862
0,2023-12-15,8188.366105792658,5.4442874394941425,0.0015294516924768686,-0.028880504216905578
0,2023-12-18,8268.444459624858,5.468190897065511,0.00977952778339386,0.023903457571368136
0,2023-12-19,8224.8628915736,5.46672732917648,-0.005270830355584621,-0.0014635678890302373
0,2023-12-20,8263.884431569393,5.492691779769991,0.004744339268654585,0.025964450593510158
0,2023-12-21,8330.702634683828,5.439788559472126,0.008085568435490131,-0.052903220297864983
0,2023-12-22,8343.39505915709,5.5006370190370815,0.0015235719038173556,0.06084845956495588
0,2023-12-26,8360.71138393022,5.517784550729582,0.002075453056022525,0.017147531692500273
0,2023-12-27,8367.910380618274,5.581593848394907,0.0008610507356934249,0.06380929766532528
0,2023-12-28,8352.361248842666,5.559547584785158,-0.0018581857439130545,-0.022046263609748706
0,2023-12-29,8353.619379750913,5.596489507361788,0.00015063176397234201,0.03694192257662987
0,2024-01-02,8324.425696709834,5.632608196748571,-0.0034947346430271864,0.03611868938678242
0,2024-01-03,8346.861200704645,5.611525017765039,0.0026951413601636887,-0.02108317898353196
0,2024-01-04,8456.630175905253,5.5977912269615056,0.013150928542017937,-0.013733790803533097
0,2024-01-05,8461.731033545373,5.5773319729532105,0.0006031785160303116,-0.02045925400829507
0,2024-01-08,8476.915468403315,5.6531704495769874,0.0017944832798093557,0.07583847662377696
0,2024-01-09,8532.880202309649,5.750396244038851,0.006602016277611256,0.0972257944618633
0,2024-01-10,8483.533224747205,5.763948900887392,-0.0057831560261547565,0.013552656848541567
0,2024-01-11,8429.629459449114,5.742636789790208,-0.006353928707540035,-0.021312111097183895
0,2024-01-12,8317.717584560303,5.910786326323902,-0.013276013545691967,0.16814953653369358
0,2024-01-16,8150.111126844219,5.949436070720957,-0.02015053480863571,0.0386497443970546
0,2024-01-17,8034.402516587444,5.906241375725906,-0.014197181910276413,-0.043194694995050575
0,2024-01-18,7984.9096739980805,5.907818876367973,-0.0061601148918271065,0.0015775006420666315
0,2024-01-19,8053.68190636242,5.879978535733037,0.00861277524381876,-0.02784034063493568
0,2024-01-22,7938.375195050743,5.86170361107508,-0.014317266643047333,-0.018274924657957214
0,2024-01-23,7815.375006821322,5.836400020625227,-0.01549437828361988,-0.025303590449852642
0,2024-01-24,7864.0260957875835,5.838009878164978,0.006225048564374447,0.0016098575397505144
0,2024-01-25,7822.702530320241,5.910401056252493,-0.005254759453237057,0.07239117808751505
0,2024-01-26,7981.4144287420995,5.883776774957619,0.020288627594709396,-0.026624281294873597
0,2024-01-29,8010.702120290392,5.892126411617763,0.003669486381113529,0.0083496366601441
0,2024-01-30,8043.815216739594,5.881348475035131,0.0041336072608828545,-0.01077793658263193
0,2024-01-31,8069.532821396396,5.919256525703669,0.003197189886122942,0.03790805066853764
0,2024-02-01,8224.124843865433,5.899934638882186,0.019157493487000465,-0.019321886821482614
0,2024-02-02,8265.034491385655,5.8118778016203105,0.004974346607923508,-0.08805683726187574
0,2024-02-05,8479.80388123059,5.812297617063995,0.025985298678278923,0.0004198154436840795
0,2024-02-06,8496.062174075169,5.775763352159423,0.0019172958564013243,-0.03653426490457168
0,2024-02-07,8537.316889506883,5.766722858443548,0.00485574547201395,-0.009040493715875009
0,2024-02-08,8542.562086494832,5.764027364933632,0.0006143847131170332,-0.002695493509915714
0,2024-02-09,8485.460091784691,5.73341574905179,-0.006684410851448774,-0.030611615881841914
0,2024-02-12,8487.61110413643,5.718565399989637,0.00025349389761686325,-0.014850349062153434
0,2024-02-13,8534.124717287648,5.720691912634331,0.0054801772348582745,0.0021265126446943228
0,2024-02-14,8497.286326117077,5.796897411437118,-0.004316598642617464,0.07620549880278649
0,2024-02-15,8507.27211232479,5.7639305873448095,0.001175173558294773,-0.03296682409230822
0,2024-02-16,8541.984653511421,5.74251392481184,0.004080337472259998,-0.021416662532969255
0,2024-02-20,8483.749481293962,5.767462159121779,-0.006817522458732128,0.024948234309938755
0,2024-02-21,8435.468452885534,5.808062872721379,-0.005691001191735268,0.04060071359960027
0,2024-02-22,8551.37660790061,5.825692884753076,0.013740571215748787,0.017630012031697007
0,2024-02-23,8497.268500263142,5.849410958535555,-0.006327414885163307,0.023718073782478477
0,2024-02-26,8392.294293725985,5.8426936296589345,-0.012353876605629921,-0.006717328876620243
0,2024-02-27,8267.625072152927,5.87087599738256,-0.014855201356112957,0.028182367723625923
0,2024-02-28,8106.826467019335,5.851084482746473,-0.01944918930530548,-0.019791514636087193
0,2024-02-29,8042.310050060604,5.853219899564032,-0.007958282716572285,0.0021354168175591326
0,2024-03-01,8011.058426980168,5.8705613736747155,-0.0038859013002365828,0.017341474110683208
0,2024-03-04,7976.40058595346,5.762880011528799,-0.004326249938458204,-0.10768136214591628
0,2024-03-05,8050.588384277489,5.727679479832102,0.00930091179907322,-0.03520053169669701
0,2024-03-06,8088.922676471654,5.67660663930977,0.004761675838381052,-0.051072840522332186
0,2024-03-07,8139.002593209401,5.737275264096186,0.0061911726370453835,0.0606686247864161
0,2024-03-08,8191.218908805993,5.697740536913008,0.006415566895157099,-0.0395347271831783
0,2024-03-11,8184.644551167447,5.696065541480579,-0.0008026104187592864,-0.0016749954324284388
0,2024-03-12,8374.179296529333,5.748861807109587,0.023157358169555664,0.05279626562900752
0,2024-03-13,8388.214416764042,5.731113583158548,0.0016759994905442,-0.017748223951039144
0,2024-03-14,8411.418644405205,5.773314720138805,0.002766289282590151,0.04220113698025685
0,2024-03-15,8293.211253617554,5.8182606539064174,-0.014053205028176308,0.0449459337676128
0,2024-03-18,8180.840548304141,5.936682039558197,-0.01354972179979086,0.11842138565177951
0,2024-03-19,8044.907748591971,5.954482319913801,-0.01661599427461624,0.01780028035560388
0,2024-03-20,7959.41877985027,5.959037396188794,-0.010626469738781452,0.004555076274993297
0,2024-03-21,7878.564998341791,5.952083737591365,-0.010158251971006393,-0.006953658597429246
0,2024-03-22,7955.729612593705,5.946001655025521,0.009794247336685658,-0.0060820825658440825
0,2024-03-25,7862.623313028296,5.9492754234060214,-0.011703049764037132,0.0032737683805006412
0,2024-03-26,7785.8858244715,5.949745342496951,-0.009759781882166862,0.00046991909092941597
0,2024-03-27,7770.929120899515,5.944277076838402,-0.0019210021710023284,-0.005468265658548965
0,2024-03-28,7699.295915608084,5.918259824545021,-0.00921810045838356,-0.026017252293381254
0,2024-04-01,7675.194150141942,5.863397893367495,-0.0031303856521844864,-0.054861931177526024
0,2024-04-02,7665.874129339375,5.873236638574176,-0.0012143042404204607,0.009838745206681487
0,2024-04-03,7722.290212911493,5.879815983115156,0.00735938036814332,0.006579344540980081
0,2024-04-04,7673.702642090456,5.937589498695089,-0.006291860248893499,0.0577735155799326
0,2024-04-05,7669.010709822779,5.9649245510079965,-0.0006114300340414047,0.02733505231290767
0,2024-04-08,7785.057885043247,5.984840119877476,0.015131961554288864,0.01991556886947965
0,2024-04-09,7739.320744038706,6.028682554922355,-0.005874990485608578,0.04384243504487895
0,2024-04-10,7737.608461695596,6.097911756955643,-0.00022124452516436577,0.06922920203328786
0,2024-04-11,7783.243152115641,6.112486145586083,0.005897777155041695,0.01457438863044036
0,2024-04-12,7845.960231008792,6.027662224398073,0.00805796217173338,-0.08482392118801041
0,2024-04-15,7822.983684887334,5.948571708754165,-0.0029284555930644274,-0.0790905156439079
0,2024-04-16,7854.486429816316,5.879848324580237,0.004026947543025017,-0.06872338417392765
0,2024-04-17,7801.207555899598,5.948526585355854,-0.00678324094042182,0.06867826077561645
0,2024-04-18,7768.351954309185,5.871362119420642,-0.004211604595184326,-0.07716446593521198
0,2024-04-19,7718.169530643894,5.944867204434275,-0.006459854543209076,0.0735050850136334
0,2024-04-22,7672.630294465589,6.015778770319317,-0.005900263786315918,0.07091156588504166
0,2024-04-23,7522.418935839689,5.983018809510542,-0.01957755722105503,-0.03275996080877519
0,2024-04-24,7565.753558610169,5.987404972914366,0.005760729778558016,0.004386163403824028
0,2024-04-25,7500.413536378018,5.982309625627586,-0.008636287413537502,-0.005095347286779628
0,2024-04-26,7466.097079207506,5.989826074325621,-0.0045752753503620625,0.007516448698035028
0,2024-04-29,7425.798072703434,6.104406789943974,-0.005397600121796131,0.11458071561835315
0,2024-04-30,7413.038512857863,6.105153461632428,-0.001718274550512433,0.0007466716884536595
0,2024-05-01,7509.341772303907,6.056243595253327,0.012991064228117466,-0.048909866379101
0,2024-05-02,7610.645162210295,6.0291282526585475,0.013490315526723862,-0.027115342594779435
0,2024-05-03,7775.788722837604,6.084756976564468,0.021699022501707077,0.05562872390592055
0,2024-05-06,7909.391658286179,6.044961408894094,0.017181914299726486,-0.03979556767037362
0,2024-05-07,7871.880459360651,6.129418161670392,-0.004742614924907684,0.0844567527762976
0,2024-05-08,7847.886513765618,6.15801350904951,-0.0030480576679110527,0.02859534737911762
0,2024-05-09,7822.737169694219,6.119994142008057,-0.0032046008855104446,-0.03801936704145259
0,2024-05-10,7938.7205076651435,6.114149355798171,0.014826439321041107,-0.005844786209886266
0,2024-05-13,7965.435816085029,6.071322122302278,0.003365190699696541,-0.04282723349589279
0,2024-05-14,7936.7182836609845,6.094384118288193,-0.003605268197134137,0.023061995985915296
0,2024-05-15,7889.447162242088,6.252782965759074,-0.005956003442406654,0.15839884747088107
0,2024-05-16,7836.620359054137,6.2352729614886035,-0.006695881485939026,-0.01751000427047078
0,2024-05-17,7872.073605341257,6.25269062872485,0.004524047952145338,0.017417667236246714
0,2024-05-20,7825.475230206181,6.355237383578634,-0.00591945368796587,0.10254675485378417
0,2024-05-21,7709.089955437799,6.366972767774047,-0.014872614294290543,0.011735384195412202
0,2024-05-22,7592.515422351108,6.553525890328241,-0.015121698379516602,0.18655312255419432
0,2024-05-23,7476.639510642501,6.591584026624352,-0.015261860564351082,0.03805813629611077
0,2024-05-24,7422.173627527041,6.639957048364231,-0.007284807972609997,0.04837302173987901
0,2024-05-28,7393.348723665661,6.635590386614822,-0.003883620258420706,-0.00436666174940914
0,2024-05-29,7301.652488704148,6.68398822808149,-0.012402530759572983,0.04839784146666837
0,2024-05-30,7140.692105588762,6.662831750919503,-0.022044377401471138,-0.021156477161986764
0,2024-05-31,7113.502191287867,6.7988457492057455,-0.0038077421486377716,0.13601399828624228
0,2024-06-03,7093.710588136565,6.8395124711731725,-0.0027822586707770824,0.040666721967427044
0,2024-06-04,7171.947177860636,6.810886406967758,0.011029007844626904,-0.02862606420541436
0,2024-06-05,7116.51060976306,6.866292706951615,-0.007729639764875174,0.05540629998385693
0,2024-06-06,6975.217116060664,6.850182695724323,-0.01985432207584381,-0.016110011227292276
0,2024-06-07,7042.473441403797,6.729088422194677,0.009642183780670166,-0.12109427352964541
0,2024-06-10,7131.726713873304,6.712941625987268,0.012673568911850452,-0.01614679620740933
0,2024-06-11,7020.079799536976,6.750494501419279,-0.01565496250987053,0.037552875432011135
0,2024-06-12,6982.620505791364,6.809230957249919,-0.005336021073162556,0.05873645583063958
0,2024-06-13,6963.57037384571,6.7131831956680275,-0.002728221006691456,-0.09604776158189132
0,2024-06-14,7027.9427376129925,6.584232536487091,0.00924416072666645,-0.12895065918093618
0,2024-06-17,7066.005160981101,6.500006212676012,0.005415869876742363,-0.08422632381107942
0,2024-06-18,7078.901343761643,6.524573883911679,0.0018251023720949888,0.024567671235667277
0,2024-06-20,7158.835172508792,6.348559313400691,0.01129184104502201,-0.17601457051098812
0,2024-06-21,7183.917835130624,6.309039918462003,0.003503735177218914,-0.03951939493868828
0,2024-06-24,7197.044804564057,6.411294797812343,0.001827271655201912,0.10225487935034039
0,2024-06-25,7159.910341107369,6.3703275450380925,-0.0051596821285784245,-0.04096725277425062
0,2024-06-26,7172.697534899628,6.221238022273389,0.0017859432846307755,-0.14908952276470355
0,2024-06-27,7174.138427245219,6.269536381883366,0.00020088569726794958,0.048298359609977304
0,2024-06-28,7288.295603595861,6.327778900080291,0.015912318602204323,0.05824251819692439
0,2024-07-01,7229.538983896611,6.320659597292111,-0.008061777800321579,-0.007119302788179738
0,2024-07-02,7332.700897446053,6.335964694470267,0.014269500970840454,0.015305097178155869
0,2024-07-03,7388.080440618753,6.320985398597027,0.007552407216280699,-0.014979295873239984
0,2024-07-05,7398.037397181929,6.280465331942315,0.00134770548902452,-0.04052006665471186
0,2024-07-08,7415.657675582291,6.2693192171990635,0.0023817503824830055,-0.011146114743251445
0,2024-07-09,7293.222332392135,6.25322808585414,-0.016510382294654846,-0.01609113134492368
0,2024-07-10,7292.343663491341,6.296588072512538,-0.00012047745985910296,0.04335998665839824
0,2024-07-11,7288.19327811243,6.268041826728228,-0.0005691428668797016,-0.028546245784309754
0,2024-07-12,7360.073914182424,6.241422627152063,0.00986261386424303,-0.026619199576165542
0,2024-07-15,7349.423082973428,6.224128337705712,-0.0014471092727035284,-0.01729428944635103
0,2024-07-16,7370.631018626846,6.34607088843893,0.002885659923776984,0.12194255073321791
0,2024-07-17,7318.296915839927,6.389501237518041,-0.007100355811417103,0.04343034907911125
0,2024-07-18,7323.726878336935,6.368369235746177,0.0007419707835651934,-0.02113200177186414
0,2024-07-19,7239.6330199581935,6.307303658167102,-0.01148238591849804,-0.06106557757907449
0,2024-07-22,7214.5550385728075,6.300568987921708,-0.003463985165581107,-0.006734670245394092
0,2024-07-23,7135.829785660828,6.243934524282625,-0.010912003926932812,-0.05663446363908342
0,2024-07-24,7108.91561325968,6.233970942660823,-0.003771694842725992,-0.009963581621801332
0,2024-07-25,7090.951787958165,6.276269948561036,-0.0025269431062042713,0.04229900590021263
0,2024-07-26,7083.058050603848,6.331442286641691,-0.0011132126674056053,0.055172338080654804
0,2024-07-29,7094.737256250821,6.3275431753414395,0.0016488931141793728,-0.0038991113002513345
0,2024-07-30,7122.535946853841,6.400124917438045,0.003918212838470936,0.07258174209660506
0,2024-07-31,7113.315690017806,6.3399569709878385,-0.0012945188209414482,-0.06016794645020607
0,2024-08-01,7167.946665302151,6.344936440533324,0.007680099923163652,0.004979469545485671
0,2024-08-02,7222.719717662446,6.2829946956253115,0.007641386706382036,-0.06194174490801263
0,2024-08-05,7263.883590514546,6.376149583982904,0.0056992205791175365,0.09315488835759211
0,2024-08-06,7214.540213363264,6.403973912897158,-0.006792974658310413,0.027824328914253904
0,2024-08-07,7222.788268610979,6.476102129413641,0.0011432544561102986,0.07212821651648316
0,2024-08-08,7221.592186787129,6.376256916614918,-0.0001655983505770564,-0.09984521279872283
0,2024-08-09,7272.190873783564,6.296204514353213,0.007006583269685507,-0.08005240226170507
0,2024-08-12,7348.8847920574935,6.281489043406055,0.010546191595494747,-0.014715470947157527
0,2024-08-13,7359.212788062204,6.235393086737442,0.0014053827617317438,-0.04609595666861299
0,2024-08-14,7397.001572851535,6.267343252940041,0.0051348949782550335,0.031950166202598496
0,2024-08-15,7509.32793788623,6.297695384499512,0.015185391530394554,0.030352131559471474
0,2024-08-16,7529.101977729041,6.158743366862078,0.0026332635898143053,-0.13895201763743437
0,2024-08-19,7514.675842038003,6.198222227528476,-0.0019160499796271324,0.039478860666398496
0,2024-08-20,7575.192835968918,6.215054931719614,0.008053174242377281,0.01683270419113736
0,2024-08-21,7532.555100144069,6.223776273078395,-0.005628600716590881,0.008721341358781665
0,2024-08-22,7480.662373464343,6.225520051081514,-0.006889126729220152,0.0017437780031182015
0,2024-08-23,7463.5957471613765,6.284999613262504,-0.002281432505697012,0.059479562180990264
0,2024-08-26,7454.422211745281,6.191747181185862,-0.001229104003868997,-0.09325243207664169
0,2024-08-27,7512.494099050667,6.199810855101784,0.007790260016918182,0.00806367391592211
0,2024-08-28,7446.233851335299,6.262632341018644,-0.008820006623864174,0.0628214859168601
0,2024-08-29,7353.066557450339,6.14372510971374,-0.012512002140283585,-0.11890723130490422
0,2024-08-30,7554.06098306183,6.167645338455169,0.027334775775671005,0.02392022874142885
0,2024-09-03,7469.282252570225,6.401689343337839,-0.01122293435037136,0.2340440048826702
0,2024-09-04,7407.818714754077,6.403518579144244,-0.008228841237723827,0.0018292358064044834
0,2024-09-05,7327.082555322808,6.356095842837661,-0.010898776352405548,-0.04742273630658289
0,2024-09-06,7377.442371263025,6.3836980842287385,0.0068731061182916164,0.027602241391077698
0,2024-09-09,7304.304616158951,6.319136419712429,-0.009913700632750988,-0.06456166451630985
0,2024-09-10,7406.274600672754,6.2394801581379715,0.013960259035229683,-0.07965626157445715
0,2024-09-11,7375.7595823414995,6.313333321076853,-0.004120157565921545,0.07385316293888167
0,2024-09-12,7407.246422848806,6.197439595982099,0.004268962424248457,-0.11589372509475382
0,2024-09-13,7507.676473013713,6.204295489422022,0.013558351434767246,0.006855893439922767
0,2024-09-16,7605.119283252799,6.191624028024326,0.012979090213775635,-0.012671461397696149
0,2024-09-17,7639.476732756928,6.224407569249624,0.00451767398044467,0.0327835412252977
0,2024-09-18,7550.02912361285,6.2526858067333695,-0.011708604171872139,0.028278237483745805
0,2024-09-19,7568.8446918249365,6.235421671040159,0.002492118626832962,-0.017264135693210392
0,2024-09-20,7609.789743047481,6.227579566721416,0.005409683100879192,-0.007842104318743104
0,2024-09-23,7705.934787649045,6.238335566776715,0.012634389102458954,0.010756000055298642
0,2024-09-24,7722.7745525297505,6.249402044062108,0.002185298129916191,0.011066477285393006
0,2024-09-25,7801.495595613958,6.250799844348076,0.010193362832069397,0.0013978002859680316
0,2024-09-26,7736.003686589106,6.344507797646334,-0.008394788950681686,0.09370795329825832
0,2024-09-27,7639.467229321652,6.431106960898214,-0.012478853575885296,0.0865991632518801
0,2024-09-30,7500.899223090883,6.4067546408349765,-0.01813843846321106,-0.02435232006323762
0,2024-10-01,7562.453548293307,6.32459739198519,0.008206259459257126,-0.08215724884978659
0,2024-10-02,7568.442830851219,6.274339110023745,0.0007919761119410396,-0.05025828196144477
0,2024-10-03,7609.538220025648,6.3329398388854665,0.0054298341274261475,0.05860072886172141
0,2024-10-04,7693.792065608558,6.403823095752049,0.011072136461734772,0.07088325686658248
0,2024-10-07,7765.476770211916,6.389911854234259,0.009317213669419289,-0.013911241517789996
0,2024-10-08,7818.114722152057,6.423298231444772,0.006778457202017307,0.03338637721051274
0,2024-10-09,7896.6083324734955,6.277593154449191,0.01003996655344963,-0.145705076995581
0,2024-10-10,7930.116891788576,6.349493070460146,0.004243411589413881,0.07189991601095524
0,2024-10-11,7896.7595270353895,6.218099924551268,-0.004206415265798569,-0.13139314590887796
0,2024-10-16,7992.724871328333,6.182983280110775,0.012152496725320816,-0.03511664444049334
0,2024-10-17,7973.451661457938,6.119115089809065,-0.002411344088613987,-0.06386819030170976
0,2024-10-18,8232.790012228243,5.989107750993829,0.03252523019909859,-0.1300073388152363
0,2024-10-21,8179.719698093438,6.023940648573025,-0.006446212530136108,0.0348328975791965
0,2024-10-22,8266.203521710695,6.0365330454794295,0.010572956874966621,0.012592396906404346
0,2024-10-23,8399.173879567805,6.046434038812909,0.016086025163531303,0.00990099333347949
0,2024-10-24,8178.692271085227,6.028804452742545,-0.026250392198562622,-0.017629586070364134
0,2024-10-25,8179.974532224287,6.0887437143599055,0.00015678070485591888,0.05993926161736063
0,2024-10-28,8091.11407805821,6.152267548884591,-0.010863170027732849,0.0635238345246858
0,2024-10-29,8064.690455280776,6.087703572975488,-0.003265758277848363,-0.06456397590910345
0,2024-10-30,8153.506104823139,6.087979757904487,0.011012902483344078,0.0002761849289996121
0,2024-10-31,8200.91912472815,6.180387219114091,0.005815046839416027,0.09240746120960353
0,2024-11-01,8182.815397764216,6.117112629364868,-0.0022075241431593895,-0.06327458974922262
0,2024-11-04,8268.610388020228,6.118930982380154,0.010484776459634304,0.0018183530152855454
0,2024-11-05,8284.295437603623,6.0567162843280355,0.0018969390075653791,-0.06221469805211832
0,2024-11-06,8318.723765688988,6.00380147055344,0.004155854694545269,-0.052914813774595615
0,2024-11-07,8465.983473530005,5.988894175273576,0.017702199518680573,-0.014907295279863675
0,2024-11-08,8437.251015666647,6.012458052941617,-0.003393871244043112,0.02356387766804069
0,2024-11-13,8436.42478739525,6.073960319150596,-9.792624041438103e-05,0.06150226620897925
0,2024-11-14,8444.671406312194,6.114950027427267,0.0009775016224011779,0.04098970827667081
0,2024-11-15,8443.420673120658,6.083718829532816,-0.00014810916036367416,-0.031231197894451057
0,2024-11-18,8371.735631239279,6.123291269781054,-0.008490047417581081,0.03957244024823847
0,2024-11-19,8272.569201875962,6.151206490063712,-0.01184538472443819,0.02791522028265714
0,2024-11-20,8136.526171865861,6.20040413697936,-0.01644507609307766,0.04919764691564854
0,2024-11-21,8065.586414213466,6.203532436353744,-0.00871867872774601,0.0031282993743841914
0,2024-11-22,7999.216705241381,6.261484894870938,-0.008228751830756664,0.05795245851719333
0,2024-11-25,8002.248384895981,6.254596555734665,0.0003789970651268959,-0.0068883391362728474
0,2024-11-26,7963.2636119131585,6.2759053501862985,-0.004871727433055639,0.021308794451633695
0,2024-11-27,7894.87303324947,6.27639405072341,-0.008588260039687157,0.000488700537111697
0,2024-11-29,7977.192036170855,6.234469823444223,0.010426893830299377,-0.04192422727918732
0,2024-12-02,8010.15523706031,6.326560895564863,0.004132180940359831,0.09209107212064005
0,2024-12-03,8015.3588637545145,6.314439625646776,0.0006496286951005459,-0.012121269918086597
0,2024-12-04,7957.822515067072,6.31769882752992,-0.0071782623417675495,0.0032592018831438807
0,2024-12-05,7993.270454217044,6.298339705563155,0.004454477224498987,-0.019359121966765258
0,2024-12-06,7957.80483039111,6.24738092421983,-0.004436935298144817,-0.050958781343324766
0,2024-12-09,8120.094428836104,6.266959542212326,0.020393764600157738,0.019578617992495495
0,2024-12-10,8093.253153064325,6.334140940104496,-0.0033055373933166265,0.06718139789217048
0,2024-12-11,7990.423772972412,6.398445598084228,-0.012705568224191666,0.06430465797973195
0,2024-12-12,7732.244714737619,6.347317468282901,-0.03231105953454971,-0.051128129801327304
0,2024-12-13,7666.662451800152,6.390423600159189,-0.00848165899515152,0.04310613187628842
0,2024-12-16,7629.589467190784,6.337164517188092,-0.004835609346628189,-0.05325908297109727
0,2024-12-17,7600.502209481353,6.3061825576691275,-0.003812427632510662,-0.03098195951896443
0,2024-12-18,7625.229864578347,6.316895010854272,0.0032534238416701555,0.010712453185144355
0,2024-12-19,7540.8798278775475,6.362270637269276,-0.01106196641921997,0.045375626415004255
0,2024-12-20,7602.423960836021,6.368183153253844,0.008161399513483047,0.005912515984568323
0,2024-12-23,7542.063299484339,6.333421646755551,-0.007939659990370274,-0.03476150649829357
0,2024-12-24,7600.868517662951,6.3516561706744366,0.007796966936439276,0.018234523918885692
0,2024-12-26,7600.6741852467985,6.331136150122973,-2.5567132979631424e-05,-0.020520020551463958
0,2024-12-27,7672.206810659971,6.280708292344463,0.009411352686583996,-0.050427857778509555
0,2024-12-30,7680.942537595157,6.2892935808291925,0.0011386198457330465,0.008585288484729503
0,2024-12-31,7827.122756580085,6.1987609602716205,0.019031547009944916,-0.09053262055757205
0,2025-01-02,7896.888125924542,6.237093099889899,0.008913284167647362,0.038332139618278305
0,2025-01-03,7933.883271071893,6.264823097320003,0.00468477513641119,0.027729997430104625
0,2025-01-06,7954.825470523656,6.349600500884821,0.0026395900640636683,0.08477740356481789
0,2025-01-07,7990.1082998138245,6.082582767331996,0.004435399547219276,-0.26701773355282565
0,2025-01-08,7992.545397209275,6.156147262320034,0.00030501431319862604,0.0735644949880383
0,2025-01-10,8036.382871822442,6.101158910569231,0.005484795197844505,-0.05498835175080252
0,2025-01-13,8073.895084178438,6.092242767737435,0.0046677980571985245,-0.008916142831796314
0,2025-01-14,8060.223341679564,6.084479610474489,-0.001693326747044921,-0.007763157262946407
0,2025-01-15,8134.203746318685,5.998812535701417,0.009178455919027328,-0.08566707477307212
0,2025-01-16,8238.131101872481,5.984425098417556,0.012776586227118969,-0.014387437283860827
0,2025-01-17,8200.234980597554,6.046122479625757,-0.004600087180733681,0.06169738120820156
0,2025-01-21,8190.503232287839,5.9814138349564345,-0.0011867645662277937,-0.0647086446693228
0,2025-01-22,8063.526817972467,6.044716332906779,-0.01550288312137127,0.06330249795034426
0,2025-01-23,7862.963739670722,6.0176605359499815,-0.024872872978448868,-0.027055796956797273
0,2025-01-24,7811.697459155127,6.080598222083573,-0.0065199690870940685,0.06293768613359152
0,2025-01-27,7659.19910108985,6.044954421041513,-0.019521795213222504,-0.035643801042059664
0,2025-01-28,7670.5555962004255,6.066006185312142,0.0014827261911705136,0.021051764270628937
0,2025-01-29,7599.940498756137,6.089760411377735,-0.009205995127558708,0.0237542260655923
0,2025-01-30,7598.4670510631395,6.003886317892567,-0.000193876214325428,-0.08587409348516761
0,2025-01-31,7711.744678618373,6.006823715738407,0.0149079579859972,0.0029373978458400174
0,2025-02-03,7729.673429290316,5.9720566455620805,0.002324863104149699,-0.03476707017632652
0,2025-02-04,7904.1933127925195,5.89679885871307,0.022577911615371704,-0.07525778684901052
0,2025-02-05,7954.893745445563,5.8676621212779745,0.00641437154263258,-0.029136737435095483
0,2025-02-06,8055.980333765938,5.9293117924615695,0.01270747184753418,0.06164967118359499
0,2025-02-07,8101.684762225323,5.892386482226036,0.005673354025930166,-0.03692531023553336
0,2025-02-10,8147.192364478439,5.866339171247921,0.005617054179310799,-0.026047310978115412
0,2025-02-11,8214.60325956147,5.833549958171527,0.00827412586659193,-0.03278921307639404
0,2025-02-12,8312.615059526031,5.840051875939144,0.011931410059332848,0.006501917767617549
0,2025-02-13,8533.115102424064,5.779983663936306,0.026525953784585,-0.06006821200283863
0,2025-02-14,8471.510127729282,5.7084055406338114,-0.007219517603516579,-0.07157812330249413
0,2025-02-18,8322.860537827471,5.686529569785438,-0.01754700019955635,-0.021875970848373782
0,2025-02-19,8266.724274406204,5.714457440668636,-0.006744828075170517,0.02792787088319848
0,2025-02-20,8378.843065943447,5.654822479031454,0.013562662526965141,-0.05963496163718229
0,2025-02-21,8364.860938247892,5.748845530781959,-0.001668742042966187,0.09402305175050518
0,2025-02-24,8371.274503681703,5.79591450031667,0.0007667270838283002,0.047068969534710625
0,2025-02-25,8331.699556636335,5.825426737405357,-0.004727469757199287,0.029512237088687776
0,2025-02-26,8244.53287329379,5.818348230495225,-0.010462053120136261,-0.007078506910132454
0,2025-02-27,8274.703390406565,5.8194281824454945,0.0036594574339687824,0.0010799519502695532
0,2025-02-28,8299.109708897757,5.8494358341545425,0.002949509769678116,0.030007651709047956
0,2025-03-03,8380.90924772538,5.8432386507877325,0.009856423363089561,-0.006197183366809966
0,2025-03-04,8493.821603899309,5.819888358262181,0.01347256638109684,-0.023350292525551097
0,2025-03-05,8604.68351493844,5.874480888859469,0.013052064925432205,0.054592530597287414
0,2025-03-06,8573.20360856654,5.820386165778783,-0.0036584618501365185,-0.05409472308068608
0,2025-03-07,8508.24718188652,5.8161670929282945,-0.007576680742204189,-0.004219072850488281
0,2025-03-10,8411.058725163017,5.87760531685117,-0.011422852985560894,0.06143822392287568
0,2025-03-11,8276.284533933072,5.892238969604715,-0.01602345146238804,0.014633652753544446
0,2025-03-12,8173.685449347836,5.953768414922696,-0.012396756559610367,0.06152944531798177
0,2025-03-13,8244.533286727918,5.922163198796481,0.008667795918881893,-0.031605216126215474
0,2025-03-14,8113.895241492821,5.96996417058909,-0.015845414251089096,0.04780097179260867
0,2025-03-17,8070.17866547301,5.974297290592378,-0.005387865472584963,0.004333120003288116
0,2025-03-18,8134.251201025996,5.915101385998912,0.007939419709146023,-0.0591959045934658
0,2025-03-19,8123.090585337301,5.881092972626185,-0.001372052007354796,-0.0340084133727272
0,2025-03-20,8078.151630351498,5.910679916325957,-0.0055322484113276005,0.02958694369977266
0,2025-03-21,8162.12269047708,5.94822098858413,0.010394835844635963,0.037541072258172825
0,2025-03-24,8254.714788968808,5.890134722243501,0.011344119906425476,-0.05808626634062897
0,2025-03-25,8240.033329625849,5.89281202272303,-0.00177855440415442,0.0026773004795286326
0,2025-03-26,8388.961714195431,5.882897739870405,0.018073759973049164,-0.009914282852625078
0,2025-03-27,8376.914106607837,5.886379948231775,-0.001436126185581088,0.0034822083613699206
0,2025-03-28,8284.832742878049,5.810560473617326,-0.010992277413606644,-0.07581947461444827
0,2025-03-31,8096.029245276916,5.803377130166576,-0.02278905361890793,-0.007183343450750002
0,2025-04-01,8168.832823308645,5.774637892676308,0.008992504328489304,-0.028739237490268188
0,2025-04-02,8305.327949667279,5.785457282868969,0.016709256917238235,0.010819390192660983
0,2025-04-03,8215.313922703339,5.791321446866362,-0.010838106274604797,0.005864163997392424
0,2025-04-04,8176.430092504114,5.740689783457397,-0.0047330912202596664,-0.0506316634089643
0,2025-04-07,8185.511793948975,5.736468536621639,0.0011107171885669231,-0.004221246835758308
0,2025-04-08,8128.081874515862,5.745512448390572,-0.007016045041382313,0.009043911768933377
0,2025-04-09,8123.790387768238,5.761059849842749,-0.0005279827164486051,0.015547401452177034
0,2025-04-10,8319.233438755238,5.650356065926372,0.024058111011981964,-0.11070378391637714
0,2025-04-11,8449.066363975671,5.66735703934939,0.015606356784701347,0.017000973423018095
0,2025-04-14,8460.559560073454,5.5370422196099485,0.0013602918479591608,-0.13031481973944192
0,2025-04-15,8521.678954075824,5.550684177284438,0.0072240368463099,0.013641957674489724
0,2025-04-16,8469.00999384067,5.5907916365195645,-0.006180584896355867,0.040107459235126264
0,2025-04-17,8514.607479015633,5.641712013109244,0.0053840395994484425,0.05092037658967996
0,2025-04-21,8534.827424999123,5.701998269442093,0.002374736126512289,0.06028625633284879
0,2025-04-22,8577.996414033689,5.710829964150888,0.005057980306446552,0.00883169470879519
0,2025-04-23,8581.962613690235,5.746317543282729,0.00046236900379881263,0.035487579131840974
0,2025-04-24,8432.047249447687,5.780062618307971,-0.017468657344579697,0.03374507502524171
0,2025-04-25,8330.846959956965,5.843197980028846,-0.012001864612102509,0.06313536172087453
0,2025-04-28,8356.676003984487,5.866080914793883,0.0031004103366285563,0.022882934765037
0,2025-04-29,8315.636851420197,5.87108192848765,-0.004910942167043686,0.005001013693767042
0,2025-04-30,8305.701752378998,5.80310536726658,-0.0011947490274906158,-0.06797656122106943
0,2025-05-01,8426.608945537228,5.771860541760025,0.014557131566107273,-0.031244825506555607
0,2025-05-02,8467.506589995937,5.793109947724463,0.004853392951190472,0.02124940596443814
0,2025-05-05,8463.935878858216,5.799766856782621,-0.0004216957022435963,0.006656909058158078
0,2025-05-06,8505.464765460396,5.8175637259851305,0.004906569141894579,0.01779686920250967
0,2025-05-07,8657.024786258533,5.818781473007568,0.017819134518504143,0.0012177470224372655
0,2025-05-08,8793.44357230775,5.811750686815674,0.01575816050171852,-0.007030786191894123
0,2025-05-09,8725.993640779761,5.785003906619276,-0.007670479826629162,-0.026746780196397424
0,2025-05-12,8722.956412142765,5.7831176729662515,-0.0003480667946860194,-0.0018862336530247603
0,2025-05-13,8797.119320738484,5.753695277011828,0.008502038195729256,-0.029422395954423308
0,2025-05-14,8875.35399509607,5.692529766784196,0.008893215097486973,-0.0611655102276325
0,2025-05-15,8818.832467056194,5.74662981695804,-0.006368368864059448,0.05410005017384467
0,2025-05-16,8817.265037519968,5.79370386338144,-0.00017773662693798542,0.04707404642339963
0,2025-05-19,8568.7707982508,5.846414693922706,-0.02818268910050392,0.05271083054126624
0,2025-05-20,8521.336044169428,5.8067167565460815,-0.0055357711389660835,-0.03969793737662464
0,2025-05-21,8365.40984289266,5.780141196873398,-0.018298327922821045,-0.026575559672683546
0,2025-05-22,8448.01061823426,5.724045934793972,0.009874085895717144,-0.05609526207942572
0,2025-05-23,8396.739005520218,5.742762018458159,-0.00606907531619072,0.01871608366418709
0,2025-05-27,8559.455431798206,5.695785721666996,0.019378526136279106,-0.04697629679116311
0,2025-05-28,8643.407193975445,5.684686391451829,0.009808072820305824,-0.011099330215166958
0,2025-05-29,8790.879035309237,5.738499694347068,0.01706177182495594,0.05381330289523856
0,2025-05-30,8902.175710751544,5.759136781347486,0.012660471722483635,0.02063708700041822
0,2025-06-02,9002.017155197816,5.770913713757505,0.011215398088097572,0.011776932410018759
0,2025-06-03,8996.649271228756,5.816468241135849,-0.0005962979048490524,0.04555452737834376
0,2025-06-04,8876.778863668997,5.855773194370008,-0.013323894701898098,0.03930495323415961
0,2025-06-05,8770.798997812497,5.835665091751525,-0.011939000338315964,-0.02010810261848306
0,2025-06-06,8710.502752847893,5.866993578707632,-0.006874658167362213,0.031328486956106794
0,2025-06-09,8698.981269944747,5.873064566468017,-0.0013227115850895643,0.006070987760384838
0,2025-06-10,8844.915632178541,5.847767142957479,0.016776029020547867,-0.025297423510537875
0,2025-06-11,8952.933290953864,5.86529654589568,0.012212401255965233,0.01752940293820071
0,2025-06-12,8951.487450527786,5.8175841182270895,-0.00016149348812177777,-0.047712427668590074
0,2025-06-13,9057.354653839322,5.79775023362663,0.0118267722427845,-0.01983388460045976
0,2025-06-16,9118.577101500503,5.783737448128466,0.006759418174624443,-0.014012785498163538
0,2025-06-17,9077.25228285377,5.770017132410925,-0.004531937185674906,-0.013720315717541176
0,2025-06-18,8973.343206237309,5.790226869143532,-0.011447194963693619,0.020209736732606842
0,2025-06-20,8970.50262737471,5.7581405501146525,-0.00031655747443437576,-0.03208631902887937
0,2025-06-23,9039.934516397687,5.802343155335529,0.007740022148936987,0.04420260522087638
0,2025-06-24,8932.310007791326,5.822635712737355,-0.011905452236533165,0.02029255740182645
0,2025-06-25,8915.358904035227,5.770699586747867,-0.0018977290019392967,-0.0519361259894886
0,2025-06-26,8880.973792582052,5.82258867022233,-0.003856839844956994,0.05188908347446297
0,2025-06-27,8938.400525266341,5.628286175299686,0.006466265302151442,-0.19430249492264373
0,2025-06-30,9006.5986930639,5.68948038847703,0.007629795465618372,0.06119421317734375
0,2025-07-01,9066.785886572043,5.711208091715903,0.006682566367089748,0.02172770323887363
0,2025-07-02,9248.271719502343,5.553803631114442,0.020016556605696678,-0.15740446060146152
0,2025-07-03,9182.779839798863,5.4973586940405355,-0.007081526331603527,-0.05644493707390641
0,2025-07-07,9192.650845266537,5.5162431087068615,0.0010749474167823792,0.018884414666326066
0,2025-07-08,9129.566893263092,5.61941591986427,-0.006862433161586523,0.10317281115740862
0,2025-07-09,9187.00122973286,5.6324676538448895,0.006291025318205357,0.013051733980619318
0,2025-07-10,9171.496397928822,5.573806300984672,-0.001687692361883819,-0.05866135286021734
0,2025-07-11,9197.458012006293,5.497096859857356,0.0028306846506893635,-0.07670944112731615
0,2025-07-14,9203.582339704757,5.500800702535931,0.0006658717757090926,0.003703842678574709
0,2025-07-15,9090.213836352461,5.688818390624935,-0.012317867018282413,0.18801768808900476
0,2025-07-16,8982.784993979392,5.616457059999269,-0.011818076483905315,-0.0723613306256663
0,2025-07-17,9062.4363879519,5.502186433825527,0.008867115713655949,-0.1142706261737425
0,2025-07-18,9095.906674316255,5.464395606977985,0.003693298902362585,-0.03779082684754176
0,2025-07-21,9168.9311259753,5.478747235410622,0.008028276264667511,0.014351628432637042
0,2025-07-22,9130.841960341228,5.6123640178416885,-0.004154155496507883,0.13361678243106656
0,2025-07-23,9160.904926227287,5.646946599919787,0.003292463719844818,0.034582582078098945
0,2025-07-24,9359.755077496291,5.606679728211623,0.021706387400627136,-0.04026687170816423
0,2025-07-25,9256.811449098144,5.633199830013812,-0.010998538695275784,0.026520101802188556
0,2025-07-28,9377.845307559523,5.641833062782745,0.013075113296508789,0.008633232768933574
0,2025-07-29,9308.705969184592,5.61109791308918,-0.007372625172138214,-0.030735149693565056
0,2025-07-30,9403.952428951025,5.517199971033813,0.01023197639733553,-0.09389794205536717
0,2025-07-31,9279.976756286045,5.556108565059672,-0.013183358125388622,0.03890859402585889
0,2025-08-01,9024.820610130228,5.544353274299238,-0.02749534323811531,-0.011755290760434356
0,2025-08-04,9049.690792882013,5.547305573456208,0.0027557536959648132,0.0029522991569699286
0,2025-08-05,8931.77300129938,5.456564317989311,-0.01303003542125225,-0.09074125546689693
0,2025-08-06,8984.284814790879,5.4719091378153175,0.0058792149648070335,0.015344819826006884
0,2025-08-07,9000.163485607836,5.504700709399399,0.0017673828406259418,0.03279157158408186
0,2025-08-08,9022.50757686723,5.465553823360315,0.0024826317094266415,-0.03914688603908445
0,2025-08-11,9077.544779592483,5.431480410171445,0.006099989637732506,-0.03407341318887003
0,2025-08-12,9199.819034119739,5.401177384075683,0.013469969853758812,-0.030303026095761965
0,2025-08-13,9291.78084268023,5.41948265569901,0.009996045380830765,0.01830527162332718
0,2025-08-14,9348.032777641969,5.391128259987559,0.006053945515304804,-0.028354395711451374
0,2025-08-15,9454.785556564319,5.387843281600975,0.011419812217354774,-0.0032849783865840365
0,2025-08-18,9449.883725842428,5.316796257889794,-0.000518449698574841,-0.07104702371118066
0,2025-08-19,9485.528826661277,5.313286428499911,0.0037720147520303726,-0.003509829389883201
0,2025-08-20,9381.714998766944,5.322888438081294,-0.010944442823529243,0.009602009581382909
0,2025-08-21,9362.009053298394,5.348972728606305,-0.0021004630252718925,0.026084290525011156
0,2025-08-22,9359.60001673572,5.373215507087694,-0.0002573204692453146,0.024242778481388783
0,2025-08-25,9332.170954143983,5.36307893019758,-0.0029305806383490562,-0.010136576890113602
0,2025-08-26,9530.14735684412,5.300196510162436,0.021214399486780167,-0.06288242003514366
0,2025-08-27,9552.00613331234,5.2977064616105105,0.0022936451714485884,-0.0024900485519259163
0,2025-08-28,9427.300045192096,5.213805233266704,-0.013055486604571342,-0.08390122834380609
0,2025-08-29,9545.172790861283,5.3219091331822534,0.01250334084033966,0.10810389991554903
0,2025-09-02,9680.488750894523,5.253382850879396,0.014176376163959503,-0.06852628230285784
0,2025-09-03,9556.76026268834,5.280204582751072,-0.01278122328221798,0.026821731871676135
0,2025-09-04,9332.125547167696,5.319098099173497,-0.02350532077252865,0.038893516422425556
0,2025-09-05,9300.339149046831,5.31101454164444,-0.0034061262849718332,-0.00808355752905765
0,2025-09-08,9388.777295264696,5.269588953221817,0.0095091313123703,-0.041425588422622894
0,2025-09-09,9469.10952712331,5.291971848481271,0.00855619739741087,0.02238289525945447
0,2025-09-10,9345.270022072862,5.252259810691761,-0.013078263029456139,-0.039712037789509935
0,2025-09-11,9373.344715094516,5.270130417533807,0.0030041607096791267,0.017870606842045333
0,2025-09-12,9513.177716038683,5.23189010246344,0.01491815410554409,-0.03824031507036629
0,2025-09-15,9648.942086438088,5.308251688848611,0.014271190389990807,0.07636158638517099
0,2025-09-16,9716.204401130055,5.478703773199893,0.0069709522649645805,0.17045208435128156
0,2025-09-17,9673.742522669954,5.564952232625646,-0.004370212554931641,0.08624845942575288
0,2025-09-18,9637.470320277716,5.515919370430431,-0.003749552182853222,-0.04903286219521519
0,2025-09-19,9539.41156449088,5.526572681976875,-0.010174740105867386,0.010653311546444222
0,2025-09-22,9457.498778874759,5.521189841001083,-0.00858677551150322,-0.005382840975792114
0,2025-09-23,9410.857338313297,5.5457809736603325,-0.004931688774377108,0.024591132659249837
0,2025-09-24,9180.658346065295,5.586539958832625,-0.02446100115776062,0.04075898517229248
0,2025-09-25,9110.115990018554,5.554817741875819,-0.007683801464736462,-0.03172221695680566
0,2025-09-26,9157.421468516599,5.542721741347879,0.005192631855607033,-0.01209600052794002
0,2025-09-29,8999.275693483987,5.54234510666961,-0.017269684001803398,-0.0003766346782692054
0,2025-09-30,8998.900899607765,5.5320253328337925,-4.164711572229862e-05,-0.010319773835817614
0,2025-10-01,8963.244032689468,5.365881449325567,-0.003962357994168997,-0.16614388350822562
0,2025-10-02,8880.457978892833,5.316248627376358,-0.009236170910298824,-0.04963282194920904
0,2025-10-03,8979.515748962895,5.172374239984444,0.011154578998684883,-0.1438743873919135
0,2025-10-06,8955.781340802674,5.251113986816769,-0.0026431723963469267,0.07873974683232454
0,2025-10-07,9044.577711076721,5.277548926221906,0.009914977476000786,0.02643493940513686
0,2025-10-08,9033.49504344215,5.294841887283782,-0.0012253383174538612,0.01729296106187661
0,2025-10-09,9094.746560358291,5.262392059885987,0.006780489347875118,-0.03244982739779534
0,2025-10-10,9062.51799317302,5.268530434245001,-0.003543646540492773,0.006138374359013987
0,2025-10-15,9143.602611213919,5.198516494617652,0.008947250433266163,-0.0700139396273487
0,2025-10-16,9307.754583939084,5.227224895405017,0.017952658236026764,0.02870840078736503
0,2025-10-17,9259.306778141787,5.058279333889807,-0.005205101333558559,-0.16894556151521023
0,2025-10-20,9228.16020987631,5.028051966345836,-0.0033638121094554663,-0.030227367543971262
0,2025-10-21,9087.711346272818,4.947970646581458,-0.015219595283269882,-0.08008131976437749
0,2025-10-22,8970.927369820796,4.808100143783498,-0.01285075768828392,-0.13987050279796076
0,2025-10-23,8844.158190197004,4.67143737873291,-0.014131112024188042,-0.1366627650505876
0,2025-10-24,8821.451941517653,4.904589420639074,-0.00256737251766026,0.23315204190616434
0,2025-10-27,8991.797443218544,4.928126615392271,0.019310370087623596,0.023537194753196822
0,2025-10-28,9106.19935162877,4.949965156163988,0.012722918763756752,0.021838540771716985
0,2025-10-29,9182.896209550552,4.887584983790459,0.0084224883466959,-0.062380172373528886
0,2025-10-30,9312.75256142717,4.956086257462499,0.014141110703349113,0.06850127367204006
0,2025-10-31,9339.168182473737,5.000200036578462,0.0028364998288452625,0.04411377911596226
0,2025-11-03,9402.769167480625,4.946553785336798,0.006810133811086416,-0.053646251241663556
0,2025-11-04,9417.326335773423,4.938907136955427,0.0015481788432225585,-0.0076466483813710795
0,2025-11-05,9463.165940643285,4.93437529139967,0.0048675816506147385,-0.00453184555575703
0,2025-11-06,9528.602554675743,4.995305572606108,0.006914875470101833,0.06093028120643851
0,2025-11-07,9599.668731466387,5.06046682422349,0.007458195090293884,0.06516125161738184
0,2025-11-10,9795.264577586562,5.122370322721344,0.020375270396471024,0.061903498497853704
0,2025-11-13,9662.138606629083,5.097473480684893,-0.013590849936008453,-0.02489684203645126
0,2025-11-14,9637.503263547938,5.057451506611156,-0.002549678087234497,-0.040021974073736644
0,2025-11-17,9658.77100993846,5.060151841624191,0.0022067693062126637,0.0027003350130350157
0,2025-11-18,9692.093506421372,5.079979392953239,0.0034499727189540863,0.019827551329047566
0,2025-11-19,9799.32148042792,5.12529536222053,0.011063448153436184,0.045315969267291756
0,2025-11-20,9790.485968445513,5.083787763236317,-0.0009016452822834253,-0.04150759898421352
0,2025-11-21,9690.409097323845,5.063330075899452,-0.01022184919565916,-0.02045768733686515
0,2025-11-24,9637.154228492496,4.99480686075651,-0.005495626479387283,-0.06852321514294157
0,2025-11-25,9506.901705425007,4.980632357706983,-0.013515662401914597,-0.014174503049527054
0,2025-11-26,9465.322800379503,4.940686192996976,-0.004373549483716488,-0.039946164710007004
0,2025-11-28,9416.317654472688,4.867875748190997,-0.0051773348823189735,-0.0728104448059792
0,2025-12-01,9389.049834224325,4.89801578098281,-0.0028958050534129143,0.0301400327918131
0,2025-12-02,9394.15882840788,4.892412231756654,0.0005441438988782465,-0.005603549226155913
0,2025-12-03,9511.839212573474,4.897788933587522,0.012526974081993103,0.005376701830868136
0,2025-12-04,9518.264292404763,4.859224448312177,0.0006754823843948543,-0.038564485275345284
0,2025-12-05,9521.864038171081,4.792499745445294,0.0003781935083679855,-0.0667247028668827
0,2025-12-08,9596.761396201226,4.748598315536276,0.007865829393267632,-0.043901429909018574
0,2025-12-09,9656.123352061033,4.691672186565845,0.006185623817145824,-0.05692612897043059
0,2025-12-10,9673.956644652839,4.7237656238298,0.0018468376947566867,0.03209343726395453
0,2025-12-11,9733.559469318227,4.773717344046891,0.006161163095384836,0.04995172021709138
0,2025-12-12,9707.152304968866,4.556483577656086,-0.002713001798838377,-0.21723376639080527
0,2025-12-15,9718.150919993908,4.608149315923027,0.001133042387664318,0.05166573826694165
0,2025-12-16,9767.705852655366,4.643758444486688,0.005099214147776365,0.03560912856366105
0,2025-12-17,9820.617565650413,4.60002030513856,0.005417005158960819,-0.04373813934812798
0,2025-12-18,9856.664139086857,4.594135256108038,0.003670499660074711,-0.005885049030522005
0,2025-12-19,9816.034306715246,4.5687874832332875,-0.004122067242860794,-0.025347772874750873
0,2025-12-22,9972.026783148523,4.56127235122421,0.015891598537564278,-0.007515132009077163
0,2025-12-23,9870.86028171527,4.582224695350559,-0.010145029053092003,0.020952344126349054
0,2025-12-24,9873.725664888945,4.51389061801131,0.0002902870764955878,-0.06833407733924979
0,2025-12-26,9726.085513974873,4.53651874896603,-0.014952830970287323,0.02262813095472005
0,2025-12-29,9711.813727858342,4.56485200616848,-0.0014673720579594374,0.02833325720245039
0,2025-12-30,9723.301311528212,4.646223358472619,0.0011828463757410645,0.08137135230413861
0,2025-12-31,9632.673666786808,4.572694309427969,-0.009320666082203388,-0.07352904904464985
0,2026-01-02,9588.586734528015,4.548087397469178,-0.004576811566948891,-0.02460691195879061
0,2026-01-05,9623.139450949066,4.534606485545909,0.003603525459766388,-0.013480911923268835
0,2026-01-06,9470.459973159466,4.558468090522528,-0.01586586982011795,0.023861604976618267
0,2026-01-07,9443.109067675294,4.573510972981402,-0.0028880229219794273,0.015042882458874196
0,2026-01-08,9346.724799487421,4.528502587231181,-0.010206836275756359,-0.04500838575022126
0,2026-01-09,9232.003944952008,4.518158030914022,-0.012273909524083138,-0.010344556317158471
0,2026-01-12,9224.802222009417,4.599082490920253,-0.0007800823077559471,0.08092446000623088
0,2026-01-13,9364.55825374123,4.61629625337502,0.015150030143558979,0.0172137624547668
0,2026-01-14,9372.820428198207,4.603013638253826,0.0008822812815196812,-0.013282615121194219
0,2026-01-15,9433.669302851264,4.584261640677777,0.006492055952548981,-0.018751997576048396
0,2026-01-16,9492.64569186582,4.5863122357489745,0.006251691374927759,0.002050595071197314
0,2026-01-20,9585.957513796753,4.645594588905674,0.00982990674674511,0.05928235315669905
0,2026-01-21,9686.821650896198,4.680401809555626,0.010522072203457355,0.03480722064995234
0,2026-01-22,9770.422855672898,4.744925891383783,0.008630406111478806,0.06452408182815716
0,2026-01-23,8092.2449046139955,4.574275076873082,-0.17176103591918945,-0.17065081451070085
0,2026-01-26,7763.244422222143,4.4415828056164965,-0.04065626859664917,-0.13269227125658567
0,2026-01-27,8035.19359215963,4.569162217990662,0.03503035008907318,0.1275794123741658
0,2026-01-28,8185.858506815336,4.725066783876473,0.0187506265938282,0.1559045658858107
0,2026-01-29,8203.945351319619,4.800500968642195,0.0022095232270658016,0.07543418476572228
0,2026-01-30,8479.292040018305,4.801561097820458,0.03356271609663963,0.0010601291782625921
0,2026-02-02,7914.781355623509,4.716573544745344,-0.06657521426677704,-0.08498755307511363
0,2026-02-03,7792.333732238031,4.652108272351009,-0.015470752492547035,-0.06446527239433486
0,2026-02-04,7597.845122703242,4.610580472265391,-0.02495896816253662,-0.041527800085618516
0,2026-02-05,7670.820576705812,4.576842427780146,0.009604756720364094,-0.03373804448524531
0,2026-02-06,7662.57291013001,4.575681226789822,-0.0010752000380307436,-0.0011612009903236853
0,2026-02-09,7476.60701888372,4.607424465299029,-0.024269379675388336,0.031743238509206684
0,2026-02-10,7784.782496646712,4.634053633885358,0.041218627244234085,0.026629168586329577
0,2026-02-11,7987.875000372913,4.4542463978221685,0.026088397949934006,-0.1798072360631897
0,2026-02-12,8042.307674082185,4.412075147359676,0.0068144123069942,-0.04217125046249226
0,2026-02-13,7815.995420383404,4.414127172604034,-0.02814021334052086,0.002052025244357658
0,2026-02-17,7787.997299794811,4.4605542343708615,-0.003582156728953123,0.04642706176682765
0,2026-02-18,7868.563971064347,4.465626523342334,0.010344979353249073,0.005072288971472716
0,2026-02-19,7706.322802921397,4.47964748205118,-0.020618904381990433,0.01402095870884601
0,2026-02-20,7724.359259533379,4.446227960069384,0.002340475097298622,-0.033419521981795874
0,2026-02-23,7319.3138679188405,4.199713449583172,-0.05243740975856781,-0.24651451048621276
0,2026-02-24,7164.946410070268,4.141531723694858,-0.021090427413582802,-0.058181725888313274
0,2026-02-25,7009.453257320454,4.085214699949867,-0.021701928228139877,-0.0563170237449917
0,2026-02-26,7071.158530084567,4.049960435127483,0.008803150616586208,-0.035254264822383696
0,2026-02-27,7260.762972856801,4.0773341760498045,0.026813773438334465,0.027373740922321588
0,2026-03-02,7481.723869560324,4.185161041304587,0.030432187020778656,0.10782686525478269
0,2026-03-03,7328.038621751429,4.201099560432076,-0.020541422069072723,0.01593851912748878
0,2026-03-04,7353.470624147897,4.1723362256630265,0.003470506053417921,-0.028763334769049465
0,2026-03-05,7367.037616234944,4.166005021038784,0.0018449780764058232,-0.006331204624242304
0,2026-03-06,7388.746112066138,4.1502509078427305,0.0029467062558978796,-0.015754113196053687
0,2026-03-09,7517.443270579898,4.144290074501875,0.017417997121810913,-0.005960833340855842
0,2026-03-10,7472.673276734998,4.107693671563829,-0.005955481436103582,-0.03659640293804589
0,2026-03-11,7360.018607060113,4.134756207894146,-0.015075551345944405,0.027062536330316966
0,2026-03-12,7492.103606882246,4.146772131772541,0.017946286126971245,0.012015923878395007
0,2026-03-13,7505.306412752289,4.167385410261872,0.0017622294835746288,0.020613278489331144
0,2026-03-16,7436.352528518853,4.123180797889446,-0.009187350980937481,-0.04420461237242623
0,2026-03-17,7372.4918325123035,4.18792772096592,-0.008587636984884739,0.06474692307647434
0,2026-03-18,7339.538517108373,4.237788733942172,-0.004469766281545162,0.049861012976252006
0,2026-03-19,7299.265658497262,4.306462801606502,-0.005487110465764999,0.06867406766432982
0,2026-03-20,7420.119794563146,4.352382897077163,0.016557026654481888,0.04592009547066134
0,2026-03-23,7554.982118944689,4.344731397260085,0.018175221979618073,-0.0076514998170784665
0,2026-03-24,7644.770058861982,4.350388465863577,0.011884599924087524,0.0056570686034920215
0,2026-03-25,7637.107651046922,4.311633408736526,-0.0010023071663454175,-0.03875505712705074
0,2026-03-26,7610.498831856486,4.308023720405914,-0.0034841487649828196,-0.0036096883306120375
0,2026-03-27,7541.041846441703,4.300637424361683,-0.009126469492912292,-0.007386296044231244
0,2026-03-30,7557.218770292259,4.33633080968376,0.002145184203982353,0.03569338532207755
0,2026-03-31,7481.312255301091,4.351040611519283,-0.010044239461421967,0.014709801835522285
0,2026-04-01,7394.993885940914,4.289083727222947,-0.011537864804267883,-0.06195688429633517
0,2026-04-02,7344.540931292585,4.239655880260109,-0.006822582334280014,-0.049427846962838196
0,2026-04-06,7315.93143509167,4.333351943894256,-0.0038953416515141726,0.0936960636341464
0,2026-04-07,7369.788632293664,4.395996302625305,0.00736163230612874,0.06264435873104901
0,2026-04-08,7487.781730805233,4.424784030381071,0.016010377556085587,0.028787727755766213
0,2026-04-09,7491.03206823612,4.4259485051026575,0.0004340854939073324,0.0011644747215866502
0,2026-04-10,7555.913557837015,4.3802321164615,0.008661221712827682,-0.045716388641157124
0,2026-04-13,7493.033923992299,4.381201991975544,-0.008321910165250301,0.0009698755140439275
0,2026-04-14,7548.711473468305,4.358686043762871,0.007430574856698513,-0.02251594821267311
0,2026-04-15,7508.151436975561,4.3129736489833705,-0.005373107269406319,-0.04571239477950062
0,2026-04-16,7436.55854392552,4.314459424841134,-0.009535355493426323,0.0014857758577635494
0,2026-04-17,7478.553707141232,4.344575152919347,0.005647123325616121,0.030115728078213166
0,2026-04-20,7550.216662278769,4.287242737287632,0.009582461789250374,-0.05733241563171543
0,2026-04-21,7532.17504750677,4.271334242042733,-0.0023895492777228355,-0.0159084952448989
0,2026-04-22,7577.643548153056,4.384371376820798,0.006036569830030203,0.11303713477806543
0,2026-04-23,7530.485503739935,4.359817191853622,-0.006223312579095364,-0.024554184967175985
0,2026-04-24,7501.9700644122495,4.324818394423743,-0.0037866667844355106,-0.034998797429879325
0,2026-04-27,7429.939033341611,4.354573890541057,-0.009601615369319916,0.029755496117314095
0,2026-04-28,7344.08980212632,4.31528880116609,-0.011554500088095665,-0.03928508937496744
0,2026-04-29,7374.366949989482,4.353907567502528,0.0041226549074053764,0.03861876633643835
0,2026-04-30,7243.393940305505,4.337152551356512,-0.01776057668030262,-0.016755016146015933
0,2026-05-01,7185.863516245246,4.270250884286535,-0.00794246792793274,-0.06690166706997669
0,2026-05-04,7198.629694835148,4.298348674720371,0.0017765684751793742,0.028097790433835534
0,2026-05-05,7290.96607292674,4.357663687317538,0.012826938182115555,0.05931501259716665
0,2026-05-06,7403.240526273142,4.33126149019586,0.015399118885397911,-0.02640219712167724
0,2026-05-07,7527.975519613896,4.367175704979741,0.016848701983690262,0.03591421478388046
0,2026-05-08,7528.788575204654,4.2562590495279435,0.00010800454765558243,-0.1109166554517973
0,2026-05-11,7444.682654391387,4.276771045662857,-0.011171242222189903,0.02051199613491317
0,2026-05-12,7424.315521968354,4.3420166904616515,-0.002735795918852091,0.0652456447987948
0,2026-05-13,7579.907431969286,4.381948271236424,0.02095707133412361,0.039931580774772435
0,2026-05-14,7620.301540989511,4.412515231190406,0.005329103209078312,0.030566959953982398
