path_id,Date,sp500_abs,DGS10_abs,sp500,DGS10
0,1976-03-18,178.32978709394175,8.410666887735605,0.011074591428041458,-0.0648868222520047
0,1976-03-19,179.23160557657792,8.490302202540065,0.005057026632130146,0.07963531480445951
0,1976-03-22,178.63721271062525,8.586245433110088,-0.003316339571028948,0.09594323057002363
0,1976-03-23,179.70464901550258,8.569765385033907,0.005975442007184029,-0.016480048076180864
0,1976-03-24,180.81449229107525,8.494727795951064,0.006175929680466652,-0.07503758908284297
0,1976-03-25,183.47543436005847,8.406310908476048,0.014716420322656631,-0.08841688747501664
0,1976-03-26,183.1590716033468,8.526777623512247,-0.0017242785543203354,0.12046671503619955
0,1976-03-29,181.15293544330197,8.421821983339871,-0.010952971875667572,-0.10495564017237591
0,1976-03-30,182.26538422486334,8.476746250831585,0.0061409370973706245,0.05492426749171386
0,1976-03-31,181.01359445183795,8.509812694251089,-0.00686795124784112,0.0330664434195036
0,1976-04-01,181.16167054726063,8.431998573732496,0.0008180385339073837,-0.07781412051859249
0,1976-04-02,182.57402105947216,8.38089693466033,0.007796077989041805,-0.051101639072166805
0,1976-04-05,183.48327551358977,8.34774591796354,0.0049801962450146675,-0.03315101669678988
0,1976-04-06,181.99497259303234,8.490358434780909,-0.008111381903290749,0.14261251681736908
0,1976-04-07,179.95237394442248,8.479158131476506,-0.011223379522562027,-0.011200303304402581
0,1976-04-08,180.69913438620026,8.554293075723297,0.004149767104536295,0.07513494424679124
0,1976-04-09,179.0804677661959,8.563394702361384,-0.008957799524068832,0.009101626638086557
0,1976-04-12,181.86118990200876,8.476114720424773,0.015527780167758465,-0.0872799819366108
0,1976-04-13,185.677902622191,8.442991081137695,0.020986955612897873,-0.03312363928707818
0,1976-04-14,184.60882414951865,8.52510883984385,-0.0057577043771743774,0.0821177587061559
0,1976-04-15,184.81760718699033,8.517839455054846,0.0011309483088552952,-0.007269384789005073
0,1976-04-19,183.7706491671995,8.508863841906354,-0.005664817523211241,-0.00897561314849149
0,1976-04-20,187.16251587464254,8.492514836002066,0.018457064405083656,-0.01634900590428856
0,1976-04-21,186.81014025296417,8.525539401605812,-0.0018827253952622414,0.033024565603746225
0,1976-04-22,185.0004740709494,8.53162142102106,-0.009687194600701332,0.006082019415247331
0,1976-04-23,186.52282100967295,8.507470612187246,0.008228881284594536,-0.02415080883381293
0,1976-04-26,186.49454382612336,8.524866602582616,-0.00015160173643380404,0.017395990395369765
0,1976-04-27,187.74945584449108,8.528326253624297,0.006728947628289461,0.003459651041680445
0,1976-04-28,188.3841039333962,8.474900639617408,0.003380292560905218,-0.05342561400688872
0,1976-04-29,189.6161829876665,8.45260666021338,0.006540249567478895,-0.022293979404027553
0,1976-04-30,189.66276132153772,8.340585420967512,0.00024564535124227405,-0.11202123924586793
0,1976-05-03,191.01938191228146,8.352226298811257,0.007152804173529148,0.011640877843744235
0,1976-05-04,189.9164093679277,8.430531335613411,-0.005774139426648617,0.0783050368021545
0,1976-05-05,188.74054926015688,8.507600857503377,-0.006191461347043514,0.07706952188996574
0,1976-05-06,188.32099445684017,8.537895039859436,-0.0022229182068258524,0.03029418235605874
0,1976-05-07,189.18112275078326,8.611189378062091,0.004567352123558521,0.07329433820265585
0,1976-05-10,189.6677330305534,8.565460199030424,0.0025721925776451826,-0.0457291790316674
0,1976-05-11,191.5288010896475,8.397415883144404,0.009812254458665848,-0.16804431588601965
0,1976-05-12,193.67321507948242,8.37371206918094,0.011196300387382507,-0.02370381396346488
0,1976-05-13,194.57566049166843,8.460777435870355,0.004659629426896572,0.08706536668941567
0,1976-05-14,193.20121395042017,8.596141074884482,-0.0070638153702020645,0.13536363901412685
0,1976-05-17,191.6922298165832,8.551833912250062,-0.0078104278072714806,-0.04430716263441958
0,1976-05-18,193.98136185649804,8.581899109967809,0.011941704899072647,0.030065197717746628
0,1976-05-19,191.58638297353176,8.582744794081682,-0.012346438132226467,0.0008456841138730908
0,1976-05-20,192.7795898219453,8.567142787414673,0.006228035781532526,-0.015602006667009505
0,1976-05-21,192.73142104526835,8.492176422481045,-0.0002498645044397563,-0.07496636493362807
0,1976-05-24,196.71510421969649,8.481455174867158,0.020669609308242798,-0.01072124761388693
0,1976-05-25,194.79520990804713,8.482220752235671,-0.009759770706295967,0.0007655773685133482
0,1976-05-26,194.47946025170498,8.505670489641393,-0.0016209313180297613,0.02344973740572165
0,1976-05-27,194.90564524269345,8.566619978836583,0.0021914138924330473,0.060949489195190054
0,1976-05-28,194.35728299681736,8.703630286171466,-0.002813475439324975,0.13701030733488295
0,1976-06-01,195.1265149774297,8.600352129215104,0.003957824315875769,-0.10327815695636211
0,1976-06-02,198.73510091660572,8.47109625748772,0.018493570387363434,-0.12925587172738418
0,1976-06-03,196.6969611096237,8.427808966719342,-0.010255560278892517,-0.04328729076837767
0,1976-06-04,196.97974862189662,8.442647723698817,0.0014376811450347304,0.014838756979475676
0,1976-06-07,198.46672764191027,8.454447594866616,0.007548892870545387,0.011799871167799125
0,1976-06-08,197.05284776378562,8.418078481017192,-0.007124014664441347,-0.03636911384942465
0,1976-06-09,196.8795586746391,7.831486887551943,-0.0008794041350483894,-0.5865915934652488
0,1976-06-10,198.6878465109814,7.833653188573576,0.009184741415083408,0.002166301021633288
0,1976-06-11,196.6241169890048,7.9733991724649025,-0.010386792942881584,0.1397459838913262
0,1976-06-14,192.88155997298287,8.051918134698523,-0.019034069031476974,0.07851896223362065
0,1976-06-15,193.47400138561923,8.068962781300415,0.003071529557928443,0.01704464660189231
0,1976-06-16,192.66553886637402,8.06171469015739,-0.004178662318736315,-0.0072480911430261585
0,1976-06-17,197.42066284964812,7.856539824523096,0.024680718779563904,-0.20517486563429355
0,1976-06-18,200.027850404484,7.878793342005368,0.013206254690885544,0.022253517482272223
0,1976-06-21,198.30282484456615,7.819386725681131,-0.008623926900327206,-0.05940661632423705
0,1976-06-22,200.29499748718294,7.66036686647341,0.010046113282442093,-0.15901985920772077
0,1976-06-23,202.37250976815602,7.789623761054919,0.010372262448072433,0.12925689458150913
0,1976-06-24,199.57483981435533,8.005465840361145,-0.013824357651174068,0.2158420793062259
0,1976-06-25,194.71690717930707,7.899968242626042,-0.024341408163309097,-0.10549759773510292
0,1976-06-28,200.38438761603211,7.9642263884308235,0.02910625748336315,0.06425814580478129
0,1976-06-29,195.14063118011555,8.0680237047845,-0.02616848796606064,0.10379731635367584
0,1976-06-30,194.5672458471806,8.222521616152811,-0.002938318531960249,0.1544979113683116
0,1976-07-01,193.8329688387369,8.207106583029324,-0.0037738983519375324,-0.01541503312348702
0,1976-07-02,198.710301631714,8.374019057186436,0.025162555277347565,0.16691247415711175
0,1976-07-06,195.87282646202817,8.409466930463875,-0.014279456809163094,0.03544787327743926
0,1976-07-07,197.5218521665397,8.288741462552006,0.008418858982622623,-0.12072546791186944
0,1976-07-08,199.84129678138135,8.039105689776084,0.011742724105715752,-0.24963577277592108
0,1976-07-09,203.6679572354758,7.988551547220253,0.01914849691092968,-0.05055414255583113
0,1976-07-12,201.9900452221597,7.999783137195491,-0.008238468319177628,0.011231589975237988
0,1976-07-13,204.1871007600988,7.879464413847239,0.010877048596739769,-0.12031872334825255
0,1976-07-14,202.91936123886921,8.013071080839087,-0.006208715029060841,0.13360666699184787
0,1976-07-15,202.7899114491481,8.034699271343486,-0.0006379371043294668,0.02162819050439957
0,1976-07-16,200.6803473401107,7.877470632267661,-0.010402707383036613,-0.15722863907582507
0,1976-07-19,204.2242705796978,7.957225504760099,0.017659543082118034,0.07975487249243773
0,1976-07-20,202.9845419316816,7.971436955856268,-0.006070427596569061,0.014211451096168837
0,1976-07-21,202.79891256062692,7.950021532614952,-0.0009145000367425382,-0.021415423241315956
0,1976-07-22,201.59783769188252,7.573229171464842,-0.005922491662204266,-0.37679236115010983
0,1976-07-23,205.7817827277882,7.488441531894809,0.02075391821563244,-0.08478763957003288
0,1976-07-26,204.76405139458768,7.449346344548688,-0.0049456823617219925,-0.039095187346121385
0,1976-07-27,205.95662356901732,7.264398314193117,0.00582412863150239,-0.18494803035557084
0,1976-07-28,206.4084690361456,7.254567294442995,0.0021938865538686514,-0.009831019750121683
0,1976-07-29,206.38107281294364,7.237591523006325,-0.0001327281934209168,-0.016975771436670506
0,1976-07-30,206.2675227037992,7.264628715576337,-0.0005501963314600289,0.02703719257001236
0,1976-08-02,207.83932527591423,7.304462282297222,0.007620213553309441,0.039833566720885116
0,1976-08-03,209.39900235520534,7.258537739288424,0.007504244334995747,-0.045924543008798224
0,1976-08-04,211.195176416312,7.288167642224298,0.008577758446335793,0.02962990293587442
0,1976-08-05,208.8445267988728,7.370141234732061,-0.011130223982036114,0.08197359250776248
0,1976-08-06,208.91632220416034,7.292382618189839,0.00034377441625110805,-0.07775861654222194
0,1976-08-09,211.19600645291175,7.304858372545615,0.01091194897890091,0.012475754355776303
0,1976-08-10,208.56567946985683,7.269335295862405,-0.012454435229301453,-0.03552307668321042
0,1976-08-11,207.9237059238545,7.241775039943575,-0.003078040201216936,-0.02756025591882949
0,1976-08-12,207.81659453034501,7.245137304989143,-0.00051514757797122,0.0033622650455678027
0,1976-08-13,209.8443227883012,7.2971432261136755,0.009757297113537788,0.052005921124532506
0,1976-08-16,209.5392363300272,7.214947881232904,-0.0014538704417645931,-0.08219534488077151
0,1976-08-17,212.5075578959432,7.266762239005937,0.014165946282446384,0.05181435777303278
0,1976-08-18,210.6865437591173,7.277458544383634,-0.008569173514842987,0.010696305377697612
0,1976-08-19,210.41193012898887,7.230670246045538,-0.0013034227304160595,-0.04678829833809672
0,1976-08-20,211.67965681707744,7.287061559590547,0.0060249753296375275,0.05639131354500915
0,1976-08-23,210.6997141897839,7.274702602978188,-0.004629366099834442,-0.012358956612358973
0,1976-08-24,210.89770614707595,7.357323896383507,0.0009396878303959966,0.08262129340531921
0,1976-08-25,208.42151527712716,7.372028896558742,-0.011741193942725658,0.014705000175235128
0,1976-08-26,208.93275482469127,7.379715541603105,0.002452911576256156,0.00768664504436245
0,1976-08-27,208.82555239962974,7.388835274730634,-0.0005130953504703939,0.00911973312752945
0,1976-08-30,207.84362840789152,7.27601407899093,-0.004702125675976276,-0.11282119573970384
0,1976-08-31,210.54427877988445,7.386178714528113,0.012993664480745792,0.11016463553718303
0,1976-09-01,206.75949659356678,7.441857478922447,-0.0179761815816164,0.055678764394333946
0,1976-09-02,203.9359978329508,7.488433926311467,-0.013655956834554672,0.046576447389020004
0,1976-09-03,202.5527223319443,7.5480479503586855,-0.006782890297472477,0.05961402404721827
0,1976-09-07,201.97366897195997,7.517594774176817,-0.0028587784618139267,-0.030453176181868713
0,1976-09-08,206.20984946554623,7.449177203559426,0.020973924547433853,-0.06841757061739084
0,1976-09-09,206.44654973571315,7.31827213533176,0.0011478611268103123,-0.13090506822766557
0,1976-09-10,206.89543678439884,7.351305713199718,0.002174349967390299,0.033033577867957575
0,1976-09-13,204.11434362124973,7.404348152296968,-0.01344202272593975,0.053042439097249705
0,1976-09-14,199.87197522842442,7.506518854256246,-0.020784273743629456,0.10217070195927835
0,1976-09-15,198.35560820716262,7.532225462318164,-0.007586691528558731,0.025706608061917713
0,1976-09-16,196.89703081604625,7.514875632286184,-0.007353345863521099,-0.01734983003197943
0,1976-09-17,198.35900584021826,7.507527905277198,0.007425073999911547,-0.00734772700898656
0,1976-09-20,198.90030425571825,7.368238386894721,0.0027288824785500765,-0.13928951838247627
0,1976-09-21,200.31417266498966,7.314126157126476,0.007108427584171295,-0.05411222976824526
0,1976-09-22,198.18014176779457,7.382653315479225,-0.0106534194201231,0.06852715835274914
0,1976-09-23,194.002329711836,7.45757450313681,-0.021080881357192993,0.07492118765758438
0,1976-09-24,192.93377770193828,7.51973946976581,-0.005507933907210827,0.06216496662900006
0,1976-09-27,192.6264696771881,7.475280839274391,-0.001592816086485982,-0.04445863049141874
0,1976-09-28,195.24889160346456,7.458366646745357,0.013614026829600334,-0.016914192529034366
0,1976-09-29,192.9996490682933,7.452418863046128,-0.011519873514771461,-0.005947783699228992
0,1976-09-30,193.1346004833204,7.560994188994573,0.0006992314010858536,0.10857532594844521
0,1976-10-01,191.6748043109539,7.584576765631564,-0.007558439392596483,0.023582576636990815
0,1976-10-04,191.2874241718793,7.559420381144623,-0.002021027961745858,-0.025156384486940908
0,1976-10-05,195.64032072196986,7.594377816093205,0.022755790501832962,0.03495743494858239
0,1976-10-06,194.81597705276292,7.633713754925845,-0.004213567357510328,0.03933593883263953
0,1976-10-07,195.87863767130625,7.5780498356509325,0.005454689264297485,-0.05566391927491221
0,1976-10-08,195.80182250333388,7.6165622773578745,-0.0003921569441445172,0.03851244170694201
0,1976-10-13,193.8902103000024,7.732071696680624,-0.009762994945049286,0.11550941932274927
0,1976-10-14,191.88084145558278,7.849078095473576,-0.010363436304032803,0.11700639879295238
0,1976-10-15,191.20045754771692,7.900322767548801,-0.0035458668135106564,0.05124467207522443
0,1976-10-18,194.2762457588078,7.878773493650503,0.016086719930171967,-0.021549273898297194
0,1976-10-19,195.75754235072606,7.842511782114491,0.0076246922835707664,-0.03626171153601199
0,1976-10-20,196.45172489317133,7.811555867035557,0.0035461343359202147,-0.030955915078934026
0,1976-10-21,194.83665858578198,7.934562227019524,-0.008221186697483063,0.12300635998396636
0,1976-10-22,192.79760806652016,8.013995801663,-0.010465435683727264,0.07943357464347667
0,1976-10-25,193.96469723080463,8.050954356174284,0.006053442135453224,0.03695855451128338
0,1976-10-26,193.445548097876,8.036134743580202,-0.002676513511687517,-0.014819612594081377
0,1976-10-27,195.74406659553858,8.065476554190381,0.011881992220878601,0.029341810610178598
0,1976-10-28,195.17738781086737,8.002546075134331,-0.0028949985280632973,-0.06293047905604965
0,1976-10-29,196.20005658210195,7.903406831386981,0.005239688791334629,-0.09913924374735039
0,1976-11-01,199.91282836147795,7.788823389307702,0.018923398107290268,-0.11458344207927862
0,1976-11-03,198.23684679889274,7.820121344895911,-0.008383561857044697,0.031297955588208914
0,1976-11-04,197.51460377236305,7.918355829433332,-0.003643333911895752,0.09823448453742056
0,1976-11-05,196.5823595671189,8.044679421182533,-0.004719874821603298,0.12632359174920094
0,1976-11-08,193.19442853353206,8.114867552117348,-0.017234155908226967,0.07018813093481491
0,1976-11-09,193.94758909625594,8.070621116391953,0.003898459021002054,-0.04424643572539466
0,1976-11-10,196.34962014476264,7.949658535744462,0.012384949252009392,-0.12096258064749144
0,1976-11-15,197.38171091227625,7.749440135054994,0.005256392993032932,-0.20021840068946783
0,1976-11-16,199.65582234108712,7.771338380525281,0.011521388776600361,0.02189824547028696
0,1976-11-17,198.50698088260705,7.670137930738845,-0.005754109472036362,-0.10120044978643605
0,1976-11-18,198.62513738939384,7.735930958230074,0.00059522595256567,0.06579302749122906
0,1976-11-19,197.8678849640779,7.584870289989112,-0.0038124702405184507,-0.15106066824096143
0,1976-11-22,201.81732374510628,7.936167513856137,0.019959978759288788,0.3512972238670251
0,1976-11-23,198.97357147938592,8.083071543152345,-0.014090724289417267,0.14690402929620738
0,1976-11-24,198.05791463015288,8.077915772703522,-0.004601901862770319,-0.005155770448823205
0,1976-11-26,197.9163274479242,8.337860459994872,-0.0007148776785470545,0.25994468729135
0,1976-11-29,197.15433171195602,8.39455897093503,-0.003850090317428112,0.05669851094015854
0,1976-11-30,200.48847728990984,8.307650929602746,0.016911348327994347,-0.08690804133228447
0,1976-12-01,203.69071054094934,8.208362770120138,0.015972156077623367,-0.09928815948260805
0,1976-12-02,204.68914199895087,8.29648089766996,0.0049017034471035,0.08811812754982284
0,1976-12-03,201.9707244406003,8.388802620672838,-0.013280712068080902,0.09232172300287722
0,1976-12-06,198.69902245866703,8.308320910278532,-0.016198892146348953,-0.08048171039430585
0,1976-12-07,202.36560295902675,7.835867950444855,0.01845293678343296,-0.4724529598336771
0,1976-12-08,206.379528259708,7.875874651054448,0.01983501762151718,0.04000670060959344
0,1976-12-09,202.3967826256194,7.888381097825983,-0.019298162311315536,0.012506446771534563
0,1976-12-10,203.63474596465454,7.905521538698644,0.006116516888141632,0.017140440872661422
0,1976-12-13,201.18613001708542,7.808960275629125,-0.012024548836052418,-0.0965612630695194
0,1976-12-14,203.31854985198646,7.817034125438062,0.01059923879802227,0.008073849808937439
0,1976-12-15,200.99518671243868,7.862308152598805,-0.011427206918597221,0.045274027160743024
0,1976-12-16,201.00437050749525,7.870966177379648,4.569161683320999e-05,0.008658024780842766
0,1976-12-17,200.2584741126661,7.957107715467049,-0.0037108466494828463,0.08614153808740088
0,1976-12-20,197.76852250838616,7.9567404498105985,-0.012433689087629318,-0.00036726565645039955
0,1976-12-21,197.1302979057318,7.833994606482443,-0.0032271293457597494,-0.12274584332815586
0,1976-12-22,200.4794352591669,7.796185145377168,0.016989460214972496,-0.037809461105275055
0,1976-12-23,199.6561245977114,7.813996526611434,-0.00410670880228281,0.0178113812342664
0,1976-12-27,201.1910222846043,7.800462480612477,0.007687706500291824,-0.013534045998956579
0,1976-12-28,202.150291238582,7.887442531435201,0.004767951089888811,0.08698005082272342
0,1976-12-29,198.37379118149605,7.894055485180402,-0.018681645393371582,0.006612953745201544
0,1976-12-30,201.75238740851358,7.840350865504072,0.017031464725732803,-0.053704619676330445
0,1976-12-31,201.21652165933168,7.894977435254926,-0.002656056545674801,0.05462656975085434
0,1977-01-03,199.5680357962697,7.8661136384708765,-0.008192596957087517,-0.02886379678404971
0,1977-01-04,199.56848157518056,7.801793500976077,2.2337189875543118e-06,-0.06432013749479992
0,1977-01-05,201.94769295829417,7.816942547275948,0.011921779252588749,0.015149046299871571
0,1977-01-06,201.860283712409,7.8526803444130975,-0.0004328311188146472,0.03573779713714931
0,1977-01-07,200.27888608263922,7.905312238100927,-0.007834119722247124,0.05263189368782939
0,1977-01-10,201.00651568122072,7.949506244383859,0.0036330819129943848,0.04419400628293246
0,1977-01-11,201.42628534723852,8.005670039940194,0.002088338602334261,0.05616379555633433
0,1977-01-12,201.55921373218163,7.951912513873938,0.0006599356420338154,-0.0537575260662555
0,1977-01-13,201.97181027381808,7.975701143723965,0.0020470239687711,0.023788629850026943
0,1977-01-14,201.1521394130723,7.883151994619719,-0.004058342892676592,-0.09254914910424628
0,1977-01-17,204.29936268059072,7.671867646279378,0.015645984560251236,-0.2112843483403406
0,1977-01-18,205.89093181100785,7.723027491224979,0.007790377363562584,0.051159844945600774
0,1977-01-19,203.52154642886674,7.817208608338897,-0.011507963761687279,0.09418111711391841
0,1977-01-20,203.78428261515703,7.732614399180657,0.0012909502256661654,-0.08459420915824012
0,1977-01-21,205.43972846589517,7.5640910589928065,0.008123520761728287,-0.16852334018785076
0,1977-01-24,205.87011429413852,7.51489134456176,0.0020949493627995253,-0.04919971443104654
0,1977-01-25,206.68356637097736,7.4347680183998675,0.00395128782838583,-0.08012332616189255
0,1977-01-26,205.87622129787488,7.511561437795634,-0.0039061889983713627,0.07679341939576645
0,1977-01-27,203.91239050584963,7.5497436698067,-0.009538890793919563,0.0381822320110663
0,1977-01-28,204.0241358333605,7.663304203115804,0.0005480065592564642,0.1135605333091041
0,1977-01-31,203.6374083693613,7.565736834008537,-0.0018954986007884145,-0.09756736910726715
0,1977-02-01,206.22370450897506,7.505278113764007,0.01270049624145031,-0.06045872024453036
0,1977-02-02,206.68775060568723,7.412935953317376,0.002250207355245948,-0.09234216044663057
0,1977-02-03,208.92815566390564,7.38662355912527,0.01083956379443407,-0.026312394192106403
0,1977-02-04,207.72047333417296,7.379342529480553,-0.005780371371656656,-0.007281029644716774
0,1977-02-07,207.32364644026816,7.333619616631031,-0.0019103889353573322,-0.04572291284952179
0,1977-02-08,206.65468700724117,7.344426325188595,-0.0032266431953758,0.010806708557563383
0,1977-02-09,204.52921326934225,7.2878259438593584,-0.010285146534442902,-0.05660038132923617
0,1977-02-10,203.64100456328507,7.281374196448312,-0.0043426984921097755,-0.006451747411046149
0,1977-02-11,200.03617307731366,7.308788939877911,-0.0177018940448761,0.027414743429599042
0,1977-02-14,199.12326400041502,7.373159726756818,-0.004563719965517521,0.0643707868789063
0,1977-02-15,198.0602572009115,7.227753456063506,-0.005338435992598534,-0.1454062706933117
0,1977-02-16,200.66994336934653,7.178443396353207,0.013176223263144493,-0.049310059710299114
0,1977-02-17,199.87974378143338,7.217391852434563,-0.003937807399779558,0.03894845608135622
0,1977-02-18,200.24511980106945,7.3437687955053255,0.001827979227527976,0.12637694307076242
0,1977-02-22,197.37139554393266,7.489272802148231,-0.014351032674312592,0.14550400664290564
0,1977-02-23,195.0744088130306,7.5209278138112445,-0.011637890711426735,0.03165501166301343
0,1977-02-24,197.20742359763028,7.5042855241358435,0.01093436498194933,-0.016642289675401045
0,1977-02-25,196.51007006370708,7.453225318709145,-0.003536142408847809,-0.051060205426698424
0,1977-02-28,196.89548776420563,7.302238976631832,0.001961312722414732,-0.15098634207731276
0,1977-03-01,199.36105906663713,7.253064686934851,0.01252223365008831,-0.0491742896969809
0,1977-03-02,198.1877043295617,7.391284324944682,-0.0058855763636529446,0.13821963800983017
0,1977-03-03,196.4349936795565,7.4669405127731325,-0.008843690156936646,0.07565618782845096
0,1977-03-04,194.6395383709908,7.476298646119442,-0.009140200912952423,0.00935813334630975
0,1977-03-07,197.8980271838753,7.400557970453946,0.01674114540219307,-0.07574067566549658
0,1977-03-08,197.19167942094467,7.449549272859114,-0.0035692511592060328,0.04899130240516847
0,1977-03-09,195.21405742903318,7.453778291397346,-0.010028932243585587,0.004229018538231877
0,1977-03-10,193.86950457541764,7.472938382529498,-0.006887582130730152,0.01916009113215189
0,1977-03-11,195.1184816487971,7.468450979285802,0.006442359648644924,-0.004487403243696342
0,1977-03-14,193.38510545670667,7.564294739906499,-0.008883710950613022,0.09584376062069744
0,1977-03-15,190.93389658611636,7.684529714967753,-0.012675272300839424,0.12023497506125391
0,1977-03-16,191.4675188804043,7.627794729332202,0.0027948012575507164,-0.05673498563555057
0,1977-03-17,193.00117834107894,7.47929027986742,0.008010024204850197,-0.1485044494647827
0,1977-03-18,196.5146598378179,7.483342843108547,0.018204456195235252,0.004052563241127238
0,1977-03-21,196.96909706625283,7.481727064244741,0.0023124851286411285,-0.0016157788638055948
0,1977-03-22,196.91584675329128,7.418730341566541,-0.0002703485661186278,-0.0629967226782
0,1977-03-23,199.0711746412646,7.366160794858987,0.010945426300168037,-0.05256954670755398
0,1977-03-24,199.51935456751758,7.3530649824743675,0.0022513552103191614,-0.013095812384619876
0,1977-03-25,196.62575912622245,7.430525821436792,-0.014502830803394318,0.07746083896242428
0,1977-03-28,194.73140937973332,7.597641691729243,-0.0096342908218503,0.16711587029245134
0,1977-03-29,193.5607467776982,7.5617640419768986,-0.006011678371578455,-0.03587764975234453
0,1977-03-30,196.7360274327484,7.343710833791321,0.016404569149017334,-0.2180532081855775
0,1977-03-31,203.71676477956257,7.143324456139174,0.03548276051878929,-0.20038637765214684
0,1977-04-01,205.04149618135824,7.110768200802547,0.006502809934318066,-0.03255625533662698
0,1977-04-04,205.0115036334444,7.059458298848792,-0.00014627550262957811,-0.051309901953755066
0,1977-04-05,203.6351529343982,7.198750253882819,-0.006713529117405415,0.13929195503402703
0,1977-04-06,202.50511895858827,7.163636708582083,-0.005549306981265545,-0.03511354530073607
0,1977-04-07,203.0152312572025,7.121000358266787,0.0025190094020217657,-0.04263635031529578
0,1977-04-11,202.75547051095867,7.231745299670967,-0.0012795135844498873,0.1107449414041799
0,1977-04-12,202.64523356396666,7.356043725172942,-0.0005436940700747073,0.12429842550197456
0,1977-04-13,202.95751005275065,7.396465995440919,0.0015410009073093534,0.04042227026797729
0,1977-04-14,206.0406695230124,7.121959174257865,0.015191157348453999,-0.2745068211830537
0,1977-04-15,209.00375014502703,7.2699092208950935,0.0143810473382473,0.1479500466372281
0,1977-04-18,207.260757909059,7.159640300386834,-0.008339526131749153,-0.11026892050825943
0,1977-04-19,208.7260453928551,7.1073988242653,0.007069777697324753,-0.052241476121533736
0,1977-04-20,209.10646178560017,7.078546626165006,0.0018225631210952997,-0.028852198100294046
0,1977-04-21,208.75736998411534,7.098995506906628,-0.0016694453079253435,0.020448880741621878
0,1977-04-22,208.55578249022332,7.104954654037458,-0.000965654500760138,0.0059591471308300115
0,1977-04-25,207.92332854936978,7.0480965753579,-0.003032540902495384,-0.056858078679558055
0,1977-04-26,207.05783691654,6.921109492838392,-0.004162551835179329,-0.1269870825195083
0,1977-04-27,209.32000020390083,6.8857233929707995,0.010925272479653358,-0.035386099867592335
0,1977-04-28,207.2860898713111,6.952870834360644,-0.009716751053929329,0.06714744138984408
0,1977-04-29,202.8681754716477,6.965056026303224,-0.021313125267624855,0.012185191942580609
0,1977-05-02,203.07355246321703,6.883175960990847,0.0010123667307198048,-0.08188006531237679
0,1977-05-03,205.72873077411882,6.818191501779154,0.013074958696961403,-0.06498445921169349
0,1977-05-04,206.52172321058427,6.808719461390693,0.0038545536808669567,-0.009472040388461167
0,1977-05-05,206.2950514636125,6.7807808898915,-0.0010975685436278582,-0.027938571499192655
0,1977-05-06,210.01105393271848,6.897663824451814,0.01801304705440998,0.11688293456031396
0,1977-05-09,208.70233624788017,6.946719615053098,-0.006231660954654217,0.049055790601284066
0,1977-05-10,210.3865154080915,6.993715576405383,0.00806976668536663,0.04699596135228479
0,1977-05-11,211.50494765329708,7.049139859893006,0.0053160833194851875,0.05542428348762307
0,1977-05-12,210.8064729261663,7.107554102987288,-0.003302403725683689,0.05841424309428245
0,1977-05-13,211.98186887664886,7.144561155948822,0.005575710907578468,0.03700705296153384
0,1977-05-16,213.00493739287307,7.180650235939844,0.004826207645237446,0.0360890799910214
0,1977-05-17,214.5428497105535,7.193491719033236,0.007220078259706497,0.012841483093392725
0,1977-05-18,215.33836297173818,7.178453215493498,0.0037079458124935627,-0.015038503539738457
0,1977-05-19,216.54361169123675,7.124537873719817,0.005596999544650316,-0.05391534177368129
0,1977-05-20,217.3751581971246,7.179015217018757,0.003840087912976742,0.05447734329894072
0,1977-05-23,215.52152380639566,7.163556610911368,-0.008527351543307304,-0.015458606107388917
0,1977-05-24,217.9264251169068,7.200175601421124,0.011158520355820656,0.03661899050975581
0,1977-05-25,216.50106635327856,7.194227753423295,-0.006540550384670496,-0.005947847997829214
0,1977-05-26,216.58747631699296,7.249686525100263,0.0003991202684119344,0.05545877167696833
0,1977-05-27,215.80503869618914,7.310143162043307,-0.0036125709302723408,0.060456636943043485
0,1977-05-31,217.00826832377476,7.412072404806255,0.005575540009886026,0.10192924276294857
0,1977-06-01,215.88692819401905,7.430319085972449,-0.0051672691479325294,0.018246681166193213
0,1977-06-02,216.19189480364054,7.4707494832146155,0.00141262193210423,0.040430397242166904
0,1977-06-03,215.72763938429628,7.497169346347408,-0.002147422870621085,0.026419863132792543
0,1977-06-06,214.75666092224378,7.578011196593302,-0.004500946030020714,0.08084185024589363
0,1977-06-07,213.6652429603998,7.576803714218337,-0.005082114599645138,-0.001207482374964819
0,1977-06-08,215.71480323363488,7.525110131621682,0.009592389687895775,-0.051693582596654686
0,1977-06-09,214.41861288385863,7.600076411710399,-0.0060088150203228,0.07496628008871653
0,1977-06-10,212.34046364564622,7.5738239292796425,-0.00969201885163784,-0.026252482430756174
0,1977-06-13,214.71142755820034,7.467972095462761,0.0111658601090312,-0.10585183381688168
0,1977-06-14,217.51753661757485,7.496519201692748,0.01306921150535345,0.02854710622998713
0,1977-06-15,219.77232142749688,7.422997238422906,0.010365990921854973,-0.07352196326984206
0,1977-06-16,219.7635370685969,7.4138486086262025,-3.997026942670345e-05,-0.00914862979670339
0,1977-06-17,218.5163979996567,7.488196477972468,-0.00567491352558136,0.07434786934626558
0,1977-06-20,217.95042121055067,7.485160825980178,-0.0025900884065777063,-0.003035651992290056
0,1977-06-21,219.95304855751772,7.48701362457697,0.009188453666865826,0.0018527985967917715
0,1977-06-22,219.05410604749852,7.472520161200533,-0.0040869745425879955,-0.014493463376436644
0,1977-06-23,218.98812162862257,7.493591059887949,-0.00030122429598122835,0.021070898687415962
0,1977-06-24,217.21658692933485,7.450340784694276,-0.008089638315141201,-0.04325027519367275
0,1977-06-27,216.33392184642142,7.433092909238104,-0.00406352523714304,-0.01724787545617268
0,1977-06-28,216.5365103352837,7.39100758348899,0.0009364619618281722,-0.042085325749114055
0,1977-06-29,214.61748070350356,7.472939277892398,-0.008862383663654327,0.08193169440340853
0,1977-06-30,207.87357106504092,7.4164080859080865,-0.0314229279756546,-0.05653119198431167
0,1977-07-01,207.581708323224,7.498763228589216,-0.0014040396781638265,0.08235514268112976
0,1977-07-05,202.2344509562429,7.538136810538082,-0.025759771466255188,0.03937358194886542
0,1977-07-06,203.85313238282762,7.700402079051683,0.008003984577953815,0.16226526851360124
0,1977-07-07,199.27499567598733,7.75939535410831,-0.022458015009760857,0.058993275056627326
0,1977-07-08,198.40532643374897,7.727747407665135,-0.004364166408777237,-0.031647946443174924
0,1977-07-11,198.9442237020422,7.809031101469476,0.002716143149882555,0.08128369380434108
0,1977-07-12,195.9137832720875,7.797928437805121,-0.015232613310217857,-0.011102663664355639
0,1977-07-13,199.78408528865444,7.715328353089226,0.019755128771066666,-0.08260008471589497
0,1977-07-15,199.52880612496034,7.871062187132294,-0.0012777752708643675,0.15573383404306806
0,1977-07-18,192.4837457254404,7.923435792139062,-0.035308487713336945,0.052373605006768464
0,1977-07-19,195.17378745973815,7.883609103759199,0.013975422829389572,-0.03982668837986303
0,1977-07-20,192.383826041443,7.888694582595958,-0.014294754713773727,0.0050854788367589165
0,1977-07-21,194.75271419159918,7.922059638881863,0.012313343584537506,0.03336505628590469
0,1977-07-22,189.99882037590444,8.041671662573368,-0.02440989762544632,0.11961202369150481
0,1977-07-25,188.75119837507876,8.062353171682242,-0.006566472351551056,0.020681509108873897
0,1977-07-26,190.69388479951752,8.041770101927394,0.010292313061654568,-0.02058306975484747
0,1977-07-27,191.08313389704406,7.8779174526659155,0.002041224855929613,-0.1638526492614787
0,1977-07-28,196.3360706900427,7.8155300963878895,0.027490321546792984,-0.06238735627802594
0,1977-07-29,194.20050712517445,7.820597489112322,-0.010877082124352455,0.0050673927244329064
0,1977-08-01,193.99574880316862,7.785640563027749,-0.0010543655371293426,-0.03495692608457368
0,1977-08-02,194.44241741124702,7.817065859461205,0.0023024659603834152,0.03142529643345604
0,1977-08-03,195.52270189307012,7.889044281602614,0.005555806681513786,0.07197842214140948
0,1977-08-04,194.57754232550224,8.01218972821626,-0.00483401445671916,0.12314544661364568
0,1977-08-05,193.476953713365,8.012567747022912,-0.005656298249959946,0.0003780188066517809
0,1977-08-08,193.86451807599607,7.99843040934828,0.002003155183047056,-0.0141373376746321
0,1977-08-09,195.32881848876784,7.879673249429649,0.007553215138614178,-0.11875715991863078
0,1977-08-10,195.09205480488802,7.837349959471623,-0.0012121287873014808,-0.042323289958026145
0,1977-08-11,194.58576717227336,7.728055875991125,-0.0025951217394322157,-0.1092940834804974
0,1977-08-12,194.57245948850678,7.661936284772913,-6.838981062173843e-05,-0.06611959121821265
0,1977-08-15,198.8769805060055,7.616291194502784,0.022122971713542938,-0.04564509027012864
0,1977-08-16,197.04145637281246,7.616722636879408,-0.009229444898664951,0.00043144237662406937
0,1977-08-17,199.737039254824,7.6537960896751756,0.013680282980203629,0.03707345279576746
0,1977-08-18,199.93337049371206,7.688768947533608,0.0009829485788941383,0.03497285785843207
0,1977-08-19,200.7741688251968,7.656673793470602,0.004205392673611641,-0.03209515406300589
0,1977-08-22,199.97294234088025,7.729250893428187,-0.003990685101598501,0.07257709995758521
0,1977-08-23,199.25642293766518,7.790841157421095,-0.00358308176510036,0.061590263992908234
0,1977-08-24,198.97215146973465,7.826071497456155,-0.0014266615035012364,0.03523034003505998
0,1977-08-25,199.87716579628162,7.852962039555851,0.004548447206616402,0.026890542099695658
0,1977-08-26,201.60412510452954,7.798355313362675,0.008640103042125702,-0.054606726193175525
0,1977-08-29,201.4440695259695,7.834628040312726,-0.0007939102360978723,0.03627272695005068
0,1977-08-30,201.99709488132632,7.807750498672384,0.002745304722338915,-0.026877541640342173
0,1977-08-31,201.7145969006807,7.854298435681175,-0.0013985249679535627,0.046547937008790896
0,1977-09-01,204.00283258749727,7.862599337637195,0.01134392712265253,0.00830090195602029
0,1977-09-02,202.4730709069672,7.931570125230616,-0.007498727645725012,0.0689707875934209
0,1977-09-06,201.4880044327407,7.896497842696775,-0.0048651727847754955,-0.035072282533841204
0,1977-09-07,205.0558098586155,7.85797303136012,0.017707284539937973,-0.03852481133665453
0,1977-09-08,205.62525432181968,7.901143197501424,0.0027770218439400196,0.0431701661413042
0,1977-09-09,203.73613185684022,7.899946920249431,-0.009187210351228714,-0.0011962772519931164
0,1977-09-12,205.01847324778896,7.999187532820561,0.006294128485023975,0.09924061257112982
0,1977-09-13,201.52805599529538,7.964491940499662,-0.017024891451001167,-0.03469559232089914
0,1977-09-14,203.13628896705032,8.019533919091351,0.007980193942785263,0.05504197859168958
0,1977-09-15,201.8212540762973,8.068085706176719,-0.006473658140748739,0.04855178708536734
0,1977-09-16,200.1945294889828,8.168749987366272,-0.00806022435426712,0.1006642811895535
0,1977-09-19,199.89752664062732,8.189831715849303,-0.0014835712499916553,0.021081728483030915
0,1977-09-20,198.69394112359385,8.252789515706736,-0.006021012552082539,0.06295779985743266
0,1977-09-21,201.46241063840853,8.19319297432313,0.013933336362242699,-0.059596541383605484
0,1977-09-22,202.54299071999358,8.131602173817228,0.005363680887967348,-0.061590800505902266
0,1977-09-23,204.153336615259,8.082437550445956,0.007950637489557266,-0.04916462337127214
0,1977-09-26,201.72668778968404,8.126923788087232,-0.01188640296459198,0.04448623764127646
0,1977-09-27,207.20412374387482,8.03870250683454,0.027152758091688156,-0.08822128125269302
0,1977-09-28,211.94358804595842,8.01161013504352,0.02287340722978115,-0.027092371791018977
0,1977-09-29,213.56902910844457,8.05722091865007,0.007669215556234121,0.04561078360655024
0,1977-09-30,213.10030626248843,8.003172556951197,-0.00219471356831491,-0.05404836169887339
0,1977-10-03,212.6268780248889,8.058058668796708,-0.002221621572971344,0.0548861118455104
0,1977-10-04,217.24964472449534,7.979406050434148,0.021741215139627457,-0.07865261836255932
0,1977-10-05,215.9839628350684,7.990345149680404,-0.005825933068990707,0.010939099246255246
0,1977-10-06,217.83695440332676,7.90476754955991,0.00857930164784193,-0.08557760012049354
0,1977-10-07,218.45540350076664,8.043037988182144,0.0028390458319336176,0.13827043862223398
0,1977-10-12,216.17063189008212,7.9318321343069185,-0.010458755306899548,-0.11120585387522564
0,1977-10-13,220.92200574812634,7.934753903195706,0.021979738026857376,0.0029217688887879234
0,1977-10-14,220.62044439969054,7.822734492792811,-0.0013650127220898867,-0.11201941040289576
0,1977-10-17,215.5030894159021,7.827136295713106,-0.023195289075374603,0.004401802920295239
0,1977-10-18,215.97130969457507,7.861035546486995,0.0021726847626268864,0.033899250773889555
0,1977-10-19,214.7766171071215,7.841864314056751,-0.005531718954443932,-0.01917123243024399
0,1977-10-20,213.08715647082124,7.866591395506121,-0.007866129279136658,0.024727081449369415
0,1977-10-21,217.5982988104,7.885337638224051,0.02117040939629078,0.01874624271793035
0,1977-10-24,216.19286837086375,7.986678853076282,-0.006458830088376999,0.1013412148522308
0,1977-10-25,212.96477530397226,8.033578590042833,-0.014931542798876762,0.0468997369665507
0,1977-10-26,211.0902425990211,8.145181499115328,-0.008802078664302826,0.11160290907249504
0,1977-10-27,210.2702585441592,8.21646543982802,-0.0038845189847052097,0.07128394071269284
0,1977-10-28,215.90067449618465,8.01323281800422,0.02677704393863678,-0.2032326218238012
0,1977-10-31,223.15182589647824,7.986652691884436,0.03358558937907219,-0.02658012611978311
0,1977-11-01,221.3353015439642,7.966908824636727,-0.008140306919813156,-0.019743867247709268
0,1977-11-02,219.98090820952945,7.903898739607193,-0.006119192577898502,-0.06301008502953387
0,1977-11-03,220.97412214626237,7.811606856867919,0.004515000618994236,-0.09229188273927402
0,1977-11-04,215.5446082242179,7.831637779243809,-0.02457081340253353,0.02003092237588966
0,1977-11-07,215.16917192483285,7.877105440600876,-0.0017418032512068748,0.04546766135706726
0,1977-11-10,214.4711104234393,7.945089550871238,-0.003244244959205389,0.06798411027036178
0,1977-11-15,215.95589489013742,7.910614275074216,0.0069230045191943645,-0.03447527579702214
0,1977-11-16,216.97361392599493,7.936233428980333,0.004712624475359917,0.02561915390611702
0,1977-11-17,217.40708539493423,7.919487232306657,0.0019978072959929705,-0.01674619667367594
0,1977-11-18,217.60162978493778,7.942674937377647,0.0008948392351157963,0.023187705070990106
0,1977-11-21,220.27804786954277,7.920887717578223,0.012299623340368271,-0.021787219799423774
0,1977-11-22,222.68838113867278,7.879771944127712,0.010942230932414532,-0.041115773450511206
0,1977-11-23,223.49185056516706,7.885377120999324,0.003608043771237135,0.005605176871612549
0,1977-11-25,224.21387398690374,7.829496748948283,0.003230647649616003,-0.05588037205104168
0,1977-11-28,225.36985622967012,7.804183309366449,0.005155712366104126,-0.02531343958183374
0,1977-11-29,221.47398636559822,7.7950553303789025,-0.01728656142950058,-0.00912797898754647
0,1977-11-30,220.9659296290586,7.791093962737127,-0.0022939792834222317,-0.0039613676417751265
0,1977-12-01,221.10348034703543,7.786971017447161,0.0006224974058568478,-0.00412294528996604
0,1977-12-02,221.71755291319872,7.746868931055153,0.0027773084584623575,-0.040102086392008296
0,1977-12-05,221.07266290943448,7.729911008256147,-0.0029086105059832335,-0.016957922799005765
0,1977-12-06,221.24644726545316,7.7619588719113075,0.0007860960904508829,0.032047863655160214
0,1977-12-07,223.23345103348834,7.8412694092597945,0.008980952203273773,0.07931053734848703
0,1977-12-08,223.27116311686498,7.982107149906491,0.00016893562860786915,0.1408377406466963
0,1977-12-09,223.67160640201482,8.008640242119174,0.0017935289070010185,0.026533092212683407
0,1977-12-12,224.74196406472103,8.071967708672645,0.00478539802134037,0.06332746655347066
0,1977-12-13,226.1382631875565,8.041792001729739,0.006212898995727301,-0.030175706942905833
0,1977-12-14,228.2364688420337,8.005431949690356,0.009278419427573681,-0.03636005203938275
0,1977-12-15,227.21040477333156,8.051988193284034,-0.004495618399232626,0.04655624359367749
0,1977-12-16,227.82699015856053,8.175897714263126,0.0027137198485434055,0.12390952097909214
0,1977-12-19,228.17418946545467,8.258023167522266,0.0015239603817462921,0.08212545325914
0,1977-12-20,223.7745402374825,8.32351502032292,-0.01928197592496872,0.06549185280065473
0,1977-12-21,220.5714559497456,8.286800115865763,-0.014313890598714352,-0.03671490445715797
0,1977-12-22,223.2399607330391,8.307514683840852,0.012098141945898533,0.020714567975089082
0,1977-12-23,217.7795526704105,8.430227238557881,-0.02445981465280056,0.12271255471702958
0,1977-12-27,217.37645394796198,8.55791311764709,-0.0018509484361857176,0.12768587908920814
0,1977-12-28,211.87574133458793,8.716947354177185,-0.02530500665307045,0.15903423653009519
0,1977-12-29,212.08535729930367,8.68366227319148,0.000989334424957633,-0.033285080985704596
0,1977-12-30,218.16257077998438,8.782973769304993,0.028654564172029495,0.09931149611351309
0,1978-01-03,212.61340571978533,8.886390617815673,-0.0254359170794487,0.10341684851067967
0,1978-01-04,215.42849834643135,8.971872337181754,0.013240428641438484,0.08548171936608107
0,1978-01-05,209.33540893408642,8.948192435720001,-0.028283581137657166,-0.023679901461752806
0,1978-01-06,212.65104737518342,8.900367743723482,0.015838880091905594,-0.047824691996519064
0,1978-01-09,212.07377633694756,8.825527342821584,-0.0027146399952471256,-0.07484040090189836
0,1978-01-10,213.79901334742172,8.8587958244088,0.00813507940620184,0.03326848158721596
0,1978-01-11,212.19741527088854,8.868466866076867,-0.007491138763725758,0.009671041668067204
0,1978-01-12,208.97626658759975,9.074071898343686,-0.015179961919784546,0.2056050322668188
0,1978-01-13,204.21098483125473,9.28493179319079,-0.02280298061668873,0.2108598948471041
0,1978-01-16,203.2532990542019,9.389859507820491,-0.004689687862992287,0.10492771462970119
0,1978-01-17,204.84426460702892,9.295141038694803,0.007827501744031906,-0.09471846912568793
0,1978-01-18,210.15875758485888,9.234456624992667,0.025944065302610397,-0.06068441370213584
0,1978-01-19,210.01541628155252,9.07360459705919,-0.0006820620037615299,-0.16085202793347797
0,1978-01-20,212.46933430478302,9.084766891800376,0.011684466153383255,0.011162294741186685
0,1978-01-23,212.62982527734718,8.96397222086585,0.0007553606410510838,-0.12079467093452578
0,1978-01-24,216.22355907250733,8.923398044437914,0.01690136268734932,-0.04057417642793659
0,1978-01-25,217.28603274355217,8.868056830395043,0.004913773853331804,-0.055341214042870845
0,1978-01-26,218.86847112758923,8.746504219575423,0.007282743230462074,-0.1215526108196201
0,1978-01-27,220.11712541604624,8.708644844869644,0.005705044139176607,-0.03785937470577849
0,1978-01-30,218.60330912189136,8.762893861885615,-0.006877321749925613,0.05424901701597129
0,1978-01-31,219.49738178186755,8.84414704684527,0.004089931957423687,0.08125318495965494
0,1978-02-01,218.70823960369847,8.938733035733216,-0.0035952236503362656,0.09458598888794612
0,1978-02-02,216.83298227974356,8.969265573757172,-0.008574241772294044,0.03053253802395517
0,1978-02-03,218.2292501032192,9.003314583418899,0.0064393701031804085,0.03404900966172697
0,1978-02-06,215.66938514673961,9.06424007512363,-0.011730164289474487,0.06092549170473127
0,1978-02-07,216.1245861917461,9.121267562484618,0.002110642846673727,0.057027487360988616
0,1978-02-08,219.69581760237622,9.143605119956524,0.016523947939276695,0.022337557471905356
0,1978-02-09,220.08367214030736,9.123139896462225,0.0017654161201789975,-0.020465223494298357
0,1978-02-10,219.14970965643883,9.005104542814498,-0.004243670031428337,-0.11803535364772699
0,1978-02-15,219.9599280689277,9.005012102729355,0.003697100095450878,-9.244008514386337e-05
0,1978-02-16,220.28670786594108,8.906503161326949,0.0014856333145871758,-0.09850894140240563
0,1978-02-17,221.524517791148,8.883387011037946,0.005619085859507322,-0.02311615028900249
0,1978-02-21,219.4507575039278,8.92716999293303,-0.009361312724649906,0.043782981895082784
0,1978-02-22,217.5976707450499,8.88335890808101,-0.008444203063845634,-0.04381108485201857
0,1978-02-23,218.50985746185603,8.880743946041381,0.004192079417407513,-0.0026149620396296314
0,1978-02-24,219.18349149533552,8.921223761037568,0.0030828542076051235,0.04047981499618736
0,1978-02-27,216.5842525021283,8.791494838084635,-0.011858735233545303,-0.1297289229529337
0,1978-02-28,217.17282789209085,8.780317213148217,0.002717535477131605,-0.011177624936417274
0,1978-03-01,219.83392471090184,8.760540248974468,0.012253359891474247,-0.01977696417374908
0,1978-03-02,220.6057440042188,8.729842179685585,0.003510919865220785,-0.03069806928888319
0,1978-03-03,220.79410725177826,8.722409852365868,0.0008538456168025732,-0.007432327319717658
0,1978-03-06,217.29430595513304,8.776319263358548,-0.0158509723842144,0.05390941099268076
0,1978-03-07,213.92741356804572,8.757533466887725,-0.015494618564844131,-0.018785796470822902
0,1978-03-08,215.3985785395793,8.837787757881737,0.006876935251057148,0.08025429099401116
0,1978-03-09,212.3341226080087,8.855184707403735,-0.014226908795535564,0.01739694952199855
0,1978-03-10,214.00714017294072,8.877508993256008,0.007879174314439297,0.02232428585227275
0,1978-03-13,215.3717118095943,8.877370501632567,0.00637629022821784,-0.00013849162344037325
0,1978-03-14,214.7122271734266,8.861512058724259,-0.003062076400965452,-0.015858442908308845
0,1978-03-15,215.39181929313924,8.82286487633039,0.0031651300378143787,-0.03864718239386811
0,1978-03-16,218.54648002367517,8.615520724875408,0.01464614924043417,-0.20734415145498275
0,1978-03-17,221.2187473072426,8.445087773193878,0.012227455154061317,-0.17043295168152994
0,1978-03-20,221.09241134466245,8.48840295567178,-0.000571090669836849,0.04331518247790278
0,1978-03-21,218.77526801498752,8.551106289588402,-0.010480429045855999,0.06270333391662142
0,1978-03-22,218.0616925349302,8.641191803343991,-0.003261682577431202,0.09008551375558937
0,1978-03-23,215.31070844150798,8.57595844064583,-0.012615622952580452,-0.06523336269816227
0,1978-03-27,217.63269816177402,8.583693094937857,0.010784367099404335,0.007734654292027798
0,1978-03-28,215.5680570248855,8.714080752128957,-0.009486814960837364,0.13038765719110046
0,1978-03-29,210.98164530734627,8.708724487455594,-0.02127593383193016,-0.0053562646733631425
0,1978-03-30,213.79195342170664,8.721893101870785,0.013320154510438442,0.013168614415191016
0,1978-03-31,208.80333073040043,8.82925926705761,-0.02333400584757328,0.10736616518682496
0,1978-04-03,208.57005674136988,8.80756804850187,-0.0011171947699040174,-0.02169121855573941
0,1978-04-04,209.32356903461846,8.813200317167189,0.0036127539351582527,0.005632268665317852
0,1978-04-05,210.0179739491458,8.744645302580142,0.0033173756673932076,-0.06855501458704616
0,1978-04-06,213.3988288427207,8.70459560974438,0.016097931191325188,-0.040049692835761874
0,1978-04-07,216.3605818919593,8.567107960048613,0.013878956437110901,-0.13748764969576754
0,1978-04-10,217.9874603233305,8.556228254074036,0.007519292179495096,-0.010879705974577547
0,1978-04-11,217.8315361569434,8.542946815203962,-0.0007152896141633391,-0.013281438870073714
0,1978-04-12,221.63429208138768,8.350276014134447,0.017457325011491776,-0.1926708010695144
0,1978-04-13,220.8983810565174,8.370537270463155,-0.003320384304970503,0.020261256328707233
0,1978-04-14,217.93449737999478,8.388804427221029,-0.013417407870292664,0.018267156757874048
0,1978-04-17,217.80448897371718,8.252046804427632,-0.0005965480813756585,-0.13675762279339665
0,1978-04-18,219.74041086607562,8.244339844869351,0.008888347074389458,-0.007706959558280602
0,1978-04-19,218.31909522462686,8.242353575717175,-0.00646815774962306,-0.0019862691521765896
0,1978-04-20,221.5245640530331,8.295262245759359,0.014682494103908539,0.052908670042183914
0,1978-04-21,219.46179392313468,8.358131721370174,-0.00931169930845499,0.06286947561081568
0,1978-04-24,221.45588648685802,8.344254797588741,0.009086285717785358,-0.013876923781433348
0,1978-04-25,224.68754450507438,8.139755410987155,0.014592784456908703,-0.2044993866015865
0,1978-04-26,225.3156469180238,7.983445330196947,0.0027954482939094305,-0.1563100807902078
0,1978-04-27,223.58156189775437,8.074940185769915,-0.007696247659623623,0.09149485557296799
0,1978-04-28,220.0712428040455,8.137318294249662,-0.01570039615035057,0.062378108479746786
0,1978-05-01,218.1366256893088,8.137254450641564,-0.008790867403149605,-6.384360809796874e-05
0,1978-05-02,217.91212865886538,8.214364883098558,-0.0010291578946635127,0.077110432456994
0,1978-05-03,218.5400332101656,8.315896799071593,0.0028814575634896755,0.10153191597303568
0,1978-05-04,216.81799505740318,8.243554042179754,-0.007879737764596939,-0.07234275689183889
0,1978-05-05,220.87240834887965,8.370991447028317,0.018699616193771362,0.12743740484856225
0,1978-05-08,213.81882189465907,8.383747952421036,-0.03193511813879013,0.01275650539271922
0,1978-05-09,218.68745549389124,8.341404907583058,0.022769901901483536,-0.04234304483797757
0,1978-05-10,216.51638811242867,8.355284625702014,-0.009927717968821526,0.013879718118955608
0,1978-05-11,218.7907318835676,8.402946257926994,0.010504256933927536,0.047661632224979655
0,1978-05-12,218.73172621007006,8.386590248949233,-0.0002696900046430528,-0.016356008977760794
0,1978-05-15,221.26830427320576,8.431908878931052,0.01159675419330597,0.04531862998181957
0,1978-05-16,218.86905343155934,8.337826701938523,-0.010843174532055855,-0.0940821769925293
0,1978-05-17,218.7337974417248,8.308275119172178,-0.0006179767660796642,-0.029551582766345064
0,1978-05-18,218.36443113900697,8.2398693456139,-0.0016886567464098334,-0.06840577355827726
0,1978-05-19,219.11749317863877,8.299176373838709,0.003448647912591696,0.05930702822480782
0,1978-05-22,219.56293213001123,8.211759132619866,0.002032877178862691,-0.08741724121884253
0,1978-05-23,223.93019898565174,8.246381485622834,0.01989072933793068,0.0346223530029679
0,1978-05-24,224.25462508929297,8.266381777290011,0.0014487822772935033,0.020000291667177095
0,1978-05-25,224.97990593973336,8.350886032513591,0.003234184579923749,0.08450425522357996
0,1978-05-26,223.79537410107412,8.253770827738178,-0.0052650561556220055,-0.09711520477541313
0,1978-06-01,226.41632874471478,8.274747201325102,0.01171138882637024,0.02097637358692417
0,1978-06-02,227.03694642624566,8.373875534321321,0.0027410464826971292,0.09912833299621937
0,1978-06-05,225.96470297214694,8.400848732396382,-0.004722770769149065,0.026973198075060267
0,1978-06-06,227.44649218401267,8.361421622670342,0.0065576136112213135,-0.03942710972603969
0,1978-06-07,228.62162930294673,8.3632125699321,0.005166653078049421,0.0017909472617585465
0,1978-06-08,231.2602787699758,8.371898129240641,0.011541556566953659,0.008685559308540647
0,1978-06-09,231.28875582294629,8.415480423099396,0.00012313853949308395,0.043582293858754895
0,1978-06-12,232.0476865690955,8.53283958907735,0.0032813127618283033,0.1173591659779536
0,1978-06-13,229.93962161180187,8.641045028111913,-0.009084619581699371,0.10820543903456326
0,1978-06-14,228.48070608104865,8.645421695209452,-0.006344776600599289,0.0043766670975387
0,1978-06-15,229.88771981441522,8.466770911166883,0.006158129312098026,-0.17865078404256884
0,1978-06-16,233.54076037744937,8.543906688999876,0.015890542417764664,0.07713577783299286
0,1978-06-19,233.9045368388968,8.57104404095825,0.0015576572623103857,0.027137351958375078
0,1978-06-20,232.92179472029585,8.53638319537763,-0.004201466683298349,-0.03466084558062121
0,1978-06-21,231.91365639621813,8.550735037044564,-0.004328226670622826,0.014351841666934817
0,1978-06-22,229.06073190084376,8.525731338145322,-0.012301666662096977,-0.025003698899242366
0,1978-06-23,228.00945236014826,8.511750779768242,-0.004589523188769817,-0.013980558377079788
0,1978-06-26,227.71385284223857,8.534008187491528,-0.001296435366384685,0.022257407723285993
0,1978-06-27,228.14132027662538,8.621679391229794,0.001877213129773736,0.08767120373826565
0,1978-06-28,225.7954393679992,8.636208172268077,-0.010282577946782112,0.014528781038283256
0,1978-06-29,224.92285726211205,8.675639270178769,-0.003864480648189783,0.03943109791069155
0,1978-06-30,227.17465353801268,8.63716393001952,0.010011415928602219,-0.03847534015924836
0,1978-07-03,228.2465651241232,8.683906868002024,0.004718447104096413,0.046742937982504174
0,1978-07-05,229.066359585538,8.574668740196248,0.0035917055793106556,-0.10923812780577613
0,1978-07-06,228.58177691866345,8.654734968699795,-0.002115468494594097,0.08006622850354717
0,1978-07-07,225.10586623296845,8.640901183462695,-0.015206420794129372,-0.013833785237100216
0,1978-07-10,226.84707593475534,8.619776056982934,0.007735070306807756,-0.02112512647976139
0,1978-07-11,224.3039537021826,8.576223658886175,-0.011210734024643898,-0.04355239809675915
0,1978-07-12,222.36576853619894,8.480687564197714,-0.008640887215733528,-0.0955360946884607
0,1978-07-13,224.55091906514284,8.52619649138528,0.00982682965695858,0.04550892718756572
0,1978-07-14,222.07180826923073,8.728618695589363,-0.011040305718779564,0.2024222042040833
0,1978-07-17,217.80238149405037,8.750460038040957,-0.019225433468818665,0.021841342451594414
0,1978-07-18,218.5614976924587,8.676833931695414,0.003485343884676695,-0.07362610634554301
0,1978-07-19,217.49536745257998,8.660067678547003,-0.004877941682934761,-0.01676625314841118
0,1978-07-20,215.17312879219457,8.757924647765455,-0.010677186772227287,0.09785696921845144
0,1978-07-21,212.15757892527608,8.77555296691137,-0.014014528132975101,0.017628319145915228
0,1978-07-24,214.41176409236044,8.749408709114897,0.010625051334500313,-0.02614425779647256
0,1978-07-25,213.82859115380464,8.833745642772067,-0.002719873795285821,0.08433693365716977
0,1978-07-26,210.53968283851782,8.758911219265382,-0.015381050296127796,-0.0748344235066849
0,1978-07-27,215.46491087736337,8.576732057046902,0.02339334785938263,-0.18217916221848007
0,1978-07-28,217.82174953592184,8.554222337429902,0.010938387364149094,-0.0225097196170001
0,1978-07-31,222.21108058187517,8.725305059093976,0.02015102282166481,0.17108272166407446
0,1978-08-01,218.12087304110113,8.721147255923057,-0.018406856805086136,-0.004157803170919294
0,1978-08-02,222.8222435792182,8.782097096291464,0.021553969010710716,0.06094984036840678
0,1978-08-03,217.2673256525879,8.917253159323678,-0.024929817765951157,0.1351560630322144
0,1978-08-04,218.93867287130058,8.87657178210101,0.007692584302276373,-0.0406813772226684
0,1978-08-07,217.41993221069674,8.944634653255374,-0.006936831399798393,0.06806287115436405
0,1978-08-08,214.0986652373422,9.07886553151303,-0.015275816433131695,0.13423087825765556
0,1978-08-09,216.3877532163675,9.336879252066323,0.010691743344068527,0.2580137205532935
0,1978-08-10,210.58681880439576,9.363028188477832,-0.026808053255081177,0.026148936411509283
0,1978-08-11,213.66722367772633,9.333508682963332,0.014627719298005104,-0.02951950551450011
0,1978-08-14,212.9290188422678,9.295881098489179,-0.003454927820712328,-0.03762758447415315
0,1978-08-15,217.71204684452405,9.249660664951525,0.022463016211986542,-0.046220433537653705
0,1978-08-16,216.27886008413282,9.468876895266508,-0.006582946516573429,0.2192162303149825
0,1978-08-17,208.46229503635738,9.630979663007738,-0.03614114224910736,0.16210276774122967
0,1978-08-18,208.67154836344253,9.796529038729785,0.0010037946049124002,0.16554937572204764
0,1978-08-21,205.73157230628996,9.742409832979341,-0.014089012518525124,-0.054119205750444266
0,1978-08-22,211.84370488231133,9.672455160352971,0.029709259048104286,-0.06995467262636978
0,1978-08-23,209.85496614454993,9.638783289109853,-0.009387764148414135,-0.033671871243118545
0,1978-08-24,210.54307790275269,9.532815301758031,0.0032789872493594885,-0.10596798735182134
0,1978-08-25,213.10968805716362,9.546051821348804,0.012190427631139755,0.0132365195907731
0,1978-08-28,212.11437140350827,9.546396727466783,-0.0046704430133104324,0.0003449061179789936
0,1978-08-29,215.00210728295892,9.629756487394795,0.013614051043987274,0.08335975992801181
0,1978-08-30,211.4262631216422,9.55462564578156,-0.01663167029619217,-0.07513084161323569
0,1978-08-31,211.8675818128585,9.595535744358735,0.002087340923026204,0.04091009857717509
0,1978-09-01,211.45352429104736,9.703759415145592,-0.001954322215169668,0.1082236707868578
0,1978-09-05,212.7950767994504,9.450481523736174,0.006344432011246681,-0.25327789140941803
0,1978-09-06,217.8209655746302,9.48509920045368,0.023618444800376892,0.03461767671750593
0,1978-09-07,214.3092696986322,9.567928332103568,-0.016121936962008476,0.0828291316498877
0,1978-09-08,213.69174648283982,9.541315964097588,-0.0028814582619816065,-0.026612368005979548
0,1978-09-11,214.6001220371189,9.483894111364545,0.0042508686892688274,-0.05742185273304301
0,1978-09-12,217.16598037806335,9.424779104806868,0.011956462636590004,-0.05911500655767732
0,1978-09-13,213.30765934733162,9.481102551593594,-0.017766691744327545,0.05632344678672574
0,1978-09-14,213.6668240062526,9.64891978514785,0.001683786977082491,0.16781723355425626
0,1978-09-15,212.39814302788417,9.66191623275295,-0.005937660112977028,0.01299644760510077
0,1978-09-18,216.12105872904226,9.645037401071745,0.017528004944324493,-0.016878831681205853
0,1978-09-19,217.27798797060447,9.696172058971618,0.005353153683245182,0.05113465789987259
0,1978-09-20,216.01383882246114,9.805102181567037,-0.005818118806928396,0.10893012259541912
0,1978-09-21,212.79813667231468,9.79113191521765,-0.014886556193232536,-0.013970266349387472
0,1978-09-22,213.97371883083375,9.669215045678321,0.005524400621652603,-0.12191686953932823
0,1978-09-25,216.73715918755417,9.55203109632217,0.012914858758449554,-0.11718394935615173
0,1978-09-26,214.7546802306232,9.50525217355422,-0.009146926924586296,-0.04677892276794893
0,1978-09-27,215.48362051704453,9.402368113076513,0.003394292900338769,-0.1028840604777077
0,1978-09-28,215.5671726819589,9.403049690037008,0.00038774253334850073,0.0006815769604955335
0,1978-09-29,213.7670123736432,9.512357182437553,-0.00835080910474062,0.1093074924005446
0,1978-10-02,210.8387166678981,9.54386153259372,-0.013698538765311241,0.03150435015616715
0,1978-10-03,211.01715826958124,9.942631578650671,0.0008463417179882526,0.398770046056951
0,1978-10-04,204.53022073406464,10.06740115938176,-0.03074127994477749,0.12476958073108868
0,1978-10-05,203.91744971751032,10.108206724662045,-0.0029959925450384617,0.04080556528028545
0,1978-10-06,204.85698133407675,10.02781291148259,0.004607411567121744,-0.08039381317945526
0,1978-10-11,207.1600276693457,9.91590295461846,0.011242215521633625,-0.11190995686412997
0,1978-10-12,207.93823537569486,9.920441488113095,0.0037565534003078938,0.0045385334946352884
0,1978-10-13,206.85610920008816,10.06573743188054,-0.005204075016081333,0.14529594376744548
0,1978-10-16,205.56192873332526,10.144491850830693,-0.006256428547203541,0.07875441895015278
0,1978-10-17,206.71492178360387,10.012763152995158,0.005608981475234032,-0.13172869783553587
0,1978-10-18,209.16800887212437,9.99578388588774,0.011867005378007889,-0.01697926710741804
0,1978-10-19,207.4227803129611,9.996606216432044,-0.008343668654561043,0.0008223305443042506
0,1978-10-20,205.36018184276534,10.004833629691234,-0.00994393415749073,0.008227413259190186
0,1978-10-23,204.9580301365676,10.070313712917141,-0.00195827498100698,0.06548008322590704
0,1978-10-24,206.56526149718806,9.980877892886975,0.00784175843000412,-0.08943582003016637
0,1978-10-25,209.7355244174594,9.901325546275972,0.015347512438893318,-0.07955234661100263
0,1978-10-26,209.0971947866998,9.926160697961969,-0.0030434979125857353,0.024835151685996593
0,1978-10-27,208.65149704664358,9.92413137293131,-0.002131533809006214,-0.0020293250306586685
0,1978-10-30,207.22420694904034,9.962368980403536,-0.006840545684099197,0.03823760747222593
0,1978-10-31,205.392081664494,10.013519304957818,-0.008841270580887794,0.05115032455428192
0,1978-11-01,206.35972761687353,9.966974503741389,0.004711213521659374,-0.04654480121642912
0,1978-11-02,209.0727082519573,9.845022131178217,0.01314685121178627,-0.12195237256317171
0,1978-11-03,209.91664856675607,9.729643974541725,0.004036587662994862,-0.11537815663649198
0,1978-11-06,210.4490499206147,9.790703246142275,0.0025362512096762657,0.06105927160055025
0,1978-11-09,209.76976362572063,9.787530660574504,-0.0032277945429086685,-0.0031725855677713355
0,1978-11-10,212.69779223318707,9.930904426862208,0.013958296738564968,0.14337376628770393
0,1978-11-13,212.28553273619468,9.814965930859309,-0.0019382406026124954,-0.11593849600289907
0,1978-11-14,213.24615190630513,9.62726677312341,0.004525127820670605,-0.1876991577358993
0,1978-11-15,214.62753882372584,9.681350927479093,0.0064778984524309635,0.05408415435568337
0,1978-11-16,213.34179784001915,9.692393631154244,-0.005990568548440933,0.0110427036751517
0,1978-11-17,214.54186308462275,9.61027268178132,0.005625082645565271,-0.08212094937292491
0,1978-11-20,212.4816217166076,9.718049993983499,-0.009602980688214302,0.10777731220217923
0,1978-11-21,210.87109186675332,9.6929187376885,-0.0075796195305883884,-0.02513125629499946
0,1978-11-22,210.44384203144796,9.730689854469917,-0.0020261185709387064,0.037771116781417646
0,1978-11-24,208.76162650260156,9.68117343881686,-0.007993655279278755,-0.04951641565305742
0,1978-11-27,209.76525437602047,9.670435711730956,0.00480753043666482,-0.01073772708590326
0,1978-11-28,214.01315121615778,9.621265403268382,0.0202507171779871,-0.04917030846257475
0,1978-11-29,215.97709714235742,9.629532155322906,0.009176753461360931,0.008266752054524318
0,1978-11-30,215.54171598104423,9.693895920235706,-0.00201586727052927,0.06436376491279994
0,1978-12-01,217.45822955289583,9.656640653901157,0.008891613222658634,-0.03725526633454912
0,1978-12-04,215.99282890186342,9.689314333763877,-0.006738768424838781,0.03267367986271985
0,1978-12-05,218.20984586493861,9.636113525611187,0.01026430819183588,-0.053200808152690016
0,1978-12-06,219.77472253464376,9.88405410148368,0.00717143015936017,0.24794057587249263
0,1978-12-07,217.86648621642354,10.011649008444682,-0.008682692423462868,0.1275949069610025
0,1978-12-08,218.89843829156752,10.04857153459573,0.0047366260550916195,0.03692252615104863
0,1978-12-11,220.59601242902792,10.074488093040898,0.007755076512694359,0.025916558445167936
0,1978-12-12,220.03731048363622,10.125678845837284,-0.0025326928589493036,0.0511907527963853
0,1978-12-13,220.43349098523908,10.037342539436425,0.0018005151068791747,-0.08833630640085843
0,1978-12-14,223.9327142788122,10.052003946851082,0.015874281525611877,0.014661407414656935
0,1978-12-15,224.3375873441421,10.15387671675717,0.0018080121371895075,0.10187276990608751
0,1978-12-18,222.60011047399075,10.099883445695143,-0.007744920905679464,-0.05399327106202634
0,1978-12-19,222.0716432148883,10.140136308332012,-0.002374065574258566,0.040252862636869224
0,1978-12-20,221.75768689650525,10.08617147482967,-0.001413761405274272,-0.05396483350234327
0,1978-12-21,222.53011145997291,10.087012442211504,0.003483191831037402,0.0008409673818352559
0,1978-12-22,222.0352284947605,9.968157919891029,-0.0022238921374082565,-0.11885452232047555
0,1978-12-26,224.43348901351885,9.837758464449058,0.01080126129090786,-0.13039945544197096
0,1978-12-27,225.96976064152423,9.788461535668283,0.006845108699053526,-0.04929692878077496
0,1978-12-28,226.08710315967824,9.780761068962592,0.0005192841636016965,-0.0077004667056908005
0,1978-12-29,225.45008365696887,9.833931071500752,-0.0028175844345241785,0.05317000253815962
0,1979-01-02,226.02475236980374,9.84640217869007,0.0025489842519164085,0.012471107189318431
0,1979-01-03,226.7582978446779,9.861091861451651,0.0032454209867864847,0.014689682761581224
0,1979-01-04,226.84732118388078,9.781289191637995,0.00039259131881408393,-0.07980266981365602
0,1979-01-05,228.53984219890864,9.726908021532736,0.007461057975888252,-0.054381170105259
0,1979-01-08,228.36678081498567,9.691156289411794,-0.0007572481990791857,-0.03575173212094285
0,1979-01-09,228.4216389744002,9.705389091751785,0.00024021952413022518,0.01423280233999158
0,1979-01-10,229.61752284669714,9.794689020619545,0.005235422868281603,0.08929992886776006
0,1979-01-11,227.47966104182257,9.851758718761387,-0.009310534223914146,0.057069698141841485
0,1979-01-12,224.94450289142,9.884835622131996,-0.011144548654556274,0.033076903370609756
0,1979-01-15,223.43180050156784,9.904845524197816,-0.006724780425429344,0.02000990206581932
0,1979-01-16,221.52742687666557,9.97619836493275,-0.008523288182914257,0.07135284073493509
0,1979-01-17,218.47279344230049,10.04629445239102,-0.013788962736725807,0.07009608745826945
0,1979-01-18,221.0240153578422,10.06310987366604,0.011677526868879795,0.01681542127501956
0,1979-01-19,217.27846889665202,10.053284243956524,-0.016946332529187202,-0.009825629709515837
0,1979-01-22,221.35077131523175,9.694209345857317,0.01874231919646263,-0.3590748980992071
0,1979-01-23,226.184008960603,9.620642495311458,0.021835196763277054,-0.0735668505458591
0,1979-01-24,224.06045092558367,9.662956576189464,-0.009388630278408527,0.04231408087800581
0,1979-01-25,223.9993265735147,9.704545934066438,-0.00027280295034870505,0.041589357876974375
0,1979-01-26,222.63964813105636,9.722003921603234,-0.006070011295378208,0.017457987536795727
0,1979-01-29,222.437563944536,9.83021001803725,-0.0009076738497242332,0.10820609643401546
0,1979-01-30,220.58433097526134,9.742902294761388,-0.008331474848091602,-0.08730772327586145
0,1979-01-31,222.45759257312528,9.67400683517824,0.008492269553244114,-0.06889545958314791
0,1979-02-01,220.51268826488808,9.4960628296218,-0.008742809295654297,-0.17794400555643897
0,1979-02-02,222.1714627459992,9.359396455754453,0.007522353902459145,-0.1366663738673477
0,1979-02-05,222.79976909930613,9.149191151634632,0.002828024560585618,-0.21020530411982108
0,1979-02-06,223.93460470721345,9.045778941319034,0.005093522369861603,-0.10341221031559833
0,1979-02-07,223.3579540583213,8.92714033888112,-0.0025750850327312946,-0.11863860243791358
0,1979-02-08,222.33810489940169,8.967709292057497,-0.004565985407680273,0.04056895317637732
0,1979-02-09,219.2073362899089,9.080906158916504,-0.014081115834414959,0.1131968668590062
0,1979-02-14,213.12995867070046,9.030140049792578,-0.027724334970116615,-0.05076610912392532
0,1979-02-15,214.5929236203528,9.109091552527131,0.006864191964268684,0.07895150273455265
0,1979-02-16,209.87891742821128,8.968977701627177,-0.021967202425003052,-0.14011385089995443
0,1979-02-20,215.71687253531647,8.848540944100213,0.02781582437455654,-0.12043675752696359
0,1979-02-21,213.27971197382362,8.959129809803972,-0.011297959834337234,0.11058886570375925
0,1979-02-22,209.82417057334243,8.962261510914589,-0.016201922670006752,0.003131701110616447
0,1979-02-23,209.84262605649351,9.054899483993568,8.795689791440964e-05,0.09263797307897903
0,1979-02-26,206.7028506910426,8.986391789865054,-0.014962524175643921,-0.06850769412851321
0,1979-02-27,212.7557083543311,8.772655852116797,0.029282893985509872,-0.2137359377482575
0,1979-02-28,216.90376194794607,8.759911703740752,0.019496791064739227,-0.012744148376045317
0,1979-03-01,217.40422833892288,8.71593937172439,0.002307320013642311,-0.04397233201636119
0,1979-03-02,216.72195628566854,8.676848240547795,-0.003138264873996377,-0.039091131176595795
0,1979-03-05,216.2245711682828,8.690378599179972,-0.002295037964358926,0.013530358632177553
0,1979-03-06,214.14378202411524,8.769361178869776,-0.009623277932405472,0.0789825796898036
0,1979-03-07,212.428595036537,8.813398605509887,-0.008009511046111584,0.04403742664011112
0,1979-03-08,209.10780127827536,8.838456139734927,-0.015632517635822296,0.025057534225039646
0,1979-03-09,208.32131509394924,8.872004213670133,-0.0037611518055200577,0.03354807393520609
0,1979-03-12,204.10259309495854,8.875318556038415,-0.020251033827662468,0.0033143423682826523
0,1979-03-13,205.0283616052977,8.834513266506399,0.0045357998460531235,-0.040805289532016786
0,1979-03-14,204.83231452317855,8.847431248910546,-0.0009561949409544468,0.01291798240414721
0,1979-03-15,204.4212957773073,8.765026714843087,-0.002006610855460167,-0.08240453406745907
0,1979-03-16,206.2871952282606,8.670048858160088,0.009127715602517128,-0.09497785668299841
0,1979-03-19,207.26034507100118,8.772292962297604,0.004717451520264149,0.10224410413751528
0,1979-03-20,204.35765279007458,8.937645337731993,-0.014005053788423538,0.16535237543438974
0,1979-03-21,200.80498589648286,9.030412107298087,-0.01738455519080162,0.09276676956609364
0,1979-03-22,202.92557375949013,9.03216772436448,0.010560434311628342,0.001755617066393711
0,1979-03-23,201.5728287005547,9.05140936340444,-0.006666212808340788,0.01924163903995968
0,1979-03-26,201.89619800225674,8.905979708373877,0.001604230608791113,-0.14542965503056315
0,1979-03-27,204.83726934233,8.75685729202635,0.014567244797945023,-0.14912241634752732
0,1979-03-28,203.7543660516182,8.806192068184506,-0.005286651663482189,0.0493347761581564
0,1979-03-29,201.48756149665965,8.866302345359452,-0.01112518273293972,0.06011027717494599
0,1979-03-30,200.88402964431648,8.861030231643724,-0.002995380200445652,-0.005272113715728111
0,1979-04-02,198.09486213635947,8.894133592378616,-0.013884466141462326,0.033103360734891396
0,1979-04-03,195.9287676640193,8.932729896916774,-0.010934632271528244,0.03859630453815832
0,1979-04-04,196.13192722554993,8.888009705136941,0.0010369052179157734,-0.044720191779832774
0,1979-04-05,197.71181001334986,8.899422727114741,0.008055204525589943,0.011413021977800142
0,1979-04-06,198.2307936564971,8.95604698755211,0.0026249501388520002,0.05662426043736879
0,1979-04-09,197.46806909326057,8.974191395684201,-0.003847659332677722,0.018144408132091172
0,1979-04-10,200.5151491968492,8.929420930298653,0.015430748462677002,-0.04477046538554852
0,1979-04-11,201.64644056641924,8.781850172103768,0.005641924683004618,-0.14757075819488463
0,1979-04-12,202.1093427211398,8.570682503476021,0.0022956128232181072,-0.2111676686277466
0,1979-04-16,202.99113899248542,8.632533929685719,0.004362966399639845,0.061851426209697635
0,1979-04-17,200.18508873369336,8.60338934997905,-0.013823511078953743,-0.02914457970666895
0,1979-04-18,200.04306798404602,8.685590736948544,-0.0007094471948221326,0.0822013869694942
0,1979-04-19,199.31824266733184,8.777099262749056,-0.003623346332460642,0.09150852580051172
0,1979-04-20,198.27292649624562,8.813192476841907,-0.005244458094239235,0.036093214092851156
0,1979-04-23,198.34455636781973,8.770288559780887,0.0003612690488807857,-0.042903917061019925
0,1979-04-24,199.51507339803712,8.66439279664461,0.00590143259614706,-0.10589576313627802
0,1979-04-25,198.99997302610402,8.592024409454512,-0.002581761684268713,-0.07236838719009775
0,1979-04-26,202.5127927043795,8.74082662532154,0.01765236258506775,0.14880221586702902
0,1979-04-27,201.9663399527755,8.955235626005212,-0.0026983616407960653,0.21440900068367164
0,1979-04-30,201.8675588039144,8.966996839717556,-0.0004890970885753632,0.011761213712343732
0,1979-05-01,202.67570936928595,8.921324761967234,0.004003370180726051,-0.04567207775032145
0,1979-05-02,200.54393615239596,8.662238398834669,-0.0105181485414505,-0.2590863631325657
0,1979-05-03,205.38610491371176,8.566354896957519,0.024145176634192467,-0.09588350187715022
0,1979-05-04,203.32078313510107,8.581953564646021,-0.010055800899863243,0.015598667688502488
0,1979-05-07,203.99463140189934,8.55756834669164,0.003314212430268526,-0.024385217954380423
0,1979-05-08,203.4981318561237,8.581339407000561,-0.0024338853545486927,0.02377106030892051
0,1979-05-09,204.02031871923853,8.551825404447486,0.0025660523679107428,-0.029514002553074903
0,1979-05-10,207.88034527875163,8.513614940741949,0.018919814378023148,-0.03821046370553738
0,1979-05-11,208.0667121775812,8.501024877140686,0.0008965104352682829,-0.012590063601262358
0,1979-05-14,207.1268313006157,8.623399704238597,-0.004517209250479937,0.12237482709791081
0,1979-05-15,209.41744908237163,8.618758452392468,0.011059010401368141,-0.00464125184612918
0,1979-05-16,208.976972083584,8.622056831264048,-0.002103344304487109,0.003298378871580354
0,1979-05-17,208.25833042063667,8.647544070705157,-0.003438855754211545,0.025487239441108755
0,1979-05-18,207.52528586966915,8.57989460443794,-0.0035198810510337353,-0.06764946626721802
0,1979-05-21,208.63999350375423,8.654023876325711,0.0053714304231107235,0.07412927188777196
0,1979-05-22,209.0072525292178,8.72192621843114,0.0017602522857487202,0.06790234210542856
0,1979-05-23,208.69511244400314,8.408078528754478,-0.0014934414066374302,-0.31384768967666155
0,1979-05-24,208.77428131907894,8.600519133595805,0.0003793518408201635,0.19244060484132675
0,1979-05-25,206.74112457167536,8.656392994411757,-0.009738540276885033,0.055873860815951915
0,1979-05-29,207.0505799795159,8.546759814053063,0.0014968256000429392,-0.10963318035869385
0,1979-06-01,209.9474186933286,7.980550474260533,0.013990971259772778,-0.5662093397925299
0,1979-06-04,213.77010118380784,8.049647150123942,0.018207808956503868,0.06909667586340884
0,1979-06-05,208.09442843319394,8.27055100811139,-0.026550358161330223,0.22090385798744805
0,1979-06-06,204.54507578018007,8.130013737957535,-0.017056452110409737,-0.14053727015385498
0,1979-06-07,211.48058032570708,8.091340262108085,0.0339069738984108,-0.0386734758494498
0,1979-06-08,206.94568247875995,8.04245390580877,-0.0214435663074255,-0.048886356299314926
0,1979-06-11,211.7316152173824,8.207455634296283,0.023126516491174698,0.16500172848751227
0,1979-06-12,206.53935527642523,8.199537789346888,-0.02452283725142479,-0.007917844949394848
0,1979-06-13,209.48685926275274,8.196011599112905,0.014270907267928123,-0.0035261902339822626
0,1979-06-14,209.00538865569757,8.08803092990019,-0.002298333216458559,-0.10798066921271499
0,1979-06-15,212.6891647588853,7.942457632368433,0.017625268548727036,-0.14557329753175718
0,1979-06-18,210.70572727416723,7.954201901083906,-0.009325521998107433,0.011744268715472295
0,1979-06-19,213.01313768794233,7.8520386391125285,0.010950867086648941,-0.10216326197137704
0,1979-06-20,215.9742874548285,7.71883861428103,0.013901254162192345,-0.13320002483149818
0,1979-06-21,216.78960861630762,7.65611090735956,0.0037750843912363052,-0.06272770692147045
0,1979-06-22,215.66656801015242,7.610935777161483,-0.0051803248934447765,-0.04517513019807673
0,1979-06-25,218.62390390608124,7.389426341138995,0.013712537474930286,-0.22150943602248852
0,1979-06-26,217.96435775203884,7.369244068729416,-0.0030168071389198303,-0.020182272409578594
0,1979-06-27,217.2396770244491,7.066778776793237,-0.0033247671090066433,-0.302465291936179
0,1979-06-28,221.13201367750673,7.0103904297386,0.017917245626449585,-0.05638834705463669
0,1979-06-29,218.96080183682,7.009317962175375,-0.009818622842431068,-0.00107246756322521
0,1979-07-02,216.99498054617447,6.951690739007292,-0.008977959863841534,-0.05762722316808322
0,1979-07-03,216.86576714763424,6.735284825207045,-0.0005954672233201563,-0.21640591380024699
0,1979-07-05,218.75255832413688,6.670913226566727,0.00870027206838131,-0.06437159864031816
0,1979-07-06,216.12636532636742,6.759685027884874,-0.01200531329959631,0.08877180131814733
0,1979-07-09,215.40682697031926,6.797855280153845,-0.0033292484004050493,0.03817025226897108
0,1979-07-10,213.74818137177462,6.756431639417874,-0.007700060494244099,-0.041423640735970935
0,1979-07-11,212.91247426306217,6.824903896362362,-0.003909774124622345,0.06847225694448777
0,1979-07-12,211.40099972656856,6.772827081520444,-0.00709904171526432,-0.05207681484191795
0,1979-07-13,210.46180570964384,6.776624626557658,-0.004442713223397732,0.0037975450372140784
0,1979-07-16,213.58305910352104,6.799688859678235,0.014830498024821281,0.023064233120576816
0,1979-07-17,212.79004388167283,6.857184652139827,-0.003712912555783987,0.057495792461591755
0,1979-07-18,210.63864257094247,6.93476443837967,-0.010110441595315933,0.07757978623984307
0,1979-07-19,210.1398800127852,6.927748027263027,-0.002367858774960041,-0.007016411116643084
0,1979-07-20,212.0463306860789,6.837462235487519,0.009072293527424335,-0.090285791775508
0,1979-07-23,213.39331689988938,6.791941587262224,0.006352320313453674,-0.04552064822529456
0,1979-07-24,211.90493214543625,6.908583807074812,-0.006974842399358749,0.11664221981258738
0,1979-07-25,210.73505644698614,6.907065299218456,-0.005520757287740707,-0.0015185078563559884
0,1979-07-26,213.14657626327764,6.8520618099956465,0.011443372815847397,-0.055003489222809065
0,1979-07-27,211.80382012535807,6.822321140854259,-0.006299684289842844,-0.029740669141387954
0,1979-07-30,212.4129509506745,6.769526461552224,0.002875919919461012,-0.05279467930203463
0,1979-07-31,211.37097692860942,6.7212321793959475,-0.004905416630208492,-0.0482942821562764
0,1979-08-01,214.11972805149188,6.717702239378398,0.013004392385482788,-0.003529940017549471
0,1979-08-02,213.47009950395096,6.667483932817778,-0.0030339499935507774,-0.05021830656061965
0,1979-08-03,216.19764289312653,6.7077765969637975,0.012777168303728104,0.040292664146019064
0,1979-08-06,216.82090517373533,6.732140422780715,0.0028828356880694628,0.024363825816917206
0,1979-08-07,217.04894863792865,6.790360209280102,0.0010517595801502466,0.05821978649938764
0,1979-08-08,217.85073664201107,6.634334239470145,0.003694042330607772,-0.1560259698099573
0,1979-08-09,219.7045585755405,6.590054069121789,0.008509596809744835,-0.04428017034835641
0,1979-08-10,220.91790560085053,6.588397661475417,0.005522630177438259,-0.0016564076463714272
0,1979-08-13,220.23554491767564,6.502542047818453,-0.0030887522734701633,-0.08585561365696392
0,1979-08-14,218.45882381858763,6.4542960163161816,-0.008067367598414421,-0.04824603150227169
0,1979-08-15,220.83879981246994,6.384810704624374,0.010894391685724258,-0.06948531169180772
0,1979-08-16,219.96283550315485,6.367706072913565,-0.003966532647609711,-0.017104631710808782
0,1979-08-17,217.0497367643023,6.360724515274123,-0.013243595138192177,-0.00698155763944186
0,1979-08-20,215.59735702471272,6.33156345740555,-0.006691460497677326,-0.02916105786857326
0,1979-08-21,216.68519457677814,6.35175716873622,0.005045690573751926,0.020193711330669828
0,1979-08-22,217.19455658360647,6.361156694042359,0.0023507005535066128,0.00939952530613919
0,1979-08-23,219.92751015246225,6.315911323939886,0.012582974508404732,-0.04524537010247265
0,1979-08-24,219.814836232214,6.4549875829623815,-0.0005123229930177331,0.1390762590224952
0,1979-08-27,217.5933193000555,6.474269940352638,-0.010106310248374939,0.01928235739025652
0,1979-08-28,217.6774762722414,6.47421544832708,0.0003867626655846834,-5.4492025557628665e-05
0,1979-08-29,222.41726663531915,6.474574218175274,0.021774372085928917,0.00035876984819349644
0,1979-08-30,221.18513219186846,6.50853282533066,-0.005539742764085531,0.03395860715538568
0,1979-08-31,220.62128281098856,6.453422145229966,-0.0025492191780358553,-0.055110680100693976
0,1979-09-04,222.05914003648235,6.411780389483474,0.006517309695482254,-0.04164175574649143
0,1979-09-05,221.69153503072195,6.466816529785752,-0.001655437401495874,0.05503614030227766
0,1979-09-06,220.48172636183165,6.554649278631042,-0.005457171238958836,0.08783274884529035
0,1979-09-07,220.5682433056833,6.6105385804373,0.00039239961188286543,0.05588930180625784
0,1979-09-10,221.16841452787494,6.616584278323668,0.002721022814512253,0.0060456978863676625
0,1979-09-11,220.76080846382445,6.668746718359876,-0.001842966885305941,0.0521624400362084
0,1979-09-12,222.11320266096044,6.619163556731558,0.0061260610818862915,-0.049583161628317995
0,1979-09-13,222.52372280315188,6.571379586927369,0.001848247367888689,-0.047783969804188864
0,1979-09-14,224.77948456230754,6.5659194905462535,0.010137174278497696,-0.0054600963811157754
0,1979-09-17,226.11079979003168,6.536687678432089,0.005922761280089617,-0.02923181211416459
0,1979-09-18,228.23496409700797,6.566891161561203,0.00939435139298439,0.030203483129113806
0,1979-09-19,226.7398390806218,6.56144256382085,-0.0065508149564266205,-0.0054485977403526675
0,1979-09-20,226.7193322461196,6.577686186751516,-9.044213220477104e-05,0.01624362293066639
0,1979-09-21,224.69375784993937,6.60428861209,-0.008934281766414642,0.026602425338484004
0,1979-09-24,222.5776293915134,6.600045861516575,-0.009417833760380745,-0.004242750573425269
0,1979-09-25,218.78821178464503,6.54406416086332,-0.01702515035867691,-0.05598170065325547
0,1979-09-26,219.42202609176002,6.502660292503314,0.0028969307895749807,-0.04140386836000598
0,1979-09-27,218.9796037521078,6.46937365348853,-0.0020163077861070633,-0.03328663901478368
0,1979-09-28,220.84381012711006,6.488032851598199,0.008513150736689568,0.01865919810966865
0,1979-10-01,220.07074138310736,6.51479103169637,-0.003500522579997778,0.026758180098171103
0,1979-10-02,219.73175894568757,6.558944568955474,-0.0015403339639306068,0.044153537259104425
0,1979-10-03,221.97496562622067,6.525255961075037,0.010208841413259506,-0.03368860788043726
0,1979-10-04,224.79626256400107,6.5037481545596565,0.01270997803658247,-0.021507806515380423
0,1979-10-05,227.34200609203782,6.457986877279189,0.011324670165777206,-0.04576127728046764
0,1979-10-10,226.92408078808677,6.491186702287746,-0.0018383109709247947,0.03319982500855723
0,1979-10-11,225.06404025739792,6.510240556101155,-0.008196752518415451,0.01905385381340885
0,1979-10-12,223.93609087308184,6.544441510630725,-0.00501168193295598,0.03420095452957028
0,1979-10-15,221.77351351392898,6.583877628213917,-0.0096571184694767,0.03943611758319143
0,1979-10-16,218.77474926497592,6.635363965290915,-0.013521742075681686,0.05148633707699801
0,1979-10-17,217.29721730217287,6.636568506108357,-0.00675366772338748,0.0012045408174419237
0,1979-10-18,217.96560682639188,6.679712180212702,0.0030759230721741915,0.043143674104345386
0,1979-10-19,215.928975902982,6.77283057934498,-0.009343817830085754,0.09311839913227793
0,1979-10-22,212.31020032190952,6.823341131679986,-0.016759101301431656,0.05051055233500623
0,1979-10-23,213.19436549349302,6.803903546748267,0.004164496902376413,-0.019437584931718987
0,1979-10-24,213.79832098942805,6.738583196547149,0.0028328867629170418,-0.0653203502011177
0,1979-10-25,212.38934497843996,6.7345819874619925,-0.00659021083265543,-0.004001209085156887
0,1979-10-26,212.56597916804276,6.802675670666434,0.0008316527819260955,0.06809368320444165
0,1979-10-29,212.69905628362542,6.764802754675626,0.0006260508671402931,-0.037872915990807776
0,1979-10-30,215.2906355883552,6.695177911143229,0.01218425389379263,-0.06962484353239784
0,1979-10-31,218.4820043596239,6.684121125634486,0.014823537319898605,-0.01105678550874245
0,1979-11-01,217.9121602928352,6.7126786494994555,-0.002608196809887886,0.028557523864969347
0,1979-11-02,217.24527581488084,6.7406864662303,-0.003060336224734783,0.028007816730844404
0,1979-11-05,215.83648010559065,6.761237490406603,-0.006484816316515207,0.020551024176302946
0,1979-11-08,216.1466273278811,6.7805967149158555,0.0014369545970112085,0.019359224509252648
0,1979-11-09,216.46271901462026,6.759996931298429,0.0014623947208747268,-0.02059978361742676
0,1979-11-14,216.54896832197386,6.7185418937905075,0.0003984487848356366,-0.04145503750792123
0,1979-11-15,217.78540438124264,6.6598159944249025,0.005709729623049498,-0.05872589936560502
0,1979-11-16,216.8427895212936,6.754375148391779,-0.004328181967139244,0.09455915396687686
0,1979-11-19,217.81806483668547,6.734571873603289,0.004497614689171314,-0.0198032747884902
0,1979-11-20,215.4201097654171,6.765251585568022,-0.011008981615304947,0.030679711964732626
0,1979-11-21,213.70885716295433,6.874617366888992,-0.007943792268633842,0.10936578132097008
0,1979-11-23,209.63585517361858,6.927565626099715,-0.019058648496866226,0.05294825921072288
0,1979-11-26,211.16368930783153,6.9996480131129015,0.007288038264960051,0.07208238701318681
0,1979-11-27,211.06545039336135,7.029836496447637,-0.00046522635966539383,0.030188483334735672
0,1979-11-28,213.2602140159879,6.983010943443199,0.010398497804999352,-0.046825553004437914
0,1979-11-29,214.99914240238667,6.9120300189754635,0.008154021576046944,-0.07098092446773574
0,1979-11-30,217.21109004489378,6.861426968995104,0.010288169607520103,-0.05060304998035914
0,1979-12-03,218.4467628226699,6.889226348524116,0.005688810721039772,0.02779937952901168
0,1979-12-04,219.56137559826465,6.875535457836992,0.005102445837110281,-0.01369089068712448
0,1979-12-05,220.9435658273154,6.831208835939156,0.006295233964920044,-0.04432662189783532
0,1979-12-06,221.23902240409555,6.786295092442557,0.0013372490648180246,-0.0449137434965996
0,1979-12-07,222.5728950409673,6.784628600959988,0.006029102019965649,-0.0016664914825685884
0,1979-12-10,221.3677123511762,6.7140482608652094,-0.005414777435362339,-0.07058034009477865
0,1979-12-11,221.87023356366413,6.728879586338185,0.002270074561238289,0.01483132547297572
0,1979-12-12,219.50984236950848,6.755959561847297,-0.010638611391186714,0.02707997550911223
0,1979-12-13,217.4933579838011,6.709622848852527,-0.009186305105686188,-0.046336712994770046
0,1979-12-14,220.08832092457465,6.6049157435563774,0.011931228451430798,-0.1047071052961499
0,1979-12-17,218.53193352817146,6.645139505626679,-0.007071649190038443,0.040223762070301206
0,1979-12-18,217.28949680850786,6.63304522282846,-0.005685378331691027,-0.012094282798218892
0,1979-12-19,218.71164316074362,6.621349766724828,0.006544938310980797,-0.011695456103631763
0,1979-12-20,222.77112186104435,6.690790079149991,0.018560871481895447,0.06944031242516324
0,1979-12-21,224.03512819213222,6.810321974715344,0.005674013402312994,0.11953189556535282
0,1979-12-24,224.60516083606475,6.940437669385641,0.002544389571994543,0.13011569467029727
0,1979-12-26,222.25620701265993,6.938758482558605,-0.010458147153258324,-0.001679186827036716
0,1979-12-27,223.04795614650695,7.0624733659090415,0.0035623263102024794,0.1237148833504369
0,1979-12-28,218.85086231992463,7.207517278578758,-0.018817001953721046,0.14504391266971606
0,1979-12-31,217.92705619107184,7.2001221700499904,-0.004221167415380478,-0.007395108528767125
0,1980-01-02,219.84192472813126,7.146214016427379,0.008786740712821484,-0.053908153622611366
0,1980-01-03,219.76569285977988,7.221004154742027,-0.0003467576461844146,0.07479013831464787
0,1980-01-04,217.118361145678,7.267641794543034,-0.012046155519783497,0.046637639801007325
0,1980-01-07,221.0709859660236,7.283487151288328,0.018204931169748306,0.015845356745293415
0,1980-01-08,218.51099183857585,7.297647692874694,-0.011579964309930801,0.01416054158636637
0,1980-01-09,222.0301219289869,7.129338449741789,0.0161050483584404,-0.16830924313290474
0,1980-01-10,224.1809093063943,7.132349347738986,0.009686917066574097,0.003010897997196338
0,1980-01-11,223.91769453920378,7.0991207568026695,-0.0011741176713258028,-0.03322859093631614
0,1980-01-14,223.6024625550238,7.077481430645791,-0.001407802919857204,-0.021639326156878802
0,1980-01-15,226.5771805403919,7.058196477868729,0.013303601182997227,-0.019284952777061548
0,1980-01-16,227.92417963271305,7.054845126498298,0.005944990087300539,-0.003351351370430855
0,1980-01-17,228.9280599297781,7.047431907558929,0.004404448438435793,-0.007413218939369415
0,1980-01-18,228.3356184887482,7.045121609378148,-0.0025878935120999813,-0.0023102981807809897
0,1980-01-21,228.33169892782576,7.001039473601731,-1.716578844934702e-05,-0.044082135776417175
0,1980-01-22,226.844426355273,7.028330014407676,-0.006513649132102728,0.027290540805945618
0,1980-01-23,228.61206165448124,6.89020837869172,0.007792280055582523,-0.13812163571595626
0,1980-01-24,229.67094415280977,6.8447994607832845,0.004631787538528442,-0.0454089179084356
0,1980-01-25,230.7351858095346,6.823644821972611,0.004633767064660788,-0.02115463881067381
0,1980-01-28,231.3111452416716,6.831261009056006,0.002496192464604974,0.007616187083395509
0,1980-01-29,231.69565270087648,6.790434404224274,0.0016622954281046987,-0.04082660483173228
0,1980-01-30,233.80368575410537,6.758049079264086,0.009098284877836704,-0.0323853249601882
0,1980-01-31,236.40659785951465,6.725073561063242,0.011132895946502686,-0.032975518200843545
0,1980-02-01,235.41272385426092,6.463653639631926,-0.004204087425023317,-0.2614199214313162
0,1980-02-04,238.42934815932406,6.474304392760381,0.012814193964004517,0.01065075312845476
0,1980-02-05,239.3202346833228,6.406139056161582,0.003736480139195919,-0.06816533659879909
0,1980-02-06,239.4799468849144,6.426879609135823,0.0006673577008768916,0.02074055297424149
0,1980-02-07,240.68808028261685,6.451248590507512,0.0050448207184672356,0.024368981371688747
0,1980-02-08,242.59409535377256,6.49437557858878,0.007919025607407093,0.04312698808126836
0,1980-02-11,241.10174972213474,6.534672076674517,-0.006151615642011166,0.040296498085736765
0,1980-02-14,240.89871970472623,6.5791557953878295,-0.0008420926751568913,0.04448371871331247
0,1980-02-15,239.34690732467084,6.653888384658119,-0.006441762670874596,0.07473258927028947
0,1980-02-19,237.04250634806735,6.5749261049730965,-0.0096278702840209,-0.07896227968502245
0,1980-02-20,236.52150988490587,6.600713446453816,-0.0021979031153023243,0.025787341480719483
0,1980-02-21,236.32902212059005,6.787311883851964,-0.0008138277335092425,0.18659843739814796
0,1980-02-22,231.94797626349884,6.774173740342802,-0.018537908792495728,-0.013138143509161537
0,1980-02-25,237.5127909213582,6.722711732770249,0.023991649970412254,-0.05146200757255315
0,1980-02-26,236.08303089536383,6.8275188889109915,-0.006019718013703823,0.10480715614074221
0,1980-02-27,235.53392583738622,6.9001153169413545,-0.0023258980363607407,0.07259642803036304
0,1980-02-28,234.00164791380482,6.927905850248842,-0.006505550816655159,0.027790533307487486
0,1980-02-29,235.0186382607368,6.658959946814623,0.004346081987023354,-0.26894590343421854
0,1980-03-03,243.30841580813194,6.738268217007329,0.03527285158634186,0.0793082701927057
0,1980-03-04,241.87630810956705,6.6362546206553095,-0.005885976832360029,-0.10201359635201968
0,1980-03-05,243.6177947462893,6.459222294359995,0.007199905812740326,-0.17703232629531485
0,1980-03-06,244.6715741222165,6.493424180246302,0.004325543530285358,0.03420188588630779
0,1980-03-07,242.40348952754618,6.604680007407696,-0.009269914589822292,0.11125582716139348
0,1980-03-10,240.99074513796745,6.621250349439203,-0.005828069522976875,0.01657034203150687
0,1980-03-11,239.6141219037315,6.693034652169715,-0.005712348967790604,0.07178430273051184
0,1980-03-12,241.90793439586054,6.558591064338298,0.009572943672537804,-0.13444358783141652
0,1980-03-13,244.16683663344662,6.440057478872654,0.009337859228253365,-0.11853358546564419
0,1980-03-14,245.94181275310112,6.391846345211052,0.007269521709531546,-0.04821113366160201
0,1980-03-17,243.44334809986097,6.439466022058717,-0.010158763267099857,0.047619676847665104
0,1980-03-18,246.35148700592893,6.172330020685434,0.011945854872465134,-0.26713600137328264
0,1980-03-19,246.60077145757094,6.2242487672482865,0.0010119056096300483,0.051918746562852114
0,1980-03-20,246.0644762074692,6.2144535969552805,-0.002174750901758671,-0.009795170293005917
0,1980-03-21,244.370074093081,6.187635062956356,-0.006886008661240339,-0.026818533998924643
0,1980-03-24,243.56033081705064,6.046982185324082,-0.003313594264909625,-0.14065287763227374
0,1980-03-25,241.77824590687038,5.925651962365972,-0.0073168110102415085,-0.12133022295811013
0,1980-03-26,241.79943943733747,5.989332754470649,8.765689563006163e-05,0.0636807921046767
0,1980-03-27,241.73281177004313,6.205020600736324,-0.00027554930420592427,0.21568784626567528
0,1980-03-28,241.36759849430427,6.224607554194297,-0.00151081383228302,0.019586953457973344
0,1980-03-31,241.18265342065462,6.263975371261644,-0.000766238197684288,0.0393678170673466
0,1980-04-01,244.21335065422153,6.2319313049522815,0.012565983459353447,-0.03204406630936241
0,1980-04-02,243.54594170103653,6.227697559202747,-0.0027328929863870144,-0.004233745749534279
0,1980-04-03,241.8831945685647,6.145796547037454,-0.006827242206782103,-0.081901012165293
0,1980-04-07,241.71782382335286,6.0714114174232465,-0.0006836801767349243,-0.07438512961420773
0,1980-04-08,241.38237714805913,6.183942273235892,-0.001387761440128088,0.11253085581264521
0,1980-04-09,242.1797872894592,6.168244103453241,0.003303514327853918,-0.015698169782650595
0,1980-04-10,241.92054338419817,6.103447175040015,-0.0010704605374485254,-0.06479692841322571
0,1980-04-11,243.0312238698407,6.069728626843292,0.004591096192598343,-0.03371854819672304
0,1980-04-14,240.8496865648128,6.125623155064633,-0.008976366370916367,0.05589452822134078
0,1980-04-15,237.94714928209467,6.183830766127097,-0.012051239609718323,0.05820761106246408
0,1980-04-16,236.031997539458,6.2559198487260685,-0.008048643358051777,0.07208908259897129
0,1980-04-17,233.6645536277897,6.311418299970658,-0.01003018207848072,0.0554984512445893
0,1980-04-18,232.4055004520862,6.271090939518418,-0.005388293415307999,-0.04032736045224006
0,1980-04-21,232.58713601372855,6.254038683750868,0.0007815458811819553,-0.017052255767549873
0,1980-04-22,234.27088853920193,6.282943224012156,0.007239233236759901,0.02890454026128797
0,1980-04-23,236.09768891126595,6.386359921659209,0.007797812111675739,0.10341669764705319
0,1980-04-24,234.6223576950703,6.398873851247551,-0.0062488168478012085,0.012513929588341632
0,1980-04-25,235.76615799136056,6.363916219982379,0.004875069484114647,-0.03495763126517204
0,1980-04-28,236.1438259201146,6.431825222331784,0.0016018750611692667,0.06790900234940533
0,1980-04-29,235.27923746546088,6.4132673290799564,-0.0036612791009247303,-0.01855789325182755
0,1980-04-30,236.7403977344333,6.4040748956385976,0.006210323888808489,-0.009192433441358894
0,1980-05-01,236.21402551192327,6.154708270392035,-0.0022234153002500534,-0.24936662524656228
0,1980-05-02,236.74185243840975,6.025956146300096,0.0022345283068716526,-0.12875212409193892
0,1980-05-05,235.26105378280369,6.010335708403208,-0.006254908628761768,-0.015620437896888717
0,1980-05-06,235.69215462402352,5.945067491011743,0.0018324360717087984,-0.06526821739146449
0,1980-05-07,236.0216735328592,6.030317551463406,0.001398090273141861,0.08525006045166261
0,1980-05-08,236.3845055452597,6.040195754618383,0.001537282601930201,0.009878203154976894
0,1980-05-09,234.9690663966578,6.076390305096949,-0.005987867712974548,0.03619455047856679
0,1980-05-12,234.27685434662504,6.069480313291801,-0.0029459709767252207,-0.006909991805148508
0,1980-05-13,235.63592692765127,6.046915559400293,0.005801138933748007,-0.02256475389150836
0,1980-05-14,237.10311677704163,5.9749809001015475,0.006226511672139168,-0.0719346592987451
0,1980-05-15,237.25294471609615,5.917515115831924,0.0006319104577414691,-0.05746578426962312
0,1980-05-16,238.4293838073131,5.890559959434154,0.00495858583599329,-0.026955156397770352
0,1980-05-19,235.79419467266024,5.930337296404223,-0.011052283458411694,0.03977733697006869
0,1980-05-20,234.28180435260285,5.99469691783987,-0.006414026953279972,0.06435962143564744
0,1980-05-21,233.7246135584813,6.059679243328436,-0.002378293080255389,0.06498232548856553
0,1980-05-22,229.10457795445686,6.062609300883234,-0.019767004996538162,0.00293005755479836
0,1980-05-23,229.2534754203159,6.01222482679321,0.000649910478387028,-0.050384474090024334
0,1980-05-27,229.49645248712358,6.0594231293172465,0.0010598620865494013,0.047198302524036784
0,1980-05-28,227.7564236379953,6.073839349146695,-0.0075819422490894794,0.014416219829448629
0,1980-05-29,228.34989611915228,5.9883494604979886,0.0026057332288473845,-0.08548988864870655
0,1980-05-30,229.2768997624322,5.962138764387093,0.0040595754981040955,-0.02621069611089588
0,1980-06-02,230.27901111498178,5.914575422658011,0.00437074713408947,-0.04756334172908172
0,1980-06-03,231.33442812464358,5.981745948189677,0.004583209753036499,0.06717052553166614
0,1980-06-04,230.3421476535716,6.024851800417267,-0.004289376549422741,0.04310585222758956
0,1980-06-05,230.60081795568163,6.128109017496358,0.0011229829397052526,0.10325721707909175
0,1980-06-06,231.23520569007266,6.110290825628041,0.0027510211803019047,-0.01781819186831779
0,1980-06-09,228.98875045955464,6.0923565545947085,-0.009715022519230843,-0.017934271033332116
0,1980-06-10,229.01064854193075,6.051142495795833,9.562951163388789e-05,-0.041214058798875186
0,1980-06-11,228.3422306322695,6.004826193513334,-0.002918719779700041,-0.0463163022824995
0,1980-06-12,227.35983926549565,6.079424940269109,-0.00430227629840374,0.07459874675577538
0,1980-06-13,227.21414904142972,6.114490543082694,-0.0006407913751900196,0.03506560281358517
0,1980-06-16,226.20980131828784,6.12044801394713,-0.004420269280672073,0.0059574708644358765
0,1980-06-17,225.44559390323803,6.064369441818992,-0.0033783125691115856,-0.05607857212813805
0,1980-06-18,223.10683468295923,6.0669086125620275,-0.01037394069135189,0.002539170743035335
0,1980-06-19,224.30293828375034,6.05265217649361,0.005361124873161316,-0.014256436068417422
0,1980-06-20,225.3262487724815,6.040360597406064,0.0045621804893016815,-0.01229157908754619
0,1980-06-23,225.17286212496305,5.987817083173254,-0.0006807313766330481,-0.05254351423281012
0,1980-06-24,226.5020382396094,6.1105453300514645,0.005902914330363274,0.12272824687821071
0,1980-06-25,223.50253186171904,6.193693371354166,-0.013242734596133232,0.08314804130270126
0,1980-06-26,225.90930496484705,6.363462245132601,0.010768437758088112,0.16976887377843486
0,1980-06-27,218.30482700178078,6.480146682808975,-0.03366164118051529,0.11668443767637449
0,1980-06-30,221.00026571323596,6.439633435670493,0.01234713289886713,-0.04051324713848192
0,1980-07-01,228.76539429282548,6.47632658524525,0.03513628616929054,0.03669314957475667
0,1980-07-02,229.38225909655733,6.37876448489218,0.002696495270356536,-0.09756210035306978
0,1980-07-03,231.90211914563392,6.4261062458524165,0.0109854182228446,0.047341760960236456
0,1980-07-07,232.0765674122583,6.376639975985631,0.0007522495579905808,-0.049466269866785595
0,1980-07-08,233.72225827956157,6.425427824933829,0.007091154810041189,0.048787848948197876
0,1980-07-09,234.90779562743862,6.289502228208421,0.005072419531643391,-0.13592559672540805
0,1980-07-10,240.02562695143973,6.2562137541501235,0.021786553785204887,-0.03328847405829727
0,1980-07-11,237.90005960766644,6.098738110733169,-0.008855585008859634,-0.1574756434169542
0,1980-07-14,241.81059163744675,6.1554788999692,0.01643770933151245,0.056740789236030764
0,1980-07-15,238.58867602534272,6.199474370450533,-0.013324129395186901,0.04399547048133279
0,1980-07-16,238.20306009924232,6.2712444890193915,-0.0016162373358383775,0.07177011856885862
0,1980-07-17,234.44816329717187,6.344670403649312,-0.015763428062200546,0.07342591462992054
0,1980-07-18,229.55396150479598,6.369131806744943,-0.020875411108136177,0.024461403095631162
0,1980-07-21,231.24123477185879,6.3554217872956515,0.007350225001573563,-0.013710019449291622
0,1980-07-22,230.61742666783908,6.409848143981778,-0.00269765080884099,0.054426356686126276
0,1980-07-23,230.20101331536296,6.311413466462062,-0.0018056456465274096,-0.09843467751971602
0,1980-07-24,231.2020873749969,6.357612565001189,0.004348695278167725,0.046199098539127625
0,1980-07-25,234.52614326183533,6.304539331410716,0.014377274550497532,-0.053073233590473556
0,1980-07-28,236.90053393910506,6.387580008867839,0.0101242046803236,0.08304067745712285
0,1980-07-29,239.1083121541862,6.444711945653873,0.009319431148469448,0.057131936786034565
0,1980-07-30,237.60301349178926,6.390426387683502,-0.006295467726886272,-0.05428555797037138
0,1980-07-31,234.0917711864834,6.389527709474762,-0.014777768403291702,-0.0008986782087401224
0,1980-08-01,234.5145420187778,6.339107781138894,0.0018060046713799238,-0.0504199283358675
0,1980-08-04,238.27457904850567,6.316197571219104,0.01603327877819538,-0.022910209919790425
0,1980-08-05,240.22789424862492,6.295491554567873,0.00819774903357029,-0.020706016651231174
0,1980-08-06,240.44061992003054,6.436555642669378,0.0008855161140672863,0.14106408810150572
0,1980-08-07,237.63209489792965,6.41848816943602,-0.011680742725729942,-0.018067473233358555
0,1980-08-08,234.99551071066156,6.4869841537042,-0.01109523605555296,0.06849598426818027
0,1980-08-11,232.38904518756644,6.3451920777065265,-0.011091554537415504,-0.14179207599767363
0,1980-08-12,229.3038851151812,6.43331342499047,-0.013275841251015663,0.08812134728394394
0,1980-08-13,221.05862054219008,6.454147138653815,-0.035957805812358856,0.020833713663344966
0,1980-08-14,219.79155157073967,6.536706009558425,-0.005731823388487101,0.08255887090460945
0,1980-08-15,215.99344890193814,6.48084871934397,-0.017280476167798042,-0.055857290214454736
0,1980-08-18,218.56158077764073,6.391506614025582,0.011889860033988953,-0.08934210531838804
0,1980-08-19,220.04842312614454,6.3907930156252615,0.00680285319685936,-0.000713598400320592
0,1980-08-20,220.63270096791297,6.431586875010334,0.0026552239432930946,0.040793859385072295
0,1980-08-21,218.41487923883562,6.457114876193954,-0.010052098892629147,0.025528001183619864
0,1980-08-22,222.90712178247838,6.437018565421796,0.020567474886775017,-0.0200963107721579
0,1980-08-25,224.20562424843644,6.3967080584492875,0.005825307220220566,-0.040310506972508264
0,1980-08-26,227.98689890318997,6.358099493783907,0.016865208745002747,-0.03860856466538021
0,1980-08-27,226.4491292028965,6.375014699563054,-0.006744991522282362,0.016915205779146625
0,1980-08-28,224.81749011777603,6.442853761335563,-0.007205322850495577,0.06783906177250909
0,1980-08-29,225.7269912528769,6.554743476274895,0.004045508801937103,0.11188971493933231
0,1980-09-02,227.12093683058131,6.54586811626337,0.006175360642373562,-0.008875360011525224
0,1980-09-03,230.61296405842276,6.514105740989657,0.015375188551843166,-0.03176237527371306
0,1980-09-04,231.96081350893726,6.524305094269293,0.005844638682901859,0.010199353279635837
0,1980-09-05,233.23609181723202,6.469120205907675,0.0054978178814053535,-0.05518488836161772
0,1980-09-08,235.0876283930015,6.482416352124441,0.007938465103507042,0.013296146216766225
0,1980-09-09,235.26507441973192,6.471009676255353,0.0007548080175183713,-0.011406675869088723
0,1980-09-10,236.93392621097877,6.53414731578756,0.007093495689332485,0.06313763953220697
0,1980-09-11,236.37773345811692,6.5119091270102,-0.0023474593181163073,-0.022238188777359724
0,1980-09-12,235.59611759096714,6.486620391198775,-0.0033066391479223967,-0.02528873581142488
0,1980-09-15,232.57154199178103,6.507021505907979,-0.0128379687666893,0.020401114709203583
0,1980-09-16,229.3253312337441,6.536577171752795,-0.013957901857793331,0.029555665844816836
0,1980-09-17,224.55342463515527,6.486510143715142,-0.02080845832824707,-0.050067028037653394
0,1980-09-18,225.41669540154865,6.5357374505440715,0.0038443892262876034,0.04922730682892951
0,1980-09-19,225.25241190631058,6.548669323491923,-0.0007287991466000676,0.012931872947851808
0,1980-09-22,227.0989335309243,6.707856289144308,0.008197566494345665,0.15918696565238477
0,1980-09-23,225.56055988061127,6.732202269192823,-0.006774024106562138,0.024345980048514626
0,1980-09-24,222.45297278706283,6.653262272129825,-0.013777174055576324,-0.07893999706299759
0,1980-09-25,225.6291217832978,6.705450693658819,0.014277844689786434,0.052188421528994056
0,1980-09-26,225.4446575397244,6.777633488156136,-0.0008175551192834973,0.07218279449731657
0,1980-09-29,225.15149914752988,6.829911992390579,-0.001300356350839138,0.05227850423444291
0,1980-09-30,222.41644841510828,6.943605861699695,-0.012147601693868637,0.11369386930911674
0,1980-10-01,215.69229651752633,6.960865098754944,-0.03023226000368595,0.017259237055248455
0,1980-10-02,216.5042857165228,6.9402405940768075,0.003764572087675333,-0.02062450467813637
0,1980-10-03,217.4171527683489,6.915380319203952,0.004216392524540424,-0.02486027487285547
0,1980-10-06,218.59267101381877,6.822508312394897,0.005406741052865982,-0.09287200680905539
0,1980-10-07,220.92023092523024,6.842342460543673,0.010647932067513466,0.019834148148776265
0,1980-10-08,217.125942383376,6.883094163286631,-0.01717492565512657,0.04075170274295825
0,1980-10-09,213.60122837745465,6.95876597776014,-0.016233500093221664,0.0756718144735089
0,1980-10-10,215.23397577614983,6.878542253685851,0.007643904536962509,-0.08022372407428868
0,1980-10-15,218.3134949885415,6.827599353984245,0.014307774603366852,-0.05094289970160659
0,1980-10-16,222.6191623329249,6.823515173103421,0.019722405821084976,-0.004084180880823851
0,1980-10-17,222.40846822592178,6.8210368330021405,-0.0009464329341426492,-0.002478340101280452
0,1980-10-20,223.83941036212838,6.8498359140171265,0.006433847360312939,0.028799081014986072
0,1980-10-21,223.4267792016485,6.856128412078637,-0.00184342497959733,0.006292498061510443
0,1980-10-22,222.97133696880627,6.9259265927629015,-0.0020384406670928,0.06979818068426447
0,1980-10-23,222.22117718498313,6.916026598851916,-0.0033643776550889015,-0.009899993910985394
0,1980-10-24,224.4544109545197,6.746782330388039,0.010049599222838879,-0.16924426846387686
0,1980-10-27,225.04186895685413,6.759071416707418,0.0026172709185630083,0.012289086319379194
0,1980-10-28,224.19937651930513,6.8861955512990285,-0.0037437141872942448,0.1271241345916101
0,1980-10-29,222.48375266020997,6.904521477206729,-0.007652224041521549,0.018325925907700658
0,1980-10-30,223.33239223855807,6.908940027034194,0.0038143889978528023,0.004418549827464702
0,1980-10-31,224.87822378323295,6.885728420215516,0.006921662949025631,-0.023211606818677843
0,1980-11-03,225.5657632701918,7.001605188848304,0.0030573857948184013,0.11587676863278773
0,1980-11-05,225.45672500032657,6.99658195769635,-0.000483399024233222,-0.005023231151954022
0,1980-11-06,228.65150440047972,6.932097063754485,0.01417025551199913,-0.06448489394186474
0,1980-11-07,229.18608259205794,7.004586347877496,0.0023379605263471603,0.07248928412301137
0,1980-11-10,231.5825042432768,7.001391214269158,0.010456226766109467,-0.003195133608338452
0,1980-11-13,231.07571892755638,7.0577406731713594,-0.002188357524573803,0.056349458902201555
0,1980-11-14,232.29389418652764,7.066105876192994,0.0052717579528689384,0.00836520302163457
0,1980-11-17,233.67215784522898,7.101824877759277,0.005933275446295738,0.03571900156628338
0,1980-11-18,233.99660972726218,7.169131292257869,0.0013884918298572302,0.06730641449859132
0,1980-11-19,232.95317172733843,7.125571068705042,-0.004459201358258724,-0.043560223552826294
0,1980-11-20,236.8808600160464,7.076551956621539,0.016860419884324074,-0.049019112083503735
0,1980-11-21,236.38242392444943,6.9344415391061265,-0.002104163635522127,-0.1421104175154122
0,1980-11-24,235.402203546897,6.884648950702371,-0.00414675660431385,-0.04979258840375511
0,1980-11-25,236.37736188735295,6.910783745913087,0.004142520017921925,0.026134795210715822
0,1980-11-26,237.3788330869224,6.888583822243773,0.00423674751073122,-0.022199923669314003
0,1980-11-28,239.34206416838407,6.982119434739312,0.00827045552432537,0.09353561249553888
0,1980-12-01,238.15224798129685,7.021843389041713,-0.004971195477992296,0.039723954302401054
0,1980-12-02,240.36760153055795,7.0561981799255395,0.009302257560193539,0.034354790883826425
0,1980-12-03,241.52369880347538,6.960065147341439,0.004809705074876547,-0.09613303258410077
0,1980-12-04,244.67713675334724,6.941914522097564,0.013056432828307152,-0.018150625243874785
0,1980-12-05,246.02726601775262,6.9190347289014005,0.005518003366887569,-0.02287979319616351
0,1980-12-08,243.0805765619023,6.892349634124541,-0.011977084912359715,-0.026685094776859763
0,1980-12-09,241.1410832802197,6.88372397693269,-0.007978808134794235,-0.0086256571918506
0,1980-12-10,242.4170769741447,6.824791732069436,0.005291481968015432,-0.058932244863254546
0,1980-12-11,243.36595114651865,6.9848278640274355,0.003914221655577421,0.16003613195799993
0,1980-12-12,241.21391498599007,7.073364984068071,-0.008842798881232738,0.08853712004063574
0,1980-12-15,241.40301225552597,7.17431285470074,0.000783940136898309,0.10094787063266875
0,1980-12-16,241.08410495399406,6.985055009827832,-0.001321057672612369,-0.1892578448729081
0,1980-12-17,244.82827974339554,6.845786860409658,0.015530575066804886,-0.13926814941817423
0,1980-12-18,243.40115577053638,6.777825603195874,-0.005829081404954195,-0.06796125721378399
0,1980-12-19,241.18051378191734,6.637774923245553,-0.009123383089900017,-0.1400506799503205
0,1980-12-22,242.02076276691034,6.603638743709879,0.003483900800347328,-0.034136179535674493
0,1980-12-23,240.11209146780894,6.700519237597705,-0.00788639485836029,0.09688049388782627
0,1980-12-24,237.6441443592217,6.680287661963677,-0.010278312489390373,-0.02023157563402833
0,1980-12-26,238.54646811898428,6.6470206828948575,0.0037969534751027822,-0.03326697906881915
0,1980-12-29,235.72907880289156,6.701636226971446,-0.01181065198034048,0.05461554407658831
0,1980-12-30,238.9770649509388,6.646749846778336,0.01377847045660019,-0.05488638019310965
0,1980-12-31,243.3691752445833,6.593573850495081,0.018378794193267822,-0.05317599628325542
0,1981-01-02,246.17966671812138,6.519485987790368,0.01154826395213604,-0.07408786270471257
0,1981-01-05,250.46243179387685,6.51416435602266,0.01739690825343132,-0.005321631767707835
0,1981-01-06,248.44867728203226,6.544349248249315,-0.008040145970880985,0.030184892226654547
0,1981-01-07,250.3206016301043,6.531566280835176,0.007534450851380825,-0.012782967414138646
0,1981-01-08,249.82714270657848,6.58192664695108,-0.0019713076762855053,0.05036036611590422
0,1981-01-09,251.25342376281884,6.543458525687883,0.005709071643650532,-0.03846812126319765
0,1981-01-12,255.99387897200492,6.539927235059465,0.01886722631752491,-0.003531290628417949
0,1981-01-13,256.9500350130931,6.584359185896077,0.0037350738421082497,0.044431950836612444
0,1981-01-14,255.7871716442806,6.537436352122221,-0.004525640048086643,-0.04692283377385653
0,1981-01-15,256.57841523414106,6.6050343698756215,0.003093366976827383,0.0675980177534008
0,1981-01-16,256.407496745352,6.5686390770720875,-0.0006661452353000641,-0.03639529280353404
0,1981-01-19,259.270831989118,6.487590236449032,0.011167127639055252,-0.08104884062305562
0,1981-01-20,259.2188291383197,6.43221560999201,-0.00020057347137480974,-0.05537462645702185
0,1981-01-21,255.74519022845013,6.424442803892778,-0.013400411233305931,-0.0077728060992319215
0,1981-01-22,257.5138639531599,6.264773167498671,0.006915765348821878,-0.15966963639410725
0,1981-01-23,257.09802296246096,6.233672884803323,-0.0016148295253515244,-0.03110028269534748
0,1981-01-26,255.70906794261526,6.114974651624634,-0.0054024336859583855,-0.118698233178689
0,1981-01-27,255.1113368661366,6.090369165278036,-0.0023375435266643763,-0.02460548634659876
0,1981-01-28,251.90911649325238,6.262606520862811,-0.012552246451377869,0.17223735558477582
0,1981-01-29,247.2978009553714,6.2400667783702835,-0.018305473029613495,-0.022539742492527992
0,1981-01-30,243.7606911365232,6.210086211990889,-0.014303037896752357,-0.02998056637939417
0,1981-02-02,244.34138278737842,6.211903745786104,0.002382220234721899,0.0018175337952150983
0,1981-02-03,244.4573486453387,6.2982258610117166,0.00047460588393732905,0.08632211522561217
0,1981-02-04,245.30682032435234,6.222777049897754,0.0034749279730021954,-0.0754488111139624
0,1981-02-05,245.29908559005844,6.277817754493166,-3.153085708618164e-05,0.055040704595412215
0,1981-02-06,242.56327872426232,6.290152359313936,-0.011152943596243858,0.012334604820769535
0,1981-02-09,241.36003371217254,6.297193333323967,-0.004960540682077408,0.007040974010030787
0,1981-02-10,241.9701201530619,6.330271047290677,0.002527702832594514,0.03307771396671022
0,1981-02-11,241.8577000355607,6.5238353727922265,-0.0004646033048629761,0.19356432550154956
0,1981-02-17,240.83812855198937,6.5469489936287975,-0.004215584136545658,0.02311362083657098
0,1981-02-18,242.5204059510723,6.527331531090914,0.0069850957952439785,-0.019617462537883767
0,1981-02-19,239.68638204336025,6.550870882192805,-0.011685713194310665,0.023539351101891093
0,1981-02-20,235.90446710821837,6.486711208924916,-0.015778597444295883,-0.06415967326788863
0,1981-02-23,238.19994984601107,6.427041406346791,0.009730560705065727,-0.059669802578125264
0,1981-02-24,237.8783888344776,6.378769226475895,-0.0013499625492841005,-0.048272179870895826
0,1981-02-25,236.0197651989706,6.309128166500699,-0.00781333539634943,-0.0696410599751962
0,1981-02-26,235.9720187238111,6.2918647459769454,-0.0002022986300289631,-0.017263420523753403
0,1981-02-27,236.294191933615,6.291993196581875,0.0013653025962412357,0.00012845060492949756
0,1981-03-02,235.71981211076564,6.291382766599223,-0.0024307826533913612,-0.0006104299826521498
0,1981-03-03,239.3757272365112,6.282601487375025,0.015509579330682755,-0.008781279224197469
0,1981-03-04,240.1070772055976,6.287394973008415,0.0030552386306226254,0.004793485633389771
0,1981-03-05,240.08037716518643,6.370301588411812,-0.00011120055569335818,0.08290661540339705
0,1981-03-06,240.73546709149093,6.3916886334362175,0.0027286275289952755,0.02138704502440536
0,1981-03-09,241.86598671667264,6.347968330963459,0.004696107469499111,-0.04372030247275838
0,1981-03-10,245.68544993417493,6.4259607863018084,0.015791650861501694,0.07799245533834931
0,1981-03-11,247.9070836237748,6.3868985824947275,0.009042593650519848,-0.03906220380708092
0,1981-03-12,249.6777320369984,6.414690638183721,0.007142387330532074,0.027792055688993678
0,1981-03-13,251.8798003679674,6.4143300541392945,0.0088196424767375,-0.0003605840444267372
0,1981-03-16,250.38293399582764,6.346765050992021,-0.005942780524492264,-0.06756500314727365
0,1981-03-17,251.9826457151437,6.3932603084035255,0.006389060523360968,0.04649525741150473
0,1981-03-18,249.1377499564467,6.512061644427016,-0.011290046386420727,0.1188013360234903
0,1981-03-19,244.80878762042016,6.58881779465585,-0.017375778406858444,0.07675615022883431
0,1981-03-20,246.13538661759694,6.583891098141704,0.005418919026851654,-0.004926696514146123
0,1981-03-23,249.4156798413739,6.55151447347146,0.013327190652489662,-0.032376624670243714
0,1981-03-24,250.5308009244297,6.534011368165119,0.00447093416005373,-0.017503105306341027
0,1981-03-25,251.61848059989345,6.515771726168567,0.00434150081127882,-0.018239641996552258
0,1981-03-26,252.35324490654259,6.50915182566681,0.002920152386650443,-0.006619900501757314
0,1981-03-27,252.2389814837086,6.528957030454219,-0.0004527915734797716,0.019805204787409103
0,1981-03-30,252.70701051345353,6.468802789493458,0.0018554984126240015,-0.0601542409607605
0,1981-03-31,251.89489095963853,6.496105298131582,-0.003213680349290371,0.027302508638123335
0,1981-04-01,252.29809212354573,6.487460033525372,0.0016006722580641508,-0.008645264606209402
0,1981-04-02,250.3961894192725,6.445288646839937,-0.007538315840065479,-0.04217138668543541
0,1981-04-03,253.88972919711654,6.403572502113066,0.013952048495411873,-0.041716144726870574
0,1981-04-06,255.04246650716019,6.346265367520967,0.004540306981652975,-0.05730713459209902
