path_id,Date,sp500_abs,DGS10_abs,sp500,DGS10
0,1996-05-07,716.4468938539567,8.08286509531201,-0.005085611715912819,0.0043439582505513386
0,1996-05-08,729.4542922656289,8.033783679932675,0.018155425786972046,-0.049081415379335525
0,1996-05-09,735.8023748859017,8.024097551712591,0.008702509105205536,-0.009686128220083745
0,1996-05-10,741.5076247064119,7.921526123843336,0.007753780111670494,-0.10257142786925577
0,1996-05-13,746.4487970541455,7.947202018692098,0.0066636838018894196,0.02567589484876276
0,1996-05-14,744.0992513686396,7.986613593441919,-0.0031476314179599285,0.03941157474982049
0,1996-05-15,736.9223163021813,8.002191816309862,-0.009645131416618824,0.015578222867943303
0,1996-05-16,740.5772962639436,7.986816156712693,0.004959790036082268,-0.015375659597169467
0,1996-05-17,738.6864802617257,7.996162082213845,-0.0025531649589538574,0.009345925501151875
0,1996-05-20,740.4679810015133,8.005118648402389,0.0024117142893373966,0.008956566188544457
0,1996-05-21,744.914274582866,7.966171356065707,0.006004707422107458,-0.03894729233668226
0,1996-05-22,748.133468939861,7.821976876654906,0.004321563523262739,-0.14419447941080055
0,1996-05-23,747.8097935409484,7.871875917436401,-0.0004326439229771495,0.04989904078149454
0,1996-05-24,751.8536164988199,7.851671796530868,0.005407555494457483,-0.020204120905532363
0,1996-05-28,751.2504351976966,7.833782662098064,-0.0008022589609026909,-0.01788913443280471
0,1996-05-29,761.6707677245927,7.820420869343527,0.01387065090239048,-0.013361792754536417
0,1996-05-30,756.5338038891105,7.748608992084991,-0.00674433633685112,-0.07181187725853633
0,1996-05-31,759.7565694297609,7.7392983069142804,0.004259909503161907,-0.009310685170710542
0,1996-06-03,753.1268863077019,7.766100590662389,-0.008726062253117561,0.026802283748108557
0,1996-06-04,749.8742732764752,7.872073371428301,-0.0043188114650547504,0.10597278076591188
0,1996-06-05,743.4789280379231,7.848493348378231,-0.008528556674718857,-0.02358002305007023
0,1996-06-06,752.1982134061284,7.880289641998283,0.011727683246135712,0.03179629362005265
0,1996-06-07,754.6625116270098,7.843177227177564,0.00327612878754735,-0.037112414820719586
0,1996-06-10,759.4330102308423,7.829470374516569,0.006321366876363754,-0.013706852660995139
0,1996-06-11,767.4072908394822,7.810466320550885,0.010500308126211166,-0.019004053965683276
0,1996-06-12,760.2089070402957,7.738106152979535,-0.009380134753882885,-0.07236016757135033
0,1996-06-13,757.8586655192213,7.6153164759369885,-0.0030915732495486736,-0.12278967704254651
0,1996-06-14,760.7859258150182,7.6849365328526,0.0038625411689281464,0.06962005691561135
0,1996-06-17,753.0894896690023,7.664145700213731,-0.010116428136825562,-0.020790832638868828
0,1996-06-18,760.5856610089093,7.55402154909078,0.009953891858458519,-0.11012415112295137
0,1996-06-19,769.5800702050622,7.378304523110019,0.01182563602924347,-0.17571702598076033
0,1996-06-20,773.0293278251627,7.556326460184806,0.004481999669224024,0.17802193707478686
0,1996-06-21,761.8615661644507,7.636052081702833,-0.014446750283241272,0.07972562151802709
0,1996-06-24,767.4525345404752,7.64036870271888,0.007338562048971653,0.0043166210160467955
0,1996-06-25,774.0114457636007,7.527755182737383,0.008546341210603714,-0.1126135199814966
0,1996-06-26,784.2845419737101,7.537755768787695,0.013272537849843502,0.010000586050311178
0,1996-06-27,775.1415391755027,7.639392744329229,-0.011657762341201305,0.10163697554153472
0,1996-06-28,772.7797878259311,7.548582894121962,-0.0030468646436929703,-0.0908098502072674
0,1996-07-01,782.9960453591993,7.660108170552793,0.01322014071047306,0.11152527643083143
0,1996-07-02,765.8350098680029,7.713492951025275,-0.02191714197397232,0.05338478047248163
0,1996-07-03,771.5788792995447,7.726114166573963,0.007500139530748129,0.012621215548688447
0,1996-07-05,775.7691349554235,7.725342012510626,0.005430754739791155,-0.0007721540633376378
0,1996-07-08,777.2369457681868,7.576371102636332,0.001892071682959795,-0.1489709098742935
0,1996-07-09,785.0367890944285,7.513810059856307,0.010035348124802113,-0.06256104278002539
0,1996-07-10,790.4490932651609,7.756402321288157,0.006894331891089678,0.24259226143185053
0,1996-07-11,774.9333902921803,7.81872971463895,-0.019628971815109253,0.062327393350792626
0,1996-07-12,785.0514898839416,7.869591389790866,0.013056734576821327,0.050861675151915975
0,1996-07-15,777.695651660514,7.706432528940545,-0.009369879961013794,-0.16315886085032094
0,1996-07-16,795.3319330090551,7.711891036551749,0.02267761342227459,0.0054585076112037
0,1996-07-17,788.6473451646981,7.701614197236989,-0.008404777385294437,-0.010276839314760089
0,1996-07-18,786.6681249253193,7.676626441456008,-0.0025096391327679157,-0.024987755780980336
0,1996-07-19,786.527832998646,7.5945338726858855,-0.0001783368643373251,-0.08209256877012283
0,1996-07-22,791.401695033639,7.533354802600462,0.006196680944412947,-0.06117907008542378
0,1996-07-23,793.6499235082248,7.542381324875632,0.0028408183716237545,0.009026522275170201
0,1996-07-24,784.1370540670023,7.56383831445233,-0.01198622863739729,0.021456989576697616
0,1996-07-25,783.9450252907695,7.5149834147640275,-0.0002448918530717492,-0.048854899688302034
0,1996-07-26,790.3485691885603,7.63325818088249,0.008168358355760574,0.11827476611846244
0,1996-07-29,785.5732464041043,7.680775611993297,-0.006042046472430229,0.04751743111080664
0,1996-07-30,785.9620016710214,7.571362466180351,0.0004948682617396116,-0.1094131458129457
0,1996-07-31,792.4540928465614,7.546961204926163,0.008260057307779789,-0.024401261254188178
0,1996-08-01,793.0786934974733,7.452821435906572,0.0007881852798163891,-0.09413976901959042
0,1996-08-02,793.3262913194975,7.489150103424139,0.0003121983027085662,0.03632866751756669
0,1996-08-05,783.5358425813731,7.651731361845416,-0.012341011315584183,0.1625812584212767
0,1996-08-06,780.9794512314104,7.662196918647366,-0.0032626348547637463,0.010465556801950271
0,1996-08-07,791.4611488123891,7.678745300539803,0.01342122070491314,0.016548381892437014
0,1996-08-08,792.1966972194174,7.691020496699923,0.0009293550392612815,0.012275196160119961
0,1996-08-09,786.076251076286,7.758503724309234,-0.0077259172685444355,0.06748322760931114
0,1996-08-12,785.5542894970333,7.646046815786138,-0.0006640088395215571,-0.11245690852309576
0,1996-08-13,786.8528731177721,7.646415614914989,0.0016530794091522694,0.0003687991288510162
0,1996-08-14,792.9991968059865,7.637284926093392,0.007811274379491806,-0.009130688821596955
0,1996-08-15,799.3518781048828,7.626013345890792,0.008010955527424812,-0.01127158020260044
0,1996-08-16,804.936866950231,7.552014081004149,0.0069868965074419975,-0.07399926488664299
0,1996-08-19,808.1708786481296,7.545692548207619,0.004017720930278301,-0.006321532796530249
0,1996-08-20,802.2308598766714,7.553413438505046,-0.0073499539867043495,0.007720890297427729
0,1996-08-21,804.9849343462224,7.565061090222339,0.0034330198541283607,0.01164765171729254
0,1996-08-22,809.9048148185786,7.57183101160831,0.006111767143011093,0.0067699213859713225
0,1996-08-23,811.2282927111258,7.543648362752706,0.0016341153532266617,-0.028182648855604064
0,1996-08-26,813.192411111683,7.503271945320976,0.0024211660493165255,-0.04037641743173026
0,1996-08-27,802.0602981948781,7.535385935001626,-0.013689395971596241,0.03211398968065016
0,1996-08-28,797.1832160476315,7.619358558063819,-0.006080692633986473,0.08397262306219311
0,1996-08-29,800.605800781808,7.635406353494675,0.004293347708880901,0.01604779543085577
0,1996-08-30,800.9624898788092,7.5834088112771445,0.00044552399776875973,-0.0519975422175305
0,1996-09-03,803.0874289607694,7.584450744540035,0.0026529820170253515,0.0010419332628908151
0,1996-09-04,797.2723623013017,7.529747262421529,-0.00724088866263628,-0.05470348211850595
0,1996-09-05,805.756277288122,7.467152042371501,0.01064117532223463,-0.06259522005002793
0,1996-09-06,808.9716167588526,7.437196088961766,0.0039904615841805935,-0.029955953409735336
0,1996-09-09,809.1951856311885,7.4553653531456785,0.00027636182494461536,0.018169264183912404
0,1996-09-10,806.3261060155173,7.383230399784735,-0.003545596497133374,-0.07213495336094322
0,1996-09-11,808.912183617843,7.364623473850355,0.003207235364243388,-0.01860692593437996
0,1996-09-12,807.8857682263449,7.350180290392482,-0.001268883584998548,-0.014443183457872877
0,1996-09-13,807.6567328421185,7.347757879243405,-0.00028349971398711205,-0.002422411149077597
0,1996-09-16,809.8725280358981,7.248876801276147,0.002743486315011978,-0.09888107796725798
0,1996-09-17,807.5263907277625,7.269287710164667,-0.0028969217091798782,0.02041090888852004
0,1996-09-18,805.6866503541993,7.320971155333749,-0.0022782417945563793,0.05168344516908174
0,1996-09-19,801.4539197645272,7.417732186100351,-0.005253569222986698,0.09676103076660247
0,1996-09-20,794.1493970722387,7.378805572778446,-0.009114089421927929,-0.03892661332190528
0,1996-09-23,803.1479137955008,7.328226247044887,0.011331012472510338,-0.050579325733559166
0,1996-09-24,802.3228552593444,7.296266403290843,-0.001027280930429697,-0.03195984375404404
0,1996-09-25,802.392798730491,7.3913504059216315,8.717621676623821e-05,0.09508400263078887
0,1996-09-26,800.9477944058453,7.3864376252119355,-0.0018008690094575286,-0.00491278070969603
0,1996-09-27,798.6542026046578,7.412957001335839,-0.002863597124814987,0.026519376123903093
0,1996-09-30,795.0758333740145,7.432966331289851,-0.004480498842895031,0.0200093299540125
0,1996-10-01,806.9664590484184,7.412366285948717,0.014955335296690464,-0.020600045341134354
0,1996-10-02,804.3536865539797,7.439480617526665,-0.0032377708703279495,0.027114331577948292
0,1996-10-03,795.9874740474507,7.490350295374583,-0.010401161387562752,0.05086967784791785
0,1996-10-04,787.5357462763739,7.455329861051701,-0.010617915540933609,-0.03502043432288193
0,1996-10-07,801.5017368691065,7.4487898642852715,0.01773378625512123,-0.006539996766429468
0,1996-10-08,795.7593611025128,7.506816677909911,-0.007164520677179098,0.05802681362463957
0,1996-10-09,789.2124724445222,7.532078699532675,-0.008227221667766571,0.025262021622763697
0,1996-10-10,793.5996010895195,7.5838276066651416,0.005558868870139122,0.051748907132466826
0,1996-10-11,793.4143567177601,7.614155892231628,-0.00023342296481132507,0.030328285566486812
0,1996-10-16,795.5466514082626,7.63770963335228,0.0026874919421970844,0.023553741120651672
0,1996-10-17,799.3296532777937,7.658319779521789,0.004755223169922829,0.02061014616950896
0,1996-10-18,784.5097564988735,7.677638911994001,-0.018540406599640846,0.019319132472212175
0,1996-10-21,782.6869682655862,7.6809565815655665,-0.002323474269360304,0.003317669571565318
0,1996-10-22,782.7535615840147,7.690935224896984,8.50829528644681e-05,0.009978643331417736
0,1996-10-23,777.0895472176849,7.6759994610914575,-0.007236012257635593,-0.014935763805526747
0,1996-10-24,780.8031900060373,7.578147202175536,0.004778912290930748,-0.0978522589159212
0,1996-10-25,785.4831181765559,7.604083327215456,0.0059937359765172005,0.02593612503991949
0,1996-10-28,783.5687374944778,7.553877337171158,-0.0024372015614062548,-0.050205990044298154
0,1996-10-29,789.5726755180553,7.590390723630579,0.0076622990891337395,0.03651338645942115
0,1996-10-30,778.5241397304206,7.583185094235768,-0.013993057422339916,-0.007205629394810842
0,1996-10-31,781.6508150904612,7.604165178272426,0.004016157239675522,0.020980084036658297
0,1996-11-01,766.7449819810639,7.60933068888662,-0.01906968280673027,0.005165510614193458
0,1996-11-04,777.6468904337343,7.508844743903268,0.014218428172171116,-0.10048594498335195
0,1996-11-05,777.416612181847,7.453185229556267,-0.0002961218706332147,-0.055659514347000894
0,1996-11-06,785.8688013535655,7.46766209886642,0.010872148908674717,0.014476869310152907
0,1996-11-07,790.2404323081604,7.438187630418019,0.005562799982726574,-0.029474468448400515
0,1996-11-08,799.8634806195765,7.337720202448739,0.012177367694675922,-0.10046742796928054
0,1996-11-13,796.3446035204928,7.312780777806277,-0.004399347119033337,-0.02493942464246146
0,1996-11-14,800.1464631880009,7.275379695380038,0.004774138797074556,-0.037401082426239185
0,1996-11-15,799.542907183594,7.206319318556098,-0.0007543069077655673,-0.0690603768239404
0,1996-11-18,795.0890518037164,7.186465978847428,-0.005570502020418644,-0.019853339708669537
0,1996-11-19,796.6356344276202,7.241309969070285,0.0019451690604910254,0.054843990222856576
0,1996-11-20,793.3606914045844,7.26095416188008,-0.0041109672747552395,0.019644192809795236
0,1996-11-21,796.0870227549538,7.219869349505977,0.003436433617025614,-0.041084812374102775
0,1996-11-22,800.1717962046215,7.194707638279429,0.005131063982844353,-0.025161711226548533
0,1996-11-25,804.2579162393808,7.177842530297317,0.0051065534353256226,-0.016865107982111383
0,1996-11-26,802.7903991457398,7.247221047037213,-0.0018246846739202738,0.0693785167398957
0,1996-11-27,806.1592110645503,7.260565431847622,0.00419637793675065,0.013344384810409338
0,1996-11-29,803.9777933231437,7.287060912052907,-0.0027059391140937805,0.026495480205285027
0,1996-12-02,805.1099372658445,7.232668886887018,0.0014081781264394522,-0.054392025165888924
0,1996-12-03,802.948396888497,7.165393361299204,-0.002684776671230793,-0.06727552558781458
0,1996-12-04,801.190280594731,7.160159917433703,-0.0021895756945014,-0.005233443865500398
0,1996-12-05,801.8170993817289,7.181955538167953,0.0007823594496585429,0.021795620734249788
0,1996-12-06,798.4032079927694,7.178419472681405,-0.00425769342109561,-0.0035360654865481678
0,1996-12-09,799.4100106552827,7.455840455031848,0.0012610203120857477,0.277420982350443
0,1996-12-10,788.020799680466,7.631601476378849,-0.014247020706534386,0.1757610213470011
0,1996-12-11,788.6259312397066,7.6079067907177835,0.000767913181334734,-0.023694685661065584
0,1996-12-12,797.9322919302618,7.6762102479489736,0.011800728738307953,0.06830345723119002
0,1996-12-13,787.0966545169233,7.615035862299924,-0.013579645194113255,-0.06117438564904987
0,1996-12-16,805.9563538057762,7.656219152518235,0.02396109700202942,0.04118329021831091
0,1996-12-17,796.4603524927224,7.540257992349166,-0.011782277375459671,-0.11596116016906866
0,1996-12-18,819.4380128972979,7.429373118781687,0.02884972281754017,-0.11088487356747923
0,1996-12-19,820.3342614941179,7.489375771223412,0.0010937356855720282,0.060002652441725424
0,1996-12-20,816.9953797453926,7.692247654673259,-0.00407014787197113,0.20287188344984664
0,1996-12-23,799.7755197527362,7.726907723076015,-0.02107705920934677,0.03466006840275604
0,1996-12-24,806.7105450795356,7.786228515560365,0.008671214804053307,0.059320792484350626
0,1996-12-26,801.905090605971,7.617053941262623,-0.0059568509459495544,-0.16917457429774263
0,1996-12-27,814.7543734217438,7.5190719660730005,0.01602344587445259,-0.09798197518962226
0,1996-12-30,807.8438022236883,7.4782897340875,-0.008481784723699093,-0.04078223198550024
0,1996-12-31,810.3527846150681,7.496946182830064,0.0031057766173034906,0.018656448742564002
0,1997-01-02,805.4763730954126,7.586892593166097,-0.006017640233039856,0.08994641033603301
0,1997-01-03,792.4847695673766,7.685420243586694,-0.01612909324467182,0.0985276504205963
0,1997-01-06,787.7683632301954,7.700265388340927,-0.0059514157474040985,0.014845144754233708
0,1997-01-07,793.0492720342058,7.659626200757399,0.006703631486743689,-0.040639187583527914
0,1997-01-08,785.0689870656747,7.703439203056432,-0.01006278581917286,0.04381300229903218
0,1997-01-09,772.1568812342038,7.955672758871133,-0.016447097063064575,0.2522335558147013
0,1997-01-10,759.4539476978995,7.789508074790223,-0.016451233997941017,-0.16616468408091034
0,1997-01-13,772.4496288078858,7.788846895102782,0.017111875116825104,-0.0006611796874409492
0,1997-01-14,765.4553946867588,7.611631950330169,-0.009054615162312984,-0.17721494477261235
0,1997-01-15,773.6509903563959,7.51835987319157,0.010706823319196701,-0.09327207713859931
0,1997-01-16,775.0672413295094,7.727824601307401,0.0018306070705875754,0.20946472811583128
0,1997-01-17,773.085471336966,7.72617508470077,-0.0025569007266312838,-0.0016495166066308187
0,1997-01-22,777.5365854201464,7.754820824413296,0.005757596343755722,0.02864573971252593
0,1997-01-23,774.6637483432155,7.864676358736796,-0.0036947934422641993,0.1098555343234997
0,1997-01-24,773.2787923249927,7.812321226156133,-0.0017878157086670399,-0.052355132580663266
0,1997-01-27,774.1319228347002,7.916788443334783,0.0011032638140022755,0.10446721717864982
0,1997-01-28,765.8990906115631,8.03395904833511,-0.010634921491146088,0.11717060500032694
0,1997-01-29,764.0288959470774,7.9658604982397785,-0.0024418290704488754,-0.06809855009533106
0,1997-01-30,765.2860621462936,8.076747846312514,0.0016454432625323534,0.11088734807273593
0,1997-01-31,758.3713671505491,8.194406901615942,-0.009035438299179077,0.11765905530342735
0,1997-02-03,749.750127327512,8.101521967887821,-0.011368097737431526,-0.09288493372812034
0,1997-02-04,768.1424985963129,7.906561024187979,0.02453133463859558,-0.19496094369984274
0,1997-02-05,768.5253244172746,7.906714003596432,0.000498378649353981,0.00015297940845293567
0,1997-02-06,762.4019700485148,7.889006722422769,-0.007967667654156685,-0.017707281173662714
0,1997-02-07,764.7423251197871,7.877252632998754,0.003069712780416012,-0.01175408942401468
0,1997-02-10,767.9904428677436,7.801324349211671,0.004247336182743311,-0.07592828378708294
0,1997-02-11,775.2390547128268,7.749769996028376,0.009438414126634598,-0.051554353183295376
0,1997-02-12,770.5251090671092,7.862790820230453,-0.006080634891986847,0.11302082420207693
0,1997-02-13,769.3428926294821,8.076118547821336,-0.0015342996921390295,0.21332772759088314
0,1997-02-14,769.5194301344744,8.052114212697024,0.0002294653095304966,-0.024004335124311993
0,1997-02-18,770.276867337441,8.083731715998175,0.0009842989966273308,0.03161750330115076
0,1997-02-19,768.1761024114309,7.996064093288563,-0.0027272854931652546,-0.08766762270961159
0,1997-02-20,769.4622822412621,8.089309089777531,0.0016743293963372707,0.09324499648896811
0,1997-02-21,772.7297897372393,8.082010415018827,0.004246481694281101,-0.007298674758704493
0,1997-02-24,774.6431241060233,8.166194332494397,0.0024760717060416937,0.08418391747557052
0,1997-02-25,766.7763463074368,8.167184810458952,-0.010155357420444489,0.00099047796455487
0,1997-02-26,764.4013674768689,8.12392270364399,-0.003097355365753174,-0.043262106814962564
0,1997-02-27,770.9422796507943,8.06927589474742,0.008556907996535301,-0.054646808896569254
0,1997-02-28,763.9518043200018,8.192047045482099,-0.009067443199455738,0.12277115073467826
0,1997-03-03,752.9810541307936,8.2413550666732,-0.014360526576638222,0.049308021191102114
0,1997-03-04,756.8119002724844,8.30443958552558,0.005087573081254959,0.06308451885237965
0,1997-03-05,743.5601008775287,8.461579926576142,-0.017510030418634415,0.15714034105056207
0,1997-03-06,736.2843443409935,8.476990468393018,-0.009785028174519539,0.015410541816875067
0,1997-03-07,741.8785924150627,8.632697592124083,0.007597945164889097,0.15570712373106588
0,1997-03-10,733.798284283623,8.548871500992906,-0.010891685262322426,-0.08382609113117745
0,1997-03-11,743.6137145797263,8.497254463642992,0.013376196846365929,-0.05161703734991363
0,1997-03-12,745.5435864046719,8.25476256857745,0.0025952612049877644,-0.2424918950655428
0,1997-03-13,765.0326045116914,8.192759803050361,0.02614068239927292,-0.0620027655270885
0,1997-03-14,759.1953908603795,8.192353922367815,-0.007630019448697567,-0.00040588068254621135
0,1997-03-17,770.0721851701035,8.12948195108509,0.014326739124953747,-0.06287197128272481
0,1997-03-18,777.976434085237,8.187158596080874,0.01026429608464241,0.05767664499578373
0,1997-03-19,780.4403677919654,8.205165568657868,0.0031671058386564255,0.018006972576994684
0,1997-03-20,783.5252759916167,8.16055715243564,0.003952778875827789,-0.04460841622222844
0,1997-03-21,784.2164737777669,8.10068527575049,0.0008821639930829406,-0.05987187668515048
0,1997-03-24,783.0509317046699,8.01774933430495,-0.0014862504322081804,-0.08293594144553929
0,1997-03-25,789.2142840948868,8.004178382900912,0.007870947010815144,-0.013570951404037856
0,1997-03-26,790.3941235060872,8.00641781342318,0.0014949544565752149,0.002239430522267938
0,1997-03-27,790.0002384990004,8.043228228197115,-0.0004983399994671345,0.03681041477393521
0,1997-03-31,789.2679575145949,8.060068797548832,-0.0009269376751035452,0.016840569351716184
0,1997-04-01,795.4512330514907,8.08018152724689,0.007834190502762794,0.020112729698057663
0,1997-04-02,789.1855802552947,8.177305194854133,-0.007876853458583355,0.097123667607244
0,1997-04-03,789.1120972391093,8.19065479080149,-9.311246685683727e-05,0.013349595947357074
0,1997-04-04,794.1078520234612,8.174593002919027,0.006330855656415224,-0.01606178788246382
0,1997-04-07,780.7390046280727,8.27038454464414,-0.016835052520036697,0.09579154172511295
0,1997-04-08,787.1308833651563,8.248098975164657,0.00818695966154337,-0.022285569479482348
0,1997-04-09,790.941087685521,8.193805874615967,0.004840623587369919,-0.05429310054869063
0,1997-04-10,796.3434892212058,8.200909687452285,0.006830346304923296,0.007103812836318113
0,1997-04-11,790.2447295129774,8.197676568421254,-0.007658453658223152,-0.003233119031030185
0,1997-04-14,797.0767329607128,8.174717025184243,0.008645427413284779,-0.022959543237011104
0,1997-04-15,798.073125065032,8.185386806230973,0.0012500579468905926,0.010669781046729554
0,1997-04-16,799.5221122755,8.215454786922722,0.0018156070727854967,0.030067980691748986
0,1997-04-17,804.7893001851116,8.215065116757689,0.006587920244783163,-0.0003896701650329959
0,1997-04-18,806.7609180059711,8.195564923188616,0.0024498559068888426,-0.01950019356907262
0,1997-04-21,811.2376656103331,8.195761059912392,0.005549038760364056,0.00019613672377616354
0,1997-04-22,810.2973269010378,8.135595156740697,-0.0011591408401727676,-0.060165903171695234
0,1997-04-23,811.765064244467,8.339884929596241,0.0018113565165549517,0.20428977285554417
0,1997-04-24,806.0238800580644,8.273794722983459,-0.007072470150887966,-0.06609020661278286
0,1997-04-25,819.2352026069343,8.314039244371433,0.016390733420848846,0.040244521387974075
0,1997-04-28,816.4260507923983,8.182386566880732,-0.003428993048146367,-0.13165267749070075
0,1997-04-29,826.1787860688055,8.252135015479206,0.01194564439356327,0.06974844859847451
0,1997-04-30,828.2797720265845,8.355372062425413,0.002543016104027629,0.10323704694620695
0,1997-05-01,827.5229545010618,8.370610350098989,-0.0009137220913544297,0.015238287673575712
0,1997-05-02,828.0344555361538,8.392519056716594,0.0006181109929457307,0.021908706617605134
0,1997-05-05,829.0181444391465,8.300051157218691,0.0011879806406795979,-0.0924678994979029
0,1997-05-06,830.5862695817863,8.249429142136611,0.00189154502004385,-0.050622015082080196
0,1997-05-07,837.69524487633,8.270699692679784,0.008558984845876694,0.021270550543173172
0,1997-05-08,827.6188899476946,8.262884457056682,-0.012028664350509644,-0.007815235623102268
0,1997-05-09,834.8726534308871,8.298617242046989,0.008764618076384068,0.035732784990306854
0,1997-05-12,819.4147544469388,8.344348080633004,-0.01851527765393257,0.045730838586015565
0,1997-05-13,815.729982121681,8.326094698655927,-0.0044968342408537865,-0.018253381977077154
0,1997-05-14,817.640126326079,8.375911323805974,0.0023416378535330296,0.049816625150047145
0,1997-05-15,816.1286424127765,8.360832907883685,-0.001848593121394515,-0.015078415922289423
0,1997-05-16,811.0387579970512,8.345012487344851,-0.006236620247364044,-0.0158204205388337
0,1997-05-19,807.7041823477009,8.297421091929548,-0.004111487418413162,-0.047591395415302884
0,1997-05-20,812.1235260851191,8.247437604559536,0.005471487995237112,-0.049983487370012014
0,1997-05-21,818.4889771961089,8.236411241637661,0.007838033139705658,-0.011026362921874977
0,1997-05-22,820.0755439272548,8.160399179959724,0.0019384094048291445,-0.07601206167793784
0,1997-05-23,828.0053647817244,8.113306412666212,0.009669622406363487,-0.04709276729351153
0,1997-05-27,818.1798525032897,8.138014877640154,-0.011866483837366104,0.024708464973942412
0,1997-05-28,817.5699591668663,8.16444348465902,-0.0007454269798472524,0.0264286070188664
0,1997-05-29,818.5848771129213,8.408624082692157,0.001241383608430624,0.24418059803313596
0,1997-05-30,802.4089358516034,8.452755216304524,-0.01976086013019085,0.044131133612367535
0,1997-06-02,810.0209390391213,8.331136429796421,0.00948643870651722,-0.12161878650810287
0,1997-06-03,821.3367306773537,8.157601373898634,0.013969752006232738,-0.17353505589778706
0,1997-06-04,830.1366732315536,8.041637885824006,0.010714171454310417,-0.11596348807462853
0,1997-06-05,832.8912805813402,7.987082518908385,0.0033182576298713684,-0.05455536691562113
0,1997-06-06,836.6525671246952,8.024618383471735,0.004515939392149448,0.0375358645633499
0,1997-06-09,830.5071009350212,8.045429971689687,-0.0073453024961054325,0.020811588217952703
0,1997-06-10,841.6694550628441,8.004662908955922,0.013440407812595367,-0.04076706273376551
0,1997-06-11,854.6163432667144,7.904526207937438,0.015382390469312668,-0.10013670101848415
0,1997-06-12,851.3707654467223,7.954859672060519,-0.003797701559960842,0.050333464123081484
0,1997-06-13,854.5290338919834,7.8535781764478765,0.0037096275482326746,-0.10128149561264266
0,1997-06-16,859.7516598592787,7.7880198264489575,0.0061117010191082954,-0.06555834999891896
0,1997-06-17,852.27034541276,7.738538289814751,-0.008701715618371964,-0.04948153663420651
0,1997-06-18,856.5794943963341,7.800736509433182,0.005056082271039486,0.062198219618431416
0,1997-06-19,860.6181995415819,7.703448864927317,0.004714921582490206,-0.09728764450586525
0,1997-06-20,866.6870451688666,7.8557733644109975,0.0070517282001674175,0.15232449948368032
0,1997-06-23,867.5244472419671,7.797931551129432,0.0009662104421295226,-0.05784181328156546
0,1997-06-24,877.5215777729545,7.757633233158558,0.011523745022714138,-0.040298317970874464
0,1997-06-25,880.0205512636943,7.738835800805752,0.0028477630112320185,-0.018797432352805288
0,1997-06-26,878.872928111261,7.66443688215135,-0.0013040867634117603,-0.07439891865440185
0,1997-06-27,881.966656813165,7.667881382950386,0.003520109225064516,0.003444500799035133
0,1997-06-30,883.0277703745327,7.707176275834296,0.0012031220830976963,0.03929489288391075
0,1997-07-01,884.4711781475334,7.717650960933774,0.0016346119809895754,0.01047468509947791
0,1997-07-02,890.9610227867637,7.728419237476942,0.007337542250752449,0.010768276543167588
0,1997-07-03,892.7577882954286,7.698659819419812,0.0020166600588709116,-0.029759418057129672
0,1997-07-07,892.5782559354121,7.720391154788483,-0.00020109862089157104,0.021731335368670557
0,1997-07-08,890.7042803718945,7.683232532401252,-0.0020995084196329117,-0.037158622387230444
0,1997-07-09,886.1199126812535,7.695174783373486,-0.0051469020545482635,0.011942250972233559
0,1997-07-10,881.7510784113999,7.720121855786232,-0.004930296912789345,0.024947072412746074
0,1997-07-11,880.1326424701205,7.686139476857985,-0.0018354794010519981,-0.03398237892824696
0,1997-07-14,871.8971513715142,7.702374987020407,-0.00935710221529007,0.01623551016242164
0,1997-07-15,865.2042412623935,7.686113342239461,-0.007676261011511087,-0.01626164478094516
0,1997-07-16,877.6383534927211,7.575990073509714,0.014371302910149097,-0.11012326872974754
0,1997-07-17,876.7085004285832,7.687632266023186,-0.0010594945633783937,0.11164219251347252
0,1997-07-18,859.9188336652487,7.768254441658349,-0.01915079727768898,0.08062217563516239
0,1997-07-21,862.5625460127065,7.69910432898765,0.003074374282732606,-0.06915011267069904
0,1997-07-22,857.911218682542,7.7386936691840535,-0.005392452236264944,0.03958934019640381
0,1997-07-23,859.7423563333123,7.7640396299384475,0.0021344139240682125,0.025345960754393992
0,1997-07-24,861.1732443391893,7.7303543599456725,0.0016643218696117401,-0.03368526999277499
0,1997-07-25,865.0097464194052,7.714119594917984,0.004454971291124821,-0.01623476502768817
0,1997-07-28,861.106950220179,7.785698641384654,-0.004511852283030748,0.07157904646666946
0,1997-07-29,864.757612764448,7.748568198154748,0.004239499568939209,-0.03713044322990555
0,1997-07-30,862.5354514612558,7.775114236367444,-0.002569692675024271,0.026546038212695855
0,1997-07-31,863.5997615387802,7.733957057122219,0.0012339319800958037,-0.041157179245224995
0,1997-08-01,872.9082056838885,7.673185242309188,0.010778655298054218,-0.06077181481303118
0,1997-08-04,874.7923461558253,7.6919160332137535,0.002158463466912508,0.01873079090456553
0,1997-08-05,864.3491426630508,7.733614837607879,-0.011937922798097134,0.041698804394125766
0,1997-08-06,866.2824665317994,7.717593225174565,0.0022367394994944334,-0.016021612433314125
0,1997-08-07,865.0935612362624,7.695018412622876,-0.0013724222080782056,-0.022574812551689583
0,1997-08-08,863.268400134727,7.690387494589156,-0.002109784632921219,-0.004630918033719844
0,1997-08-11,862.1088362261411,7.625552636128797,-0.0013432252453640103,-0.06483485846035908
0,1997-08-12,858.6280546293494,7.567471075214241,-0.004037519916892052,-0.0580815609145553
0,1997-08-13,863.7929798027939,7.530102808966328,0.006015323102474213,-0.03736826624791334
0,1997-08-14,852.5764152458559,7.59331384092286,-0.012985246255993843,0.06321103195653244
0,1997-08-15,847.3649866429835,7.47398970541173,-0.006112564820796251,-0.11932413551113008
0,1997-08-18,861.9691183162126,7.381105369607034,0.017234759405255318,-0.09288433580469668
0,1997-08-19,857.8962059530913,7.326518770112469,-0.00472512561827898,-0.05458659949456468
0,1997-08-20,855.1497041417123,7.85760276918632,-0.003201438346877694,0.531083999073851
0,1997-08-21,822.2638437900612,7.847597943048177,-0.0384562611579895,-0.01000482613814313
0,1997-08-22,840.6123652535899,7.701675843091791,0.022314639762043953,-0.14592209995638594
0,1997-08-25,844.5482186473514,7.696748381266113,0.004682126455008984,-0.004927461825677604
0,1997-08-26,840.3963966426497,7.79700384591645,-0.004916027188301086,0.10025546465033663
0,1997-08-27,831.5378217166576,7.762705155959359,-0.010540948249399662,-0.03429868995709118
0,1997-08-28,845.1488105686241,7.729925584669742,0.016368454322218895,-0.03277957128961706
0,1997-08-29,835.9222434678708,7.804900222918827,-0.010917091742157936,0.07497463824908568
0,1997-09-02,836.4222700759649,7.586980268865573,0.000598173588514328,-0.21791995405325437
0,1997-09-03,849.4611888437296,7.626644499763198,0.015588918700814247,0.03966423089762472
0,1997-09-04,848.3128697625692,7.6156955502286605,-0.0013518205378204584,-0.010948949534537178
0,1997-09-05,850.3200843491396,7.740512213143674,0.002366125350818038,0.12481666291501359
0,1997-09-08,848.7588628107778,7.958397239086811,-0.001836039824411273,0.2178850259431373
0,1997-09-09,844.7288420452811,7.520001651626568,-0.004748133942484856,-0.438395587460243
0,1997-09-10,865.6449987999288,7.465293257500231,0.024760793894529343,-0.054708394126337545
0,1997-09-11,859.3334780326401,7.4899249330332935,-0.007291119080036879,0.02463167553306267
0,1997-09-12,861.6846339318832,7.568053699416636,0.0027360226958990097,0.0781287663833421
0,1997-09-15,853.4025340496586,7.573508331407675,-0.009611520916223526,0.005454631991039349
0,1997-09-16,864.6938441046909,7.421332598462557,0.013230931013822556,-0.15217573294511766
0,1997-09-17,866.8943663696651,7.465188468816882,0.002544857095927,0.04385587035432437
0,1997-09-18,862.7268821652004,7.59550430842402,-0.004807372577488422,0.130315839607138
0,1997-09-19,856.7590023563698,7.443759065234372,-0.006917461287230253,-0.151745243189648
0,1997-09-22,866.7350022068316,7.436006909232286,0.011643880978226662,-0.007752156002085897
0,1997-09-23,866.7236998559816,7.448324983004203,-1.3040145859122276e-05,0.01231807377191707
0,1997-09-24,867.74554158214,7.558440146457074,0.0011789705604314804,0.1101151634528712
0,1997-09-25,857.2918997402863,7.657453165829314,-0.012046897783875465,0.09901301937224005
0,1997-09-26,857.4312771030404,7.463369818043933,0.00016257865354418755,-0.19408334778538094
0,1997-09-29,866.6763172618982,7.433486057401026,0.010782252065837383,-0.029883760642906765
0,1997-09-30,863.785417796963,7.511795083338457,-0.003335616085678339,0.07830902593743083
0,1997-10-01,850.7955042122954,7.514023726707766,-0.015038357116281986,0.002228643369308614
0,1997-10-02,866.3673143327796,7.581039020744368,0.01830264739692211,0.06701529403660178
0,1997-10-03,856.2947346478826,7.503644828840589,-0.011626223102211952,-0.07739419190377905
0,1997-10-06,855.5092996487352,7.581585512839709,-0.0009172484278678894,0.07794068399912035
0,1997-10-07,841.7932334981841,7.661221700221994,-0.016032632440328598,0.07963618738228462
0,1997-10-08,843.9345005333681,7.579796481161879,0.0025436971336603165,-0.08142521906011435
0,1997-10-09,856.9855221292993,7.529713814383827,0.015464495867490768,-0.050082666778052065
0,1997-10-10,856.1030887911965,7.509007980894062,-0.0010296945692971349,-0.020705833489764736
0,1997-10-15,859.6395617711134,7.349722542257392,0.004130896180868149,-0.15928543863667066
0,1997-10-16,878.0330614714933,7.3435285341225,0.021396758034825325,-0.006194008134891682
0,1997-10-17,868.0824126238764,7.160445462253678,-0.011332886293530464,-0.1830830718688219
0,1997-10-20,882.8451535416718,7.23050698642282,0.017006151378154755,0.0700615241691418
0,1997-10-21,868.0604124209985,7.3058259161422,-0.016746697947382927,0.07531892971937992
0,1997-10-22,875.6029612844462,7.222425354575958,0.008688967674970627,-0.08340056156624165
0,1997-10-23,878.8817167056716,7.249901006408435,0.0037445686757564545,0.0274756518324768
0,1997-10-24,869.7646141443139,7.305278271263943,-0.010373526252806187,0.0553772648555082
0,1997-10-27,873.1267556661202,7.5235471503335205,0.003865576349198818,0.21826887906957726
0,1997-10-28,865.8597437976721,7.562970192045436,-0.008322974666953087,0.03942304171191591
0,1997-10-29,869.5514430444531,7.4784118077703345,0.004263622686266899,-0.08455838427510187
0,1997-10-30,872.9095558258987,7.354228129383643,0.003861890872940421,-0.1241836783866912
0,1997-10-31,875.1221591858738,7.346198181725266,0.0025347452610731125,-0.008029947658377168
0,1997-11-03,876.6790194742887,7.234214365763512,0.001779020531103015,-0.11198381596175455
0,1997-11-04,887.3855705693546,7.355846570176165,0.012212623842060566,0.12163220441265299
0,1997-11-05,882.5728917721036,7.4034627480742285,-0.005423435941338539,0.04761617789806394
0,1997-11-06,883.8649833924834,7.5103377739863415,0.001464005559682846,0.10687502591211295
0,1997-11-07,886.8827405898921,7.485125397598086,0.0034142739605158567,-0.025212376388255464
0,1997-11-10,886.3611212318682,7.525242955265653,-0.0005881491815671325,0.04011755766756675
0,1997-11-13,882.4048323787204,7.672131999430251,-0.004463518038392067,0.14688904416459803
0,1997-11-14,877.6505867216465,7.646536443051093,-0.005387828219681978,-0.02559555637915789
0,1997-11-17,881.4713547447572,7.66090266826031,0.004353404510766268,0.014366225209217376
0,1997-11-18,883.9469597278145,7.703570783405221,0.002808491699397564,0.04266811514491042
0,1997-11-19,883.0462449787033,7.754614557815151,-0.0010189692256972194,0.05104377440992991
0,1997-11-20,885.9123997091871,7.75289122381237,0.003245758358389139,-0.0017233340027802413
0,1997-11-21,888.5686903770587,7.782100589237035,0.0029983671847730875,0.02920936542466457
0,1997-11-24,874.7260609725037,8.058625458143306,-0.01557856984436512,0.2765248689062707
0,1997-11-25,858.677774143137,8.092692543346915,-0.018346643075346947,0.03406708520360979
0,1997-11-26,875.8565913075904,7.9973866901199235,0.020006127655506134,-0.09530585322699192
0,1997-11-28,883.6993389013106,8.008624103067806,0.008954374119639397,0.011237412947882497
0,1997-12-01,873.2430546447715,8.0178914699263,-0.011832400225102901,0.009267366858493276
0,1997-12-02,871.5007992914316,7.968119003816641,-0.0019951551221311092,-0.04977246610965835
0,1997-12-03,865.5840157977642,8.01186761077703,-0.0067891888320446014,0.043748606960388514
0,1997-12-04,861.9837755690727,7.99166771066752,-0.004159319214522839,-0.02019990010950945
0,1997-12-05,865.6327767548711,8.053702236058788,0.004233259707689285,0.06203452539126797
0,1997-12-08,861.0862666734134,8.036994589543605,-0.00525223882868886,-0.016707646515182972
0,1997-12-09,866.8377893304494,7.987244516887112,0.006679380312561989,-0.04975007265649278
0,1997-12-10,873.6599511516753,7.9733972646355245,0.007870171219110489,-0.013847252251587783
0,1997-12-11,882.7614701255576,7.945015120753031,0.010417690500617027,-0.02838214388249316
0,1997-12-12,873.6454298698793,8.005666391006907,-0.010326731018722057,0.06065127025387529
0,1997-12-15,874.8911906133784,8.0664625957576,0.00142593402415514,0.060796204750692695
0,1997-12-16,864.0969807954783,8.013317490900631,-0.01233777403831482,-0.05314510485696822
0,1997-12-17,875.7302869205113,7.947145145649054,0.01346296351402998,-0.06617234525157745
0,1997-12-18,866.5196432611756,8.077355846063837,-0.010517671704292297,0.130210700414783
0,1997-12-19,849.1660331256084,8.152312866170892,-0.02002679370343685,0.07495702010705507
0,1997-12-22,851.0978428291817,8.11814912796571,0.00227494933642447,-0.034163738205181815
0,1997-12-23,857.7435515325676,8.087407430653842,0.00780839566141367,-0.03074169731186771
0,1997-12-24,853.4428816875389,8.122730531313012,-0.005013934336602688,0.03532310065916988
0,1997-12-26,850.2224875199582,8.13359263358337,-0.003773414995521307,0.010862102270358776
0,1997-12-29,853.5804781861109,8.094723123898286,0.003949543461203575,-0.03886950968508529
0,1997-12-30,793.0967462016469,8.324305467645013,-0.07085885107517242,0.2295823437467277
0,1997-12-31,797.5642197739942,8.319866956223457,0.005632949061691761,-0.004438511421556157
0,1998-01-02,806.2481079274379,8.332457723103447,0.010888011194765568,0.012590766879990056
0,1998-01-05,809.1048861687291,8.30504163592406,0.0035432991571724415,-0.027416087179387816
0,1998-01-06,805.8473564899565,8.363479615879317,-0.0040260907262563705,0.0584379799552579
0,1998-01-07,799.9818117812215,8.376046491142201,-0.007278729230165482,0.012566875262884025
0,1998-01-08,791.4788318115085,8.372330093427529,-0.010628966614603996,-0.0037163977146725813
0,1998-01-09,789.5033386774295,8.384947376347318,-0.0024959519505500793,0.012617282919789474
0,1998-01-12,781.3637660210428,8.410279665907911,-0.010309738107025623,0.02533228956059297
0,1998-01-13,776.996661753795,8.418134476396284,-0.005589079577475786,0.007854810488373332
0,1998-01-14,770.7265407634338,8.422672354094821,-0.008069688454270363,0.004537877698536974
0,1998-01-15,777.3857276403221,8.417882200027703,0.008640142157673836,-0.004790154067118024
0,1998-01-16,774.2215115958751,8.38962023756889,-0.00407032947987318,-0.028261962458813628
0,1998-01-20,773.8846073058779,8.361157908539777,-0.00043515232391655445,-0.02846232902911261
0,1998-01-21,776.4096720045172,8.286916799938753,0.0032628439366817474,-0.07424110860102395
0,1998-01-22,780.5163431813008,8.319772608826202,0.005289309658110142,0.0328558088874491
0,1998-01-23,780.2299863642655,8.350602652243618,-0.0003668812569230795,0.030830043417415354
0,1998-01-26,791.7741587720733,8.434672940831677,0.014795858412981033,0.08407028858805887
0,1998-01-27,794.7622839236267,8.471703063659506,0.0037739614490419626,0.03703012282782936
0,1998-01-28,797.2479273521554,8.474961195107273,0.0031275306828320026,0.0032581314477670986
0,1998-01-29,805.3704929002334,8.471284262584666,0.010188255459070206,-0.003676932522607146
0,1998-01-30,801.1672872342053,8.439536041625663,-0.005218971520662308,-0.03174822095900254
0,1998-02-02,801.6591480959174,8.42694767892426,0.0006139302859082818,-0.012588362701404066
0,1998-02-03,793.2382980056127,8.414631617565213,-0.010504277423024178,-0.01231606135904606
0,1998-02-04,792.6425354931038,8.427432178810148,-0.0007510511204600334,0.012800561244935338
0,1998-02-05,785.0614814159425,8.44532811117236,-0.009564278647303581,0.017895932362211653
0,1998-02-06,782.8497575648829,8.4303797600125,-0.002817261964082718,-0.014948351159860707
0,1998-02-09,784.0491836614374,8.518840021934565,0.0015321280807256699,0.0884602619220658
0,1998-02-10,778.5850443307455,8.513039828255835,-0.006969128269702196,-0.005800193678730636
0,1998-02-11,777.5316961266172,8.599848586712621,-0.0013529006391763687,0.0868087584567867
0,1998-02-12,768.4218445495928,8.703315552625053,-0.011716373264789581,0.10346696591243187
0,1998-02-13,768.0318824779216,8.73484521279045,-0.0005074843647889793,0.03152966016539693
0,1998-02-17,769.7156760039444,8.718029511574493,0.002192348474636674,-0.016815701215957546
0,1998-02-18,776.9117483516876,8.797051275777203,0.00934900064021349,0.0790217642027109
0,1998-02-19,772.8374267885117,8.831976986938832,-0.005244252737611532,0.03492571116162857
0,1998-02-20,776.7201466007,8.781295213540934,0.005023980047553778,-0.0506817733978977
0,1998-02-23,788.9931287196321,8.712470792613045,0.01580103486776352,-0.06882442092788921
0,1998-02-24,794.7443702972952,8.708327568148176,0.007289343047887087,-0.004143224464868922
0,1998-02-25,790.5923091305318,8.763818958602226,-0.005224398337304592,0.055491390454049494
0,1998-02-26,787.5292635598705,8.831049791542492,-0.0038743680343031883,0.06723083294026644
0,1998-02-27,795.8301221046801,8.831818170451069,0.010540381073951721,0.0007683789085763948
0,1998-03-02,786.3084704598402,8.852525474862484,-0.011964427307248116,0.020707304411414995
0,1998-03-03,797.0705709870508,8.812031655803745,0.013686868362128735,-0.04049381905873872
0,1998-03-04,790.8910130262375,8.832142280457527,-0.007752836681902409,0.020110624653781883
0,1998-03-05,794.3632288938106,8.88550086810405,0.004390258342027664,0.05335858764652279
0,1998-03-06,791.7566567529603,8.908452181139737,-0.0032813353464007378,0.022951313035687093
0,1998-03-09,787.1867820840362,8.975581290074715,-0.005771817173808813,0.06712910893497792
0,1998-03-10,789.6881486209782,8.97037706798056,0.0031776023097336292,-0.005204222094153721
0,1998-03-11,789.6725275695281,8.94210563673044,-1.9781291484832764e-05,-0.028271431250120216
0,1998-03-12,787.7702268987946,9.001942312315908,-0.0024089741054922342,0.05983667558546735
0,1998-03-13,790.1098505720772,8.975951091412837,0.0029699315782636404,-0.025991220903071266
0,1998-03-16,794.8647402645627,8.958233581172928,0.006018010899424553,-0.017717510239908307
0,1998-03-17,794.0570971288741,8.90088545938399,-0.0010160761885344982,-0.05734812178893911
0,1998-03-18,793.5420350038924,8.878787563336996,-0.0006486462079919875,-0.022097896046993526
0,1998-03-19,792.5305682777965,8.804171222063745,-0.001274622743949294,-0.07461634127325034
0,1998-03-20,801.0014460165612,8.786096469427306,0.01068839244544506,-0.018074752636438873
0,1998-03-23,809.098457736502,8.713143559340807,0.01010861061513424,-0.0729529100864994
0,1998-03-24,822.3172974100332,8.674303156966735,0.016337739303708076,-0.03884040237407227
0,1998-03-25,821.3117691608131,8.74517941641721,-0.0012227983679622412,0.07087625945047549
0,1998-03-26,824.5167654955186,8.732713631784046,0.0039022895507514477,-0.01246578463316439
0,1998-03-27,826.3793559484093,8.746562337919972,0.0022590085864067078,0.013848706135926037
0,1998-03-30,835.021551985012,8.73849266998831,0.010457904078066349,-0.00806966793166275
0,1998-03-31,837.2289365034351,8.666252671124584,0.0026435060426592827,-0.07223999886372567
0,1998-04-01,839.9180786241869,8.579887657759054,0.003211955539882183,-0.08636501336552982
0,1998-04-02,843.7986173051573,8.606688260587726,0.004620139487087727,0.026800602828672027
0,1998-04-03,843.2005379177479,8.611689115824793,-0.0007087939884513617,0.005000855237067725
0,1998-04-06,848.3471999106937,8.698078002187028,0.006103722378611565,0.08638888636223463
0,1998-04-07,845.7519685407116,8.732610653597225,-0.003059161826968193,0.034532651410197346
0,1998-04-08,846.3099392882204,8.740285234012106,0.0006597333122044802,0.007674580414880339
0,1998-04-09,849.9401932179791,8.6937337486449,0.004289508797228336,-0.0465514853672051
0,1998-04-13,850.8596813516345,8.70248366598562,0.00108182686381042,0.008749917340718838
0,1998-04-14,845.0505187373536,8.73896203367161,-0.006827403791248798,0.036478367685990776
0,1998-04-15,840.6088694838908,8.699520760558176,-0.005256075412034988,-0.03944127311343415
0,1998-04-16,844.1908887048168,8.700380179397316,0.004261219874024391,0.0008594188391395363
0,1998-04-17,837.7360093917177,8.762411956610066,-0.007646231912076473,0.06203177721275033
0,1998-04-20,828.8717789655334,8.818395843040536,-0.010581173934042454,0.05598388643046981
0,1998-04-21,828.1176662578439,8.856548008966055,-0.0009098062291741371,0.038152165925518844
0,1998-04-22,818.6229840982372,8.885234948662488,-0.011465378105640411,0.0286869396964331
0,1998-04-23,830.5379880743228,8.837756288869315,0.014554934576153755,-0.047478659793172895
0,1998-04-24,830.6963156357499,8.817597846833541,0.00019063253421336412,-0.02015844203577366
0,1998-04-27,835.0047584612408,8.778843272548785,0.005186543799936771,-0.038754574284755705
0,1998-04-28,840.7594451089732,8.790195872512918,0.00689180102199316,0.011352599964132182
0,1998-04-29,836.5137764679247,8.842267984396381,-0.0050498018972575665,0.05207211188346328
0,1998-04-30,829.228175637251,8.905558355839325,-0.008709480985999107,0.06329037144294425
0,1998-05-01,832.7309679243345,8.921045619825259,0.0042241597548127174,0.015487263985933808
0,1998-05-04,828.6570239001894,8.964844675521627,-0.004892269149422646,0.04379905569636833
0,1998-05-05,831.1030929728478,9.001138927401973,0.0029518473893404007,0.03629425188034574
0,1998-05-06,823.2598442813409,8.993936477370195,-0.009437154978513718,-0.00720245003177844
0,1998-05-07,828.2644508052172,8.951563867839042,0.0060790120624005795,-0.04237260953115296
0,1998-05-08,826.686840696922,8.861357225708836,-0.001904717879369855,-0.09020664213020524
0,1998-05-11,829.9543638891092,8.941759493001284,0.003952552564442158,0.08040226729244715
0,1998-05-12,826.716627938184,8.879856136440015,-0.0039011011831462383,-0.06190335656126855
0,1998-05-13,831.8575671888103,8.966572320141413,0.006218502297997475,0.08671618370139811
0,1998-05-14,822.8005165811225,8.93109937515733,-0.010887742042541504,-0.03547294498408249
0,1998-05-15,832.4175604085412,8.958251147331584,0.01168818399310112,0.027151772174253352
0,1998-05-18,824.0850464094158,9.001925042782668,-0.010010017082095146,0.04367389545108402
0,1998-05-19,827.9039657953825,9.029310357157746,0.004634132608771324,0.02738531437507774
0,1998-05-20,811.7786701483087,9.039101080925702,-0.019477253779768944,0.009790723767956422
0,1998-05-21,822.8557369767469,9.09410413322019,0.01364542730152607,0.055003052294487986
0,1998-05-22,806.91016803631,9.224976698457358,-0.019378328695893288,0.1308725652371674
0,1998-05-26,801.7830071341572,9.148440592965178,-0.006354066543281078,-0.07653610549217937
0,1998-05-27,814.2698650482255,9.151202483043177,0.015573862008750439,0.00276189007799843
0,1998-05-28,811.1148893955481,9.150781213319437,-0.003874606918543577,-0.00042126972373957017
0,1998-05-29,815.0026593279841,9.136441497485428,0.0047931186854839325,-0.014339715834008615
0,1998-06-01,818.3835563337828,9.051586475001352,0.004148326348513365,-0.08485502248407606
0,1998-06-02,824.5662421394279,9.10286012400818,0.007554753217846155,0.05127364900682707
0,1998-06-03,818.8093490329686,9.133928211698347,-0.0069817230105400085,0.031068087690167445
0,1998-06-04,826.5718732830054,9.324146879879,0.009480258449912071,0.1902186681806537
0,1998-06-05,812.0135173395857,9.34349140354844,-0.017612934112548828,0.01934452366943873
0,1998-06-08,815.4121058360523,9.23881842861585,0.004185384139418602,-0.10467297493258876
0,1998-06-09,819.5780406052684,9.288227876831835,0.005108993034809828,0.04940944821598414
0,1998-06-10,803.7780692605475,9.435868318960782,-0.019278177991509438,0.14764044212894767
0,1998-06-11,807.9457776800696,9.362028959157632,0.00518514821305871,-0.07383935980315037
0,1998-06-12,806.993393291115,9.536774711046473,-0.0011787726543843746,0.17474575188884067
0,1998-06-15,793.529618175766,9.502980497934963,-0.016683872789144516,-0.03379421311150921
0,1998-06-16,807.0971867873382,9.564737500024997,0.017097746953368187,0.0617570020900331
0,1998-06-17,791.2216540346947,9.525480736486061,-0.0196699146181345,-0.03925676353893515
0,1998-06-18,800.8565707236627,9.457428110139743,0.01217726618051529,-0.06805262634631859
0,1998-06-19,798.5691935713716,9.409193536084613,-0.0028561633080244064,-0.04823457405512954
0,1998-06-22,804.11980712934,9.550544710937373,0.00695069832727313,0.14135117485276005
0,1998-06-23,789.0892432608478,9.58321007942376,-0.01869194582104683,0.032665368486386015
0,1998-06-24,805.5364869563797,9.475332687823592,0.020843325182795525,-0.10787739160016763
0,1998-06-25,800.890254409352,9.478339701416582,-0.005767873488366604,0.0030070135929900488
0,1998-06-26,805.6822770432602,9.444971153576066,0.005983369890600443,-0.03336854784051546
0,1998-06-29,807.5504007830739,9.536372147269455,0.002318685408681631,0.09140099369338905
0,1998-06-30,801.0925423422404,9.548954791671886,-0.007996848784387112,0.012582644402430176
0,1998-07-01,806.6992961401562,9.51879798694073,0.006998884025961161,-0.030156804731156228
0,1998-07-02,813.1185242249945,9.439687464084367,0.007957398891448975,-0.07911052285636266
0,1998-07-06,816.0028352942716,9.384734107567752,0.0035472209565341473,-0.054953356516614704
0,1998-07-07,812.1495771092942,9.436724018566398,-0.004722113721072674,0.05198991099864614
0,1998-07-08,801.1599232886108,9.527465181839714,-0.013531563803553581,0.09074116327331616
0,1998-07-09,800.1671217096449,9.460705930237856,-0.0012392052449285984,-0.0667592516018587
0,1998-07-10,800.4569481740332,9.408908233083894,0.0003622074145823717,-0.051797697153961764
0,1998-07-13,801.7986033489669,9.397688961572616,0.0016761115984991193,-0.011219271511277995
0,1998-07-14,808.9860166003987,9.447531083954598,0.00896411295980215,0.049842122381981824
0,1998-07-15,817.8060874276651,9.519501288439143,0.01090262457728386,0.07197020448454516
0,1998-07-16,815.0253633284117,9.50432131492505,-0.0034002242609858513,-0.015179973514092282
0,1998-07-17,815.7251199257137,9.399574410390237,0.0008585703326389194,-0.10474690453481372
0,1998-07-20,815.704311559586,9.454647484213526,-2.5509041734039783e-05,0.055073073823288965
0,1998-07-21,815.6105445429522,9.506694951386049,-0.0001149522140622139,0.05204746717252284
0,1998-07-22,813.5421782421885,9.655450200655462,-0.0025359729770570993,0.14875524926941353
0,1998-07-23,815.9832878128798,9.59337458331089,0.0030005937442183495,-0.06207561734457201
0,1998-07-24,820.7425234948282,9.49378369883817,0.005832516122609377,-0.09959088447272002
0,1998-07-27,820.1285152704871,9.348574258929617,-0.0007481130887754261,-0.1452094399085535
0,1998-07-28,826.8211792477811,9.28042224286957,0.008160506375133991,-0.06815201606004706
0,1998-07-29,819.1177522160555,9.374435936629366,-0.009316920302808285,0.09401369375979662
0,1998-07-30,822.3134953261862,9.521477365648261,0.0039014453068375587,0.14704142901889483
0,1998-07-31,801.3748226899808,9.508387211273293,-0.025463126599788666,-0.013090154374967966
0,1998-08-03,812.7304803275192,9.284420874104427,0.014170220121741295,-0.22396633716886605
0,1998-08-04,820.4268623166497,9.260662446386805,0.009469783864915371,-0.023758427717622155
0,1998-08-05,814.86135584761,9.341325882176697,-0.006783671677112579,0.08066343578989255
0,1998-08-06,807.9258907340396,9.35724282801822,-0.008511221036314964,0.015916945841523145
0,1998-08-07,816.519139460786,9.359821992897597,0.010636184364557266,0.0025791648793767052
0,1998-08-10,824.3520506693268,9.35179128167419,0.009593052789568901,-0.008030711223407039
0,1998-08-11,825.7690852074187,9.363229569057962,0.0017189676873385906,0.01143828738377195
0,1998-08-12,822.3469866962508,9.349281080850814,-0.004144134931266308,-0.013948488207148557
0,1998-08-13,829.0143105302599,9.309195001838345,0.008107677102088928,-0.04008607901246819
0,1998-08-14,834.5750693355317,9.312501653146352,0.006707675289362669,0.0033066513080068916
0,1998-08-17,831.2166413994934,9.27550937044553,-0.00402411725372076,-0.03699228270082244
0,1998-08-18,832.8576754629264,9.359504662626033,0.001974255545064807,0.08399529218050361
0,1998-08-19,828.7465000514726,9.388835580696192,-0.0049362280406057835,0.029330918070158418
0,1998-08-20,828.21471262434,9.479873114656062,-0.0006416768301278353,0.09103753395987013
0,1998-08-21,824.297057896142,9.548778814147646,-0.0047302404418587685,0.06890569949158376
0,1998-08-24,827.2971393420248,9.456133844756215,0.003639563452452421,-0.09264496939143108
0,1998-08-25,831.4388118210153,9.515370475867588,0.0050062695518136024,0.05923663111137323
0,1998-08-26,824.5356087245029,9.487704945445783,-0.008302719332277775,-0.027665530421804974
0,1998-08-27,827.6702017529389,9.529775463680847,0.0038016466423869133,0.04207051823506447
0,1998-08-28,824.2386087175033,9.594679698278313,-0.004146087449043989,0.0649042345974653
0,1998-08-31,831.0937492189776,9.514281903287172,0.008316936902701855,-0.08039779499114097
0,1998-09-01,831.3769726450884,9.510997610525932,0.0003407839685678482,-0.003284292761239982
0,1998-09-02,827.9283559895755,9.502910523924704,-0.00414807815104723,-0.008087086601227256
0,1998-09-03,828.9516331101938,9.555005978468559,0.0012359488755464554,0.05209545454385456
0,1998-09-04,833.2063718033129,9.569136824512023,0.005132674239575863,0.014130846043464373
0,1998-09-08,830.6937632776209,9.568175207450377,-0.0030155896674841642,-0.0009616170616464359
0,1998-09-09,833.1710614155253,9.536084694837454,0.0029822038486599922,-0.03209051261292295
0,1998-09-10,844.2966727181738,9.49590220380758,0.013353333808481693,-0.04018249102987426
0,1998-09-11,846.0391350406344,9.432079418725264,0.0020638033747673035,-0.06382278508231565
0,1998-09-14,855.6653309131002,9.36157990591549,0.011377955786883831,-0.07049951280977496
0,1998-09-15,857.762372426065,9.363853881924593,0.002450773026794195,0.0022739760091035066
0,1998-09-16,852.8342801746885,9.387337775340272,-0.005745288450270891,0.023483893415679802
0,1998-09-17,862.8534178466575,9.386333733410247,0.011748047545552254,-0.0010040419300256787
0,1998-09-18,861.5077081394201,9.406467278553988,-0.0015596040757372975,0.020133545143741216
0,1998-09-21,865.90927259205,9.540659297679511,0.005109141115099192,0.13419201912552303
0,1998-09-22,853.3930500710172,9.641729868620947,-0.014454427175223827,0.10107057094143634
0,1998-09-23,858.8991656761392,9.586941937256118,0.0064520277082920074,-0.054787931364829845
0,1998-09-24,849.2341563410753,9.6330968971903,-0.011252786964178085,0.04615495993418328
0,1998-09-25,847.8197544871824,9.614083085208707,-0.0016655027866363525,-0.01901381198159413
0,1998-09-28,849.919114310512,9.692664863608561,0.002476186491549015,0.07858177839985458
0,1998-09-29,840.0479641757357,9.698298892306743,-0.011614223010838032,0.005634028698182192
0,1998-09-30,842.8063019346522,9.715008244030674,0.0032835479360073805,0.01670935172393051
0,1998-10-01,841.2936087144789,9.695549547855547,-0.0017948290333151817,-0.019458696175126633
0,1998-10-02,843.476613600966,9.678366783902531,0.0025948192924261093,-0.017182763953016433
0,1998-10-05,851.7237245061798,9.690393802923802,0.009777521714568138,0.012027019021271457
0,1998-10-06,850.5858674802158,9.708121618265121,-0.0013359461445361376,0.01772781534131873
0,1998-10-07,846.3497627365979,9.780306029817831,-0.00498021999374032,0.07218441155271016
0,1998-10-08,846.5401804686936,9.769250779569866,0.00022498704493045807,-0.011055250247965276
0,1998-10-09,855.1103480929262,9.783415466914638,0.010123757645487785,0.014164687344772275
0,1998-10-14,855.4018293577492,9.729510295783898,0.00034086976666003466,-0.053905171130740115
0,1998-10-15,857.138702637894,9.642364266931036,0.002030476462095976,-0.08714602885286205
0,1998-10-16,857.5716296301435,9.637827744124131,0.0005050839390605688,-0.004536522806905197
0,1998-10-19,867.8845215462729,9.487497167201132,0.012025691568851471,-0.15033057692299856
0,1998-10-20,870.5826123982087,9.521562683186454,0.0031088131945580244,0.03406551598532204
0,1998-10-21,864.2291623820329,9.494390876495846,-0.007297928910702467,-0.02717180669060859
0,1998-10-22,871.3149392821961,9.568488361686212,0.008198956027626991,0.07409748519036619
0,1998-10-23,877.6275587962141,9.55817459903713,0.00724493432790041,-0.010313762649081681
0,1998-10-26,882.8060879641753,9.475039499287211,0.005900599993765354,-0.08313509974991895
0,1998-10-27,875.2716656145894,9.569125515907487,-0.00853462889790535,0.09408601662027571
0,1998-10-28,868.2122351003471,9.599915110634955,-0.008065416477620602,0.030789594727467673
0,1998-10-29,875.2735780398888,9.591183854647634,0.00813319906592369,-0.008731255987321163
0,1998-10-30,866.0497211831674,9.645305011578573,-0.010538255795836449,0.05412115693093966
0,1998-11-02,875.3883723578485,9.467678054124015,0.010783042758703232,-0.17762695745455837
0,1998-11-03,885.3841183943574,9.316617116285832,0.011418641544878483,-0.1510609378381833
0,1998-11-04,884.9995391339229,9.26873106156264,-0.00043436430860310793,-0.04788605472319141
0,1998-11-05,884.3377833651297,9.288347184573338,-0.0007477470207959414,0.019616123010697706
0,1998-11-06,871.4556539414477,9.45143765355804,-0.014566978439688683,0.16309046898470214
0,1998-11-09,869.4972697967149,9.540553525693062,-0.002247256226837635,0.08911587213502159
0,1998-11-10,880.0455613994931,9.441422802401929,0.012131483294069767,-0.09913072329113248
0,1998-11-13,879.2379088544267,9.43445482716733,-0.0009177394676953554,-0.006967975234598356
0,1998-11-16,880.7806312315505,9.44832205692703,0.0017546131275594234,0.013867229759698674
0,1998-11-17,891.1049099266639,9.350229384481304,0.011721736751496792,-0.09809267244572517
0,1998-11-18,896.3202677874722,9.365469449607124,0.005852686706930399,0.015240065125819768
0,1998-11-19,890.3635917996428,9.373327199801391,-0.006645700428634882,0.007857750194267155
0,1998-11-20,887.5874020555249,9.431348984166107,-0.003118040505796671,0.0580217843647155
0,1998-11-23,881.6061308840478,9.505456792432431,-0.006738796830177307,0.07410780826632468
0,1998-11-24,870.8500699329215,9.487439668577911,-0.012200528755784035,-0.018017123854519923
0,1998-11-25,872.3330352840925,9.439523857696836,0.001702893991023302,-0.04791581088107577
0,1998-11-27,875.6582405872938,9.300314032267897,0.0038118530064821243,-0.13920982542893867
0,1998-11-30,878.7772093426186,9.288339635287143,0.003561856225132942,-0.01197439698075442
0,1998-12-01,883.1168746313516,9.344188109522618,0.004938299767673016,0.05584847423547501
0,1998-12-02,873.8453705806926,9.280656056521867,-0.010498614981770515,-0.06353205300075082
0,1998-12-03,883.7010509237657,9.26704924280058,0.011278517544269562,-0.013606813721287025
0,1998-12-04,878.4016670874603,9.219195581346648,-0.00599680608138442,-0.04785366145393155
0,1998-12-07,877.9877375506031,9.20366410682019,-0.00047123036347329617,-0.015531474526458311
0,1998-12-08,877.263345952169,9.265681556908499,-0.0008250589016824961,0.062017450088308834
0,1998-12-09,872.0884172859411,9.250776381925464,-0.00589894549921155,-0.014905174983034897
0,1998-12-10,882.3651253445491,9.245454154959504,0.011784020811319351,-0.005322226965960297
0,1998-12-11,874.1874962084984,9.323907845566259,-0.009267851710319519,0.07845369060675544
0,1998-12-14,879.7641563615744,9.238484662647188,0.006379249505698681,-0.08542318291907058
0,1998-12-15,890.356006712444,9.240674720361465,0.012039420194923878,0.0021900577142766053
0,1998-12-16,893.4160320711534,9.451217907997757,0.003436855971813202,0.21054318763629176
0,1998-12-17,878.6648992548417,9.450105919628186,-0.01651093363761902,-0.0011119883695709376
0,1998-12-18,897.0340560434612,9.26206431040273,0.020905759185552597,-0.18804160922545599
0,1998-12-21,903.9636954297004,9.195390178571355,0.007725057192146778,-0.06667413183137505
0,1998-12-22,912.9967032046826,9.234455752927975,0.00999266654253006,0.03906557435661995
0,1998-12-23,900.3934374916033,9.207584418198856,-0.013804283924400806,-0.026871334729118956
0,1998-12-24,909.1621330216859,9.098429357485767,0.009738737717270851,-0.10915506071308911
0,1998-12-28,915.6805919230756,9.087660297396251,0.007169743068516254,-0.010769060089515392
0,1998-12-29,918.2632263378106,9.238675917936586,0.0028204533737152815,0.1510156205403348
0,1998-12-30,903.7179560678985,9.369135554561064,-0.01583997905254364,0.13045963662447768
0,1998-12-31,884.0266608671209,9.469888692581256,-0.021789204329252243,0.10075313802019181
0,1999-01-04,885.6655219004621,9.459399052125109,0.0018538592848926783,-0.010489640456146532
0,1999-01-05,878.0044547392371,9.485086449185557,-0.008650068193674088,0.02568739706044809
0,1999-01-06,885.3201408671417,9.561512335067802,0.008332174271345139,0.07642588588224442
0,1999-01-07,894.655607148935,9.60314224438421,0.010544735006988049,0.0416299093164092
0,1999-01-08,902.3843897790741,9.61362147601748,0.00863883551210165,0.010479231633269137
0,1999-01-11,906.6544195041097,9.692009836487353,0.004731941036880016,0.07838836046987296
0,1999-01-12,903.7143826039506,9.609038843246994,-0.003242731560021639,-0.08297099324035884
0,1999-01-13,915.502126353704,9.538556625085045,0.013043660670518875,-0.0704822181619491
0,1999-01-14,911.8277810027529,9.655600129980588,-0.004013475496321917,0.11704350489554294
0,1999-01-15,903.1743637448335,9.66121192870475,-0.009490188211202621,0.005611798724162398
0,1999-01-19,911.8758275743643,9.670374983084793,0.009634312242269516,0.009163054380042723
0,1999-01-20,914.0710240942125,9.746130347411906,0.0024073414970189333,0.07575536432711338
0,1999-01-21,904.0391461237886,9.819351492559539,-0.0109749436378479,0.07322114514763278
0,1999-01-22,902.235800779196,9.866358262740905,-0.0019947646651417017,0.047006770181365454
0,1999-01-25,898.2585680383996,9.868777487347737,-0.004408196546137333,0.0024192246068324152
0,1999-01-26,898.6217514873017,9.897981150191773,0.0004043194931000471,0.029203662844036415
0,1999-01-27,898.5165491737952,9.87189596519905,-0.00011707074008882046,-0.026085184992723498
0,1999-01-28,902.4235125570442,9.853109717468744,0.004348237533122301,-0.018786247730306016
0,1999-01-29,908.1344933409719,9.923782452470594,0.006328492891043425,0.07067273500184967
0,1999-02-01,905.9252159772357,9.817681044199496,-0.002432764507830143,-0.1061014082710976
0,1999-02-02,907.7838520357152,9.858711540507098,0.0020516440272331238,0.04103049630760225
0,1999-02-03,899.2463366992818,9.898055564709049,-0.009404788725078106,0.03934402420195049
0,1999-02-04,904.8010669569032,9.803354676734926,0.006177095230668783,-0.09470088797412224
0,1999-02-05,905.9737703268405,9.837217594840634,0.0012960897292941809,0.03386291810570796
0,1999-02-08,895.907589764369,10.165910812263693,-0.011110896244645119,0.32869321742305857
0,1999-02-09,875.6865924815712,10.072488005735975,-0.022570405155420303,-0.09342280652771784
0,1999-02-10,897.7800182324479,10.156910658281324,0.025229832157492638,0.08442265254534931
0,1999-02-11,880.1901785148855,10.231588680369358,-0.019592594355344772,0.0746780220880332
0,1999-02-12,886.3738372398292,10.232823723309881,0.007025366649031639,0.0012350429405234564
0,1999-02-16,878.0620448515942,10.2898480766685,-0.00937729887664318,0.057024353358618995
0,1999-02-17,874.1131021573311,10.276234359888578,-0.004497339017689228,-0.013613716779921958
0,1999-02-18,873.4890311230963,10.163548930431602,-0.0007139476947486401,-0.11268542945697568
0,1999-02-19,877.4660181199786,10.213414393012464,0.004552990198135376,0.04986546258086122
0,1999-02-22,867.6799105745257,10.215956477488513,-0.011152691207826138,0.002542084476049311
0,1999-02-23,876.8129134003862,10.046421260008113,0.010525774210691452,-0.16953521748039968
0,1999-02-24,893.5217965537523,9.996545799660293,0.01905638352036476,-0.04987546034782042
0,1999-02-25,901.1866184480663,9.97073343428557,0.008578214794397354,-0.025812365374722646
0,1999-02-26,903.6685751647848,9.95917826604077,0.002754098502919078,-0.01155516824480074
0,1999-03-01,906.7027032758971,9.945342940783279,0.003357567358762026,-0.013835325257490538
0,1999-03-02,915.1663728114895,9.880718205150929,0.009334558621048927,-0.06462473563234994
0,1999-03-03,919.8979753860374,9.803524764668284,0.005170210264623165,-0.07719344048264531
0,1999-03-04,918.243931080637,9.747507485870637,-0.0017980736447498202,-0.05601727879764695
0,1999-03-05,928.5913443356005,9.704006329767576,0.011268697679042816,-0.04350115610306027
0,1999-03-08,941.1188949681894,9.665362958543056,0.013490919023752213,-0.038643371224519996
0,1999-03-09,944.7341105439073,9.610485866756404,0.003841401543468237,-0.05487709178665234
0,1999-03-10,947.3125594411374,9.687142521050951,0.0027292852755635977,0.07665665429454727
0,1999-03-11,936.0468386078521,9.732470622872432,-0.011892295442521572,0.045328101821480615
0,1999-03-12,941.3945761576035,9.786370822852588,0.00571310892701149,0.053900199980155605
0,1999-03-15,936.3745736029174,9.731819564981059,-0.005332516971975565,-0.05455125787152859
0,1999-03-16,934.3810474782457,9.67632757152465,-0.0021289836149662733,-0.05549199345640865
0,1999-03-17,934.8281803869681,9.64930194336175,0.00047853379510343075,-0.02702562816289955
0,1999-03-18,937.9331582367729,9.608316925279917,0.003321442287415266,-0.04098501808183386
0,1999-03-19,936.8454768050387,9.629350867892088,-0.0011596577242016792,0.02103394261217062
0,1999-03-22,932.6542752465161,9.651191962869795,-0.004473738372325897,0.021841094977707698
0,1999-03-23,937.8983224667772,9.651568183484569,0.005622712895274162,0.0003762206147737146
0,1999-03-24,938.4981380691872,9.627677373764763,0.0006395315867848694,-0.023890809719805617
0,1999-03-25,944.5883538612147,9.603297323077067,0.006489321123808622,-0.024380050687696553
0,1999-03-26,946.9485693376997,9.588024947610455,0.0024986709468066692,-0.015272375466611976
0,1999-03-29,952.7067616014081,9.413977405615466,0.006080786697566509,-0.17404754199498917
0,1999-03-30,953.9199810131669,9.342193828704994,0.0012734447373077273,-0.07178357691047133
0,1999-03-31,955.4697440966983,9.3750939111113,0.001624625874683261,0.032900082406305486
0,1999-04-01,954.5237943732432,9.365604289276797,-0.0009900362929329276,-0.009489621834502415
0,1999-04-05,944.4891735675282,9.498947401218159,-0.01051269844174385,0.13334311194136106
0,1999-04-06,931.5835761106808,9.552417526936622,-0.013664103113114834,0.05347012571846399
0,1999-04-07,934.0713750038473,9.668672141714955,0.002670505316928029,0.11625461477833277
0,1999-04-08,922.0981546944669,9.67246945255606,-0.012818314135074615,0.003797310841104462
0,1999-04-09,945.5489737992458,9.747014085216717,0.02543202042579651,0.07454463266065758
0,1999-04-12,926.0964259614502,9.885746998580089,-0.020572755485773087,0.13873291336337168
0,1999-04-13,921.6463406989037,9.935801151242318,-0.004805207252502441,0.0500541526622289
0,1999-04-14,921.404972666839,9.922647677782994,-0.00026188790798187256,-0.013153473459324161
0,1999-04-15,930.2651210363738,9.959403414511758,0.009615911170840263,0.03675573672876453
0,1999-04-16,920.7716765113491,10.04358808879327,-0.010205095633864403,0.08418467428151111
0,1999-04-19,915.345750449441,10.13541203396115,-0.005892802961170673,0.0918239451678815
0,1999-04-20,912.531861561585,10.209502223415363,-0.003074126783758402,0.07409018945421231
0,1999-04-21,905.220866622286,10.137172579960497,-0.008011769503355026,-0.07232964345486614
0,1999-04-22,914.1947622414469,10.08051738908901,0.009913487359881401,-0.05665519087148674
0,1999-04-23,918.8843518680588,10.144473081631975,0.005129748955368996,0.06395569254296518
0,1999-04-26,921.2055000834467,10.20283840808126,0.0025260504335165024,0.05836532644928383
0,1999-04-27,917.9594822073744,10.273692262057242,-0.0035236631520092487,0.07085385397598287
0,1999-04-28,920.3040215816882,10.306926777323023,0.0025540771894156933,0.03323451526578047
0,1999-04-29,913.8283737684573,10.422136854707102,-0.0070364223793148994,0.11521007738407896
0,1999-04-30,911.391654727869,10.421011849370357,-0.0026664952747523785,-0.0011250053367444224
0,1999-05-03,925.1607947755002,10.417753002400422,0.015107818879187107,-0.0032588469699348366
0,1999-05-04,909.1020730526591,10.448151040251016,-0.017357762902975082,0.030398037850593695
0,1999-05-05,910.0386007330314,10.548019896497296,0.0010301677975803614,0.09986885624627995
0,1999-05-06,891.1996929100798,10.648161752474643,-0.020701218396425247,0.1001418559773466
0,1999-05-07,892.0076144317032,10.67007192218725,0.0009065549820661545,0.02191016971260673
0,1999-05-10,894.7039513427588,10.672574039587031,0.0030227734241634607,0.0025021173997821222
0,1999-05-11,891.4998514843744,10.719960307396459,-0.0035811844281852245,0.04738626780942745
0,1999-05-12,893.9588005317754,10.694518591565231,0.002758215880021453,-0.025441715831227896
0,1999-05-13,891.9877431157112,10.725793505377188,-0.0022048638202250004,0.03127491381195746
0,1999-05-14,896.1961953468516,10.752198205462571,0.004718060605227947,0.02640470008538287
0,1999-05-17,887.9236259248277,10.732855041893599,-0.009230757132172585,-0.0193431635689727
0,1999-05-18,880.5474751154088,10.703331768271353,-0.008307190611958504,-0.029523273622245938
0,1999-05-19,892.1082317866108,10.534705800687654,0.013129055500030518,-0.16862596758369897
0,1999-05-20,902.0344365360584,10.415626719985676,0.011126682162284851,-0.1190790807019777
0,1999-05-21,891.5763439627063,10.468519956418916,-0.0115938950330019,0.052893236433240176
0,1999-05-24,897.9146958480725,10.489981841323129,0.007109152153134346,0.021461884904212525
0,1999-05-25,887.7606688347056,10.530392742265548,-0.011308453977108002,0.04041090094241895
0,1999-05-26,889.2825253378373,10.557367158392612,0.0017142643919214606,0.026974416127064416
0,1999-05-27,890.0806209677211,10.576361451616053,0.000897460151463747,0.01899429322344126
0,1999-05-28,895.2682364258301,10.582171901091078,0.005828253459185362,0.005810449475024626
0,1999-06-01,887.071958501126,10.624782349168436,-0.009155108593404293,0.04261044807735814
0,1999-06-02,887.851286685456,10.468247753786342,0.0008785399841144681,-0.15653459538209447
0,1999-06-03,898.9922344752578,10.396962894517271,0.012548213824629784,-0.07128485926907047
0,1999-06-04,900.5362037522317,10.308023729565207,0.001717444509267807,-0.08893916495206433
0,1999-06-07,900.8606862956966,10.332951065384899,0.00036032148636877537,0.024927335819691976
0,1999-06-08,901.2680605925553,10.363712478257286,0.00045220565516501665,0.030761412872386984
0,1999-06-09,904.4966252495699,10.239908418950291,0.003582246834412217,-0.12380405930699467
0,1999-06-10,909.7690084450888,10.214963007903238,0.005829080007970333,-0.024945411047053057
0,1999-06-11,909.4008692542583,10.203052745597697,-0.0004046512767672539,-0.011910262305541153
0,1999-06-14,904.6401196650269,10.250757495008372,-0.005235039629042149,0.04770474941067526
0,1999-06-15,909.5478298942784,10.333273759295873,0.005425041541457176,0.08251626428750036
0,1999-06-16,904.683127002797,10.26040225328184,-0.005348484963178635,-0.0728715060140317
0,1999-06-17,904.483148487054,10.146157800344863,-0.00022104813251644373,-0.11424445293697794
0,1999-06-18,899.8704826404114,9.95935299657183,-0.005099780857563019,-0.18680480377303255
0,1999-06-21,912.9216162857249,9.9021551113004,0.014503346756100655,-0.05719788527142988
0,1999-06-22,908.0882463871086,9.683552137254555,-0.005294397473335266,-0.2186029740458455
0,1999-06-23,923.3303989139038,9.646849548670351,0.016784880310297012,-0.03670258858420361
0,1999-06-24,922.4123549272604,9.776061941733092,-0.0009942746255546808,0.12921239306274046
0,1999-06-25,920.727641301623,9.752087037760026,-0.001826421357691288,-0.02397490397306612
0,1999-06-28,929.1657792982553,9.777052798978069,0.009164640679955482,0.02496576121804317
0,1999-06-29,921.594680714549,9.85064874997252,-0.008148275315761566,0.07359595099445038
0,1999-06-30,917.0851211716594,9.824929408800848,-0.004893213510513306,-0.025719341171670962
0,1999-07-01,911.1018149855598,9.736447332693915,-0.006524264812469482,-0.08848207610693315
0,1999-07-02,922.1423555012501,9.731537618411307,0.012117790058255196,-0.00490971428260778
0,1999-07-06,917.5511435825013,9.759607717169855,-0.004978853743523359,0.0280700987585476
0,1999-07-07,924.9458426123607,9.72563170508309,0.008059168234467506,-0.033976012086764484
0,1999-07-08,922.0713771898708,9.765563426447969,-0.0031077121384441853,0.039931721364878214
0,1999-07-09,922.5265684368582,9.898021595112377,0.0004936616169288754,0.1324581686644084
0,1999-07-12,907.3451391195028,9.993555796144522,-0.0164563599973917,0.0955342010321445
0,1999-07-13,903.128039744983,10.109352328369411,-0.004647734574973583,0.1157965322248895
0,1999-07-14,905.4617712800514,10.075165746645569,0.0025840539019554853,-0.03418658172384248
0,1999-07-15,927.9254238781666,9.969229711057665,0.024809056892991066,-0.10593603558790399
0,1999-07-16,923.9040725549625,9.961070396498748,-0.004333700984716415,-0.00815931455891672
0,1999-07-19,923.2270534048548,9.963710734856074,-0.0007327807834371924,0.002640338357325689
0,1999-07-20,919.760230533335,10.015306388476274,-0.0037551140412688255,0.051595653620200466
0,1999-07-21,921.6090838817338,10.012133356731074,0.002010147087275982,-0.0031730317452005607
0,1999-07-22,919.3823078879287,10.071564427344706,-0.0024161827750504017,0.059431070613632286
0,1999-07-23,923.7949664291395,10.08338366123465,0.0047995904460549355,0.011819233889944769
0,1999-07-26,925.2706815137744,10.022066219624406,0.001597448717802763,-0.06131744161024422
0,1999-07-27,936.4582599667234,10.019628807318572,0.012091141194105148,-0.0024374123058343855
0,1999-07-28,929.3230643694721,9.953128079422736,-0.0076193418353796005,-0.06650072789583561
0,1999-07-29,940.0718625199,9.884945535404862,0.011566266417503357,-0.06818254401787449
0,1999-07-30,937.8284807081872,9.683851735511414,-0.0023863939568400383,-0.20109379989344767
0,1999-08-02,944.87975995941,9.643807299133561,0.007518730126321316,-0.04004443637785293
0,1999-08-03,942.9079300428082,9.6921403305716,-0.002086858032271266,0.04833303143803924
0,1999-08-04,943.7266186664697,9.601210417009952,0.0008682593470439315,-0.09092991356164859
0,1999-08-05,964.508068591954,9.570726835802478,0.022020624950528145,-0.03048358120747352
0,1999-08-06,969.9240065554083,9.635012440629197,0.005615233443677425,0.06428560482671841
0,1999-08-09,963.5773951980455,9.744360762657449,-0.006543410941958427,0.10934832202825184
0,1999-08-10,956.4765708182364,9.708079101941488,-0.007369230967015028,-0.03628166071596084
0,1999-08-11,960.7526255312205,9.66979695243343,0.004470631945878267,-0.03828214950805808
0,1999-08-12,965.818666396661,9.697956677835652,0.005272991955280304,0.028159725402222335
0,1999-08-13,964.8603191750651,9.632323496944993,-0.0009922641329467297,-0.06563318089065895
0,1999-08-16,966.413551349874,9.75014985854974,0.0016098000342026353,0.11782636160474702
0,1999-08-17,964.6913553114626,9.851901032824424,-0.0017820487264543772,0.10175117427468372
0,1999-08-18,969.8440601653901,9.901319428212247,0.005341298878192902,0.04941839538782311
0,1999-08-19,970.7907033701897,9.834497408694022,0.0009760777465999126,-0.06682201951822542
0,1999-08-20,976.6015992457651,9.829970527025043,0.005985734984278679,-0.004526881668978078
0,1999-08-23,979.8558788397594,9.880503464722622,0.0033322488889098167,0.05053293769757872
0,1999-08-24,978.1606749948593,9.932965917615217,-0.001730054267682135,0.05246245289259477
0,1999-08-25,980.3159102848708,9.945738235685903,0.0022033550776541233,0.01277231807068624
0,1999-08-26,980.082875663908,9.95360137382553,-0.00023771380074322224,0.007863138139626358
0,1999-08-27,984.3652520392308,9.86475158711777,0.004369402304291725,-0.08884978670776
0,1999-08-30,990.6984803147998,9.819869652546693,0.0064338194206357,-0.0448819345710767
0,1999-08-31,1001.8380415893217,9.802001978167025,0.011244148947298527,-0.01786767437966752
0,1999-09-01,1000.4535835935652,9.890787160018721,-0.001381917973048985,0.08878518185169604
0,1999-09-02,998.8198611990344,9.919620530864107,-0.001632981700822711,0.028833370845385176
0,1999-09-03,994.5114743859723,9.96102811664378,-0.00431347731500864,0.041407585779673184
0,1999-09-07,989.7752009576108,9.95758819523396,-0.0047624120488762856,-0.003439921409819746
0,1999-09-08,992.207661515923,9.930531093379363,0.0024575889110565186,-0.027057101854596866
0,1999-09-09,992.3139465934612,10.011234768146673,0.00010711979120969772,0.08070367476731022
0,1999-09-10,987.892779319853,9.98705585727424,-0.004455411806702614,-0.024178910872432624
0,1999-09-13,988.0737960068086,10.035673051925428,0.0001832351554185152,0.048617194651187745
0,1999-09-14,988.4751338189918,9.86764327289569,0.00040618202183395624,-0.16802977902973915
0,1999-09-15,997.3024980147505,9.855003564777792,0.008930284529924393,-0.01263970811789683
0,1999-09-16,987.0192673258429,9.936766748258353,-0.010311044752597809,0.081763183480561
0,1999-09-17,962.663937695985,9.993814144475039,-0.024675637483596802,0.05704739621668509
0,1999-09-20,960.2623304167654,10.003587188584632,-0.0024947514757514,0.009773044109593343
0,1999-09-21,958.6955828628122,10.043439869661634,-0.0016315828543156385,0.03985268107700257
0,1999-09-22,962.2275608007658,10.071287901217183,0.0036841495893895626,0.027848031555548047
0,1999-09-23,960.0510444063267,9.998817180297493,-0.002261955989524722,-0.07247072091968931
0,1999-09-24,961.3615421663775,9.918340209820435,0.001365029253065586,-0.08047697047705782
0,1999-09-27,974.8703482397838,9.909089722377116,0.014051743783056736,-0.009250487443319244
0,1999-09-28,968.541122160557,10.022457923226163,-0.006492377258837223,0.11336820084904708
0,1999-09-29,958.4498733242183,10.106535408145907,-0.010419019497931004,0.0840774849197441
0,1999-09-30,964.7296713220666,10.057614568614357,0.006552035920321941,-0.0489208395315508
0,1999-10-01,980.8157938321744,9.954807825209077,0.016674228012561798,-0.10280674340527973
0,1999-10-04,988.0245209895807,9.937777242120182,0.007349725812673569,-0.017030583088894602
0,1999-10-05,989.0304268671192,9.880442371626286,0.0010180980898439884,-0.05733487049389652
0,1999-10-06,989.9922045094161,9.930375989048157,0.0009724449482746422,0.04993361742187119
0,1999-10-07,979.2674374889539,10.027204354923443,-0.01083318330347538,0.09682836587528598
0,1999-10-08,962.5536888840471,10.032579686030177,-0.017067603766918182,0.005375331106733938
0,1999-10-13,976.7929214846223,9.903416714488062,0.014793182723224163,-0.1291629715421152
0,1999-10-14,970.4680083876514,9.988425279826913,-0.006475183181464672,0.08500856533885148
0,1999-10-15,962.5244555353951,10.053669264580778,-0.008185280486941338,0.06524398475386484
0,1999-10-18,969.7183741694128,10.013353357716948,0.007474011275917292,-0.04031590686382991
0,1999-10-19,968.838834487292,10.121388933362883,-0.0009070052765309811,0.10803557564593547
0,1999-10-20,958.4954169920131,10.212201368388348,-0.010676097124814987,0.09081243502546421
0,1999-10-21,965.1204489512575,10.2457661056779,0.006911907810717821,0.03356473728955223
0,1999-10-22,968.662045964726,10.26937840536984,0.003669590689241886,0.023612299691940564
0,1999-10-25,961.4358749214322,10.246477000608914,-0.0074599506333470345,-0.02290140476092617
0,1999-10-26,978.4869551624477,10.188809833158775,0.017735015600919724,-0.057667167450139445
0,1999-10-27,980.1965666912132,10.113250869329315,0.0017471991013735533,-0.07555896382945981
0,1999-10-28,986.2891205803164,10.0602424467978,0.006215645000338554,-0.05300842253151572
0,1999-10-29,988.3566973073122,10.111532595038462,0.002096319105476141,0.05129014824066225
0,1999-11-01,986.7521748612363,9.921115873928576,-0.001623424468562007,-0.1904167211098855
0,1999-11-02,990.9862391487901,9.82142341250634,0.004290909506380558,-0.09969246142223653
0,1999-11-03,994.0764431858811,9.69716978524894,0.0031183117534965277,-0.1242536272573993
0,1999-11-04,999.3448431139797,9.708553977878514,0.005299793556332588,0.01138419262957413
0,1999-11-05,998.1656617829049,9.720041300456355,-0.0011799543863162398,0.011487322577840686
0,1999-11-08,1002.6789899207752,9.756992874921842,0.004521622322499752,0.036951574465486914
0,1999-11-09,1006.8796739816585,9.739341682374128,0.004189460538327694,-0.017651192547713634
0,1999-11-10,1017.0314258228198,9.77918931200995,0.010082388296723366,0.03984762963582078
0,1999-11-15,1025.4005097309398,9.852265696234909,0.008228933438658714,0.07307638422495977
0,1999-11-16,1032.2788914269256,9.99939513481568,0.006707995198667049,0.14712943858077132
0,1999-11-17,1022.1790766817576,10.057108245452662,-0.009783998131752014,0.057713110636981924
0,1999-11-18,1028.4319210318472,10.173580025237857,0.0061171711422502995,0.1164717797851953
0,1999-11-19,1010.9368922414193,10.25911565715681,-0.017011363059282303,0.08553563191895286
0,1999-11-22,1015.2602689236901,10.244854460996146,0.004276603925973177,-0.014261196160664014
0,1999-11-23,1014.4324870025417,10.23139323711786,-0.0008153396192938089,-0.013461223878286077
0,1999-11-24,1016.2839738362295,10.242354891405519,0.0018251454457640648,0.010961654287658718
0,1999-11-26,1022.2138161557529,10.203073405536939,0.00583482813090086,-0.039281485868579935
0,1999-11-29,1018.5911442029992,10.197814672901627,-0.003543947357684374,-0.005258732635311958
0,1999-11-30,1005.5670630852666,10.21651831460764,-0.012786367908120155,0.01870364170601313
0,1999-12-01,1016.4263766329617,10.16717211681966,0.010799193754792213,-0.04934619778797966
0,1999-12-02,1018.8810740164944,10.150795598881539,0.0024150272365659475,-0.016376517938121893
0,1999-12-03,1021.045525302007,10.211706513946524,0.0021243414375931025,0.06091091506498536
0,1999-12-06,1016.388398263108,10.153588708573826,-0.004561135545372963,-0.05811780537269762
0,1999-12-07,1024.500965066017,10.072703431412195,0.007981758564710617,-0.08088527716163085
0,1999-12-08,1022.1551508029885,10.031660547262145,-0.0022897140588611364,-0.041042884150050085
0,1999-12-09,1028.46273239924,9.947227424939882,0.006170865148305893,-0.08443312232226319
0,1999-12-10,1035.4554347446342,9.936962393453541,0.006799179129302502,-0.010265031486341059
0,1999-12-13,1046.8046585413608,9.922303044246036,0.010960610583424568,-0.014659349207505556
0,1999-12-14,1045.6370521431193,9.88772709413414,-0.001115400460548699,-0.03457595011189518
0,1999-12-15,1040.6554936357036,9.89839921636696,-0.004764137323945761,0.010672122232818992
0,1999-12-16,1036.7740429696375,9.862433236134057,-0.003729813266545534,-0.035965980232901984
0,1999-12-17,1052.373102394576,9.818348314681726,0.015045765787363052,-0.044084921452331116
0,1999-12-20,1060.5877615106172,9.871291869144308,0.0078058429062366486,0.05294355446258159
0,1999-12-21,1056.6092099568336,9.85034449033279,-0.0037512704730033875,-0.020947378811518647
0,1999-12-22,1062.0730818476816,9.849170782591559,0.005171137861907482,-0.0011737077412306007
0,1999-12-23,1059.2508351945846,9.880645419910213,-0.0026572998613119125,0.031474637318654075
0,1999-12-27,1073.8833582373793,9.964924582708816,0.013814030215144157,0.08427916279860348
0,1999-12-28,1063.397842281422,9.983193466220431,-0.009764110669493675,0.01826888351161493
0,1999-12-29,1071.1151943416025,10.138888505434274,0.007257257588207722,0.15569503921384253
0,1999-12-30,1059.4481477196878,10.158854183248197,-0.010892429389059544,0.01996567781392322
0,1999-12-31,1071.228496678459,10.198877318761815,0.011119325645267963,0.0400231355136178
0,2000-01-03,1071.137754079678,10.185803713666079,-8.470891043543816e-05,-0.01307360509573563
0,2000-01-04,1068.2626852318278,10.229864046986885,-0.002684126142412424,0.04406033332080561
0,2000-01-05,1066.7003007303904,10.177908049894583,-0.0014625471085309982,-0.05195599709230159
0,2000-01-06,1055.2631558390297,10.070276303203485,-0.010721985250711441,-0.10763174669109787
0,2000-01-07,1075.1172869942823,9.993599517734996,0.018814388662576675,-0.07667678546848933
0,2000-01-10,1073.5652361111045,10.05315835256475,-0.0014436107594519854,0.05955883482975466
0,2000-01-11,1068.1162563992773,9.98826368186475,-0.005075592547655106,-0.0648946707000011
0,2000-01-12,1063.5435698798701,9.945701098966971,-0.004281075671315193,-0.042562582897778256
0,2000-01-13,1076.5492908187473,9.924060989403193,0.012228667736053467,-0.021640109563778154
0,2000-01-14,1058.2477513573035,9.929478481809227,-0.017000187188386917,0.00541749240603373
0,2000-01-18,1062.0657756984851,9.888028472083557,0.0036078738048672676,-0.041450009725670256
0,2000-01-19,1070.354426633524,9.941134478820379,0.007804272696375847,0.05310600673682231
0,2000-01-20,1071.1404984178425,9.949418309966838,0.0007344032637774944,0.008283831146458809
0,2000-01-21,1082.5674903185215,9.88330958379347,0.01066806074231863,-0.06610872617336838
0,2000-01-24,1083.0194920270023,9.822080533363206,0.00041752750985324383,-0.0612290504302635
0,2000-01-25,1090.050873234321,9.856336915752047,0.006492386572062969,0.034256382388841544
0,2000-01-26,1084.5089870169318,9.795965409407026,-0.005084061995148659,-0.060371506345020975
0,2000-01-27,1093.2256715290275,9.751881341338596,0.008037447929382324,-0.04408406806843068
0,2000-01-28,1090.2156116974986,9.800968615987385,-0.002753374632447958,0.04908727464878915
0,2000-01-31,1096.735457331466,9.803889142322822,0.005980326794087887,0.002920526335437046
0,2000-02-01,1101.1677435333131,9.825261839636726,0.0040413448587059975,0.0213726973139039
0,2000-02-02,1106.5535685439013,9.827339101068603,0.004891012329608202,0.00207726143187692
0,2000-02-03,1099.7779464622924,9.854408654146205,-0.006123175844550133,0.027069553077602393
0,2000-02-04,1103.9131320175115,9.814263160485636,0.0037600186187773943,-0.04014549366056919
0,2000-02-07,1109.2752040627745,9.818376862871144,0.0048573315143585205,0.004113702385508233
0,2000-02-08,1108.2342923173771,9.780281069447103,-0.0009383710566908121,-0.038095793424041346
0,2000-02-09,1117.4728834281595,9.644238553021948,0.008336315862834454,-0.13604251642515486
0,2000-02-10,1118.1186127006288,9.671768623379824,0.0005778478225693107,0.02753007035787647
0,2000-02-11,1114.1958528083255,9.684264782923888,-0.0035083575639873743,0.0124961595440638
0,2000-02-14,1110.5776242982759,9.752229755036755,-0.0032473900355398655,0.06796497211286656
0,2000-02-15,1108.4151521058275,9.771722334736983,-0.0019471598789095879,0.019492579700228774
0,2000-02-16,1115.5287520017623,9.851527803390551,0.006417811848223209,0.07980546865356786
0,2000-02-17,1114.1802682418524,9.867049116385989,-0.00120882922783494,0.015521312995437242
0,2000-02-18,1119.523128874673,9.826149051799156,0.004795328713953495,-0.040900064586832485
0,2000-02-22,1127.9061308066812,9.975044497530966,0.007488011382520199,0.14889544573181013
0,2000-02-23,1115.7103805007,9.958387813452369,-0.010812735185027122,-0.01665668407859755
0,2000-02-24,1119.8347567693,9.98099916309131,0.0036966369953006506,0.02261134963894129
0,2000-02-25,1122.5859585468345,9.970533307554309,0.0024567926302552223,-0.01046585553700119
0,2000-02-28,1111.8026884347405,10.027265538890953,-0.009605741128325462,0.05673223133664429
0,2000-02-29,1098.3179614319213,10.000890471478472,-0.012128705158829689,-0.026375067412480746
0,2000-03-01,1100.7284826379064,10.030689775555821,0.002194738946855068,0.029799304077348765
0,2000-03-02,1106.513016061106,10.001417115743862,0.005255186464637518,-0.02927265981195859
0,2000-03-03,1102.567127366083,10.06463637136451,-0.003566057188436389,0.06321925562064834
0,2000-03-06,1100.0183521767094,10.012662214120468,-0.002311673481017351,-0.051974157244043084
0,2000-03-07,1120.1664570985831,9.993186634652535,0.018316153436899185,-0.019475579467933102
0,2000-03-08,1113.4973473067168,9.989078771626197,-0.005953677464276552,-0.00410786302633781
0,2000-03-09,1118.6035033995875,10.133502322979725,0.004585692193359137,0.1444235513535279
0,2000-03-10,1090.0478965959906,9.9778775389579,-0.02552790753543377,-0.15562478402182478
0,2000-03-13,1120.2955464699808,9.928403392452074,0.027748918160796165,-0.049474146505826155
0,2000-03-14,1107.055857054977,9.929367126012021,-0.011818032711744308,0.0009637335599474994
0,2000-03-15,1123.3170998376713,9.817868962225193,0.014688728377223015,-0.11149816378682864
0,2000-03-16,1131.8307099015078,9.74315490316451,0.007578990887850523,-0.07471405906068185
0,2000-03-17,1137.1835272551116,9.688485436361933,0.004729344509541988,-0.05466946680257756
0,2000-03-20,1131.0566164126003,9.635508758758183,-0.005387794226408005,-0.05297667760375013
0,2000-03-21,1120.4116119437638,9.718978774749202,-0.009411557577550411,0.08347001599101844
0,2000-03-22,1109.0595494860738,9.781139537851562,-0.010132046416401863,0.062160763102360406
0,2000-03-23,1116.9544645939027,9.887266121114019,0.007118567358702421,0.10612658326245672
0,2000-03-24,1093.8696200660368,9.985955752352446,-0.0206676684319973,0.09868963123842711
0,2000-03-27,1112.6857307382272,9.903822221864422,0.017201419919729233,-0.08213353048802396
0,2000-03-28,1130.3575944788024,9.938397661319682,0.01588216982781887,0.03457543945525998
0,2000-03-29,1110.0353124348487,10.188275943642614,-0.01797863095998764,0.24987828232293197
0,2000-03-30,1101.1505603920934,10.213726717768607,-0.008004026487469673,0.025450774125992837
0,2000-03-31,1122.33802554475,10.106537354856584,0.019241206347942352,-0.10718936291202219
0,2000-04-03,1133.630979016298,10.046126897294224,0.010061989538371563,-0.06041045756236052
0,2000-04-04,1130.7797062064042,9.992508239391777,-0.002515168394893408,-0.05361865790244735
0,2000-04-05,1138.1325083496474,9.981203921058189,0.0065024178475141525,-0.011304318333587915
0,2000-04-06,1129.2291905946256,10.066276588434398,-0.007822742685675621,0.08507266737620967
0,2000-04-07,1111.6485383624422,10.168922160181323,-0.015568719245493412,0.10264557174692435
0,2000-04-10,1091.655666436522,10.312306384569418,-0.017984885722398758,0.14338422438809495
0,2000-04-11,1077.5351771441055,10.34911357620007,-0.012934929691255093,0.03680719163065227
0,2000-04-12,1082.4649544242948,10.254385636212152,0.0045750499702990055,-0.09472793998791751
0,2000-04-13,1085.7577194345263,10.3853640608978,0.0030419137328863144,0.13097842468564735
0,2000-04-14,1059.500026021478,10.518266642402319,-0.02418375015258789,0.13290258150451884
0,2000-04-17,1053.4854321840564,10.457979550096411,-0.005676822736859322,-0.060287092305907564
0,2000-04-18,1070.9294510215932,10.097778533367686,0.016558386385440826,-0.36020101672872507
0,2000-04-19,1086.2640347974386,10.078674718997997,0.014318948611617088,-0.01910381436968933
0,2000-04-20,1062.9751416035122,10.205053069335607,-0.021439440548419952,0.12637835033761036
0,2000-04-24,1055.2473396081787,10.382237533367235,-0.007269974332302809,0.1771844640316278
0,2000-04-25,1034.1764582579926,10.41391585211062,-0.019967718049883842,0.03167831874338489
0,2000-04-26,1041.7766468963198,10.451477486009603,0.007349024992436171,0.03756163389898326
0,2000-04-27,1032.5711288484733,10.731500563623916,-0.00883636437356472,0.2800230776143131
0,2000-04-28,1005.0630668070742,10.704058317834317,-0.026640355587005615,-0.027442245789599085
0,2000-05-01,1017.7173447677541,10.751797262584743,0.012590531259775162,0.04773894475042617
0,2000-05-02,1009.9911810472089,10.785210336699315,-0.007591659668833017,0.03341307411457173
0,2000-05-03,1003.2472852474526,10.73301994261572,-0.006677182856947184,-0.05219039408359549
0,2000-05-04,1012.1553826353949,10.575845614333268,0.008879263885319233,-0.15717432828245137
0,2000-05-05,1023.349995015777,10.464219678596463,0.011060171760618687,-0.11162593573680546
0,2000-05-08,1037.2724262679199,10.473379275851567,0.01360476016998291,0.009159597255104401
0,2000-05-09,1022.3760181683176,10.47252456256971,-0.014361133798956871,-0.0008547132818570446
0,2000-05-10,1025.1699686298764,10.506101195623069,0.0027328012511134148,0.03357663305335912
0,2000-05-11,1023.7840835468589,10.482249308944708,-0.0013518588384613395,-0.023851886678361467
0,2000-05-12,1028.8415238964003,10.301067198932401,0.004939948208630085,-0.18118211001230655
0,2000-05-15,1031.5289850174013,10.16434702521763,0.0026121234986931086,-0.13672017371477097
0,2000-05-16,1036.2233321679284,10.166329620087259,0.004550863057374954,0.0019825948696290396
0,2000-05-17,1031.7547706740356,10.055592488564294,-0.004312353674322367,-0.11073713152296527
0,2000-05-18,1040.866148002259,9.89589470967302,0.00883095245808363,-0.15969777889127457
0,2000-05-19,1051.8376548163603,9.798641271163104,0.010540747083723545,-0.09725343850991486
0,2000-05-22,1051.672892621742,9.893609268663111,-0.00015664222883060575,0.09496799750000662
0,2000-05-23,1062.686400599967,9.856233650077844,0.010472370311617851,-0.03737561858526739
0,2000-05-24,1069.9107996590105,9.803819501639056,0.006798241753131151,-0.05241414843878722
0,2000-05-25,1074.3371014220459,9.7993243789163,0.0041370755061507225,-0.004495122722756761
0,2000-05-26,1072.810681901127,9.791455332457096,-0.0014208012726157904,-0.007869046459203943
0,2000-05-30,1079.9627917535972,9.736692153351669,0.006666702684015036,-0.05476317910542683
0,2000-05-31,1083.367481973789,9.794601705522615,0.0031525995582342148,0.057909552170945844
0,2000-06-01,1075.3070394036142,9.735474317742197,-0.007440173998475075,-0.059127387780417706
0,2000-06-02,1078.320729126106,9.683762063941806,0.0028026318177580833,-0.051712253800390684
0,2000-06-05,1074.7397759690652,9.647973486274868,-0.0033208609092980623,-0.03578857766693844
0,2000-06-06,1069.498621783886,9.683845417963635,-0.0048766727559268475,0.035871931688767233
0,2000-06-07,1070.701099242309,9.677386044318707,0.0011243375483900309,-0.006459373644927879
0,2000-06-08,1064.9829125381245,9.65804773593496,-0.00534060038626194,-0.019338308383746394
0,2000-06-09,1052.3985402295807,9.742470052792841,-0.01181650161743164,0.08442231685788038
0,2000-06-12,1053.6187316293588,9.726829074741953,0.0011594385141506791,-0.01564097805088771
0,2000-06-13,1065.2157165046654,9.743393297725248,0.011006813496351242,0.01656422298329474
0,2000-06-14,1061.928134682704,9.698447560880373,-0.003086306154727936,-0.04494573684487513
0,2000-06-15,1063.8111429290886,9.685860682436507,0.0017731974367052317,-0.012586878443865857
0,2000-06-16,1061.7757430199922,9.756384447514211,-0.0019133094465360045,0.07052376507770397
0,2000-06-19,1069.9223903150357,9.681437209061254,0.0076726628467440605,-0.07494723845295681
0,2000-06-20,1056.4139231534175,9.638875807566627,-0.012625651434063911,-0.04256140149462695
0,2000-06-21,1052.7469206599096,9.671676922732152,-0.0034711796324700117,0.03280111516552431
0,2000-06-22,1058.453086253938,9.74358430023521,0.0054202633909881115,0.07190737750305765
0,2000-06-23,1049.5791086863169,9.791805441103255,-0.008383912034332752,0.048221140868045964
0,2000-06-26,1051.970015805636,9.83889476112805,0.002277967520058155,0.047089320024793935
0,2000-06-27,1055.2109212962325,9.833252340683694,0.0030807964503765106,-0.005642420444354812
0,2000-06-28,1055.8223641736954,9.957300021740592,0.0005794508615508676,0.12404768105689712
0,2000-06-29,1046.445241085638,9.915866354605345,-0.008881345391273499,-0.04143366713524621
0,2000-06-30,1066.5570630788447,9.874797808112648,0.019219182431697845,-0.04106854649269742
0,2000-07-03,1069.077543103215,9.942684970602997,0.0023631928488612175,0.06788716249034898
0,2000-07-05,1061.7063907210697,9.883351121719407,-0.0068948715925216675,-0.059333848883589724
0,2000-07-06,1074.023281266172,9.814074985372065,0.011601032689213753,-0.06927613634734264
0,2000-07-07,1077.467799932645,9.797868990613704,0.0032071173191070557,-0.016205994758360376
0,2000-07-10,1062.4892287506475,9.80536483727413,-0.013901641592383385,0.007495846660425798
0,2000-07-11,1059.8733234914748,10.022450803213655,-0.0024620534386485815,0.21708596593952478
0,2000-07-12,1041.1655635552418,9.973990037563373,-0.017650939524173737,-0.048460765650281346
0,2000-07-13,1053.1328286356506,9.952513014803346,0.011494103819131851,-0.02147702276002761
0,2000-07-14,1030.2020168954455,9.821891086875567,-0.02177390269935131,-0.1306219279277787
0,2000-07-17,1049.3948050249833,9.776933785222406,0.018630120903253555,-0.04495730165316125
0,2000-07-18,1047.2586973790433,9.84617819995443,-0.0020355614833533764,0.06924441473202414
0,2000-07-19,1050.493069672146,9.738507244363685,0.0030884176958352327,-0.10767095559074491
0,2000-07-20,1064.214002882678,9.591433726386745,0.013061421923339367,-0.14707351797694024
0,2000-07-21,1066.5939660169654,9.629626554135397,0.002236357657238841,0.03819282774865229
0,2000-07-24,1056.0470251178383,9.590476980951475,-0.009888431057333946,-0.03914957318392176
0,2000-07-25,1052.6578237821604,9.559607920504655,-0.003209328046068549,-0.03086906044682003
0,2000-07-26,1049.4367422923012,9.565821380208348,-0.0030599511228501797,0.006213459703692692
0,2000-07-27,1037.6368824710084,9.656934992982798,-0.011243993416428566,0.09111361277444985
0,2000-07-28,1034.2453171821862,9.818383298589408,-0.0032685473561286926,0.16144830560661028
0,2000-07-31,1029.8916935061084,9.801387736768765,-0.004209469072520733,-0.01699556182064299
0,2000-08-01,1033.6563923450115,9.754126183960214,0.003655431792140007,-0.0472615528085516
0,2000-08-02,1057.2268736800024,9.731323590985808,0.022803014144301414,-0.02280259297440601
0,2000-08-03,1056.6298009336404,9.913096097591758,-0.0005647536600008607,0.18177250660595057
0,2000-08-04,1045.8965430639842,9.97711977856057,-0.010158011689782143,0.06402368096881261
0,2000-08-07,1041.4635390294445,9.97401075249105,-0.004238472785800695,-0.0031090260695201266
0,2000-08-08,1058.7226790957332,9.995582227206912,0.016572006046772003,0.021571474715861072
0,2000-08-09,1054.6182371166285,9.952504150668425,-0.0038767866790294647,-0.04307807653848705
0,2000-08-10,1067.3480078377606,9.982875359886961,0.01207050122320652,0.03037120921853642
0,2000-08-11,1067.101479634456,10.108136010971087,-0.00023097265511751175,0.1252606510841261
0,2000-08-14,1067.2078244981055,10.141846827595744,9.965768549591303e-05,0.033710816624656914
0,2000-08-15,1071.2818636187803,10.287061652725633,0.0038174749352037907,0.14521482512988904
0,2000-08-16,1060.7836663922901,10.107363530897002,-0.009799659252166748,-0.17969812182863087
0,2000-08-17,1069.3660954779211,10.1257940183962,0.008090649731457233,0.018430487499196957
0,2000-08-18,1052.5820260451994,10.051801547951015,-0.015695344656705856,-0.07399247044518376
0,2000-08-21,1072.526603110849,10.05397873571255,0.01894824020564556,0.002177187761533972
0,2000-08-22,1057.827155246537,10.010819081733155,-0.013705438934266567,-0.04315965397939436
0,2000-08-23,1071.44384651328,9.958754519530173,0.012872321531176567,-0.0520645622029825
0,2000-08-24,1060.8390012383268,9.933089159412347,-0.009897714480757713,-0.025665360117825387
0,2000-08-25,1071.0204033987443,9.766327895950234,0.00959749985486269,-0.16676126346211362
0,2000-08-28,1077.733923608689,9.789920043915286,0.006268340162932873,0.02359214796505249
0,2000-08-29,1073.3956338865407,9.772842338145551,-0.0040253810584545135,-0.017077705769734663
0,2000-08-30,1072.1380214899962,9.770174956946123,-0.001171620562672615,-0.0026673811994282204
0,2000-08-31,1069.0985666856143,9.713235265996317,-0.0028349473141133785,-0.056939690949805666
0,2000-09-01,1075.453151758314,9.776717289830954,0.005943872034549713,0.06348202383463608
0,2000-09-05,1082.682507557651,9.763738146641309,0.006722148507833481,-0.01297914318964466
0,2000-09-06,1078.144857095245,9.789361009088784,-0.0041911182925105095,0.02562286244747547
0,2000-09-07,1087.4705572990686,9.756846588249337,0.008649765513837337,-0.032514420839447666
0,2000-09-08,1087.5560642788882,9.827160452169064,7.862923666834831e-05,0.07031386391972738
0,2000-09-11,1082.868424939394,9.820743574151656,-0.004310250747948885,-0.006416878017407868
0,2000-09-12,1088.2840537888278,9.806039731785164,0.0050011882558465,-0.014703842366492026
0,2000-09-13,1070.3645153952268,9.928181338317808,-0.016465865075588226,0.12214160653264372
0,2000-09-14,1068.2511252503703,9.895705488564555,-0.0019744583405554295,-0.03247584975325246
0,2000-09-15,1083.4237555220222,9.841256838981051,0.01420324295759201,-0.05444864958350415
0,2000-09-18,1082.7389569986615,9.918841300334577,-0.0006320689572021365,0.07758446135352592
0,2000-09-19,1065.346702232331,9.913544519186813,-0.016063202172517776,-0.005296781147764662
0,2000-09-20,1085.8047372723356,9.713067757187451,0.019203171133995056,-0.20047676199936149
0,2000-09-21,1089.3827661799976,9.72619943200945,0.0032952784094959497,0.013131674821998729
0,2000-09-22,1078.129796331689,9.752023684721248,-0.010329674929380417,0.025824252711798223
0,2000-09-25,1087.0923216773413,9.687021773271585,0.008313030004501343,-0.06500191144966294
0,2000-09-26,1095.097038998679,9.621734779897523,0.007363419979810715,-0.06528699337406252
0,2000-09-27,1108.2104952475738,9.50681270246529,0.011974697932600975,-0.11492207743223304
0,2000-09-28,1110.7814042301552,9.531792742446646,0.0023198742419481277,0.024980039981356228
0,2000-09-29,1102.372587902095,9.520677638313641,-0.007570181041955948,-0.01111510413300465
0,2000-10-02,1109.4868183271585,9.46589155579764,0.006453562527894974,-0.054786082516001144
0,2000-10-03,1124.2292923493778,9.391900118120367,0.013287651352584362,-0.07399143767727345
0,2000-10-04,1125.2826034887719,9.44126589011083,0.0009369184263050556,0.049365771990464324
0,2000-10-05,1126.242947934932,9.463762998133236,0.0008534251246601343,0.022497108022404788
0,2000-10-06,1140.640894969195,9.460656352276343,0.012784050777554512,-0.003106645856892243
0,2000-10-11,1148.733315878538,9.456344935544807,0.007094626314938068,-0.0043114167315359
0,2000-10-12,1150.0817531754628,9.405985045304586,0.001173847122117877,-0.05035989024022136
0,2000-10-13,1154.844999095422,9.35345534763896,0.004141658544540405,-0.05252969766562643
0,2000-10-16,1158.1730882144418,9.38464710818557,0.0028818491846323013,0.031191760546610325
0,2000-10-17,1159.631844348469,9.365047404376856,0.0012595320586115122,-0.019599703808713898
0,2000-10-18,1162.59073867352,9.428202417879515,0.0025515807792544365,0.06315501350265862
0,2000-10-19,1151.3397381091172,9.593333120759157,-0.0096775246784091,0.16513070287964204
0,2000-10-20,1134.9221925355557,9.64265338857055,-0.014259514398872852,0.049320267811392426
0,2000-10-23,1134.8315545016458,9.565007426890554,-7.986277341842651e-05,-0.07764596167999471
0,2000-10-24,1144.8875185342038,9.659031620499514,0.008861195296049118,0.0940241936089592
0,2000-10-25,1130.1265512912469,9.822428570211475,-0.012892941012978554,0.16339694971196117
0,2000-10-26,1119.2177152678644,9.82660171959237,-0.009652756154537201,0.004173149380894969
0,2000-10-27,1130.0150656361184,9.840567143182593,0.009647229686379433,0.013965423590223125
0,2000-10-30,1120.5995516077364,9.779631489741043,-0.008332202211022377,-0.060935653441550386
0,2000-10-31,1131.7500398544094,9.824010132617857,0.009950466454029083,0.04437864287681492
0,2000-11-01,1123.7451854417282,10.06047491302639,-0.007072987966239452,0.23646478040853225
0,2000-11-02,1099.979334867602,10.19730414395224,-0.021148789674043655,0.13682923092584964
0,2000-11-03,1102.052912609088,10.176062840050788,0.0018851060885936022,-0.021241303901451403
0,2000-11-06,1100.6848316674925,10.082289985332087,-0.0012413931544870138,-0.09377285471870067
0,2000-11-07,1107.6671312146345,10.272282779715205,0.0063435956835746765,0.18999279438311767
0,2000-11-08,1085.442769931483,10.305315021109044,-0.020064115524291992,0.033032241393838646
0,2000-11-09,1081.9327745928274,10.246406677245526,-0.0032336991280317307,-0.05890834386351784
0,2000-11-10,1096.1421459835378,10.17985075306985,0.013133321888744831,-0.06655592417567568
0,2000-11-13,1084.3103174737537,10.208462872946825,-0.010794064030051231,0.028612119876974873
0,2000-11-14,1088.0620168212981,10.259975177802792,0.0034599867649376392,0.05151230485596692
0,2000-11-15,1070.9596533363774,10.250326157654113,-0.015718188136816025,-0.009649020148678744
0,2000-11-16,1080.4955257649362,10.207315046493541,0.008904044516384602,-0.04301111116057221
0,2000-11-17,1092.5427214807028,10.175075699856489,0.0111496951431036,-0.03223934663705208
0,2000-11-20,1081.726033736744,10.202448438265362,-0.009900471195578575,0.02737273840887333
0,2000-11-21,1077.5080601632524,10.204649323161531,-0.003899299306795001,0.0022008848961689864
0,2000-11-22,1078.0383577232597,10.332266659173113,0.0004921518266201019,0.12761733601158198
0,2000-11-24,1067.9612533128761,10.240643689683667,-0.00934763066470623,-0.09162296948944615
0,2000-11-27,1089.7945578417634,10.273259492208167,0.020443910732865334,0.032615802524500026
0,2000-11-28,1080.5636277330007,10.087662111589651,-0.008470339700579643,-0.18559738061851583
0,2000-11-29,1096.9818249351028,10.168664683684701,0.015194104984402657,0.08100257209505024
0,2000-11-30,1078.2177606911607,10.118990832020314,-0.01710517331957817,-0.049673851664387314
0,2000-12-01,1102.497122057036,10.078248001544916,0.02251804992556572,-0.040742830475398506
0,2000-12-04,1078.9320690252828,10.12197774488308,-0.021374253556132317,0.04372974333816515
0,2000-12-05,1069.377748592194,10.270858008302593,-0.008855349384248257,0.1488802634195121
0,2000-12-06,1064.0662097082825,10.242342487147575,-0.004966943524777889,-0.02851552115501832
0,2000-12-07,1082.2656095352163,10.216512424629997,0.017103634774684906,-0.0258300625175778
0,2000-12-08,1084.2433993549066,10.097542181333797,0.001827453263103962,-0.1189702432962001
0,2000-12-11,1089.7797751163314,10.046399548864049,0.005106211174279451,-0.05114263246974815
0,2000-12-12,1099.476307984608,10.119010411443233,0.008897699415683746,0.07261086257918414
0,2000-12-13,1083.304242539193,10.06011393944692,-0.014708880335092545,-0.05889647199631298
0,2000-12-14,1092.649978140956,10.117805020675553,0.008627064526081085,0.05769108122863287
0,2000-12-15,1089.1611120541918,10.302602293565315,-0.0031930317636579275,0.184797272889762
0,2000-12-18,1081.7708397370027,10.274454605010936,-0.006785288453102112,-0.028147688554378547
0,2000-12-19,1079.456674008161,10.339812020646605,-0.0021392384078353643,0.06535741563566866
0,2000-12-20,1077.4804723688624,10.266366320532349,-0.0018307373393326998,-0.07344570011425589
0,2000-12-21,1093.7412390771806,10.32025002944172,0.015091472305357456,0.05388370890937111
0,2000-12-22,1083.6072793197054,10.472204214761922,-0.009265408851206303,0.15195418532020177
0,2000-12-26,1078.0677701216925,10.53759725027931,-0.005112100392580032,0.0653930355173884
0,2000-12-27,1083.3857505005635,10.564177377204267,0.004932881332933903,0.026580126924956815
0,2000-12-28,1081.6467361442133,10.602498796401981,-0.0016051663551479578,0.03832141919771459
0,2000-12-29,1092.3052891931427,10.387965824890177,0.00985400564968586,-0.2145329715118045
0,2001-01-02,1098.4544751263998,10.46839757871712,0.00562954880297184,0.08043175382694301
0,2001-01-03,1088.1349765963744,10.426012161065675,-0.009394561871886253,-0.04238541765144532
0,2001-01-04,1089.2583459315003,10.400490758179043,0.001032380503602326,-0.02552140288663196
0,2001-01-05,1089.9259364053507,10.478297569990392,0.0006128853419795632,0.07780681181134952
0,2001-01-08,1081.9496093729706,10.40285610031566,-0.007318228483200073,-0.07544146967473253
0,2001-01-09,1083.4138797344306,10.281363559575714,0.0013533628080040216,-0.1214925407399452
0,2001-01-10,1091.3998843941315,10.25762851104646,0.007371148560196161,-0.02373504852925379
0,2001-01-11,1087.9681453394278,10.29037940342278,-0.0031443461775779724,0.032750892376318674
0,2001-01-12,1090.7006851553163,10.19514478354066,0.002511599101126194,-0.09523461988211857
0,2001-01-16,1095.2981964883395,10.19499363396788,0.004215190652757883,-0.00015114957278150598
0,2001-01-17,1079.6168006764497,10.318966718287854,-0.014317010529339314,0.12397308431997445
0,2001-01-18,1069.3708510462411,10.198530444643394,-0.009490357711911201,-0.12043627364445975
0,2001-01-19,1078.9856931022225,10.089477955380497,0.008991120383143425,-0.10905248926289701
0,2001-01-22,1085.4135243539667,10.089294814879585,0.005957290530204773,-0.00018314050091206013
0,2001-01-23,1089.742354253848,10.056496091643872,0.003988184966146946,-0.03279872323571276
0,2001-01-24,1098.3970519351285,10.548288834530597,0.007941966876387596,0.4917927428867248
0,2001-01-25,1079.274242780822,10.769686905287465,-0.01740974187850952,0.22139807075686768
0,2001-01-26,1080.9452579961835,10.81606685716744,0.001548276748508215,0.04637995187997568
0,2001-01-29,1088.2536270677194,10.836822672252993,0.0067610908299684525,0.020755815085552243
0,2001-01-30,1088.2126758605943,10.814929864669093,-3.7630205042660236e-05,-0.021892807583899554
0,2001-01-31,1100.7004925483247,10.782438343720179,0.01147552952170372,-0.0324915209489145
0,2001-02-01,1098.556822934338,10.967356575260842,-0.0019475503358989954,0.18491823154066367
0,2001-02-02,1093.0043782841847,11.01522523236046,-0.0050543081015348434,0.04786865709961852
0,2001-02-05,1089.065631815988,10.947679002451826,-0.0036035962402820587,-0.06754622990863446
0,2001-02-06,1098.3112218226904,10.799718239724614,0.00848946999758482,-0.14796076272721237
0,2001-02-07,1116.9881681002637,10.682864200505994,0.01700514927506447,-0.11685403921861948
0,2001-02-08,1113.2281071111524,10.739952356064988,-0.0033662496134638786,0.05708815555899349
0,2001-02-09,1106.274344124868,10.760034613796476,-0.006246485281735659,0.020082257731488085
0,2001-02-12,1118.0486700313859,10.704375064949202,0.010643224231898785,-0.055659548847273754
0,2001-02-13,1110.307872058185,10.634650310056482,-0.006923489272594452,-0.06972475489271979
0,2001-02-14,1131.002180930662,10.347821787478523,0.018638351932168007,-0.28682852257795943
0,2001-02-15,1147.0153514221026,10.303270558970068,0.014158390462398529,-0.044551228508455054
0,2001-02-16,1161.5222048780383,10.43387078596017,0.012647479772567749,0.13060022699010254
0,2001-02-20,1152.1789324125132,10.427834888125577,-0.008043989539146423,-0.006035897834593129
0,2001-02-21,1172.773363486861,10.22142006771659,0.017874334007501602,-0.2064148204089875
0,2001-02-22,1185.4786615534586,10.117205816189358,0.010833549313247204,-0.10421425152723174
0,2001-02-23,1192.1005655835656,10.022760530236681,0.005585848353803158,-0.09444528595267698
0,2001-02-26,1201.7265797756625,10.117338347336641,0.008074834011495113,0.09457781709996027
0,2001-02-27,1197.5416474340489,10.082200359146018,-0.003482433035969734,-0.035137988190623304
0,2001-02-28,1195.617583187094,9.902753038745878,-0.001606678357347846,-0.1794473204001399
0,2001-03-01,1203.8307986037198,10.019725342438399,0.00686943344771862,0.11697230369252054
0,2001-03-02,1190.4659293173224,10.053068571282749,-0.011101949959993362,0.03334322884435004
0,2001-03-05,1195.2452005274922,10.153426794784961,0.0040146224200725555,0.10035822350221224
0,2001-03-06,1177.959526878024,10.153392376356525,-0.014462031424045563,-3.441842843621146e-05
0,2001-03-07,1187.4534669616423,10.395145044533882,0.008059648796916008,0.24175266817735697
0,2001-03-08,1164.9543463493,10.60330174281179,-0.01894737035036087,0.20815669827790906
0,2001-03-09,1153.7220775099704,10.728652370853494,-0.009641810320317745,0.12535062804170316
0,2001-03-12,1153.8750826376013,10.686361178024846,0.00013261870481073856,-0.042291192828647794
0,2001-03-13,1160.705015018558,10.503478350639007,0.0059191263280808926,-0.18288282738583916
0,2001-03-14,1174.9038570584478,10.523712633497162,0.01223294623196125,0.020234282858154984
0,2001-03-15,1160.2221291602784,10.34727665662796,-0.012496110051870346,-0.1764359768692021
0,2001-03-16,1189.6602817572193,10.193426596074026,0.025372859090566635,-0.1538500605539337
0,2001-03-19,1183.846609502318,9.528863545623231,-0.00488683395087719,-0.6645630504507949
0,2001-03-20,1234.5939239936527,9.343766639163162,0.04286646097898483,-0.18509690646006938
0,2001-03-21,1209.7183140948518,9.42820825360642,-0.02014881931245327,0.08444161444325715
0,2001-03-22,1201.2327726108078,9.377656876786471,-0.007014477159827948,-0.050551376819948146
0,2001-03-23,1200.6695504094312,9.246283798741592,-0.0004688701592385769,-0.13137307804487897
0,2001-03-26,1212.6803740789003,8.947069107593103,0.010003438219428062,-0.29921469114848875
0,2001-03-27,1220.4836146768473,8.973538235575738,0.0064347051084041595,0.026469127982634788
0,2001-03-28,1218.5185872791487,8.881315994329155,-0.0016100399661809206,-0.09222224124658318
0,2001-03-29,1217.272932344689,8.885171480028491,-0.0010222699493169785,0.0038554856993364695
0,2001-03-30,1227.667259430891,9.026148224111454,0.008539027534425259,0.14097674408296257
0,2001-04-02,1221.7397617932115,8.871293193078605,-0.004828260745853186,-0.1548550310328487
0,2001-04-03,1239.626752947333,8.794380414071052,0.01464059017598629,-0.07691277900755367
0,2001-04-04,1248.2095488844623,8.768279202075343,0.00692369369789958,-0.026101211995708695
0,2001-04-05,1256.473229824478,8.83152345273324,0.006620427593588829,0.06324425065789718
0,2001-04-06,1272.0475046501726,8.65906974450162,0.012395230121910572,-0.17245370823161998
0,2001-04-09,1268.1430857765945,8.713815662258389,-0.003069397062063217,0.05474591775676885
0,2001-04-10,1262.5707877870711,8.608582837783622,-0.004394060932099819,-0.10523282447476667
0,2001-04-11,1263.8247679437056,8.682398161491797,0.0009931959211826324,0.07381532370817467
0,2001-04-12,1263.2721630504468,8.678458320285129,-0.00043724803254008293,-0.0039398412066677935
0,2001-04-16,1265.0761020815205,8.746421315306563,0.0014279892202466726,0.06796299502143377
0,2001-04-17,1266.3366120058304,8.833346212644866,0.0009963905904442072,0.086924897338303
0,2001-04-18,1264.5244902700276,8.815422935922403,-0.0014309952966868877,-0.0179232767224633
0,2001-04-19,1262.7376202390296,8.672224239752264,-0.001413076650351286,-0.14319869617013836
0,2001-04-20,1250.3003296733746,8.710904676691575,-0.00984946545213461,0.03868043693931078
0,2001-04-23,1259.1780134308,8.754280250586746,0.00710044102743268,0.04337557389517066
0,2001-04-24,1214.4681251670447,8.75349700611593,-0.0355072021484375,-0.0007832444708153474
0,2001-04-25,1230.3730384706757,8.792307184238505,0.013096196576952934,0.03881017812257426
0,2001-04-26,1191.99148301194,8.953193646060503,-0.031195055693387985,0.16088646182199895
0,2001-04-27,1173.1065618099733,8.954857079960243,-0.015843167901039124,0.0016634338997398856
0,2001-04-30,1199.9886374740174,8.859081407371937,0.02291528880596161,-0.09577567258830655
0,2001-05-01,1200.4577969299903,8.849760303996085,0.00039096991531550884,-0.009321103375851791
0,2001-05-02,1207.8824459649582,8.650435821522752,0.00618484802544117,-0.19932448247333312
0,2001-05-03,1228.5148258823115,8.731833914720365,0.017081446945667267,0.08139809319761326
