sp500,DGS10
-0.00819879,0.048591733
0.013430791,-0.034155037
-0.0021741036,-0.023901127
-0.006050441,0.04401764
0.009620073,0.08590737
-0.010891485,-0.10534658
-0.0034919651,-0.0640368
-0.0044398643,-0.032282755
0.002806905,-0.048980482
-0.0016468065,-0.018011753
0.007220662,-0.05759063
-0.0070946985,-0.044601087
-0.0074997093,-0.04807982
0.009162955,0.07699998
0.011897664,0.031610895
0.001238802,-0.024732992
-0.0025167745,0.0134052215
-0.007944274,-0.0032634134
-0.003131707,0.0034542375
-0.0116380155,-0.027586825
-0.0017310929,-0.038292587
-0.008638004,0.032637984
-0.0009381182,0.10392953
0.015040198,0.042843685
-0.002594288,-0.055736452
-0.010951864,-0.07382334
0.015398693,0.047577944
0.0034154286,0.020716975
-0.005094936,-0.08368084
-0.0023467895,0.0075894576
0.003609251,-0.08569757
0.009797623,-0.0075312783
0.0056550214,0.026115408
0.002981008,-0.02187706
0.0058380123,-0.24705559
-0.01176952,0.03649098
0.00297646,-0.030518886
0.019748868,-0.002698386
0.0026685172,0.016173096
0.0057583563,-0.028218504
-0.00034664408,0.010096754
-0.0055821817,0.043204676
0.011700206,0.024904978
-0.012081018,-0.007602795
-0.00603009,-0.11948253
-0.02424997,-0.068074584
0.0014043158,-0.0036754275
0.00076842104,-0.063290745
-0.0064567705,0.059606273
0.008368116,-0.060117703
-0.0014158355,-0.012787354
-0.00473019,-0.10097542
-0.0056640087,0.026302414
0.00033944938,-0.02458116
-0.0021892365,-0.0021319815
0.010307785,0.048759308
0.0033818097,0.027972141
-0.0015380605,-0.034415863
0.0046787662,-0.030258162
-0.007175892,0.0013107146
0.0058482187,0.019997913
-0.009411056,-0.051110882
-0.00016577356,0.020173026
0.0015633295,-0.04152215
-0.0021804892,0.011626699
0.014040492,0.045056436
0.01097732,-0.03976855
-0.00042657834,-0.08277376
0.010288017,0.040974475
0.0050330474,-0.024950475
0.0053464025,0.036129784
-0.0027777886,0.08677032
0.0069923205,0.0056775776
0.0015348024,0.12035121
0.0005266011,-0.024239998
0.0017613326,0.00854721
-0.001452875,0.03165113
-0.009179644,-0.01579991
-0.010900516,-0.0079732435
-0.0036538346,-0.0061988016
0.011826379,-0.053080574
-0.010927048,-0.046298247
-0.010170696,-0.028002145
-0.016342625,-0.07605651
0.0012073625,-0.07414553
0.0058751744,0.0016902427
0.0006569198,-0.090018645
-0.019278472,-0.10684431
0.008838882,0.07297623
-0.005653994,0.009982747
-0.0022450234,0.066847615
0.00018759258,-0.034175355
-0.0027229586,-0.018046463
-0.0040826467,-0.0025548425
0.013887491,0.029321441
-0.0020449725,0.036180798
0.009831978,-0.06199374
-0.005169517,0.039904963
0.01229099,0.06990525
-0.0010874798,-0.0100381
0.0028922225,0.01402776
-0.0023385044,-0.011993095
-0.0068101967,0.057346508
0.0096667,0.03809484
-0.018483847,-0.076218046
-0.009389717,-0.05129858
-0.019825881,-0.013687243
0.024917005,-0.049813986
-0.0140725775,-0.0449774
-0.0006008876,0.0070338445
0.0006393716,0.19576764
0.019431941,-0.22485119
-0.029243197,-0.05785338
0.0073637674,-0.0030458136
-0.0022379642,0.010838741
0.0035238042,0.017481487
-0.00073714706,-0.18149702
-0.01222674,-0.0038826242
0.019483631,0.09806266
0.022746302,-0.03738721
-0.0042671026,0.04008728
0.019046804,0.05416767
0.00034636632,0.014381656
-0.008456629,-0.035781104
-0.00981724,-0.08923059
-0.0054342663,-0.052160658
-0.00753499,-0.011982864
9.285007e-05,0.20001732
0.013357439,-0.0012263969
-0.005739098,-0.039483204
-0.0021980142,-0.01654013
-0.0027973352,-0.028267207
0.013685738,0.107149564
0.006162308,0.05196899
0.023732815,-0.021090414
-0.006433918,-0.09868575
0.0031366863,0.08042075
0.0044244057,0.014620197
-0.0027476654,0.055932924
-0.0024496221,-0.019847266
0.005611186,0.05994115
-0.0042527714,-0.0037412604
-0.018434305,-0.03003287
-0.0075186156,-0.01989239
-0.007334087,-0.07349384
-0.01008048,-0.032376647
-0.0034452747,-0.058304515
-0.0064157983,-0.10232627
-0.018463146,-0.047458753
0.013363438,0.055067
0.0081351735,0.002895913
-0.0004485934,-0.02297761
-0.010624148,-0.05020439
-0.00089607656,-0.030791461
0.0029696908,-0.030845553
-0.001584078,0.06750778
0.021459918,0.09862247
0.008474811,-0.0153843155
-0.0023249905,0.0011857714
-0.009132238,-0.019941641
0.0059595583,0.00964355
-0.00820217,-0.068463326
-0.00031822314,0.029604709
0.014966506,0.050110877
0.007891619,-0.0756344
-0.0053321524,0.010941881
0.011192983,0.04107241
-0.007701248,-0.0061805835
0.012091376,0.060003284
0.006034679,0.009992375
0.008165717,0.016478587
-0.004638343,-0.021937769
0.0011663963,-0.0029526567
0.0025544357,-0.0037781142
-0.00087561435,-0.010428868
0.0009459093,0.03713538
-0.0007586378,0.02843884
-0.0057734787,0.015062311
-0.005065882,0.011680913
0.0019218482,-0.014327111
-0.0019416468,0.0029556649
-0.0029581904,-0.024386553
0.008833783,0.009070792
-0.012630432,-0.028721802
-0.00026554416,0.017978007
0.0028570462,0.022120785
0.017677018,0.026602428
0.0032195812,-0.020249011
0.006198378,0.0416892
0.006831553,0.02781325
-0.0074708806,-0.025483457
-0.016650958,-0.04523888
-0.012805188,-0.0073830453
0.008067259,0.01332042
-0.002251355,-0.02182959
-0.003976861,0.0017035952
-0.0029297047,-0.0018254019
0.013958763,0.040606145
0.023167519,0.042593334
0.0017444103,-0.023825713
-0.003440496,-0.012017579
-0.0048631607,-0.013259124
-0.0022884347,0.0034024206
-0.0060258657,-0.014385105
-0.0049600247,0.038597576
0.008068525,0.05014368
0.006610209,0.0067246123
-0.005573875,0.0336807
0.004930907,0.017638657
-0.0013081352,0.015210756
-0.011779281,0.035409246
-0.0047454964,0.025332063
-0.009279015,-0.05707893
-0.007454114,0.018646225
0.009228677,-0.010798439
-0.007022226,-0.034208942
0.0042082625,-0.00019300591
0.0037561273,-0.052359007
-0.0043198443,-0.023591833
0.00031099527,-0.0017108569
-0.0024851798,0.0018110767
0.0031090642,0.017878186
0.013335042,0.07742741
0.00492818,0.021753063
0.0047210064,0.038629156
-0.0016989564,0.016850447
-0.02146301,-0.09996054
-0.0070563396,0.019007081
-0.0026452122,-0.046854876
0.0015642149,0.005418383
-0.0060864864,0.0013407205
-0.011085112,-0.03778632
-0.00368415,0.0035877693
0.010024216,0.014412683
-0.0062025394,-0.010547619
0.008447491,0.12539113
0.0039135846,-0.047131803
-0.025823636,-0.10321592
-0.015749939,-0.060272858
0.0018176314,0.026354898
0.005255808,0.049659494
0.0070253704,0.051205773
0.0047086477,-0.015735868
-0.008622879,0.005043056
-0.004242104,0.00069444225
-0.008453112,-0.09015696
-0.014767457,0.011122866
0.018747583,0.022649642
-0.002794668,0.021343084
0.00095883897,-0.045436844
-0.0028276197,-0.03379158
0.0005805462,-0.010061488
0.013687366,0.014307991
-0.0007958453,0.011125212
0.0018509632,-0.009405868
0.008180381,0.017256187
-0.0021138012,-0.0010150091
-0.00038772513,-0.023044383
0.002810464,0.06694224
0.0005404537,0.03124819
0.004337639,0.0063498067
0.0055006403,-0.023371048
-0.01403339,-0.027747463
-0.032785267,-0.078796506
0.002037201,0.030683972
-0.0075654797,-0.042623304
-0.0010356469,0.011288584
0.0015934735,0.037870754
-0.021494802,-0.00611641
0.003143373,0.03274156
0.023281962,0.04708275
-0.021040728,-0.011908968
0.013594886,0.029773429
0.005992032,0.011100892
-0.01569107,-0.038844038
-0.0042241313,-0.07071609
0.005804944,-0.04595641
-0.020026028,-0.05746836
0.008721664,-0.013198374
-0.001396043,-0.018776543
-0.008845434,-0.0060559995
0.0015824004,-0.016027683
0.010041434,0.10995895
0.019899119,0.031116491
0.014162639,0.052338406
-0.011002306,-0.034262974
0.012022536,0.0045159166
-0.012098864,-0.006961756
-5.4978533e-05,0.010764989
0.007925233,0.012730919
0.011594931,0.039121255
0.003928776,-0.0058443793
0.0031868005,-0.041536275
-0.014742785,-0.05383779
-0.0030179669,-0.00021130816
0.007385158,0.050109547
0.0022056382,-0.016025057
0.009299534,0.041468304
0.0046068765,0.0018982171
-0.0018093317,0.011260702
0.0013455213,0.027319198
0.005180083,-0.016207421
0.015504882,0.037604608
-0.013278321,-6.647763e-05
-0.018257793,-0.051369313
-0.017563256,-0.06600959
0.019392002,0.033991106
-0.0071832472,-0.019926297
-0.028309472,-0.07087322
0.020208225,0.03102869
-0.02133745,-0.009174067
0.002548484,-0.010597224
-0.007648704,-0.025643876
0.0066635413,0.039852507
4.3265987e-05,-0.06714441
-0.0051024696,0.0025089884
0.0067341416,0.03923704
0.009646263,0.011749282
-0.004012895,-0.06598915
-0.0037908643,-0.020703478
-0.018029412,-0.04002554
-0.013120511,-0.07267153
0.001284654,-0.086003244
-0.0023696164,0.03103477
0.001956046,0.02582961
-0.0024272434,-0.018888772
0.0009444223,-0.025094187
0.0009520126,0.035105903
0.010042243,0.018273076
0.0042451597,-0.0061858
0.006450503,0.021619603
-0.0046661366,-0.065653846
0.001886058,0.0069368808
0.0011436968,-0.012967745
0.009035938,0.10900931
0.0060838033,0.020747822
-0.013586578,-0.06361231
0.00015709945,0.01337412
-0.0029925012,-0.047395132
0.0079774605,0.0040573454
0.0011783355,-0.028137267
0.003650182,0.04756588
0.0040652244,0.019101724
-0.01009002,0.006742109
-0.0035582725,-0.0161029
-0.007219636,0.009598942
0.003284405,0.063742846
0.00141717,-0.004511681
-0.017154364,-0.05250419
-0.009681103,-0.054714344
0.0047197286,0.07020054
-0.00082773075,0.031742647
0.0005203505,-0.029996077
-0.014051858,-0.036668573
0.0004618722,0.04423667
0.006103209,0.013347677
-0.002338108,-0.00930619
0.002164622,0.020564621
0.009559536,-0.012023125
-0.00983019,-0.059076145
-0.0065722372,-0.009566987
0.0116774645,0.047278382
0.013018482,0.023522552
0.00029729196,-0.005968081
0.0098934425,0.04141182
0.005088439,0.0067208973
0.004237324,0.030200133
-0.0010973063,-0.019122282
0.0047039273,-0.018763797
0.0064002927,0.0073567335
0.00054328004,-0.07690492
-0.0047412836,-0.0578855
-0.007058549,-0.0018553215
0.004821948,0.017490486
0.008852133,0.0695623
0.0021426908,0.010552057
-0.001790219,0.0020193842
0.008703613,0.015763305
0.00020344212,-0.001156707
0.0060103694,0.05128453
-0.010399145,-0.024452165
-0.014623186,-0.023936277
0.005737231,0.035964213
0.0025425968,-0.022902464
-0.019815795,-0.02547882
0.00958912,0.02242213
0.0045002066,0.024545312
0.0024077867,-0.0035622315
0.012615547,0.059257355
-0.00096405135,-0.019340599
-0.0043492597,-0.020687716
-0.004719801,-0.014871422
-0.0033086597,0.0078672115
0.007118665,0.018267334
0.012668761,0.023384249
-0.0042715687,-0.015065513
-0.0005849225,0.0020382723
0.0054618847,-0.03260339
-0.0027036062,-0.0063700466
0.0022633085,0.01322836
-0.0010021349,0.005466477
0.0017344017,0.00016337453
0.0048679984,0.008278554
0.012390362,0.07199857
-0.0042248247,-0.038189154
-0.010932385,-0.04575872
-0.0064062085,0.006589474
-0.0047150576,0.019216321
-0.0027381335,0.016527025
-0.009774856,-0.03145218
-0.00082314084,0.0019996974
-0.005998493,0.014083717
0.00076374586,0.06774363
-0.0044307034,-0.00750571
-0.0063338256,0.023699027
-0.011196858,-0.02717247
0.0080025885,0.0034371845
0.0016960722,0.01108354
0.011252673,0.085463606
0.011336075,-0.0007353568
-0.004497307,0.0016490776
0.008940003,-0.0030957425
-0.005440308,-0.068640634
-0.0061135143,-0.06801362
0.0023772023,-0.024400206
0.0060162395,0.005339021
-0.014025174,-0.08948621
-0.01611216,-0.003692598
0.0048703104,0.08968616
0.01589667,-0.021696508
0.00018258672,-0.1349703
-0.009346778,-0.030161075
-0.0011535718,-0.068363726
0.0056326985,0.13962767
0.017364157,0.004007811
-0.014506642,0.017574036
0.012148515,0.04083601
-0.013784615,-0.07474223
-0.019893043,-0.001076883
-0.0044788127,0.06185043
0.021645805,0.058174413
-0.015797779,-0.08283471
-0.010296149,-0.1440844
-0.009480078,0.021378066
0.007278674,0.019936085
0.0012699928,-0.05956504
-0.01904946,-0.024258815
0.01393261,-0.017575707
-0.012989599,-0.124456674
0.008159643,-0.007731817
0.003089307,-0.043309942
0.0012060981,0.0004622572
0.010427403,-0.03778861
0.0055935006,-0.018499507
-0.0032482566,-0.046751227
0.0015223543,0.026280275
0.016253453,0.0042399056
-0.0051232306,-0.0013906687
0.005612164,-0.039923165
0.0011262506,0.01432412
-0.00080064463,-0.01540558
-0.0025626528,0.020486275
-0.005352376,-0.011872629
0.010742238,0.025196578
0.0053082188,0.05802556
0.014121132,0.06239514
0.0017183106,-0.047046024
0.006872071,0.0839652
0.0027087901,-0.028909137
0.0011091633,0.010068962
-0.0050942004,-0.040604137
-0.00828029,0.01473886
-0.0028104917,-0.0039405213
0.00023636705,-0.012282987
0.0038025093,-0.047474988
0.0052000526,-0.02209373
-0.0017345672,-0.015976688
-0.0073611517,-0.020785598
0.0010095007,0.058275472
-0.00034567364,0.06297172
-0.004282239,-0.041725166
-0.00540198,0.013648174
0.0043218094,0.010824026
-0.0057062544,-0.026789654
-0.007673267,-0.002803581
-0.0052339677,-0.016104054
-0.010085613,0.0025504616
0.0041859285,0.005135535
-0.009610977,0.014412711
0.00974601,0.011431547
0.0038250554,0.0021855717
-0.0070941914,-0.0044708643
-0.0024671836,0.05013806
0.009579615,0.034427896
0.004483997,-0.007669532
0.00334435,0.05052111
-0.0045246254,-0.034744885
0.002963032,0.042369973
0.005466065,0.05579999
0.0069289217,-0.010417715
-0.011805808,-0.04714
-0.011801856,-0.09390054
-0.021191018,-0.03954414
0.006599455,-0.026774084
-0.0077001364,0.025696054
0.010047536,0.047982708
-0.008086992,-0.03451283
-0.014608042,-0.08142682
0.0059824158,0.011852406
0.009046634,0.038329545
0.000907785,-0.079037964
-0.01623307,-0.03639575
0.0020862336,-0.0013629016
-0.0020334965,0.02870196
-0.0030419652,-0.042291004
0.008064885,0.049002785
-0.0018490469,-0.04058244
-0.0053173006,-0.020391304
0.0087113995,0.0031079245
-0.0022913704,-0.049694844
-0.009844968,-0.07579281
-0.020649422,-0.036009915
0.0010108793,-0.02479935
-0.010500014,-0.03616881
-0.0071858945,0.008210148
0.01843989,0.04323456
-0.009564372,0.119168244
0.011486298,-0.009865428
-0.018255133,0.0019245626
0.0011701691,0.03569723
-0.006129232,-0.022375667
-0.008469689,-0.031289965
0.016478743,0.07513324
0.00032557867,0.0052995374
0.011141206,-0.004291271
0.009518966,-0.012708752
0.0036679571,-0.017768592
0.010233616,0.03848986
0.0016427971,0.04313704
0.0029041362,0.002939716
0.013252033,0.03540216
-0.003677683,-0.030404529
-0.0020473667,-0.037840478
-0.013026915,-0.031363484
-0.011243163,-0.03387549
0.009200815,0.060942337
0.0103806155,-0.008905639
0.001260803,0.004454008
0.00089917146,-0.02613604
-0.0061295866,-0.00059350714
-0.0009747337,0.0029389285
0.018522695,0.07398049
0.0003258271,-0.02021583
-0.0014123401,0.021829426
-0.0012657954,-0.0031617312
8.2820596e-05,-0.0014850106
-0.0012084926,0.03837209
0.004349617,-0.003215151
-0.008490212,-0.024000121
-0.007276164,-0.016113752
0.0038092248,0.029641908
0.0019097406,-0.011225098
0.000666443,0.011017978
0.011159565,0.08195194
0.00034553313,0.031379197
-0.008457525,-0.016769137
-0.00982151,0.045406338
-0.00038657617,-0.0006539782
0.008396881,-0.08770729
-0.010048959,-0.02804879
0.005601966,0.011154559
0.01697348,0.028083688
0.00973361,0.0070583406
0.0022970962,0.030425102
-0.00947809,-0.03299427
-0.006358744,-0.011348486
0.0028929221,0.003075431
0.011907823,0.044355944
0.0067891255,0.032468613
0.0034452155,0.019215303
0.012598975,0.03705342
0.01065763,0.0048103374
-0.010527814,0.02186229
0.0066321976,0.010356736
-0.0044012424,0.020683631
0.01185614,0.025256842
-0.009741592,0.04011462
-0.007890664,-0.058144953
-0.013445621,-0.043093733
-0.0086903125,-0.005618983
0.006784639,-0.050984304
-0.008814294,-0.08200826
-0.005062198,0.012813245
0.009621838,0.018300634
0.0041066054,-0.037701394
0.010325268,0.053136475
0.011196833,0.050822556
0.00830763,0.012294616
0.0036244164,-0.038870286
-0.003903334,0.016523564
0.014577199,-0.032563224
-0.003044953,0.025794448
0.010110542,0.035207547
0.003379748,0.064561754
0.017568056,0.030177547
-0.015302213,-0.019175794
-0.024305226,-0.027763376
0.0029654899,0.0051600975
-0.010680206,0.0035610104
-0.00038133143,-0.0023474596
-0.004624443,-0.03436495
-0.011166328,-0.025126599
0.0017713127,-0.019388916
0.007923659,0.024719208
0.016964108,0.045349512
-0.002060622,0.0129276635
0.004523888,0.024437891
0.016437747,0.11254203
0.00017420723,-0.020130515
-0.007629733,0.077759065
-0.0001747231,0.017779
-0.010834523,-0.03562277
-0.00838171,-0.026334073
-0.003037393,-0.017071169
-0.0012363007,0.0003094579
-0.009983008,-0.027948616
0.015357105,0.05552947
0.006014332,-0.022269174
-0.0017594891,0.027948854
-0.005493982,-0.011395897
-0.008722052,0.014717394
-0.0052856,-0.03158199
-0.009718481,-0.022027126
0.007856243,-0.0043830164
-0.0076807123,-0.021439886
0.003376429,0.05306508
-0.006618039,0.0028715136
-0.0042381696,-0.025355376
-0.00748456,-0.005663987
-0.0009754081,-0.0030290787
0.011061713,0.02654598
0.0037659563,0.0018794511
0.01654813,0.022712702
0.007469968,0.016400788
0.005414945,0.0036614297
-0.0004896561,-0.024266167
0.005701379,0.017251572
0.002188432,0.00185893
0.006159672,0.028970236
0.0152263185,0.07627968
0.0029858463,0.12144174
0.002053626,-0.0090454165
-0.0032483512,-0.024926044
-0.0028040214,-0.0073937383
0.0009785896,0.04245473
0.017133322,0.032776073
-0.003854491,-0.0053086993
-0.0030051852,-0.06399001
2.3613567e-05,-0.08061031
-0.015118413,-0.008027153
-0.003294025,0.059432738
-0.008149574,-0.0032666503
0.011000539,0.10081882
5.9902086e-05,-0.04649323
-0.004573007,-0.02303121
0.0031223055,0.012754727
-0.0012358718,-0.06596291
0.001697895,0.09702892
0.008712764,-0.0013980203
-0.0028414906,0.0028004402
0.007568874,0.021225434
-0.0064704916,-0.05253481
-0.009986238,0.019881751
-0.0017040721,0.04230426
0.0017190697,-0.010184537
0.007368359,-0.004197251
0.012412858,0.0010596142
0.005630879,0.0392615
0.013664296,-0.008215601
0.010316473,0.062345967
-0.005297292,-0.05639312
-0.01089043,-0.019968588
-0.010646123,-0.08580176
-0.002779894,-0.050598897
0.006844431,-0.00019743848
0.0108410455,0.036569476
0.01785566,0.063754536
0.0076636514,0.019926205
0.0046752347,0.01545185
0.005288448,0.04435789
0.005954519,0.051210463
-0.0043559964,-0.016574962
0.004445191,-0.010626187
-0.007920109,-0.031942334
0.011459912,0.04304253
0.002933684,5.7944264e-05
-0.016805239,-0.008522002
-0.020523967,-0.034037698
0.008992859,0.05644873
0.010662613,-0.0072682593
-0.007791544,-0.0034167734
0.010738986,-0.02567704
-0.007118456,-0.001413471
0.0016233595,0.018261904
0.009466601,0.008249779
0.016271016,0.0029121093
0.00754069,0.034748994
-0.004086553,-0.0015020174
0.0010912304,-0.040902875
0.0011486441,0.027239691
-0.0075991238,-0.06842814
-0.013056973,0.03488193
0.0022299727,0.021214033
-0.007110442,0.042813998
-0.0055911127,0.03595931
0.010397784,0.04939045
0.0044081695,0.007394589
0.010139706,-0.013087423
0.010902146,-0.013642549
0.014001422,0.06294777
0.013538102,0.02112541
0.0046004495,-0.023431206
-0.013854141,0.06344842
0.008068901,-0.1096508
-0.015576024,-0.14601284
-0.012302052,-0.08098584
-0.009871179,-0.042257458
-0.010512662,-0.04929291
-0.0051092054,-0.0042199898
0.0055355867,-0.024831185
-0.008819896,-0.0459615
-0.006358357,0.07067149
0.02455328,0.058345705
-0.00057988917,0.010640181
0.009237438,0.11257136
0.0026043772,0.04073187
-0.013805015,-0.024028994
-0.0011799166,-0.0022536556
0.0052616685,0.0075332616
0.025157241,0.11641638
0.004008652,-0.023442676
0.0030262037,0.013548201
0.0048117386,-0.0068840836
0.008872217,-0.032034405
0.0044992063,-0.010073632
-0.0073889717,0.0023573537
-0.010751762,-0.057058062
-0.006418911,-0.08406548
-0.0024950723,0.018399868
0.00943625,0.087245926
0.00806646,0.0063971747
-0.010637045,0.013161712
0.008779393,0.014368416
0.009649648,0.010467604
0.0027556675,0.006686061
-0.0021138573,0.028772771
0.00155447,0.0009736506
-0.0057376,-0.025046654
0.009005207,0.013408788
-0.0021380098,0.05731127
-0.001231483,-0.027588483
0.0007725366,0.005748154
0.01338893,0.008356561
0.010255799,0.0077660703
-0.0038529942,-0.001041426
0.015792731,0.09784226
-0.0018171854,-0.008200555
-0.0036999169,0.10476314
0.0021525184,0.012159775
-0.012506204,-0.050291717
-0.019831983,-0.0063327462
0.00077516783,0.11699231
0.004405462,0.0009842705
-0.013044978,-0.045055274
0.0077753994,0.0040037134
-0.012064298,0.0049058627
0.010596705,0.083021104
0.020136058,0.042155202
-0.0031683906,-0.0049114157
0.0073110037,0.046961717
-0.007931651,0.04764283
0.013319964,0.021305287
0.0040411386,-0.031197414
-0.0034400744,-0.020082934
1.4812802e-05,-0.0057200636
-0.0056354986,-0.119822085
-0.0044069495,-0.03651336
0.009972074,0.011151544
-0.021705272,-0.069548406
-0.01887433,0.001288474
0.016742667,0.060525153
0.026965478,0.040519357
-0.014323603,-0.010658165
-0.012163713,0.009035632
0.0050753257,0.079978034
-0.009044392,0.01868693
0.00057361566,0.0034809522
0.0004776764,-0.0410582
-0.0011180702,0.0134449545
0.006615087,-0.019397035
-0.005702625,0.01742841
0.009538435,0.0011961864
-0.00286518,-0.025738966
0.0009846482,-0.0764331
-0.026342323,-0.029029032
-0.00043960102,0.02242862
0.007897812,0.04825469
0.008221956,0.07297853
0.008525058,-0.060853228
-0.012717656,-0.00030819577
0.011007231,-0.044977598
0.00022296197,0.018994477
0.015938096,0.08131015
-0.002066616,0.04438169
0.0028586092,0.011798119
-0.0010062371,-0.04177694
-0.0044969236,-0.07601867
-0.0035403047,0.04243509
0.014610538,0.06293055
0.003088553,-0.022378003
-0.0032739579,0.10170629
0.0058013517,0.025917634
0.008534733,-0.014610437
-0.015214846,-0.10369771
-0.009522136,0.0026324962
0.010871558,-0.024850639
0.0046009747,0.034304358
0.012179159,0.0373753
0.0056483345,0.011553353
-0.0069067925,-0.036426906
-0.0028001121,-0.010289546
0.0023758248,0.01401703
-0.0072416416,-0.013139444
0.0035961834,0.025848575
-0.010331359,-0.0016343866
-0.01876873,-0.06445574
-0.013358165,-0.0062470166
-0.0004967521,0.036179267
0.005234609,-0.029294308
0.0076515744,0.007054619
0.005796255,0.07903585
0.00450721,0.0067787883
0.0018164036,0.0015822633
-0.00027324804,0.036067672
0.006519632,0.012904741
-0.0040502474,0.023853473
0.0023800274,-0.029052883
-0.001477477,-0.013006905
0.003598976,-0.001266461
-0.0055295886,0.027134204
0.02061419,0.022090275
-0.009280723,0.0036745034
-0.011022907,-0.020886915
-0.0056653703,-0.019458732
-0.012667333,0.013701247
0.0058789104,0.02736963
0.013407673,0.04348919
0.0008915684,-0.02708773
0.011395372,0.056688584
-0.0074048894,-0.00980288
0.0025954954,-0.048411574
0.0008326501,-0.017641744
-0.012177571,-0.050118227
-0.0055056866,-1.1493024e-05
0.008171317,0.029411007
0.0071152085,-0.043706406
0.003246365,0.08802036
-7.0965616e-05,-0.1079124
-0.0043770755,-0.0348991
0.0033397898,0.013207972
0.011525388,-0.010762685
-0.009580467,0.019415788
-0.0034356439,0.028644593
-0.0038255272,-0.018597651
0.003786615,0.0021558492
0.0055421432,0.031630248
-0.010583252,-0.070443645
-0.012885526,-0.052006423
-0.0018820256,0.012678907
0.006664224,7.873631e-06
-0.01341478,-0.0050921347
-0.00303956,-0.0005760017
-0.016939105,-0.05183823
-0.017996341,-0.025846649
-0.003823434,0.002182315
-0.0011924214,-0.03324928
0.0041733435,0.004343846
0.0028297016,0.023999227
-0.0076191584,-0.019600917
-0.0109535605,-0.030335587
-0.00019078644,0.008051032
0.012389086,0.0019078656
-0.0039101494,-0.025357846
2.1870714e-05,-0.008898568
0.009624091,-0.00738894
-0.00686184,-0.018792734
0.012449591,-0.0030471354
-0.0020857593,0.00965802
0.012469409,0.040317867
0.003733083,0.0036284644
-0.0030277483,-0.05124823
0.0055788476,0.009477368
0.00741052,-0.0060666483
-0.0019957977,-0.005820042
0.0011056866,0.00928272
-0.0016589104,-0.0078058266
0.012527753,0.031039773
0.004495572,0.03874237
-0.0019903772,0.026386881
-0.006202201,0.0027972935
-0.012097415,-0.019307071
-0.0023110427,-0.013396908
0.0031737154,0.015501037
0.0026923595,-0.013227536
0.009061549,-0.014210558
-0.0021564453,0.00502148
-0.004501995,-0.045287002
-0.0019892734,-0.010584671
0.011592704,0.09626121
0.00385532,0.01733907
-0.0073332796,0.022665625
-0.010296628,-0.0069648754
-0.0055552064,-0.024746971
-0.0011943069,-0.009472395
0.0050210096,0.02819341
0.0055801743,-0.03131882
0.0076157213,-0.013177333
-0.0023502682,0.023372307
0.013478033,0.08072825
0.005645081,0.005233979
-0.0016373689,-0.038179997
-0.016023738,-0.023887854
0.00016405003,-0.02783725
-0.012528732,-0.04364019
0.0056332313,0.0033099775
-0.006053465,-0.02303422
-0.007888875,-0.032811165
-0.022369914,-0.07498749
0.009708529,0.025672762
0.0049260887,-0.012637193
0.01996939,0.019878343
0.0006781074,0.021858068
0.004067998,0.040128324
0.020804197,0.068440214
0.002707148,-0.031674456
-0.00061451073,0.010291553
0.0026838034,0.0010921435
-0.008898899,-0.021135999
0.0069363005,0.014018927
-0.00013713798,0.012977016
0.014502253,0.024825705
0.0016897982,0.040419996
-0.007399825,-0.0049631274
-0.007883325,-0.04060762
-0.014112357,-0.01614671
-0.00033491064,0.0077163023
-0.010229747,-0.02145506
0.0033152343,0.008692044
0.0009299391,-0.036869712
0.0008453976,-0.009668605
0.009554325,0.012675424
0.0015605327,0.010853628
-0.0032937126,-0.015963653
0.002555556,0.0054567405
0.004698226,0.044942852
0.00022770633,-0.013606421
0.009051394,-0.010194241
-0.0008160528,-0.02290452
-0.0077528013,-0.03197736
-0.003934818,0.0024223793
-0.009282111,-0.00949958
-0.00021770038,-0.026537478
0.00652694,-0.016722316
-0.00032978551,0.022879355
-0.0073787733,0.02007238
-0.012818382,-0.042793345
0.004815351,0.021076217
0.0036470648,-0.011632277
-0.02770113,-0.08157598
-0.0059922193,0.017290805
0.0069745937,0.01683895
-0.0061990833,0.014243259
0.011534713,0.057993446
0.000699067,-0.04909959
0.0014199693,-0.10587361
-0.028055046,-0.052958675
0.012486318,0.06745643
-0.004858343,-0.0744496
-0.0051367953,-0.047112208
-0.0019918624,-0.009663093
0.0086220885,0.02450316
-0.00081729976,0.03988251
0.016855251,0.024705157
0.007833448,0.02616538
0.01334206,0.032544564
-0.010192234,0.023371285
0.009411532,0.024847789
0.0046949927,0.012260306
0.0021610782,0.009581912
0.0020053894,0.013558523
0.0072285635,0.17095707
-0.00050807913,0.018016206
-0.0067078006,-0.022156643
-0.007636888,-0.0035387268
-0.021380972,0.067561515
-0.0072065187,0.046585917
-0.009279709,-2.8653434e-05
-0.015099293,0.15695615
0.0103888195,0.010449528
-0.006105094,-0.02487638
-0.011476989,-0.034067582
-0.005954165,0.020460136
0.00702641,-0.025328254
-0.009850412,-0.08573849
-0.00977428,-0.008845589
0.0059493296,0.07435345
0.006618141,-0.028645758
-0.0038631766,0.01658665
0.0016918569,-0.019289477
0.020710345,0.030175002
0.006082734,-0.0006406747
-0.0066467714,-0.031269602
-0.0064534685,-0.04170227
0.0055860104,-0.014625704
-0.006062417,-0.016804706
-0.006207198,-0.01129249
-0.019279981,-0.0006060758
-0.021146808,-0.05635414
-0.008740591,-0.002557333
0.0068387343,0.02316014
-0.0026608754,0.007003092
-0.0029592323,-0.008780581
-0.006026818,0.000619189
0.0006720915,0.0030297218
-0.001735462,0.013670434
0.00071031303,-0.004289585
0.019487321,0.060926355
0.006519269,-0.0156189315
0.0040155593,-0.017258268
0.0032040402,0.21871616
0.013627667,0.0014234768
-0.0055370373,-0.039107095
-0.016036347,-0.029197995
-0.008988685,-0.033575602
-0.0032467681,0.093117535
0.013547363,0.030318007
-0.0060643596,-0.040831108
0.0042302734,0.035020757
0.0020134016,-0.028502585
-0.006448362,0.08051584
0.014015225,0.028087683
0.0022171955,0.0006267798
-0.0056240885,-0.03147211
0.0013785751,0.04393243
0.0007006165,0.015728787
-0.00374405,0.06285326
0.0016114416,0.01925183
-0.0018981006,-0.07311458
0.0012091607,-0.11411066
0.0016560387,0.010239179
0.004357699,0.03755788
0.0028425485,0.0069423877
-0.001016029,-0.078996174
-0.0014067357,0.10034309
0.004309605,-0.0030315893
0.00093581603,-0.05071824
-0.004935434,-0.053498536
-0.008627224,0.02784797
-0.0024967473,-0.0093994625
0.001343446,-0.046345048
0.0019455077,0.018534394
-0.0023420926,0.07852657
0.024428751,0.011576903
0.0011751467,-0.02723809
-0.0051050223,-0.1610273
0.0012358243,-0.052299827
0.0036319701,-0.036921114
-0.014987523,-0.030553732
-0.003929779,-0.003051648
-0.006404238,0.032770135
0.01573281,0.031210708
0.017150763,-0.008677238
0.011376308,-0.018392181
0.010304864,-0.02822497
-0.0096569415,-0.029291015
-0.0055465633,-0.08301628
-0.0076705283,-0.05876927
-0.0019688616,0.0014590119
0.0049725804,-0.027609684
-0.010009877,0.015649743
-0.0017119421,-0.12020224
-0.0032666114,0.10930095
0.0104853455,0.029704709
-0.010134658,0.0026028499
-0.011522118,-0.068334915
0.00092835934,-0.06289788
-0.003957385,0.10346541
0.018380832,-0.008168456
0.010753337,0.087216474
0.013240116,0.0674473
0.0015601561,0.017946195
-0.0026598067,0.0019956497
0.0010156429,0.02933989
-0.008384552,-0.037865724
-0.010955085,0.012676303
-0.011210412,0.009944751
0.0016690125,-0.007972686
-0.012683856,-0.07478121
0.0031981631,0.020627255
0.013652485,-0.029764095
-0.0024712374,-0.037186697
-0.011122912,-0.018007964
0.027390596,0.037972197
0.00945765,-0.039191015
0.0015979909,-0.011142478
0.0053428328,-0.030396212
0.0023814568,-0.013429972
0.007471889,0.02452801
-0.00053740386,0.04369083
0.00012699352,0.008360072
0.0031935195,0.03276888
-0.0035031505,0.023657836
0.006626348,0.0146223
0.0013776191,-0.011788073
0.00929236,-0.012327138
0.00047616556,0.0016604521
0.013429919,0.05528132
0.0024712316,0.02684873
0.003541402,0.09837891
0.007578068,0.04174002
0.0047413963,0.013042526
-0.006449312,-0.08571728
0.0032106147,-0.10708282
-0.0032841885,0.034023
0.0005710801,-0.01105807
0.006064061,0.0180097
0.0015594102,-0.01555363
0.0027096388,0.0018940613
0.0037001576,0.06364196
-0.010275623,-0.033020455
-0.012554244,-0.004315617
-0.0011459375,0.0012035769
0.012797296,-0.022541936
-0.016403329,-0.05774138
0.0020682146,-0.02670123
0.008087616,0.009416785
0.0038574738,-0.06953102
0.008171433,0.006638339
0.009557924,0.020525984
0.00025161717,0.0492463
-3.6245387e-05,-0.005352188
-0.004164086,0.0042709443
-0.008250454,-0.053300895
-0.007615341,-0.005563353
-0.00805359,-0.029019814
0.0046248813,-0.028794624
-0.0072647464,-0.019142605
0.01591448,0.008448064
0.00449843,-0.18109225
-0.010941914,0.05754719
0.019940622,0.076836556
-0.0042875493,0.0540664
-0.003461847,0.022743825
0.0064435,-0.016261483
0.0049391068,0.03913651
0.0020176454,-0.08459519
-0.0053667985,0.04738954
0.0016713239,-0.02036033
0.0069098296,-0.0020048742
-0.0013484326,0.044466898
0.007484598,0.037939206
-0.0050428766,-0.03869923
0.0045920904,0.0035295626
0.012296601,-0.010114497
-0.009914018,0.076318525
0.0020448433,-0.022041861
-0.008565447,-0.038311925
-0.016644953,0.02531845
0.025479602,0.00648941
-0.008153319,-0.40428868
-0.03228396,-0.07335251
0.018558348,-0.0021950637
0.0073885983,0.028596746
0.0074925655,0.027144723
-0.011081203,0.06575005
0.012190912,0.06285235
0.003090057,-0.012851664
-0.010300875,0.03642091
-0.0049387557,0.0054648165
-0.005848671,-0.05465638
-0.012300153,-0.007682879
-0.0098529905,-0.0083883945
0.011464661,0.07814183
0.009377833,0.036390416
0.0014623394,0.034651745
0.00070053875,0.017337304
-0.0004158629,-0.051562972
0.0039335554,-0.009509909
-0.004567366,-0.012822442
-0.00025601388,0.030925695
2.5191635e-05,0.020681288
0.009063378,0.053178895
0.0024205358,-0.0351512
-0.0111214835,-0.040106997
-0.012435108,0.07114261
0.02115662,0.07095381
-0.0043029347,0.04476956
0.010673674,-0.009488601
-0.005360392,0.0769253
-0.0008924064,0.051639274
0.007858735,-0.028119475
-0.010098244,-0.03064082
-0.008527593,-0.0982317
-0.031306304,-0.122923516
-0.010730465,0.006119792
0.016668107,0.051092826
-0.009035133,-0.049932327
-0.0017637777,-0.015155276
0.00553221,0.05045724
0.005889036,-0.00903385
-0.0050217314,-0.0017760779
0.010551327,0.06199141
0.00822438,0.058993544
0.004765604,0.0012801533
-0.009613965,-0.062106386
-0.0027886184,0.045001164
0.0083647,0.03143971
0.008666887,-0.033614647
-0.0029596398,0.022367356
0.007748481,0.03700864
-0.0058981576,0.00407105
0.0014413222,-0.008925466
0.00729338,0.013405414
0.007683904,0.01253292
0.003914913,-0.07617881
-0.0017245979,-0.03342447
0.013160615,0.05951236
0.01628796,0.020531537
0.00077157083,-0.010951314
0.0023536657,-0.059717584
0.008268913,0.010556652
0.0030092367,-0.004353928
0.00070958765,-0.030494915
0.0018874229,-0.008230381
0.0013352325,0.019022403
0.008301864,0.061232936
-0.002554433,0.024272632
0.010355156,0.023260556
-0.0015733436,0.0011063359
-0.006124043,-0.0033072657
0.0050915834,0.053127553
0.005345889,0.008745874
0.013932963,0.03369111
-0.007974988,-0.020457406
-0.020803608,-0.049162026
-0.024715953,-0.04112609
-0.008383742,-0.029292691
-0.0066461726,-0.03887793
0.00043500995,0.022647452
0.000608874,0.01701362
-0.0046397867,-0.008810271
-0.010323271,-0.03818371
0.022346554,0.047429703
-0.006470235,0.02631327
0.0028159614,0.014754365
0.0026047246,0.005914489
0.009406529,0.031497806
0.00036783353,-0.0023860163
0.0061010174,0.014219044
-0.008896106,-0.026650162
0.00667102,0.020644214
0.040024437,0.03156792
-0.006260181,-0.030491805
0.023401279,0.021944735
0.0067580463,0.07400777
-0.0016501828,0.006453959
0.012102142,0.0114890775
-0.018423023,-0.0034017414
0.01656111,0.06585205
0.0016516214,0.011401025
-0.0027463234,0.037403494
0.0033007842,-0.034090243
-0.004277518,-0.0044111465
-0.0010829095,0.020668644
0.004308088,0.012615697
0.008767676,0.09037956
0.010328079,0.031224823
0.007328254,0.06281969
0.011129112,0.035938274
0.008836937,0.01210361
-0.011310784,0.034336254
0.00013691263,0.0699559
0.001192857,-0.019376542
-0.020657446,-0.05005333
-0.004350391,-0.01332438
-0.009668914,0.023809955
-0.0034987717,-0.07806871
-0.005581865,-0.058229934
0.0098533835,0.071013376
0.017884452,0.048599053
-0.0010090132,-0.02427349
-0.010253905,-0.0071096965
0.0059387526,0.10970113
0.007932703,0.043831956
-0.0039635804,0.013374986
-0.017805958,-0.038187113
-0.0037594752,-0.092200726
-0.02096779,-0.047444616
0.0042710193,0.015626919
0.004985587,-0.024896285
-0.0017748114,-0.0018467414
0.0059403623,0.014494572
0.005444514,0.008151462
0.018898072,0.059805546
0.0031076903,0.0092203235
0.004294188,-0.011462496
-0.003226747,0.0017463089
0.010120945,0.031119658
0.0013380513,0.030605014
0.00013541244,0.0022702927
0.0056882915,-0.029291803
0.0072051687,0.066075794
0.010881297,0.023421984
-0.011388486,0.011102922
0.003973957,0.013776803
-0.008122837,-0.022125252
-0.017294675,-0.008631693
-0.024433259,-0.07640333
-0.005380137,-0.006325402
-0.0007693941,-0.020246308
-0.003669301,-0.088003375
-0.008701228,-0.0021598293
0.01989002,0.05341392
0.014425917,0.024705522
0.0025985572,0.058294497
0.00041821692,-0.03648737
0.001992406,-0.11959848
-0.0030932904,-0.036519665
0.0105120065,-0.07420536
0.009592883,0.050039593
0.0029582419,-0.0104180565
0.006181282,-0.07053075
-0.0010776841,-0.029198356
0.003909426,-0.025379451
0.014795631,0.0064225323
0.004351777,0.03395338
-0.0014685047,0.006374494
-0.00046026538,-0.021846889
0.009644883,0.006376095
-0.008926557,0.0732052
0.0011664146,0.00201841
0.006531954,0.056005925
-0.002879224,0.029674046
0.005598131,0.015208736
-0.020825732,0.015940433
-0.023143731,0.0564086
0.0048728026,0.17128177
-0.0019204591,0.010503642
-0.005797655,-0.18093483
-0.0084916,0.010840848
0.004129839,0.08973971
0.0029652403,0.08121447
-0.0071330043,-0.090057455
-0.014087679,0.017746735
-0.0011161615,0.047955267
0.007846347,0.018444618
0.006830994,0.07766444
0.002586917,0.004525369
0.014807342,0.008572425
0.006143367,0.17443252
0.0014774983,-0.010940203
0.0025082626,-0.035899755
0.00032046606,-0.09441949
0.00011679798,-0.11217798
0.008586783,0.02970082
0.0076111713,-0.08726873
0.013825253,0.026996337
0.01199441,-0.014658602
0.0009061078,0.0044547217
-0.003274215,0.060600225
0.010068839,0.0419988
-0.00068079313,-0.024054164
0.014606525,0.052578025
-0.014800774,-0.0043610577
-0.004785848,-0.03218259
-0.015085462,-0.042428974
0.0041424525,0.0070817396
0.010957536,0.06383781
0.013957194,0.012520598
0.002515494,-0.013960708
0.0042629708,-0.08847945
-0.020205567,-0.038582265
0.0052909465,0.041486192
-0.006771221,0.024497483
-0.0046011047,-0.13709362
-0.0059254346,0.02995311
0.009666895,0.04813953
0.0072189467,-0.007810956
-0.0008022878,-0.031439148
-0.005712894,-0.05587036
0.0012579099,-0.043531917
-0.0147439465,-0.05504657
-0.011291062,-0.10789343
-0.017560309,-0.063325144
0.0032885328,-0.02053908
0.0067348983,0.006200649
0.0049870294,-0.024034275
-0.011599086,-0.082053326
-0.0020159539,0.011900386
0.0014734678,-0.03882151
0.01656191,0.028099377
-0.002550812,-0.02585497
0.009975394,0.018590271
-0.0118994815,-0.0031846836
-0.006445343,0.036326583
0.014236329,0.040549632
0.0015732916,-0.032879107
0.007951892,0.047130473
-0.0013790732,0.0012022826
0.0045013623,-0.05495825
0.0057997736,-0.014777701
-0.0068677394,0.013511062
0.004485934,0.013515317
-0.009396436,-0.048123714
0.0011277356,0.038744994
0.005308478,0.04739993
-0.0058666393,-0.044965625
-0.008099906,0.02199785
0.0017401173,-0.020296253
0.006769607,0.072249725
0.019752052,0.018785683
0.00081421796,0.059635494
0.011319206,0.016217705
0.008155746,0.022110352
-0.0013297517,0.008646045
0.0021873985,-0.00973578
0.0005993019,0.06465723
0.010317086,0.0024393394
0.0071984823,-0.0042646304
-0.0031261335,0.033237696
0.0056958115,0.01676465
0.010659751,-0.03763181
0.0032945839,-0.00038349713
0.0055668685,0.06281194
0.002878806,0.052615043
0.0024782056,0.0009617196
0.0027500626,0.03204239
0.0029326428,-0.03192809
0.0032944598,0.027080867
-0.0059266556,0.11912042
-0.007987962,0.017183544
-0.014451106,-0.014889302
-0.005203022,0.038347647
-0.0032067448,-0.008318731
0.006794603,0.0054084053
0.010302779,-0.030680588
-0.0027971766,-0.016177788
0.00056757923,0.02885316
0.013345571,0.014379445
-0.007647598,-0.043252483
-0.005763292,-0.06358264
-0.010610128,-0.022312101
0.0048980117,-0.014094948
-0.009582722,0.0005835862
0.0040103695,-0.06954853
-0.0064492472,-0.034668777
0.0026214388,0.00079576194
-0.009323558,-0.0034696176
0.013630364,0.036156453
-0.010760751,0.06663995
0.0063615763,0.050669204
-0.0053812475,0.04341601
-0.0029394645,0.005714024
-0.0031969622,0.016991468
0.010595927,0.06562862
-0.0014479609,-0.039862037
-0.009855456,0.010191868
-0.003837037,0.019903569
-0.0061300457,0.0062099677
0.006943101,0.0127653815
-0.0033119107,0.0155286295
0.0111905765,-0.0118335625
0.013865158,0.0490696
0.013992991,-0.047763396
-0.0012026853,-0.047548912
-0.006103008,-0.070224814
-0.012714675,-0.062160295
-0.01821596,-0.022142513
0.0045092907,-4.2936197e-05
0.008824761,-0.010345437
0.009520139,0.04345637
0.009104289,0.042691782
0.006842238,-0.025693458
0.006351508,0.05127778
-0.002483335,-0.054056287
0.003111728,-0.014956499
-0.018421248,-0.027730437
-0.009828189,0.014650696
-0.021468265,0.0032439034
0.0046095476,0.047671888
0.0034833653,0.04716994
0.0006798082,0.13017902
0.020650845,0.06306192
-0.00085411104,0.03955631
-0.007714156,0.082565546
0.0003913294,-0.024676064
-0.015538888,-0.02762883
-0.0017795669,0.04376868
0.0066614915,-0.009334615
0.0122357905,-0.12543812
-0.0018214157,0.010426358
0.00274433,0.0024227116
0.0014146792,-0.050638977
0.005529846,0.03425443
0.0074399663,0.08946416
0.0035919652,-0.27319336
-0.0022161955,-0.08848742
0.010571471,-0.0373144
0.0013020148,-0.03371346
0.0035756428,0.03155558
0.0028856378,0.0020790158
0.0018592991,-0.0011230062
-0.0032668682,-0.062421635
0.0110493,0.046094824
-0.0064437697,-0.008723744
-0.0016122734,-0.0097018955
0.0017115969,0.0045289495
0.008858092,-0.048923876
-0.003663395,-0.0907386
-0.01290931,-0.15664274
-0.017195325,0.008890063
0.00786876,0.02589023
0.003779754,-0.08489524
-0.0030280272,-0.1746882
-0.017714402,-0.092212066
0.00085717114,0.0042263805
-0.003993065,-0.012535194
0.008948747,0.015825862
0.008306821,0.052730672
0.012605622,-0.02412376
0.0068528685,0.07750853
0.007879907,-0.012377945
0.0056145643,0.032471277
-0.0021762112,-0.039480444
0.0020552939,-0.025816672
-0.0033840886,0.025602113
0.018988864,0.02459414
-0.001765995,0.056820735
0.020908576,0.046121128
-0.0036984615,0.022321561
0.0063649286,-0.0062889187
0.0068370765,0.071987025
-0.0034982595,-0.023777036
0.005568417,-0.00997812
0.011921048,0.03948726
0.013385469,0.053739045
-0.0006887573,-0.05959894
-0.0051360256,-0.006133741
-0.0045763077,-0.006504671
0.0031594895,0.057920817
0.003567726,0.07058981
0.002601008,0.052356444
-0.0025524697,-0.014230973
-0.003227018,-0.011076513
-0.0062129106,0.03969156
-0.009093228,-0.068328805
-0.0078121275,-0.025201088
-0.008867132,-0.006653656
0.009490646,0.039628446
-0.010724274,-0.019067448
-0.00025616676,-0.041166972
-0.0056662206,0.027743397
0.009582312,0.0063083326
0.004633537,-0.017375313
-0.0054746484,-0.017629571
0.0005382363,0.012460374
0.011070133,0.090185404
-0.0032610768,-0.03974807
-0.010811146,-0.021969596
-0.009370706,-0.012524874
0.0026392932,0.058409862
-0.0051108655,0.039827276
0.0037193263,-0.027730588
-0.0056596557,-0.011204154
0.0037628282,0.0064823534
0.0022909103,-0.049310215
0.0029796683,0.0040904866
0.0047784867,0.014420316
0.014819991,0.0026414653
0.0021571016,0.02209791
0.006401439,0.0006078678
0.004917038,-0.07198168
0.0045759287,-0.00959102
0.00942559,0.060966738
0.016988887,0.0033048345
-0.00056565733,-0.017937291
-0.010606888,-0.040392473
-0.010708168,0.017960967
-0.00029760867,0.031441733
-0.0015412999,-0.02832815
-0.009478925,-0.097356126
0.0005049204,0.029385284
0.013546416,0.024111314
0.01352822,0.028748864
0.011050851,0.034032717
0.013995262,0.04182587
-0.011933406,0.011866451
-0.0057509397,0.004024512
-0.0064551085,-0.017562022
-0.005245274,0.06427566
0.010696176,-0.07470017
-0.0043194774,-0.043972127
0.005968492,0.00047738856
0.0005479321,0.07761459
-0.0041322783,-0.01658391
0.0034232335,-0.046381727
-0.012402406,0.033474147
0.005094062,-0.022517137
0.0048334403,0.005634735
0.0005571132,0.009154351
-0.0046552233,0.048970327
0.00894535,0.04365513
0.011504043,0.059823364
0.004862403,0.03146417
-0.008956656,-0.038287576
-0.008908982,-0.01654813
-0.017415341,-0.021577895
-0.012282756,-0.01842618
0.008793803,0.010240393
-0.0016550432,-0.005380331
-0.0077424804,-0.05398309
0.0029068934,-0.013305377
0.008240796,0.030450365
0.007797942,-0.0060475343
0.013462,0.015577382
0.0058153644,-0.019605812
-0.0004982786,0.033753373
0.0072742994,0.07124575
0.0072420565,0.013324613
-0.0016531178,-0.012988189
0.0043576853,0.012116736
-0.005015268,0.016540045
0.0019701447,-0.002977957
0.0050389757,0.016470233
0.000118774886,0.067635246
-0.0059337793,0.012776683
0.017466754,0.0023852687
-0.004656829,-0.036174085
-0.0012781282,0.019182483
-0.012822034,0.022451809
-0.021407101,-2.9683457e-05
-0.008623587,-0.053974554
-0.009244689,-0.04822125
-0.003040113,-0.023302501
0.0064929044,0.016691525
-0.012925608,0.031372353
0.0075859055,0.0059603415
-0.007719755,-0.047609236
-0.007965227,-0.026102185
-0.006712053,-0.04356317
-0.00050939457,0.012164641
0.0011128656,0.03487544
-0.005676415,-0.057044268
-0.0033478218,0.014647367
0.01694084,0.06192035
0.0065295734,-0.025273181
-0.00087830285,-0.036668673
-0.0055686533,-0.064809695
0.00062181934,-0.04801762
0.011256625,-0.0005387345
0.004290078,0.050652914
-0.0042207683,0.017002169
0.0051802015,-0.036868382
-0.015161173,0.011261072
-0.0020015135,0.008877267
-0.0073012114,-0.024192188
-0.0118582295,-0.0025966794
0.010259625,0.04887243
-0.0017823328,0.09958495
0.009278523,-0.031480752
-0.0024872967,-0.013804048
0.010241267,-0.037387874
-0.0007264354,0.034964383
0.005124446,-0.02172622
-0.007897133,0.0863173
0.0010785807,0.032137074
0.0011511156,-0.015067073
0.0009861675,-0.0963225
-0.008534015,0.04868695
0.00046121507,0.04986665
0.0015363324,-0.031099597
0.0020645445,-0.01564491
0.009997106,0.018704398
0.0038609605,-0.052551936
-0.0051092543,-0.02081219
0.0021505153,-0.0020125965
0.00028241973,0.038520075
0.002270461,0.017245948
-0.000870164,0.014249841
-0.0006315028,-0.014402059
0.002597938,-0.10869328
-0.00055509247,-0.006552312
-0.005501084,-0.051460814
-0.0032734876,0.015744157
0.0010680923,-0.03303377
-0.0029535391,0.045415707
0.0061562536,0.03502047
-0.006121531,0.011124488
-0.019331172,0.0005755656
-0.0016708446,-0.041919548
0.0055911676,0.03504878
0.019715223,0.055382133
-0.008976663,0.0056178616
-0.0044891895,-0.062327575
-0.010490519,-0.01421713
0.013033824,-0.014002738
-0.0057015666,-0.017169902
0.00012732577,0.011574972
0.014866319,0.06791255
-0.005690307,-0.027679212
0.010117275,0.036498457
0.019116167,0.010971839
0.0009442061,0.046742477
-0.0040252544,-0.19709983
0.0052959993,-0.1317823
-0.00028427882,-0.017347718
-0.0045651854,-0.017031388
0.0053238515,-0.023735331
0.0020762645,0.04092407
0.0011502212,-0.043867245
0.0017761724,-0.062104564
-0.0061703026,-0.0022177827
0.011711936,0.015102775
0.0047878018,0.056242757
0.011851467,0.019084955
-0.0021102643,0.0143491095
-0.008854242,-0.005383292
0.00094530795,-0.010224032
0.0034075081,-0.014468676
0.010915395,0.045045536
0.0022299422,0.0061129658
-0.003957044,0.008549865
-0.0005081999,-0.09012402
-0.014547491,0.02061034
0.0058285603,0.008472181
-0.0034732257,0.05570552
-0.00445345,0.009466643
-0.0018326024,0.018992428
-0.001255723,0.0013580337
0.016030341,0.031533178
0.004893802,-0.01905477
0.00020202552,-0.0010431361
-0.0016052234,-0.01866347
-0.004918627,0.04730461
0.0064909887,-0.0031300718
-0.007387191,-0.009988282
-0.014158616,-0.029483562
-0.006739433,-0.0130300475
-0.0118910195,-0.040870365
0.011914436,0.0133104855
0.008581148,-0.009150023
-0.009026561,-0.028933313
0.0036977944,0.0355238
0.0070450758,0.004351552
0.00093736243,0.023695316
-0.0029835654,-0.036698904
-0.000878606,0.0067196866
-0.0035252264,0.013810673
0.007738893,-0.004638234
-0.0015572072,0.07855251
0.005161655,-0.013068776
0.004217495,0.0077260826
-0.0074770385,0.022384062
0.002529211,0.018763214
0.016692445,0.035840698
-0.005005493,-0.03974326
-0.0077691693,-0.011224531
-0.0077549885,-0.028255302
0.005856917,0.028443955
-0.0010345429,-0.028837364
0.0018221438,0.037279606
0.015680928,0.05757279
-0.0096232295,0.045399416
-0.0021696168,0.018047282
-0.0054359073,0.0057204845
-0.0013711771,0.0034288915
0.010941962,-0.018311372
0.005756079,0.06338858
0.00011612591,-0.03456989
-0.009322596,0.016625108
-0.0018368486,0.0026225843
-0.011285537,-0.074696176
0.0007327339,-0.02573474
-0.013971745,-0.04648457
0.0019112867,-0.011688612
0.024743106,0.0011359067
-4.5195222e-05,0.04256266
0.023088004,0.01631309
0.0017403672,0.0017715524
-0.0053260615,-0.010121006
0.013043618,0.062142465
0.005903202,0.049349416
0.0008349167,-0.043890223
-0.005072671,-0.04350689
-0.0017557056,-0.016930625
0.003317243,0.020793134
-0.0054499875,-0.024725849
0.0057849484,0.029586928
0.003466343,0.04886588
0.00524111,0.04168132
-0.0058054533,0.066551864
0.009833384,-0.00796809
0.0029675828,-0.0039189295
-0.0071995477,-0.024733966
0.009275096,-0.036463775
-0.0053026774,0.031530146
-0.009922542,0.06246504
-0.012980125,0.03961099
-0.005985097,0.004122389
-0.008049591,0.026449166
0.0067333393,-0.010052787
-0.0064968914,-0.03325236
-0.0038103233,0.01103305
0.0006629827,0.009476646
-0.0050923214,-0.030266825
-0.008444035,-0.041966468
0.0022861555,0.015285923
-0.012185179,-0.0072290245
-0.0029276656,-0.032040734
0.0033153428,0.021460636
0.0027116907,-0.006449887
0.028118951,0.077905074
0.00877562,0.057575535
0.009488022,-0.016144633
-0.007550923,0.011215748
0.0029851212,0.0037842293
0.0044631534,0.05890829
0.005348006,0.006850042
0.010299053,0.008105945
-0.002927011,0.008461913
0.0039910744,-4.1450156e-05
0.0032586404,-4.2301566e-05
-0.0013968425,-0.0037509415
-0.005485119,0.056374837
-0.0013405007,0.005666445
-0.0073141307,0.020245828
-0.0026394445,-0.025704704
0.0010894705,0.04448659
0.00085957546,-0.021781506
-0.0009214201,-0.005482146
-0.011906005,0.021625327
-0.009557145,0.010204574
0.0019776777,0.016637664
0.0047777174,0.032206565
-0.0018195987,-0.0017604795
0.001959792,0.0211976
0.00038586254,-0.034826256
0.0047929133,0.018812543
0.004558348,-0.019656697
0.0008025826,-0.049085625
0.01789119,0.030229451
-0.012004601,0.025131494
-0.022842478,-0.05583945
-0.015647378,-0.029504897
-0.006104733,-0.0066028964
0.0054480303,0.0057098744
0.0021077222,0.009059658
0.003019395,0.02277118
0.006142659,-0.023929872
-0.0049024983,0.05915847
0.0017392361,0.011297456
-0.006997104,-0.0011343317
-0.021145545,-0.033798408
-0.010205869,0.01443497
-0.0038381133,0.013089391
0.00076854025,0.03973762
0.0073403306,-0.05075294
-2.4571083e-05,-0.10501614
-0.015237616,-0.053865094
-0.005317689,0.05925033
0.009086708,0.011983455
-0.0009533083,0.0036605245
0.006377141,0.0024200862
0.01009948,0.08586876
0.012223804,0.063309535
0.0030006615,0.023057127
-0.0036278917,0.013271766
0.002110327,-0.0036426147
-0.004890991,-0.009218021
-0.009574462,0.012329161
-0.008856241,0.015812477
0.010142741,0.065000266
0.0018581301,0.090849034
0.0078240745,-0.03277046
0.008020919,0.014772535
0.0006946607,0.04367522
0.0049552573,-0.22928768
-0.008830023,-0.08331463
0.0016217644,0.04051916
0.00086326094,-0.034909904
0.00494093,-0.051845208
0.0013533845,0.035253037
-0.0053788447,-0.13069859
0.0041992255,0.018388778
0.005141595,-0.013640764
0.004172264,-0.007179367
0.006484826,-0.016735483
0.0015483401,0.032823488
0.005049505,0.074078724
0.003793939,-0.0671483
0.012307329,0.01860661
0.0070579043,0.1094944
-0.006080613,0.053759415
0.00826554,-0.076480694
0.0012667978,-0.09020925
-0.0024672626,-0.09220623
0.0066720974,-0.050970256
-0.0081804395,0.042376313
-0.0031155432,-0.02369581
-0.019938901,0.007200273
0.008411184,0.059740577
-0.009734165,0.013925385
-0.0015239206,-0.12561089
-0.006766012,-0.0028409415
0.011048736,-0.0041189916
-0.012091916,-0.056235723
-0.0021402615,0.023342837
0.0069918693,0.0833725
0.004914853,-0.09071508
0.002472459,0.045254167
0.003062624,-0.11025877
0.000568916,-0.031176046
0.013279304,0.035123177
-0.0009731106,0.018372856
-0.0029905732,-0.053250782
-0.0038942192,-0.007263159
0.0153815765,0.09165356
-0.0074406182,-0.03536635
-0.0010690398,0.021700928
-0.002577294,-0.032358162
-0.008417031,0.0063549657
-0.0034169834,0.004228073
-0.020095693,-0.035330057
-0.014137727,-0.005974257
-0.00046164577,0.004865277
-0.010478242,-0.09848273
-0.008482881,0.015235476
0.022757716,0.03854361
0.0001474336,-0.03854905
0.01127303,-0.013389983
0.0088673765,0.07028127
0.0018070402,-0.034467865
-0.0049790433,0.029204428
-0.001617657,-0.024402112
0.0002752028,-0.08001208
0.0007865699,0.009324126
-0.0042679147,-0.074637786
-0.003915185,-0.019869784
0.009697776,-0.044046
-0.0063460628,-0.10398083
0.0016665506,-0.0017653749
0.01242173,0.054432373
0.0106642945,0.055096652
0.009111414,-0.026893169
-0.004256775,0.023734119
0.017397089,0.044500783
-0.0012344688,0.011539244
0.0041835876,-0.01279261
-0.0049892305,-0.13915223
-0.003946787,0.05993587
-0.00065261684,0.013552435
0.003811004,0.0051490604
-0.006460616,-0.0005041856
-0.00064460054,0.032404784
0.010400719,0.05814108
0.0023673105,0.08466657
0.009094477,0.0034542265
-0.01361455,0.016657066
-0.011064001,0.02617095
-0.0054719476,-0.0039432854
0.0020307237,-0.016882401
0.0022051693,0.016924445
-0.0003678603,-0.031765822
-0.01704609,-0.039442133
0.011649029,0.053611547
0.013514389,0.014667124
-0.00727173,-0.00441069
0.0025410983,0.018716618
-0.002377874,0.002098927
-0.0028872513,-0.06353092
0.0055450248,0.006661734
0.007116918,0.07007353
0.016529199,0.055197302
0.010179825,0.14819284
0.012892499,-0.031156415
0.009154962,0.03155384
-0.011632695,0.05608936
0.007040398,0.0065335054
0.006559519,0.02760803
-0.0022388687,-0.002577829
-0.00043102895,0.0056144255
-0.002494311,-0.008939407
0.011917275,0.044996515
-0.006889468,0.051337913
-0.0045831464,0.009413474
-0.002856092,-0.0062418873
0.004174643,-0.006583878
0.0023580226,0.009527232
-0.0020987515,0.02016999
-0.00043386623,0.051266734
-0.001509643,-0.013406544
0.013313746,0.041049834
-0.0064698607,0.007835322
-0.012394046,-0.013675864
-0.0027225981,-0.14037222
-0.022894125,-0.00819639
-0.0025856877,-0.009357152
-0.0042196717,-0.033910397
-0.0032797018,-0.014494764
0.004633133,0.010351504
0.008259544,0.022067789
0.0038791765,-0.023294577
0.005132938,0.029792072
0.007154399,-0.0013514926
-0.0041698636,0.013072997
-0.00401219,0.0147325955
0.019117732,-0.02709833
-0.0013350777,-0.020303959
0.003766622,0.021730933
0.016037771,0.037368953
0.0030301642,-0.01869279
0.002111613,0.076810755
0.012287134,-0.073398076
-0.003824369,0.0505143
-0.001731272,-0.08510557
-0.00879216,-0.045266785
-0.002000609,0.03419074
0.0022895196,-0.04390187
-0.0007731882,-0.09340534
-0.009438335,-0.039182223
-0.01116113,0.026642147
0.01323357,0.01880932
0.007682985,-0.19901185
-0.015795903,-0.009417326
0.0044831005,-0.076888695
-0.016510826,0.048504658
0.0035542548,0.026847962
0.0033814723,0.027279513
0.018367589,-0.040174484
-0.0140594505,0.01810682
0.017945353,-0.038366467
-0.009040889,0.06880795
0.016019821,-0.012483399
0.009070333,-0.005961177
0.010261875,-0.014636601
-0.0045409612,-0.04070462
0.0017368393,-0.007997424
0.00062546466,-0.026887808
-0.0059400634,0.0076937033
0.013315527,-0.020074176
-0.00987257,-0.04745789
-0.014565399,-0.038212456
0.0054371273,-0.019758616
-0.0028785386,-0.020643124
-0.0055038054,0.0033003588
0.0061247153,0.09487046
0.013959978,0.041899852
0.008821869,-0.11198296
-0.015392532,-0.015403258
-0.0009740072,0.034816634
0.0030255811,-0.010636803
-1.642853e-06,0.024624398
0.00918513,0.056701154
0.006851185,-0.022399694
0.00075140665,0.02882319
0.006369958,0.059413206
0.002907369,0.006299252
0.013256336,0.0042824047
0.00020564042,0.037021477
0.0028186778,0.026619552
0.013478628,0.06325044
-0.00811967,0.011459482
-0.00520559,0.015185192
-0.009171804,-0.00681459
-0.014318777,-0.037181318
0.0010857647,-0.020641256
0.0010007822,0.062471237
0.0047926707,0.029933957
-0.006116517,-0.022453187
-0.00026377954,-0.007052421
0.009811839,-0.0071454183
0.0054624747,0.043499425
0.0095843775,-0.07828068
-0.005547405,0.015526997
0.008361832,0.043661505
0.008384997,-0.0015093965
-0.0008676023,0.010945911
0.002091416,0.019898286
-0.010084457,-0.025854483
-0.0070362156,0.08613521
0.006064228,-0.00966146
0.0050895205,-0.0010193805
0.018649707,-0.01737641
0.012870807,0.013394983
-0.00039324362,0.003376403
0.00052132783,0.00985729
0.0045532254,0.025093567
-0.0017477544,-0.02507151
-0.0038262662,-0.017805677
0.00713383,-0.013372034
0.002048856,0.023079036
-0.013221964,0.000743449
-0.015940659,-0.0020451478
-0.008457517,-0.04716528
-0.025965538,-0.04763626
0.0062972778,0.020651855
-0.011552683,-0.056087982
-0.00050115655,0.020560395
0.00050896837,-0.02846207
-0.012767456,-0.023674265
0.0044446033,-0.035383377
-0.011900319,-0.002239437
-0.0028538895,0.020669507
-0.00074839406,-0.00013180949
0.002760115,0.011352954
0.00247338,-0.042397495
-0.011160524,-0.04266701
0.005188497,0.04732145
0.0023661833,0.009411506
0.007482767,0.05745893
0.011526234,0.04597678
0.00432467,0.027337767
-0.003147555,0.023728287
0.006571511,0.040300637
0.0024907882,-0.014811496
-0.0065532047,-0.019296436
0.008125551,-0.009763777
0.007683753,-0.017941045
-0.0026651456,-0.00706053
0.0035382758,-0.04520719
0.0017687995,0.040839564
-0.0016063773,-0.029521836
-0.0039283535,0.028583622
0.0022830672,-0.017728804
-0.009439555,-0.054160517
-0.003257851,0.056321997
0.010197753,0.0032143404
0.0069494653,0.026454458
0.00048827066,0.0037475796
0.0024606236,0.002536109
-0.0040347446,0.028941752
0.007915065,0.012556145
0.021499263,0.014942758
0.018443845,0.01946107
0.018184979,-0.039458927
0.013590563,-0.009031788
0.007193438,0.08662815
0.015788835,0.0045864456
-0.00040739658,-0.11559556
0.0039365226,-0.041273262
-0.003128188,-0.027139908
-0.006041762,-0.034483306
-0.008178261,-0.025715996
0.0028348493,-0.035982147
0.0031890324,0.03811043
-0.0021094317,0.018517112
0.0037340536,0.000897571
0.005051136,-0.012437754
0.0056892773,0.00233786
-0.0018232514,-0.094542935
0.00030799647,0.011452212
-0.008390913,0.06426572
0.0014383213,0.06803335
0.010014588,0.05974684
0.005322724,-0.01881858
1.9741245e-05,-0.0072128847
0.011738988,-0.085970365
-0.013362919,0.043015543
-0.006720246,-0.033536427
-0.007945918,-0.032125693
0.0076979725,0.11687964
-0.0036412086,-0.11791378
-0.0013522797,0.024965705
0.011842866,-0.009879945
0.020469349,0.021606527
0.0064457115,-0.12996076
0.00025679253,-0.102444015
-0.003895011,0.020922221
0.0066610547,-0.06334262
-0.009560856,-0.001855859
0.015859926,0.060239527
-0.0032652717,0.0053163934
0.008381663,0.083472125
-0.0009701891,-0.044364437
-0.0071921656,0.017810596
-0.001388905,-0.036582444
0.005538933,0.029530471
0.007004178,0.00627351
0.011767966,0.02697188
-0.014067929,0.006114668
-0.026218852,-0.019577269
-0.009317084,-0.07282017
-8.0655096e-05,0.0028198403
0.0063591665,-0.027683893
-0.010798741,0.0046851016
0.0065215537,0.09351644
0.020340808,0.02003627
-4.377938e-05,0.042794876
0.017085597,0.016551381
0.012330411,0.0152106555
-0.003082839,0.0057888622
0.0077053225,0.042760834
-0.010755065,-0.04051532
0.0010201467,0.015121405
0.0015447978,0.008621881
-0.0015535771,-0.016270356
0.0068780673,0.05937812
-0.008118956,-0.03772005
0.010431114,0.074507765
0.0036930307,0.015973277
-0.0041651283,0.04474172
-0.0046047065,0.057481818
-0.0072626444,-0.07553856
-0.0018179255,0.0015914098
0.014651067,0.03140618
0.009177489,0.002197568
0.00030144193,0.017195262
0.0031347524,0.046747617
0.0013163795,-0.03560223
0.0043077325,-0.07866654
-0.004800276,0.062253833
0.0051834416,0.0014317891
-0.003749698,-0.08151218
-0.0029899455,0.09929872
0.0012929189,0.025478136
-0.006505257,-0.0021302267
-0.012152182,-0.029978743
-0.0023774067,-0.040557306
0.00080932566,0.023705209
0.0052587027,0.020327471
-0.003599914,-0.008425201
-0.00755204,-0.01004181
0.0046445043,0.08214441
0.010750125,-0.029219007
-0.003448127,-0.08000357
-0.0048266873,0.03520466
0.014980497,0.013102754
-0.0013041573,0.029082753
0.003927937,0.05174943
0.0057618073,0.016076993
-0.0049939333,0.0467217
0.009436138,0.030930648
0.0055556213,0.060953923
0.0032622819,-0.051152114
-0.015592625,0.07348847
-0.012735571,0.011107437
-0.005532972,0.091913596
0.002843229,0.12762086
-0.007506661,0.03992338
0.0041670706,-0.018701887
0.007867832,0.12316771
0.0013337631,0.00025072737
-0.0016722834,0.041004714
0.005193886,0.05737428
0.010714157,-0.021525575
0.007654635,0.06841142
-0.0017051881,-0.060463205
-0.018253462,0.04647321
-0.011387318,0.02887727
-0.018668642,0.056113973
0.0005927881,0.010000248
0.009902545,0.0069473963
-0.010020297,-0.015163986
-0.0039489963,-0.07696386
0.0038721622,0.03689885
0.0024854476,-0.06111654
-0.009219481,-0.045410886
7.1788672e-06,0.035598267
-0.004011998,0.11894775
-0.0061062328,-0.018870858
-0.009126417,-0.032575496
-0.0069715087,0.06602833
0.0034644268,-0.06533118
-0.0028769518,-0.11567944
0.0021290695,-0.040717132
0.010175381,-0.028426053
0.0077471156,-0.06609704
0.0115143685,0.01628994
0.0029613636,-0.100749105
0.0093943095,0.05312343
0.00126571,-0.010666537
-0.011051459,-0.0112304175
-0.0019405368,-0.03590128
0.0027129494,-0.015317468
0.005495068,0.06489228
0.0071168607,-0.14480445
-0.00595382,-0.058884498
-0.011618373,0.0113655785
-0.005084984,0.052964512
0.009166864,0.005319233
0.0026454176,0.02819721
-0.009908365,0.0071228654
-0.009332067,-0.0036382978
-0.0033291627,-0.016355095
0.014392249,0.06533545
-0.0028048577,-0.034104988
0.0054853787,-0.0125201205
0.007836842,-0.011851959
0.0023865036,-0.03143228
-0.0066071115,0.07756632
0.00049338443,0.020199142
-0.0077835266,-0.00086064875
-0.004625889,-0.029154334
-0.010627661,-0.112442605
0.0024014995,0.00769076
-0.008295605,0.0029039204
-0.009644208,-0.009894826
0.0008557722,-0.06429648
-0.007832806,-0.058964066
-0.00011997257,0.017897643
0.01158547,0.035406966
0.0066594225,-0.023356551
0.0016966838,-0.05198219
0.013904484,-0.14434153
0.0014570412,0.041646846
0.018769313,-0.0007517582
-0.0038711037,0.18375427
-0.010636092,-0.074536964
-0.028393473,0.029988395
-0.002237062,-0.07847175
-0.0014787395,-0.017179668
7.2927214e-06,0.029944336
0.0028644,-0.0075831525
0.00087764155,-0.021298598
-0.007926739,-0.033579033
0.0045599146,0.016758585
0.008234951,-0.04879157
-0.0012772268,-0.027970169
0.0088822665,-0.025180988
0.0052615246,-0.03298197
-0.0033733763,-0.20067121
-0.0136498585,0.039474163
0.00789057,0.08424713
-0.003981259,-0.0029081646
0.019991953,-0.0006125014
0.0041219112,0.029631773
0.01351802,0.01513808
0.013022428,0.07712137
-0.008688229,0.010032575
-0.020316634,0.003117155
-0.022060184,-0.025997333
0.012617405,-0.012619107
0.00063452916,-0.03088052
-0.00014192448,0.019998599
1.33486465e-05,0.06549887
0.0057471497,0.0022290044
0.022692833,0.044467308
0.013631716,0.016435038
-0.011078501,-0.012830383
0.0073126294,0.018074324
-0.0054859016,0.016216563
-0.00977489,0.01398705
-0.0039858073,-0.011472186
-0.011221745,0.013816341
0.010514534,0.032974496
-0.0029106108,-0.0067088977
0.0026080008,-0.011936251
0.006165669,0.008485192
0.0047754743,-0.010361107
-0.0019550854,0.01844462
-0.0090663005,0.022191606
0.008866809,-0.050518904
-0.0182941,0.0045750244
-0.005328697,0.06153597
-0.005062969,-0.053632885
-0.0152127035,-0.000801175
-0.010155633,0.02797746
0.0041914936,-0.016912727
0.0029890402,-0.013131025
0.0054320297,-0.02918886
0.008834182,0.031167965
0.0115160905,0.03427503
0.00048134266,0.012514268
0.01700799,0.19938682
-0.0018235715,-0.010730981
0.005366353,0.062523656
0.0025322947,0.0006925239
-0.003808672,0.018641343
-0.010016585,-0.17831415
-0.007685962,-0.05608724
0.00035845832,-0.01115998
-0.00239377,0.18407574
0.005873176,0.07424392
0.0024750452,0.06427649
0.0016861754,-0.009979912
0.0056377975,0.07568494
-0.01531598,0.055062804
-0.016962675,-0.0017876943
-0.045919813,0.010996813
0.019874534,-0.029793289
-0.020407949,-0.00019268441
-0.013632117,0.0414937
0.015132554,0.0022875306
-0.005566221,0.028602889
-0.011514433,-0.042835683
-0.0043336404,-0.014813338
-0.004749434,0.11254684
-0.011020375,-0.019566432
0.021219753,-0.032726713
-0.010424755,-0.02321978
0.001901915,0.0031763283
-0.0008540084,-0.00634593
0.0071394923,0.03768788
0.0031270338,-0.006246033
-0.00750564,-0.009687363
0.018018361,0.09474461
-0.0012132075,0.047619373
0.009966039,0.04466095
0.014817867,-0.013804552
0.0023026883,0.02518865
-0.0024418517,-0.0076516387
-0.016774332,0.055102807
-0.01976313,0.05291152
-0.005284598,-0.027048074
0.011950372,0.0012707438
-0.01329677,0.060116388
0.0024485923,0.0057614734
-0.0013774561,-0.0004869677
-0.00036189222,0.036445502
0.011052882,0.009948871
0.012489385,0.07227701
-0.010330609,0.096859105
0.0033864425,0.026585195
0.016612118,0.014965149
0.0039620916,0.030921392
0.0022888682,0.08290652
0.0018066952,-0.003026211
-0.0017911352,0.012977472
-0.014228299,0.04079807
0.0006448467,-0.01002005
0.011500039,0.022917831
-0.0028129844,0.010841952
-0.010339769,0.0004925845
-0.004864582,0.056470577
0.0045368248,0.005548484
0.013556127,0.050670333
-0.005899138,-0.00903093
0.008422881,0.14741446
-0.0054058335,0.07113687
-0.0056144604,-0.06491144
0.0014793549,-0.14412755
-5.681638e-05,-0.06971997
0.006253942,-0.06335052
0.014788888,-0.034876447
0.00094903645,0.0072341464
-0.015611785,0.06650869
-0.014472931,0.081607975
-0.0047372747,-0.043927375
0.011081155,0.041248314
0.0022133882,0.11331438
0.0009821476,0.009851342
0.011721697,-0.07687714
-0.00056557753,-0.05237228
-0.0062566744,-0.18062168
0.012154253,0.03508033
-0.0016305147,0.07217724
-0.011668625,0.012993107
0.0004956124,-0.026675193
0.0035544992,0.1185165
-0.0068025873,0.010839187
-0.0012394305,-0.045764685
0.01929668,0.026319351
-0.0068074325,-0.023002608
0.005197536,0.0030791156
0.0037812614,0.040836684
-0.004032935,0.0621973
-0.016560365,0.041306067
-0.011331364,-0.019537343
-0.0047982642,0.0030561555
-0.0009066819,0.11118967
-0.022037953,0.0056939432
0.014423955,0.06877279
-0.0101365205,0.027199628
-0.005545756,-0.0868202
0.015714103,-0.07962355
0.010286771,-0.05801297
-0.0024633328,-0.00506498
0.0078253625,-0.0125651155
0.011482025,0.023155147
-0.008571772,0.0155356005
0.0021281978,0.014175614
-0.0023895204,-0.009517132
-0.0043378137,-0.039511137
-0.004085166,0.0183187
-0.010748075,0.09955129
-0.0055340333,0.026993372
0.008366794,-0.10336371
0.013976008,-0.055094227
0.009486166,-0.0075138435
0.0015350285,0.020227471
-0.008090742,0.08825806
0.0057741413,0.0165508
-0.007607554,-0.03896866
-0.004361847,0.098028004
0.003933126,0.09299136
-0.009211555,0.18570784
-0.009339516,0.02352549
-0.0018268579,-0.01608384
0.008419662,-0.072834596
0.02449159,-0.15032919
0.006816215,0.065053344
-0.009083666,0.10515547
-0.0084044635,-0.04803207
-0.0012763907,0.016893482
0.004847438,-0.03931011
0.015955366,0.0090578385
0.007211305,0.045195807
-0.0038396243,0.023939842
0.0030762034,0.0077906013
0.0025583343,-0.027228648
-0.0067210896,-0.004362424
-0.007995786,0.015980948
-0.0017593296,-0.13332658
0.011480386,-0.041622393
-0.0077499035,0.061618865
-0.0061742235,0.113731414
-0.006301729,0.07336109
-0.0013374642,-0.03754553
0.025429059,-0.040299304
-0.008943301,0.13616492
0.0018189948,-0.032845907
-0.0043147514,0.05596661
0.0117500685,-0.018243747
-0.008591022,-0.204486
0.009993955,0.026461363
-0.00996777,0.011902731
0.014136844,0.0038126325
0.002949764,0.14538518
-0.00510259,0.13619778
-0.0023745855,-0.03465482
-0.0062059974,-0.02832029
0.0097995,-0.017501196
0.00012978597,-0.006653069
0.021314023,-0.16773948
-0.0005755094,0.110332124
-0.012273229,-0.016468955
0.0059842737,-0.04990545
-0.0019050123,0.0039855824
-0.0070141554,0.023857603
-0.01248021,0.06432533
-0.01801387,-0.024859348
0.00717584,-0.033411186
-0.0043218965,-0.04809815
-0.006507379,-0.06459754
-0.0031821565,0.1270266
-0.013231551,0.02020046
0.006288354,-0.016959338
0.010002018,-0.06744099
0.009710058,-0.16450845
0.030657513,-0.037059642
0.0038120726,0.04819353
-0.010894324,0.020641657
-0.0028011587,0.0841407
-0.006905877,-0.021577831
0.0074582053,0.020120544
0.0059895385,-0.07314755
0.0021995055,-0.0642393
-0.0057239365,-0.04222599
0.0067040115,0.006705157
0.0014755023,-0.09055709
-0.0010494618,-0.050437786
-0.006945136,0.061047737
-0.0049327286,-0.034479138
0.002355377,-0.012455892
0.019647319,-0.07986389
-0.0069429,-0.09955781
0.0017387874,-0.069429606
-0.0021336186,0.13095175
-0.004632664,0.0483129
0.0054258965,-0.067914315
-0.011575292,0.0023939852
0.0002780631,-0.00081072905
0.017720668,0.027313491
0.007685587,-0.036905162
0.016147954,0.0005673884
0.0014403055,-0.038633708
-0.0069414303,-0.04264391
-0.0022626622,-0.034378156
0.002673316,-0.020366078
0.0023091072,0.016603697
-0.0049846694,-0.023729885
0.002832732,0.04306799
0.0061868085,0.06130544
0.0052055065,-0.06378153
0.0064391335,-0.029029772
-0.011058375,-0.005676488
-0.013544059,0.04311403
-0.01556664,-0.016033739
-0.0152325835,0.02417823
-0.0016673065,0.032735217
-0.0021910737,0.014777289
-0.07352726,0.04343491
-0.039327748,0.004967315
0.009704268,-0.017458037
-0.025603913,0.005116509
0.021236125,-0.055393565
0.013184041,-0.016759124
-0.02057763,0.040219717
0.0052763796,0.02820061
-0.029856967,-0.006590911
0.012947839,-0.07300306
0.00277337,-0.029682176
-0.010571913,0.034585733
-0.0016861509,-0.048329905
0.016631158,0.06730918
0.029772036,0.013564661
0.0007321781,-0.027268775
0.005200834,-0.0053938525
0.01291137,-0.019323112
0.022830408,0.020223137
0.0056344075,-0.009433813
0.015870051,0.09380182
-0.024035256,-0.0072320453
0.0049720183,-0.21717182
-0.0041066287,0.16860113
0.006508942,0.05356576
-0.015373134,0.040454984
-0.0025554725,0.040896524
0.0073535107,-0.03053144
-0.016924297,0.16820335
-0.0024963876,-0.029509993
0.00420704,-0.10006198
0.013602301,-0.14259897
0.0018807044,-0.033278584
-0.0032019943,-0.0028024071
0.0037941209,0.0058098035
-0.0048915334,0.06551715
0.015290985,-0.06852416
-0.011411948,0.067424536
-0.007005293,0.05337308
0.010446578,0.005078831
-0.009157932,0.04974343
0.0027682367,0.010893573
0.000664128,-0.030222146
-0.0006866725,-0.066615835
-0.0020436868,0.005440078
-0.025644142,0.015570864
-0.027873687,0.0757504
0.004496418,0.0061375345
0.0011803366,0.023962462
-0.010542007,0.012859054
0.009679697,0.023638435
0.0053158756,0.038833193
0.005205254,-0.028437825
0.015853561,-0.013192922
0.018359803,-0.09079116
-0.009610631,0.03566805
-0.0040268833,0.013935729
-0.0003730763,0.044215273
0.0030054778,0.007886274
-0.0035405345,0.020545108
0.0066412673,-0.12443604
-0.00013514422,-0.043855194
-0.008668002,-0.00014689933
0.019207984,0.00013845788
0.0072344393,0.00094305316
0.008749632,0.0028688551
-0.006152275,0.08862599
0.004703823,-0.030433206
-0.0017837228,0.025459222
-0.005159276,0.083517425
-0.016371232,0.034666605
-0.015478099,-0.030307842
0.010974396,-0.04373263
-0.003346263,0.036643945
-0.013384823,0.014318769
0.004477074,-0.021869339
-0.007944383,-0.07698601
0.0063120537,-0.13827348
-0.004316953,0.14255019
-0.015969796,0.014013146
-0.015011897,0.14923063
-0.02489533,0.012077298
0.009877847,-0.02998658
0.01386309,0.018287564
0.011327595,-0.10395971
0.0036036647,0.16622734
0.0099729905,-0.12973696
0.017393844,-0.07291588
0.00076295657,0.022417907
0.0031254159,-0.029732881
0.004726036,0.022831531
0.017601095,-0.019223018
-0.001490562,-0.0770827
-0.00876545,-0.00051672437
-0.0074108453,-0.031526804
0.009801904,-0.011046762
0.0016061534,-0.027554246
0.015101108,-0.035414357
0.008666154,-0.063351035
0.0029316023,-0.019325364
0.010517811,0.019974522
0.007841091,0.047938712
-0.0068939594,0.16608709
-0.0009019961,5.7313107e-05
0.014435622,0.03147875
-0.012098253,0.0006949046
0.000886797,0.050660625
-0.011222753,0.07799314
-0.008874128,-0.0687498
0.014377622,-0.008276088
0.009658652,-0.14286831
0.0030560964,0.0072394605
-0.005836464,0.12823372
-0.0073014675,0.005952558
0.0016687074,-0.086761706
-0.0024845747,0.017304396
-0.0020819246,0.025461245
0.0043474063,-0.004458152
0.003583311,-0.012369894
-0.014796721,0.056457233
-0.005879624,0.0037842349
0.0070455163,-0.0022036457
-0.0006058688,0.024311403
-0.001655531,-0.012977186
0.013182387,-0.06687925
0.010837052,-0.011399095
-0.012312327,-0.081585824
-0.009833385,0.060487915
-0.0064080157,0.020011725
-0.0012092853,0.030648867
-0.016423507,0.068980135
0.0022650517,0.0055560526
-0.013938902,0.032720868
-0.007955,0.004621175
-0.0073787486,-0.011965151
-0.022199778,0.016743997
-0.004348705,0.014213595
0.009813946,-0.03228894
0.00019298703,-0.0043114573
0.011630472,-0.046274528
0.002428233,-0.002007225
0.0047284523,-0.026505895
0.01500106,-0.039859314
0.013898515,-0.071173124
0.0048489994,-0.07733362
-0.0076306397,0.007045094
-0.0018769325,-0.21590924
0.013012864,-0.009516957
0.000169656,-0.11423206
0.001549642,-0.079201214
0.00066568697,0.044752758
0.009553687,-0.017890362
0.010948328,-0.10953259
0.003630792,0.018819882
-0.0013823218,-0.000118117714
-0.008579094,0.20077057
-0.0145428525,-0.05458772
-0.012544659,-0.05062494
-0.0006056038,-0.055082545
0.0119686555,-0.11511624
-0.010274988,-0.060871907
-0.0081064915,-0.11901435
0.014029732,-0.04366533
0.0066910093,-0.28998753
0.011189548,-0.021602575
0.016457427,-0.05129098
0.009578643,-0.1207288
-0.0014921003,0.045120865
0.016305566,-0.018337557
-0.00893205,0.06342045
0.007917092,-0.043732237
0.0024710996,0.23905863
-0.009418672,0.008278737
-0.010746774,-0.006035437
0.0079727,0.05092257
-0.0038267258,-0.00083937927
0.007288837,0.025116546
-0.0032873685,-0.021955788
-0.019877898,-0.09180948
-0.004790078,-0.03388602
-0.0050102817,-0.244209
-0.0129732285,0.0069059096
0.014919406,-0.047341164
-0.008926664,0.06474205
0.003695866,0.036822367
0.005490633,-0.023325041
-0.000100795645,-0.03200141
0.011575516,0.010767264
0.011519991,0.091731615
0.00095278304,0.040632676
0.0004240589,-0.12784559
-0.006373425,-0.05227494
0.0015897402,-0.027446182
0.0014575813,-0.0013974707
-0.0006285289,0.0627681
0.0010188364,-0.061081827
0.0059678257,-0.02532259
0.0015316529,0.011001775
0.016411373,0.026616804
-0.0012212828,-0.03756296
-0.008777385,-0.19007866
0.0044172904,0.085201636
-0.0012174319,0.027850164
-0.015853543,0.020792922
-0.0020567712,-0.055249188
-0.013284788,-0.004379379
0.0044482863,0.015279926
0.015037909,-0.009265248
0.007180399,-0.05364384
-0.0056729126,-0.021741552
-0.0036048605,0.07830413
0.0018041852,0.13610338
0.0039282534,0.035941035
-0.00042881677,-0.045420952
-0.0070448853,0.029327976
-0.00027795683,-0.07061637
-0.006859892,-0.10653925
-0.0112870075,0.022438625
0.0023143399,0.12417194
-0.0006553673,0.015670896
-0.014626317,-0.013575176
0.00014583906,0.033270694
-0.011258945,-0.021789255
0.00077888893,0.027100109
-0.017253043,-0.021095373
-0.004499984,-0.009718138
0.036501266,-0.006482506
0.0025061332,0.019188426
0.011883626,-0.39266968
-0.030498153,-0.020835126
0.014233191,0.050290667
0.017470103,0.097164035
-0.0037469065,0.022676934
-0.0034808577,0.065029286
0.006073709,-0.034323785
0.003864428,-0.036140203
0.0047271764,0.039138485
-0.0030630887,0.076452106
-0.0019368604,0.056898642
0.0007952292,0.07121845
-0.0026501329,0.14837578
0.015093067,0.035156846
0.0011521869,0.0025247398
-0.0013393582,-0.023135182
0.0022414313,0.014081656
-0.010088166,0.04701727
0.015354145,0.16610195
-0.002273978,-0.15767574
0.005904422,0.08876014
0.004815501,-0.07751548
0.00090420136,-0.022475233
0.0011438886,-0.0037934748
0.00029149695,0.010649403
0.009150412,-0.08079707
0.01307921,-0.0023876098
0.0020139061,0.030083753
-0.008765758,-0.115883924
0.007758493,-0.061185293
0.016468503,-0.07931243
0.0062396834,0.024810474
0.004387221,-0.031838354
-0.0033655167,0.054414175
-0.0034117855,0.010823171
0.00094058237,0.043555826
0.007090627,-0.02023642
-0.0015717506,0.05147945
-0.007186856,0.01629723
0.004293931,-0.033729374
-0.00030184258,-0.05050474
0.008923171,-0.01811183
-0.010772202,-0.057081033
-0.009195333,-0.059075937
-0.010297204,-0.0019911223
0.015778393,0.019470738
-0.010340679,-0.07609115
-0.0017619235,0.02669872
0.016038671,0.025041882
0.018859934,0.086816885
-0.00010592071,-0.020600086
-0.0067317234,-0.0007986847
0.0012231497,-0.015017291
0.002386069,0.031218281
0.004871727,-0.006952275
0.0022680277,-0.014858518
0.00048373395,-0.047550708
0.0020811672,0.017171433
0.0010196127,-0.019362774
-0.0015721514,-0.090180404
0.0020508294,-0.00653992
-0.0139255375,-0.033921488
-0.019654064,-0.025273217
-0.0066523245,-0.0044759843
-0.0139265135,0.01994715
0.005242223,0.020920359
0.021422777,-0.003863518
-0.012112686,-0.071600765
-0.001041324,0.021826243
0.009163706,-0.005802848
0.0017627699,-0.005617929
0.013170151,0.03305594
0.0068076756,-0.042621218
-0.00019395666,0.009326654
0.015750954,-0.030068185
0.0011763532,0.005592037
0.010148052,0.059334155
0.004977053,0.029717082
0.0011048799,0.025304431
-0.01865368,-0.03694925
-0.011008402,-0.004995283
-0.002647359,-0.041354295
-0.014533695,-0.025687126
0.012541343,0.01922548
0.0016238301,-0.04440855
-0.0042860876,-0.007888333
0.00904483,0.11529312
0.010534223,0.07896094
0.0041176467,0.022097206
0.0009958418,0.01576194
0.016875703,0.029114245
0.005140606,-0.00634288
-0.004943698,0.08876992
-0.0012228317,-0.014810659
0.005497267,0.013728972
-0.00049605005,-0.04091534
0.0012133019,-0.036239758
-0.0028743083,0.06694422
0.010933216,0.0801869
-0.00063432095,0.040407985
-0.0027232773,-0.0042695166
-0.0051816055,-0.0079396255
-0.0019125426,-0.009591505
0.008756116,0.025042342
0.0091552865,0.15868028
0.0031714982,-0.021905655
-0.001542839,0.048485655
0.0072674993,-0.07450699
-0.0026225846,-0.064325556
-0.014507216,-0.13946904
-0.030019738,0.058186878
0.0018883783,-0.07858844
-0.015967064,-0.021856869
-0.0026993002,0.077388234
-0.0022189082,0.04985568
-0.0063016387,0.052147735
-0.0033574747,-0.15590999
-0.008588355,-0.08806889
0.003786887,0.037866026
-0.0022207876,-0.031235756
-0.00850494,-0.013153411
0.0044894717,-0.033693403
-0.005859239,-0.0050980453
0.0014793398,0.032521673
0.018182453,-0.039944455
0.0061028474,-0.03788161
0.0128729,-0.019589208
-0.017506804,-0.03551318
-0.01371739,-0.019514551
-0.007952407,0.04984007
-0.0024345191,0.03404309
-0.0043921913,0.070301466
-0.0012406262,-0.011762039
0.004277805,-0.0621528
0.0022672089,0.018806033
0.004297879,0.03343092
-0.007470403,0.045188196
0.0047872495,0.010082007
-0.0035821707,-0.011120891
-0.010447546,-0.09950313
-0.00071052555,0.012908523
-0.0013443402,0.005442314
0.004802315,0.024089403
0.010495024,0.047201034
-0.005756008,0.017875686
0.007559972,-0.049332336
-0.005528642,0.004726411
0.006741553,-0.12490238
0.006141463,-0.0006653898
-0.00030302303,-0.013219715
-0.0023484954,-0.00270851
-0.011371643,-0.0002972673
0.0009804425,-0.010094096
0.00046012085,-0.0070437714
-8.708856e-06,0.020322971
-0.007917292,-0.051463176
-0.015952941,-0.087726176
-0.0046981773,-0.0024217598
-0.0063541024,-0.010487584
-0.008368993,0.0029756697
-0.0068263146,-0.05319799
0.010937612,0.020296028
-0.010822985,-0.12858263
0.0020514487,0.031895045
0.0032099632,-0.043694146
-0.0072780447,0.013286221
0.010534542,-0.06823884
-0.005529216,-0.0342346
-0.0021643573,-0.061283357
0.018034922,0.03122123
0.025906371,0.050563607
-0.0044725128,0.060030032
0.0015644316,0.005673827
0.007847004,0.046484683
0.003201507,0.03624124
-0.001211861,-0.00896854
0.01047679,-0.045928497
-0.00085250766,0.05464731
0.014559835,0.041564662
-0.0054180007,-0.005038809
0.015179958,0.008664783
-0.0029496576,-0.04209586
0.010577392,-0.016124109
0.0073046843,-0.07230694
-0.0004247565,0.025156727
-0.0005134349,0.05067327
-0.0024668332,-0.047275614
0.0026002259,0.03717464
-0.0086444,0.026481085
-0.007374922,-0.023062386
-0.017636778,-0.03823144
-0.007939733,-0.06212515
-0.0014508583,-0.034169808
-0.0019170633,0.0064144516
-0.00054910174,-0.038031165
-0.0037267974,-0.05920785
0.0014242205,-0.0062971185
0.013679998,0.058382332
0.008073935,-0.0033691803
-0.0020878292,0.020728773
0.005090746,-0.041624613
-0.004359844,-0.001320221
0.006097664,0.030458657
0.006527067,0.01293397
-0.0049495795,-0.016482122
0.0073203663,0.07907513
-0.005568004,-0.06384515
-0.010328494,-0.006306501
-0.0015133638,0.024524022
-0.002265004,-0.059629496
-0.000100651116,0.0023119592
0.0048578773,0.026471045
0.0002118675,-0.007037032
0.0031578138,-0.012517647
0.01905588,0.05273567
-0.0019452374,0.0016900231
-0.0013642437,0.04651408
0.0034050867,-0.032602683
0.0029588682,0.026084926
0.004006966,0.027058221
0.007734742,0.04087411
-0.0105945,-0.016485877
-0.013027103,9.706044e-05
-0.005372171,-0.012999451
-0.0010307245,0.023726396
0.008758463,0.0037635113
-0.007898325,-0.052114286
0.0021848695,-0.00027509622
-0.012448231,-0.0685136
-0.015542254,-0.014171161
0.0017717998,-0.026493559
-0.006790044,-0.08826674
-0.008437727,0.021369595
0.0071036923,0.0110871475
0.00583168,0.022065278
0.0067516165,0.007415204
-0.0050694197,-0.03835602
-0.018557139,0.0074618473
0.0040296614,0.03049564
0.01617521,-0.0028397618
0.008815382,0.058745746
0.01275415,-0.0050043715
0.007141879,0.037797242
-0.0040024873,0.010844046
0.012194564,0.02431606
0.0038778346,-0.04751609
-0.0029317532,0.011749861
0.0069155917,0.034012847
-0.008635061,-0.025568843
-0.006747393,-0.008433538
-0.001468603,-0.0034930494
-0.0005012628,-0.0022399107
-0.021331735,-0.068122245
-0.0061519863,-0.04269794
-0.08249388,-0.43259045
0.07096807,0.3804455
0.01904273,0.09344411
-0.06508722,-0.3494997
0.037269183,0.2077258
-0.0046857493,-0.055555835
0.13625523,0.5514485
0.017852794,0.12016997
0.046290826,0.1272031
-0.016655836,-0.045887664
-0.046988837,-0.058555983
-0.0153152635,-0.030579284
-0.0025149598,-0.04664406
0.034500875,0.056581672
0.0018402612,-0.042588837
-0.02668153,-0.054077864
-0.0323608,-0.01763483
-0.04672099,-0.05844594
-0.011528293,-0.034190673
0.01484841,0.018811796
-0.011334479,-0.021937266
0.0054766973,0.01125377
0.025282443,0.013592065
0.023840806,0.06378773
0.003375025,-0.018868115
0.0043703914,0.06829269
0.035458315,0.004806283
-0.006553112,-0.0061213803
-0.023550704,-0.024302403
0.0117030665,-0.04671149
-0.0037089582,-0.0067800134
-0.037049796,-0.111822054
-0.0009570525,0.0021424599
-0.02087231,-0.036857706
-0.013716692,-0.02379944
0.013861411,-0.010213864
-0.005886456,-0.04055435
0.0042189355,0.06884007
-0.012016151,-0.047872517
-0.022859553,-0.057773896
0.009571838,-0.030521365
-0.0059775114,-0.060202293
0.021401279,0.06744978
0.035854343,0.011355586
-0.010505311,-0.015260251
-0.008744853,-0.059175227
-0.0129912235,0.015671972
0.022803802,0.023149528
0.0029176604,-0.0058152596
-0.008858503,-0.07767118
-0.016903097,0.023750627
-0.001192148,0.0151531985
-0.00218749,-0.029066326
0.010215971,-0.0027223297
0.024321347,0.060885236
-0.014864901,-0.0196736
-0.0040865205,-0.027670667
0.0040563736,-0.042810015
-0.016724283,-0.016065067
-0.0033714366,0.025770264
0.03479583,0.103295445
-0.013804804,-0.016532226
-0.006417415,-0.046382785
0.011401098,0.00085077155
-0.0028543933,0.023870785
0.02104424,0.00935864
0.026562564,0.038608104
-0.009406161,-0.037580855
0.0045797746,0.049236692
0.009003697,-0.00463685
0.013847869,0.020681484
0.010227515,0.013766435
-0.007542028,-0.011913569
-0.012923779,-0.032768566
0.008607617,0.025833504
-0.0001379709,-0.020172589
0.0026665644,-0.008779599
0.018575946,0.051277995
0.016561491,0.06754022
0.012156417,-0.034789193
0.036583927,0.07657279
-0.0015182393,-0.006784295
-0.010120777,-0.0064852834
0.0007664894,0.0018087997
-0.0049408874,0.057314854
-0.0020148328,-0.04028718
0.005625125,0.01533086
0.02415032,0.010116237
0.010664841,-0.0026644084
0.0063811736,0.013020792
-0.0038475413,0.031881895
0.014112689,0.062481757
-0.0019412411,0.017329294
0.01785743,0.03445739
0.008530859,-0.01227116
-0.0046664486,-0.010874156
-0.021103177,-0.055090923
0.0010643192,-0.0032980633
-0.005697065,0.004744288
-0.0065444177,-0.01935761
-0.00034218235,0.0015945492
-0.0037656971,-0.011412335
0.016017947,0.0353672
0.0057982747,-0.006797385
0.011004903,0.010974363
-0.004930868,0.032815453
-0.009144279,-0.032014508
-0.0021080342,0.013410286
-0.0010238459,-0.0109504275
0.0020274096,-0.037437703
0.015978698,0.024548974
-0.006572909,-0.028349333
0.0059104,-0.041744772
-0.0007891285,0.005778882
-0.017770056,-0.0062842946
-0.0031286967,-0.03684762
0.00081223575,0.021222811
0.010855657,0.02079505
0.0049088835,0.023719175
0.030807646,0.07070089
-0.020183394,-0.03728774
-0.016024623,0.010445189
-0.007945291,-0.015514178
-0.014574821,-0.011231622
0.020805994,0.023855666
0.02653988,0.028859926
0.009459083,-0.01734344
-0.0048370194,-0.009749552
0.007005463,-0.00936107
-0.010369801,-0.03840233
0.000927377,0.015007857
0.0147142345,0.062306568
0.00056444376,-0.015705904
0.008208983,-0.011820018
0.0058674896,0.029669441
0.007938185,0.035259403
-0.008434595,0.013032194
-0.015917568,-0.0066547445
-0.0013457281,-0.017140184
0.018990733,0.016731534
0.008288665,-0.012404271
0.014443798,0.03576243
0.0032152813,0.0087944
0.0080650635,0.0045029214
-0.0065839156,-0.018011544
0.0067824093,0.0033730736
-0.006358089,0.018177802
-0.0025650696,-0.019543845
0.002521493,-0.00973426
0.017594162,0.02086689
0.0056664306,-0.00024306358
-0.008458428,-0.00072514225
0.012142751,0.044143982
0.0062984554,0.042986643
-0.004383523,-0.011602566
-0.00046148556,0.020442238
0.01718281,0.054910894
0.006953732,0.04637763
0.0012730861,-0.039818604
-0.019713037,-0.006317906
-0.0020073086,0.025766183
-0.0054593775,-0.049699556
0.0052009556,-0.013078994
0.004091906,-0.0010173075
0.012645484,-0.06672162
0.010948487,0.036205456
0.006638957,0.015497201
-0.00088261144,0.066986084
-0.002150123,0.058686666
0.0043831225,-0.10306134
-0.013905952,-0.02452469
-0.0122110285,0.023824694
0.0014398831,0.067495055
0.011637978,0.032931693
0.008068241,0.009161131
-0.015585679,-0.052473616
0.0031850482,-0.03943083
0.0044141947,-0.0134615945
0.01090621,-0.0014218545
0.0031189574,-0.053608935
0.013232382,0.016558124
0.008512012,-0.07499464
0.002064743,-0.2584016
-0.015613888,0.004926782
0.017922282,-0.01770393
-0.006553014,0.041262828
0.008867299,0.05326288
0.004329455,-0.070364796
-0.010691702,-0.0070964047
-0.025443263,-0.10614731
-0.007145808,-0.11508286
-0.0119763585,-0.016831359
0.006063179,0.028509574
0.0008283402,0.0057432926
-0.01180665,0.042832136
-0.006977529,0.008745785
0.0033119833,-0.037778806
-0.0012034809,0.07341893
0.012881439,0.11643471
0.023591917,0.015687538
-0.0014099178,-0.026021559
-0.0042726533,-0.0459907
0.0095530525,0.04067061
0.00056218484,-0.008439475
-0.007886208,-0.084415376
-0.006159287,0.044308957
0.01091863,-0.04363953
-0.0051022917,0.010011357
0.0017545942,-0.010356885
0.005062517,0.061111555
0.0030569485,0.012022426
-0.015504675,-0.042463828
-0.0069823265,-0.00414453
0.00015200977,0.021700907
-0.001526989,-0.076838456
0.004069018,-0.0014118493
0.02734974,0.04380651
0.006681797,-0.018032627
-0.00071955397,-0.021174287
-0.012834198,-0.03993955
-0.0076643694,-0.1150331
-0.004135498,0.0016298832
0.0052429065,-0.052925266
-0.00896859,-0.04250581
-0.0056665707,-0.014084335
0.006453496,-0.014070542
-0.0022883397,-0.00769059
-0.008545301,0.010267293
-0.007172521,-0.008296461
0.0011217541,0.017770872
0.007209817,0.02570424
0.016445665,0.04816787
0.0038879872,-0.21317495
0.0020577027,-0.04795699
0.010607166,-0.0445434
0.0056536077,-0.02459046
-0.0055594016,0.04248321
0.003125375,0.076108664
0.01072393,0.035785276
0.0014361414,0.0018688996
0.0032413786,0.0023564366
0.007386729,0.0031402656
0.00062165817,-0.003716671
-0.012359209,-0.04235913
-0.017117545,-0.07089747
-0.0031460864,-0.015683312
0.016184375,0.017948043
0.006401535,-0.015613069
0.0095715895,0.036268227
0.015668228,0.083247855
-0.003806056,-0.045415226
0.02041417,0.04727127
-0.007323791,-0.021669166
0.00019116455,-0.054300733
-0.010318442,-0.09206591
-0.01218003,-0.0055305324
-0.0039419904,-0.0019757894
-5.2321004e-05,0.024950668
0.007871747,0.03898824
0.001344845,0.000335845
0.01006584,0.004011268
0.000381339,-0.016805233
-0.0011581244,0.038840294
0.0011574741,0.018465335
0.008287634,0.002142203
-0.008691797,-0.008549182
0.004065345,0.025880352
-0.00015395507,0.017780082
0.00032732694,0.013478944
-0.005061058,0.012103524
0.009382069,-0.0014534399
-0.006774462,0.019058727
-0.0039591496,-0.000777172
-0.004840289,-0.013174041
0.004880353,-0.054705255
0.008182099,0.004756489
-0.0006471721,-0.0024595992
0.0009123077,0.008162013
0.010696515,-0.05149972
-0.00642397,0.036310684
0.011635153,-0.010805553
-0.0071477946,-0.021488339
-0.007006903,-0.0052360618
-0.014635764,-0.07928073
-0.0049340352,-0.016127469
0.0014953241,-0.0010508135
-0.008076229,-0.053063136
0.0077543603,0.0076951575
0.0032452832,0.011921075
-0.0018246477,0.017576896
0.0027328287,0.035822667
0.017764065,0.017017778
0.0010808867,-0.015965555
0.00083959114,-0.03824758
-0.006746634,0.0072900974
-0.009964965,-0.03401116
-0.020068822,-0.015272651
0.004095443,0.048040424
0.0025947061,0.017039638
0.0101930415,0.011697578
-0.006235717,-0.032380708
-0.00223615,-0.0100586265
-0.0032989583,0.011400731
0.020410279,0.028724078
0.009442804,-0.0003196529
0.013193106,-0.026579343
0.0011755938,0.011017581
0.009370583,0.02430809
-0.010106143,0.00858984
0.0031171576,-0.012892367
-0.002937244,0.037663136
0.0058006626,-0.117450625
0.009168735,0.019736951
0.009352023,0.028080275
-0.00020232162,0.021316705
0.011847654,0.005970041
0.019727878,0.09503222
0.002934549,0.016761744
-0.007019008,-0.05277542
0.001802417,0.0042261756
0.0013977294,0.021960529
0.009453021,0.06358244
-0.0033951006,0.03339641
-0.0064744144,0.0039746338
-0.003272681,0.02706488
-0.0025503084,-0.04817567
-0.014054805,-0.019963639
0.007349967,-0.011104155
-0.00841512,-0.019263102
-0.0016839511,0.02486154
0.010667654,-0.057023324
-0.0017873629,0.035623148
-0.051719695,-0.3155698
-0.016847543,-0.08027911
0.0046370905,0.03316098
-0.11761321,-0.691375
-0.1017283,-0.61064583
0.0062667807,0.025942257
0.07396142,0.3545762
-0.06963334,-0.29719886
0.046461165,0.1526785
-0.03377524,-0.20110242
-0.09392899,-0.25561768
-0.038774833,-0.14330292
-0.010948336,-0.022654815
0.0010159072,-0.029832538
-0.020013599,-0.076657176
-0.00020264182,-0.0557561
-0.02497619,-0.062066674
0.057321183,0.12053219
0.01287023,0.012244007
0.02007276,-0.0060460092
0.017459076,0.026547654
-0.059863955,-0.15496138
0.022238223,0.04327341
0.008424932,0.024800124
0.015402308,0.043869875
0.01065273,0.068586215
0.044395708,0.02038231
0.034664176,0.07363367
0.012643879,0.037627026
0.034759067,0.024386015
0.028834056,0.0781305
-0.054455116,-0.109515354
0.046457183,0.12344686
-0.0072121145,0.0006019643
0.010918893,0.081973
-0.006343319,0.016288245
0.01241286,0.009441579
-0.040230587,-0.07851985
0.021628734,0.082797505
-0.042378858,-0.11550631
-0.014679998,-0.01725043
-0.011697925,-0.012491216
-0.020115992,-0.0719563
-0.009336211,0.046004158
-0.0022309676,0.023207333
0.00018829078,-0.0036664682
-0.031332802,-0.06808948
0.0402395,0.088173725
-0.027002659,-0.092310436
0.042912118,0.10338634
-0.009632074,-0.0107954405
0.01200855,-0.0025163223
0.002183584,0.0050514606
0.009344561,0.04436131
-0.019487534,-0.059941713
0.012970472,0.058073167
-0.024751997,-0.09736385
-0.012601771,-0.0467387
0.0034813108,0.01848211
0.00016864436,-0.0088068545
-0.017894015,-0.051397923
-0.00998448,-0.053316362
-0.015740745,-0.020041492
0.019222105,0.06269978
0.012394951,0.048558388
-0.007897833,-0.019129049
0.008854056,0.019694772
-0.011705525,-0.030690888
0.0011904093,0.0021981567
0.04219936,0.09528233
0.017014667,0.05167781
-0.024036134,-0.052594222
0.022813853,0.05427598
-0.0041841464,-0.029830717
-0.0008709093,0.015786633
0.011838111,0.0383602
0.010242504,0.017500004
-0.010109134,-0.015033675
0.012794935,0.02470643
-0.02919541,-0.069112584
0.017100768,0.0437298
-0.002589539,0.0009787714
0.01301099,0.034353595
-0.0143679455,-0.01020603
0.009317309,0.040878557
-0.011274138,-0.024607686
-0.006377828,-0.01231273
-0.008943252,-0.0053583076
0.0035943815,0.013507605
-0.017490335,-0.046510432
0.0013333603,-0.0037859434
-0.030377805,-0.07196466
0.010380753,0.01905865
-0.016886562,-0.021774856
0.019663023,0.03300543
0.0070745917,0.029680353
0.01597355,0.034444407
0.016402181,0.01841982
-0.0023003404,-0.03576558
-0.0059613017,-0.026156997
0.00044999708,0.011218821
0.020075656,0.048808146
-0.0012692914,0.00026218695
-0.02849869,-0.09324247
-0.026734097,-0.05982204
-0.0020493718,-0.00382569
0.0033314757,0.006088352
0.0025764166,0.01011955
-0.0010557467,-0.036409743
0.015768696,0.024119085
0.01302292,0.04821231
0.004520419,0.0029263995
-0.015050261,-0.0015654042
0.015907736,0.055653125
0.016559979,0.035287056
-0.0045162123,-0.03813386
-0.007172242,-0.012148354
-0.004172123,-0.0069310865
0.015610315,0.031147264
0.013554138,0.06016059
0.016004479,0.017448304
0.00958658,0.010488849
0.0019278827,0.02287547
0.00829206,0.0072718146
0.002452111,0.009835512
0.02211664,0.040476415
0.004623277,0.025795579
0.014320024,0.030647058
-0.0008375523,-0.025490744
0.0030189268,-0.0071393806
0.012104228,0.031860273
-0.012639714,-0.022788513
-0.018194102,-0.004464458
-0.022131052,-0.04103899
-0.005793306,-0.00583483
0.00757189,0.011083587
-0.013358098,-0.036408402
-0.01883544,-0.037364785
0.0018652856,-0.030472638
-0.026121005,-0.017930806
-0.014243565,-0.049344987
-0.011647839,-0.03840034
-0.002095047,0.00039504643
0.006568134,0.041773584
0.003116322,-0.0020529714
-0.0070754737,-0.0440874
0.0021065085,0.036061913
-0.0058410484,-0.015552125
0.011718424,0.02627782
0.00828859,-0.0011179582
0.012583591,0.04063318
0.0034396937,0.010614728
-0.011766216,-0.04215677
0.0025015075,0.008111077
0.0023959551,-0.0077905487
0.005125892,0.018314375
-0.0027443175,-0.015668066
0.0035819814,0.024368094
0.0027467553,0.0053486866
0.00040145067,0.0017677804
-0.0017240364,0.009906132
0.0051131872,0.034271494
0.007645196,0.027308628
-0.0043250723,-0.042641163
0.0036566427,0.0035539716
0.00581076,-0.023972582
0.011878876,0.03539722
0.027371787,0.10383406
0.011282675,0.07770144
-0.0006271375,0.008733685
-0.0080775,0.039627433
0.0054440014,0.041170448
-0.005629733,-0.0041988557
-0.0037028242,0.02726233
-0.012680942,-0.066730306
-0.014284242,-0.0042347023
-0.0072097797,-0.006053568
0.002055301,0.00811101
-0.0031389133,-0.012225905
0.007821926,-0.016974002
-0.0013688419,-0.006740557
0.003366641,0.0064140838
0.002236065,0.027919048
0.0062982664,0.003620084
-0.0068898397,-0.011890728
0.016661046,0.009687697
-0.016991924,-0.032570086
0.0101644695,0.032082986
-0.002140595,0.019928386
0.0085519785,0.04157783
0.007057694,-0.023279024
0.0025076182,0.04758285
0.0055112634,0.0101523185
-0.0054590115,-0.013954139
0.002176086,0.0050342795
-0.0036172979,-0.016767345
0.006652377,0.016959593
0.0016851353,0.018577065
0.0023449631,0.01160248
0.017311063,0.046486855
0.006967795,0.006699062
-0.0034332639,-0.006979012
0.009541182,0.020422861
-0.010865948,-0.014004996
-0.001926729,-0.025239432
-0.012207669,-0.07636242
0.0026617248,0.00016615713
0.00543788,0.016321065
0.0045791594,0.011578353
0.0011287909,0.001184831
0.001102085,-0.007987458
-0.0022167957,0.04958321
0.006384613,0.042012095
0.0052449256,0.045745328
-0.0007506019,0.011296802
-0.016698215,-0.055994626
-0.028049584,-0.044847574
0.009400778,0.030261584
-0.003357641,0.013390082
-0.0120749865,-0.036231518
0.006883693,-0.0020163544
0.00094756624,0.030916061
0.012622362,-0.0030265395
-0.018849,-0.021049352
0.014175863,0.009849373
-0.0031415299,-0.013616072
-0.014025034,-0.03796659
-0.0018830507,-0.010015711
0.0025784038,0.018911127
0.0036322298,0.009399538
0.0118627325,0.060469795
0.015541623,0.030048843
0.02251846,0.06219967
-0.0026194006,-0.00820997
0.008315372,0.045125112
-0.01061769,-0.011453682
-0.0009842745,-0.010541256
-0.0035972376,-0.025636287
-0.014264996,0.021429844
-0.007817315,-0.016254485
-0.0011484025,-0.0450213
-0.008173979,0.0137206875
-0.008592931,-0.012558174
0.016469732,0.018860132
-0.0012284903,-0.00010863734
-0.0014339555,-0.081135355
0.004112441,-0.03539944
0.0036007194,-0.02084816
0.0001298206,0.03332041
0.0058207903,0.0613222
0.014341298,0.017515022
-0.0018319372,0.008886649
-0.00035505075,-0.010393031
0.0016015507,-0.016139496
0.0015941771,-0.0042520193
0.01737628,0.02810887
0.0035427837,-0.040080264
-0.00075277576,-0.00862902
-0.0064548287,0.016726628
0.0037132474,-0.008168659
0.0019464986,0.006642447
0.0102311615,0.015186651
0.006163177,0.05678115
0.0025451097,0.01392656
-0.012784727,-0.037789132
-0.0028691622,0.029606074
0.0037164667,0.051628657
0.0016881598,-0.017505217
-0.003283686,-0.005900548
-0.0026011774,-0.01839331
-0.0015728746,0.008110052
0.010655802,0.057636615
-0.0014958847,0.017990276
-0.0004541336,0.00321716
0.0041661747,-0.07214554
0.000118346186,0.01573408
0.009859847,0.03378713
-0.012009315,-0.005597721
-0.018215306,-0.03475971
-0.016959555,-0.04006113
-0.0036572753,0.015159189
0.00391218,-0.03634827
-0.018112171,-0.035973717
0.007768639,0.017004617
0.014923039,0.02713885
-0.04103467,-0.22753033
-0.02470943,-0.21971703
-0.026169684,-0.17307262
-0.002138897,-0.0022645222
-0.027711704,-0.17751302
-0.067961976,-0.402157
-0.10407575,-0.56203496
0.08194938,0.35722506
0.02668718,0.09045837
0.07814328,0.29683644
-0.06809604,-0.19771045
0.07163919,0.16146609
0.016809171,0.0076208324
-0.0010343667,2.3392031e-05
-0.06830671,-0.16710265
-0.014931485,-0.049228422
0.019809593,0.032042384
0.031281512,0.07092474
0.047057208,0.11203178
0.028251544,0.04262638
0.0028429697,0.006093936
-0.0021513696,-0.028783534
-0.014930776,-0.032434613
-0.0021155807,0.0025009064
0.03679526,0.09314414
-0.010151535,-0.016104287
0.0506479,0.1270362
-0.02591284,-0.03968366
0.020976497,0.049461965
-0.0052278927,0.006516952
-0.05788875,-0.1529164
-0.057322502,-0.1504543
0.019907417,0.050921634
-0.00260825,-0.019988766
0.014392099,0.038267843
-0.0059914696,0.0015657111
-0.01654456,-0.032969356
0.010025902,0.020212635
0.016648658,0.029228685
-0.019087719,-0.047323607
-0.008273218,-0.03236502
-8.8393805e-05,-0.0022507226
0.011359275,0.005398141
0.016298644,0.036425874
0.01975546,0.041553948
-0.005167678,-0.009250652
0.010685101,0.031643756
0.024372898,0.063998915
0.031509794,0.07181197
-0.028669167,-0.07271935
0.005832255,0.018911643
0.04213185,0.10706472
0.012299124,0.03406371
0.011719858,0.04390167
-0.022033552,-0.036300782
0.006699126,0.011914887
-0.034559585,-0.07066145
0.00914937,0.027129162
0.0001839195,0.021929363
0.020667963,0.057676863
0.019050688,0.042858128
-0.031502046,-0.07384574
-0.025307333,-0.0529912
-0.007829765,-0.02437829
-0.012693159,-0.021909446
-0.0072023724,-0.015969016
-0.02167763,-0.039431263
-0.0066283545,-0.023031434
0.0104082795,0.03463664
0.010428682,0.052915756
0.03581272,0.10265606
0.01162943,0.021244323
0.0056503895,0.03858837
-0.013850724,-0.029061308
0.0010801215,0.0027208452
-0.0015727731,-0.012691668
-0.0013835528,0.0033795452
0.005111212,0.012751225
0.003373053,0.032337043
0.004030332,0.019261604
0.008042052,0.011821888
0.010041013,0.007128924
-0.010712244,-0.015562224
-0.0050338767,0.016592825
-0.003081692,0.0035005321
0.007817854,0.005397336
-0.005656313,0.0003793644
0.008595986,0.012793109
0.001988932,0.0012237414
-0.024725968,-0.07477494
-0.0142848715,-0.030203903
0.0029059816,0.047064602
0.0045685666,-0.009566822
-0.008507287,-0.026947713
-0.012669461,-0.012885944
0.0010005577,-0.04750619
-0.013937017,-0.0426672
-0.017159883,-0.061303698
0.0020665424,0.009295154
0.012688454,0.026141481
0.009487398,0.03524919
0.014128964,0.05856849
0.021508604,0.050668705
-6.3971966e-05,0.014212984
0.0013786382,0.0071778656
-0.012056278,-0.022880016
-0.009585075,-0.0139289135
0.015492469,0.02998271
-0.0145413205,-0.02516161
-0.0087935515,0.0071854764
0.021372292,0.032371465
0.0078071924,-0.0049986
-0.0033044282,-0.008811161
-0.01688103,-0.040284246
-0.008536929,-0.025314495
-0.012894483,-0.025647506
0.019600892,0.053650454
0.0020154468,-0.017785612
-0.004561083,-0.036436927
-0.000720367,0.016416833
-0.0027687366,0.004349069
0.012063489,0.04664804
-0.0037369695,0.009462268
-0.010098518,-0.021753313
0.009206602,0.023520103
-0.00058855,0.0073384354
-0.003196317,-0.020359667
-0.006925081,-0.006586862
0.0014244176,0.011142563
0.009310609,0.04634333
-0.01169549,-0.032985922
-0.0002550523,0.0062516066
0.04499367,0.1236386
-0.009371789,-0.029996665
-0.0068871267,-0.019542173
0.006348218,0.021198332
0.0051279445,0.019610565
-0.008504492,-0.008353312
-0.00045190263,0.008411483
-0.009370705,-0.039552886
-0.011623802,-0.0114433775
-0.011113071,-0.012223581
-0.01968929,-0.06260743
-0.023247402,-0.048848484
0.009333006,0.020183306
0.008466249,0.021741923
0.008705011,0.03452996
-0.0062833363,0.014736821
-0.0005734761,-0.0015753381
0.023707477,0.049401388
0.0015529713,0.004900748
-0.0009803941,0.004275398
0.0009545521,-0.0020490645
-0.013464719,-0.05105607
-0.007794668,-0.012542643
0.01156171,0.045184523
0.017695943,0.0302325
0.0037607737,0.010680596
-0.0037206127,-0.0101191765
0.00506866,0.009787995
-0.005553839,-0.0077383346
-0.0034741175,-0.010162416
-0.0075079612,-0.017352074
-0.0013275872,0.009795366
0.014062729,0.038063087
0.010243621,0.020481374
0.0050442126,0.04031966
0.027787859,0.053412218
0.014263667,0.043232225
0.017055169,0.059124768
-0.014547225,-0.024098923
-0.019497892,-0.042814635
0.006193403,0.0317095
0.012514306,0.033832476
-0.013809995,-0.0322352
-0.007321693,-0.009641034
0.0087356735,0.0338914
0.014900008,0.03296282
0.0020806927,0.021997925
0.005838352,0.024641085
0.028110176,0.0906659
-0.002786059,-0.041438267
-0.010005448,-0.039137408
0.0069738305,0.0030392813
0.006412244,-0.058763932
-0.012894662,-0.019861396
0.0050551156,0.01958191
0.024975836,0.07386322
-0.00011755864,0.0062027182
-0.0033926168,-0.01189148
0.0062807025,-0.09067833
0.0052326787,0.027356721
-0.00902283,-0.0013973465
-0.011112809,-0.05398463
0.008076001,0.030597027
-0.0038583346,-0.014425029
-0.006985979,-0.013490245
-0.008153789,0.06568468
0.020471523,0.052246004
-0.008340292,0.01968757
0.004436873,0.03165889
0.0074515864,0.004881423
-0.009436396,-0.02549817
0.0011308419,0.011611976
-0.0052842936,0.015436606
-0.0035194885,-0.05053622
-0.0066956626,-0.052624214
-0.010806412,-0.008146117
-0.0080900565,-0.058621466
-0.016677143,0.024878822
0.0031893495,-0.0032193838
-0.00515898,0.1434934
0.029272357,0.023900049
-0.010785146,0.033516318
0.015149711,0.08557273
0.014777027,0.03144453
-0.0072363634,0.0033714522
-0.010526979,-0.05925096
0.012815709,0.030697491
0.0022170898,-0.1374733
-0.0024577007,-0.08433966
0.009902944,-0.038003486
-0.0062612006,0.014008056
-0.0059758252,0.03082062
0.01054644,0.051685836
-0.00401525,0.027143022
0.0051837275,-0.030151753
-0.004715129,0.019677365
0.0103069,0.019236377
0.0047081164,-0.0159981
-0.0026790292,0.048483506
0.0037989356,0.0469197
-0.007854482,0.052442983
-0.0069680493,-0.058158893
-0.021492187,0.03230733
-0.0015323318,0.024249986
0.005095997,0.018010804
-0.0028984519,-0.03385499
0.0020297063,0.030569129
0.015800297,0.03599402
0.0029551405,-0.013105821
0.008563676,0.07178862
-0.0027005882,0.032111414
0.00014655694,0.0031460382
0.0027139508,-0.0071238074
-0.01865398,-0.032526836
-0.016911462,0.0008079209
0.0025700312,0.03004397
-0.0071384734,-0.028769586
-0.016099565,-0.048212234
0.00094461767,-0.010401141
-0.007127839,-0.024275938
0.0048958287,-0.013898308
-0.0012569237,0.033816032
0.0027989116,0.060160786
0.0042651305,-0.01740996
-0.01154452,0.015798502
0.0067966944,0.002361731
-0.010870284,-0.020724704
-0.0056521273,0.016099814
-0.01454482,-0.036903176
-0.000914657,0.015232352
0.0033547352,-0.03929971
-0.0077094235,-0.03181548
0.015155879,0.0233009
0.0013239955,-0.051701713
0.005271974,0.08669923
0.014781221,0.03343399
0.012205522,0.053172044
-0.016599536,-0.03283887
-0.020425076,-0.054336485
-0.011696449,-0.0059700925
-0.00806193,-0.020887185
0.0025727754,0.011233527
-0.003446342,-0.03544014
-0.008653725,-0.07100317
-0.008235837,0.010528533
0.00086665247,0.010486187
0.00974576,0.041607864
0.014816599,0.064857714
0.020947382,0.087477304
0.010185408,0.03405388
0.002836892,0.011358159
0.0008216288,0.022949385
0.0004780027,0.0072475355
0.009242451,-0.0051889177
-0.0031993494,-0.012132819
-0.014249748,-0.049750622
-0.008774139,-0.021236194
-0.01169591,-0.016458727
-0.0076122284,-0.020078985
-0.0041729882,0.026200116
0.003526509,0.007995119
0.01243858,0.03343953
-0.0013164158,-0.02294572
0.0023728686,-0.010858522
0.020191303,0.07922132
0.01304448,0.015079979
-0.011708871,-0.032578286
0.002029746,0.031316116
0.007464419,0.028204713
-0.0027834412,0.010893212
0.014020334,0.01853836
0.013004616,0.028744325
0.004428506,0.009923469
0.00054489047,0.037379522
0.009476866,0.02425375
0.0025111544,0.05092425
0.0034110725,0.008220972
-0.004270166,0.008939015
0.00874427,0.028794048
0.016555075,0.04448116
0.0027053845,0.04666301
-0.018128209,-0.14335021
-0.023147186,-0.02780767
-0.004333109,0.048087623
0.015883926,0.0530387
0.004786258,0.027602743
0.0054186503,-0.007409792
0.0022071616,0.0024507476
-0.0063939653,-0.055090282
-0.004264538,0.027322847
0.002677332,0.0046543307
0.012478591,0.04916486
0.008340166,0.04168192
0.009263038,0.020623945
0.003089537,0.031557925
0.020451974,0.041823756
0.0015416311,0.0051720007
0.0038550769,-0.0074012317
-0.0045393556,-0.0042526
-0.0053985287,-0.03594843
0.0072538126,-0.03973623
-0.0021298206,0.009719127
0.005356015,0.06571413
0.0064087454,0.004095389
-0.0025393032,0.042185877
-0.0008877773,-0.017088173
-0.008157772,0.00918948
0.0026077135,0.058834355
-0.010684382,-0.109829426
-0.018095523,-0.028707124
0.007211297,0.026189169
0.014684893,0.042713087
0.00088594144,0.010687211
-0.018557452,-0.09003997
-0.014683014,0.023379156
0.013900636,0.050162077
-0.004343038,0.03117787
-0.001549437,0.007515785
0.0045415433,0.11307739
0.022851957,0.046938393
-0.015049746,-0.04576782
-0.0058719655,-0.081224374
-0.0138695035,-0.019938143
0.0022379246,0.017941037
0.013261073,0.04118051
0.013852688,0.036565665
0.013324533,0.02484379
-0.0057138745,-0.17629339
-0.00512264,-0.011773037
0.0036137153,-0.016176993
-0.003272431,-0.023204062
-0.012217417,-0.056600098
-0.0062105414,0.021728752
0.0030628652,-0.028040955
-0.0016771017,-0.030256376
0.017644245,0.010015811
-0.008182092,0.009727972
0.013161683,0.038109764
0.0038115042,-0.007554964
0.0049262242,0.06097177
-0.00076901435,0.06945288
-0.0018321463,0.070183575
-0.010513771,-0.13780108
-0.007637184,0.01655388
0.007444161,0.015638573
0.011282129,0.04263271
0.0023972099,0.03852165
-0.00071419193,0.053360626
0.012093521,-0.07913634
-0.007484579,-0.044509914
-0.009743855,-0.11562203
-0.021043178,-0.036120966
0.019399198,0.07947762
-0.002607345,0.020610293
0.00019892771,0.007818195
0.006993872,0.028597984
0.0008096347,0.110641904
0.024675261,0.09597845
-0.0062198257,0.20423792
-0.00040900102,-0.025176363
0.0038642685,-0.002030251
-0.0043423427,-0.02627092
-0.008055319,0.012453646
0.008405951,0.0069175563
0.004630575,0.11014242
0.009574052,-0.065947466
0.002196464,-0.04656665
-0.00170825,-0.10919188
-0.005661001,-0.022909237
0.0064371536,0.002321213
0.0014508958,0.0034471818
-0.006981007,-0.07943279
-0.021800786,-0.057172395
-0.0048979195,-0.06686716
0.0058449805,0.0729873
0.011839995,0.08709532
-0.0074653453,0.022609076
-0.004915469,-0.010873593
-0.00036972947,0.029746886
0.007082332,-0.043299235
-0.0019134135,0.011698711
0.0016019568,-0.012041527
-0.007003791,-0.06579338
-0.004327947,0.05910353
0.016808668,0.0139207635
-0.0028048186,0.004616881
0.008884349,0.019843966
0.0074044564,-0.011871864
-0.020232176,-0.025279714
0.0012579237,-0.052472033
-0.012127905,-0.063402876
0.010080687,0.03207887
0.0049370676,-0.16548829
-0.023141587,0.004152404
0.023998067,0.14708522
0.012745636,0.01891146
-0.00086664915,-0.120593436
-0.021373888,-0.06413644
0.0028187665,-0.009961594
0.0066558034,-0.0046970267
0.0010332847,0.013960499
0.0029599112,0.0066884244
-0.002289716,0.006012366
-0.0022669234,-0.037450638
-0.0042868685,-0.0358572
-0.00091044966,0.04805357
0.01594288,0.039083276
5.35788e-05,0.009388159
0.0010523498,0.008651744
9.215437e-05,-0.027220316
0.007251397,0.012455038
0.007202359,0.09703488
-0.003493168,-0.046346247
0.0033965108,-0.0017676445
0.005738247,0.014899014
0.011970725,0.13324884
0.015662841,0.023313815
-0.0013638131,0.023306902
0.0024589985,0.08292936
0.0040527126,0.043481357
0.0071854205,0.028688999
-0.0051061055,-0.1467077
0.0037912335,0.016967481
0.00048396143,0.021137025
0.010806875,0.06829691
0.0076058274,-0.030211791
-0.00789265,-0.09174671
-0.0027456726,0.10457414
0.007507332,0.04792939
0.0060152235,0.03686157
0.0053820596,-0.008077747
-0.012326813,-0.011224903
-0.0046992907,-0.014106723
-0.013366496,-0.046896663
-0.012725121,-0.022699619
-0.001811935,0.0046881647
-0.007843311,-0.03535455
0.0013498038,0.028557232
0.0022279955,0.01741526
-0.00027070526,0.018384313
0.008354392,0.058872085
0.023400215,0.005064787
-0.0073577147,0.04063915
0.016182475,-0.026875887
0.0019478451,-0.022930723
0.0039858604,-0.037983447
-0.0016256969,0.034089487
0.002979623,-0.029719744
0.005081559,-0.01524741
-0.00040326,0.010560015
-0.010421464,0.02493037
0.002817682,0.016446168
0.009328055,0.050833236
0.015636839,0.13110119
-0.00031152315,0.017425947
0.009981012,-0.021050282
-0.0046877554,-0.044690378
-0.0025882525,-0.013395681
0.010997692,0.01146862
0.007880428,0.072603956
0.0040489347,0.009844859
0.00744908,0.027487937
0.009100696,0.060613856
0.0026673009,0.03774009
-0.001983732,0.016803354
0.00078233687,0.003947017
0.0015167927,-0.042806998
-0.005919678,0.0074545583
0.0092464145,0.018769383
-0.0067232163,-0.013828718
-0.0017147779,0.0032622118
0.011559902,-0.0073626805
0.0027332208,0.049812246
0.00058976485,-0.0130824745
-0.007106928,0.0026160388
0.0063383905,-0.0045624706
0.010101375,-0.00021638558
-0.0019367447,-0.0048918314
0.014205623,0.051905368
0.00688025,0.037846535
-0.0024635934,0.0021935396
-0.0101316385,-0.030018857
-0.0119929975,-0.0342699
-0.003321807,-0.0046746247
-0.0079930825,-0.00026582184
-0.0008957011,0.0011229484
0.002717654,-0.0075767906
0.00623385,0.02968617
0.0058713853,-0.023304285
0.0015799282,0.008953071
0.0013618782,0.07777137
0.0067119384,-0.041344535
-0.0044095693,0.06844257
0.007431179,0.043818302
-0.007162788,-0.012965487
-0.0050236313,0.005719275
-0.005762729,-0.008623742
0.002101861,0.019798672
0.0077372836,0.005830387
0.0121385325,0.023644453
0.0045316056,0.059844986
0.0011897836,-0.0042099217
-0.0024090894,-0.0037882423
0.015285805,-0.003036612
-0.0024782831,-0.024179807
-0.008672419,-0.053007945
-0.012876524,-0.060587015
-0.0039679743,0.015899334
-0.004173103,0.015085476
-0.0012865672,0.0011715943
-0.014873516,-0.041738722
-0.0048878193,-0.009008415
-0.0008145531,-0.023545422
0.005837771,0.03932337
0.0046230764,0.023013148
0.0038161692,-0.017568946
-0.0045575323,-0.052591797
0.008226989,0.010508508
0.016253665,0.089170426
0.0065756124,-0.02853224
-0.0063254097,0.02364631
0.007155641,-0.011732856
0.0009947227,0.025868187
-0.010647584,0.023728121
-0.009746401,0.003422612
0.0003894539,0.012066149
-0.0041082385,-0.009215846
0.00031424104,-0.04079318
-0.0045159194,-0.07152745
-0.0068343454,0.0005649393
-0.0031409257,-0.022660155
0.008099819,0.04312512
0.010686772,0.0054517803
0.0037168553,0.011270935
0.0063650254,0.045238618
-0.0029949837,-0.0084214145
-0.0043734643,-0.028505122
-0.0033602202,-0.008972698
-0.0034916028,-0.050502714
-0.0031749613,-0.010562006
0.0032418198,0.011702878
-0.00073141046,-0.031949177
-0.0007103246,-0.000780336
0.0004839924,0.018282818
0.0035727613,-0.022869224
-0.01526822,-0.14761345
-0.009499259,-0.010617422
0.015511625,0.046079706
0.0030540824,0.0009673681
0.0077502145,0.04442206
-0.0007933527,0.014663386
0.0047481265,0.038703963
0.007852258,0.010890979
-0.00289296,-0.053743538
0.0043709185,0.097151004
-0.0006094406,-0.012208081
-0.0034435596,-0.009836271
0.0055638566,0.030706406
-0.007950459,-0.01437208
-0.0061242846,-0.008976436
-0.01398512,-0.062011845
-0.00210527,0.000245743
0.004954705,-0.031712186
-0.010175669,0.02102127
0.005080981,0.026230732
0.0073240483,0.033080664
0.0017315502,0.016333962
-0.0070433924,-0.06981302
-0.010290364,-0.01842309
0.004930556,-0.01890174
-0.014846133,-0.07336091
-0.0031351172,0.03302848
0.014423665,0.023439826
0.0134119615,0.050746072
-0.008400681,0.038675237
0.0018376296,0.01638025
-0.0051007373,-0.005493192
-0.012489156,0.043017317
0.0051385234,-0.027611533
0.003386423,0.03884394
0.008119724,0.060249392
0.0067336676,0.018203104
-0.011525372,-0.03800642
-0.015435356,-0.006612648
0.0071699675,0.0013128879
-0.0061330977,0.031074515
0.006962594,0.037270702
-0.0039934465,-0.001467899
0.002969041,-0.03784618
0.0013598597,-0.031867176
0.001324116,-0.031267945
-0.00025048066,-0.001993948
0.0028478592,0.0059873112
-0.00943986,-0.051436957
-0.0045102797,-0.029515253
-0.0111671,0.021522308
-0.005985474,-0.008080587
-0.0060538272,0.011370604
0.012666157,-0.036745444
0.012263577,0.012937707
0.0020467187,-0.016161209
0.0037777005,-0.02887615
-0.0035017394,-0.06591201
0.00032964285,0.009175305
0.010840081,0.01507387
-0.0012472856,0.03947814
0.0072205854,0.043167308
0.010883277,0.056939833
0.006936978,-0.02966881
-0.010161445,-0.07909661
-0.020519294,-0.050905865
-0.006982303,0.015203073
-0.0036906968,0.018970989
0.0064237565,-0.0014322705
-0.00055433623,-0.0661487
0.0032316514,-0.021703731
-0.0013369448,-0.026002605
-0.0052675013,0.007177411
-0.0046710805,0.02118607
-0.022421703,-0.035850387
-0.0011176658,0.03002471
-0.0035300802,-0.0892032
-0.023250973,-0.052620098
0.009165955,0.028978096
0.00785336,0.014974594
-0.0010515777,-0.009702216
0.005940629,0.015854487
0.0039352444,0.05650636
0.028887998,0.10312726
-0.0010387577,0.0034588878
0.0061563826,0.04505152
0.0015451803,0.016521813
-0.0009899115,-0.03942638
-0.003001484,-0.017844805
0.0019603996,-0.011406433
0.002600269,0.017252194
-0.00014489173,0.04921549
-6.7008834e-05,-0.06848122
0.0038522687,0.008712796
0.009324472,0.09374328
-0.008372679,-0.0033758234
-9.049685e-05,-0.019549903
-0.003168825,0.020899648
0.007728928,0.021765482
-0.010895235,-0.023669532
-0.009765006,-0.022550764
0.0070486064,0.05587245
-0.0011254475,0.015429555
-0.009666374,-0.025662426
-0.007237815,0.027279599
0.015479652,0.019229116
0.0077909357,0.008548945
0.0018165885,0.003309991
0.0136012705,0.007026192
0.0017947175,-0.0011101352
0.004987033,0.03727704
0.008844186,-0.011363971
0.004206106,0.075042225
-0.0025151372,0.042761974
0.004080876,0.054724634
-0.018142708,-0.055363256
0.046147387,0.24903756
0.053404037,0.28271592
0.025976043,0.1255836
-0.1362541,-0.6192169
0.025684996,0.18841012
-0.16160646,-0.83019215
-0.04850415,-0.26919076
0.026153471,0.072156645
-0.07135342,-0.29851136
-0.03335973,-0.06265974
-0.058320396,-0.19510944
-0.036766164,-0.050361224
0.012496156,0.018582758
-0.09559524,-0.23401198
0.022250991,0.05262786
0.0051651946,-0.009866347
-0.057257246,-0.1406949
-0.034269758,-0.08989782
-0.046998374,-0.14870016
0.028325655,0.044168934
0.0049913307,-0.038311075
0.014997226,0.0037371935
-0.0093095,-0.051502373
-0.0071454644,-0.030865293
0.0071993265,0.019707495
0.038512312,0.041590225
0.048037976,0.09171099
0.0068457415,0.0086568445
0.02636668,0.07402359
0.012688,0.043172125
-0.001917548,-0.015149778
-0.024723215,-0.044401668
-0.018758712,-0.036501992
0.0072255027,0.042307336
-0.040757652,-0.08607502
0.021395307,0.050076395
-0.02164958,-0.0955506
0.025696274,0.06427868
-0.009238042,0.013915857
0.014327182,0.05243031
-0.011904225,-0.029391197
0.051831365,0.15121518
0.026376028,0.1481836
0.026681535,0.09850895
0.00980572,0.051425405
-0.021827342,-0.032098476
0.014232772,0.054146416
-0.027831096,-0.036805615
0.02090932,0.13331982
-0.024915567,-0.04525121
-0.0048721367,-0.06163891
0.023056837,0.03776901
0.0025186306,-0.004980649
-0.0020427164,-0.08775623
-0.0021222658,-0.019286925
-0.028523117,-0.041217137
0.047736093,0.11926006
-0.017395549,-0.037189297
0.010135503,0.20527817
0.042712353,0.07070142
0.0013780141,0.062173523
-0.04402121,-0.075247906
-0.007425567,-0.029332642
0.008490973,0.065472186
-0.014651014,-0.030533586
0.023805648,0.0580444
0.007764661,-0.046736944
0.0145766875,0.066692814
0.007378613,0.060601313
-0.037204243,-0.21537471
-0.009013783,0.01335696
0.018062055,0.014731173
-0.0037014096,-0.0069263224
-0.0064098495,-0.009104598
0.028347306,0.101977296
0.025197737,0.13112758
-0.027530778,-0.08518752
0.0043122545,-0.014540945
0.0025531596,-0.040708903
0.009745539,0.065003134
0.015529245,0.056084186
-0.019156605,-0.083497256
-0.001282824,0.06614745
-0.017820898,-0.042823743
-0.010795714,0.030056393
0.0146250995,0.04411387
0.00041481503,0.018491713
0.006413651,0.05709504
-0.0041860435,0.0039143953
-0.0031948704,-0.0035262974
-0.0028341962,-0.024158997
0.0005352329,0.024952887
0.008442729,0.0017496392
-0.007159911,-0.008562129
0.0008465733,0.036637697
0.022178452,0.09015281
-0.009846397,0.00037505972
-0.00079906604,0.03655917
-0.0020176577,0.019778281
-2.4676672e-05,0.0010546559
-0.015011268,-0.020799907
0.01767061,0.008642217
-0.004086535,-0.08751377
-0.021733195,-0.09256616
0.0131618595,0.016713403
0.0016330131,0.014676675
0.007992463,-0.020818498
-0.010412766,-0.056023743
0.0120197665,0.043330815
0.00066500634,0.117907874
0.000464032,-0.002570058
-0.0060379105,0.067252286
0.019172452,0.003946913
0.012294985,0.055352382
-0.013842678,-0.040168636
-0.0029327502,0.022555646
0.0050417264,0.021907067
0.017833702,0.02863791
-0.0075454656,0.016048752
0.0062385546,0.05369332
0.004652763,0.13723272
0.0073075797,0.070705116
-0.00027667318,-0.0014266284
0.0044461605,0.028266206
0.013431858,0.006955606
-0.0027491746,-0.01740787
0.005533829,-0.0048970226
-0.003932128,0.007181316
0.0041594016,0.004771528
-0.014911218,0.01483685
0.0028703737,-0.06640034
0.0038220654,-0.0013947851
0.007526433,-0.044662677
0.017370023,0.024616081
0.0058501614,-0.055757657
-0.015543545,0.02410872
0.003278856,-0.012399001
-0.0052458383,0.00958274
0.00048625492,-0.06953637
-0.019482492,-0.060734063
-0.008869404,-0.06384631
-0.013569102,-0.061248288
-0.014339347,-0.034605186
0.0054851687,0.024909692
0.021505902,0.09726473
0.019082481,0.050737694
0.017796874,0.08427867
0.0269983,0.08116607
0.009525313,0.05700603
0.008012906,0.02420361
-0.0030408415,0.016830312
0.004671188,-0.014521426
0.003398981,-0.0034096036
-0.005898444,-0.019628203
-0.01991379,-0.0875981
-0.03000015,-0.060563758
-0.013512153,-0.086050205
0.004782146,0.008241149
-0.002943079,-0.016721515
-0.0054114847,-0.020459123
-0.009901398,-0.046741884
-0.010483821,-0.06602533
0.0029954733,-0.0052552763
0.00046367454,0.00021495356
-0.008845451,-0.0022576803
0.017607637,0.06859431
0.021922136,0.044455513
0.0137748085,0.04024684
0.013544206,0.07887224
-0.0011339551,0.070620045
0.011467934,-0.024282673
0.000724628,-0.046833735
0.0029446697,-0.092879
0.009326369,-0.05365957
-0.019830894,-0.047690593
-0.0073256185,-0.030093903
0.014681969,0.035303477
0.021138115,0.049386166
-0.011251988,-0.0078479005
0.012762655,0.0432323
-0.000449982,0.0024166107
0.00702909,0.0024343864
0.014642306,0.08802499
0.010520602,0.06179676
0.0475574,0.13770813
0.019636473,0.104736365
0.015506536,0.02389312
-0.009729877,0.017509984
-0.0015604515,0.019139256
0.0029939518,0.04728307
0.0033496898,0.03367999
0.011638499,0.012362749
-0.006699984,-0.0062011816
0.00033732224,0.078453355
0.016875781,0.022282707
-0.028457632,-0.064061515
-0.0042900885,-0.02753788
-0.004938084,0.031466883
0.010310147,0.023514843
0.021323629,0.032824002
0.0004937395,-0.049331285
-0.018044952,-0.06442457
-0.008720905,-0.020624276
0.01865193,0.060157534
-0.0021023809,0.019335177
0.005798536,0.016131587
0.0019725577,0.022789089
-0.013626482,0.008482328
0.012281684,0.034153383
-0.01914629,-0.052523352
0.004682129,0.010098001
-0.0065025566,-0.06160507
-0.004335596,0.010610288
0.020299854,-0.013483458
0.011271309,0.011208905
-0.0038957035,-0.0004396897
-0.0044151195,-0.049925327
-0.0057218685,0.029190034
0.00062223594,0.011218449
-0.014880788,-0.03506553
-0.009406893,-0.040994726
0.001161605,0.03414768
0.014672378,0.139923
-0.00025179586,0.03231507
-0.0028796922,-0.07545782
0.0025214741,0.0023117494
0.011206987,-0.0037832307
0.008776145,0.037594162
-0.011564219,0.042723138
0.0074334713,0.03251549
0.0075420165,0.024653565
-0.006606059,0.071903735
-0.0033354498,-0.0042440826
0.011322772,-0.03957909
-0.0032662745,0.04579996
0.017920634,-0.015255403
0.0062295822,-0.010250998
-0.008593472,0.04597855
0.014297374,-0.0026668548
-0.022429502,-0.05730275
-0.026328068,-0.035369437
-0.006189583,0.023249255
-0.00074752176,0.00026309362
0.012167306,0.061909996
0.013922727,0.0020050972
-0.0070231967,-0.030127376
0.0074316,-0.013445212
-0.0011720301,-0.03024556
-0.011434585,-0.02635394
-0.021285553,-0.10196598
-0.013675464,-0.045794092
0.0020693408,-0.050272245
-0.00084433984,0.0048128506
-0.0016710641,0.008646316
0.017911237,0.01613824
0.0033956242,-0.03451412
0.010783462,0.019308854
-0.00019872322,-0.027116975
0.0051749563,0.0008533675
0.010814017,0.049825985
8.116552e-05,0.02234326
0.0027293274,0.030630168
-0.00043447842,0.026226563
0.004510181,-0.0009904851
0.0105801355,0.03799604
0.0102798175,0.0067109447
0.0004912275,0.021644674
0.0014023837,0.00849213
0.006775397,0.016030163
0.020869695,0.023122901
-0.0006322874,-0.018199729
-0.00057822687,0.050920635
0.016824728,0.015587592
-0.0024246625,-0.013385877
-0.003625095,0.02096116
0.0027615982,0.025254786
0.0011537836,-0.0041277357
0.0038392483,-0.030786268
-0.010515145,-0.023655111
-0.004483435,0.03491786
0.008358778,0.0064866473
-0.0051535303,0.041336354
-0.012580238,-0.050478708
-0.0168719,-0.009040608
0.00031698757,-0.012829655
-0.0076438114,-0.025842544
0.00076188054,-0.0017533993
0.0025667918,-0.00331456
0.0015711554,-0.009936173
-0.0045938683,0.028092537
0.02160569,0.047738243
0.0063832477,-0.035179704
-0.0046188836,-0.0064858757
0.00877314,-0.010957289
-0.009408401,-0.020462817
-0.00035436894,0.027361263
0.025299935,0.04221767
0.0037254517,-0.035699673
-0.0014832938,-0.032586273
0.009367616,0.006900218
0.0026503627,0.02075822
0.00036058854,0.027385548
0.020605277,0.06789098
-0.012956348,-0.005453429
-0.0022242693,-0.1261688
-0.013612451,-0.02528144
0.012649056,-0.04311203
-0.006414205,-0.054989755
-0.0032036062,0.09546239
0.014924593,-0.009641946
0.0005909466,-0.0045352397
0.007835878,0.07087446
-0.0015177443,-0.022014713
0.0026583788,0.04231348
0.0128839,0.037416063
-0.002180882,-0.007439379
-0.008368496,0.0046483576
0.0035006956,-0.059099343
-0.0036050167,0.031554636
0.011128844,0.0568275
0.006053713,0.08225137
0.0037260912,-0.013116959
-0.0055975434,0.010509806
-0.0153905675,-0.024620168
-0.0080443,-0.039045382
0.0019684667,-0.013432051
-0.0025170175,0.014367372
-0.013359259,-0.08735941
-0.017044324,-0.016181137
0.0016152556,0.0410792
0.003834436,-0.018924724
-0.00092496804,0.006360136
0.012537077,0.047760207
0.0022466157,-0.022488285
0.0006665486,-0.09781961
0.015504932,0.00039725626
-0.009682175,-0.011002718
-0.013586419,-0.06391103
0.0006020521,-0.031097393
0.0029200166,0.003681069
-0.013074241,-0.051544987
-0.0030223143,-0.054684266
-0.007140189,-0.027652388
0.006763867,-0.03410573
-0.016329762,-0.17474835
-0.013624358,0.0039857225
0.016770184,0.044202596
0.018123697,0.02926621
0.005456765,-0.014122797
0.021757595,0.03467534
0.01417076,-0.024414906
0.006559618,0.002297642
0.00853942,0.0049194284
-0.009495117,-0.0065766154
-0.0005709268,0.015756316
-0.0027361456,0.017282438
-0.016617205,-0.05012512
-0.021553133,-0.06644532
-0.022707922,-0.05543382
0.0033768336,0.015785106
0.0014334429,-0.030856885
0.013291792,0.03378217
0.011930286,0.0028178545
0.0071283136,0.024489898
0.004244296,-0.006440265
0.0205046,0.06929646
0.008286441,-0.02416282
0.0034118113,-0.0051328796
0.0032544693,0.022260917
-0.0006392774,-0.007416196
0.004328099,-0.024974434
-0.008326454,-0.017532451
-0.008582119,-0.029187074
-0.011555295,-0.0479348
-0.014664285,-0.041252617
0.0027785513,0.045617364
-0.010455495,-0.012185461
-0.005555971,-0.045582887
0.002691816,0.016767863
0.01958282,0.11572886
-0.0037083062,-0.043421738
-0.020955145,-0.04458254
-0.0030710197,0.008907681
0.010381579,0.023991039
-0.0055001937,-0.015934803
0.009890923,-0.0008820905
-0.0050642,-0.020063048
0.007249862,-0.015701722
-0.007577704,-0.018996287
0.012011106,0.024157941
0.00046539982,0.0008927856
0.010896966,0.008423418
0.00018675663,-0.05259981
0.0029526069,-0.0315313
-0.0012602692,-0.05076893
-0.0018944483,0.032783527
0.0019057218,-0.0053278534
-0.009557671,-0.007525715
-0.0035645955,-0.019543871
0.0032447462,-0.017470192
0.0062303827,0.0031828461
0.008382306,0.03878145
0.017517958,0.06609833
-0.0153317945,-0.010345922
-0.024585651,-0.07311456
0.0023661193,-0.04738101
0.00027021253,-0.0039656307
0.008145998,0.0271377
-0.012300745,-0.029379155
-0.0033271154,0.00011302497
0.0004949041,0.0032244734
0.0051867776,0.036048125
0.016484208,0.043551084
0.019224903,0.016567966
-0.007988976,-0.004434347
0.017283006,-0.022085108
-0.01529014,0.036010467
-0.004512587,0.001432751
-0.014189412,-0.10853813
-0.028239422,-0.060201216
-0.0069061206,-0.100906625
-0.01823324,-0.016895045
0.00681307,0.012774187
0.00703312,-0.031748537
0.0015733454,-0.03694009
-0.0067150164,-0.0419169
0.0020586206,-0.032667886
-0.010366216,-0.058019973
-0.0089829555,-0.027243754
-0.0055257706,-0.0009577395
0.006838439,-0.016388362
0.011066474,0.024642713
0.02025222,0.078168
0.006357719,0.045897815
-0.00030147616,-0.011988384
0.0066274824,-0.012593102
0.00298311,0.054714162
0.002100209,-0.04249138
-0.003379474,0.04994724
0.0030159622,-0.07934664
-0.004108549,-0.025033083
-0.0013805982,-0.001989539
0.0127679445,0.059431244
0.014476838,0.059701204
0.0073910323,0.03346694
0.001942544,0.023454128
-0.0032997187,0.02036428
0.0025557827,0.0106476825
0.0028683534,0.011678963
0.003665122,0.08182603
-0.00034307246,-0.009707457
0.0069741327,0.024020752
0.005328304,-0.049400143
-0.0009384597,-0.05632864
0.004113708,0.035168227
0.008263635,0.030329596
0.004130388,0.015269534
0.0021096468,0.040612202
0.0051016845,0.022283988
0.00811211,0.010864861
0.0017416893,-0.00648422
-0.003284611,-0.008547733
0.0063477596,-0.014098329
0.0052214507,0.040225115
0.0042018886,0.027300049
0.00097584585,-0.00258514
-0.0042728614,0.029651783
0.0025754129,0.038804553
0.0013507016,0.043412074
0.0020762156,0.040281985
0.00431682,0.012106997
-0.004640703,0.016889663
-0.007954904,-0.022451065
-0.012410374,-0.05334725
-0.014576286,-0.04507531
-0.0077485684,0.0077480394
0.010190289,0.013372019
-0.010533519,-0.0077388287
-0.013113117,-0.02892857
0.013749688,0.061866008
-0.0003273529,-0.011202299
-0.00974738,-0.056200124
-0.011295697,-0.03947475
0.0011687553,0.04465572
0.0008864397,-0.016677411
0.0054569673,0.030336794
0.0140671525,0.028323343
0.0010131544,0.024995914
-0.007637479,-0.0015023238
0.010902869,0.027230894
-0.0033225033,-0.044908505
-0.004917008,-0.042151008
0.010100221,0.05034427
0.009720163,0.022113826
0.005559221,0.037535354
-0.0019134893,0.06448599
0.0095119905,0.0062722866
-0.009361228,-0.017172627
0.00040447735,-0.016296634
-0.0010618838,-0.03809969
-0.0052742604,0.024509747
-0.0014761352,0.0128305415
0.009554946,0.12921897
0.0026437866,-0.008966173
-0.0042643696,-0.0055900873
-0.01544988,0.069147855
-0.012432615,-0.007430793
-0.0098863095,-0.007457423
-0.009430114,-0.09441618
-0.023479922,-0.06977789
0.0011891983,0.0023777152
0.007463619,-0.05248429
-0.017609475,-0.0598878
0.0015803874,0.03873892
0.003948924,-0.019506682
0.008166013,-9.1018155e-05
-0.0009413336,0.06815034
0.012984609,0.08847949
0.0022071968,-0.0065150494
-0.0024501735,0.023079948
0.0062365597,-0.0024143083
0.008048005,0.0019343327
-0.010045953,0.019536948
0.010322906,0.00960591
0.0028230725,-0.050364066
-0.0104087,-0.018679552
-0.00973608,-0.03497086
-0.0031367436,-0.03305566
0.0027262138,0.0053322953
-0.005608744,-0.034764886
0.008155177,0.029978894
0.0050017033,0.1123323
0.024118137,0.08663243
0.0045263655,0.02332145
-0.0028521318,0.041905046
0.0097423615,-0.025567465
9.2556e-05,-0.0085336
0.001684207,0.005741398
0.0016464668,0.0057774605
-0.0017874978,0.0073027024
0.008576074,0.04150859
-0.001159685,-0.17735055
-0.0065902164,-0.007562448
0.0004294722,0.009895396
-0.011566675,-0.01685907
-0.003129912,0.1325174
0.0057096435,-0.0032252434
-0.011623691,-0.09898017
-0.02369133,-0.09270038
0.0017254666,-0.05188379
0.0064630476,0.0017656584
0.011119217,-0.010678755
-0.0018263812,0.09053688
0.014743654,0.050386343
-0.0017957317,-0.07469105
-0.0008319482,0.013330752
0.010787686,0.04609025
0.026841743,0.053238414
-0.0016628831,0.07548006
0.003203019,-0.044617474
-0.005968054,0.03892965
-0.0054065017,-0.06667242
0.0015963811,-0.00056669855
0.0045803557,-0.024071544
0.015029873,0.07035157
-0.0027136356,-0.038520493
0.0044489056,0.0383344
0.0071798656,0.04897663
0.010984233,0.04585688
-0.0015623918,0.050021898
0.010540556,0.057387058
0.010328622,0.032435454
-0.0012194107,-0.033486314
-0.013224175,0.010343563
-0.012785978,0.08251043
-0.0010179161,-0.11020507
-0.010423021,0.00094512524
0.015843323,0.04235328
0.0076943245,0.03502512
0.013653425,0.001228241
0.01564226,0.08870058
-0.0071991,-0.02948532
-0.0052796467,0.04067236
0.004537154,0.043908928
-0.016071673,0.021079158
-0.0007784781,-0.04789216
0.0009912462,-0.01591741
0.027123906,0.03730057
-0.0054246313,0.040890526
0.013210005,-0.13460706
-0.01162251,-0.05222072
-0.0008436156,-0.05531933
-0.0117346365,0.004858845
0.011899875,0.04793337
0.0026981137,0.006935851
0.007968916,-0.14024802
0.0044826902,-0.040978275
-0.009540576,-0.033649758
-0.0032974635,0.04039889
0.028709333,0.041515715
0.00587471,-0.0056082057
0.001605361,-0.06441
0.005559124,0.03242702
0.019365476,-0.03108604
0.0034267844,0.0241467
0.017580915,0.064379856
-0.004968323,0.13946392
0.0013078307,0.16733466
-0.0009980561,0.026672423
-0.0061767325,-0.056050494
0.0067298976,0.0575886
-0.00010016718,-0.06370126
0.009016952,0.0020582168
0.0014008889,-0.031142069
0.011819754,0.035975523
0.0033747284,0.10191776
0.008256414,-0.04518516
-0.0021852076,-0.024775345
-0.0037235375,0.01392961
0.0056627207,-0.020995617
0.0075811236,0.09825376
0.007056132,0.043078855
0.00073654775,0.033877548
0.010594794,0.027710289
0.012122216,0.015853144
0.017490625,-0.048208483
0.001635981,-0.027947795
0.0015731328,0.010167429
0.0043013026,-0.045428522
-0.00059218874,-0.07926936
-0.006196389,-0.008805871
-0.003747506,-0.024201423
-0.007416768,-0.025349975
0.0025652966,-0.074017845
-0.0051481766,-0.03222438
-0.01660831,0.007155755
0.012066547,-9.038133e-06
-0.013876606,0.029748715
0.00027349382,-0.0072914697
-0.00035913754,-0.01304623
0.0007884725,0.015478465
0.0058633042,0.012360188
0.009402905,-0.016666923
-0.0012263547,0.018441796
0.0076278825,0.075165704
0.0045869974,0.019031215
-0.0006724238,0.007832522
0.003768878,-0.0029343024
0.0071919444,0.030369634
-0.0008681948,0.009738277
-0.0027946427,0.008953905
0.009078551,0.02698208
0.009437127,-0.026950272
0.006621641,0.012515225
-0.0021664093,-0.022600554
-0.0008883303,-0.07939073
-0.0046745534,-0.033743612
0.010929838,0.061858226
0.0038623677,-0.009817345
-0.0018401347,0.010073424
0.003968722,0.15982501
0.017948212,0.043050986
-0.0150371045,0.03444017
-0.010434406,-0.06946786
-0.007541775,-0.004577182
-0.009468031,-0.042845946
0.0060173133,0.04564925
0.0002212344,0.03860625
-0.0015567995,0.00938706
0.0054061823,-0.010624446
0.009592676,0.008619523
0.008936571,0.0775888
0.0024009687,-0.056846045
-0.012105444,0.000745733
-0.0027696637,-0.007918551
-0.0078985095,0.0137477955
-0.0017817107,-0.046060756
0.0014343078,0.0045177815
0.0072244466,-0.030485218
-0.006497509,-0.019821825
0.0048776353,0.086414784
0.020296719,0.024261069
0.014608825,0.01621783
0.004114578,-0.01605856
0.007816588,0.04155802
0.0024061834,-0.08155754
-0.0018749835,0.012277276
0.003627787,-0.04906169
6.662711e-05,0.037237804
0.0022478558,0.0926817
-0.01615297,-0.047071688
-0.009124487,0.16173303
0.008867773,-0.006628316
-0.004104905,-0.032082528
-0.013694463,-0.035413556
0.0074590286,0.035619047
-0.004759129,0.03038122
0.0013277489,-0.013777555
-0.0072795046,-0.094956495
-0.0025322041,-0.005709349
-0.008725594,0.006314976
0.00850333,-0.02947113
0.009324694,0.039391033
0.014074515,0.01613837
0.0068605505,0.044276666
0.018091282,-5.3864875e-05
0.0069658337,0.03939681
-0.0062276265,-0.06461871
0.00028127528,0.09284384
-0.00069890276,-0.0646991
-0.0020762684,0.08702278
-0.006739979,-0.0564718
-0.0016197155,0.03638897
0.0008113719,-0.017027328
-0.008546835,-0.002994536
-0.0044209766,-0.049599234
-0.009288544,-0.027735874
0.0114965085,0.023632498
0.01046698,-0.026898824
-0.0088917855,-0.02326928
-0.0046138843,0.01183419
-0.010136811,0.0065367357
-0.002941809,-0.005432392
-0.002350208,-0.029172229
-0.006261793,0.023576055
-0.0042591104,0.0053836973
-0.0049513914,-0.004765975
-0.007523915,0.0008762966
-0.008374036,0.00876
0.0015163207,0.009356138
0.0035448924,0.12363889
0.0033547813,-0.023223536
-0.003545626,-0.062367372
0.006976006,0.039738875
0.009904799,-0.060170162
0.0050974623,0.0035389941
0.0027882224,-0.013896472
0.0011166577,-0.04284346
0.0047929203,-0.08855742
0.0034830032,-0.11650088
-0.0061573577,-0.02794391
-0.00010559414,0.026506433
0.010183959,-0.036686003
-0.011405978,-0.062260542
-0.016066141,0.02743115
0.012144321,0.03477687
-0.005449746,-0.031801138
0.0011841047,-0.017999647
0.018041803,0.13353631
0.0057557886,0.010721929
0.013619618,0.016476939
-0.00492664,-0.0084959315
0.010476401,0.030881401
0.008306222,-0.022637038
0.0079140235,0.12340663
0.01016452,-0.011909051
0.0035707904,-0.032905534
-0.0064131413,-0.02821392
0.019271584,-0.013388612
-0.0057647023,-0.0644226
-0.0048109274,0.089199275
0.0029589867,-0.09806958
-0.0045776395,-0.032376375
0.024695244,0.029134171
0.008182756,0.06614761
-0.018994972,-0.03740649
-0.011948636,-0.03321461
-0.0030615097,-0.06510478
-0.016687538,-0.019313555
-0.0075881304,-0.02338506
0.0061149513,0.0216058
0.0005718892,0.033541992
0.0063841585,-0.005055713
-0.006536778,-0.016379142
-0.01404359,-0.06671155
0.002590777,0.0012770093
0.0054474366,0.0170305
0.0062152743,0.0043173386
0.0014839629,0.05044996
0.008494809,0.0018896402
-0.00927082,-0.035749607
0.0016136358,0.099425875
0.013040718,-0.06369728
-0.020385511,-0.046889663
-0.01392292,0.033785574
0.021393593,0.05020926
-0.010176033,0.0774131
-0.014446162,-0.037029374
0.009224424,-0.057772435
-0.015760224,-0.057278804
0.0040597953,0.07436303
0.011763509,-0.0021509978
-0.013402493,-0.06586874
-0.011388976,0.017719945
0.0039184024,-0.01377298
0.0030354601,0.020670319
0.0038015544,0.062922314
0.015798148,0.028945211
0.005323095,-0.018523896
0.0046957685,0.0070099356
-0.0076229693,0.04509946
-0.00018822012,-0.0008532267
0.0033228525,-0.036154933
-0.0017129043,0.029237757
-0.0012929447,-0.038989466
0.009544803,0.15044194
-0.006497611,0.0281669
0.0019244158,0.060001187
0.0072779465,0.03699968
-0.008755247,0.02039472
0.015243653,0.042034693
-0.0062310863,0.01915424
-0.024069045,0.032813672
0.014020506,-0.059657417
-0.01965262,-0.054434936
-0.021332573,-0.027031815
-0.010363253,0.070370115
0.010138913,-0.007903804
-0.00734511,0.004623123
-0.006045214,0.024757745
0.0010196527,0.04535428
0.0034215096,-0.06735964
0.009358103,0.03898835
0.019117901,-0.026194062
0.016019268,-0.028315362
-0.018952575,-0.023130143
-0.008117051,0.02149109
-0.01702941,-0.021163477
0.0033155726,0.0005369066
-0.026158454,-0.041626073
-0.02715248,0.04921557
0.010023969,-0.089438125
-0.0036884313,-0.11433395
-0.02102413,-0.013094473
-0.0003984438,0.16946784
-0.009309863,0.06457249
0.012164172,-0.07497244
-0.024072103,-0.044702295
0.001915202,-0.03798374
0.015038933,-0.09733576
0.0054915524,-0.0301438
-0.0029456883,-0.036646716
0.006097828,0.00016910672
0.0093946345,0.0135899875
0.007328754,0.0076207602
0.0010301435,-0.040721577
0.0016329841,-0.039213624
0.009424167,0.023198426
0.0072318474,0.02295674
-0.0063816793,0.019059755
0.0004416298,-0.0870046
-0.0009330949,-0.052496146
-0.009581755,0.0117105255
0.005658079,0.0874986
0.00092386955,0.014041028
-0.0040197168,0.006119332
-0.005404051,-0.041070048
-0.0109908255,-0.02250163
0.0001363398,-0.10221064
-0.012452744,-0.021832738
-0.0137789715,0.022548808
0.010176215,0.022380576
0.0022897874,-0.003640601
0.00013062148,-0.04048561
-0.0019021579,-0.024147434
0.0066598067,-0.101198316
0.0019457552,0.060056694
0.015302954,0.08298105
0.005948754,0.06282576
0.01692889,0.011727279
-0.0010725918,-0.057303708
-0.008058185,0.08039657
-0.007889914,0.007857108
0.00054156524,-0.050229423
0.0073706824,0.046179876
-0.012255263,0.025915632
-0.013999665,-0.039077945
-0.018454958,0.003853125
0.017466713,0.033516325
0.013342251,0.028478198
-0.012093306,-0.07213469
-0.0071756523,0.010403094
0.0058636284,-0.009164819
-0.0037708879,-0.008801248
0.005240776,-0.022094868
0.003019302,0.004762057
-0.0013733811,-0.06985768
0.006465164,-0.002059198
-0.021562032,-0.039283983
0.0069553326,0.08607551
0.009173412,0.014361986
0.011371289,0.15576574
0.000546396,-0.07040696
-0.01338979,0.019407015
0.00059393095,0.019526107
0.010060356,-0.041881274
-0.00048266794,0.08859191
0.030109404,0.071286336
0.006228334,-0.046342965
-0.0060461885,0.0073374007
0.003509324,-0.026464878
0.007851531,-0.020172622
0.011052282,-0.1831427
-0.005627178,0.00013394814
0.015984401,-0.014322412
0.0011752612,0.015076392
-0.009394497,0.032040685
0.0047566597,-0.05026636
0.001404184,-0.054444365
0.0068488894,-0.020575484
0.007568117,0.027370462
-0.010098787,-0.016376361
0.011426665,0.031244969
0.005827722,0.033723537
-0.0033312265,0.038104575
-0.003128373,0.033829626
0.012524625,0.00533861
-0.008399168,0.05301615
0.007070251,-0.05081285
0.0055533675,-0.03083674
-0.01160661,-0.0075771166
-0.0049102064,0.0816517
0.015546795,0.04683291
-0.018481582,-0.08752172
0.008614858,-0.048921403
-0.008430604,-0.1054374
-0.0008313546,0.012224457
-0.0013263067,0.047334846
0.013792537,-0.0040261666
0.009848328,0.011230457
0.004928836,-0.01838123
-0.0030054597,-0.012104083
-0.0014724897,-0.02319396
0.0032673245,-0.005098907
0.0049646096,-0.033953954
0.0014432215,-0.02742581
0.009616833,0.025874974
-0.0006358215,0.030970447
-0.013878385,-0.013118396
-0.020814467,-0.060005944
-0.012555792,-0.047649782
-0.00495062,0.006332497
-0.007727746,-0.017965112
-0.007934945,0.047029767
-0.011021351,-0.019606937
0.017955858,0.10161234
-0.009564981,-0.0076410873
-0.004425207,-0.017776828
0.007737535,-0.0028514604
0.019701088,-0.0044448012
0.0030489545,-0.03186434
-0.009362517,0.0059325467
0.011287026,0.00015383949
-0.005347262,-0.0068691503
0.011777005,-0.014835215
0.011031771,-0.006266086
0.008386027,0.04940259
-0.006171504,-0.06580637
-0.0061535495,0.03755041
0.0019511154,0.012999355
0.00019747228,-0.054666057
-0.008138769,0.010210571
0.021325782,0.018971108
-0.018857744,-0.02162641
-0.010567462,0.0001740912
-0.001829371,0.04469472
-0.0058826907,-0.0043753427
0.0034930706,0.008600169
-0.01753599,-0.049998887
-0.010987301,-0.032262824
0.0040318687,0.019594347
0.009941205,-0.0041003046
-0.009698218,5.0638537e-05
-0.00058894535,-0.018186089
0.00736011,-0.006489455
0.01475879,0.036621407
0.0030364813,0.10000398
0.004420492,-0.023474304
-0.00030313223,-0.04160721
-0.0069829337,-0.010195271
0.0012184213,-0.02676386
-0.016085278,-0.18957181
-0.011764592,0.067464724
-0.00691784,-0.014390677
0.0027516978,0.03666555
0.010422915,-0.03680951
-0.012663515,0.110793814
-0.0004512231,-0.004103988
0.0069714687,-0.039329764
0.0019901562,0.013954717
0.014240343,0.045883182
0.0064377547,-0.0056344094
0.0064802393,0.015445142
-0.0074145608,0.049304284
0.009355489,0.033073183
0.0011670324,-0.00990732
0.0031899186,-0.023182722
-0.004373271,-0.05153618
0.015505679,0.009383819
0.00901529,0.034577053
0.007867559,0.058351353
-0.0027247726,-0.0456781
-0.0016150496,0.0078500835
-0.006152629,0.024267787
0.0015354612,0.14259794
0.010835603,0.07889222
-0.0017727774,0.019570597
0.0029087686,-0.022467824
0.0036374468,0.101528205
-0.0029230365,-0.046696547
-0.017575134,-0.08026366
-0.016406566,0.013824307
-0.01013289,-0.02200746
0.005705434,-0.00022097022
-0.0049314005,0.04134963
0.013521373,-0.03396223
-0.0138798,-0.030300997
-0.0060518724,-0.019779494
0.0029290356,0.006369221
0.008231397,0.014899295
-0.026684674,-0.046055466
0.0074280663,0.03673191
-0.02011817,-0.053743303
-0.019266728,-0.052785844
0.0121495165,-0.0027842743
-0.013720176,-0.088302836
-0.004113715,0.0037081523
0.014025554,0.011502682
0.0025444077,0.04774801
0.011666326,-0.04639906
-0.004955945,0.04608015
-0.0012773182,-0.004563044
-0.010063274,0.057676602
-0.000110703986,-0.023359876
-0.009586774,-0.078921534
-0.010706643,-0.060532127
-0.00026810332,-0.11629327
-0.013324305,-0.042201016
-0.000678428,0.014592869
0.0072125187,0.029801516
0.006080612,0.008554348
0.016891323,0.006503311
0.012962533,-0.029266227
-0.007137635,-0.019805498
0.012507459,0.013523598
0.007214142,0.039189942
-0.0008160863,0.019481454
0.011258533,0.06496277
0.0070603294,0.042322304
-0.019921858,-0.054183494
-0.026964903,-0.023051653
0.0071537495,0.06001536
-0.012113145,-0.027431622
-0.004702033,0.029955795
0.0041738367,-0.033917204
0.001743618,-0.0035111106
0.010382345,0.01747388
0.01250239,0.02631313
0.0067683044,0.019416496
-0.008713559,0.00965636
-0.0004104746,-0.012487353
-0.0024915868,-0.029210055
0.004789985,-0.043857556
0.013068574,0.07016948
0.0031114607,0.03980895
-0.010370981,-0.019426418
0.010765367,0.02010585
-0.012975812,-0.009296336
-0.009383955,-0.028452145
-0.0112054795,0.028900312
0.010236232,-0.039628524
-0.020179342,-0.056387223
0.0014422181,-0.025157014
0.0025039199,0.06731938
0.006548703,0.011911669
-0.015573636,-0.08315211
0.02611759,0.024977183
-5.0711533e-05,0.0013700997
0.0077661807,0.0045033465
0.012214335,0.058537997
0.00023219807,0.015092422
0.013704568,0.011865722
-0.011386951,-0.020617338
0.00522228,0.030396868
0.011545407,0.061401006
-0.004856742,-0.00947316
0.008630158,0.006838822
-0.0007855641,0.02574649
0.0009593989,-0.017800633
0.011619614,-0.023680259
0.00049925933,0.038831044
0.007953141,0.08080675
-0.0016784184,0.017945636
-4.0791812e-05,-0.044469997
-0.012237648,-0.09070739
-0.0065068714,0.027601846
0.01217826,0.045268156
0.0070899166,0.091757156
0.002154726,-0.020137737
-0.00053183106,0.025292842
0.010673318,0.04713778
-0.0057543255,-0.027821
-0.005317821,0.027459543
0.003968036,0.03366572
0.002366242,0.016338246
-0.0041917153,0.013541355
-0.0068040015,0.0028013277
-0.0035033454,0.0059833364
-0.0036361662,0.028681759
-0.0034744828,0.02600201
-0.002459226,0.0033792104
-0.017351255,-0.058609303
-0.0058402447,-0.047709465
-0.011519383,-0.0096891355
-0.009109268,-0.020606834
-0.0009957803,0.027898582
-0.0013348298,-0.06141245
0.008293135,0.0074874796
-0.0066063944,-0.024850985
0.010051256,0.07795815
0.02034109,0.10405877
0.010397969,-0.07520564
0.006027207,0.02958124
0.008421991,0.0149208065
0.0044511827,0.09386963
-0.0013289861,0.0004982332
0.009779537,-0.013234866
-0.008290975,-0.028332064
-0.003952812,-0.0020934544
0.0037673693,0.019750156
0.0044027003,-0.044635035
-0.00054718304,-0.006783851
-0.006615461,-0.02738789
0.00063075667,-0.029651066
0.0052027293,0.031924672
-0.0017716321,0.060541064
-0.004762416,-0.03484556
0.008155747,0.16101246
0.004462396,0.033799298
-0.0030041658,-0.017072845
-0.011620227,-0.0066040196
-0.01977714,-0.031047322
-0.010602074,-0.006264031
-0.014232613,0.006481609
0.0016044684,0.019211411
0.010666219,0.02832228
-0.006764114,-0.061976004
-0.018893283,-0.03602639
0.0020094994,0.02443601
0.0026171035,0.064987026
-0.0146592995,-0.056541603
0.009056721,0.012010892
-0.006501048,0.011145234
0.017986506,0.021483704
0.0024847775,-0.073770106
0.0051549682,-0.013423295
0.00093013444,-0.047302675
0.004736424,0.0114540765
0.008899516,-0.07005467
-0.00992784,-0.091087505
0.0018196226,0.0030695808
0.00013615072,0.0031719012
0.0077917175,-0.000100167716
-0.0054972796,-0.049087968
-0.0023388532,0.011221485
0.002766699,-0.01349396
0.0016212566,0.053214032
0.0011509939,0.004820212
0.0012109072,0.034439817
0.0024242075,0.02719117
0.007270687,9.2919276e-05
0.012678141,0.009339441
0.001337636,0.008682626
0.004478314,-0.02943949
0.0012346513,0.004767565
0.002293421,-0.0040106317
0.0049152747,0.016547984
-0.011834603,0.018914593
0.0063167657,0.026731646
-0.0026675796,0.029527029
0.0006305808,-0.02797541
0.014800841,0.042636864
-0.0014462597,0.022545693
-0.0045153834,0.021592
0.007666694,0.004249333
-0.0029905692,0.030128578
0.008087751,0.017828384
0.0006320632,-0.010692312
-0.017225288,0.025057947
-0.020596225,-0.05080519
-0.00675158,0.037475947
-0.0021783141,-0.010038006
0.0039977464,0.06642218
0.002046938,0.026877046
-0.00019741946,0.02608171
0.008489442,0.031887494
0.016351184,0.025656788
0.0065796785,-0.02581889
0.002189781,0.089343384
0.016771032,0.035958383
0.010055022,-0.02651548
-0.0056979405,0.03519213
0.002269003,-0.0040939264
0.014143824,0.0020396137
-0.0065132915,0.014149805
0.0014810441,-0.01800045
0.013900934,-0.052648164
-0.012554676,0.03583596
0.0055956487,0.015404425
0.002347658,-0.016595557
0.005438619,-0.028576925
0.0036651539,-0.02315164
-0.00924609,-0.010996847
-0.010255433,-0.027134527
-0.004696086,0.046772588
-0.0067110006,0.021125866
-0.0006176344,-0.0063269013
0.011200168,-0.066882186
-0.0028360859,0.019322082
0.005426039,-0.05268914
-0.006827181,-0.00014383186
-0.0136755705,0.025212836
-0.008977395,-0.008655812
-0.0012232144,0.021397177
-0.008703963,0.03871122
0.008091419,0.042823702
0.0017595787,0.042722695
-0.0062505594,-0.035744306
-0.013173436,-0.017211711
0.0067190877,0.020585367
0.005474204,0.0151334815
0.0046283165,0.023428632
0.0092333425,-0.022981526
0.0036108003,0.0053266357
0.006956122,0.030322222
0.0045372443,0.029205129
-0.008719608,-0.034947436
-0.004865679,-0.042048547
-0.010930339,-0.017787976
-0.009989037,0.035712127
-0.008282792,0.04863179
0.009917983,0.0011511692
-0.00038549257,0.025788262
-0.0023043393,-0.041688073
0.0057700807,-0.018540926
0.010760746,0.0057116337
0.020868685,-0.0061439215
0.005688965,-0.004960118
-0.0128387185,-0.0054389196
-0.017250143,-0.01740354
-0.007233541,0.067022376
0.006493287,-0.018109959
-0.00477825,-0.06981468
-0.005285565,-0.1063067
0.017458018,-0.006249384
0.015460445,0.04497656
0.015318108,-0.0070098224
0.0026484774,5.9570248e-05
0.0009797809,0.0060733613
0.00658103,0.05128939
0.006264354,0.043278158
3.5301782e-05,-0.01586826
-0.0013222849,-0.06811992
0.00072145875,0.023844711
-0.0030561516,-0.021343324
-0.003198542,-0.05240309
0.0028279296,-0.021942396
0.01622641,0.020069424
-0.00070413225,-0.0189519
0.010326216,0.0006965862
-0.014865378,-0.0013540332
-0.016521705,-0.005252877
0.0027601398,-0.05514491
-0.015494275,0.019982565
-0.0013720078,-0.12899412
-0.01310788,-0.017807873
0.006203235,-0.0053386013
0.0036079737,-0.039193716
0.00087505183,0.050518043
0.008819323,-0.047962174
0.0023663368,-0.024265207
-0.007620951,0.010608163
-0.0020253076,0.0029618077
0.008349437,0.00040948894
0.0066499235,-0.013177458
-0.011371734,-0.029668894
-0.005795245,-0.027349994
-0.012483923,-0.022295743
0.01486712,0.011914705
0.004909551,0.0010450684
0.009433124,-0.034859538
0.018383805,0.06566996
0.008217722,0.025647927
-0.0013355914,0.05820192
0.0072277095,-0.05053002
0.0047653327,0.07173555
0.009341411,0.011886453
-0.0004900809,-0.011434929
-0.0125995185,-0.003514922
-0.010832801,-0.009197736
0.0006562786,0.07831015
0.0005268456,-0.02217738
-0.0035492675,0.02386443
0.015001785,-0.0070552197
0.015321065,0.04524075
0.01102641,0.038238484
0.0097526945,0.0018484235
0.017086202,0.0021496853
-0.004067218,0.034696996
0.0061322767,-0.03211438
-0.0022075695,-0.036556203
0.0006680039,0.034118745
0.0022191454,0.0023177501
0.002743241,-0.024095898
0.0010379239,-0.026910836
0.0010700144,-0.012775173
0.0012109469,0.058965936
0.0026411396,-0.04295836
-0.009266831,-0.021689061
-0.0072770608,-0.008864341
-0.0031576147,-0.032197256
-0.012798486,-0.013596515
-0.0034304634,0.06370292
0.009080418,0.013865235
-0.0070581753,0.004695002
-0.0016392912,-0.022221169
-4.688301e-05,0.08258696
0.0020860438,0.007383804
0.0076288143,-0.0026717158
0.0051182765,-0.015022827
0.0013798263,0.029912818
0.0052149436,0.08379671
-0.0015032593,0.03713469
0.0059137614,0.003141731
-0.006857494,-0.056586206
-0.0090561975,-0.03512211
-0.0025357585,0.028922155
-0.008036004,0.009740068
-0.0026060222,0.005528431
-0.00515352,-0.044148903
0.0068600895,-0.07084159
-0.018083805,0.01611597
-0.013909202,0.08458258
0.019754743,-0.0024757655
-0.008545324,0.058696795
-0.012986246,-0.055930853
-0.012147675,0.025827004
0.0072035524,0.017997162
-0.0047302023,0.0019237318
-0.008170586,0.01766407
-0.016286943,-0.023223508
0.00037645432,-0.04323494
-0.0068986565,-0.043230537
-0.017382475,-0.03211155
-0.008185142,0.1063403
0.005493154,-0.021643482
0.011954516,-0.047224656
0.001496244,0.013619939
-0.000468275,-0.010831181
0.007969678,-0.0071610287
0.011866376,0.081443995
0.006460365,-0.026355876
-0.0032880688,-0.018445823
0.00014579436,0.023905328
0.0021287212,-0.10165737
-0.013122193,-0.002838305
-0.003386895,-0.018257434
-0.00043390627,0.029094115
0.0065721334,-0.006300548
-0.009887743,-0.026221814
-0.02002228,0.008371212
-0.012897881,0.039932847
0.0057977247,-0.12001648
-0.0077393604,0.0009447514
0.015639778,-0.007143674
-0.003546827,0.036626834
0.005090229,-0.029830046
0.0008892716,0.023622483
0.009930138,0.09495525
0.0027398309,0.07881742
-0.0033568712,0.032715075
0.0029367178,-0.034153886
-0.00064100337,-0.014486844
-0.0049568927,0.036654998
0.005045784,-0.04054987
0.012633107,-0.02300916
0.0060585244,0.06965223
-0.00083945214,-0.046105467
0.017882422,-0.031477682
0.00065418356,-0.00027183577
-0.0045343735,-0.047054425
0.004453515,-0.050325472
0.002974287,-0.06790532
-0.003581896,-0.045880996
0.00031008193,-0.06351907
-0.0014497597,0.053401675
0.0066999374,-0.04213687
0.0020746528,0.015769789
-0.00018274301,0.052214112
0.0104234675,0.011178584
-0.011149172,-0.03444202
-0.007028943,0.051638734
-0.0036151637,-0.05542449
0.009558581,-0.024015069
0.01080578,0.08016217
0.004438321,-0.015667038
-0.01063339,-0.0036407292
-0.008722603,-0.0649706
-0.015423175,-0.048574973
0.0016080533,-0.005875018
0.0014934966,-0.037235044
-0.0067263856,-0.037135057
-0.0030975097,-0.0044350172
0.008487493,-0.042538833
-0.014452422,-0.09393443
0.0028413502,0.038137145
0.005015403,-0.042210594
-0.016023748,-0.05302285
-0.002930656,0.00786527
-0.0012885112,-0.005929978
0.0017341878,0.007870482
0.003607763,-0.0049689035
0.012464831,0.02874025
0.011303445,0.03995565
0.0077069807,0.01924175
-0.011077866,-0.018951
-0.028063929,-0.046284426
0.0050953976,-0.016042314
-0.02018049,-0.004550686
0.005534343,0.0062177707
0.0028722463,-0.020411445
-0.006789158,-0.011589572
-9.4904215e-05,-0.015311045
-0.011790602,-0.11990616
-0.005698627,-0.013711479
0.011641753,0.03233563
0.018575424,0.003017282
-0.008919608,0.013114734
-0.0038308084,0.011018042
-0.004010646,-0.01639817
0.0013972385,0.010459212
0.022403758,-0.015679013
0.0027921945,-0.011519193
-0.026562838,0.0013613786
0.0011006597,0.017779058
-0.015529262,-0.03984808
-0.007186259,-0.00035186711
0.0027160987,-0.012909788
0.0010172033,-0.083368406
-0.002206828,0.0035990241
0.003215136,0.036244385
0.007233044,0.0035041505
-0.016370986,-0.086409576
0.008597012,0.009988038
0.0070575858,-0.02130905
-0.00062359986,0.030141022
0.007841254,-0.0046627424
-0.0029199147,0.07565014
0.0061166896,-0.030661356
0.001583474,0.0021746901
0.0055566095,-0.04770438
0.0044798125,0.020197086
0.002785777,-0.03472223
-0.0063811913,0.003617104
-0.014632114,-0.013471698
-0.004001283,-0.0010326294
0.0024661482,0.029486034
0.014444434,0.027850986
0.0137659125,0.045825213
0.012413753,0.04876522
0.0072231246,0.038718153
0.0077918074,0.0003964932
-0.010372255,-0.029961314
0.0029481356,0.03639918
0.001912672,-0.023203004
-0.01591225,-0.08975832
-0.015117811,-0.066978574
-0.003815177,0.01153224
0.004118064,0.12543143
0.0076971445,-0.07395738
-0.014445034,-0.057720855
-0.00971842,-0.021949837
0.008580687,-0.0005323396
-0.0115084415,-0.048832823
0.0054486967,0.030704727
0.0027236836,0.0011959237
-0.003491642,0.044827554
0.0071183853,0.013152221
0.0074302983,-0.021789296
-0.0014966461,-0.03799986
0.010684276,-0.020517094
-0.0020868266,0.009819568
-0.009094181,0.018821027
-0.009125194,-0.06712235
-0.0055973954,0.0005319261
0.014520552,0.008825042
0.0039201053,0.04516271
0.01184191,-0.03666801
0.008723006,0.00058435235
-0.011344303,-0.014831572
-0.010470588,-0.011409247
-0.009407599,-0.00038121294
-0.0058830706,0.0062055304
-0.009678096,0.032918885
0.0054056486,0.014878893
-0.010040854,-0.03813483
0.008810107,0.021511313
0.00014394755,0.039566543
0.0052789534,0.008178907
-0.002768744,0.07836858
0.0023727145,-0.030910745
0.0007165221,0.008361121
-0.0026675677,-0.045069378
0.0028675355,0.0015499193
0.014569279,0.039144818
0.018855285,0.05700218
0.016437136,0.054541986
0.002624306,0.010047714
-0.0047301687,0.009334137
0.009323886,0.110586844
0.0014377973,-0.011999703
-0.01428379,-0.022800786
-0.011761034,-0.053440176
-0.008841493,-0.043666802
-0.009286528,-0.048008073
0.002149311,-0.00968309
0.008105289,-0.058487453
0.0054685795,0.04237081
0.011260855,-0.012304819
0.0017393671,-0.041191842
0.0034197322,0.027366277
0.0071794717,-0.004950088
-0.011644706,0.01162888
0.006340994,0.064970694
0.012236225,0.07964793
-0.016229486,-0.02129541
-0.019612107,-0.05983125
-0.010744899,-0.0024332507
0.006209167,0.0002739931
-0.0048204465,-0.060442135
0.0077541554,0.05914022
0.019122005,0.017119749
0.019665262,-0.0007871911
-0.0037163086,-0.04871872
0.009766965,0.049747612
0.0084825065,-0.007403398
-0.00081676175,0.009644689
0.008442429,0.005303734
-0.0094554,0.0050750617
0.010099062,-0.023000998
0.0037785377,0.05179773
0.0030182302,0.0737525
0.0070286337,0.13094361
0.00059664046,0.17421561
0.0021322626,0.012211933
0.0002052802,0.087178364
-0.0007044578,0.019524233
-0.0059249448,-0.0466678
-0.0063144267,0.019569572
0.009347321,-0.009055606
0.0009938916,0.109160244
0.004794681,0.0501622
0.0003516624,0.06600048
-0.00078931346,0.0628906
0.002517935,-0.007994628
0.006340484,0.061032675
-0.007641553,-0.04075496
-0.0046377843,0.04357491
-0.0042685503,0.052033972
0.006496245,-0.007714399
-0.01168003,0.020513322
0.0014837652,0.004909049
-0.010832423,-0.03275786
0.014403541,-0.014045651
-0.0030270864,0.01837153
-0.008373922,-0.14443234
-0.011992527,0.014803948
0.010569469,-0.07185609
0.0015897538,0.03092444
0.010697322,0.12877852
0.0042071408,-0.02321521
0.009246919,-0.1007054
0.0044689956,0.11991853
-0.0035568958,-0.018783998
-0.0071226913,-0.013670505
-0.0013159013,-0.031829033
0.0024860832,-0.008955865
-0.009432598,0.0065218294
-0.0034736942,-0.020121131
-0.008763552,-0.0152045665
-0.0077114934,-0.060391564
0.00017023017,0.012983127
0.0029555147,-0.029782306
-0.0006590531,-0.040715903
-0.01098004,0.032234136
0.007086622,0.015926013
-0.0045251916,0.06441949
0.0099271,-0.024375807
0.005054512,-0.03429177
0.016549902,-0.009966377
-0.009759452,0.013392365
0.004844137,-0.097420424
-0.0067162714,-0.081366345
-0.004085891,-0.0073349173
-0.008076287,-0.052324913
0.0046967114,0.013219333
0.01534552,-0.018143784
0.0067426735,0.0368146
0.0032737972,0.08474023
0.00043068238,-0.02570356
-0.0011052855,-0.054888446
0.016776646,-0.060896605
0.006116587,-0.09051484
-0.0010125962,0.008476995
0.002344152,0.06602312
-0.0055750688,-0.065370284
0.005853543,0.003286808
-0.0022229352,0.077409446
-0.0028872974,-0.037407506
1.8581457e-05,0.006258082
-0.0041079503,0.03212516
0.004541736,-0.010272395
0.0012890818,-0.022058384
0.007712112,0.06482169
-0.002774879,-0.03135095
-0.0016435833,0.01989821
-0.019559367,-0.06264172
-0.027875079,-0.11493037
-0.009894023,-0.020895964
0.0091203265,-0.018676013
-0.0092699565,-0.026883312
-0.0011091545,-0.012816339
-0.0032489595,0.044144616
0.007978189,-0.039893303
-0.0058104075,-0.060442094
-0.00011796184,-0.0038059372
0.017331392,-0.054943237
0.0043725623,0.009489775
-0.0046725003,-0.03859672
0.02093228,0.0112518575
-0.0027220894,0.018790403
-0.009842314,0.065005414
0.011862978,0.048070367
0.018498968,-0.02398137
-0.0034221727,0.009493333
0.01104751,-0.0019154005
-0.0017589636,-0.023277339
0.009054997,-0.01857802
0.0017939728,0.004553729
0.012998989,0.05075516
-0.009511666,-0.032306954
0.009944737,0.06936672
-0.0031301612,0.020069914
-0.0038532247,0.00038472266
0.0053347154,-0.010360743
0.001598706,0.017832005
-0.0084474115,-0.006351813
-0.0023083973,0.024492461
-0.0010196149,-0.0028444205
0.0054893377,0.0038753138
0.022912277,-0.024359602
0.0033440497,-0.06706261
-0.0046358667,0.024070421
-0.0053156214,0.029664408
-0.0025082768,0.035044916
0.0042334655,0.0328967
0.0032839635,0.0036505028
0.009398714,0.0497558
-0.0006342524,0.016280616
-0.010319755,-0.021320617
0.008090405,0.123224996
0.007479772,0.023518614
-0.0067093982,0.040810667
-0.0053099613,0.0054893126
-0.010758879,-0.04231826
-0.020909892,-0.025000153
-0.0075279875,-0.004216223
0.008649318,0.04564914
0.00029772124,0.021633493
0.0071980557,0.03268752
0.00921019,-0.009991957
0.017648453,0.03561602
0.00865281,0.020333244
-0.011497386,0.03517768
-0.022851463,-0.033668604
-0.004972312,0.03191569
0.021829754,0.09973399
-0.010493254,0.009430306
0.00080580136,-0.14253551
-0.007389495,0.021723164
0.004816609,-0.0014771635
0.0013392817,-0.017758267
-0.0015368613,0.035089254
0.008736781,0.0036348158
-0.018328667,-0.015931005
-0.015785847,-0.047552284
0.009756445,0.020619646
0.017554935,0.022735206
-0.006369757,0.0012636399
0.008486727,-0.020688208
-0.015557602,0.060185947
0.012293332,0.0015095731
-0.008314038,-0.0009607141
-0.018810295,-0.05047832
0.0033716883,0.04862567
0.006954147,0.023277024
0.00022975961,-0.00690609
0.01101488,0.082283065
0.00880228,-0.013696493
-0.0046117604,-0.04496165
0.008568548,0.033218734
0.00075444055,-0.02940009
0.016257903,-0.03521414
0.012007201,0.045877762
-0.011542294,0.025927365
0.009453291,-0.00070187694
0.0028295196,0.022959046
-0.0120231155,0.0067411414
0.004990298,0.004895047
0.0072721466,0.06406291
-0.016619727,-0.010946098
-0.006537594,-0.023177931
-0.0059251147,-0.0019431425
0.028046127,0.027945304
0.017239079,0.3816407
0.00943506,0.13107552
-0.0055002235,-0.11835261
-5.8422098e-05,-0.010518031
-0.0022218453,0.044119924
-0.0034082541,0.01280784
0.017637707,-0.0043402524
0.007432582,-0.16049328
0.0036224409,-0.021096217
0.015246855,0.05625755
-0.0031493132,-0.055862695
0.001097806,-0.11051458
-0.0051545957,-0.16277434
0.0046910765,0.05501313
-0.014107833,-0.0489519
-0.013031449,-0.047149166
0.0022210367,-0.14840251
-0.005778373,-0.02572828
-0.01210825,-0.0021464564
0.00882351,0.0007990952
-0.014380791,0.034435898
0.010413238,0.031754617
-0.0072642625,-0.029136252
0.009357432,0.03557211
0.006372136,0.0010119175
0.00025669788,0.0009718661
-0.00013184361,0.0128639
0.004803362,0.13699569
0.009885129,-0.12620583
-0.00015553233,-0.062383544
0.008300174,-0.0045019677
0.014699431,0.10317485
0.016636716,0.091628514
-0.009046622,-0.019440306
-0.0080001075,0.029783143
0.003987306,0.03318541
0.0015191619,-0.00073507306
-0.012930061,0.017516887
-0.014476187,-0.018302621
0.00027694448,0.009456745
0.008206507,-0.08364106
-0.008094237,0.0027262904
0.0040016114,0.01149368
0.0016774922,-0.01406343
0.010107254,0.029732654
-0.0033156502,-0.07570418
0.0031040225,0.07569005
0.0030088378,-0.06381548
0.0050688623,0.008124804
0.0035687776,-0.049370766
-0.00892104,-0.040771026
-0.011072131,0.07495247
6.560702e-06,-0.035571307
-0.0076146275,-0.08809884
-0.0025504264,-0.021385094
0.0088277245,0.0042227865
0.014145355,-0.011975116
-0.0013772731,0.018646603
0.0032183342,0.029877959
0.0049931705,0.0022418394
0.00580055,-0.058891777
-0.007896086,0.07932371
-0.0036329837,-0.095042124
0.0017956838,0.007990241
0.0038018967,0.016617624
0.012109797,-0.024672367
0.0061791954,-0.034664877
-0.009784697,-0.058699023
-0.005233581,0.049980022
-0.002491383,-0.14225064
0.0011174714,0.022474272
0.02097084,-0.016234262
0.00015571876,0.049230326
-0.0035526433,-0.013281129
0.005366427,0.029898655
-0.0041594272,-0.07781893
-0.008643137,-0.068440884
0.0061801043,-0.020596467
-0.004138171,0.028975517
0.0049035465,-0.0010985944
0.00034653535,-0.013679375
0.02310136,0.0059190555
-0.0024708826,-0.010639489
0.004735276,0.011365793
0.0066759423,0.023479218
-0.0010847512,-0.093559206
0.0017814345,0.02206451
0.008743282,0.04000906
0.004403902,0.03672543
-0.0045630136,0.08032023
-0.008498438,-0.050373595
-0.012028532,-0.048957586
-0.0009896109,0.045930263
0.009175241,-0.07603135
-0.010600908,0.003667774
0.008341769,-0.04793526
-0.0042090965,0.0022420136
-0.009070406,0.05847172
0.007754687,0.04942408
-0.0031646972,-0.014252338
0.0051387665,0.098895356
0.0029389467,0.037177682
0.01039368,0.03637976
0.00027350275,0.12081499
-0.0014715283,-0.014981447
-0.0009845165,-0.016372679
-0.009706887,0.013450524
-0.011612421,0.048308212
-0.0042133853,0.012541882
0.0063564973,-0.10864374
-0.008812178,-0.006293786
-0.0014480735,-0.04337864
0.0009397393,-0.034073643
0.0036635306,0.047390986
0.019957837,-0.011163594
-0.0037422315,0.007700151
0.006279419,0.2557118
0.0007025731,0.057161078
0.0018734628,0.098519616
-0.0055911606,-0.27927628
-0.019484807,-0.018445067
-0.0020166577,-0.0125542255
-0.015074962,-0.041832704
-0.0057222135,-0.2744529
-0.02004431,-0.024597164
0.0015233703,0.009023953
0.0071595865,0.022552403
0.009612849,0.0014836148
0.0042675566,-0.020472078
0.0054883184,0.04683318
0.0075310455,0.064010836
-0.00046252384,-0.045911673
0.01268734,-0.017240927
0.0024687075,-0.045481667
0.009013176,0.24277015
-0.0030317777,-0.03210511
-0.009495103,0.0479269
-0.0037297467,-0.019546395
0.00585876,0.042008482
0.0076381913,-0.008235238
0.0027270871,-0.00379949
-0.00039859093,-0.0896163
0.00069656037,-0.031120226
-0.0016777094,0.0497905
0.007183209,0.028742155
-0.0033701467,0.049939793
0.011661189,0.0013074423
-0.003513161,-0.0128429625
0.004408033,-0.060730018
-0.00866431,-0.06737554
0.0033197412,-0.02786944
0.012082314,-0.053954717
-0.003166336,-0.034817945
-0.0060636452,-0.03647916
-0.016550764,-0.048333958
-0.0023794626,-0.06600116
-0.0036690994,0.015090993
0.0018927925,0.0058301515
-0.008017662,0.022317728
0.00023930724,0.05773925
-0.0062794373,0.10157785
-0.0012434393,0.054005157
-0.0021492345,-0.010504966
-0.013510359,0.014585767
0.01692434,0.10510518
-0.00025877904,0.053397916
-0.0040882956,-0.007025128
-0.0041241283,-0.019100169
0.014674626,-0.036424953
0.004964724,-0.093839124
-0.0050399667,-0.037393652
0.016708493,0.019133486
0.0010758959,0.012810308
-0.005776039,-0.0441953
-0.00050118193,-0.03388303
0.00025499813,0.0072322744
0.0037887832,0.006635159
-0.00076312403,0.026854787
0.0050320807,0.08866157
0.015301324,0.015236601
0.004183064,0.0053465934
0.006602794,-0.029290294
0.011985585,0.04058046
-0.010173004,0.038756285
-0.0036014616,-0.007915635
0.014507901,-0.035704866
-0.0032707069,-0.060739152
-0.037649333,-0.061481524
-0.0011326802,-0.03282857
-0.012269646,-0.05058766
0.00020157942,-0.048702024
0.012214831,0.21622035
0.028006477,0.023514997
-0.005950397,-0.0053259507
0.0001333612,0.18158211
0.015330048,-0.03923996
-0.012022695,0.021711169
0.012659797,0.116232075
0.021312796,-0.004922459
0.0021275878,-0.037785202
-0.008251545,-0.104596876
0.0062084543,0.025783045
0.011771893,0.032787863
0.002955488,0.037190776
0.0027674818,-0.0115860235
-0.011098212,0.026774878
-0.0046115615,-0.02500474
-0.004887133,-0.07560744
0.0022833026,-0.073310934
0.0029744261,0.04576466
-0.008504202,0.030203296
-0.0073907785,0.066760175
0.031577613,-0.0593857
-0.018022664,-0.042252816
-0.0018738422,-0.06222911
-0.0033974291,-0.119882315
0.005945362,-0.058061965
-0.017920468,0.05815297
-0.0076120826,0.13649973
0.012580704,0.009266851
0.000248541,0.062395636
0.022802185,0.102732494
0.0014785525,0.03422777
-0.0016255012,-0.0028957417
-0.0040781377,0.0070881415
-0.0055761444,-0.037414547
-0.006759967,-0.070338205
-0.006320704,-0.0728031
0.0036551838,0.059134927
-0.0007001952,0.06596595
0.0070462953,0.020701744
0.001292357,0.08417084
-0.0011551771,0.007966687
0.004486964,0.012757835
-0.005667378,0.05981359
0.0023025451,0.056143172
-0.009078961,-0.020869939
-0.006239257,0.028774371
0.008449483,-0.07746457
-0.014000103,-0.04525135
-0.020539122,-0.025627455
0.0070738895,0.009675108
-0.00042475248,-0.041230526
-0.0052012247,-0.05131751
0.003989573,0.029484399
-0.006880003,0.0028620297
-0.013941542,0.0063671754
0.012176283,0.018572034
-0.0057744896,-0.034055017
-0.020816812,-0.029739618
-0.00088184304,-0.072560035
0.0004963896,0.13755248
0.00020830164,-0.047880024
0.0011684136,-0.017937852
-0.01655897,-0.064258784
0.0013526529,-0.019028183
0.0012952882,0.013744435
0.017864034,0.07198004
0.0036421046,0.051311105
0.008326574,-0.028034793
0.012331771,0.03263922
-0.005376701,-0.018753644
0.006726809,0.009381739
0.015253045,0.014872074
-0.009852245,0.08499755
0.0018354757,-0.0049888096
0.0024212797,0.06828798
0.00038236927,0.0652974
0.00469724,-0.024070842
-0.005248635,0.034879465
-0.00014086628,-0.0242777
-0.014413955,-0.037440564
-0.015208237,0.003075113
-0.0024776338,-0.04998787
-0.0049487855,0.05469457
0.00456989,-0.024967242
-0.010273388,-0.022105455
-0.0055495016,-0.009566381
3.3429125e-05,0.029114613
0.002440696,-0.039732315
0.0053371815,0.017925449
0.0056530014,-0.077719785
0.0079052,0.036053214
0.0042429753,-0.08776
0.00833673,0.022407895
-0.0038141299,0.038548317
0.006033559,-0.07460155
-0.010603179,0.024766732
-0.011405226,-0.009788125
-0.00069323555,0.014208511
0.022866238,-0.0048636133
0.0036847591,0.08000426
-0.008827053,0.010044198
0.0027974274,-0.033403646
0.0037159,-0.02456344
0.0006455467,-0.045506693
-0.010086374,0.0035399077
-0.0073117735,0.03542132
-0.01415506,-0.040932536
-0.02803812,-0.056673117
0.00685057,0.021665704
-0.0016812476,0.011480279
-0.021437442,-0.038985774
0.029175129,-0.017403668
-0.002707669,0.014137848
0.006117873,-0.006556894
-0.02815152,-0.0600567
-0.017870998,-0.04213995
0.014058519,0.012546154
-0.0073125036,-0.0042723245
0.009974623,0.014349443
-0.0075926986,-0.029539168
0.003681432,0.014630591
0.013594556,-0.017399829
0.012336614,0.019300815
-0.006399873,-0.032037586
0.014428534,0.028668646
0.01888248,-0.013990116
-0.0017618925,0.034307294
-0.0037602345,-0.0046290313
-0.0062526874,-0.02818781
-0.008241415,0.027055616
0.0052634277,-0.042445473
0.0042816084,-0.06990988
0.0062101865,0.036690727
0.002848187,0.034781657
-0.0056391503,-0.010190734
-0.004134775,-0.010167748
0.00877938,-0.023029976
0.009846853,-0.008315144
-0.0046336744,-0.14220072
-0.0076664644,0.00820904
0.0071862694,0.05769203
0.013482911,-0.033496346
-0.0039613876,-0.009483176
0.0047289785,-0.14319776
-0.009109734,-0.06895583
-0.008071242,-0.17889439
-0.01712837,-0.04926315
0.010223422,-0.034793325
0.00086166966,-0.031003427
-0.0062268362,0.005718611
0.011501227,0.034510914
0.0062276823,-0.05918495
0.0014269764,0.038371496
0.011876088,0.038683254
0.0071400525,-0.057750974
-0.007945347,0.011004209
0.003737039,-0.07569297
-0.0021399031,0.060454182
-0.00055067486,-0.026477337
-0.014089649,-0.025598934
-0.023685336,-0.042129558
0.001253028,-0.007849163
-0.009529,-0.10402497
-0.005180832,-0.0046219095
0.002786258,0.07163542
0.009350905,0.012385261
-0.0011190553,-0.037009485
-0.005946793,-0.019597765
0.0036178804,0.028520234
0.009581065,0.016549952
-0.0062321285,-0.05858281
0.004265013,0.021173036
0.015367251,0.0061290776
-0.0038800035,-0.008626475
0.009908626,0.0465417
0.011097836,0.017398775
0.009815343,-2.2782382e-05
-0.0027040697,-0.064026244
0.00974945,0.064517535
0.0071009966,0.06460928
0.016824394,-0.039651096
0.00022160297,-0.04596894
-0.009773472,-0.012985539
-0.007689229,-0.0142796375
-0.009231695,0.027508011
-0.00924473,-0.04208838
-0.0043968977,-0.03057063
0.0014861303,-0.08959283
-0.0052354424,-0.0031163471
-0.063682854,-0.32477862
-0.0323757,-0.10488532
-0.049625248,-0.31877092
-0.072625175,-0.34916416
-0.038779095,-0.22879425
-0.054889314,-0.29269153
0.06702198,0.32451773
-0.03409012,-0.16717757
-0.015699275,-0.10339685
0.05206251,0.18151924
-0.00055198604,-0.031333596
0.0036225591,-0.008342909
-0.013825051,-0.08511483
0.020568263,0.06375053
0.04719781,0.091644816
0.014253322,0.006066129
-0.046761386,-0.13506003
-0.03985908,-0.15479061
0.017344259,0.042318422
0.029044885,0.05952308
0.032648735,0.052613467
0.0075799734,0.00699863
0.048139464,0.1119869
-0.017447766,-0.066951685
0.0013032677,0.018449686
-0.036075342,-0.045559697
0.0055028023,0.0062002796
0.0064559393,-0.008003814
0.020942802,0.059467066
0.03932749,0.06666797
-0.014996508,-0.028215792
-0.0014675506,-0.020324273
-0.030352168,-0.08837417
-0.0012302432,0.018698625
0.014545074,0.065565795
0.018239157,0.014081535
0.0080457665,-0.0040441914
-0.0036801987,-0.020058472
0.014121192,0.06621944
0.022051243,0.09253033
-0.038248602,-0.08061877
-0.02335147,-0.049375918
-0.009280325,-0.025926683
0.0049821436,0.012763851
-0.012051629,0.01219784
0.015244826,0.06845358
-0.0074276207,-0.053852785
-0.013106579,-0.060724705
0.048872385,0.10840605
0.023040783,0.049657684
-0.017512515,-0.062388387
-0.011023793,-0.047963955
0.005980734,0.045247592
0.007814249,0.025242757
-0.03699092,-0.06696199
-0.0034764325,0.009176164
0.021438349,0.034334056
0.017525516,0.028076036
-0.028414674,-0.060544454
-0.02203336,-0.062036283
-0.010005607,-0.03254963
0.025582053,0.027027877
-0.0010536662,-0.036324143
-0.0029721023,-0.002155562
-0.015641242,-0.11786193
-0.033344448,0.011292522
0.0045973416,0.008258022
0.0015042711,0.020858513
0.012827091,0.0712804
0.0076355548,0.014759059
0.014254534,0.02464082
0.017437719,0.023940912
0.024623321,0.05777473
-0.0043247594,-0.015201805
0.008543091,0.047982696
-0.014649879,-0.028771235
-0.0019021314,-0.020133665
-0.009776125,0.003100778
-0.0142120365,-0.05447966
0.010546001,0.03755981
0.0028344998,0.027105253
0.031342752,0.077069186
0.012804753,0.0557922
0.0044997623,-0.0589402
-3.397354e-05,0.029234273
-0.010789909,-0.01577427
0.00027174217,-0.051929846
-0.010036034,0.036740586
-0.013982393,-0.014829473
0.007947214,0.040067043
-0.0063482984,0.013183117
0.023466317,0.11188325
-0.012009237,-0.08151998
-0.011845116,-0.027551934
0.011127643,-0.0033205133
-0.016728649,-0.06677236
-0.009289963,-0.09332987
-0.025640514,-0.13240893
0.003928713,-0.013541057
-0.0150210755,0.003674199
0.011807032,0.023155829
0.0066171633,-0.002099765
0.019127123,0.025676206
0.018413715,0.033248216
-0.013016817,-0.042400382
-0.016946265,-0.024014
-0.005500823,-0.033018824
0.010429971,0.054712325
-0.00041153654,-0.016349608
-0.003616323,-0.0275392
0.010710763,0.08789267
0.014728019,0.053580374
0.004466868,-0.0088623455
-0.014451172,-0.03222622
0.021481026,0.036254272
0.0035102481,-0.06909466
0.009987471,0.0006386905
0.0018109311,0.038494613
0.014443764,-0.03729709
0.0044462252,0.05816203
-0.012678931,-0.055238377
-0.0066672163,-0.04166217
-0.010785368,-0.036137387
-0.008026203,-0.02307627
-0.010350227,-0.047049817
0.0036022924,0.016447796
0.010932178,0.030584725
0.011775714,0.050654814
-0.0113520585,-0.011667267
0.015782006,0.04051628
-0.0048098424,0.019645551
-0.026022397,0.0005509004
-0.0009381388,-0.033862546
-0.01634588,-0.07300591
-0.015962204,-0.052008197
-0.0074431356,-0.052187614
0.004101767,0.04432265
-0.010380682,-0.025677169
0.020217946,0.076332174
2.4352106e-05,-0.021938927
-0.01013549,-0.04778812
0.0026954145,0.07244099
0.005927587,0.007574493
-0.008576207,-0.023100188
0.023834283,0.06569413
0.017378457,0.035018247
-0.0115034785,-0.06441455
0.0068936306,0.019341694
0.0037637004,0.030913418
0.011294819,-0.008534867
-0.0099682715,-0.04891725
0.011635281,0.03708781
-0.0023247865,-0.016442984
-0.0027336362,-0.013612035
-0.020430353,-0.03061583
0.01512293,0.021001928
-0.015135532,-0.065075316
0.0051028538,0.022463817
-0.0010674259,-0.002304646
0.0030510318,0.03949201
0.012209823,0.030877396
0.009486228,0.021767324
-0.019164445,-0.043598488
-0.0042915526,-0.0077088214
-0.017664738,-0.02888197
0.0060779788,0.03480968
-0.005376566,-0.01043901
-0.015415391,-0.019469645
0.0069046887,0.026054395
0.008080265,0.01563029
-0.0021804357,-0.0004514402
-0.004363799,0.022601234
0.0061989054,0.02863004
0.01106409,0.012577801
0.008951288,0.020553702
-0.006043614,0.0066119763
-0.001532057,0.0046483586
-0.0047411155,-0.03348015
0.0070501156,0.028073462
-0.0015538413,-0.0138946045
-0.005551422,-0.044578068
0.019835263,0.0638146
0.009130035,0.02597565
0.00017635922,0.015185939
0.0053296685,0.008058618
-0.006358205,-0.0799861
0.012024827,-0.003289597
-0.009749995,-0.02204741
0.0016610182,-0.022785418
0.006347469,0.084174916
-0.004962528,-0.049515143
-0.023432963,-0.054998703
-0.012911499,0.019516498
0.032110944,0.00664314
0.004904864,0.039040413
0.016187968,0.048473656
0.00416022,0.036983777
0.021137886,0.014788796
-0.0048406823,-0.028365282
0.011934803,0.08616329
-0.010748559,-0.029369617
-0.009103626,-0.044706933
-0.008919641,-0.0106391255
0.0020076204,0.007659017
-0.005873619,-0.0185722
-0.003122239,0.016877053
-0.0006530814,0.0054905093
-0.007963946,-0.011833791
-0.0031696525,0.0014407259
0.00938528,0.015198509
-0.009707415,-0.042205215
0.0020367503,0.008802917
-0.004863427,0.045521673
0.010799874,0.01871347
-0.006274379,0.015759097
0.011442795,0.0020317726
0.016966464,0.04883539
-0.0042421655,-0.048825853
0.007703439,0.056590833
-0.008579234,-0.019277886
-0.0054934686,-0.016847825
-0.01424739,-0.007016782
0.0012868408,-0.030646434
-0.0070720627,-0.013036891
-0.006834822,-0.016897593
0.0072099273,-0.012638121
0.008402357,0.017877342
0.027126107,0.07110232
0.0015120178,-0.012311635
0.007914333,-0.021376843
0.0053384714,0.05795874
-0.0054432047,-0.016943164
-0.0028508469,-0.0020047696
-0.0005748031,-0.019703643
-0.0026467107,-0.0022876144
-0.0027944574,-0.00014605523
-0.00032024912,-0.031834096
0.004855615,0.038222685
0.0021377415,0.023558011
-0.008256975,-0.010261783
0.007163674,0.080188334
-0.011114865,-0.020405855
-0.007784109,0.006681049
-0.011778962,-0.020872114
-0.0020015775,-0.005978934
-0.0045399275,-0.005387454
0.0008925621,-0.00148487
0.013162814,0.041826814
0.018788949,0.054856993
0.0010483229,0.00077169866
0.0061635897,0.03653436
0.0010486622,0.023143169
-0.00060519594,-0.016725581
0.014828527,0.05929802
-0.005022473,0.004789426
0.0026511368,0.014313225
-0.0019014406,-0.0036428894
0.015544247,0.047298104
-0.009448962,-0.015366651
0.0013677031,-0.03298229
-0.00064736744,0.005414944
0.004402158,0.029344039
0.0059776423,-0.0014600789
-0.006189697,-0.01437307
0.0031511376,-0.019428108
0.008384159,0.046899088
-0.012555966,-0.03786341
-0.0037937055,0.02820826
-0.0029781696,-0.008759107
0.004326025,0.0032654316
-0.0006716099,-0.0020185614
0.007235997,-0.0007276077
-0.0042717974,0.005697867
-0.002545413,-0.018495144
0.0064506084,-0.0034625519
1.0233605e-05,-0.018351406
-0.0061284257,0.0027287435
0.004007949,0.024538215
-0.011933973,0.005845069
-0.010965595,-0.04531524
-0.016871065,-0.051447827
0.005734002,-0.012242146
-0.01511936,-0.039481543
0.009319117,0.0026032317
0.004558638,-0.00712419
0.001578856,0.002515778
0.0070045805,0.009776451
-0.0020004958,-0.0056734704
0.01574899,0.060461327
0.020586058,0.08497021
0.0052398574,-0.014071493
-0.0004513698,0.0057165823
0.005569277,0.022686215
-0.0034540938,-0.029664556
0.003011507,0.016453793
0.0067111487,-0.004532917
-0.011498902,-0.028159106
-0.011199856,0.0015862323
-0.007744061,-0.026016897
-0.010273689,-0.033458836
-0.0047860686,0.022799287
0.0016088702,-0.035983346
-0.005495816,-0.02522467
-0.004528481,0.0008249377
0.010866789,-0.027218053
0.005985737,0.02052665
0.010567728,0.0525288
0.015959116,0.037385356
0.0054364917,0.024613012
-0.00026807352,-0.024886252
-0.0053888243,0.0316714
0.00083090004,0.012933384
-0.0016329972,-0.039807238
0.0005004459,-0.029517408
0.0031953873,-0.009980483
0.009917123,-0.011333395
-0.008323118,-0.028395405
0.0067887004,-0.020134423
0.0044095865,0.0014266734
0.0020210575,-0.012709934
-0.011257334,-0.029382301
-0.01964325,-0.08666243
0.011859037,0.03086421
0.006962653,-0.0053098714
-0.008448139,-0.0070159067
-0.000102840655,0.03105732
0.0018447624,-0.024973039
-0.0016327286,-0.012058952
-0.0077992612,-0.012472762
0.0019120139,-0.0025309692
-0.011268301,-0.044120867
0.007323096,0.027446114
-0.005366939,-0.046020176
-0.001417475,-0.014035273
0.005662041,0.00061967736
0.016046599,0.024007648
0.023709714,0.0868343
0.014268776,-0.049463212
-0.0013249208,0.011967727
0.0060646944,-0.0002338016
-0.0060243644,0.01979483
-0.004744537,0.008759624
-0.0010418835,0.014040494
-0.0056890394,-0.009471956
0.0016902342,0.012304099
-0.013164558,-0.028916724
-0.019066405,-0.041954
-0.0019324531,0.012665646
0.0039965846,0.06554052
0.0058719683,0.014118618
-0.0120424675,-0.021544283
-0.0042710765,-0.028634014
-0.0077653634,-0.050361574
-0.008662365,-0.029426806
0.0036625508,-0.011851205
-0.008337749,-0.0012109689
0.008617021,0.025589252
0.0061913477,0.020775316
0.0010327816,-0.0050805584
0.014454596,0.039774306
0.013588546,0.05296292
0.009100281,0.020195007
0.012593667,0.03285545
-0.006244987,-0.04501357
-0.0027979459,-0.051014844
-0.00039308483,0.02872734
-0.003187654,-0.007922848
0.0026292615,-0.0138806
0.0016411413,-0.008172336
0.0014382787,0.012261666
0.0009282522,0.018099286
-0.005386037,-7.49752e-05
0.008128204,0.014957841
-0.007632023,-0.01657924
0.0027922355,-0.04132963
0.0007968088,-0.022740021
0.0039130608,-0.0014382411
-0.0054768077,-0.00944058
0.0003532651,0.019170394
-0.00013010926,0.019458285
0.01731174,0.037882138
-0.005758399,-0.0058024395
-0.0076772217,0.014740587
0.00018519774,-0.0034627926
-0.0011515215,-0.026734218
0.012274254,0.060851388
0.004190705,-0.0118121775
-0.001950985,-2.4861094e-05
-0.0076962775,-0.037221324
-0.009848986,-0.049302056
0.0015235448,0.017123334
0.00048380648,0.012290416
0.005000175,-0.031313166
0.0013648738,0.0031124665
0.0050217463,0.00065219303
0.0042254096,0.022925148
0.0053972276,0.024516504
0.002219617,0.0011237392
-0.00660231,-0.012178127
-0.0041964846,-0.03232248
0.005673623,-0.0087492
0.008264177,-0.0013278457
0.010466857,0.030545913
-0.0055884803,-0.04253155
-0.008305971,-0.007926814
-0.004204291,-0.051866245
-0.008222977,0.028747614
0.012995443,0.03408502
-0.005632285,-0.043271996
-0.0038597838,-0.06841516
-0.00055590854,-0.031534344
0.006239668,0.13530172
0.025401957,0.12725143
0.0056892643,-0.010817621
-0.00026870676,-0.028986655
0.0046799756,-0.0014148684
0.0024610185,0.096409634
0.01289054,0.038735576
0.015648454,0.01948076
-0.0037640715,0.112416185
0.0014120172,0.013506346
-0.004065294,-0.014485031
0.013123972,0.07430661
-0.005853626,-0.012027095
-0.004590977,0.04736627
-0.008481344,-0.058379512
-0.017570702,-0.01029384
0.00022715965,0.057007022
0.0055016885,0.04722462
0.014210567,0.031586755
0.0071634315,-0.006626136
-0.0051655844,-0.061669096
0.0073540155,-0.010791706
0.011414368,0.023274234
0.0060617207,0.02678403
0.005254829,-0.007836386
-0.0011444571,0.025280118
0.0062507307,0.039214116
0.006891271,-0.016495831
-0.0051845824,-0.041289065
0.00098087,0.00266188
0.006573288,0.010974804
0.0076585943,0.008855777
0.009790387,0.021961577
-0.0020080418,-0.027402721
-3.0824624e-05,0.0022988638
-0.00034864008,-0.0036563098
-0.003681163,-0.022248473
-0.0049343603,0.0074534346
0.009003801,0.026068741
-0.0010251373,0.055602938
0.021476999,0.04630051
-0.0027078893,-0.042954337
0.0009720618,0.0002664769
0.018124431,0.027419355
-0.011219889,-0.015961137
-0.006136421,0.003595626
-0.009098211,-0.036851175
-0.0069658444,-0.07933736
-0.017337196,-0.01866117
0.014080955,0.0365788
0.01522739,0.029409425
0.0002166836,0.0042114826
-0.010369565,-0.017759297
-0.0004296871,-0.08813288
0.004528193,-0.020537794
0.013744503,0.039569233
0.0011862923,0.0008742825
0.012982195,0.07026936
-0.011291318,-0.04557827
-0.0046755997,-0.017492192
0.003869284,0.008416885
0.020277552,0.055182017
0.012598769,0.023857512
-0.0018023882,-0.06982961
-0.0012622334,0.0011701502
0.0067577176,0.009855176
-0.0009619519,0.004281227
0.01185767,0.043850932
0.0046455413,0.0032048172
-0.002443036,0.020134687
0.0061942115,0.05851957
0.010226259,0.029093761
-0.022943288,-0.01562969
-0.013318964,-0.06413288
-0.0065636653,-0.018716294
-0.0100532975,0.04039621
-0.0015716483,-0.060860254
-0.0050200615,-0.037384793
-0.008026364,-0.011818886
0.0029381453,-0.0068803504
-0.011911576,-0.02737275
0.0043130536,0.0146848615
0.022949718,0.06377502
0.006721544,0.02856363
0.009582521,-0.010250659
0.022575831,0.06544778
0.013735659,0.013719542
-0.008040156,-0.023970075
0.018209558,0.058997557
-0.0068476317,-0.04790824
0.010774272,0.014244433
0.029404039,0.05915588
0.0005366184,-0.008988311
0.018220033,0.017102879
0.016537804,0.07320085
-0.005950239,-0.028527042
-0.005930946,0.008655275
0.013519633,0.13184838
0.0093861595,0.07637949
-0.018431352,-0.047034036
-0.0038743364,0.030847505
-0.0047836183,0.0032610486
0.017921831,0.07486632
-0.006613182,-0.010258509
0.011749779,-0.005673238
-0.0074261283,-0.02689406
0.0033742576,-0.00617816
0.007790791,-0.010315724
-0.0017905242,0.028380476
-0.009422272,-0.07545867
-0.014319059,-0.022548068
-0.01710367,-0.061795425
0.00062117446,0.025936952
0.0005019667,-0.0009306163
0.014332823,0.072413765
0.018266272,0.06461714
-0.0041436385,-0.013586078
0.01230422,-0.03319801
-0.012426557,-0.03172114
-0.00483162,-0.0060173855
0.0026675717,0.016276402
-0.0014330295,-0.022567105
0.021836393,0.013407292
0.006058178,0.028105356
0.011296443,0.0038112917
-0.0013902648,-0.0077660517
0.008640582,0.017312272
0.0025466632,-0.026308935
-0.0017189921,-0.0026307974
-0.0020525414,0.002878852
0.009557231,0.05031536
-0.01343989,0.00081392564
-0.0014524945,-0.054958176
-0.014609339,-0.018274115
-0.010671278,-0.022835743
-0.012677828,-0.01758145
0.0011214311,-0.016869418
-0.0076975035,0.014012673
-0.011669395,-0.014394268
-0.001584167,0.016505143
-0.005985796,0.017386036
0.013899091,0.0160266
-0.0077497326,-0.076790676
0.0030827466,0.016376134
0.0059439633,0.031571884
0.025849702,0.045689035
-0.0060100956,-0.0006196538
-0.0020028926,-0.014009741
0.018465169,0.046090666
0.015853018,0.02992262
0.0029620402,-0.012845953
0.021046063,0.11674745
0.018343061,-0.0049977084
0.0033089968,-0.009804114
-0.005155241,0.015335167
-0.0020922804,-0.018572498
0.0067744004,-0.0066793244
0.003625725,0.05515121
0.012177073,0.028179338
-0.02122472,-0.030718103
-0.0027225388,-0.028427022
0.001056719,-0.004999351
0.0070013446,-0.00035475523
0.016836403,0.08265136
0.012810916,0.0723825
-0.0047881287,0.0075128693
-0.008087691,0.055748966
0.013898182,0.02154919
-0.008032668,-0.0056473864
-0.002797635,-0.017322924
0.0055583366,0.03257115
0.009599121,0.013808556
0.00065630686,0.018476965
-0.013549604,-0.014328097
-0.0025616998,0.006255245
0.0015074067,0.050205823
0.008912023,0.051632065
0.007382,0.029154452
0.0062588127,0.02306259
0.0073385127,0.0107482225
0.005621457,0.014849714
-0.007577825,0.0012711206
-0.0073644402,-0.002664815
-0.0053152023,-0.036188502
-0.007378536,0.0028537333
-0.0022480828,-0.03579371
-0.0011391693,-0.0531622
0.0021297387,0.020972926
0.0019432806,0.006828465
0.0040288903,0.00988527
-0.0014018698,-0.0028671566
-0.0059008007,-0.035241768
0.0039403117,-0.09039712
-0.0036144797,-0.070098065
-0.0039346693,-0.04194763
-0.010515895,-0.046498545
-0.011458786,0.04584339
0.012081591,0.0076630884
0.00019794836,-0.005646757
-0.013846235,-0.009267632
-0.0040489053,-0.03150078
0.0010925657,0.0023522936
0.00091781374,-0.005370962
-0.004748707,-0.02031563
0.00858985,-0.007880211
0.004865282,0.037287008
0.0150954705,0.03331671
-0.006433196,-0.0020375275
-0.00991091,0.0100548165
-0.0060483413,-0.0013014097
-0.010434002,-0.030210484
-0.0039813053,-0.028546212
-0.009073202,-0.023280827
0.0046884837,0.022631215
-0.003915251,0.048440516
0.020419067,0.057021856
0.016297482,0.0326805
-0.0013506857,-0.009346965
0.006852846,0.07290805
-0.009948924,-0.008804656
-0.004394165,-0.08541785
-0.007011774,-0.07851693
-0.010849705,0.0041917134
0.007327183,0.086119406
-0.004183812,0.026212476
0.0078238435,0.079934746
0.0021933736,-0.0049526407
0.002668396,-0.12884048
-0.012402,-0.04269551
-0.013954302,-0.111602396
-0.0047533317,-0.0030907702
0.0069666905,0.017081698
0.009233056,-0.0071148905
-0.00080586085,0.045057666
0.0033390978,0.037970625
0.0026020547,-0.04049763
-0.009570332,-0.007273827
0.0016476214,-0.11408862
-0.02188549,-0.016341923
-0.012182228,-0.067693114
0.008194412,0.0052987826
0.018149061,0.027237669
-0.00721985,-0.047740113
-0.01662806,-0.07271069
-0.009513398,-0.049484912
0.005750803,0.013495736
-0.008203151,-0.022820823
-0.006045394,-0.10288556
-0.0021910218,-0.015457814
0.0021250888,0.025308311
0.012448773,0.080029085
0.01369104,0.030759167
0.007490091,-0.022515902
0.0029691053,0.010233526
0.00048072575,-0.0068804137
-0.00062169565,0.0068278066
0.0091008,0.037879426
-0.0044254353,-0.003295513
0.00036489125,0.005954052
-0.007989142,-0.028306719
-0.00094705215,-0.010835713
-0.010738499,-0.06547386
-0.0075327936,-0.031522043
-0.009153098,-0.02509619
-0.01592665,-0.030642182
0.004399621,0.024209188
0.008606056,0.034930002
0.0032548343,0.0071968623
0.003000596,0.015273704
0.0050032292,-0.029941646
-0.0065471157,-0.027981572
0.0044447933,0.02509289
0.012868876,-0.0027058967
-0.0018428231,0.0133695975
0.007405185,0.027906181
-0.0019562985,-0.0009795033
-0.00021540979,0.03548841
0.005019352,-0.004914416
0.011034266,0.027117044
0.0050582252,0.013407606
-0.00069406786,0.0123303095
0.0014960717,0.021696279
0.0023633288,-0.024690792
-0.0019608755,0.004759883
-0.0034271202,-0.014546378
-6.6528824e-05,0.011955276
0.0007022898,-0.015405291
0.004695934,-0.04458074
-0.00035751567,0.04245959
-0.0011259059,-0.0147411125
-0.0036292053,-0.018564027
0.0027648609,0.025999585
-0.00554188,0.014810305
-0.007447094,-0.012602712
-0.016632952,-0.0016234951
0.006131077,-0.010861852
-0.009173451,0.019317606
0.016314296,0.051678043
0.0030273683,-0.006678085
-0.0058955858,-0.0018828275
0.007973307,-0.0074700722
-0.002775145,-0.03856294
0.0038159431,-0.006441348
0.0030406152,-0.016000614
0.0010070946,-0.03005295
-0.0006625515,-0.0066473237
-0.0014017248,-0.0052571967
0.0065929648,0.039399453
0.0061164536,-0.017357651
0.0054675085,-0.021826709
-0.00097278506,-0.0044853142
-0.0044828937,0.038093455
0.01321912,0.05896606
0.013741454,0.04792437
-0.006630866,0.015925666
0.007469425,0.032318033
-0.009946918,0.008905088
-0.0128034,-0.03784555
-0.0023264948,-0.078405924
-0.00164105,0.020597426
-0.0012919152,-0.02782648
-0.013992459,0.010231329
0.0017353013,0.012635117
-0.007626978,0.011992986
-0.0043331506,0.0002608446
0.0012792449,-0.01718633
-0.0065671913,0.014050344
0.012870024,0.0038594026
-0.005295973,-0.039691914
0.002276373,-0.043949775
-0.0035593663,0.009773722
0.0121111125,0.043798786
0.0006138036,0.009071775
0.009393662,0.031482544
0.0038532591,0.087623365
0.014319315,-0.043509774
-0.0039452873,-0.017410915
-0.0064219674,0.0034447864
0.008777242,0.065786734
-0.002824129,-0.018246675
0.0019189366,0.010307372
0.003183182,0.016613403
-0.004856536,0.014240289
-0.008331062,0.0021204038
-0.010291399,-0.01008003
0.00010778743,0.08041579
-0.0020191798,0.011716838
-0.00994591,-0.023265945
0.0036443977,0.034764417
0.010203847,-0.01420762
-0.0054228194,0.0002215319
0.04368078,0.056973144
-0.00048422877,0.020432245
0.0011566379,0.029618146
0.014284208,0.07934658
-0.006668335,-0.008436933
0.010046958,-0.053282786
0.0003157973,-0.03609778
0.015885666,0.07258976
0.02225716,0.023920488
0.0004344344,-0.0147111
-0.001554876,-0.03810431
-0.015871223,-0.032088008
-0.0021197088,0.11456738
0.0026785978,0.016421132
0.00816728,0.0008996529
0.006516994,0.082969375
0.005794171,-0.016555605
0.008585529,0.03434379
-0.010539125,-0.035997916
-0.022326402,-0.007822176
-0.008124147,-0.010958093
0.00069147605,-0.009575
0.011752208,-0.017020902
-0.0037678776,-0.020957531
0.011634909,-0.0007467476
0.00037904305,0.017795492
0.0087581165,0.031529803
0.0011004945,0.070759065
0.010920858,0.02164014
-0.007601437,0.08711225
-0.0019500246,-0.036399018
0.012968123,-0.01404926
-0.0014191181,0.031134723
-0.008784908,-0.025508184
-0.008929522,-0.035763834
-0.0004816556,0.06296849
0.007269186,-0.023726968
0.001148984,0.035718296
0.004635657,-0.005496492
0.011400919,0.006523575
0.008576934,0.023983562
-0.014809076,0.031511456
-0.015278425,-0.096520014
-0.013535751,-0.09475997
-0.0036868113,-0.006059673
0.008902926,0.00085132895
-0.002678806,0.028568182
0.0066052172,0.016060323
0.0059659793,-0.005180498
0.017774802,0.05663723
0.0061709173,-0.005776271
-0.0038523106,-0.04024499
0.0064618792,0.05141474
0.013637192,0.0043793134
0.013284027,-0.0006865048
-0.018726878,-0.020524114
-0.01805822,-0.051097795
-0.015659412,-0.072563544
-0.013449766,-0.038459655
0.003663729,0.01463084
0.0015867854,-0.010547139
-0.00418609,-0.059326984
-0.006268156,-0.012214306
0.0024874634,-0.02661311
-0.0024353638,0.023878032
0.0035854215,-0.02887355
0.013083245,0.025893208
-0.0037193634,-0.007214496
0.010814489,0.07250043
0.014642581,0.009234543
0.0019861413,0.035618335
0.00337506,0.026930766
-0.0018089765,-0.047570236
-0.0036738822,0.03335458
-0.0076025594,-0.02394539
-0.0008757508,-0.028502569
0.0016491232,-0.014955276
-0.009161042,0.002791745
-0.00036509056,0.023448125
-0.009642616,0.03501926
-0.016910944,-0.05437801
-0.017046753,-0.093839504
0.0002315637,0.019622933
0.0047160657,0.05519853
0.0044706888,0.01571599
-0.006335073,-0.018544449
0.009712668,0.031664927
0.018430121,0.06248149
0.016277187,0.039844617
0.002346246,0.007903974
0.0031974353,0.002531016
0.007186481,0.0030311733
-0.002504998,0.025687857
-0.006345538,0.0054296716
-0.005178321,-0.014830388
-0.009984382,-0.053872753
-0.026735745,-0.091504544
-0.019227576,0.005243417
0.009225068,0.05539509
-0.006351657,0.026692135
0.000561227,0.011073465
-0.014791829,-0.010566368
0.004469335,0.03891802
0.0025811563,-0.061581895
-0.013287427,-0.046907857
0.017718479,0.029734176
-0.027059877,-0.0636833
-0.008386917,-0.04598437
0.0027689547,0.0049544773
-0.0046492955,0.01690392
0.020928863,0.06340781
0.019306518,0.03931157
-0.0301961,-0.07688776
-0.016900929,-0.0013998767
0.022027614,0.010249581
-0.014615205,-0.038964596
0.008372683,0.0032719646
-0.005523789,-0.008913345
0.010992436,0.03268012
0.014629224,-0.0017029728
-0.019374184,-0.07639938
-0.00620188,0.009716961
0.002796747,0.024184372
-0.0053142617,0.0072831833
-0.0012929521,-0.011802503
-0.007623074,0.003199022
0.004289225,-0.039079063
-0.009634862,-0.018179854
0.004912047,0.0045159035
0.0035481583,0.0054733222
0.008008968,0.04067646
-0.0007309363,-0.0018535379
-0.0056215245,-0.048939403
-0.006797671,-0.026287062
-0.0031991329,-0.025013711
0.01442302,0.05262603
0.0003486256,0.0016029937
0.0033262372,0.009704289
-0.0038784624,-0.03974704
-0.0026915672,0.01207401
0.0018447833,-0.008027386
0.011426297,0.019571414
0.00085345167,0.03374608
0.008918837,0.049026683
0.0048429957,0.019040108
-0.012133308,-0.028910868
0.0045421943,-0.0056792093
-0.007055263,0.029134907
0.0064551565,0.067609064
-0.002411804,-0.028863188
-0.0008087612,0.024542289
-0.008024325,-0.023661397
0.0007600391,-0.012254129
0.0069160275,0.010287462
0.014580529,-0.057642046
0.005341908,0.025257701
0.020195432,0.10434261
-0.021563109,-0.05896567
-0.018027093,-0.04815421
0.0034629188,0.010270578
-0.0057265246,0.008980454
-0.009896502,-0.03817064
-0.0032518387,0.018468618
0.0068216408,0.0064738654
0.01033476,-0.051476028
-0.016737971,-0.0056059835
-0.00070014177,-0.007678768
-0.0067801084,0.0145181175
-0.012990762,-0.028268293
0.013413968,0.008515672
0.011031507,0.016840676
0.015615095,0.04831694
0.0031091357,0.012650795
0.00500331,0.025577197
0.0025260653,0.010419094
0.0024042814,0.0009773198
-0.0008307301,0.027703179
0.00075564114,0.0422605
-0.007758402,0.032737587
0.0073466203,0.02445492
-0.005815533,-0.051386
0.0008127628,0.013302102
0.010771815,0.0053164265
0.0027590648,-0.043452084
0.0014969236,-0.029916456
-0.019095067,-0.12332122
-0.03451705,-0.14560075
-0.011964119,0.010767018
0.026482034,0.044984974
-0.006849654,-0.047498483
0.0062346924,0.005316795
-0.013094592,-0.027748764
-0.00040108664,-0.010903116
0.0071844063,0.002516945
0.0015780651,-0.011392352
-0.0020855074,-0.017335378
0.006308917,-0.029976575
0.00010001764,0.059789274
0.00060351833,0.0030658785
-0.0065106153,0.006019508
-0.008561132,-0.004473372
0.001364874,0.0178206
-0.0063128737,-0.028741565
0.0018373379,-0.05258605
0.020730752,0.013065091
-0.0026032745,0.0014118764
-9.2248665e-06,0.01136711
-0.00016768608,-0.017262753
-0.0051598637,-0.02080308
0.00078390585,-0.11343782
-0.009631066,-0.028882744
-0.003908206,-0.011594507
0.007295006,0.11437844
0.0006920025,0.012829321
-0.015895003,-0.003644005
-0.0054445514,-0.030935459
-0.01508684,-0.038233288
0.0094329035,0.064554974
0.016541451,0.026761414
0.00740752,0.039520483
-0.008331736,0.004206588
-0.0007539131,-0.023012778
-0.0042692497,-0.045189206
0.0028419688,-0.0061135907
0.021991039,0.064429455
0.0023349363,0.016096992
-0.011409483,-0.038318552
0.005448199,0.107567735
0.018031804,0.0056698327
-0.00786401,-0.015703015
-0.006384342,0.030608332
0.0050176713,-0.025599716
-0.0054994095,-0.0010244243
-0.0032278297,-0.03971506
-0.017511226,-0.09972294
-0.014684833,-0.021828681
0.0012626597,-0.031974047
0.010290274,0.03990114
0.011918297,0.045837
0.014895653,0.042611826
0.005372967,0.06127531
0.016260061,0.008045107
0.016214352,0.032928497
0.0050425828,0.10492686
0.017116796,0.0045328313
0.0033907765,0.03391071
0.00783744,0.12662227
0.01270882,0.064258955
0.00872404,-0.06635422
-0.009889847,0.0773708
0.009285252,-0.004247895
0.0038733068,-0.038791742
7.666086e-05,0.03134986
-0.0052228663,0.012847403
-0.0030237725,0.018791782
0.0047449353,0.044068616
0.012169055,0.04533364
-0.017070096,0.01638467
-0.018374968,-0.0026643309
-0.002660838,-0.030204901
-0.0073191626,0.031791218
0.0006888951,0.07122609
-0.00083242217,0.036293052
-0.00026460312,0.023794692
0.011720373,0.026414227
-0.0029261361,-0.030466119
-0.013499083,-0.00039035964
-0.017609477,-0.030271487
-0.0062582004,0.015109093
0.0008336847,-0.008277277
0.0018516928,0.028871264
0.003945845,0.033689484
0.0077661676,0.025873581
-0.01630864,-0.031770505
-0.004445578,0.016073488
-0.007270569,-0.01745744
0.007826209,-0.03612584
-0.0073236,-0.014633555
-0.009166559,-0.013032048
-0.0056241304,-0.06121843
0.01479248,0.0009577504
0.011001828,0.024186714
0.011495953,0.10661826
0.0051036654,0.033736803
0.008001339,-0.010816525
-0.0063029043,0.06769628
0.0138552645,-0.0071311197
-0.0015319923,0.024167
0.0068384176,-0.13040695
-0.0041587315,0.12888706
0.008509626,0.08931583
0.0012517706,0.03481368
1.6113278e-05,0.07436184
0.014848029,0.11362069
0.007922972,0.03817191
-0.0030418127,-0.037075486
0.013733864,-0.003906102
0.0037791247,-0.011448091
0.009421922,-0.06733486
0.004386062,0.00018809152
-0.0077985795,-0.04936306
0.011388516,-0.086344816
-0.015995253,-0.027338076
-0.01812914,-0.20031007
-0.0162016,-0.029120639
0.009650783,-0.04752848
-0.0068466063,-0.0041097207
0.0060941344,0.20799811
0.012693346,-0.014231828
-0.0026645828,-0.00054089876
-0.0052610226,0.04500562
0.0068264655,0.06379787
-0.0012397617,0.034939718
0.014060738,0.13000698
0.0066940766,-0.20650296
-0.009953621,-0.008258352
0.009707281,0.003759311
0.008353287,0.034666006
-0.00090636004,0.0037939998
0.00431326,-0.07103011
-0.0010438155,0.028686149
0.0059650578,-0.04426722
0.00798678,0.036926746
0.00059324474,0.00092263136
0.012210091,0.06277045
0.0034268196,-0.16722576
-0.0029053357,-0.017262308
0.006204834,0.060062252
0.005006222,0.008640282
0.0011733086,-0.05886546
-0.00069948874,0.03457343
-0.0036648335,0.027368004
0.007419307,0.07421773
-0.005833535,-0.086651765
-0.008836245,-0.02809247
-0.0077354256,-0.008566702
-0.014611017,0.015676018
0.00499421,0.025076587
0.009914774,-0.011416201
-0.004087701,-0.009182286
-0.00604149,-0.0655488
0.00430579,-0.067533
-0.0030017253,0.07009235
-0.0024578117,-0.049422093
-0.0076024616,0.0010593717
0.00728775,-0.04905358
-0.012777096,-0.09783597
-0.014742958,-0.032571927
0.004899178,-0.02834411
-0.016758442,-0.06511223
0.0018519616,-0.025906913
0.016352896,0.018924143
0.015227795,0.042313997
0.0051476583,-0.012392248
-0.002481333,-0.014384334
0.011992436,0.021845348
0.012907123,-0.004818841
0.00111017,-0.035770155
-0.005131689,-0.061796423
0.0045056953,0.011528367
0.0044808537,-0.013935551
-0.008854627,-0.032510173
-0.006479754,-0.031587385
-0.009782707,-0.04087042
-0.0029735654,0.018661054
0.009139262,0.04794733
0.010000275,0.040163398
0.011936674,-0.034479324
-0.0013865584,-0.02583271
0.009814246,0.021504102
0.008657064,0.012124845
0.010587258,0.016356967
-0.007569704,0.023513773
-0.0113348905,-0.03310863
0.0067990813,0.042921025
-0.008433212,-0.0057460037
0.0044700336,-0.023192618
0.0026566996,0.0029974023
0.0030193361,0.007555798
0.01857134,0.0014109669
0.0019618073,-0.022008697
-0.0017038863,0.07766198
0.0040325657,0.07428714
-0.0039101257,-0.025906581
-0.006419095,0.008132529
0.0013109866,0.016116967
-0.0033913339,-0.035017554
0.006782079,0.03776585
0.0008248919,-0.012427182
-0.00487125,0.020607674
0.00890451,0.0659264
0.0041352687,0.018364817
0.011276696,0.028188253
-0.00077640294,-0.08265692
0.0129024405,0.09000733
0.008572428,0.057294592
0.005963623,0.005634874
0.0019919542,0.027942728
0.00907498,-0.011778154
-0.004876867,-0.033619482
-0.0030328967,0.0376898
0.012288873,0.003568226
-0.005531806,-0.057280365
-0.008986793,0.027292121
-0.013952975,0.05288812
-0.0033640577,-0.051141657
-0.012947154,-0.06745515
0.0007179999,0.0047094473
-0.00442368,-0.08785178
-0.01135608,-0.008136409
0.009920249,0.008582567
-0.0048043565,-0.017864196
0.0043230546,0.017791076
-0.010106891,-0.035023745
0.003405721,0.018892426
0.011217287,0.050041247
0.011014792,0.07227545
-0.004401198,-0.005068128
0.008357624,0.0030549846
0.00027906464,-0.07497645
0.005179392,0.016970756
0.005126983,-0.06656882
-0.005917675,0.015293577
0.0033139922,0.02117746
-0.0005289974,0.06911674
-0.0074473075,-0.049479444
-0.014581835,-0.15217142
-0.029002268,-0.058053415
-0.01208352,-0.054519247
-0.0031739075,0.04654102
0.0026047602,0.027248716
0.004308811,-0.023240412
-0.012480954,-0.019260563
-0.00012276263,0.16054377
0.018478177,0.07028837
-0.0019267336,0.0138869295
0.018623967,0.022482326
0.002865736,-0.035219856
0.012546606,-0.0199536
0.0016659348,0.038653232
0.005253857,0.07388009
0.000117582735,0.015790632
0.005069929,-0.035555445
-0.015400908,-0.010816505
0.006078168,-0.034666065
-0.0030255173,0.0121199675
0.009856198,0.045696765
0.009814597,-0.07808498
0.0042704553,0.01021553
0.009737427,0.060446896
0.005214818,-0.021611452
0.0065344516,0.04268827
0.009411141,0.007970008
-0.013243046,-0.07805318
-0.0074265124,-0.008392494
-0.0030261974,-0.0022959288
0.00013342756,0.024528338
-0.0034617737,-0.032309808
-0.0019629363,0.024300233
-0.004945931,0.0041856715
-0.0067155836,-0.032167975
0.0023028234,0.007954179
-0.007496251,-0.01828369
-0.0025579382,0.0064171404
0.003033604,0.02618471
0.002900975,-0.018166179
-0.0036340044,0.12527524
0.0072794664,0.060822893
0.0019788188,-0.011378389
-0.00957466,-0.045754015
-0.024617467,0.071506195
0.012619994,0.0026572705
-0.017828092,-0.107400164
-0.0129748415,-0.073573805
-0.008410329,-0.0074334624
0.004933582,0.00055655447
-0.06707786,-0.3621544
0.015742475,0.12331248
-0.054543197,-0.32037628
-0.084475785,-0.5171397
-0.096540965,-0.5624772
-0.0071133967,-0.064124815
0.11191226,0.56611556
-0.095613495,-0.4648942
-0.091390744,-0.44293064
-0.048665714,-0.21817815
0.03829142,0.060918245
-0.036034722,-0.14514516
-0.025703017,-0.08479586
0.06610027,0.13141567
0.048306283,0.1062129
0.025665613,0.015222678
0.006178826,0.014748399
0.088286325,0.18022089
-0.01091242,-0.030171026
0.0048610615,0.0027953405
-0.026395649,-0.08113486
-0.051830687,-0.14362466
-0.011884334,-0.05263369
-0.03363969,-0.09519813
-0.032027025,-0.10925373
0.025641007,0.04396495
0.02485057,0.05323754
0.057498768,0.12347468
-0.056878068,-0.148005
-0.060535457,-0.15126537
-0.0025416703,0.00067854405
0.015614826,0.033121713
-0.07756302,-0.18972008
0.013435908,0.014888803
-0.0069236155,-0.023527259
-0.040536445,-0.10963615
0.035062745,0.077467166
-0.03220325,-0.09664702
-0.019846506,-0.062017236
-0.04155374,-0.13627282
-0.0064919824,-0.047760703
0.06760967,0.11979356
0.012235047,0.014932833
0.02844874,0.05403681
0.022657536,0.04739873
0.015547607,0.019847773
-0.021679934,-0.078265816
-0.060813904,-0.1527941
-0.0347156,-0.12038075
0.0105452575,0.026023192
0.06113974,0.14848916
-0.015391358,-0.044727854
0.006239528,0.0054502287
-0.015535725,-0.046861745
0.047417134,0.10365512
-0.0012545743,-0.0033750494
-0.0072347084,-0.0038846347
0.0063054175,0.03367969
0.0017885291,0.021955393
0.011449745,0.034684632
-0.036233388,-0.10342445
-0.0017615993,-0.0032058258
0.026600143,0.07633893
0.026451878,0.04160921
0.009770794,0.03424038
0.019165188,0.05166939
0.0057622856,0.0058482885
0.02750595,0.06174627
0.014251655,0.044047486
-0.033203773,-0.061188374
-0.02182238,-0.055714715
0.029040558,0.080342256
-0.007839443,-0.0415442
-0.017850747,-0.03589321
0.00834536,0.026483227
-0.0028732643,-0.0048296386
0.008800795,0.053397007
-0.0013306368,-0.018144432
0.003875762,0.017684542
-0.010107202,-0.044874538
-0.003667801,-0.036249615
-0.024354316,-0.07508611
0.03379439,0.09730274
-0.012184598,-0.024914062
0.0057699755,0.0021508841
-0.0006179989,0.032914575
-0.0011220938,-0.039230816
-0.0001507086,-0.020092305
0.011282833,0.034903094
-0.018667582,-0.072827175
0.0018978808,0.008007419
-0.011716504,-0.011892218
-0.001784845,-0.0027526754
0.0062511456,0.023344595
0.013692712,0.028997235
0.011878217,0.038290966
-0.03680711,-0.14270623
-0.00090819737,-0.010043125
0.035236552,0.07457524
0.0018448292,0.007412087
-0.013745524,-0.051645618
-0.0036708557,-0.016131124
-0.010834465,-0.056926847
0.010742924,0.0070897792
0.010824557,0.029981587
-0.0066497615,-0.032589797
-0.01573402,-0.048391216
0.00042357808,0.0026635125
0.029984986,0.07679045
-0.006586711,-0.024740325
-0.017208744,-0.030359931
-0.013807012,-0.042240195
0.0019628992,0.041131496
0.015060583,0.04076724
0.025993228,0.08088582
-0.009300577,-0.014643073
-0.030729653,-0.085979395
-0.010475896,-0.0472193
-0.005184779,-0.05228044
0.012298306,0.049607653
-0.0073382678,-0.0108934585
-0.0026250659,-0.006575062
-0.0026778746,-0.015657432
-0.0009776154,0.024484048
0.01632081,0.03421017
-0.0019775834,-0.0035736223
0.018051282,-0.0016495158
-0.007778633,-0.009434235
0.012255339,0.032631293
-0.00440353,0.007962654
-0.008171762,-0.020766512
0.012457118,0.024771038
0.018355094,0.030290017
-0.013578611,-0.027514763
-0.0001592862,0.0022205513
0.014112119,0.0450591
0.00057930296,0.006507295
0.00412319,0.025789792
0.0084938705,0.03387782
-0.002874325,0.029588493
-0.0056773704,-0.017273773
-0.0023270417,0.0080363
0.0006140659,0.0039486634
-0.029164284,-0.055470586
-0.001706545,-0.0023253646
0.023320928,0.0475704
0.008808509,0.014663439
0.000824095,-0.012914329
0.0060202326,0.0360708
-0.005752883,-0.0092592705
-0.0020263055,-0.01756716
0.0279612,0.06489302
0.006344556,0.014608675
0.0038723936,0.0039263153
-0.014977289,-0.034821864
0.007917128,0.027158063
0.021626193,0.055805232
-0.0044603087,0.008742293
0.018478578,0.07885979
0.009285142,0.018968947
0.013243698,0.007523361
-0.0164661,-0.054133963
-0.0072053717,-0.042512547
-0.0063091908,-0.015062727
0.019645723,0.05710152
-0.003748568,0.0015682635
-0.012584927,-0.02675442
0.009973327,0.006398913
-0.008454403,-0.03619407
-0.0073033357,-0.043262016
0.00043019,0.0015560989
-0.022860274,-0.061255477
-0.025576767,-0.047236647
-0.0008391008,-0.0030001586
-0.015771877,-0.03142625
-0.0014849117,0.032665946
0.0032919303,0.07566127
0.004584848,0.038355947
-0.0031118635,-0.009131265
0.0036713004,0.0032399187
0.009902488,0.0070464886
0.0005747466,0.0028714242
0.0038205646,-0.0022168367
0.005592918,0.009217662
-0.00063086057,-0.016881859
0.0035773763,0.03826491
-0.00587692,-0.02206749
0.005562421,0.022567408
0.010928173,-0.046075236
-0.013123879,0.0011360692
0.010629706,-0.03707944
-0.014347199,-0.04915396
0.003140645,0.013394848
-0.0073348754,0.009354291
0.022861466,0.082652695
0.015826307,0.06682843
0.0059538074,0.00011966862
-0.008659581,0.005859469
-0.015346063,-0.0271837
0.00097336055,-0.02457553
-0.006402481,-0.021446766
0.013379858,0.05774849
0.010495974,0.057461463
0.012783943,-0.042248268
0.0009110514,0.01698591
0.009208968,0.032933425
-0.0036765563,-0.0071892035
-0.007821787,-0.027632374
0.0009041012,0.011829998
0.00018968864,0.0103428
0.013964696,0.030304352
0.0034762863,0.0012777514
-0.006612246,-0.005283953
-0.0016491843,-0.008418918
0.005403938,0.020108864
-0.011486685,-0.034619477
-0.0026330093,-0.0054597603
-0.0020659135,-0.042774905
-0.005811069,-0.018843465
0.007566245,0.05419277
0.0110150995,0.031960748
-0.007962653,-0.00076078984
0.019422116,0.09015379
0.0050381185,0.016800879
-0.0053374465,-0.03189445
-0.003833075,-0.004291991
0.009166524,0.014151928
-8.871153e-06,-0.010785934
0.0066820187,0.021369029
-0.006027448,-0.0014617456
0.0024375147,0.018984767
-0.001603161,0.0061275605
0.011463149,0.027311128
0.009548442,0.016804246
0.0048712376,0.012579977
0.006532821,-0.0053115897
-0.008586731,-0.0051571904
-0.009431478,-0.00394547
0.0062317313,0.05029428
-0.003527686,0.036016643
0.015061401,0.062368535
-0.006952105,-0.0077832947
-0.007788457,-0.030229647
-0.028532002,-0.06147482
-0.0021525854,0.013284421
-0.015076676,0.003277975
0.00804361,0.02807067
0.0049499683,0.029784396
-0.0008496765,-0.008592802
0.0024032306,-0.0058442727
0.0052820784,0.013125858
0.021624923,0.0421336
0.009740504,0.03217805
-0.0016988285,-0.014197434
-0.00059632806,0.013028773
0.0048158234,-0.016930468
-0.0181683,-0.04052038
-0.022558164,-0.07268136
-0.003641942,-0.013092883
0.008657026,0.044193115
-0.0050556497,0.019350648
-0.0020431734,-0.02660204
-0.00043346593,0.013852764
0.01039681,0.03381386
0.008772644,0.032701705
0.0100833215,0.012207257
-0.0008230768,-0.03112115
0.0048478134,0.007651001
-0.0081118215,-0.013724741
0.00050599664,0.0012409976
0.0122118015,0.025268054
-0.0057293135,-0.00393229
0.012355773,0.034052294
-0.003754877,-0.008180208
0.013896037,0.031366855
-0.0041238545,-0.0010139011
0.0010098612,-0.0073615187
0.012564534,0.05045642
-0.0018452799,-0.0042391927
-0.005531917,-0.03245814
0.0076739844,0.003213666
0.0039911615,-0.01511101
-0.0067411843,0.021118863
-0.0018928864,-0.008146761
-0.015927559,-0.047707327
-0.0140827745,-0.04663414
-0.003097699,-0.014094554
-0.0019557728,-0.020665677
-0.006718291,0.010348146
0.020412859,0.055676598
-0.0034183841,-0.00947508
0.009217284,0.032536287
0.012066001,0.008703848
0.016656538,0.052095328
0.009989997,0.040286414
0.008514019,0.006347828
0.0018663558,-0.0031167867
0.0014136824,0.003130708
0.008962496,0.0038387207
-0.004813226,-0.020417867
0.0038184465,0.019454218
0.0012938834,0.009501078
-0.004218221,0.0016572464
0.0072171027,-0.013121733
0.0056947386,0.0073310016
-0.0135116065,-0.034930218
-0.0074030044,-0.033206683
-1.7649494e-05,-0.012673841
0.007528814,0.0051602554
0.006858106,0.042719994
0.002266273,0.0059175747
0.007119433,0.020297607
0.0062743383,0.023090495
-0.0050593177,-0.0070331767
0.0028065294,0.018535178
0.008612196,0.031916823
0.0074492483,0.004067676
0.010656754,0.025902921
0.0011306821,-0.010012796
0.0029717567,-0.011056326
0.0033275525,-0.0035052726
0.0010322719,0.009452185
0.002365382,0.010978438
-0.0031686346,-0.014684147
0.01711848,0.018954637
-0.001938381,0.013501493
0.0055505103,0.012179604
0.00037936808,0.041231256
-0.0033448087,-0.004560639
-0.0059034307,-0.006378006
-0.0102653485,-0.023159629
-0.01942124,-0.042535305
-0.005365182,-0.027698152
-0.0026289169,0.005640573
0.0041247373,0.014780439
-0.005252417,-0.005574345
0.0061518177,0.0015567257
-0.0030836381,-0.052505683
-0.006163217,-0.02994268
0.0005165164,0.012305601
0.012718307,0.037055235
0.0112603195,0.018121911
-0.0037294743,-0.023318069
0.0028008213,-0.039970215
-0.0031714474,-0.03852068
0.00086544774,-0.002652489
-0.00066429726,-0.0008390018
0.00052598375,0.017674942
0.009807019,0.03903609
-0.0013607333,0.005742478
0.009724338,0.013219758
-0.0021677131,-0.020078747
0.00798587,0.040203117
-0.009518789,-0.038613454
0.0016105964,0.010381088
0.008912021,0.02879435
-0.00046781305,-0.0049002683
0.011082472,0.03685486
-0.008277796,-0.040077306
-0.013720311,-0.058841247
-0.011438025,-0.030788083
-0.001479374,-0.0012160444
-0.019388046,-0.05855854
0.027573925,0.044709414
-0.00978745,-0.026246874
0.002980257,0.0037735188
0.011179568,0.008841574
-0.0036438806,-0.013029509
0.00064210733,-0.005987223
0.015314357,0.009214833
0.0003538946,-0.023151785
0.0028880527,0.010733329
-0.009893755,0.00025142092
-0.0029384769,-0.012557561
0.0008009188,-0.012478299
0.0040748054,0.0011351528
0.00053357263,-0.0029644095
-0.004520222,-0.01439343
-0.0016769955,-0.035751563
-0.008547726,-0.03480059
-0.0063215587,-0.03268687
-0.0006645297,-0.016733846
-0.0134031745,-0.034735985
0.00066348026,-0.0031791204
-0.010967261,-0.0341608
-0.011478321,-0.02503173
0.00012531434,-0.0059868717
2.563186e-05,-0.0053744316
0.0022555701,-0.0067117806
-0.008062234,-0.053040005
-0.0014286749,-0.006744393
0.0018842046,-0.002592161
0.0061204056,0.0071680318
0.0157322,0.034475174
0.008331582,0.027003277
0.002589815,0.0031493744
-0.012376666,-0.06620661
-0.016841589,-0.047794636
-0.012830318,-0.032448903
0.0033374173,-0.01863757
-0.0031116656,-0.0009283732
-0.0069239605,-0.020380132
-0.00075587304,-0.015286275
0.009611371,0.0056595015
-0.00050814403,-0.013811711
-0.002368127,0.025414031
0.0048921797,0.014934732
0.02019843,0.036200702
0.009537849,0.031643048
0.0029283406,-0.0020567344
0.024553739,0.07706584
0.0002210678,0.021480529
0.013262494,0.02212677
-0.00013763426,-0.0149963135
0.026573576,0.08893369
0.013573459,0.07011091
0.0034414898,0.002449042
0.0056639723,0.052313443
-0.007560701,-0.012529593
-0.001100599,-0.0056834593
-0.003426056,-0.011964587
-0.0065348055,-0.0056105503
0.014164553,0.05831335
0.0025967709,0.041141577
-0.009809021,-0.01743807
0.007955742,0.024374261
-0.014430571,-0.04353282
-0.0077674417,0.0011740612
-0.007874707,-0.03275495
0.003885731,0.042246275
0.0091205835,-0.037524946
-0.00082853605,0.010341084
0.017910829,0.07158947
0.01062382,0.01048491
-0.008421376,-0.007816294
0.0105276,0.06234881
0.006442854,0.012258161
-0.006640678,-0.02761888
-0.010418587,-0.049428985
-0.010490502,-0.018455245
-0.01224818,-0.038546544
7.160788e-05,0.033062387
0.014892101,0.03974357
-0.019778235,-0.0008602868
0.0023632646,0.012070009
-0.0064808866,-0.0032661024
0.0012568261,0.005402591
-0.0016254387,-0.007966557
0.00811453,0.02607757
-0.0054480033,-0.014578396
-0.0037756641,-0.018516082
0.0031296143,-0.0038094013
0.0007427193,-0.02512629
0.007276523,0.015731143
0.016235441,0.020961517
0.009744806,0.036792036
-0.002442678,0.02015197
-0.017661992,-0.028350944
-0.014245827,-0.048671898
-0.016917266,-0.01510695
-0.0013130301,-0.011480349
-0.021321928,-0.05776942
0.0024993282,-0.015627634
-0.0030828856,-0.005045823
0.0062763197,0.006704201
-0.004934756,-0.027846
-0.0125904875,-0.044181637
-0.0045553036,-0.016911991
-0.0029999798,-0.028315652
0.0021664263,-0.0010852558
-0.01233002,-0.049892746
-0.012953265,-0.035972163
0.0032425402,-0.0024726114
0.0019461253,0.0034071906
0.0072490056,0.027859174
0.008052584,0.00901784
0.00019172649,0.0013356705
0.011532389,0.01082768
0.008412307,0.002902494
0.0053774323,0.012156082
0.0017264213,2.0416071e-05
0.014420876,0.06899012
-0.0042674122,-0.009140704
-0.012288963,-0.038055107
-0.005012747,-0.032515563
-0.011907626,-0.029748099
-0.010581601,-0.039686278
-0.024097135,-0.057353314
0.009578949,0.004857685
0.00242957,0.0076615554
0.0026407526,0.03869955
0.0040285513,0.021658413
-0.0153034385,-0.05767884
0.0011478357,-0.002867798
-0.0012481267,-0.025035933
-0.0019102409,-0.021422002
0.0128859375,0.009195731
0.011423257,0.034098025
0.005464712,0.0066044927
0.0027451913,0.11398434
0.0015296079,0.02237545
-0.005733049,-0.015523406
0.00438386,0.002634761
-0.00021260802,0.013366368
-0.0005123387,-0.03404856
0.007635688,0.03955457
-0.0016493406,-0.018712478
-0.010759152,-0.012888127
0.0059219906,0.02798475
0.0025945676,-0.004979322
-0.015329488,0.00095987035
-0.012284673,5.6726716e-05
-0.007195973,-0.022215772
-0.00018322619,-0.033626914
0.005199058,0.011238836
-0.014165945,-0.060479004
0.0018132427,0.010208364
0.004066165,0.00085750275
0.006384015,0.03954853
-0.0042704744,-0.0009942045
-0.010312426,-0.01289611
-0.0035937154,-0.003280066
-0.0019314738,-0.035123322
-0.002184396,0.007518445
0.0056630247,0.013699736
0.005709345,0.034828894
0.0018433011,0.012703794
0.0015933389,0.0027669105
-0.0043517053,-0.018212993
0.006128188,0.022176722
0.012691461,0.036468226
-0.00040407944,-0.011504857
-0.014633401,-0.03060889
-0.020647697,-0.05584435
-0.018849874,-0.04908077
-0.009026278,-0.08534991
-0.009628599,-0.03553043
-0.012682589,-0.021907147
0.002546376,-0.010233061
-0.005341598,-0.016070811
0.0020380085,0.015861541
0.00962759,0.03697805
0.0019266179,-0.016661504
0.009435974,0.05970426
0.0060563856,0.0072509926
0.0016023779,-0.009187835
0.02625673,0.055455476
0.018335335,0.06031371
-0.009728245,-0.021111786
-0.016668735,-0.03095974
-0.010618379,-0.0380512
0.0071650804,0.017514223
-0.0021493183,-0.015395387
-0.0037678336,-0.0153151825
0.017337296,0.041179124
0.008384718,0.009648732
0.0006115447,-0.011825847
0.0025586342,0.012229204
0.0069052717,-0.004496194
0.0052159023,0.015327145
0.0075967163,0.031591963
0.007021894,0.017248765
0.007231836,0.029018946
0.0027405717,0.034966916
0.004040622,0.040897816
0.016338132,0.07080888
0.0075600464,0.056667395
0.0049834643,0.007236597
0.0113208555,0.017546315
0.0066865087,-0.022428432
-0.0093572885,0.019197602
0.008420832,0.020627424
-0.009670291,-0.017628968
-0.0012741165,-0.03992006
-0.00756355,0.001887424
-0.0006710385,-0.007568889
0.011987519,0.041103177
0.011852868,0.02324869
0.0029079383,0.020702597
0.009738273,0.031195162
-0.0010509372,-0.012417435
0.009967696,0.0286048
0.0031522652,0.01717627
-0.0019584137,0.00435943
0.0004099327,0.0073870053
0.007704453,0.031076072
-0.010931611,-0.021581585
0.008590663,0.013701237
-0.0058768885,-0.008597393
-0.01421398,-0.03827399
-0.02063416,-0.054182652
0.0031773103,-0.020305064
-0.0077979444,-0.015002256
0.0052666664,0.01637582
-0.0007631825,0.008816646
-0.0013602125,-0.0030629141
0.009688146,0.033914402
0.018481962,0.042567056
0.004320729,-0.017335739
0.0040362636,0.010032561
0.0073202797,0.004533093
-0.0011239399,0.012189143
0.006677417,0.009965316
-0.006142861,-0.015207559
0.0010603205,-0.011934427
0.0018045836,0.009380687
0.0059774183,0.005331827
0.0105508715,0.03920642
-0.0060432134,-0.0214307
0.0001308673,-0.0074038473
0.0030897742,0.00096321845
0.008576362,0.02210365
0.0065994514,0.0019458907
-0.005296918,-0.006367638
0.013528058,0.051446266
0.0014568372,0.021941721
0.02071144,0.08183778
0.00021368866,0.009106004
0.00022939022,-0.0052470453
0.005812756,0.0034597844
0.007389794,0.0422811
0.004141192,0.0038918066
0.0031677685,-0.03289667
-0.003931275,0.004949638
0.0088596605,0.04653469
-0.0035922015,-0.050773058
-0.016360588,-0.03748099
-0.021787567,-0.04877899
-0.006172976,-0.01871563
0.005905229,0.025185212
0.0066639073,0.025384156
0.003941965,0.027636165
-0.0030518295,-0.013456072
-0.008502434,-0.037739363
-0.012877081,-0.058018096
-0.0004941474,0.0007325472
-0.0074021677,-0.07979172
-0.018253073,-0.053399015
-9.4756484e-05,0.04409632
0.023064727,0.047499523
0.002152321,-0.029613229
0.01191332,0.026394958
0.013314401,0.03542776
0.00516859,0.034949563
0.010685253,0.029880987
-0.00011092593,-0.03845055
0.010694763,0.0075109936
0.015687626,0.05523832
0.0012963486,0.0058642644
0.0074855443,0.026221028
0.0035358726,0.008386268
0.0074047074,0.020651571
0.00059133314,-0.0072814766
0.0063171163,0.007352813
-0.0043381853,-0.007124953
0.010228137,-0.0034573001
-0.018166516,-0.016291223
-0.00277639,0.034260765
0.0021355676,0.008979106
-0.0038885558,0.00091237476
0.0072823274,0.019873785
0.00944864,0.03444261
-0.004385165,-0.018497424
-0.0037589248,-0.015542596
0.0055989404,0.022830069
0.014825311,0.030836277
-0.0002889985,-0.00033910543
0.0042545153,0.005234184
0.0073476704,0.036729034
-0.011093744,0.017629508
-0.0054942677,-0.035355683
0.0043050735,0.018114392
0.0079133315,0.024985997
0.00354602,0.004444943
-0.0018388275,0.012363708
-0.0023431773,0.029280085
0.0034050427,0.0028208185
-0.0015366258,0.019430855
-0.007960437,-0.016806182
-0.00879504,-0.010125595
-0.0036927215,-0.0071786325
-0.0002737043,0.004065678
0.0034582363,0.013743055
-0.002351785,-0.027142292
0.00061024365,-0.036871452
0.006835305,0.047313124
0.00915302,-0.00372352
-0.0017688085,-0.01777064
-0.0034383778,-0.0048168395
0.0031886026,0.042774715
0.014660706,0.009821346
-0.0023037593,-0.00548672
3.9110542e-05,-0.038134538
0.0027276126,-0.0008251905
-0.0030336303,-0.0025650933
0.0115208905,0.029479304
-0.0074177156,-0.013760789
0.0056633875,0.01996196
-0.0007289778,-0.01075891
0.009506598,0.040320557
0.0017363131,0.0072191483
-0.013866378,-0.045821156
-0.017996086,-0.025463661
-0.0012885015,0.01818
-0.0017740361,0.0025299515
-0.012923127,-0.029743314
-0.006867773,-0.011542566
0.013783972,0.06477077
0.00097108854,-0.007963289
-0.0008008708,-0.0057331407
0.0012409829,-0.02855007
0.012355596,0.07672319
0.005764627,-0.00671141
0.007255816,0.032793596
-0.00532678,-0.026849048
0.005274356,-0.017002562
0.0025329497,0.013689129
0.008679597,0.050753243
0.008450327,0.024327226
-0.0014545498,0.02330912
-0.0070001236,0.021254303
-0.0013323643,0.009558077
0.0027244412,-0.0067762276
-0.00019953656,-0.0021242702
0.011264156,0.026338285
-9.428186e-07,-0.043174405
-0.01271715,0.015029353
0.0075828517,0.01882042
-0.008170756,-0.04832563
-0.00034104404,0.01856743
-0.00570754,-0.036678907
0.0017042155,-0.0032055727
0.006722685,0.0029661274
0.0105129555,0.040670004
0.010431124,0.041059617
0.009557535,-0.002027885
0.0073835943,0.03638699
0.011598321,0.032045264
0.0052822465,0.016414206
-0.00023256708,-0.0007368016
-0.024304636,-0.04430635
-0.018879728,-0.025730295
-0.0041224035,-0.022721412
-0.001803804,-0.021262465
-0.004375224,-0.00020837964
-0.0027734898,-0.072292015
-0.016123017,-0.006279076
0.0055547915,0.01309966
-0.011571524,-0.0063722953
-0.00319872,-0.016778512
0.0051567685,-0.00039826543
0.0024932376,-0.00023504854
0.0067470474,0.018862346
0.006772453,0.051498383
0.0057382784,0.013068073
-0.012173118,-0.112830386
-0.011550854,-0.07721667
-0.012220142,-0.061958417
0.000110582565,-0.010535684
0.00022312993,-0.047130175
-0.012985988,-0.027968427
-0.0044445517,0.0019848896
0.021440374,0.054969724
-0.00010832539,-0.028138086
0.0011980757,0.021169228
0.0160322,0.053102218
0.0031491886,0.023342533
0.008080103,-0.021992167
0.0013932309,-0.022597043
0.0022408285,-0.007844946
0.0024448056,0.0037404755
0.0021438627,-4.9083643e-05
-0.005437845,0.04343474
0.02249182,0.032848075
-0.004576037,-0.02668957
-0.0063509205,-0.0028749995
0.003345126,0.00020894234
-0.0032455202,-0.018740265
0.0004455333,0.029638935
-0.0051162536,-0.023400718
-0.003984401,-0.0057179458
-0.0035245572,0.0030081593
0.0009864013,-0.020781115
0.009843789,0.030486913
0.0005904905,0.036762774
0.007641442,-0.0056797923
0.0069399937,0.0264364
0.009484697,0.03041331
-0.0005272506,-0.02325909
-0.003990857,-0.023458768
-0.005036117,-0.003437972
0.0071,0.034498855
-0.0061817043,0.0015284639
-0.007399573,-0.022669567
-0.0032103471,-0.011601211
0.0015027398,0.025962967
0.002242879,0.028634794
0.011387371,0.016111178
0.009031528,0.03887413
0.0070694312,0.028252967
-0.0011859951,0.0027943398
-0.008939399,6.9868234e-05
-0.0004982697,0.00954416
0.0042412276,0.011703847
-0.00039028283,-0.0037042052
0.0030306345,-0.00023182746
0.013580132,0.03387834
0.00091133756,-0.0072728833
-0.0011142439,-0.02912843
-0.005400227,0.0016372567
0.008716503,0.010866376
-0.002880353,-0.02723727
0.0034796994,-0.00030920212
0.002269588,0.018246949
-0.0019032741,0.017016983
-0.006167682,-0.008721023
-0.0034546906,-0.0012575164
-0.009528632,-0.02592388
-0.0034206063,-0.06334572
-0.004970767,-0.016955368
-0.006031946,-0.025495438
0.00024771795,0.020343337
0.0030657037,0.029302143
0.004913182,0.0030381929
0.009921549,-0.024307588
0.0003778557,-0.03705175
0.009190647,0.0653055
-0.0015243692,-0.0051980237
0.0016016322,0.046697
0.0021712782,0.026710786
0.011642755,0.031092897
0.012858712,0.01570269
-0.0041512745,0.012976108
0.0060604666,0.030059388
-0.011651848,-0.0053647324
-0.012017097,-0.12137743
-0.011537224,-0.08060001
-0.009152211,-0.09615929
-0.01523224,-0.0663851
0.008850937,0.026370984
0.0093901055,0.0011767547
0.0027881663,0.0036103092
0.0048286123,0.012331483
-0.0032503577,0.03524052
0.0026121973,-0.015279741
0.0010548962,-0.009424339
0.015996788,0.052830525
-0.0029047332,-0.010916387
-0.0019007602,-0.0128711965
-0.012105536,-0.04507182
-0.012009855,-0.010029619
-0.0017788515,-0.01325623
-0.0048857774,0.012294328
0.0033695314,-0.014609628
-0.0032970207,0.0037502053
0.00020613242,0.0026621951
0.0035057398,0.01199139
0.008215466,0.0142077245
0.0017444968,0.011263259
0.0019885092,0.012462203
0.0056846524,0.021999946
0.0008669762,-0.0069727176
0.0041176,0.003922158
-0.0052847033,0.00022200786
0.020397153,0.052048843
-0.021955624,-0.057875607
-0.019962054,-0.037297487
-0.0009792936,0.015530892
0.0008545887,0.016405273
0.0017466064,0.008994671
0.0067349356,-0.00012256167
-0.015468498,-0.04195315
0.0080401525,0.03602251
0.005854279,0.020742688
0.0035216508,0.01943792
-0.011595182,-0.04151415
0.01137553,0.014029679
-0.006467563,-0.04641318
0.008089824,0.032290224
0.018223485,0.07352955
0.016584001,0.012143937
0.003529011,-0.01770954
0.009810956,0.013672535
-0.0020210838,-0.0077339285
0.0030075246,0.014054687
0.0022661942,0.012096548
-5.2140793e-05,0.020454558
0.00038780415,0.011005893
-0.0027554622,0.013071171
0.0093456805,0.039547995
0.0007642256,-0.027285887
-0.006094199,0.003900304
0.0010091511,-0.006696321
-0.0042917617,0.001687749
-0.006617108,-0.022046726
0.004467036,0.0225395
-0.0053045196,-0.03707206
-0.009152921,0.02315689
-0.008066876,-0.023434982
0.0030247297,0.020713365
0.005646486,-0.032549657
0.0022960452,0.08431784
0.0132011995,0.02032945
0.0070441435,0.004665627
0.004077982,0.018642886
0.00064857374,0.04924609
0.0070242663,0.07934109
0.0041600727,-0.029743807
0.005826291,-0.040540513
0.0011813964,-0.032160595
-0.0020606667,0.018306926
-0.007757333,-0.019871064
-0.012060413,0.005658464
-0.0061544627,0.0022807901
-0.003283076,-0.046466533
-0.009925162,-0.007678008
-0.004691693,0.003089584
-0.010210658,-0.03712087
0.007925374,0.039122913
0.008206325,0.03189382
0.007154379,0.009695726
-0.0019303318,0.0030647726
-0.007809316,-0.031405505
-0.00255886,0.028811272
-0.0004868589,-0.010990526
-0.0013310323,0.002204756
0.007987801,-0.008368023
0.0016495099,-0.02323266
0.005286829,-0.020604493
0.0027232135,-0.005262689
0.0009578917,-0.0010861285
0.018480476,0.061694097
-0.004004446,-0.030725611
-0.0034757901,0.022926219
0.0036572234,0.010008652
0.009096333,-0.009058026
0.002006209,0.023686
0.006396268,0.17821737
0.0043205917,-0.03957305
-0.020774223,-0.013893065
-0.0044641388,0.00011984745
-0.015018739,-0.064682856
0.0030996255,0.09701783
0.011366546,0.017425606
-0.0016775986,0.055972543
0.015831102,0.07788532
0.009659341,0.036095034
0.0024808822,0.020072037
0.023260798,0.06465802
-0.0067541176,-0.03322205
-0.01211021,-0.0011156655
-0.0057744673,-0.041372523
-0.0053956644,0.032549623
0.0012823661,-0.021506729
-0.00015191943,0.009291996
-0.0009429635,0.017655281
-0.0035004467,-0.03360852
0.003272831,-0.0460392
-0.0055000093,0.019728098
0.0068936464,0.010194971
0.0010220746,0.009330196
-0.013471638,-0.0034967575
-0.011006885,-0.019264465
-0.0039532096,-0.0549541
-0.014047455,-0.0376726
0.00707988,0.021980304
0.008942329,0.022582917
-0.012012944,0.00022148105
-0.0020322928,-0.012204584
0.008008061,0.014617807
0.0023875134,-0.0078038545
0.011464569,0.014988001
0.004525207,0.015304667
0.012511428,0.010688827
0.01941001,0.05441801
-0.0069641285,-0.006172448
-0.011036637,-0.043950528
-0.011286516,-0.0025563468
0.004250814,0.016541086
-0.0003077658,0.025980322
0.001479622,0.0010170001
0.0025804879,-0.015801936
0.0021085762,0.0015477947
0.0012413862,0.013700747
-0.00765318,0.033187862
-0.008140861,-0.012793759
-0.007685889,-0.028657949
-0.005555473,-0.024001177
-0.0057427273,0.019326461
0.014557594,0.0202757
-0.0025879135,-0.011937774
0.00081026286,0.0026080857
0.008649815,0.019093782
-0.01280071,-0.007349292
-0.00671699,0.007863747
0.0023488968,0.04002572
0.009899985,0.003022143
0.010826961,0.033438582
-0.0043215803,0.001517074
0.0035500606,0.013302229
0.008481468,0.026250655
0.0009832876,-0.012578817
-0.01588429,-0.017372157
-0.007419983,0.018343609
-0.0031689806,-0.0059094154
-0.011200102,-0.011756295
-0.0005547772,0.016356403
-0.0023600594,0.012018063
-0.0011230134,-0.13904607
-0.009423318,0.0075855358
0.01420896,-0.16840352
-0.012091498,-0.08444061
0.00603322,-0.041964237
-0.011457985,-0.08186953
0.0041828887,0.0069438647
0.012700867,-0.118957214
-0.012237791,-0.0035856792
0.013619255,0.066091605
-0.008213272,-0.02600702
-0.009150859,0.00040278968
-0.0017743905,0.02086804
0.0011403952,-0.06332196
-0.009314498,0.019168563
0.0072952737,-0.07213266
0.0076136654,0.03177167
0.01430946,0.03694278
0.009372361,0.031226518
0.0064992826,0.05381967
0.009150811,0.039989572
0.011101948,0.01725568
0.0028511526,-0.021981752
-0.019014178,-0.07320941
-0.007948484,0.042362496
0.0027618892,0.0016452807
-0.018597875,-0.026606347
-0.011881493,0.04152569
-0.002757839,0.014822725
0.004432831,0.054400634
0.006243149,0.0124917235
-0.00087676477,0.0405642
0.019957125,0.052358873
0.009805251,0.04033084
-0.0030258086,-0.062003355
-0.007673983,-0.043126304
-0.0029957003,-0.020294625
0.0039264993,0.03852627
0.00671025,-0.014248616
0.0018952375,-0.046224583
0.0008079219,0.06126262
0.01094969,0.10317891
-0.0013973991,0.079937615
-0.0005581958,-0.047795385
0.006030234,-0.045582283
0.0057134526,0.042557634
-0.0066941837,0.011036829
0.012455738,0.039400697
0.0047026738,-0.00051504327
0.0065596458,0.01941588
0.003661298,0.0007034035
0.004478542,0.018985488
0.0026619176,0.0073789055
0.0021512127,0.039820384
-0.0012926916,-0.03842756
0.0036745677,0.043323707
0.0026162975,0.055731773
-0.008922582,-0.008957194
-0.002234392,0.039013136
-0.0013994201,-0.00610286
0.0037130984,0.024998875
-0.0005260599,0.050169554
0.0034864037,0.004807467
-0.0029282132,-0.005478019
-0.0051662894,0.0020391177
0.0093879,0.015725337
-0.00938212,-0.0016266012
0.0016535129,0.019044776
-0.00323502,0.016149784
-0.0017163446,0.036512606
-0.008593158,-0.009189344
-0.0016199106,-0.003531619
-0.0140441395,-0.049026616
0.009344035,0.02388383
-0.014445152,-0.035544794
-0.0042354073,-0.011483933
-0.008211869,-0.010476315
-0.0067533823,-0.063676246
-0.007893821,0.02306154
0.0042398777,-0.0056429505
0.0059782877,0.0067763524
0.020690165,0.055907253
0.0112192305,0.021436764
0.00052934384,0.009334088
0.000881064,-0.013086839
0.009972492,0.00097141205
-0.002500534,-0.0044886963
-0.005017951,-0.024776794
0.0031637498,-0.002934828
-0.0017640546,-0.010307216
0.0015493054,0.026772026
0.0022651758,0.008796426
0.0031780172,-0.0035214412
-0.010354442,-0.020043112
-0.031258203,-0.061403614
-0.01547397,-0.013181842
-0.0061284285,-0.050495148
-0.0016660173,-0.027959598
-0.0041080667,0.0025426236
0.0033522143,0.03909635
0.01112224,0.015586673
0.0049014697,0.03332013
0.010954366,0.0026316952
0.015481445,-0.03961877
-0.0023348082,-0.045464095
0.011989093,0.03328914
-0.0063812025,0.0013495539
0.010926653,0.007872639
-0.0015758655,-0.01651801
-0.0026948415,-0.027412126
-0.00101342,0.035821494
-0.0053456915,-0.017556086
-0.004949856,-0.019589532
-3.5576813e-05,0.029071111
0.0061807353,0.022986947
-0.008811933,-0.053319793
-0.0043612197,-0.023857787
0.006044186,0.05332793
-0.005448914,-0.0025964337
0.010776424,0.0098330565
-0.0033180006,0.0154866455
-0.007852144,-0.02277399
-0.006737043,-0.028316118
-0.008932317,-0.04577279
-0.021055115,-0.052780554
0.0014415947,0.033928975
0.0126358615,-0.011310911
-0.012286343,-0.048353087
-0.01709348,-0.044324744
0.008586949,-0.02978164
-0.003761797,0.004017469
0.0046273693,-0.019335182
-0.0066826837,0.027013512
0.004283268,0.035863835
-0.005614388,-0.041279174
0.0017407702,-0.004524971
0.008642256,0.027180946
0.021056607,0.086091585
-0.0019883714,-0.041645564
0.0033121724,-0.15996474
-0.009906448,0.027250987
0.017858043,0.022729749
0.007973716,0.028853662
0.013351168,0.056523357
-0.004931945,-0.029166136
-0.0025334733,0.039381098
-0.0011938905,-0.0031314422
-0.0101479255,-0.0691319
-0.0082003325,0.020199293
0.011310101,0.036026955
0.007550582,-0.008438877
-0.012124778,-0.066050746
-0.01609496,-0.03435757
-0.008239454,-0.04653768
-0.017786179,-0.020528313
-0.0027562939,0.026136784
0.005190045,-0.0075221476
0.0020462144,0.063402936
0.010613403,0.03723361
0.0120299645,0.0722576
0.008327986,-0.021652116
0.0033163761,0.007140257
0.00867001,0.07300002
-0.010269409,-0.033304445
-0.0009630229,0.0030046753
0.0012506787,0.0015770176
0.0051232916,-0.007760407
-0.0042009293,-0.048805535
0.000517486,-0.0025259359
0.0038010606,0.028153952
0.001341272,-0.029135406
-0.0022441684,0.071043156
0.0021801104,-0.004661091
-0.0035398966,-0.01397992
-0.01087971,-0.060085244
-0.007159085,0.11110816
0.004287977,0.03131092
-0.00811306,-0.018170252
-0.015750282,-0.017675824
-0.012902914,-0.008422033
-0.0017970562,0.008907835
0.000106115825,-0.04320224
0.008767391,0.022156157
-0.0008697369,0.009189293
0.008357872,-0.014054227
-0.008307382,-0.031151796
0.0030163573,-0.003247501
-0.0035464498,-0.028921038
0.0032829263,0.037579287
0.024031315,0.07045537
0.0068990933,-0.0038850228
-0.0026118723,-0.0118061565
0.011924307,0.08945189
0.0046873135,0.023101883
0.0036553422,0.016683184
0.0004389236,-0.0035441641
-0.0077439463,-0.032756984
-0.0027769315,0.012179672
0.006428381,0.083779946
0.0019377957,0.03594004
0.0077199596,0.0042673517
0.0023941176,0.030955855
0.004763306,0.022985375
0.000109496876,0.030449556
-0.0013642021,0.016426286
-0.0036289769,-0.0060684686
0.0118513,0.026765553
-0.0038646238,0.0034663798
-0.0023852468,0.038316403
0.0014320001,0.014419434
-0.0073051844,-0.09291279
-0.01772239,-0.02446392
0.009307496,0.017451804
0.012583277,0.03333326
-0.0042736414,-0.026962329
-0.011815113,-0.047182523
0.009596888,0.023366824
0.0024261386,-0.010105965
0.0044722566,-0.03211563
0.0059404257,0.098248444
0.01222735,0.066079326
0.010313241,-0.046721734
-0.0033318922,-0.002124443
0.008739164,0.03938317
-0.0039069187,-0.05211631
-0.009245763,0.018599289
0.0068624974,-0.0018918059
0.0066791214,0.0381203
0.0020958595,0.005459712
-0.0069217784,-0.009009553
-0.0072491253,-0.016285745
-0.008355262,-0.0707446
-0.015545506,-0.0845863
-0.013175489,-0.012195715
-0.0012424843,-0.033872593
-0.013297261,-0.053705692
0.0018041723,0.0011972073
2.5304966e-05,0.0037797375
-0.01183722,-0.004425053
0.0039565656,0.013862774
0.010232387,-0.0013051449
-0.0101898825,0.01596322
0.026028648,0.11209861
0.0074028005,0.032990634
0.013863035,0.04054493
0.007015203,0.016320316
0.00748695,0.011754548
0.0072676046,0.035113104
0.0072894525,0.015721792
0.004592092,0.014795003
-0.005844407,-0.01303076
0.00036278268,-0.058061365
-0.0071676057,0.002466855
0.004876631,0.02887401
-0.012218617,-0.00981899
-0.010537004,-0.01290147
0.0043683243,-0.0028849684
0.00044765312,-0.004566797
0.015219209,0.05885714
0.0040923175,0.03782177
0.02263543,0.06766694
0.008487362,0.011031364
-0.009268513,-0.008329203
0.015734147,0.036036193
0.0034170435,-0.07700088
-0.0043899277,-0.02151059
0.004928661,0.029171519
0.014489467,0.040873103
0.0056111207,-0.0059944843
0.00047539236,0.043417644
0.009783644,0.015936673
-0.0070574298,-0.05950862
-0.00030110322,0.00797048
0.01391485,0.0032155078
-0.018681929,-0.035639916
-0.026418382,-0.020043598
0.007145043,0.013774437
-0.0045888303,-0.09577602
-0.016676191,-0.008073173
-0.008218029,-0.08040066
0.0066064824,0.03308038
0.006270892,0.00052023295
-0.001788092,0.024931243
0.012156073,0.0061234515
0.0030391612,0.05425902
0.0034801522,-0.0035651391
-0.0053389086,-0.06265755
-0.0021269477,-0.003653216
0.015384005,0.08745328
0.012300943,-0.19933127
-0.0063307295,0.006605821
0.0057960814,0.057186373
0.0016940587,0.03776704
0.0028101187,-0.094028786
-0.005686932,0.097899534
0.008067159,0.049430635
-0.0027857549,0.014340455
0.006181979,0.10338854
0.0069342563,0.016246779
0.0027369321,0.025530094
0.00071671885,0.035666794
0.0040836288,0.017837945
0.0069669914,0.010037748
0.007248396,0.019872334
0.00491332,-0.03201283
0.004971626,0.1045961
0.005900429,-0.048762918
-0.0065437527,-0.0471683
0.0055277944,0.037689473
0.007888621,0.025982806
0.003669251,0.036589216
0.00090506487,0.03804546
-0.0040074573,-0.019936385
0.008212816,0.04648518
0.0030210956,0.021892939
0.0060771736,0.021980168
0.0018575947,-0.08794415
0.00883963,-0.003096554
-0.010928066,-0.14053026
-0.02899623,-0.051873825
0.0071289893,0.0050231013
-0.004928233,-0.03318785
-0.017413106,0.0020488233
-0.0069522974,0.041340515
0.021321518,0.041509226
-0.018978963,-0.056458484
-8.3532184e-05,-0.012114339
0.011786722,-0.008999902
-0.00875441,0.020769455
0.008531306,0.03912766
0.0041975807,-0.0034952282
0.009924643,0.003688107
0.0013648097,-0.009066303
-0.001310295,-0.03788695
-0.002697668,-0.006468251
0.00031125394,0.06507481
0.004789382,-0.011787871
0.0008444084,0.00096465636
0.0070703113,0.050167333
-0.0010109718,-0.03940888
0.0012912273,-0.0038093936
-0.0027350327,-0.03479513
-0.0073866434,-0.060646478
0.0040587564,0.01376331
-0.010772943,-0.07163726
-0.00891595,0.040100228
0.0076999674,-0.0038288394
-0.00862376,0.05458774
0.016305283,-0.026472546
0.004792383,-0.01002342
0.017824544,0.020857409
0.0031509204,-0.0004296236
-0.012429029,-0.028824532
-0.008397484,0.046193935
-4.3281267e-05,0.02262867
0.004746666,-0.012257487
-0.007686068,0.06612042
0.012390651,0.0291467
-0.0032730498,-0.028641133
-0.0022335919,0.013212234
0.0060386686,0.06742701
0.0026282805,0.03625834
0.0028805896,0.031202583
-0.0060241106,0.01552804
-0.011251256,-0.041818727
-0.006736449,-0.0125950165
0.0042468267,0.030126164
0.015608748,0.06536283
0.010457811,0.0195183
-0.0043752585,0.008652999
-0.0104791885,-0.069592126
-0.023152446,-0.032416087
0.00071133533,0.028475692
0.008109692,0.016835067
-0.0045039076,0.0041256677
-0.01215412,-0.008833856
-0.0062068515,-0.01184967
-0.0026081803,0.003338671
0.0061830366,0.030176334
-0.008313639,-0.01562481
-0.008344159,-0.02680209
-0.001524268,-0.0135839805
-0.012101611,-0.001994845
-0.00096376124,0.017114423
-0.018354598,-0.03560462
-0.0036139728,-0.01637282
-0.0033214036,-0.026839873
-0.0096206525,-0.027659923
0.0113698505,0.01888251
-0.0032026086,-0.017836481
0.007478955,0.0227638
0.0005575139,0.02554012
0.0102916,-0.013269378
0.011251021,0.027226124
-0.006031316,-0.06046734
-0.0075143864,-0.009924074
0.0017702867,-0.009964728
-0.0027173427,-0.024223575
-0.002182787,0.015551363
0.019419635,0.083054036
0.0034963095,-0.04917302
0.0034358327,-0.02278869
0.0028809733,0.0008940741
-0.008608172,-0.058278657
0.0055153645,0.0024979217
-0.0016139087,-0.037577298
0.0058458615,0.016999202
0.0005165833,0.051225547
0.015997183,0.029080387
-0.0026513007,-0.008263972
0.0014407807,0.013094973
0.008982567,0.022245202
0.008028999,0.061628897
0.0011402762,-0.044468045
-0.004471832,-0.011165552
-0.0072804606,-0.06943963
-0.0009886078,0.01516209
0.013166469,-0.00028748793
-0.002210896,-0.024096642
-0.01089346,-0.029820658
-0.0146707585,-0.09516592
-0.006239882,0.051970996
-0.0044558067,-0.034615856
-0.004666049,-0.013851375
-0.0002840031,-0.05958317
-0.011460558,-0.009917898
0.0018856116,0.031294174
0.01164195,0.054627202
0.004077376,0.06334699
0.008269941,0.0037797994
-0.0013599431,0.0042046574
0.006205539,-0.022859616
0.00091055396,0.024009675
-0.006226085,0.013107583
0.0031364502,-0.008442152
-0.006093361,-0.011951359
0.0026303711,-0.0023738618
-0.0026093367,0.019335933
0.00014224683,-0.007531616
0.00068139005,0.06036642
0.013428258,0.001274157
-0.0041813287,0.04054539
0.011279798,-0.004697307
0.0027393175,0.009518839
-0.0046386095,0.090174325
0.00048035616,0.028826524
-0.0033541885,-0.08042765
-0.0115947435,-0.012129908
-0.016360229,0.011945591
-0.0142321475,-0.053542905
-0.0018516126,-0.032569576
0.011714496,0.029424148
0.004475944,0.027120618
0.019536087,0.0348828
-0.005759738,-0.027523758
-0.0093102055,-0.024064463
-0.0020603647,-0.009819785
0.0039176177,0.04250882
0.018839465,0.07871123
-0.0046779215,0.009781252
0.012367241,0.094030194
-0.0027493201,0.0063748616
0.000483986,-0.0050415015
-0.005832282,0.0121182045
-0.00031280343,-0.03801493
-0.011228207,0.0057695573
-0.011461634,-0.07456906
-0.018590583,-0.07247878
-0.014742303,-0.07567348
-0.015007821,-0.06376678
0.00463165,0.0002679232
0.0032617748,0.0062795556
0.0019995384,0.03360568
0.0018721868,0.023802184
-0.0044933213,0.01041121
0.0063414127,0.041031342
0.003867086,0.0015114382
0.016947338,0.007746456
0.00054800475,-0.028523171
-0.014030535,-0.03032717
-0.01238402,-0.016151804
-0.00049336534,0.0065611275
0.0061593866,-0.024245678
-0.00897339,-0.042335376
0.0077236295,0.08814256
0.0015881476,0.018361311
-0.00023073505,-0.03903568
0.00030414946,0.068828404
0.008957703,0.055429894
-0.0015958969,-0.0023527925
-0.003994831,0.02223146
0.0066755638,0.037500203
-0.00045854488,0.13527264
0.013329735,0.12722169
-0.0066658733,-0.032208346
-0.010689872,-0.0056884475
-0.017968994,-0.05664319
-0.016014032,-0.035390943
0.00019127643,0.014855923
-0.0006187968,-0.0073182164
0.006707842,0.052629128
0.00871047,-0.058996134
-0.0088345865,-0.0653226
0.0026246195,0.027892279
0.0075202547,0.017949065
0.007704347,-0.015273107
0.018041756,0.08272366
-0.0054035275,0.0028412312
0.0082311835,-0.0007693677
-0.0018986419,-0.08312437
-0.007975234,-0.0057248464
-0.0071229218,0.00806393
0.0032034335,0.033355027
-0.009339422,-0.0088495305
-0.019513316,-0.048550975
0.012618814,0.026891796
-0.006871352,0.048891548
0.00059718825,0.012668185
0.002180452,0.02837166
0.00326659,-0.047171164
0.0011528102,0.034340184
0.0012227104,-0.021813933
-0.0042531593,-0.040372983
-0.009025646,-0.036761258
-0.004053111,0.06122522
0.0067028357,0.035264365
0.00354029,-0.01124868
-0.0027910154,-0.010189613
-0.002516135,0.0024377746
0.00011679658,0.009746155
0.0066043516,-0.09403517
0.00051914726,-0.013500012
0.0003714864,-0.021682287
-0.0004609424,0.25741717
0.0019453801,0.066158146
-0.008344378,-0.06739596
-0.020703353,0.016355304
0.0016321165,-0.043736354
-0.010341714,-0.07564238
-0.003823688,-0.08025482
-0.0034658522,0.08189946
0.0040378096,0.0072605563
-9.195763e-05,0.0061940155
-9.901216e-05,-0.03758343
0.008289307,0.02673492
0.003007994,0.10377455
0.01511349,-0.04024407
-0.011015147,0.00026034607
-0.008233469,0.09048412
-0.0072464384,0.019558022
0.014954198,0.25836125
0.027370322,0.08379204
2.0830892e-05,0.040257882
0.020962665,-0.032320235
-0.003606077,-0.12174024
-0.0061914613,0.021841157
0.0024688267,0.017986972
-0.0012083278,0.19076666
0.012665441,-0.015539049
0.0028643426,0.1454676
0.0071841488,-0.06459183
-0.0156045975,-0.009309373
-0.015981846,-0.012399923
-0.020109624,-0.07491335
-0.002903722,-0.033194125
-0.0034853243,-0.048971843
-0.0035985352,-0.0012237835
0.008033496,0.03802868
0.013666765,0.061273016
0.009400943,0.03553819
0.013492854,0.08823794
0.0063548326,-0.043814387
0.016258921,0.050106253
0.003877899,0.10885861
0.0011341954,-0.0025070996
0.014731815,0.02481454
0.0040965592,-0.0035322565
-0.00027084234,0.004222957
0.006709344,-0.01719813
0.0008255056,0.058355972
0.006366087,-0.018814212
0.0041931905,0.0018454483
-0.006890962,-0.023543244
-0.003708885,0.02141613
0.0028459518,-0.023665225
0.0067325933,-0.0040864055
0.0026914561,-0.03557637
-0.0068185893,0.018761948
0.008193216,0.018075647
-0.0039074793,-0.021900754
0.00022208766,0.016170066
0.0045283195,0.020097278
-0.005320624,-0.030408563
-0.0035592965,-0.0021500692
0.007827718,-0.049645767
0.01003991,0.067026936
-0.007973362,0.08315206
-0.0097505,-0.00119239
-0.009994278,-0.0076300306
-0.007641951,0.040153682
0.013565627,0.05672448
-0.005564948,-0.023472818
-0.010033317,-0.028571974
0.003923819,0.024875306
-0.015400099,-0.055991925
0.0052976254,0.002392895
0.0033747635,-0.002565413
0.0014944167,-0.018140398
0.0006648782,0.0022573099
0.015150341,-0.04157938
0.0132591855,-0.001751872
0.0057343817,0.015621685
-0.014058789,-0.027356656
-0.017535912,-0.0009756712
-0.0063166344,0.027814116
0.012252171,-0.021175632
-0.019678906,0.0020575388
0.005114985,-0.02204317
0.004148498,-0.030182412
-0.012127973,-0.013099346
0.013742459,0.031113397
0.0025192406,0.040349916
0.0011245448,0.012809251
0.012471398,0.043768197
0.017023182,0.032744776
0.0079345815,0.0062543233
0.009356484,-0.043460887
-0.009296976,-0.030895738
0.0007148981,-0.026493814
0.0069810115,0.024506737
-0.004890225,-0.08321328
-0.016219385,0.007094895
-0.0075763133,-0.01787417
-0.011039636,-0.010748413
-2.2063381e-05,-0.05289626
-0.0028811435,0.004543243
-0.0008239306,-0.042064648
0.0069552576,0.0014320166
0.015909877,0.014095762
-0.007342092,0.0036005995
0.018842157,-0.05314045
6.27595e-05,0.059480287
0.0055213775,-0.011981702
-0.0043995483,-0.032814313
0.0033006722,0.034289565
0.004620611,0.079835676
0.0074902116,-0.10358156
-0.009901665,-0.012903029
0.0046549225,0.070602246
0.008559521,0.01092836
-0.004907351,-0.033853646
0.0020659475,0.018632527
-0.018664803,-0.017784908
0.009444464,-0.005598144
-0.021651857,-0.090069905
0.006482452,0.08862297
0.006846444,0.024758326
-0.00023407198,-0.02667584
0.0060566985,0.086207435
0.0068048825,0.057517517
0.0026849667,0.07996346
0.004919039,0.0017601097
0.0009956219,-0.02990913
-0.0016465416,-0.00021250936
-0.0017843808,0.010770477
0.0056625055,0.028914748
0.005427953,0.009876957
-0.0021326689,0.025691256
-0.002010147,0.04949058
-0.0072419457,-0.07328052
-0.003450709,0.018474577
-0.0014033732,-0.007763388
-0.0011906234,0.018486382
-0.0020468931,0.014572491
-0.03928212,-0.004524722
-0.008985716,-0.0034635474
0.013650907,0.035096887
-0.0072948076,0.0065532536
-0.012022914,-0.0817521
0.014766907,-0.022783687
0.02908155,0.070081964
-0.016037382,-0.04459655
0.0001304904,0.0015187752
0.01598534,0.006842512
0.0027021894,0.05425256
0.015087362,0.0025275862
-0.0045406385,0.03847843
0.01502336,0.0432147
0.01210393,0.011324021
0.0062682806,-0.003991422
0.011059056,0.0055569536
0.012466518,-0.010545374
-0.002855593,-0.013331954
-0.004512292,0.04308897
0.008244927,0.011115662
-0.022011496,0.015679449
-0.010963443,-0.01601533
-0.005419714,-0.03186386
-0.0033262125,0.013929807
0.0012660323,-0.0023306457
-0.011169072,0.013144627
-0.003061706,0.010371203
0.018627435,-0.04798934
-0.025066078,0.005511473
0.003817202,0.026467526
-0.026346024,-0.008200933
-0.003936337,-0.009388791
-0.010948202,0.04777952
0.0046022544,0.024040453
-0.00689054,-0.03706482
-0.0052862046,-0.040282123
-0.002459312,-0.008139838
0.030567301,0.08973822
0.016575305,-0.0072092456
-0.0036942465,0.008065009
-0.0031655368,-0.009716612
0.003538557,-0.0113325305
-0.007654115,-0.012975593
-0.017414983,0.017214485
-0.00013644842,-0.041290924
0.0014355402,0.007832565
-0.0049629156,0.0379732
-0.0025054626,-0.04125618
-0.008642752,-0.019454412
0.01277639,0.0043068943
0.023638077,0.04359063
0.00034763373,-0.0026305295
0.00089658605,-0.0019086985
-0.0026680687,-0.0033239566
0.0020288464,0.07825615
-0.004163928,0.013805546
0.0021439448,-0.0041164234
0.007897394,0.0034254086
0.0038605067,0.056387756
-0.0022279948,0.013805267
0.0057807006,0.012928925
0.008577567,0.055162597
-0.0012688685,0.03179757
0.0026188781,0.11416751
0.014052933,-0.012845949
-0.008485997,-0.018474516
-0.0033958673,0.0140963085
-0.0036468115,-0.04888885
-0.01726038,-0.11428835
0.010102609,0.02227893
0.0016881588,-0.037591238
-0.0044460953,-0.026800849
-0.0016936366,0.03632273
0.012116393,0.07941988
0.008487225,-0.053475365
-0.00943037,-0.004236676
0.014501054,0.011797646
0.007771677,0.076023996
0.009354152,0.015191787
-0.0073994417,0.050983567
-0.009436395,0.008865348
-0.004334209,0.022277266
0.0048559997,0.017247207
0.008146869,-0.0672346
-0.00079412514,-0.12559286
0.0037667498,-0.08332838
-0.007502443,0.058551133
0.007520783,-0.063789696
0.010775057,-0.019809352
-0.0123978425,0.030114058
-0.016672298,0.0043785125
-0.0039016055,-0.004745294
0.018301152,0.04265123
0.016566226,0.0102945985
0.008315479,0.0144449035
0.0053559924,-0.025587616
0.0104274005,-0.011099226
0.011178834,-0.046568587
-0.0067319414,-0.14179628
0.017661605,-0.0011171434
-0.0039378963,-0.090861805
0.002537818,-0.0026757668
0.0060450467,-0.11549006
0.013224088,0.0338381
0.008385993,0.18177627
0.00037644687,0.04517966
-0.014251005,-0.034263667
-0.018306244,-0.019977603
-0.0054397667,-0.0045521553
-0.0020891945,0.029360028
-0.011941526,-0.009495257
0.006368549,0.021879263
0.020969313,0.03551513
-0.0018652456,0.0143298535
-0.0007539522,0.1512249
0.010179025,0.010878967
-0.013006493,0.12124549
0.0006496061,0.07413677
0.013154993,0.056145027
0.004187266,-0.04781726
0.0033211512,0.04114266
-0.009805001,0.018444471
-0.0041436385,-0.031511616
0.0037502246,-0.036957107
-0.012433314,0.0028925177
-0.022348177,-0.043814838
0.0030858468,0.020761449
0.00015942415,0.028373305
-0.011334144,0.06763917
0.0025595373,0.043873828
0.008310974,0.062666
0.014427329,0.037451275
0.010488566,0.042602345
0.0097733885,0.04745158
0.005590341,-0.0073999288
-0.008865448,0.002040724
-0.003019711,-0.027222756
0.011980491,-0.020485608
0.0060579614,-0.06284624
0.0035981731,-0.0008259323
-0.0015808757,-0.005026219
0.0137112755,0.009952509
0.0013687764,-0.034587268
0.001348397,-0.0056351004
-0.005185364,0.035255734
0.0053277835,0.025581501
-0.007493245,-0.033944115
-0.0058965185,0.028616512
2.946076e-05,-0.0054385294
0.008431404,0.021211544
-0.0054637757,0.025229206
0.00637243,-0.016495472
0.012078993,-0.031610142
0.009466711,0.034075495
0.0079582725,0.019177094
0.00094939297,0.0034030736
0.011747509,0.006019103
0.0038571572,-0.0016762499
-0.0036226353,0.023709115
-0.0019490304,0.0072835917
0.0073301923,-0.028615382
0.0004827096,0.0056498004
0.001732334,0.063636795
0.010898687,-0.15747297
-0.00155538,0.026459523
-0.0031814512,0.047448013
0.004608584,0.03926939
0.0095523,-0.00677658
-0.008252971,-0.10240497
-0.010851137,0.044483475
-0.027334845,0.0035671548
-0.0020830543,0.05595352
0.0034346671,0.007753049
-0.012277732,0.0005642702
-0.0072206045,0.031810552
0.0047367504,0.07767658
-0.0009893478,-0.019072045
0.01234829,0.057265554
-0.013665725,-0.0069802967
-0.00557099,-0.035233412
-0.02065613,0.027644476
0.00013912632,0.04390599
-0.0011051394,-0.041855343
0.015759189,-0.09922626
0.00081028,0.06176474
0.007369626,0.004337106
0.02420459,0.0041830675
-0.009050642,0.022937588
0.0034070814,-0.1703436
0.0013020011,-0.1037564
-0.010107553,-0.0057025123
0.0035430014,-0.048456892
-0.0065478766,0.013583053
0.001104909,0.029653106
0.009338692,0.09829415
0.003790115,-0.013754521
0.009500711,-0.037567414
0.0034066774,-0.36893404
0.0007927439,-0.0932812
-0.00094370515,-0.072160944
0.014074588,-0.02658801
0.0052375644,-0.04445701
0.0041335276,0.06216507
0.013564702,-0.12770209
-0.0075457054,0.047923982
-0.012310913,-0.027613135
-0.0064145327,0.029154312
-0.014169056,-0.18616594
-0.017467417,0.013236012
-0.0052891867,-0.058467202
0.00072561787,-0.042774912
0.006808117,0.003802993
0.011981243,-0.04604245
-0.004140248,0.123468906
0.028049298,0.1356203
0.0065121506,-0.050138887
0.0008016563,0.14933008
0.0011735234,0.037577074
0.00898102,-0.0066528
-0.011008622,0.012083901
-0.0019650292,-0.029583016
0.0005125411,0.08772992
0.009176347,0.07530447
-0.0039573223,0.0014869103
-0.001974467,-0.005638628
-0.004426002,0.054599084
-0.016186412,-0.0772464
-0.00153416,0.01573618
-0.017622009,-0.054412857
-0.0058965217,-0.050382726
0.007338158,-0.028177125
-0.01722361,-0.056332972
-0.008628764,0.07012406
0.00497708,-0.050962217
-0.0036369064,-0.062955365
-0.021271586,-0.017478589
0.01071362,-0.024025274
-0.0035046956,-0.028694117
0.0056197285,0.023387339
0.020980068,0.005935173
0.015480138,0.024528552
0.02101526,0.053286444
-0.0015302757,0.0316759
0.008306509,0.011516508
0.003283621,0.010582291
0.013264304,0.0075501944
-0.002576226,-0.036050018
-0.0067624548,0.07775054
0.011622113,-0.022965746
0.0012117298,0.085101515
-0.003855283,-0.02168581
-0.02558716,0.09719297
-0.024391077,-0.17971948
-0.0008294977,0.07711828
0.00054513314,0.058697343
0.0021588148,0.05257348
0.016550396,0.15644498
0.0053612115,0.02670002
0.004789046,-0.011133671
0.016136441,-0.054354478
0.00604973,0.031327147
0.012409526,0.08177534
-0.00689687,0.034062743
0.021720886,-0.014398259
0.006557218,0.2001941
-0.0050715497,-0.07646856
-0.0031219407,0.087422
0.009090115,0.03334935
-0.0038588576,0.16628432
0.0026839117,0.056783643
0.010660637,0.014359736
-0.0025665613,-0.03797365
0.011110252,-0.05712325
0.0044527915,0.15761042
0.006923833,0.06767963
0.0014961624,-0.01393037
0.014458397,0.08881691
0.00086947763,-0.07183817
-0.0023632753,0.15601319
-0.004107428,-0.017321141
0.0048924834,-0.0092761945
0.008995528,0.02140259
-0.007081411,0.08447833
-0.0055566495,0.065494455
-0.00900913,0.20283401
-0.017448677,-0.053087115
0.0022635348,-0.03363942
-0.007759221,0.02211822
-0.0039934036,-0.029382087
0.0071921316,-0.066628315
0.023976922,0.044945713
-0.008974056,0.0360468
-0.005720971,0.013483629
0.0024479683,0.052088782
0.01169693,-0.07845133
0.013586959,0.00277957
0.011352619,0.010686572
0.010925818,-0.013499426
-0.002888353,0.033759955
-0.00031842792,0.058784954
-0.0077908896,-0.099700905
0.00873846,0.21599266
-0.0018796516,0.0016225292
-0.0065230774,-0.01873269
0.014258207,0.031236509
-0.015084539,0.022410367
-0.035252824,0.0021712221
0.0054496485,-0.073862314
0.014792791,0.0041873455
0.003907535,0.034700684
-0.018076485,0.0013758902
-0.0064513544,-0.0010290282
-0.010776157,0.0033186157
0.0059413714,-0.29824635
0.026095264,0.029391766
-0.00013473141,0.015260271
-0.0058837123,0.08555388
0.00068530254,0.13551131
-0.0033768062,0.070120625
0.009411288,-0.03133082
-0.0019720471,-0.001945704
0.0017779603,0.0239339
-0.0035591312,0.13681427
-0.004693958,-0.044537824
0.0070293103,-0.10120029
-0.007837256,-0.006077956
-0.0027898317,0.037589964
0.0055407705,0.050027985
-0.0025300523,-0.0019669908
0.007991878,0.12832052
-0.003969536,0.023579298
-0.0043127034,0.032356896
-0.015952159,0.035993036
-0.009536356,0.022502264
-0.0032309063,0.036868013
0.0004238711,0.06374076
-0.014671622,-0.13084888
0.017714739,-0.10081299
0.0030364718,-0.062705494
0.019643975,0.050842345
-0.009014016,0.0114763435
0.007107541,-0.118982695
0.007947896,-0.014866129
-0.010195858,-0.0035701497
-0.007967949,-0.014114612
0.0021583368,-0.03871362
-0.0031769574,-0.05590016
0.0056418534,0.040364735
-0.003170743,-0.118749216
0.016322503,-0.036513958
-0.0017443807,0.044815607
-0.0013882573,0.021501953
-0.0024154335,0.044439156
-0.0034681796,-0.04400814
-0.0036974307,-0.0033441281
-0.001584695,-0.21407992
0.0033460339,0.10261698
-0.0021266174,0.0662201
-0.008278356,-0.08829326
0.004470262,0.025788777
0.011770468,-0.05483833
0.0032352358,0.1552729
-0.0122097265,0.0547515
-0.012554726,0.048881542
0.00086117745,0.015505479
-0.0038604413,0.0010067815
0.012293919,-0.013701977
0.009269114,0.07791336
-0.006453808,-0.020026468
0.017252492,0.05568862
-0.0022349737,0.07457133
0.0041819075,0.13640009
0.0017042602,-0.046160225
0.01680499,0.11497386
-0.0057640877,-0.011336136
2.4254492e-05,-0.06283327
0.010677082,-0.10615731
-0.0020330732,-0.11425389
0.0039922525,0.028414551
0.005965799,-0.18274434
0.011221646,-0.10265972
0.0022363288,-0.07788759
0.0030073319,0.006025125
-0.0023777662,0.0038552196
-0.0018008627,0.06611569
-0.010369789,0.012791225
-0.0131623745,0.032342337
-0.012342585,0.11496264
-0.011237793,-0.012332657
-0.0058746445,0.10231798
0.003070928,-0.043841347
0.018014494,-0.058241926
0.0020696712,0.0035463534
0.011190577,-0.045322824
0.019187113,-0.037844658
0.0084776,0.00086281745
0.0023031328,0.002452473
0.015319739,-0.0017738396
0.0038784256,-0.021787332
-0.009732574,0.03599264
0.012873929,0.05021299
0.0017359757,-0.0002963317
-0.0067032664,-5.5944663e-05
-0.000256669,-0.027112318
-0.000509383,0.028641328
0.011634299,-0.0034819187
-0.004132796,-0.019444648
0.004055133,-0.011488545
-0.00073764217,0.032806657
-0.008097,0.052619744
0.0004776779,0.016297901
0.0014211885,-0.005732014
0.0075671338,0.006233584
-0.004069997,0.023519523
-0.012017781,-0.04189601
-0.010634055,0.05488868
-0.016641319,-0.08359726
0.0058067273,0.0005552408
0.008698365,0.004634382
-0.015614251,-0.06037379
0.0083197355,-0.03448975
0.004818028,-0.028945368
0.004990438,-0.022372533
-0.0028512867,0.06435572
0.00975229,0.031479016
-0.0021819733,0.0091383355
0.008221237,0.045433596
0.0008900437,-0.098425366
0.011168416,0.06631705
-0.0037081048,-0.015498917
0.0055183126,-0.15081766
0.01588709,-0.03781772
0.0034124178,0.19204101
-0.0057202247,0.08025152
0.0013597806,-0.0038589882
-0.013831908,0.13235807
-0.019200355,0.11370193
-0.0055950237,-0.030356698
-0.0040693935,0.011863763
0.0013411993,4.7306225e-06
-0.0074414685,0.19847678
-0.032686107,0.0643834
0.0013593733,0.17374533
-0.00030880584,-0.039178275
0.01488474,-0.018509394
0.010420555,-0.04669776
0.0046468796,-0.057987317
0.023401055,0.027735343
-0.007030626,0.0087892
-0.00329113,0.07264927
0.01557529,-0.005737463
-0.0031126174,0.08769777
-0.0074274885,-0.017019581
0.011739733,-0.05520766
-0.00061936834,-0.010875031
-0.0042638704,-0.0717532
0.016610526,-0.041868817
0.015445098,-0.19946508
-0.012098506,0.010270276
-0.0020894995,0.071397826
-0.010972064,-0.07235412
0.0031825854,0.0042368406
-0.009462957,0.024283381
-0.0042275656,-0.023953257
0.0045495806,0.033910725
0.013739927,0.007002897
-0.0052084206,0.021026606
0.00426729,0.014270037
0.004752393,0.034592308
-0.006522687,0.10830175
-0.004191207,0.13557574
-0.019208122,0.09751096
-0.0074201273,0.022185009
0.013228767,0.008224764
-0.008860939,0.0035670379
0.013912668,0.0031145387
0.0033029725,0.023508921
0.0024656607,0.010157243
-0.0067261667,0.06368224
-0.0036408494,0.0030836721
-0.0041493718,0.016545966
-0.0081376955,0.06311372
-0.00020120235,0.07201353
-0.009267971,-0.14870527
0.011858771,0.0037125573
0.018960308,0.0012447741
0.0015853016,-0.018655632
-0.0025554402,-0.009501617
0.0017168267,-0.026278134
-0.0006143915,0.027670795
-0.00889528,0.028170139
0.0046951496,0.15450592
-0.0018596007,-0.0052509406
-0.00051880046,-0.012202663
-0.0035913172,0.0043508187
-0.004121101,0.0945548
-0.014439013,0.020778863
-0.019345509,0.055112205
-0.020346934,0.04138508
-0.015185713,0.028923841
0.0050366293,0.020071816
-0.016353454,0.19636458
-0.013875432,0.049140535
-0.0018391006,0.010106059
0.0048154285,-0.07008355
0.006280099,-0.105293564
0.0022712755,-0.005165013
-0.015573944,0.0695109
-0.02587894,0.015933989
-0.008194199,0.08383317
-0.009579636,-0.100569546
0.009539731,-0.1082547
0.014182101,0.15404627
-0.024609532,-0.00778843
0.028760493,-0.12171688
-0.00450025,-0.0030766581
-0.0036115937,0.122349575
-0.015299388,0.043812364
0.013971798,-0.029232558
0.0036972903,0.012527645
0.033015944,-0.14603892
0.0122844735,-0.037848983
-0.0020776638,0.17839505
-0.024172217,0.0830019
-0.00077046826,0.030015761
-0.01878354,0.00948722
0.0067591253,-0.022680137
-0.0011383402,-0.004955142
-0.0011016836,-0.1992615
0.027347747,-0.094903536
0.01013444,-0.004868938
-0.0035568676,0.16180828
-0.0076309945,0.070639275
-0.0022977244,0.1637052
-0.0015083477,0.11298189
-0.0029342237,0.1166818
-0.002486121,-0.030737936
0.0032391248,-0.02036762
-0.0060751447,0.12380653
-0.010978943,0.06693617
0.016846629,-0.07489636
0.02269648,-0.022255464
-0.0059610927,0.12941243
-0.007827273,-0.014943006
0.008560093,-0.022652596
0.0016008862,-0.015970027
-0.008962115,-0.22920902
0.01327129,-0.04193575
-0.0038711643,-0.03173881
-0.005390047,0.11520491
0.002287048,-0.100355856
0.0009806468,0.0077305227
-0.0039354456,-0.03831755
-0.0050173434,-0.12320678
0.0024120198,0.058943074
-0.0014213218,0.09979352
-0.007014165,-0.06704793
-0.0033832472,0.007871013
0.006523924,-0.06657206
-0.0051074023,-0.17075446
-0.0019406622,0.014895012
-0.0049616583,0.062061384
0.012156977,-0.019283319
-0.0001918904,-0.023420444
0.012564184,-0.04511917
-0.012997929,0.03300801
-0.009009519,-0.057548083
-0.0075803185,0.1071847
-0.033176262,-0.016741917
0.019403517,0.09034566
-0.020576587,0.08101667
-0.0067901304,0.10534912
-0.008772534,0.035427246
0.00045335945,0.1427351
-0.02638768,-0.102018215
0.01723203,-0.1332972
-0.0052998494,0.06918053
-0.023415215,0.062899135
0.0050690174,0.052457087
-0.0018249694,0.03011597
0.002132079,-0.0008062805
-0.005330458,-0.009519451
0.014237756,-0.0774597
0.00069997006,-0.013813774
0.0062945867,0.07642769
-0.0015808179,0.019565808
0.0030525876,0.013002574
0.005704671,-0.030373143
0.017380549,-0.059377655
0.021060932,-0.07422712
0.007913545,-0.060478065
-0.0015122362,-0.029503409
-0.0007550491,-0.06557278
0.004915959,0.013159363
-0.013251905,-0.018216744
-0.008437464,0.009198012
-0.0012587849,-0.05254393
0.014507749,-0.114389814
0.010012153,-0.08083066
0.0020970209,0.025575941
0.0009156819,-0.071521
0.006813316,0.06993946
4.8238027e-05,-0.08060199
0.0040189605,-0.2681937
0.015952993,0.0016749129
0.0017459628,0.13302585
-0.009438553,-0.032292716
-0.0029038293,0.009099348
-0.0012574354,0.024777837
0.0025496208,-0.06431977
0.00334105,-0.023483915
-0.0046023596,-0.04750355
0.0044819587,-0.04848596
-0.006636693,0.03131598
0.0007452504,0.055143453
0.003650464,0.07437986
-0.007970047,0.05797983
-0.004609962,0.2135053
-0.014600547,0.15556969
-0.023739178,-0.014694291
0.013583025,-0.082661256
0.011965634,0.1342999
-0.025419433,0.21930212
-0.0070478674,-0.028268008
0.004668093,-0.028931253
-0.0074460777,-0.107833825
-0.0002964493,-0.04134554
-0.0027021128,0.052668586
-0.010166772,0.05865362
-0.015745604,0.04811031
-0.009102745,0.053627636
-0.008836724,-0.11539217
0.011500332,-0.021524167
0.0012200169,0.05182237
-0.01900854,0.16858515
-0.010997331,-0.030355282
-0.0044935215,0.15215765
-0.008951383,0.08195889
0.009319088,0.010364645
0.015997775,-0.025418764
0.016166557,0.044334974
0.009076507,-0.015005083
0.01579223,-0.1737804
0.015295053,0.016443796
-0.009301122,-0.027898706
-0.007481889,-0.038273174
-0.0018204865,0.014319257
-0.0026775124,-0.028724164
0.009216403,-0.040651098
0.0046173884,-0.01989985
-0.001924468,0.0913786
-0.006462885,-0.013553964
-0.0009029929,0.010745143
-0.008726543,-0.15722069
0.012815449,0.078409374
-0.01993572,0.024996039
-0.007979568,-0.055114724
0.0057783583,-0.0408627
-0.001154796,-0.019674573
0.027433626,-0.029140104
-0.006121387,-0.034510557
0.0074918317,-0.031808622
0.0042335005,-0.04216018
0.0062714037,0.009061268
-0.013126651,0.036251634
-0.007290944,0.02110843
-0.00011903583,-0.008689538
-0.0114096105,0.06795323
-0.017521465,-0.12161472
0.023377296,0.10570881
-0.02613033,0.050850477
0.008725356,-0.04481601
0.021889966,-0.13957724
0.010911388,0.015478303
-0.0024389178,-0.1567583
0.028483905,-0.1255867
0.0073238257,0.15296632
0.0001713683,-0.023933627
0.009983984,0.14625575
-0.0063231187,0.0051636337
0.01050308,-0.013272664
-0.0041821413,-0.05803296
0.02252604,-0.05402215
-0.017022401,0.034436747
-0.006352952,-0.008427234
-0.008700743,0.019227393
-0.014005449,0.09756929
-0.00031008106,0.13204975
-0.006354052,-0.08066999
0.009397279,-0.060287308
0.022549212,-0.10088615
0.007491905,0.01402582
-0.005442501,-0.017061368
0.004396121,-0.11516014
-0.004416257,0.10663332
-0.008264519,-0.05056214
0.010948176,0.06690542
-0.0019065089,0.06254454
-0.015369739,-0.032003593
-0.0010938332,-0.005153158
0.0017169476,-0.011456448
-0.004972098,-0.016426465
-0.0057846084,-0.029024975
0.0034176272,-0.031217715
-0.0008630625,0.03572466
3.6390265e-05,-0.25648156
0.018038264,-0.023898525
-0.0052446225,-0.056884594
0.038296256,-0.10963807
0.0031585074,-0.07056741
0.0011124669,-0.0292115
0.01462676,0.062278043
0.00075497,0.039190166
0.0040778224,0.032591313
-0.022787688,0.023054413
-0.011763171,0.038878255
0.0005580641,-0.015237211
-0.0013189786,0.068776555
-0.0069475546,0.08361373
-0.0043389956,0.09428777
-0.015886795,0.07957112
-0.02167824,-0.03142971
0.022573914,-0.06618205
0.00049518375,0.016634058
-0.003560408,0.0046153488
0.009991684,0.026423076
-0.0021572926,-0.014042544
0.010101326,0.04053819
0.020608183,-0.07130871
0.00015595584,0.036466345
-0.015956918,0.016531272
-0.0073548714,0.0015037265
0.0077787177,0.04550513
0.014040174,0.055620003
-0.0048492257,0.04140338
0.002511982,0.15955776
-0.003133874,-0.018312385
0.0022755403,-0.069893904
0.009094952,0.019894876
0.007907564,0.0031462817
0.0077133924,0.03275596
0.00053806836,0.04114233
0.008077639,0.037564814
-0.008536336,0.10601746
0.00682694,-0.02725148
-0.0032667061,-0.037937563
0.003750172,-0.057658516
-0.002927114,0.03782983
-0.0010411055,-0.004156409
0.010336832,0.0040045725
-0.032020956,0.031169256
-0.002886761,-0.01717469
-0.015912784,0.112556875
-0.0063878233,-0.017264638
0.010833393,-0.13016173
0.0028940658,-0.12776856
0.0089407815,-0.047523387
-0.0016617498,-0.026241994
0.017984945,0.049636196
-0.0136608295,-0.0286565
-0.008478329,0.05487391
0.011116394,-0.009063876
0.018414792,-0.11838911
0.025258785,0.0076131676
-0.0020292737,-0.0042391964
-0.0093356725,0.0024306648
0.025594134,-0.062478367
-0.001590975,-0.027049474
0.0014063051,-0.055048317
-0.006794337,-0.004482443
-0.008902805,0.0038830766
-0.0027867341,0.0029743158
-0.0043189917,0.03886901
0.006819221,0.019889621
-0.003738218,0.060880743
0.015358524,-0.027901959
-0.0033814046,0.0013030549
0.004999674,-0.09271241
0.0110659525,0.014029736
-0.007991562,0.031624984
0.0008461522,0.049875703
-0.016005011,-0.0011270957
-0.015525376,0.032865673
-0.004122035,-0.009160422
0.0018663446,0.06506333
-0.027856471,0.12643813
-0.004196016,0.00074334786
0.0016152378,-0.013457804
-0.0057754754,0.028902255
-0.02218543,0.034298193
0.005749725,0.014288901
0.0028702905,0.01677581
1.3826066e-05,-0.017897984
0.015080337,-0.0263481
0.013455009,-0.06615843
0.024142524,-0.17638332
0.0033224812,-0.046019256
-0.0021044814,0.030799791
-0.004297549,-0.017139781
-0.00257691,0.024085313
-0.00367889,0.050109945
0.005975069,0.09096134
-0.0010841026,0.013601412
0.004975119,0.005934078
0.0008444479,-0.0039336877
0.002246864,0.106736206
-0.011847533,0.015237928
0.0006475771,-0.061376914
0.0026789843,0.021361023
0.001150234,-0.027312495
-0.0073196357,0.3495864
-0.010910608,0.09066069
-0.007930847,-0.11254806
0.010316047,-0.09458018
0.0033951092,-0.010774
0.013728928,-0.11536213
0.007267829,-0.13697116
-0.00015192386,-0.16422488
0.0018403565,0.021019291
-0.0030936792,0.050332982
0.0015185539,-0.06890583
0.0024489346,0.13383488
0.0048849583,0.10241121
-0.0019739792,0.062423248
-0.0005749842,-0.06580823
-0.005326124,0.08382391
-0.017304756,0.04511346
-0.0015630983,0.029326783
-0.013011606,0.13909
-0.016633851,0.10493093
-0.02178523,0.11954374
-0.01710964,0.016642854
0.01809185,-0.049762666
-0.010506404,-0.0178278
0.003628743,-0.09059985
-0.002597767,0.12281741
-0.011930333,0.08597882
-0.004327124,-0.10549835
0.013005804,-0.077984825
-0.012648463,0.02315967
0.016148172,0.02991388
-0.014137719,0.09013579
-0.008068554,0.017812625
0.002206603,-0.038178533
-0.008868703,-0.022322666
-0.0018073325,0.092099
-0.0065255435,0.11923841
-0.0024595573,0.0014378853
0.007479487,-0.029609904
0.00947623,0.066980846
-0.0035609142,0.029525336
-0.0043508257,0.030650804
0.0037842947,0.07272587
-0.004662258,0.02751668
0.0010692931,0.02314794
-0.0025885955,-0.0239513
0.0010525996,-0.010965911
-0.009382961,0.07165688
-0.0059535955,0.047119677
-0.009702964,-0.0055927224
-0.007394404,0.01682687
-0.0094410395,0.019739127
0.011921376,-0.009395389
-0.010788382,-0.022947676
0.013613526,-0.047985263
-0.015306541,-0.027650364
-0.0006300841,0.09856642
-0.012441328,0.06444777
3.1847507e-05,-0.12242533
0.010387247,-0.08734797
-0.0039414577,0.017179927
-0.008891221,0.11802736
-0.025460266,0.17723483
-0.010498843,-0.001051051
0.003259269,-0.011517265
-0.0020180214,-0.09923283
0.025424276,0.11674166
-0.019945534,0.13488078
-0.014648427,0.057913914
0.008866615,-0.033975765
-0.0034371438,-0.14329895
0.008245862,-0.009903131
-0.0043089148,-0.0065937415
0.013666285,0.1997678
-0.023619413,0.079162374
0.00699089,0.022565968
-0.017527074,0.054112133
-0.006598764,0.03423174
-0.0006912785,-0.12906533
0.009963309,0.030519666
-0.010563339,-0.083662234
0.010504086,0.065444894
-0.018993374,-0.054086257
0.0135901645,-0.18295312
0.011978747,-0.08627348
0.0209351,0.05991202
-0.0057914276,-0.016252538
0.0252421,-0.012721542
0.008067811,-0.16039555
0.0024095862,-0.14529279
0.0013371737,0.026958466
0.000738445,-0.14021066
0.010857217,-0.082569145
0.004052389,-0.03025356
0.0020125122,-0.0051684296
0.005194333,0.013977251
-0.00031899867,0.10891571
-0.004097004,0.04390847
0.00015605311,-0.13910311
0.013435595,0.042457666
-0.012707805,0.050874684
0.005939626,-0.0077659804
0.0016598499,0.015864858
-0.003250319,-0.075004734
0.002166494,-0.027340522
-0.0043434696,0.07784252
0.0011764801,0.27154028
0.0018876637,-0.010217435
0.0071963733,0.04756046
-0.003471971,0.011578785
0.0024030274,0.041521493
0.007839364,-0.07750955
-0.0035313815,-0.0016297247
0.013360549,-0.041066524
0.008361195,-0.00439397
0.0018183814,0.05657565
0.007255049,-0.10484796
0.0081309965,-0.0433905
-3.354205e-05,0.07514212
0.0035578602,-0.04263835
0.008448569,0.099530526
-0.0071326345,0.043954518
0.0039968337,-0.11248856
0.010955071,0.068241075
-0.005996529,0.10900476
-0.0061049727,0.019453006
-0.005402318,-0.08259054
0.01724535,-0.030894639
-0.007234446,0.10163528
-0.017736616,0.08372129
-0.011374295,0.017511448
-0.0011399374,0.0011392297
-0.00587481,0.08175998
-0.0117778545,0.03604189
-0.00742942,-0.014918099
0.010783041,0.04206985
-0.0015225225,0.15431018
-0.008033875,0.109631054
0.0061984668,-0.085981764
0.02167721,0.009215691
-0.0039482475,-0.0057252767
0.008875188,-0.03210976
-0.010738472,0.024674859
0.013533698,-0.0051948354
-0.0074659525,0.23144335
-0.01731947,-0.061154608
0.0151964,0.09350439
-0.028898885,0.11553198
-0.015523277,-0.061331183
0.018088803,-0.10781839
-0.0005436074,-0.014027878
-0.007045109,0.13183951
-0.023147985,0.028788326
0.029007562,-0.08494737
-0.0051649273,0.028378509
-0.013103748,0.13964723
-0.009620938,-0.038783558
0.0034969766,-0.03965557
0.019579833,-0.1324815
0.00758488,0.119457
0.023526441,-0.031681307
0.018019423,-0.049826223
0.018666469,0.089586526
0.0066755814,-0.008318368
-0.016951011,0.10016251
-0.021619739,0.3325396
-0.037006013,0.058470912
0.005053469,0.027457425
-0.0058910353,-0.0031524966
0.0019541052,-0.027491152
0.006855793,-0.03516448
0.0028688572,0.0047987886
-0.005611796,0.064042315
0.0056612324,0.1695181
-0.0028910637,0.10163168
0.010405151,0.119219035
-0.008957246,0.036687244
0.008101265,0.06192815
-0.003065393,0.09502934
-0.0012023207,0.021842895
0.0010289745,0.09420938
-0.006580932,0.21754372
-0.00303504,0.07671397
-0.0042821444,0.021590019
-0.0015629544,0.22221889
-0.012915152,0.05669277
-0.006483349,0.13082302
-0.014412742,-0.14255524
0.012413056,-0.04143314
-0.011233357,0.08943776
-0.012351073,0.035532992
0.0014677602,0.05366807
-0.015168106,-0.03054187
0.0105385445,0.03877035
0.0015798399,0.0847814
0.0027941065,-0.00040906642
0.019958455,-0.08017754
0.010893537,-0.023256594
0.0010724271,-0.00050408504
-0.0015839092,-0.023640094
0.010859409,0.083778724
-0.0065187938,-0.06029731
0.008386578,0.026381234
0.008625921,-0.050113607
-0.004735971,0.079370975
-0.0043975757,0.02460468
0.0011756315,-0.0038383156
0.0020169392,-0.026971076
-0.002220397,0.035373755
-0.004355254,0.010329416
0.005773207,-0.0468872
0.006247874,-0.0074071884
0.004444176,-0.017160555
0.013713957,-0.03895619
-0.002145693,-0.002342344
0.0019831704,-0.048614204
0.0052576433,-0.035784222
0.0017344516,0.004658537
-0.002474064,-0.09735249
-0.004602966,0.08421122
-0.0025035255,-0.03332547
-0.004515865,-0.018862251
-0.002777466,0.31204802
-0.021779308,0.15503737
-0.018305207,0.036367506
0.0016887289,0.37756914
-0.03489174,-0.104401365
0.045866624,0.06355626
-0.03773661,0.07268722
0.01626501,0.017748002
-0.009669108,0.098758444
0.0030682269,0.16185053
-0.0069421306,0.015497884
0.008918871,-0.15433864
0.01123822,0.12709415
-0.0087186545,-0.07387393
0.013087495,-0.04778238
0.008834206,-0.048802406
-0.011592822,-0.22201136
0.027250286,-0.1608077
-0.0074782204,-0.0034152656
-0.0070052696,0.15806212
-0.008620008,-0.07095533
0.0029160667,0.004364671
0.0005204105,-0.18458776
0.005473593,-0.033277363
0.010366678,-0.5715632
0.012952205,0.19774455
0.0015215912,0.12242865
-0.0031182687,0.1672479
-0.00073405297,0.024914512
-0.010084268,-0.09411085
0.0057755886,0.03419406
-0.0003007557,-0.079015404
0.0030342466,0.13713866
-0.0015280566,-0.025700472
0.0033668955,-0.068232305
0.0013000059,-0.14311922
0.00444127,-0.099287
-0.0002281559,-0.0669578
0.0037408418,0.045748554
-0.0061219274,0.004990216
0.006313929,-0.07596724
0.012800889,0.0044974308
0.0006795531,0.076591246
0.00608426,0.029082868
-0.0057104467,-0.23342496
0.008703167,-0.06309164
0.013345157,0.058080014
-0.012063125,0.25068262
-0.017458707,0.046889346
-0.004914362,0.118870355
-0.0027383482,0.010809121
0.013396218,0.06663976
-0.004826725,0.06852531
-0.0037187983,0.12527618
-0.0013188715,0.11480873
-0.0052510463,0.011078872
0.013342574,-0.018628646
-0.00093931216,0.03443202
-0.0024451779,-0.13104217
0.009718064,0.056262538
-0.0065565184,0.08034053
-0.015072152,0.010445012
-0.002769033,0.11361528
-0.0051857787,0.073199324
0.009518874,-0.040006567
0.013303865,-0.11747474
0.015750898,0.010311455
0.0069405288,-0.05150932
0.0003076041,0.09589933
-0.01078688,0.0362542
0.013103285,-0.09091756
0.0036896244,0.036472786
-0.011430579,-0.052021123
-0.0067211385,0.016730214
-0.025129661,0.056305107
0.008994801,0.052008964
-0.0213125,0.1611177
-0.0036051509,-0.072848886
0.014238351,0.019038538
-0.012770751,0.15263063
-0.021587025,0.16868244
-0.0072503295,0.10858606
-0.0072445692,-0.05058521
0.007708013,0.29165462
-0.030756563,0.14474066
0.0101105245,-0.23680711
0.032105446,-0.271426
-0.0027568312,-0.085273996
-0.0020058881,0.08904852
0.0021213363,0.119256906
0.004531279,-0.14893068
0.03168804,-0.11188358
0.0025952884,0.04594173
-0.04222925,-0.0026241923
0.028950721,-0.09356979
-0.016106084,-0.024533411
-0.018002532,0.2733169
-0.027010556,0.0072816974
-0.0032269743,0.032935783
0.002203384,-0.066813365
0.0010615112,-0.045451704
-0.014130061,0.17851946
-0.000807991,-0.0058355033
0.007366361,0.008338592
0.009363811,-0.13074625
0.030882576,-0.23990428
0.013102473,-0.18142335
0.013746798,0.054620344
0.010669073,-0.035914257
0.0032240055,0.070216544
0.007586783,-0.15141173
0.017012546,-0.12985906
0.012092937,0.08201205
-0.003197303,0.06606771
0.006575928,-0.082185015
0.00027401233,0.00030315542
-0.00065430964,0.03726837
0.005490957,0.05697513
0.0009823217,0.06719038
-0.0035112153,0.043685477
-0.006714826,-0.008518291
0.0015510974,-0.024961254
-0.011853639,-0.06830165
0.007034347,-0.12080957
0.014421027,-0.0016552297
-0.011825947,0.02875847
0.010996585,-0.08142181
0.0008363475,-0.037541255
-0.0002223074,-0.01609809
0.007726953,0.06687354
0.0042687147,-0.02761449
-0.00017781573,0.085575975
-0.008075881,0.11025669
0.015052633,0.0004656997
0.019098906,-0.1577867
0.01787446,0.104436904
-0.0003573728,0.19286296
-0.001510717,0.04860722
-0.0055679968,-0.09433719
0.008897702,-0.079646796
-0.016944923,-0.081554644
-0.004499883,-0.035546627
0.022518422,-0.05174899
-0.010489381,0.06880821
-0.0004036175,0.013150595
0.008424234,-0.1572379
0.0052813776,-0.11772441
-0.0018602909,0.011483265
-0.017034259,0.10133061
-0.0046555614,0.028622277
0.008328506,0.017378699
-0.005420508,0.049532495
0.0023827385,-0.013694491
0.0077917622,0.17565611
-0.010645601,-0.06118397
0.019673735,-0.118855245
0.00884386,-0.051567085
0.009882103,-0.03127189
-0.018136665,0.21731892
-0.00472676,-0.013780054
0.017304454,-0.09257235
0.0036605871,-0.12967865
0.0025407155,-0.07834454
-0.008236952,-0.06594532
-0.0039816545,0.103277266
-0.013450517,0.019059587
-0.016165178,-0.11398063
0.002276521,-0.08080101
-0.00045267039,-0.07404874
0.009604348,0.07709479
-0.010255802,-0.0032068265
-0.0063141133,-0.014587577
-0.0076653445,0.015529653
0.005365953,0.23869674
-0.015803007,0.018944789
0.0035683843,-0.013677183
-0.013880599,0.15960614
-0.031096436,0.17340976
-0.012364911,-0.1551408
0.026203161,-0.114776716
-0.00765337,0.034021437
-0.014819722,0.1489795
-0.029900724,0.15919168
-0.019242043,-0.09528691
0.0368886,-0.04965682
-0.01427139,0.24035345
-0.005643814,0.040396273
0.018843055,-0.08042536
0.003210563,0.10601206
-0.014629,0.09276593
-0.0010889223,-0.039554015
0.0018275524,-0.18549246
0.02660395,-0.07793252
0.0012956706,0.02847477
0.009049704,-0.081461556
0.0046996637,-0.050680462
-0.004072031,0.08200789
-0.004096567,-0.06466285
0.017490543,0.14761995
-0.011635853,0.055484883
0.005632789,-0.044412
0.015334071,-0.006217673
-0.0054858252,0.02018136
0.03591596,-0.23582709
0.0074904324,-0.078178994
-0.011306331,0.107923836
-0.0046346257,0.0778422
-0.005602004,-0.013724784
0.0103403265,-0.16251823
-0.014364939,0.21355484
-0.012465404,0.10217768
-0.011665296,0.3007511
-0.019837465,-0.0012865058
0.0042650625,-0.052999422
0.015886398,-0.19147463
0.024627408,0.0796162
-0.006782167,0.02008011
0.0015887315,-0.025929548
-0.0004442705,0.03552259
0.0021685348,0.059182175
-0.0012389743,0.035989437
0.004149815,0.04821515
-0.002257952,-0.18460295
0.018044807,-0.07038936
-0.011356175,0.06360455
-0.013138518,-0.11364345
0.0070006326,-0.0020314492
-0.001545082,-0.1187823
0.017504103,-0.18995532
-0.0074877646,0.13532725
-0.0028086924,0.17812887
-0.007909963,-0.021171983
0.0016264325,0.00929641
0.00096207333,-0.009648646
0.013395395,-0.084809616
0.014432469,0.0053302185
-0.0022202774,-0.013159361
0.012401211,0.13256966
0.0065853903,0.121197164
0.00078627217,-0.04467847
0.0021126373,-0.022393145
0.0010820418,-0.100503266
-0.0042700553,-0.004067052
0.0009422981,0.0023208584
0.0021017636,-0.013277589
0.0077780336,0.04407853
0.0023192442,0.12665777
-0.0035508815,0.024105795
0.010272404,0.085416935
-0.00910294,-0.053791393
0.008347829,-0.10817882
0.00019904482,0.20371613
-0.013093326,0.19709973
-0.027339973,0.1315027
-0.0079233255,0.123700574
-0.020302972,0.08819702
-0.01535348,-0.09166999
0.020010864,-0.23169422
0.008388939,0.15205887
-0.010182927,-0.043462712
0.025276719,-0.0595533
0.0081845205,-0.01576603
0.0023002503,0.03555561
0.003858456,0.13460287
0.0045441175,0.03353962
-0.0011300489,0.076353796
-0.003373859,0.07210903
-0.017014896,0.08702066
-0.019071393,0.046312507
0.01686682,-0.008817671
0.004839381,-0.0073587685
-0.0009818899,-0.0046249204
0.003474649,0.13624951
-0.009737554,-0.014457087
-0.007564335,0.096921295
-0.011981344,0.00025944723
-0.0042177853,0.09626195
0.00022161659,0.05589438
-0.009482293,-0.006958159
0.007951961,-0.051346704
-0.009748077,0.06560252
-0.028177999,0.13893302
-0.0047014225,0.09424611
-0.008076677,0.16378684
-0.014765978,0.12004537
-0.0031050039,0.08087353
0.0033269154,0.012408068
-0.006658181,0.058599815
0.0039930376,0.10304991
-0.01894698,-0.09374067
0.030654345,-0.15474552
0.0034414008,-0.11267994
0.032024294,-0.09825389
0.0043546385,0.01584616
0.006064644,0.024715621
0.007952471,-0.028542984
0.014132423,0.047095347
0.0024041021,0.053732086
-0.0166314,-0.08993361
0.021776505,-0.054625064
0.023618672,0.009810075
-0.007893507,-0.16114339
0.012739483,-0.20214865
0.0066242637,0.037009668
-0.003947064,0.20050786
-0.009778395,0.011374235
-0.012663674,0.13950697
-0.021365857,0.25329033
-0.033483595,-0.020024374
0.006773901,-0.035452493
-0.009062563,0.101622835
-0.021158606,0.067227356
-0.011357354,0.22629073
-0.02200792,-0.059049938
0.031181604,-0.00024184816
-0.009122539,0.03940168
-0.00040317117,0.057937045
0.00015757291,0.070776716
0.014206756,-0.2041266
0.01579344,-0.012053497
0.005291393,-0.01283837
0.014095973,0.1401255
-0.0041696145,0.059171468
0.0052175527,0.04589825
0.007685121,-0.019182209
-0.0068048676,0.037044004
0.00666028,0.26631913
-0.01222734,-0.048315123
0.010709163,-0.007632521
-0.0053350953,0.055947643
-0.012884483,0.0
-0.005123375,0.0
0.0030277928,0.0
-0.040340785,-0.23271263
0.028684579,-0.10592409
-0.017178047,0.026429115
-0.0005720749,-0.07719014
0.017399676,-0.087673314
-0.0132624,0.006590142
0.00026090746,-0.12663586
-0.0009185774,0.17148857
-0.00055655686,0.24973387
0.008072194,-0.34702814
0.043333896,-0.15969254
-0.003632366,0.048853524
-0.012323698,0.08732922
-0.0020983128,0.041794717
-0.005604026,0.13016373
-0.0045268238,-0.05162616
0.0061966316,-0.07097906
0.0026155524,0.073081255
0.011501351,0.051314846
0.0031333761,-0.09459815
0.01338624,-0.13963
0.014048615,0.05999446
0.0030818023,0.0029075432
0.0133015625,0.07747676
0.004729151,-0.2433815
0.0046531437,-0.103378415
-0.008593363,0.13055679
-0.011919187,-0.07881776
0.015698815,0.053696834
-0.010859459,0.36657485
-0.039800566,0.16136183
-0.008712128,0.16650942
-0.014288034,0.013410302
-0.0023555988,-0.031799264
0.0018967639,-0.1712955
0.0046286527,-0.04702206
0.0080770645,-0.03846163
0.01438247,-0.013705298
0.034259975,-0.16262877
-0.000734756,0.028677445
-0.015798587,0.095807545
0.0026388774,-0.075887084
-0.006311394,-0.008591057
0.0069623217,0.0035988246
-0.009518264,-0.25555617
0.014339253,-0.05077777
-0.002837048,0.016012741
-0.005119751,0.029494036
-0.0035110621,-0.16321796
0.018444268,0.30085683
-0.0023626802,0.24035291
-0.010809382,-0.057117425
0.023647806,-0.052025296
0.0051616635,-0.010185915
-0.009999963,0.051723637
-0.0066442895,0.016622208
0.0052748583,0.15072
-0.009551351,-0.016476946
0.011696765,0.14468864
-0.0029794357,0.07619335
-0.009297877,-0.028881876
0.018073399,-0.18739866
0.023093367,0.21628053
-0.020916913,0.0
-0.00874795,-0.081801124
0.016961927,0.081801124
-0.01106085,0.0
-0.004861611,0.0
-0.010717407,0.0
0.002347951,0.0
0.011608498,-0.028780129
0.012581285,0.028780129
-0.011274113,-0.14627258
0.012928684,0.03265508
-0.0055851676,-0.16184948
0.0074388515,-0.2613323
0.0010227838,0.13564634
-0.017709704,-0.058981713
0.0006231819,0.10578406
-0.026458092,-0.014650197
0.007413675,0.073193856
-0.022993067,-0.018792372
0.01753493,0.1302063
-0.018240724,0.08070281
0.0021874052,0.10369021
-0.028135672,0.0
-0.013397275,0.0
0.0074349665,-0.13480131
0.026048707,0.13480131
-0.041544154,-0.002680856
0.03588111,-0.060455225
-0.0013601528,-0.18383934
0.01592714,-0.12001028
-0.009578606,0.030718338
0.0010997572,-0.092032745
0.004338923,0.014225007
-0.0019210232,0.24756813
-0.01383957,0.03731412
0.01756741,0.12919284
-0.030408716,0.0
-0.01956264,0.0
0.013147477,-0.21840252
0.008806886,0.12231224
-0.013323824,-0.08734591
0.01923167,-0.0053507234
0.0051043658,0.052090667
-0.023439392,0.11904731
-0.0070508216,-0.195811
0.023914384,-0.3682728
0.017079689,0.13113114
-0.0077028163,0.13646068
-0.008929001,0.015642432
-0.0069245705,0.06173207
-0.010084836,-0.009985402
0.01157008,-0.15689461
0.0029136748,-0.12814017
-0.008775069,-0.13582504
0.01855392,-0.24369726
-0.005014212,0.33716744
-0.0047784685,0.10634597
-0.0074457587,-0.09638286
0.021413416,-0.3367528
-0.009059822,0.0939555
-0.013853451,-0.20765316
0.017000146,-0.030137854
0.009484452,0.16606052
-0.01705647,0.13316616
-0.004463688,-0.0495537
0.017993504,-0.24144761
0.014499237,0.072977014
-0.0074580386,-0.114884645
0.011107744,-0.14319019
0.0050140275,-0.030263972
0.014984311,0.45454443
-0.021249667,0.019266952
0.0046837963,-0.038247775
-0.015421728,0.10905242
-0.009072747,0.06306971
0.028383274,-0.09095163
0.00044555054,-0.082000464
0.014191342,-0.20002109
0.01907796,0.086489625
-0.039174408,0.256147
-0.0103887385,0.3681608
-0.020830866,-0.10925748
0.036367122,-0.203994
0.027481468,-0.087402426
0.003259031,0.12033064
-0.0047137714,0.270696
-0.016773487,-0.027636232
0.015759135,-0.21889
0.02771766,-0.07402606
-0.015185057,0.105574556
-0.009587532,-0.38132223
0.031947974,-0.049384646
-0.019845925,0.04070842
0.0019448686,-0.16865304
0.010585438,0.4792914
-0.027954536,0.19717263
-0.017401185,-0.08326808
0.029560331,-0.6130948
0.0451738,-0.007842299
-0.016463537,-0.009355649
0.0053389203,0.12076416
-0.0073839603,0.17313723
0.0014202252,-0.07487383
0.0007112153,-0.6298567
0.03592725,-0.42263278
0.002697424,-0.30028048
-0.0056284945,0.26162264
-0.013481144,-0.0008373693
0.013916863,-0.09769574
0.010525311,0.09333193
-0.009883329,-0.05870612
0.008916806,-0.061149247
0.0055937767,0.18862198
-0.00090477447,0.08174768
0.009359167,-0.10231203
0.014210005,0.12618007
-0.0035758805,-0.023385517
-0.0051551233,0.17774753
-0.0049349936,0.012226039
-0.014244208,0.5683399
-0.026520168,0.20059055
-0.0018678356,0.14283255
-0.014987726,0.05472435
0.011892565,-0.171595
0.0083704535,-0.10316113
0.01281187,0.1356635
-0.0067953104,0.0064023584
0.010719661,0.10750204
0.00019058399,0.30887425
-0.009545197,0.12576456
0.004056475,-0.08736443
0.016002394,-0.124362834
-0.0023109105,0.0010367522
-0.003011418,-0.02203904
0.01033793,-0.033426024
-0.00093325856,-0.026631173
-0.0037113167,-0.10193399
-0.003690126,0.11132751
-0.007669604,0.060473
-0.0065536047,0.11518497
-0.00401362,-0.073057115
0.011936963,-0.11840119
0.00021691251,-0.026513819
0.0005435014,-0.08625441
-0.0014324007,0.027004138
0.009779971,-0.013742164
0.016700134,-0.050948594
0.0025878549,-0.010815459
0.004212371,-0.02577078
-0.010221072,0.10173701
-0.004838176,0.09297199
-0.0060020387,0.20064932
-0.010006226,0.063725635
-0.0040391833,0.096335456
-0.021321936,0.011750747
0.013344517,-0.09809085
0.009788569,-0.071628846
0.001697647,-0.06303943
0.0008044285,-0.1314783
0.009239147,0.008691605
-0.0024860885,0.119623795
-0.008811324,0.03385498
0.009026158,-0.022674201
0.0014457484,0.18579538
-0.019779399,0.19120613
-0.026636856,0.05396337
-0.013427727,0.0
0.0014625195,0.0
-0.021504665,0.0
-0.01118843,0.0
-0.0031817306,-0.09302141
0.0049493266,-0.2516916
0.020913264,0.09744034
-0.021239657,0.14479096
-0.012456763,0.065069474
-0.004805343,-0.08698402
0.010518269,0.12439627
-0.0013026432,-0.041501623
0.015812023,-0.095211096
0.008801615,0.11210743
0.0010113001,-0.11734625
0.0078942105,-0.020589659
-0.0018023691,-0.3399111
0.01685261,-0.033174325
0.0049132397,0.03574077
0.006249726,0.020679254
0.013582224,0.019320942
-0.017500453,0.031494357
0.0042482126,-0.06479698
0.010317328,0.17554496
-0.016962118,0.12766477
-0.017957207,-0.07283166
0.016228858,-0.014624031
-0.014984126,0.033331394
-0.010135376,-0.07958029
0.014602413,-0.0562115
0.018111432,0.18550718
-0.030960327,0.19438747
-0.034102764,0.0
-0.0105394805,0.0
0.003524187,0.0
-0.031012535,0.0
0.011100026,-0.08252513
0.0068277516,-0.048237424
0.0005936335,0.10928785
-0.003376566,-0.04736421
0.029243972,-0.2185572
0.028720682,-0.17733634
0.0017030393,0.019664217
-0.0016476563,-0.54228204
0.024852382,0.29036888
-0.021188475,-0.038938884
0.0009919829,0.0773191
0.008847099,-0.12479341
0.0088336365,-0.03156754
-0.0012859693,0.0015204006
0.0027746866,-0.16673799
0.02551151,-0.18397672
0.0023404153,-0.039879154
-0.006585924,0.052778266
-0.0126703745,0.07653199
0.0026304573,0.03502569
0.005316386,0.0024814385
0.008480512,-0.15781292
0.011513569,-0.1079199
-0.0057892594,0.008462631
-0.00886166,0.025159376
-0.007903278,-0.016764738
0.0018696997,-0.07085463
0.006360031,0.073985405
-0.07396883,0.26116958
0.009568732,-0.14548926
0.018642746,-0.14005038
-0.01864817,0.046991616
-0.04053213,0.019392861
0.00949409,0.11819587
-0.047109727,0.2263301
-0.015356509,-0.16116114
0.051838607,-0.08958094
-0.02448911,0.062834896
0.0015570736,0.08737732
0.004896446,0.11202276
-0.0044748746,-0.101419866
0.013079148,0.11868946
-0.0024765276,0.30429533
-0.01444469,-0.0066172606
-0.0026445081,0.028280249
-0.002849246,0.08431257
-0.012569712,0.039428797
0.014689229,0.045947094
-0.00752995,0.05431584
0.0033049865,-0.07661109
-0.007416783,0.120143816
-0.0055268393,-0.05499158
0.010792298,0.018656224
-0.0039865226,0.21840951
0.0090884,0.092090584
-0.012723312,-0.16459408
0.03521065,0.12317972
-0.0021080102,0.04141436
-0.004543661,-0.07229509
0.0059452057,-0.036647707
-0.004125516,0.091977514
-0.018453375,0.016965285
-0.012734743,-0.105223455
0.012173664,0.105223455
-0.027655866,0.0
-0.030872967,-0.09975833
0.03382548,-0.23713791
-0.015646877,0.115066834
-0.029243004,0.09436523
-0.017624265,0.12746418
-0.011280776,-0.039355356
-0.0034685514,0.039355356
-0.041867808,0.0
-0.003384118,-0.041056048
0.023329977,-0.15467463
0.024221797,-0.031133674
0.00047938596,0.08371022
0.011092277,-0.03470017
0.011008665,0.09303616
-0.011611176,-0.061306186
0.0032401006,-0.13317259
0.01137809,0.109792404
-0.026922664,0.1456561
-0.0048138434,-0.0543739
-0.008064213,0.05271158
-0.001280885,-0.07845426
0.011166832,-0.07348946
0.01776617,-0.42177683
0.013987899,0.1402677
0.000930844,0.018602189
-0.0020042912,-0.13777648
0.01339994,-0.01769145
0.0011026483,-0.06701939
-0.0057775835,-0.23670048
0.0024055988,-0.04400284
-0.02302026,-0.008177032
0.00081637735,-0.19354016
0.016004687,0.036625408
-0.016227674,-0.058749534
0.0068182726,0.060841154
-0.017869703,-0.29897192
0.022345565,-0.00957795
-0.012626052,0.13459656
-0.0013047865,-0.43922788
0.044257782,-0.16831274
-0.0005642796,-0.41629323
0.0074922717,-0.24390407
0.007593926,0.079065785
-0.009547588,0.061899845
0.00086392765,0.46742734
-0.017911348,-0.10101186
0.014212443,0.020187678
0.000790499,0.24308155
-0.005593276,0.15297185
0.0031319861,0.12335247
-0.0034472113,-0.049879484
0.006728371,0.112036616
-0.009098379,-0.025199478
0.008714906,-0.08340856
-0.00014075328,0.07731885
0.005528806,-0.13407584
0.0019664431,-0.15504576
0.008420518,0.07604643
-0.00523178,-0.07098483
-0.00012200477,0.047670957
0.00064581103,-0.10917557
0.016242793,0.11767574
-0.022437515,-0.36512882
0.027984798,-0.05017435
-0.019010428,-0.10423636
-0.0008605968,-0.016760215
-0.003752773,0.22094549
-0.016307011,0.21033458
-0.016345523,-0.2561942
0.033824876,-0.15501736
0.009361907,-0.05459348
0.012486024,-0.544447
0.026634086,0.036687855
-0.0021886323,-0.021395892
0.01160221,-0.1303736
0.0059634806,0.18976511
-0.0059650913,0.13278334
-0.0072853933,-0.112003274
0.01595406,-0.13232662
0.00082649605,-0.026059194
0.007312296,-0.016093876
-0.0020338446,-0.0703587
-0.00548676,0.10084306
0.02430525,-0.15807857
0.007875518,0.117689736
0.0006714932,-0.24761528
-0.0040523806,0.036738466
-0.004253949,-0.010416155
-0.0032277503,0.07534885
-0.005149028,-0.21620837
0.0058556213,0.05051729
0.003192031,0.06285604
-0.0058650915,-0.013081624
0.0067989593,0.002039467
0.009291829,-0.11821364
0.0048184707,-0.13309515
0.00589636,-0.07166846
0.0041917036,-0.070435226
-0.0035158494,0.09065605
4.1702064e-05,0.12858
-0.010040615,-0.19578409
0.023870315,-0.035531983
0.00229765,0.07648462
-0.011307685,0.19814329
-0.01516041,-0.08811276
0.015489871,0.17338802
-0.03474114,0.62707925
-0.030679248,-0.08132396
0.009734334,-0.18245855
0.01580523,0.1191295
-0.010527202,-0.19663051
0.025062837,-0.11627004
-0.0013605466,-0.038780205
0.014433311,-0.06690936
0.0096968915,0.04222599
0.015908107,0.031355184
0.017722787,0.16288765
-0.0014285137,-0.03883669
0.011698862,0.0065700253
0.0077677052,0.10247588
-0.0025251957,0.027771195
0.010002267,-0.06690588
0.004175325,-0.020156713
0.0100719,-0.026647678
-0.0036186841,-0.0018040469
-0.0036058985,-0.10246895
0.0031976402,0.05474335
-0.004087733,-0.024742283
0.006982833,-0.106186464
-0.00020618952,-0.0024769725
0.001301516,0.07251106
0.0040884167,0.019858517
-0.004245938,-0.10939562
0.0050144168,0.16533078
-0.0078424085,0.09479782
0.0052282903,0.036124635
-0.0017853926,0.006923817
0.006980768,0.0014893294
0.02224845,0.1254336
-0.014686791,0.0054516885
0.0025526965,-0.0134809585
0.003697949,-0.19429713
0.012450093,0.049883097
-0.006600003,-0.10282267
0.014773456,-0.08416941
-0.010051247,-0.050937705
0.01241772,-0.06685229
-0.006663597,0.06476534
-0.004674204,0.026936367
-0.0014134229,-0.031774823
-0.0070693553,0.04560548
-0.01212257,-0.016964022
0.00025665993,-0.05410151
0.0021285214,-0.16441457
0.0194308,-0.027194913
-0.008078824,-0.06266947
0.0069559263,0.00041854422
-0.0012730325,-0.03854109
0.0050402377,0.12410821
-0.0040388787,-0.06680911
0.016372124,0.024922112
-0.01338496,0.07297583
-0.0037599322,-0.10695902
0.015450086,-0.040390152
-0.0005815715,-0.05512398
-0.007013186,0.056029473
-0.005940843,0.089213714
-0.011804104,-0.08661713
0.0026914906,-0.033472925
0.005263159,0.053958427
0.0066324873,0.040964827
-0.0003301613,0.010613319
-0.004858065,-0.013972162
0.00081975805,-0.0020374567
-0.0070832595,0.031870257
0.00508947,0.058973495
0.00034651847,0.07319937
0.010257361,0.041202158
-0.00848285,0.048607156
-0.008817064,-0.015373004
-0.0047367625,-0.06918457
0.016234865,0.108562335
-0.0096411295,-0.120030195
0.010412991,0.04532323
-0.02227632,-0.024470797
-0.002012688,0.07901672
-0.0057218093,0.022788763
-0.010986828,-0.3692591
0.03693637,0.054342907
-0.017521717,0.02684191
-0.008971393,0.11231924
-0.017207703,-0.10340184
0.027876915,0.040624987
-0.02836841,0.11338646
0.0068897507,-0.11451723
0.010793045,-0.15687019
0.005471615,0.26987544
-0.013282603,-0.047627456
0.019177075,0.24758302
-0.020063734,-0.0076794066
-0.0021230709,-0.04200388
0.007826315,-0.13316244
0.018295573,-0.071732394
0.009247198,-0.040053017
0.0061815316,-0.25688675
0.017714066,-0.06302522
0.011524695,-0.027228838
-0.0014094692,0.09403512
0.00013892679,0.02315748
0.0010909688,0.16027857
-0.00784105,0.07940384
-0.0078114825,0.20820597
-0.019567978,0.08851993
-0.013883503,-0.05425986
0.008508404,-0.016754542
-0.00870957,0.030195845
0.0033317478,0.031168934
-0.008923098,0.016849969
0.003972225,-0.10907406
0.019207265,0.24950103
0.0032836064,-0.26368764
0.012022017,-0.09508879
-0.0037586796,-0.05380587
0.0042801457,0.06708909
0.0011498086,-0.028611058
0.0085120015,-0.08075828
0.0021688538,-0.024149828
0.009110283,-0.07940229
-0.0016333618,0.04277946
0.0018516559,-0.2726609
0.00586963,0.028961925
-0.016128711,0.042649962
0.0029471323,-0.3332063
0.025234446,0.055786014
-0.007554979,0.16778712
-0.00823516,0.018040199
0.013416959,0.026480017
0.008329561,0.10179729
-0.0032140163,-0.06597823
0.022603162,-0.039258786
-0.009658777,0.14156039
0.004447478,-0.019210322
-0.008763239,0.0033449451
-0.00050569326,0.026578048
0.008370995,0.022796566
0.0037074878,-0.014009224
-0.0058151465,0.036375634
-0.00016045256,0.018068228
-0.0050834585,0.12531279
-0.0020233188,-0.1271088
0.007379761,0.010958029
-0.003355428,-0.019651068
-0.009681023,0.12452933
0.0014227126,-0.016936785
0.01389413,0.23179762
-0.0023169843,0.54980296
-0.0163908,-0.24607795
0.022345047,0.24157503
-0.027139973,0.11967218
0.012650393,0.111103766
-0.02020318,0.09358591
0.009288755,-0.1023037
-0.0011013523,-0.09519439
-0.0033565331,-0.008079761
-0.01790313,0.0402149
-0.012941167,-0.05184505
0.002604411,-0.0064161806
0.0004478537,-0.0058244234
0.012072677,-0.031606853
0.021612987,0.013472426
0.0036103672,-0.014139278
0.020346364,0.02748104
-0.0050397487,0.08545997
-0.025071133,-0.026770793
0.0063708797,0.07856016
-0.0117457695,0.11089141
-0.0101229325,0.12707081
-0.019199809,-0.030263973
0.00092230726,-0.03851527
-0.005986103,-0.06421362
0.01671569,-0.018603032
-0.019449541,-0.07591692
0.005747355,0.049562123
-0.023390356,0.17332609
-0.015052838,-0.0038020005
-0.013884815,0.029528182
0.01724768,0.006816325
0.0029390212,-0.07805947
0.0045343186,-0.15197064
0.02414277,-0.038185243
-0.0113782585,0.15285207
-0.0017708347,0.11513801
-0.0036620963,0.0742302
0.015816212,-0.025191
-0.0014532402,0.06944851
-0.019468838,0.0881073
-0.01370292,0.096456535
-0.01045609,0.14604557
-0.019636042,0.11711695
-0.020862728,0.025278082
0.0069365683,0.16314672
-0.022756625,0.42981672
-0.0054475404,0.101838045
-0.004580642,-0.19569606
0.014252558,-0.13025229
-0.0055951774,0.10321942
-0.014159928,0.094789505
-0.007373074,0.05317414
-0.0026274566,-0.026851801
-0.002864848,0.51073986
-0.03287981,0.14941362
0.00010104198,-0.024858916
0.007463538,-0.022097988
-0.017665667,-0.068262905
0.011302289,-0.18520734
0.01710895,-0.08405255
0.0002763092,-0.18868014
0.014777843,-0.2208586
0.022675123,-0.108256884
-0.0034354145,0.07780076
-0.009313944,0.04646388
-0.00217623,-0.03917279
0.011965947,0.18935975
-0.010253993,0.09271278
0.008870874,-0.1736062
0.010875489,-0.037076708
-0.0028678677,0.01299455
0.005823302,-0.0085549
-0.0006387744,0.09167068
-0.0057608266,-0.044786457
0.019539569,-0.0062473114
0.0025230276,0.15707335
-0.0022420753,0.0051833726
0.00045271206,-0.03154847
0.004048322,0.12585773
0.0065358495,0.071029864
-0.011009157,0.023013841
0.011035506,-0.068595245
0.014626187,0.10070093
0.014518632,-0.07151595
0.004847136,0.20702314
-0.011585692,-0.028944818
0.021751445,0.011787551
0.0041289567,-0.0057134554
-0.022077998,-0.0032146005
0.013073236,0.020951673
-0.010006193,0.1007598
-0.000611451,0.094981804
-0.0074246777,-0.012975359
0.0010727472,-0.03661993
0.008905243,0.08621804
-0.00020189793,0.08328211
-0.01537269,-0.10903765
0.015066879,-0.5865199
0.027848877,-0.10116166
-0.017700337,0.3147959
-0.043566644,0.2968508
-0.03394145,-0.13276958
0.022306763,0.024276882
-0.03667371,0.12819938
0.00056927965,-0.26328853
0.034863207,-0.112275705
-0.01006849,0.35249263
-0.0134733645,0.23217437
-0.0055807736,0.013617412
-0.04094602,0.0
-0.017907064,0.0
0.0029571496,0.0
-0.02627584,-0.02285186
0.028351353,0.02285186
-0.019843211,0.0
-0.00949192,0.0
0.0064357696,-0.18740344
0.024960937,-0.24572602
0.015388101,-0.20259154
0.018686287,-0.05577764
0.0006474587,0.18142018
-0.021235168,0.12081005
-0.00012866576,-0.043176018
0.019257091,-0.003029956
-0.0049162614,-0.1274904
-0.0040658293,-0.077277966
0.009553468,-0.08524043
-0.0018443081,-0.12330014
0.017400369,-0.047153603
-0.006830994,0.01764146
0.013224348,0.016795315
0.004664369,-0.1401738
0.008530837,-0.07925759
0.0002064443,-0.16792555
0.00913554,-0.046473585
0.0025055995,-0.07067126
0.0021148892,0.16963352
-0.0065424424,0.025932368
-0.0009540253,-0.061061002
-0.0053095985,0.07130094
-0.0059662666,0.09610902
-0.001604063,-0.22016674
0.02219833,-0.15386838
-0.0118579455,0.06383596
-0.01963073,0.102210484
-0.0044075884,-0.117152564
0.022622667,-0.089537196
0.0020095892,0.24797218
-0.00836595,0.081153244
-0.0038504712,-0.4652279
0.031237558,-0.31895712
-0.00095875654,0.0020060057
0.0063260044,0.03349608
-0.011255223,-0.021077681
0.00040061877,0.03757009
-0.0026602,0.13692066
0.0080544315,-0.06838232
0.010344103,0.0071242093
0.004380811,-0.022125736
0.018534295,-0.035722256
-0.009238732,0.10729439
0.0066656936,0.16383855
-0.008230142,0.1772317
-0.014251545,-0.07451566
0.013652982,0.08095103
-0.015246763,-0.01745264
0.00019949762,0.01577765
-0.0057574157,0.06482123
-4.3903245e-05,-0.041728344
0.023894174,-0.02215493
0.0019208966,0.063306704
-0.007487151,-0.049324326
0.015290894,0.034651842
-0.0029106725,0.06562222
0.012657635,0.08613983
0.0026344245,-0.028276961
0.0018413862,-0.041759085
-0.0015019556,0.04065084
-0.003856372,-0.1667045
0.010608584,-0.011917414
-0.00086864876,0.027780749
0.00038327984,0.0654162
-0.0037397752,0.19461375
-0.004945457,0.027826121
0.00496443,0.08969687
-0.0104467785,0.07396175
0.004821742,0.1569379
-0.0034103924,-0.060540356
0.010006756,-0.40334326
0.027021542,0.13944468
-0.008826518,-0.008235569
0.0025015846,-0.12564987
0.0010705718,-0.0852553
0.0023356539,-0.1308985
0.027148254,0.052708607
-0.003168625,-0.024634587
-0.00019567076,0.033307582
-0.008001199,-0.042302985
0.0051662307,0.09200589
0.0056644464,0.014342989
0.0060306634,0.20595011
-0.0019044022,0.1046708
-0.010493649,-0.04166333
0.017854836,0.06244848
-0.0034260573,0.017471008
-0.005953784,-0.12959883
0.014497106,0.012240732
0.0014074752,-0.088852234
0.01595217,-0.37291119
0.0073038805,0.2554931
-0.023149177,-0.68163425
0.050531924,-0.03821417
-0.025520641,0.30133942
-0.02031523,0.105962195
-0.01245001,0.1726632
-0.012643378,-0.13763964
0.032100555,-0.017147712
-0.0040541384,0.16172905
-0.023075525,-0.042856373
-0.009894834,0.14595743
-0.03854838,0.34382868
-0.026189888,0.19565892
-0.004921077,0.15829
-0.005685877,-0.03888346
0.025122054,-0.12848765
0.0014249505,0.123872764
-0.006118635,0.047156725
0.021646097,-0.13989122
0.0044005546,0.09548296
-0.0013267652,-0.05928323
0.008678764,-0.0819401
0.017897889,-0.07804857
-0.002991354,0.11184974
-0.0027844713,0.013977886
-0.0029782092,0.0046782806
-0.004751181,-0.13241327
0.008883645,-0.009009079
-0.015460247,0.1792772
-0.0083192075,0.030686667
0.012861612,-0.020333683
0.014311456,-0.112148434
0.026746443,-0.38459745
0.013464389,-0.18785487
0.010444667,0.00021400295
0.000834861,0.10258725
0.0072923442,0.0110118715
0.0017100694,0.17297542
-0.01944827,0.103541344
-0.01214675,0.07328901
-0.010248823,0.16144244
0.0011831468,0.086553335
0.00014898274,0.058688544
-0.0035574045,0.03029254
0.014323813,0.234423
-0.0075690607,-0.007989008
0.012077935,-0.076963894
0.009818854,-0.23876087
0.0053089885,-0.0950939
-0.0074302154,0.2589579
-0.01567502,-0.052831445
0.017969279,0.14266653
-0.01418444,0.14161293
-0.017642671,0.05949128
-0.01734383,0.14161919
-0.016626928,0.08938605
0.0058333017,-0.07707673
0.004052376,0.06313034
-0.0006793353,-0.015905604
0.01515114,-0.12922515
0.015806127,-0.26314098
0.029866368,-0.20753719
0.009017633,0.06292865
-0.004060381,0.22018588
-0.00996232,0.0872073
0.008747489,0.037476182
0.0117077045,-0.07952625
0.0054244893,-0.27342045
0.0113825435,0.0554376
-0.014165663,-0.031555764
0.012752214,-0.020705963
-0.014008297,0.09066923
-0.00436714,-0.08876753
-0.0044310917,-0.089893386
0.01901219,-0.006833712
-0.0016361495,0.13786468
-0.008585802,0.08238144
0.009684874,-0.020755876
-0.0043616355,0.13585874
-0.002868569,0.08867514
0.011004105,-0.082061574
-0.008567316,-0.08044734
0.016307393,0.017013196
-0.0037401696,0.024372058
-0.015157377,0.16629343
0.0035631391,0.15439469
0.008213607,-0.07502117
0.020082915,-0.18309596
0.013671143,-0.0014195283
0.010184921,0.06387795
-0.00011802011,-0.07899301
0.010755641,-0.10946278
0.0051480974,0.055482462
0.0043095285,-0.048285596
-0.009942388,-0.07104831
-0.0045313314,-0.0108747985
-0.010258007,0.10429925
-0.013044836,-0.028442357
0.0049766474,0.14155284
-0.025011458,0.0927328
0.0029614796,0.19765435
-0.009618259,0.0
-0.0006900346,0.0
-0.036909785,0.0
-0.0065316064,0.0
-0.011930554,0.0
0.0057698237,-0.06071812
0.011387624,-0.048929334
-0.0034318124,-0.019956233
-0.0056138416,0.103528894
-0.03431528,-0.048237715
0.031084614,-0.21104996
0.0010780243,-0.1821474
0.014907261,-0.02779879
-0.008700617,0.01701188
0.008937443,-0.1051706
0.011586443,0.008500094
-0.006018456,0.04973588
0.03266681,0.030584373
0.0048549566,-0.049201936
-0.0016613412,0.12816349
0.00060456205,-0.011607457
0.018501718,-0.18891749
0.02073175,0.034368783
-0.01615531,0.14352123
-0.009319656,-0.009888813
0.008534141,-0.14358936
0.015687447,0.0014421882
-0.0125304945,0.06332346
0.0002857847,0.14591844
-0.015722524,-0.04108729
0.015483752,0.050438296
-0.0053344863,0.045944322
0.007714657,-0.0024239114
0.0062719574,-0.10253753
0.019645363,-0.021652158
-0.0073612034,0.057999764
0.003777782,0.011874275
0.0028319224,0.044647884
0.017393239,-0.01902229
0.0029594824,0.016221419
0.0066088745,0.04493395
-0.0037423037,-0.121886484
0.0016554398,-0.17050779
-0.01219053,0.049197413
-0.008383237,0.05780978
-0.0071425294,-0.045300726
0.0057549016,-0.037558362
0.007902274,0.0140595
0.011930024,-0.026773902
0.0051169386,-0.031846344
-0.009408274,0.072877444
-0.0060257767,0.061269134
-0.0008804616,0.015703944
-0.0034920091,0.040121887
0.0075302757,-0.020738663
0.0006655932,0.13102603
-0.0010995527,0.00085814286
0.0034736297,-0.019239936
0.0111234095,-0.034115873
0.00868661,-0.016057441
-0.010056318,0.00884985
0.007728881,-0.03152678
-0.008686664,-0.1103961
0.016327403,-0.07299906
-0.0047650654,0.029316517
-0.012223192,0.031947646
-0.0016239219,0.18912436
-0.0118335625,-0.07057518
0.019563437,0.0045924233
-0.012812489,-0.09699587
0.019625628,0.049541242
-0.004584862,-0.05873527
0.014669304,-0.07610592
0.007276458,-0.1206857
0.0019579781,0.060013253
-0.00472244,0.12582202
-0.0063695684,-0.047192372
0.009974052,-0.025787182
0.0062382887,-0.036214095
0.0024926583,0.079748
-0.014178118,-0.055337064
0.017864127,-0.11401587
-0.012177053,-0.07953142
0.021298658,-0.09256183
-0.0017305026,0.11796056
0.007835674,-0.035733547
-0.00027789874,-0.09848151
0.009674995,-0.121572696
0.011272048,0.028042309
-0.010538424,0.10677623
0.0031606276,0.06619734
0.0037931039,-0.060927406
0.010942666,0.02889294
-0.0013647858,-0.002050903
0.018084398,-0.037293233
0.016838133,0.046237614
0.0024391434,-0.28894553
0.007268602,0.12751418
0.0073391674,0.011444333
-0.0054087956,0.0823061
-0.0016074718,-0.017394938
0.014844139,-0.5952698
0.017267248,-0.07106502
0.0038295898,0.14983693
-0.018834176,-0.032863475
0.02371836,0.042810235
-0.013070403,0.040771786
-0.0067787324,0.0025605229
-0.0048432625,-0.015093037
-0.0012095772,-0.07378635
0.014783471,-0.025634756
-0.009342945,-0.060763445
0.017713042,0.100756116
-0.0020902315,0.04271765
0.0059787156,-0.0695689
0.011595201,0.24330072
-0.019421995,-0.036962725
0.011391194,-0.084026
-0.0042362357,0.06298038
0.0032483507,-0.074954525
0.012903528,0.027391454
0.002919244,0.0134121375
0.0156110935,0.018002115
-0.017763369,-0.11751168
0.018727701,-0.17941548
0.014933217,-0.09201578
0.00092039205,-0.02944861
-0.01349235,-0.3813174
0.036085982,-0.19315998
0.013280248,-0.07000974
0.0072234883,0.098283865
-0.020615462,0.21888974
-0.023896907,0.19528222
-0.0075335465,-0.056995742
-0.0005781371,0.15403971
-0.024475072,0.08127962
0.0028333585,-0.02101752
0.010433976,-0.32413396
0.028047342,-0.10017766
-0.011983364,0.12916848
0.0025126375,0.18095392
-0.022663152,-0.005969108
-0.0064232964,-0.051426213
-0.0008655153,0.12128092
-0.015412467,-0.12723082
0.031137824,-0.0969426
-0.001681905,0.037513625
-0.015172452,0.01725726
0.012538546,-0.051031895
0.015884414,-0.1921141
0.009739732,0.02858267
-0.008727307,0.11791738
-0.0029966212,0.060420282
0.003943441,-0.002247696
-0.0014344156,-0.12306299
0.006179159,-0.09902667
-0.0018928163,0.024054388
-0.0020103275,-0.002821693
0.011301812,-0.24842697
0.0039026255,-0.023431292
-0.007289364,0.051759373
0.011332041,-0.02793727
0.010457573,0.17617364
-0.00264906,0.08859722
-0.0075051403,-0.012675551
0.0007688252,-0.08211163
0.008993665,-0.117960356
0.013534037,0.047131717
-0.0069589503,-0.07887877
0.0154930465,-0.01504399
-0.016856607,0.13659893
-0.00058042374,-0.14116484
0.020321656,0.050969124
-0.015389513,-0.40402701
0.03824666,-0.11376021
0.000927072,0.13034539
-0.0034782868,-0.013414879
0.008559978,0.15066472
-0.012494732,-0.00070277747
0.006529985,0.16877355
-0.008844827,0.07355066
-0.008972238,-0.07456249
0.013321586,0.028769644
-0.013630707,0.035625815
0.0047375523,0.017470472
-0.0013871627,-0.007537755
-0.0005613519,-0.0008585026
-0.014701732,0.086946145
-0.01203409,0.10579441
-0.016309924,0.113625824
-0.013965858,0.18277922
-0.022081386,0.09574112
-0.0068012327,0.0995369
-0.0017986493,-0.014194481
-0.005083563,-0.11822639
0.0073534073,0.08812077
-0.007619752,-0.033052586
0.0242127,-0.048371006
0.0125646945,-0.19723292
0.020041648,0.12368707
-0.008005687,0.06374261
0.008118587,-0.02376283
-0.0071239807,0.15409978
-0.016854748,0.030710865
-0.0019544626,0.08319848
0.0056053717,-0.030705089
0.024522893,0.20333973
-0.013347234,-0.07209877
0.015462624,-0.028368553
0.0007060622,-0.027135866
-0.006013492,-0.052879337
0.010218998,0.030551221
0.0043809097,0.013377454
0.0017671925,0.03983528
0.0020728242,-0.032983508
0.0042217514,0.013906585
0.0035438407,0.0058507547
-0.009104687,-0.068228096
0.009954804,0.073648594
2.7761329e-05,-0.031173553
0.004767496,0.014242706
-0.0072378432,-0.06579934
0.013144675,-0.055265527
0.0061917524,0.041339304
-0.0024878674,0.121102616
-0.001803188,0.041424964
-0.011350891,-0.15266044
0.0151158925,-0.01985374
0.0029852898,0.0068194256
-0.0062233387,0.05419725
0.014254376,0.011544377
0.005978847,-0.14102641
0.004459356,-0.014080577
0.0050374162,0.1583248
-0.02388259,0.07341296
0.00092227536,0.026854433
-0.0102600595,-0.06344292
0.012207923,0.1218643
-0.018523732,0.12257393
-0.009840607,-0.032550987
0.0021721795,-0.07094102
-0.010808216,-0.019560901
-0.0077116666,-0.10236611
0.011724402,0.03524021
-0.028168265,-0.033113897
0.011806158,-0.048277073
-0.025576208,0.12148743
-0.0033473615,0.026428852
0.005354928,-0.04483416
0.008497478,-0.12773786
-0.013280163,-0.054915983
0.0103261145,-0.059336577
0.00621197,0.1809796
-0.026711842,0.18303436
-0.013132385,0.018948529
-0.009600676,0.060676754
-0.016670167,-0.057210952
0.033572882,-0.10037552
0.006927508,-0.04120667
-0.008595859,0.04690444
0.0086289365,-0.0027100432
0.019234294,-0.14447671
0.017060794,0.10026323
0.008169947,-0.045018263
0.0068051666,0.06099859
-0.0054590227,0.29260802
0.0105177825,-0.03929967
0.012727204,0.03576567
-0.012117323,-0.009980699
0.01887093,1.8185345e-05
-0.009251593,0.45006207
-0.022502825,0.11066904
-0.009008289,0.06066605
-0.01556304,0.08651275
-0.002424453,0.10268011
-0.01661058,0.16966629
-0.0075369477,0.0966381
-0.014644774,-0.2585037
0.0383736,-0.10939116
-0.021619065,0.10972576
-0.025578817,0.05904983
-0.015064456,-0.009760836
0.0136494115,-0.24017495
0.019442819,-0.072247565
-0.0071876696,0.20399733
-0.02510925,0.03217764
0.0045725936,0.033207826
0.004745288,0.021700531
-0.0052947556,-0.078560315
0.0265984,0.009894089
-0.016672906,-0.052749954
0.002061943,0.12307163
-0.022109043,0.023738341
0.019329412,-0.19561519
7.4302196e-05,0.029960232
0.0053248266,-0.05438926
0.018069968,-0.13486208
0.019481484,-0.046985842
0.0015622738,-0.027513612
0.01717696,-0.015846241
-0.012432294,0.06339414
-0.005053002,-0.091219954
0.03089762,-0.09229574
0.009346992,0.0065618777
0.00092197215,0.003303015
0.009887682,-0.07598745
-0.006575472,0.16373679
-0.003577941,-0.46333078
0.012912308,-0.180204
-0.004006137,3.1517624e-07
-0.007529749,0.37049162
-0.017711345,0.04936855
0.011789285,-0.09242133
0.027126897,0.43646333
-0.032986447,0.23865478
-0.02486672,-0.29475382
0.036404118,0.12996657
-0.03501652,0.023769109
0.013288163,-0.06419237
-0.008387519,0.02829986
0.010104396,0.26977777
-0.016844876,0.2720372
-0.020562267,0.017948676
0.007792137,-0.045316216
0.0038071505,0.045316216
-0.022906248,0.0
0.007151229,-0.019011496
-0.01870386,-0.07770758
0.021223783,-0.2747605
0.024864731,-0.13356735
0.0010729614,0.053189617
-0.013402192,-0.071967214
0.0049982183,0.10915484
-0.015565347,0.09593786
-0.009483236,0.028235402
-0.012059491,0.06089462
0.003481588,0.032392096
0.006185871,0.04526501
-0.0025854558,0.096334465
-0.015939504,0.033263363
0.015221371,-0.06687818
0.0108460635,0.08922504
-0.0014571494,-0.06779711
0.017686695,0.039481748
-0.0032478003,0.028315362
-0.0076815505,0.0
0.018620545,-0.15008087
0.00026561844,-0.009414886
-0.0018709564,0.15949577
-0.00027527078,0.0
0.0052039875,0.0
-0.0048878863,-0.008912384
-0.0051670335,0.008912384
-0.00539386,-0.14293836
0.009510307,0.014369939
-0.011143608,0.12856843
-0.01933912,0.0
-0.021263834,0.0
-0.01578435,-0.12711671
0.018830508,0.052385673
-0.022403726,0.07473103
-0.008626496,0.0
-0.030601352,0.0
0.023129467,-0.08727537
0.0038980555,0.06443236
-0.010948155,-0.05500095
0.020193547,0.010017069
0.0132131,-0.08062372
-0.0023735329,0.12568222
-0.0088342335,-0.11310546
0.034880754,-0.20704992
0.0009828825,0.29889435
-0.014378173,0.044029422
0.0073189326,-0.091195434
0.007052649,-0.3076075
0.006570448,0.0116463285
-0.0129233515,-0.32266787
0.029158138,-0.2906264
0.008129602,-0.059875242
-0.0018256934,-0.007538106
-0.00846627,0.1131864
0.005587034,0.023239935
-0.0042408654,0.0936573
-0.010912469,0.012894017
-0.0044989493,-0.2734995
0.015342357,-0.185879
0.003408731,-0.14826515
0.014456967,-0.011730208
-0.0018114232,-0.0030490838
0.016507821,-0.27153298
-0.03091456,0.14389609
-0.022675088,0.059034634
0.017526798,-0.03618847
-0.023783455,0.15991119
-0.0047732904,-0.07320255
7.003499e-05,0.054915458
-0.00044310326,0.0020744086
0.0045930287,-0.050903685
0.013221849,-0.116725706
0.005797809,-0.12635705
-0.0027978476,0.09696851
-0.011929882,0.00640392
0.0038877833,0.0028217868
0.021657225,-0.015325899
0.008647867,-0.08293265
-0.0035800696,0.11736164
-0.011576719,0.031638633
0.019429326,-0.07187909
-0.00060594844,-0.028289989
0.0051938207,-0.08238749
0.010122513,0.015128314
-0.011263991,-0.05083735
0.007175303,0.021874016
0.0070769377,0.041217178
0.0017863937,0.106957585
0.0029617855,-0.14128512
0.001430597,0.020405745
-0.0036879082,0.1735388
-0.0049295384,0.020091716
-0.0065429443,0.06748951
0.01070844,0.020841368
-0.015875831,-0.01575734
-0.016173692,-0.05616061
-0.0076938253,0.021157263
0.018852513,-0.050572086
-0.0036614249,0.04945542
-0.0019489275,-0.09604168
0.009876656,-0.0924167
0.04925985,-0.13690913
-0.014981824,0.1019468
-0.0234013,0.11242236
-0.0047131134,0.010161174
0.011531258,-0.0751175
-0.0027601758,0.07122976
-0.027127786,0.26526806
-0.011913875,0.023452543
0.0020652185,-0.005702376
-0.024897493,0.036310922
0.01997437,-0.1694879
0.01661328,-0.06868585
-0.01247407,0.08883382
-0.011067797,0.06638297
-0.017375087,0.061389413
-0.02144199,-0.06874677
0.03997936,0.00048159302
-0.016195904,-0.008151638
0.0244673,-0.13769002
0.02681726,-0.047842868
0.022356095,-0.09445586
0.004614817,-0.050627127
-0.00022371806,0.118853666
-0.010416013,0.014948088
-0.007775348,-0.03835662
0.009252099,-0.046839505
0.00018698786,-0.005214059
0.008493194,0.042341307
0.0009077729,-0.09468012
0.012364412,-0.0060215304
-0.0050214157,-0.06137769
-0.011684759,0.06901004
-0.011526503,0.05421227
0.0021566413,0.009890798
-0.010592703,-0.20168348
0.018694296,0.06105268
-0.016115392,0.15067121
-0.020901052,0.19621347
-0.02833128,0.016299492
0.032453377,0.034355283
0.0018697602,-0.25318524
0.03268,-0.20312268
0.003383597,-0.019707311
0.02475899,-0.020263817
-0.010834368,-0.17956781
0.03748583,0.09704019
-0.0156135755,-0.022958731
-0.009614108,-0.16288254
0.0061757374,0.118978254
0.0016128449,-0.03109946
-0.0043874173,0.038913846
-0.013331716,-0.05047143
-0.0029126098,-0.098200396
0.007128852,0.35378763
-0.01024949,0.1257543
-0.0026111824,-0.12624028
0.006904537,0.01836543
0.0072576893,-0.11798917
0.0039695585,-0.2299019
0.009502105,0.027795544
-0.012505451,-0.033034325
0.0010300558,0.05496627
-0.0004897256,0.06976821
-0.016351156,-0.04623876
0.009705351,-0.2740745
0.0023568869,0.12995349
-0.0026795822,-0.015920207
-0.0049940273,0.257986
0.0008668888,-0.053486817
0.009223042,-0.04180989
0.0085715195,0.15565474
-0.0063398704,0.111938
0.011297473,0.03317261
-0.018521212,0.27773705
-0.020527137,0.06283704
0.0009978802,0.03960495
-0.001697979,0.20835157
-0.019312961,0.04713121
0.0047292807,0.22369654
-0.015989956,0.061017226
0.014584891,-0.15199932
0.022852484,-0.035384
0.006453593,-0.06931665
-0.0016820661,-0.15742451
0.0062558637,-0.1430027
0.018098596,-0.10961048
-0.011909821,0.026541544
-0.0076638213,-0.037403587
-0.004298744,0.14204516
-0.008902237,0.14856963
-0.0101022525,-0.021370715
0.014458936,0.053225964
-0.003720841,-0.0038987473
0.011918137,-0.09637056
0.018824898,0.050233923
0.00069912267,-0.0013990075
0.0047334763,-0.12758224
0.003520515,-0.036138058
-0.008262125,0.091983065
-0.012794957,-0.05885496
0.003369778,-0.016920434
0.0042742817,-0.014646828
0.006558921,-0.09321889
-0.009566134,0.013330455
-0.0006994071,0.25026652
-0.009439782,0.071157895
0.0046954006,0.013188605
-0.005889644,-0.08602022
0.0013609476,0.18467231
-0.026063928,0.036664434
0.0088619,-0.09799783
-0.0020212652,-0.05961789
-0.012054377,0.20235477
-0.025540726,0.078049414
0.004816384,-0.008545453
-0.0013673652,-0.054971498
-0.010417575,-0.04153579
-0.011598501,0.038136844
0.008959725,-0.079715855
-0.006305325,0.0658556
0.006960607,0.068062805
0.01014792,-0.027794516
0.028207185,0.0016132621
-0.0116358865,0.17588931
-0.012287984,-0.08578249
0.0034163832,-0.033184584
-0.00036335085,-0.028512748
-0.0074580945,-0.014072565
0.010444821,0.022460977
0.00065319403,0.12682568
-0.022699028,0.20523502
-0.027040718,0.08051051
-0.002418534,0.022495069
0.012056148,0.10896094
-0.025590397,0.09854358
-0.0030377086,0.067240715
-0.002816711,-0.07885341
0.0043372046,-0.058435164
-0.011297724,0.09866644
-0.012041996,0.056134332
-0.00094699126,-0.031827495
0.00925293,-0.049185835
-0.0050259307,0.01950083
0.01900334,0.09973411
0.0018852279,-0.06885243
0.011309182,-0.09456362
0.010383771,-0.0072014253
0.0063612433,-0.003911645
0.017927371,-0.011372875
-0.0029611355,0.0022338862
4.1160034e-05,-0.002525771
0.0069841715,-0.08288914
0.008279734,0.06268995
-0.011433427,-0.08382489
0.01680297,0.032971885
7.6111406e-05,0.013243582
0.009841501,-0.026340082
-0.0050581982,0.0011271909
-0.006182842,0.09656065
-0.0073994473,0.016039845
-0.013219602,0.03576419
-0.0025508841,0.16225483
-0.013699971,0.10153141
-0.01444366,0.0
0.003948047,0.0
0.0007110464,-0.072982304
0.0003652044,-0.03559836
0.00510861,-0.06817666
-0.0037039525,-0.0731927
0.011568306,0.025705183
0.00723233,-0.13048013
0.0012994828,0.15015393
0.009683899,-0.074668504
0.018453505,-0.104991294
0.015118843,-0.03955979
-0.0048638373,-0.01922809
-0.016636193,-0.061142735
-0.0065981154,-0.028310215
-0.012862286,0.0041115256
-0.009647733,-0.15704106
0.014052737,-0.14081223
0.0035374695,0.34426892
-0.02308105,0.1329414
0.0005220112,-0.06440867
0.016225893,-0.098499015
0.02612523,0.07394536
-0.012623425,0.05636462
0.0007959652,-0.086567074
0.013839445,-0.025997894
0.0064574988,0.016737197
0.012538599,-0.022016263
0.0027102449,0.0044490118
0.003888489,0.07065457
-0.0027245213,0.021192411
0.0013498942,0.12171951
-0.0019396339,-0.14647906
0.011843147,0.034257594
-0.01739821,-0.013044087
-0.002455265,0.095571004
-0.015109005,-0.080051124
0.013969392,-0.14402458
0.02977278,-0.10270072
-0.0059303455,0.11158329
-0.0009796773,-0.063409865
-0.00048237853,-0.034870595
0.016775707,-0.18188198
0.021612894,-0.06475898
0.006383688,-0.07442182
0.007456769,-0.12424353
0.0014659979,0.09475936
-0.011058384,0.0049568
-0.003822948,0.14767775
0.0048830006,0.21255873
-0.0052886945,-0.120042965
0.0032808403,-0.23098837
0.0016638814,-0.06197956
-0.0026499557,0.123855606
-0.009842107,0.05370258
0.0072870166,-0.10313488
0.025340877,-0.15352716
0.006185527,-0.13410735
0.010653675,-0.12506682
0.006937615,-0.045426514
0.010071367,0.060417235
-0.0030519993,0.09194726
0.003727022,-0.03592692
-0.0026116585,0.057524715
0.011382123,-0.050023016
-0.018614031,0.05059649
-0.025979515,0.07062641
0.008128919,-0.19775128
0.021995105,0.048585996
-0.0018542405,-0.1347881
0.018032461,-0.11057878
0.00867853,0.044509906
0.0076084333,-0.06450073
0.004154739,-0.19727403
0.00034698844,0.049789336
-0.0018962016,-0.13343029
0.0010693949,-0.3081406
0.011092704,-0.057872962
0.0064980728,-0.3048304
0.006388092,-0.04719044
0.004675638,0.029125879
-0.0060696513,0.0017253225
-0.0054121213,0.001551578
-0.018529918,0.041767772
-0.02157653,0.0626751
-0.00090248,0.063444555
-0.012813697,0.06355995
-0.005169447,-0.027607296
0.0027798759,0.0029271848
0.035531968,0.052122783
-0.034922555,0.10441475
-0.013495206,0.06401427
0.012506868,-0.05677852
0.03179229,-0.016260982
-0.031245714,-0.0044229045
0.0024716547,-0.053070355
0.003953172,-0.07751152
0.018383738,0.06468847
-0.018295282,0.005925961
0.012749404,0.12641571
-0.007016997,0.2421294
-0.0050762147,0.19494757
-0.007782438,-0.08921098
0.022211123,-0.20341645
0.031762455,-0.28169438
0.008083791,-0.048897564
-0.00095809804,0.08920633
-0.0128558595,0.06442189
0.002648578,-0.0670995
0.011080513,-0.04786815
0.026867455,-0.045039058
0.018006848,0.0035237623
-0.0075436947,-0.008155917
0.02070307,-0.16577846
-0.0007794951,0.05940531
-0.021262165,0.056566183
0.003873456,0.027973857
0.00018700492,0.05544083
0.0066578705,-0.08631745
0.013121078,0.052229032
-0.0060701836,0.053450756
0.0028173863,0.0012950369
0.004091114,0.0028406328
-0.010948047,0.07849205
0.0038003074,0.2088042
-0.007637961,0.0007632751
0.002906827,0.04810184
-0.0024280604,0.08650943
-0.020956341,-0.2237961
0.019183751,-0.024226388
-0.028860845,0.033480126
-0.0059945392,0.12680939
-0.016682502,0.044630866
0.0018856111,-0.05428475
0.0054660835,-0.011413987
0.017116264,-0.00608742
-0.011357725,0.22171274
-0.0076393117,-0.19868499
0.021862756,-0.19966969
0.0021258802,-0.15863247
0.008634439,0.020548414
-0.011996022,-0.046704568
0.007372225,0.11259763
-0.021436343,0.14194864
-0.011112997,0.037527192
0.0035235796,0.06829049
-0.0011204722,0.12844516
-0.013635127,0.08664866
-0.023366172,-0.07369923
0.027683863,-0.060817786
0.0018676432,-0.03770359
0.025501594,-0.038910862
0.0046204017,0.19278735
-0.000121329096,0.0028888318
0.020272676,-0.042445224
0.005983551,-0.043687526
0.0016991771,-0.1645727
0.02700003,0.033530537
-0.0040435907,-0.03622699
0.0129437735,-0.10861834
0.008677861,-0.04757671
0.0028729034,-0.028716793
0.0113194175,0.0459174
-0.009773904,0.13614401
-0.008418767,-0.023192592
0.00848555,0.0018217934
0.011987112,-0.11541166
0.019566452,-0.07832408
-0.004798784,-0.08206908
0.0039852946,0.032598384
-0.00916313,0.0480609
-0.007901413,0.02359943
-0.010417443,0.08301856
-0.006404221,0.0023528603
0.0027168794,-0.017439205
-0.0010900302,0.058064513
-0.007918594,-0.0074131982
0.009196024,-0.09066832
0.0013310527,-0.13364808
-0.0005427863,-0.013284135
0.0057632984,-0.116263136
-0.00088552636,-0.0120261405
0.0031213316,0.058352068
0.0116110435,-0.009404559
0.0006502535,0.0030777054
0.0049920892,-0.035439365
0.008256594,-0.06293788
0.004403883,-0.05317894
0.018021544,0.21370322
0.0042569274,0.07987474
-0.0043570735,-0.22755165
0.01639248,0.15541846
-0.0044014994,-0.060729176
-0.010953656,-0.0431475
-0.010668985,0.0015843207
-0.0062792115,-0.13204882
0.0007727868,0.07896432
-0.01810126,0.04525703
0.0019028946,0.004736079
-0.008265745,0.1539711
-0.0010804222,-0.02452106
-0.0048388606,0.06047434
-0.008003203,-0.057407834
0.021182608,-0.036756855
-0.0012349495,0.10262536
0.0060961153,-0.0028126473
0.011456271,0.15558098
-0.010427649,-0.03868207
0.012311327,-0.09515652
0.0062897997,0.0385924
-0.0030531986,-0.07313523
0.0091787465,-0.07084623
-0.0019215108,0.025484435
0.0022898216,-0.013983091
-0.0039951894,0.07176585
-0.0028803144,0.20015815
-0.0094599845,0.062359784
0.0039061874,0.020784656
-0.012213817,0.10938468
-0.0032366754,0.03431137
-0.01215392,0.0136395125
0.004377813,-0.08973319
-0.0014397618,-0.01155465
-0.01704178,0.12695438
-0.0031796645,0.04884994
-0.017096715,0.03500192
0.008465696,-0.015295702
0.004989299,0.013355534
-0.002161395,0.072035104
0.0064904382,0.0066271797
-0.0026262305,0.12298665
0.0065897554,-0.099899754
0.008856636,0.119890645
-0.0047561135,-0.09311609
0.025184164,-0.073517025
0.0014990421,0.045102518
0.0022350051,-0.011932106
-0.0046114437,0.08447415
-0.009217082,0.07925638
-0.012645283,-0.055622973
0.009592767,0.19597854
-0.038636435,0.117847316
0.026006192,-0.20993231
-0.0024487907,-0.22899881
0.039421443,-0.7059818
0.04321193,-0.25617498
0.0050222897,0.112106666
-0.03838206,0.056853916
0.006694056,-0.19561586
0.021181893,-0.09289705
0.0013213307,-0.030058429
0.009221679,-0.1514985
0.026919208,0.16158105
-0.020758871,0.18956922
-0.00397855,0.2549297
-0.007947794,0.017046442
0.011332452,0.04664917
-0.0028569463,-0.115830556
0.011666091,-0.13255543
0.017101001,-0.039491132
-0.0049823173,-0.11501965
0.0064346865,0.11785039
-0.0011441847,0.09015667
-0.00734616,0.16266102
-0.005356775,-0.04712256
-0.005400791,0.0053591314
0.0006503294,0.3320759
-0.01404473,-0.06443661
0.023568474,0.29398996
-0.02638211,0.20953974
-0.02866238,-0.035969198
0.0048771994,-0.17732616
0.0013863872,0.07233368
-0.017656524,0.08345231
-0.0018943666,-0.04906974
0.0026655793,-0.12435488
0.0055178525,0.055326726
-0.0037788656,0.0013482881
-0.0026809913,-0.06826994
0.00750311,-0.10052439
-0.0031837064,-0.079749
0.01051947,0.006159358
-0.016046138,0.055060357
-0.012015192,0.08715837
-0.010371974,0.05025672
0.011206107,0.052481968
0.00045950618,-0.06650135
0.015450916,-0.0018365289
-0.011757188,0.025919054
0.010849172,-0.04328305
0.011583218,0.061592232
-0.010398181,0.06342209
-0.0016584191,0.10415161
-0.008211214,-0.19696313
0.02530885,-0.0672856
-0.0028579067,-0.00054035324
0.012089086,0.08935501
0.0028803204,-0.0013383465
0.0013452244,0.049434308
0.014683817,0.032095306
0.005887227,-0.04065355
-0.0017358725,-0.01911626
-0.0012460151,0.027240543
-0.006886008,0.11425195
-0.01047735,0.039661318
0.000590586,0.0776001
-0.01226639,0.07901489
0.012589049,-0.13821149
0.0045599723,0.035960782
0.008388592,-0.115105346
0.0005476088,-0.054836582
0.010581719,-0.13766547
0.009288879,-0.11325133
0.008766729,-0.021938637
-0.0045540435,0.13381037
-0.00319986,0.01257666
6.0039223e-05,-0.037705537
-0.0050264,-0.01184061
-0.006608692,-0.110924184
0.0042207055,-0.3966004
0.010459667,0.08055657
-0.005221804,0.17867622
-0.01005546,0.0046229553
0.0017609313,-0.0079349335
0.0024191844,0.19984417
0.0021604467,0.0059598666
0.00039027422,-0.01707327
0.0055016885,0.053406887
0.0030449168,0.16580702
-6.9640024e-05,-0.062131662
-0.008021703,-0.06673892
0.022524444,-0.1704683
0.00022686599,-0.10635667
-0.0035523204,-0.08186035
0.0022590589,-0.011232275
0.0078965,-0.060218092
-0.00037079735,0.03154427
-0.017876508,0.06976986
-0.020849686,0.07459267
-0.0094916,0.2711075
-0.010816686,-0.07835302
0.029524224,-0.04742874
-0.011515509,0.09252051
-0.029691251,-0.002847816
-0.005663193,0.025723238
-0.0003082666,0.19792503
-0.015275316,0.15357825
0.012447046,-0.04658576
0.001796003,-0.016826596
0.012148185,-0.28246415
0.02552982,-0.25174734
0.01874573,-0.052758895
0.009326687,-0.009454423
-0.009615818,0.15599133
-0.0058165276,-0.01712296
0.008651577,0.10757591
-0.017648969,0.007276907
-0.006720984,0.11840522
-0.0044501927,0.0939034
-0.010922892,0.04026785
-0.010450705,-0.14768063
0.018724315,0.017974757
-0.00062471256,0.049817413
0.0068645785,0.0037374212
-0.0050638053,-0.0011613085
-0.011651482,0.03430731
-0.012317844,0.03755179
0.009027474,0.08981014
-0.011842139,0.16634327
-0.021034302,0.015298034
0.015221294,0.03196113
-0.03932473,-0.052438743
0.011237182,-0.05186729
0.011714973,-0.15934871
0.022700945,0.06731698
-0.020458164,-0.0045441925
-0.002367265,0.015344719
0.0004350827,0.050125334
-0.0032009399,0.098932
0.0049727047,0.103083245
-0.004848186,0.16672827
-0.0052840346,0.018975658
0.006281157,-0.08603477
0.00097509986,0.070842244
-0.0126165375,-0.010680957
0.015661232,-0.048439793
0.011673685,0.12861468
-0.010408247,0.07084494
-0.01507322,-0.063881025
0.008968061,0.015335916
-0.012872992,0.097669825
0.0030325488,0.07090489
-0.0071985577,0.10383988
-0.02202637,0.027991213
0.012870388,-0.06356164
-0.015433064,0.13893937
-0.009802327,-0.021371588
0.0065956516,0.03682381
-0.010144856,0.22282898
-0.009146505,-0.0031891698
0.0076423683,0.040183526
-0.0057986034,-0.043717988
0.0013922146,0.23755546
-0.024113778,0.042438634
0.027415317,0.03516462
-0.023629863,-0.11652257
0.002735418,-0.06967592
0.01936617,-0.015192836
-0.02143327,0.16041383
-0.016809335,0.07498769
0.0037978142,0.0
-0.009362466,-0.029697703
0.01779985,0.004918747
0.0045057214,-0.112845115
-0.0014306426,-0.03432853
0.021709265,-0.07727554
0.0008531753,0.0062898993
-7.85318e-05,-0.07729302
0.01404311,-0.008468793
0.011400072,0.114899166
-0.002749205,0.103209205
0.013161874,-0.03214804
0.008114076,-0.077100806
0.0058684405,-0.023073506
0.011581766,-0.026467867
-0.011028139,-0.031762213
0.0031446156,0.040500652
-0.02639778,0.07033425
0.01226887,-0.01939724
0.00590853,0.06104262
-0.0147660505,0.011745004
0.013135714,-0.20415366
0.058725752,-0.31824398
0.026865695,0.058881283
-0.02746271,-0.06508996
0.0039869607,-0.055587184
0.005982162,0.044068836
0.014857406,-0.038385384
0.0053719985,0.092640504
-0.0033835298,0.006071594
-0.011187276,0.26251477
-0.00041711563,-0.030031249
0.033341743,-0.06581565
0.004724887,-0.044508547
-0.0019204186,0.02229164
-0.00026186614,-0.034606505
0.0033241273,-0.14089191
-0.002198024,0.1173964
0.014795536,-0.21408525
0.00092680624,0.06832385
0.0041446667,-0.036524255
-0.010372864,0.022507895
-0.0017814225,0.21810777
0.009545933,-0.011544994
0.031456713,-0.07587152
-0.01213582,0.069839425
0.003564571,0.06348402
-0.0066170944,-0.08551415
0.017121524,-0.15924866
0.0034328918,-0.12556033
0.004854283,0.04701639
-0.0037960422,0.014509065
9.838262e-05,0.0647587
-0.0036030961,0.30307436
-0.01650163,0.05195098
-0.00029419205,-0.08006025
0.016094385,-0.0012146711
-0.00768949,-0.04377188
-0.00757006,0.087849796
-0.008318527,-0.07104633
-0.0017003526,-0.0808893
0.015967822,-0.076824546
-0.0015821503,0.018901577
0.0063201776,0.0013792653
0.018523274,-0.0992542
0.0064196726,-0.04841554
0.0058247065,0.03631902
-0.010271953,-0.021889335
0.007259681,-0.08098491
-0.010394136,-0.015071063
0.0014449718,0.068833105
-0.01721575,0.11897777
-0.04099653,0.09995408
-0.009242248,0.011662236
-0.0048597166,-0.06315403
0.0092131,0.038961474
0.02326357,-0.06005369
0.034898188,0.023717018
0.0055895518,0.08076653
-0.0072392514,0.062232792
0.0038663405,-0.08468302
0.018834,0.09144895
0.0017650749,-0.10953372
0.012060275,-0.087136
0.010914413,-0.0034388413
0.0012300641,0.04973146
0.005744148,-0.04751827
-0.027495395,-0.064977534
0.0133865345,-0.16894636
0.0019968224,-0.11267025
0.0024235246,-0.019170066
-0.0016245549,0.03273783
-0.006904363,-0.012878893
0.010822,0.16345106
-0.010048671,-0.18338393
0.021568011,-0.10823674
0.007976574,-0.0644528
-0.0040622894,-0.020581111
0.0022323315,-0.19157577
0.010050874,-0.04155599
0.00074019335,0.012516079
0.0065523647,0.026530765
0.0017593268,0.04773069
-0.017723387,-0.053873457
0.006529586,0.14350341
-0.004590318,0.014677347
0.0047616083,-0.07781473
-0.011233522,0.086900994
-0.016254965,0.009920069
0.01628507,-0.023286333
0.007929698,0.120237105
0.00014174916,0.042871602
0.00852381,-0.0026360145
-0.0017178629,0.07178368
0.011864066,-0.1110305
-0.0036250013,0.17536128
-0.007203984,0.062902324
-0.013121284,0.09227092
-0.004131862,-0.153969
0.010694332,0.054518357
-0.012996957,0.008426674
-0.007866334,0.023161577
0.014797841,0.029671824
-0.0151379835,0.10262518
0.0067709363,-0.035668682
0.010027451,-0.24447526
0.012358132,-0.049590364
-0.008179008,-0.16649781
0.014373935,-0.20208955
0.016270714,-0.24375105
0.012777111,0.005879591
-0.009555452,0.07281701
0.012005198,-0.06143019
0.012250248,-0.2433078
-0.0077433037,0.104382694
-0.0060899872,-0.03556746
0.00913689,-0.038432408
0.006818904,0.018356647
0.0018753743,0.11117783
-0.014772679,0.106375836
-0.010704519,0.107071914
-0.0016611959,-0.035745345
0.0010269112,-0.07080066
0.0082433615,0.07706096
-0.0145982,0.088043824
0.007106141,0.06165469
-0.014759111,-0.022862673
-0.0019761575,-0.03739324
-0.021035243,0.07036669
0.0053690467,-0.025140101
-0.0011678226,0.31892416
-0.040658277,-0.052770834
0.024074703,-0.048253447
-0.013802692,-4.8707883e-05
0.0005548949,-0.023465684
0.012344768,-0.03067938
0.00016992586,-0.0025026335
0.0031398768,0.04259303
-0.009711757,0.065917134
-0.017006062,-0.119921535
0.0029480706,-0.07998662
-0.020948466,0.008834648
0.009660248,0.021293545
-0.01619116,0.032846488
-0.0056652967,-0.062022876
0.015125074,-0.146179
0.008803446,-0.08402899
-0.0030122108,0.007551745
0.003129174,-0.042177152
-0.0067932224,0.111716434
0.00971655,-0.067206964
0.0106276255,0.07346867
0.01064027,-0.088573724
0.007985289,-0.053189345
0.005786163,0.0030597928
0.0010383002,0.08806073
-0.005596154,0.04015031
-0.014242615,-0.11478448
0.007940294,-0.09216708
-0.0075256387,0.016888196
-0.002139897,0.02951101
0.0033793473,-0.27679622
0.019775547,-0.017799042
0.0031910809,0.015568442
-3.8415717e-05,-0.017261116
-0.0039281365,0.09456374
-0.00930441,-0.39469156
0.038383886,-0.19247055
-0.00073881634,0.06610993
-0.0028278416,0.07505222
0.00847268,-0.07837344
0.011324415,0.034916937
-0.009756152,0.030524213
-0.007996653,0.0736155
-0.0057966346,-0.03782959
0.0077605285,0.013933951
-0.01565829,0.27489102
-0.027450245,-0.16455926
0.0325291,-0.07131308
0.001544775,-0.04813996
-0.009399695,-0.038776416
0.003829205,-0.03758298
-0.0080104545,0.007569156
0.015314931,-0.02223539
0.004867564,0.02477722
0.005369636,-0.032969102
0.009885779,0.07981294
-0.015889345,-0.029419836
0.0049961796,0.055906
0.016878674,0.14363323
-0.009556618,0.16919306
0.0015400762,0.03746217
0.008637124,0.19627193
-0.01543153,-0.044797
-0.00799232,0.07190501
-0.0109459665,0.03633629
0.00047267776,0.050369084
0.003022216,0.15202099
-0.007418791,-0.016370667
0.0049615763,-0.0014908541
0.0030639514,0.088090844
0.010282878,0.07505219
4.7778478e-05,-0.03968995
-0.0052986112,0.032796644
-0.0060305884,-0.033365
0.0037770346,-0.064921
0.0024677876,0.040335286
-0.005512437,-0.10862433
0.0019605085,0.04876202
-0.015208401,0.06312093
-0.0103522595,0.106621385
-0.018439323,0.1089812
-0.0048298305,0.089116186
-0.014443332,0.022284854
0.02902086,0.03803887
-0.034229033,-0.034997467
0.019940313,-0.19373561
0.02259256,-0.046912633
-0.009240336,-0.022441398
0.017214209,0.05444442
-0.031186864,0.10323729
-0.015471864,0.25797477
-0.009457774,-0.012852649
0.013227785,0.037823662
-0.00067079463,-0.20489144
0.045946844,-0.095488325
-0.011354813,0.16309047
-0.005042898,0.021951158
0.0068233632,0.021436445
-0.0022145072,-0.07266575
0.012523234,-0.24002153
0.010507388,0.054187153
0.01198668,-0.07288718
0.010219666,0.15753531
-0.013114954,0.08707297
0.0012465296,-0.15189803
0.011135904,0.1634616
-0.013360525,0.0031654905
0.0032516292,-0.07406663
0.0024798517,0.25209117
-0.010058676,-0.02226553
0.004024281,-0.06980641
-0.0065298732,0.1326052
-0.02566611,0.007381709
0.011000259,-0.081979915
0.0059221047,0.0068883044
-0.0097771585,-0.1574843
0.02562223,-0.114328995
-0.0025447165,-0.0069881966
-0.00939564,0.041889053
-0.0046550557,0.43833956
-0.021459626,0.050745424
-0.001159634,-0.2637107
0.017651875,-0.09637861
0.016100103,-0.0017801799
-0.004789564,0.059930857
-0.0056255925,0.13989507
-0.011180535,0.080213346
0.0029686147,-0.18862562
0.022187289,0.14134517
-0.010741113,0.0024916641
0.014180769,-0.07266114
-0.0014876483,0.12678598
-0.020972867,-0.22182901
0.017178362,0.011460741
-0.012026773,0.16508538
-0.008645951,0.048752632
-0.00038416823,-0.15341106
0.025520574,-0.037966292
-3.634754e-05,0.110715024
-0.01896936,0.09275609
-0.0004154878,-0.11634465
0.004709653,0.17990275
0.00013211835,-0.21508072
0.029945515,0.19072172
-0.006965192,0.024996096
0.0031230885,-0.08342223
0.010237799,-0.008279574
-0.005032993,-0.014766754
0.00490252,0.072783425
-0.003942502,-0.27722725
0.014655734,0.24224858
-0.016881991,0.07720789
-0.008876962,-0.037031524
0.009865938,-0.19487426
0.017643847,-0.16268742
-0.007118118,-0.0773958
0.009915503,-0.17446412
0.010566422,0.10003024
-0.014138168,0.23598163
-0.019210245,0.037835117
-0.021028098,0.07725932
-0.012882962,0.09746019
-0.019555451,0.1681696
-0.014060987,-0.01806505
0.018494062,-0.35897836
0.024470583,-0.11514794
0.024980677,0.015372943
-0.0047555193,-0.060780104
0.016651051,0.08897699
-0.0072152317,-0.09897144
0.0034367805,0.004249888
-0.004674269,-0.35370636
0.005833651,-0.048416965
0.00462376,0.4245021
-0.01440088,0.18739578
-0.015072436,0.11419373
-0.007490077,-0.043700404
-0.010389573,0.06686392
-0.011553169,-0.15173239
0.009798204,0.010584414
0.0049160514,0.15138255
-0.03564749,0.1524893
-0.011718473,-0.019888151
-0.013803905,0.008901611
0.0071176984,-0.05475669
-4.525669e-05,-0.066841334
0.016896484,-0.43514004
0.033498917,-0.18765433
-0.0066390857,0.050944716
0.017452858,-0.049237207
0.021972014,0.012432521
-0.001061328,-0.2192954
0.016588893,-0.027824776
0.00036732596,0.09646481
0.011258761,0.012915705
-0.012267359,0.015266139
0.010742815,0.08380275
0.00053047435,-0.04108385
0.0133236,-0.16865382
0.0041805664,-0.06461972
-0.0074209427,0.06892948
-0.0060242405,0.036984395
0.000567668,0.013794564
0.0025999895,0.026993042
0.004771863,-0.026837971
0.013968263,-0.07268669
0.00046291552,-0.049725175
-0.0012218793,-0.027812162
0.006740655,0.053423785
-0.0036176562,-0.26501068
-0.007836027,0.038075946
-0.008373752,-0.031481493
-0.0067558917,0.030353932
-0.008118653,-0.22407734
0.014910286,0.11961958
-0.009275017,0.3678655
-0.038076743,0.17301284
-0.02944991,0.09991769
0.0036434492,0.13126689
-0.024719832,0.07878467
-0.018310212,0.12292954
-0.0009964425,0.060040757
-0.00017218501,-0.23112246
0.019637331,-0.28019145
0.026619859,-0.061313957
-0.008114698,0.047072366
0.010108583,0.043319307
0.011938004,0.105951265
-0.005663435,0.23350348
-0.0058799176,-0.09354558
0.0029846726,-0.022380494
-0.007880716,-0.1555535
0.003315957,-0.06482491
0.0064595896,-0.098856494
-0.0031390549,-0.111465745
0.003050052,0.0797372
0.004459647,-0.09714239
-0.0020690728,-0.074706
0.0024454156,0.16221169
-0.012103884,-0.27535424
0.036042996,-0.14145423
0.0025868788,0.1540075
-0.013329237,0.05587639
-0.011843028,0.13506497
-0.011030282,0.13907695
-0.014425905,0.10570949
-0.02422878,0.038180996
-0.016777543,0.32153976
-0.015708145,-0.029033625
-0.00021458836,-0.04396828
-0.011106497,-0.044602226
-0.007509178,0.0024993997
-0.026403159,0.36091226
-0.03097658,-0.0030727845
0.026325509,-0.119072646
0.007892234,0.12001211
-0.0010230129,-0.15484028
0.001472042,0.025493188
0.0067278785,-0.21891493
0.016737586,-0.012120004
-0.0021733288,-0.04137477
0.009702798,0.09593399
-0.0103862565,0.1765405
-0.011106569,0.1046305
0.0011410986,-0.16104582
0.007114285,-0.026973786
0.004583972,-0.052879922
0.015149155,-0.020334039
0.016670316,-0.021166436
-0.0066112517,0.06740179
0.00204269,0.037284646
0.0065392037,0.06054082
0.0056892587,0.03800112
0.0005954708,-0.02198206
-0.0034960816,0.13904144
0.007702595,-0.106705606
0.012107853,0.05931961
-0.010539349,-0.10006235
0.012238672,-0.12656124
0.007976805,0.1832399
-0.015212171,-0.045280807
-0.00871243,-0.10011107
-0.0014741046,-0.025520828
0.00090001477,-0.01052481
-0.00057695655,0.05923906
-0.010918549,-0.07002501
0.01621731,-0.120018005
-0.0035705783,-0.12195326
0.00068882294,0.09867679
-0.010310599,0.103280716
-0.004517975,0.08124596
-0.0030081598,-0.04205948
0.01194983,-0.09712055
0.006461678,-0.13747047
-0.0030237641,-0.07694595
0.0038510133,0.15200844
0.00031921722,-0.035783727
0.007211161,-0.023335269
-0.00851406,0.11769075
-0.0052811187,-0.033281304
0.0039849267,-0.023269206
0.002037041,0.031276084
0.0055600917,-0.08565585
0.007774451,0.10085646
-0.008011963,-0.043660566
0.015476653,-0.06442159
-0.005344603,0.122704394
-0.020475375,-0.117525324
0.032716334,0.14344361
-0.02639753,-0.07005549
0.004010914,0.12738511
-0.021809636,0.018475348
0.011433881,-0.124778666
0.020542981,0.06731748
-0.024552913,-0.04358243
0.0075517236,0.03880057
-0.0032176105,-0.03208062
0.00015571434,-0.08047816
0.017119063,-0.018925346
0.006003592,-0.040883653
0.016672727,-0.04266784
-0.016839739,0.020242872
0.006959523,0.12806818
-0.008967623,0.030910363
0.0047934214,0.04480215
-0.008717185,0.08329612
-0.0005616336,0.09830803
0.014118731,-0.04901745
0.01660731,-0.024246171
-0.01132634,0.01290624
0.027996913,0.0102173695
-0.013474261,-0.04230111
0.003775843,-0.0641274
0.0020422456,-0.08218874
0.000565554,0.335616
-0.014355869,-0.002045028
0.006730723,0.5978577
-0.026450288,-0.3067188
0.029878484,0.12846187
-0.023223873,0.17121084
0.0021059199,-0.13032833
0.0065939855,0.04255033
-0.014622015,0.2568919
-0.042467944,0.0
-0.036817614,-0.23988616
0.029986154,0.042436786
0.0013257591,-0.09092897
0.018891122,-0.15728688
0.023787703,-0.24719581
0.011638406,-0.055214528
-0.00733929,-0.08140806
0.007630571,-0.04917784
0.013443425,-0.5004135
0.028123936,-0.022739274
-0.014262538,0.15595263
-0.0049495157,0.06959219
-0.010265125,0.12113445
0.027205478,-0.3761667
0.0064269174,-0.11135842
-0.00038629875,0.069817126
-0.00713336,-0.1896783
0.0050068954,-0.10525126
0.00092118594,-0.0645819
0.011793762,0.09159195
0.0069187605,-0.09056748
0.010867879,-0.3179277
0.00762103,0.20298713
-0.0065933336,-0.055814326
0.0022329167,0.0760386
-0.0038736248,-0.048792902
-0.0014612748,0.04905563
8.877937e-05,-0.050374467
-2.9624207e-05,-0.14252235
0.014177125,-0.06277922
0.0041340836,-0.015028591
0.009357333,-0.20354736
0.011951134,-0.12557797
-0.004420057,-0.014688815
-0.008187009,-0.05781807
-0.00025211496,-0.019060476
0.0024806955,-0.10353587
-0.001756656,0.09506167
0.0045455815,-0.036315978
0.010615418,-0.073197775
-0.0042438535,0.029674456
-0.0045226226,0.09999785
-0.009271848,0.25881594
-0.013083229,0.12038057
0.011424018,-0.024086742
0.0077250535,-0.070849635
0.009738678,-0.07440457
-0.010148979,-0.031965904
0.008393765,-0.13280141
0.015474886,-0.03649987
0.013443075,-0.091620475
-0.0005855383,-0.0473639
6.773765e-05,-0.12803787
0.0021932633,0.06999189
0.0017177915,-0.12095982
0.011545662,0.054117028
0.005290024,0.17369175
-0.010866854,-0.036645994
-0.0023784037,0.49585745
-0.018712383,0.018472435
-0.002944477,-0.048718207
-0.0043554865,0.122003995
-0.01132082,0.014124787
0.014809474,-0.03842695
-0.006108325,-0.29681876
0.02821679,0.0019812917
0.005726124,-0.12962028
0.0018956291,0.14393497
0.0044100117,0.088616386
0.011547001,0.010313239
0.0008793393,0.026450802
-0.013569702,0.15075383
-0.013127496,-0.06293562
0.0044955583,0.0125778755
-0.0008853981,-0.12053921
-0.0012226864,0.10898912
-0.010201795,-0.014810422
0.021723665,0.05708607
-0.014880349,0.17403522
-0.017531361,-0.013722178
0.010346872,-0.056888036
0.022058457,0.022970479
0.017397396,0.0013926013
0.0051434836,-0.011931418
0.017567853,-0.013165899
-0.0030372874,0.014278137
-0.010245791,-0.027547477
0.0021581298,-0.18802173
0.013635956,0.1554848
-0.013317108,0.055989224
0.009496351,0.0016372056
-0.0061440617,0.23562567
-0.015399545,0.06373428
0.0067379056,-0.04841944
0.010057772,-0.001992757
0.007962946,-0.002185373
-0.0068001864,0.0082913665
0.015161853,0.020103436
-0.0062720748,0.13796507
-0.007643526,-0.10132313
-0.011214426,0.021814806
-0.011638149,0.20986073
-0.021509923,0.2606292
-0.023067717,0.062230468
0.004895021,0.15148567
-0.015737744,-0.110256016
0.027611148,-0.039867733
-0.009575065,0.22926518
-0.03735161,0.3043327
-0.017217493,-0.060453605
-0.005483,0.006251386
0.007628919,0.055802554
-0.0075228894,0.02493472
-0.0061837514,-0.005096919
0.0016579768,-0.050210062
-0.0034081535,0.05709288
-0.00614535,0.022700282
0.004114874,0.21031773
-0.020497289,0.019620758
-0.012657646,-0.27843738
0.014316567,0.021311697
-0.027510626,0.04462992
0.0029434396,0.26569104
-0.021241968,0.12414001
-0.0025819552,-0.018622028
0.013557165,-0.05362054
0.022747884,0.026324308
-0.012190584,0.0024688465
0.012981091,-0.17602497
0.025052782,-0.7491335
0.02279471,0.02018547
-0.0063182837,0.032976214
0.0013639105,0.21053421
-0.0067077666,-0.0060920515
-0.004271828,-0.03145993
-0.009050045,0.22070937
-0.020705808,0.05441025
-0.0054482287,-0.063072234
0.011576295,0.4673275
-0.044245332,0.23933396
-0.00036541373,-0.20525335
0.01457166,0.19790395
-0.010097467,-0.09571934
0.0035191344,-0.16546293
0.010674108,-0.5630204
0.021483494,-0.030218078
-0.012740886,0.15578444
-0.0005535558,0.030587973
0.013799654,0.081131004
0.00869031,0.05507138
-0.010243252,-0.2573141
0.025474409,-0.12361204
0.0036933217,-0.08391621
0.014249187,0.028560976
-0.00559901,0.051352028
0.019755377,0.2878245
-0.00782299,0.13742547
-0.007965255,0.11259763
0.015157226,-0.12596975
0.010513047,0.075216696
0.0016843434,0.049523868
-0.008351342,0.1333077
-0.008563971,0.202385
-0.00039557135,-0.0032791812
0.007870614,0.08919055
-0.014990021,-0.22033885
0.021202957,0.024657626
-0.0073049287,0.057352085
-0.013723133,0.108471
0.004244523,0.029858144
-0.02135519,0.0
-0.026210418,0.0
-0.037886456,0.0
0.008378059,-0.27423334
0.019621778,-0.06602018
0.009773292,-0.011444605
-0.01858829,-0.13505615
0.010876727,-0.041424677
-0.0023964015,-0.0135317035
-0.008088393,0.013038083
0.0023139725,0.1667013
-0.014771162,0.3619713
-0.04324938,-0.10840118
0.040957697,-0.14663683
0.010859439,0.036484107
-0.016041258,0.07230001
0.015285088,-0.19482355
0.0067709936,-0.021110503
0.011818572,-0.044065118
0.018548215,-0.16953902
0.01969165,0.044158146
-0.006799727,0.16720271
0.005709131,0.031435076
0.011412207,0.014104979
0.0031452354,-0.07740235
-0.0078000156,-0.23758517
0.016181719,0.15382178
-0.0036916223,-0.24078926
0.025137449,-0.13774608
0.017379323,0.18541281
-0.005531874,-0.087412894
-0.0018049153,-0.07516307
-0.020276144,-0.11148896
0.00052843126,0.16212937
0.0023585781,0.12517999
-0.000553238,-0.14609747
0.0034550068,-0.0017947952
-0.012817694,0.063228205
-0.019145422,0.09954136
-0.019590944,0.26296487
0.00071642874,-0.06870924
0.008997904,0.026553102
-0.0019564475,0.027468631
0.0037962538,-0.10524266
0.005130104,-0.065220535
0.010012575,-0.16458014
0.0056377845,-0.0018894346
0.012550194,0.029826492
-0.013114712,0.21751495
-0.0017486864,0.09936089
0.00065327855,-0.16246088
0.005234709,0.020992665
0.0010432977,-0.0010680949
-0.007461763,-0.1573208
0.01755863,-0.025142925
-0.0064508063,-0.0621166
0.004171266,-0.013004542
0.009283985,0.07464015
0.0052951216,0.05084826
0.0008766232,-0.102664694
0.010787825,0.033061933
-0.007875047,-0.11922585
-0.0057914313,0.06372793
0.009686628,-0.090744466
0.016811227,0.26722962
-0.0012712976,-0.0072470694
-0.008000616,0.071309775
0.0045880806,0.07330994
1.5101687e-05,-0.041585274
0.0014863007,-0.02235874
-0.003074551,-0.21937242
0.004949316,0.016553707
0.010032822,-0.07356143
0.0018464029,0.053032555
-0.0032798904,0.16561393
-0.0006082106,-0.13363843
0.008594123,0.11532998
-0.0074384855,-0.0063120034
0.0055377795,-0.010876358
-0.008907716,0.04596766
-0.0044450513,0.25043237
-0.00613883,0.15828404
-0.009061722,-0.20211604
0.024361195,0.10075648
-0.014658434,0.0037371092
-0.014708604,-0.0016148887
0.007572261,-0.063548766
0.006094049,-0.24035007
0.031464234,-0.05366367
0.006349573,0.066359766
0.009762215,0.08379909
0.0037297215,0.024556238
-0.006640995,0.06784761
0.0069177933,-0.18775775
0.010077273,-0.08598487
0.014184166,-0.25920692
0.0155205615,0.079662494
-0.017046824,0.21301284
-0.037827715,-0.25835466
0.036346853,0.1062646
-0.031143997,0.08633549
0.015176218,0.0027278063
-0.011457558,-0.10423148
0.0049116565,-0.020518418
-0.01669209,0.24029335
-0.030413307,0.101987116
0.0051741637,0.10546051
-0.027906708,0.05377193
0.006829548,-0.05656028
0.0032338812,-0.06875894
0.016120104,-0.054303896
-0.004379969,0.0656338
-0.008988045,0.1656016
-0.003106019,0.0028636197
0.024234097,-0.07250726
0.009355442,0.12474821
-0.025912473,-0.04738911
0.03024904,-0.13330543
0.015744332,-0.37993664
0.02257761,0.039658632
0.009916915,-0.018606152
0.0054198112,0.16218153
-0.004417115,0.066598244
0.011226397,-0.25428247
0.014723536,0.24595164
-0.018341053,0.14334597
-0.015925823,-0.019543882
-0.002952611,0.014644815
-0.0028168769,-0.1429351
0.0029755966,-0.017359031
-0.00057732256,0.30316636
-0.021606883,-0.15561116
0.01899328,0.08525918
-0.008242955,0.13433306
0.00667845,0.045848716
0.0059141563,-0.0011736946
-0.009458819,-0.028634714
0.010027425,0.16722436
-0.016853888,0.0
-0.038873218,-0.047795888
0.011209391,-0.08579572
-0.013607939,0.1335916
-0.016719237,-0.015974848
0.0026690632,0.010961328
-0.0010619487,0.005013521
-0.017061437,-0.078346975
0.0042301775,0.078346975
-0.0039406945,0.0
0.00084031234,0.0
0.0003030036,-0.2021384
0.014504593,0.2021384
-0.014162678,-0.1432897
0.00019432849,0.00015070518
-0.02886437,0.10045016
-0.035417423,0.035640847
0.00084377546,0.0070479927
-0.001515097,0.0
-0.012670534,-0.067180485
0.018349199,-0.10449323
0.021178856,0.17167372
-0.025379766,-0.12511937
-0.009514302,-0.033188056
-0.010019285,0.054282397
0.031092959,-0.16878034
0.034763988,0.00805527
0.0016838287,0.002031408
-0.0035649547,0.0067727137
0.0030970902,-0.002463212
-0.018721595,0.08112688
-0.0018554684,-0.09931819
0.015125358,0.02715061
0.0065125935,-0.11497881
0.021380315,-0.054487154
0.010602501,-0.18174413
0.022431888,-0.07849358
0.0037722292,-0.15264875
0.014840612,-0.10537735
0.0040516015,-0.024471885
0.010570278,-0.0013090828
-0.0051637534,-0.26578116
0.004906332,0.12740032
0.00026407203,-0.04324166
-0.0017646799,-0.08669327
0.009489112,-0.16683032
0.022433229,-0.20448375
-0.005191402,0.122617915
-0.00027714192,-0.090052165
0.0013248677,0.04337818
-0.009616638,0.04637464
0.0053391443,-0.012245414
-0.00580996,0.04084036
-0.013950499,0.041337702
-0.0013122987,-0.10994657
-0.0171405,0.043503497
0.010543646,-0.2208579
0.01402622,0.05834821
0.006432644,0.06602587
0.00028260308,0.120629236
-0.006812689,0.09943691
0.015291356,0.0094908215
-0.008486234,0.05653687
0.008583351,-0.12696597
0.009773128,-0.053318787
0.012145036,-0.031030288
0.009165691,0.00080100243
0.0067850538,0.07868596
-0.007852774,-0.12155463
0.016973663,-0.11898962
-0.023843417,-0.063284986
0.02422446,0.03416268
-0.01405395,-0.0048854467
-0.016602224,0.03899164
-0.0032946027,0.02873013
0.00042466004,0.03474873
0.01287508,0.011210547
0.012481124,0.10863406
-0.01769815,0.06637528
0.0022500572,-0.08863118
0.007825265,0.061616722
0.00069678575,-0.21295099
0.005150753,-0.031519074
0.00040753325,0.045098204
0.0051372964,0.011630256
-0.0008606559,0.0012917639
-0.0050175358,0.09178542
0.00069858786,0.019543631
-0.008866349,0.016361952
0.0021280944,0.10941296
-0.0072812764,-0.05164396
0.008214912,0.026002044
-0.01346598,-0.049603723
-0.0043348568,-0.041950908
-0.016159905,0.02014019
-0.0048748273,0.035347074
0.0007307684,0.07082421
-0.029393913,-0.030885786
0.015652662,0.009895772
-0.00035831798,0.080189854
-0.011249039,-0.006901844
-0.0134325065,0.07325741
0.0019760216,-0.036174964
0.0055834725,0.022479659
-0.020819454,0.053685345
0.012718406,-0.09298913
0.0050492366,-0.03414448
0.0007898754,-0.058492433
-0.0017274912,0.057920586
0.009030721,-0.10317984
0.0072281715,-0.12337804
0.0112254,0.046072274
-0.01390392,0.10921775
0.0015817452,0.06685354
0.029595815,-0.075067
0.015242714,-0.03852258
0.00651972,-0.10856394
0.007907861,-0.01837493
-0.0060868897,0.005162325
0.020939695,-0.06940881
0.007254567,-0.06868732
-0.0012210289,0.09978964
-0.0106319655,0.06790666
-0.0052607446,-0.025986379
0.0009812915,0.074150644
0.008434564,0.05461299
0.00401676,-0.054887556
-0.012807984,0.1164987
-0.017519245,0.058109727
-0.014000822,0.06449422
-0.02177973,-0.010912443
0.001191224,-0.033498827
0.010564972,0.019069223
0.009661906,-0.16257395
-0.0043831733,-0.005019398
-0.0022031413,0.10372499
-0.013200595,0.13130428
-0.011212878,0.0025725458
0.022357767,-0.03890813
0.012363074,-0.024580067
0.01886291,-0.14898062
0.004909948,-0.008959275
0.0035469516,-0.07119611
0.0043018893,-0.010906067
-0.0005634767,-0.060297634
-0.0017143041,-0.027845947
0.0037273793,-0.18136105
0.0026234575,-0.030072168
-0.0014980506,-0.015635664
0.0062777232,-0.07382893
0.0028978372,0.19246717
0.0011349588,-0.059241332
0.0022233753,0.2345027
-0.01351746,0.12515639
-0.038966667,0.08416969
-0.006775088,-0.052373037
0.029132016,-0.12902844
0.022223234,0.012303135
-0.020504564,-0.028337257
0.027721666,-0.31443918
0.010504214,0.069373555
0.0020148293,-0.009090957
0.009721695,0.08676087
-0.020961495,0.07606896
-0.022206254,-0.007536357
0.0026936652,0.014330795
0.0063773515,-0.017265245
0.0066405577,0.17349829
0.014074827,-0.05411953
0.017883545,-0.097181864
0.0030824305,-0.04408987
0.0039810985,-0.005963508
-0.0056794966,0.019620502
-0.007007906,0.048791036
-0.0025873915,0.10033662
-0.016826708,0.15446137
-0.031511337,0.117570214
-0.010559185,0.13145489
-0.026288893,0.022050833
0.0011566053,-0.01978651
-0.03075742,0.0445008
-0.00027684635,0.0066201356
0.004281044,-0.21799769
0.02631486,-0.0939583
0.0035949512,0.046819612
0.0066085993,0.07746274
0.0055463267,0.08048782
0.011523834,0.11692193
0.011641319,-0.16855314
0.019722156,-0.14970489
0.0068688192,-0.03907651
-0.0039208573,-0.17993513
0.0075267144,-0.09386265
-0.0076798983,0.053776983
0.008346628,-0.03235886
-0.009008553,0.041452657
-0.011242958,0.12199005
-0.011261817,-0.00070298475
0.00041001488,0.089797206
-0.013394204,-0.18047523
0.009587824,-0.00052125583
0.017723514,0.06386065
-0.021199746,0.049759682
-0.0039482787,-0.041971266
-0.0020430754,-0.066487916
0.0021362454,-0.0550778
-0.00413028,-0.009119117
0.01842302,0.12339783
-0.009191543,-0.067090996
0.0204192,-0.08278396
0.013805786,-0.068603806
-0.0051095514,-0.06327361
0.0008300886,-0.088482134
0.008194617,0.117281824
0.0024711145,-0.051183015
-6.438728e-05,0.08307671
0.0007748038,-0.04714094
-0.009039331,-0.16238141
0.011604917,-0.08887034
-0.0027662572,-0.011271501
4.004687e-05,0.1491624
0.017558645,0.03930351
-0.0002787069,-0.013492773
-0.009506056,0.08226051
-0.013197815,-0.07275431
0.0075326352,-0.09457517
0.00467236,-0.25989684
0.009494127,-0.24480967
0.000111639965,0.006769437
0.0017533025,0.05867709
0.0021602619,-0.08269081
-0.004422876,-0.027597856
-0.010261688,0.021512201
0.01246818,-0.1299511
0.0020268569,0.01878914
0.0016284001,0.55609554
-0.015221557,-0.104613125
0.01734034,0.087358646
-0.031316128,0.29301167
-0.00881456,0.16492604
-0.02633807,-0.22686584
0.011905313,0.12909737
-0.013871998,0.12099682
0.0051133195,-0.11590868
0.01768611,0.057765223
-0.013980097,0.27316153
-0.0100668715,0.1879713
-0.02145765,0.21171397
-0.02278288,0.2547561
-0.0023445687,-0.10814298
0.02248063,-0.042074665
-0.006648982,0.10281338
0.010426004,-0.05939728
0.0035134691,0.03901431
-0.007467241,0.27543962
-0.030619994,0.16361427
-0.028663423,0.035814196
0.016997397,-0.07470089
0.004955003,0.115951255
-0.032080885,0.2175575
-0.016671546,0.018513435
0.0051344987,-0.12136546
0.007043037,0.07797375
-0.019108677,0.043391705
-0.02066238,0.0
-0.0069633294,-0.21792622
0.032769166,-0.25232247
-0.008134546,-0.069707535
0.007567935,-0.18249552
0.023331985,0.043159872
-0.021711435,0.042924356
0.0066065225,-0.09996486
0.009730011,-0.07012237
0.00038301805,0.0903477
-0.025115415,0.07983856
0.001543426,0.01946886
-0.0015979074,0.060107514
-0.010617281,0.1260025
-0.0043453253,-0.08131272
0.019748049,-0.15415514
-0.00023169396,-0.05540871
0.0067368,-0.019432135
0.00536838,-0.018467803
-0.009739576,-0.10660474
0.008945414,-0.09707709
-0.008665488,0.011570885
-0.0047411043,0.09971893
0.008110216,-0.060787868
-0.00048563373,-0.31202856
0.008980522,-0.067538835
-0.004045648,-0.17979573
0.010137878,0.077748865
-0.011254421,-0.030426072
0.00405752,-0.054428738
0.010332933,-0.20108123
-0.0031096693,-0.09102377
0.012999995,-0.23465884
0.0016233834,-0.04246753
0.0003285939,0.04377078
0.004153082,-0.120304
-0.003932244,0.055643875
0.005499069,-0.10606169
0.0059273737,-0.07494699
-0.0035362155,0.12381797
-0.004494813,0.05766105
0.007981687,-0.1748297
0.0058324793,-0.010144118
0.006499279,-0.14723475
0.008872235,-0.011944015
-0.002953567,-0.08672107
-0.0035520506,0.03433146
-0.005110914,0.016659046
0.0014728473,0.050221413
-0.008903796,0.024952816
0.01063611,-0.021119773
-0.012432646,-0.045507
0.006631576,0.04896009
-0.019881856,0.017099312
0.02190039,-0.026787544
-0.0034912678,0.29038584
-0.031680234,0.087078504
-0.0020301528,0.12622637
-0.02980904,0.09517343
0.0036800676,0.032703597
-0.005939704,-0.10803681
0.00020901463,-0.06264704
0.010210374,-0.0033918815
0.0030675116,-0.18625621
0.017361812,-0.16441739
-0.0021798334,-0.0031865307
-0.00196044,0.02497805
-0.0009906325,0.015111199
0.006166511,-0.034921248
0.0072890753,0.084542185
0.0071476833,0.040475123
-0.0056840954,0.05178382
-0.008160919,-0.13152157
0.004015748,0.057758227
-0.01213077,0.07028408
-0.017466102,-0.010553131
-0.018698554,0.0057718134
-0.0034689237,-0.018404001
-0.012911768,-0.031462796
0.0141217,0.15173173
-0.02212762,-0.009596017
0.007161317,-0.17512703
0.03362633,0.004876017
0.012799593,0.05653373
0.0007818239,-0.06333251
0.00042428286,0.03601139
0.0020526275,-0.124867626
-0.009600261,-0.07548504
-0.0069756396,-0.085394196
0.023344647,-0.019826967
-0.0036563128,-0.029982943
-0.003767511,0.056093413
-0.010665467,0.056431573
-0.0030063349,6.0727225e-06
0.016824482,0.008874514
-0.0026482276,0.09544227
0.00661428,0.010691381
0.004846803,0.011241488
2.2214488e-05,-0.041592307
0.0027023035,0.008881922
-0.005188009,-0.008879414
0.004057929,-0.1121116
-0.006124339,0.03191209
-0.009733974,0.13322078
-0.006964823,0.03466973
0.0066940207,-0.016150683
-0.0050922637,0.020712344
0.008325543,0.03245148
-0.015746845,0.12473145
-0.0034835348,-0.07554254
0.006943224,-0.10280824
0.009932658,0.058629755
-0.01614193,0.16350536
-0.013791309,0.09899583
-0.004885429,0.0056318436
-0.024034739,0.08237893
-0.00420418,-0.036017433
0.02901739,-0.050511226
-0.025471635,0.12292492
0.01557836,-0.037775774
0.002170572,0.0891173
-0.006610324,0.58007306
-0.045671977,0.080084935
0.019135905,-0.9
0.051023003,-0.021392105
-0.018256038,0.15973787
-0.006292775,-0.3849314
0.03318379,-0.24002154
-0.0073637357,0.11472468
-0.0063227285,-0.1622914
0.02546135,-0.0036846492
-0.011019568,0.019782681
-0.017403299,0.014796431
-0.0016690511,-0.26643273
0.015203877,-0.06422409
-0.0013312451,-0.24353969
0.021377064,-0.09994114
0.00076149934,0.045010433
-0.016703077,0.04731033
0.0077696703,-0.11785806
-0.0003730927,-0.14106777
0.016242238,-0.062023606
0.015710276,-0.0722037
-0.005781931,0.06919768
-0.0014792727,0.14896813
-0.0014093933,-0.1930316
0.016508967,0.063463844
-0.009622568,0.0016901611
0.00065338553,0.043971367
-0.002933065,-0.03756169
0.0012450356,-0.0067490684
-0.003552856,0.40665784
-0.016064975,0.41951594
-0.03868793,0.0933155
0.030394899,0.05371289
-0.018841334,-0.008464235
-0.00090632867,-0.112697765
-0.009345119,0.020558763
0.0025733912,0.086177416
-0.0040641716,-0.14018008
0.018760312,-0.0022610617
0.010595847,-0.18367949
0.021585118,0.047346067
-0.012837617,-0.112177804
-0.0021372903,-0.10134137
-0.0032486976,-0.0808591
0.00177795,-0.0005902188
-0.013801198,0.030050712
0.00037367863,-0.04798659
0.012499921,-0.1615601
0.012661917,-0.0141501175
0.0013325878,-0.026680551
-0.004591978,-0.085867375
0.0038693931,0.023923794
-0.008327218,-0.017280051
-0.004294263,-0.0469147
0.00963738,-0.11253252
0.009631405,-0.109139174
-0.008549492,-0.021809014
0.021561854,-0.14884686
0.013350099,-0.049275283
-0.018710028,0.10771262
-0.023439463,-0.012167824
0.031747807,-0.08074699
-0.0021063478,0.03341618
0.009055054,0.12401644
0.015743216,0.038311306
0.010349469,0.08647632
-0.006142925,-0.07815519
0.014492128,-0.07669791
0.0041811964,-0.11290028
0.016154114,0.040172648
-0.0020738156,-0.2945002
0.008521883,0.030288674
-0.00011300645,-0.01431851
-0.004905089,0.39520153
-0.0021067352,0.15366009
-0.008226955,-0.011704514
0.0007063645,0.47533208
-0.008675462,0.16251257
-0.029830879,0.20952499
-0.021619832,0.045710377
0.020320205,-0.16144523
0.0033616198,-0.5794907
0.013671413,-0.08158583
-0.023117725,0.014328983
0.009884692,0.006653272
-0.033676364,0.07606499
0.002836322,0.16087054
-0.025139254,0.34023407
-0.026430579,-0.04895162
0.009103848,-0.21024075
0.017405333,-0.049909107
-0.008967346,0.093256235
-0.00870363,0.020199131
0.0145452805,0.02704154
-0.0071773436,-0.046831485
0.013634324,-0.3116336
0.010963029,0.06677997
-0.0033827962,-0.009167221
0.0011186218,0.065182835
0.0132117765,-0.05559776
0.010928887,-0.58337706
0.0024438938,0.39724714
-0.024895739,0.36321446
-0.027392976,0.0102846585
-0.002815173,-0.04946892
-0.0046886117,-0.01307381
-0.009947733,0.23218328
-0.0026236677,-0.023691801
0.015264635,-0.063152455
-0.0013137804,-0.039666675
0.007979702,-0.11925882
0.013274523,-0.09575944
0.0077640996,-0.03051617
0.007166246,0.12411319
-0.014872949,0.07271819
0.0121580735,-0.037361432
0.01471379,0.06353668
0.00498419,0.0028024868
0.021578887,-0.030801235
-0.0016325698,0.072797805
-0.009232337,0.10583371
-0.0035070977,-0.029783951
-0.0008143014,0.05428264
-0.0074156914,-0.15207128
0.015427748,-0.0054753055
-0.0072181886,0.1406063
0.005784264,0.18547238
-0.009491163,-0.027740939
0.02061392,-0.03887142
0.0016847241,-0.15357561
-0.004398358,-0.39226773
0.020974213,-0.058879077
-0.006240246,-0.10280081
0.014325421,-0.2910185
0.024464339,0.05603018
-0.009354604,0.18631935
0.0013971939,0.0055507408
0.005156513,-0.033134207
-0.009978147,-0.15634117
0.004515496,0.0173592
0.009487141,-0.04560479
-0.014091262,0.025350774
0.0006676889,-0.24774696
0.0007648729,0.10550499
0.013040644,-0.027879415
0.011041152,0.01223913
0.01168959,0.041165214
0.0010509077,-0.3110237
0.018809924,0.07948848
-0.008849671,0.078815706
-3.8159167e-05,-0.03925832
0.007978511,0.01144534
0.004489592,-0.00062474847
0.0009685476,0.023098169
0.001775767,-0.03258616
-0.00013577007,0.015170368
-0.0010525901,0.13524696
0.002649541,-0.13877454
0.002078324,-0.01962699
0.008068176,-0.03417716
-0.0021005818,0.0035616956
-0.0068935556,0.03748696
0.0022747193,-0.057408363
0.005609493,-0.15194328
0.013741644,0.16875269
0.003946487,0.024890866
-0.008508573,-0.00048622952
0.009591725,0.185312
-0.016253904,0.053551566
-0.0044317567,-0.121612035
0.0005182428,-0.0138653545
-0.0077029224,0.24139792
-0.009584148,-0.015794864
0.014052147,0.07634846
-0.0013027366,0.013105908
0.011319889,-0.038919695
0.006061649,-0.046111133
0.0036268863,0.24735984
-0.022174131,0.11285873
-0.01713182,0.020238543
-0.0071713016,0.03001002
-0.017101685,-0.124002926
-0.006277855,0.12768085
-0.019221509,0.06270322
-0.004625749,0.057096507
0.023156509,0.058952663
-0.0014206753,0.072512746
0.004839245,-0.07612003
-0.005848998,0.009296869
-0.0030594156,0.08644854
-0.0068878094,0.14798819
0.014105467,0.12449723
0.012907256,0.101291
-0.0018763368,-0.02434515
0.012226614,-0.0691971
0.016049268,0.037039734
-0.016312074,-0.022990495
-0.0064798286,0.018202277
0.0014736131,0.05711827
-0.020952698,0.04773613
-0.014890295,0.14660144
-0.008040117,-0.09467976
0.013786092,0.014516289
-0.054848745,0.20020203
0.04063944,-0.023622235
0.031248875,-0.19565746
0.03587405,0.105580434
-0.012866968,-0.0032737595
0.015290361,-0.09205194
0.03036453,-0.13340597
-0.0054900525,0.06909821
-0.0034696525,0.119348414
-0.0038831723,-0.10079553
0.014910301,0.0917048
-0.016406529,0.023796396
0.006816672,-0.010584011
-1.579849e-05,0.397126
-0.009937323,0.018930921
-0.007539433,-0.08788332
0.005786149,0.049435012
-0.007444339,-0.021628108
-0.0072157057,-0.020148734
0.015891206,0.03757148
-0.0063607665,0.13473396
0.002713744,0.06629106
-0.0039906474,0.032084018
0.0020178566,-0.06484206
-0.008051065,0.012654119
-0.010183406,0.0550693
-0.0077895704,0.02517659
0.009495616,0.056882635
-0.0012798399,-0.13056448
-0.009635424,0.047658436
-0.009148183,0.25823948
-0.030110491,0.005966563
0.010468801,0.05670805
-0.023888204,-0.17637771
0.018213112,-0.19463366
-1.4399062e-05,0.20705272
-0.013802564,0.047157392
0.027143084,-0.0049694846
0.005495289,-0.14410345
0.010980667,-0.062289715
-0.005184741,-0.31706336
0.032889143,-0.13711707
-0.0031922695,0.049326412
0.0054730196,-0.14789905
0.0016135118,-0.016409397
0.0060941475,0.0724376
0.0075998367,0.05860569
-0.0078114504,0.010970191
0.0011090939,0.04723536
-0.012326013,-0.047440547
-0.0030981954,-0.19198832
-0.0022200774,0.1305531
-0.005676384,0.10845389
0.009589591,0.051947348
0.011344191,0.008220831
0.0026871108,0.065060854
-0.017846402,0.07336423
-0.0028521507,0.25885648
-0.024996173,-0.29750437
0.04403326,-0.10177923
0.01128248,0.057306886
-0.018852023,0.03881066
-0.005643312,0.71150625
-0.045298945,-0.11588583
0.026779301,-0.006635792
-0.02008022,0.27853885
-0.019751228,0.06251507
-0.009343835,-0.13389266
0.025767414,0.12108058
-0.02340693,0.0785307
0.021155626,-0.03897447
-0.019042335,-0.047363516
0.017983032,0.053062275
-0.0012738509,0.06224787
0.0038400772,0.152342
-0.0041770455,0.06277984
-0.0074822884,0.13348034
0.01622906,0.22410169
0.00618871,0.020175936
-0.0053491658,0.15931165
-0.013923979,0.31486145
-0.02380942,0.0
-0.021607604,0.0
-0.06223081,-0.13066457
0.03489854,-0.22164042
0.012543829,-0.19376422
0.020565944,0.02976146
-0.0050502406,0.11077734
0.003988509,0.01958025
0.02259882,0.3000756
-0.0050390167,0.08587458
-0.016014364,0.0
-0.031012049,-0.0629577
0.024246842,-0.09751312
0.0070003625,-0.05268742
-0.027868802,0.21315823
-0.010724826,0.0
-0.02615056,-0.0059293113
0.0058839824,0.0059293113
-0.029878782,0.0
-0.01044355,-0.6470904
0.035445463,-0.14429267
0.0017338134,-0.07547361
0.028312853,-0.21677871
0.0029327166,-0.10396979
0.021591572,-0.103468075
0.01356204,-0.22090212
0.0039913533,-0.15976976
0.013922783,-0.0025145093
0.012424067,-0.09120185
0.005129037,-0.1048197
0.005306433,0.16256048
0.006027533,0.005040361
0.0133275315,-0.030853996
-0.00036774162,0.2199857
-0.015304072,0.07729134
0.010842399,0.11172685
0.008252418,-0.09391476
0.0134602245,0.10507734
-0.011174841,0.09794816
-0.004886098,0.09656916
0.012740623,-0.12319926
0.015530619,-0.06869644
0.0022848486,-0.22166961
-0.0055111223,0.076265626
-0.0050969743,0.048146285
0.003167192,0.07514508
-0.018957369,0.025119571
0.0031923014,-0.064966775
0.009451382,-0.21305946
0.01017937,-0.022441192
-0.009706379,0.08444228
-0.01690701,-0.20719643
0.027284821,-0.10852007
0.0039702626,0.054294206
-0.0040698983,0.19655272
-0.023216112,-0.025618032
-0.013717724,0.18856633
-0.026375635,0.22514015
-0.004264868,0.04701619
-0.016929172,0.13168064
-0.022577947,0.07598955
0.0038678532,0.038739406
-0.0053710043,0.16689041
0.0046501323,-0.10634989
0.014512978,-0.14239155
0.014487997,-0.13577208
0.0024685473,-0.058483828
-0.0046680155,-0.016041191
0.0034487064,-0.02355894
0.009439869,-0.11503911
0.00035093562,-0.26937816
0.019339371,-0.04383145
-0.013886236,0.109725624
-0.0057671526,-0.051541656
0.0007142918,-0.10379558
0.018471513,-0.036763877
-0.012612707,0.023942482
0.0027748786,-0.043214384
0.0034892815,0.0763699
-0.00234858,0.028307622
-0.0007401714,0.013543715
-0.0050204946,0.023752667
0.0009547978,0.016225312
-0.0037313164,0.012974408
0.0039142817,0.061767153
-0.0071897414,0.007989336
0.003227662,0.09823744
0.010440262,0.13400233
0.0026494707,0.1188877
0.0013911445,-0.11802673
0.0055192783,-0.010976701
0.007844943,0.10396564
-0.00016422989,-0.04456595
0.0013995187,0.06295101
0.00010501908,-0.13467689
0.0019445459,-0.08205376
0.0012579397,0.07422842
-0.011141112,0.055088557
-0.016326096,-0.028351614
-0.02497096,0.14212719
-0.0018540348,0.040624432
-0.005750359,0.104275584
0.004749933,-0.030237038
0.0021016886,-0.07469179
-0.010968312,-0.011293922
-0.0032508774,0.031685255
0.0026575283,-0.032376356
-0.023227511,0.017834997
0.021160472,-0.111265704
0.015312312,-0.0027131804
-0.0001032576,0.030977344
0.0056636855,0.039980937
0.022503108,0.0036866087
0.009514118,-0.14503261
0.020538185,-0.061929375
-0.0040678065,0.010950062
0.0151706515,-0.15207927
-0.0012558545,0.060182456
0.0037738704,-0.14242753
-0.004947927,0.10423233
-0.0077964943,0.07877822
0.0067564296,0.015701523
-0.00041040033,0.3834206
-0.020400513,-0.0822989
0.026311126,-0.037636872
-0.0042912913,0.052769724
0.0029890267,0.16118973
-0.005000837,-0.42276815
0.03266487,-0.12519586
-0.0072483616,0.03728417
-0.0014281003,0.023824537
-0.010151941,0.26626658
-0.008184331,0.05359959
0.008816499,-0.27076733
0.010523855,0.031294238
1.1776341e-05,0.01458972
0.0037436772,0.052701626
0.001956793,0.14098823
-0.0034877732,0.03275495
-0.0013527767,0.07347858
0.0108121,-0.10147239
0.008969964,0.024324408
-0.003350985,0.028361177
-0.0052307216,0.01084819
-0.012656546,-0.48349902
0.03182664,0.029799717
-0.014452508,0.1918594
-0.015055025,0.20408286
-0.023928594,0.060712285
-0.021583637,0.05364911
-0.023692278,0.3608905
-0.032258086,0.16630039
0.01166223,0.12810367
0.006175408,-0.004984216
-0.017649923,-0.27469817
0.031034026,-0.21107137
-0.0002891121,0.14389154
-0.02485802,-0.09744244
0.022658518,-0.14807521
-0.007904668,-0.008069929
0.008703192,-0.01099416
0.0076916637,-0.18318807
0.010908436,0.025246901
0.010151332,-0.010336965
-0.0061305603,0.07518699
0.002041918,-0.009798285
0.0014992778,0.077360004
0.0009340629,-0.14471489
0.0010773637,-0.1813592
0.005813876,-0.2069836
0.012932886,0.067383364
0.0030518074,0.18474527
-0.007091252,-0.054717623
-0.00038953207,-0.041527916
-0.008215178,0.17937998
-0.009402952,0.07266002
-0.00035313284,0.04872535
0.0062402487,-0.0064559807
-0.010018355,0.18747404
-0.019032547,0.13314459
-0.019798107,0.21511795
-0.0073192427,-0.024100494
0.0073553966,0.115924425
-0.000663124,-0.030548189
0.0070117074,-0.1355963
0.0103473,-0.060614638
0.023678448,-0.18995486
0.010587145,-0.15988022
0.0024307347,0.09454793
0.005018289,-0.028304052
-0.00065549824,-0.07736918
-0.0056460034,-0.017975675
-0.0011112985,0.08268235
0.0015625119,0.07303835
-0.01133131,0.056566972
-0.00049760996,-0.016763888
0.0054960465,-0.027953057
0.0032966218,0.01713335
-0.0071912883,-0.027592037
0.0054193335,0.18377179
0.0018010634,-0.0034430798
0.010631623,-0.07133838
0.0018448811,-0.13852036
0.0025439914,-0.08349688
0.007108475,0.008002548
-0.007912154,-0.050772216
0.015206458,-0.090067156
-0.05863831,0.14140187
-0.022769665,0.040452506
-0.05278254,0.20740102
-0.00115821,0.037106432
-0.014046367,0.0024198391
-0.032195542,0.0756325
0.0052464334,0.13531113
-0.002189688,-0.0023666332
0.016137972,-0.11053544
0.030792309,0.16223262
-0.027347218,0.082554676
0.009015792,0.012030195
-0.02518228,0.0414015
-0.008442186,-0.055085342
0.0072777304,-0.13452078
0.006030322,-0.1667828
0.012482848,0.107703656
0.032379035,-0.18572801
0.024733823,-0.06820429
-0.0029131544,-0.21624596
0.0063564423,0.10206141
-0.00945081,0.29124025
-0.0017463521,0.035411086
-0.006411333,-0.19407292
0.021919148,-0.046049554
0.006114302,-0.015554934
0.0075514587,0.055223137
0.0014600811,-0.21853808
0.009760752,0.3727567
-0.014172835,0.10279282
0.0053682984,-0.043187767
-0.012294227,0.14229125
-0.023122061,-0.038560797
0.028995266,-0.19120489
0.0072582965,-0.14681259
0.009665707,0.19806077
-0.019204684,0.11776171
-0.007912002,0.17903276
-0.007122119,0.1076506
0.008764159,-0.041148424
0.010253045,0.0665647
0.0015176516,-0.0401925
-0.0060628466,-0.04318395
0.011195764,0.03147259
0.0036890563,0.035334766
0.010462869,0.14232278
-0.013425294,0.025713135
-0.0026130532,0.0
5.3698197e-05,0.0
-0.0034077025,-0.13091734
0.02870039,-0.2275182
0.027923621,0.03826402
-0.0055183303,-0.05720596
-0.01117032,-0.08638768
0.012522116,-0.09502094
-0.0009060318,0.19989017
0.014717432,-0.019826338
-0.008705927,0.017107781
-0.006001111,-0.03633666
0.008875719,0.006306389
0.0142399,-0.18250738
-0.0034189946,0.23181082
-0.00192636,-0.08262678
-0.0016951466,-0.23921189
0.009309493,0.32222098
-0.014127195,-0.20051795
0.011531262,0.033056904
-0.020149985,0.042582493
-0.031599663,0.17477264
-0.0191602,0.077250704
0.007733497,0.07221971
-0.0043280954,0.13770956
-0.004059226,0.0048849597
-0.02047595,0.0
-0.027325537,0.0
0.0039527398,0.0
-0.023518942,0.0
-0.0010932558,0.0
-0.0121798925,0.0
0.027216904,-0.003180132
0.022644054,0.003180132
-0.035248406,0.0
0.006205979,-0.06627417
-0.011821206,-0.06699985
-0.013069105,0.13327403
-0.026162941,0.0
-0.0208493,0.0
-0.009617163,-0.1513302
0.021563172,-0.13317645
-0.0033512765,-0.037639856
0.0014636745,-0.014508949
0.010728198,-0.11900609
0.003631702,0.10240302
0.0028129574,0.09937713
0.0051982678,-0.26195464
0.012578521,0.033252224
0.018997863,0.26474315
-0.014059222,-0.12679404
0.016513642,0.04646564
-0.005504389,0.2612867
-0.016435973,-0.09821111
0.021581471,0.13509342
-0.0408613,-0.061027545
0.010209933,-0.17846039
0.0014158227,-0.059779752
0.01716637,-0.07791829
-0.007278965,0.008131745
-0.00031242124,0.09488018
-0.010755754,0.006160183
-0.007661471,-0.07596823
-0.004344349,-0.12929383
0.027789837,-0.0747112
0.015860382,0.030672396
-0.005805172,0.17046896
0.0008622315,-0.0034481117
-0.008464679,-0.06276479
-0.0031937766,-0.00062845094
0.018336734,0.07619717
0.003793897,-0.03743858
0.006430442,0.05865242
0.0020828452,0.09883599
0.01493524,0.03626665
-0.0002496671,-0.09341988
0.014785708,-0.16867979
0.0016570808,-0.06584879
0.00017794361,0.06572206
-0.00035514752,0.15056704
-0.011217781,0.016978495
0.010844728,-0.06078431
0.01798948,0.028135037
-0.0013848227,0.04821944
-0.01625919,-0.018183878
-0.012173904,0.05966662
0.010494559,-0.058792595
-0.010266233,0.06935578
0.01631971,0.1539485
-0.017874323,-0.021327723
-0.00037766574,0.06730654
-0.0015017388,-0.016600087
0.003376909,0.024911046
0.0077667097,0.0
-0.0011317362,-0.06628678
-0.0014089025,-0.17905323
-0.0034310778,0.038150035
0.003949104,-0.18567882
0.019835223,-0.016592707
0.00464008,0.14874732
-0.0050147832,0.078392476
-0.007799822,-0.099577345
0.002731317,-0.15751979
0.0125571685,-0.16594946
0.0054479935,0.11501157
-0.013703686,0.043581206
0.0026693624,0.05107249
-0.019688513,0.05626013
-0.005021738,0.18814445
0.0024029694,-0.13582966
0.015262659,0.12996385
-0.004069438,-0.022087274
0.0012394264,0.019507958
0.0060392115,-0.039151713
0.010535374,0.08352152
-0.010018499,0.062120553
-0.0005209729,0.05325322
0.0016262637,0.0
0.0056387493,-0.0145324245
0.015373055,-0.049750093
0.005781849,-0.11090638
0.011116671,-0.17114973
0.011849564,0.0802357
0.0039735716,-0.17726952
0.012566884,-0.020365493
-0.012181942,0.46373793
-0.01861595,-0.1760507
0.01430967,-0.2985876
0.0024397061,0.016040424
-0.01967263,0.028619999
-0.009770859,-0.023351824
-0.013118753,-0.18746865
0.020201486,-0.46947438
0.040695854,-0.3072199
0.025693912,0.073808424
0.0067884633,0.20775512
-0.015781345,-0.41664848
0.027834293,-0.08248726
-0.0035730414,0.046434462
0.0027173334,0.1905412
-0.004782742,0.047460984
0.0028224504,0.1020206
-0.012333548,0.026000388
0.0035005272,-0.078266345
0.0042182016,-0.06623224
0.021012083,-0.15760836
-0.0028931797,-0.13415179
0.0011673276,-0.13957629
-0.00037599856,0.25090316
-0.007041014,0.111039065
0.008579959,-0.28623623
0.020397367,-0.0662118
0.0008156004,-0.029301824
-0.0132850725,-0.12271716
0.021674227,-0.18249212
-0.002072026,0.055031896
-0.008184381,0.08581289
-0.009353403,0.16977535
-0.0042176917,0.19350128
-0.00043648307,-0.17199545
0.022106161,0.10486432
0.004510666,-0.026444547
-0.001262198,-0.3024255
0.013598,0.06620838
0.0030395759,-0.02695919
0.0059214854,0.060001444
0.0007759596,0.06934841
-0.0025815293,-0.09815707
0.0057466016,0.10136027
0.005865293,0.07460042
0.00075858133,-0.19881468
0.012694547,0.10862598
-0.003587179,-0.0018487732
0.0113285445,0.07175707
0.002693028,-0.014562905
0.0042285393,0.11703652
-0.020218344,0.029849635
-0.008099006,0.19390747
-0.010674163,-0.009258204
0.01389271,-0.12762852
-0.010697739,0.15416443
-0.0035846874,0.06592365
0.0073876306,0.1858939
-0.009999597,0.24258392
-0.008681325,-0.094932795
0.019978007,0.1648196
-0.015283536,0.020458864
0.0055610826,-0.11369869
-0.013937368,-0.071635
0.00080412324,-0.05732116
-0.0020243078,-0.35207874
0.05649915,-0.34107378
0.019613836,-0.18128052
-0.0025647925,-0.18829283
0.01008323,0.1648888
-0.023846159,-0.0701615
0.012065381,-0.17072496
0.020368487,-0.13288705
0.007679072,-0.06018905
0.020989474,0.13484949
-0.016419824,0.3158345
-0.0097296,0.09121838
-0.001095044,-0.020208443
0.025110953,-0.054422315
0.018751848,-0.16449642
0.009166689,-0.14160067
0.014996874,-0.21818131
0.009410136,-0.062302817
-0.0070520183,0.023164263
-0.0028643925,-0.0737031
-0.005381053,0.00043039885
-0.017476263,0.61521375
-0.021612892,0.1178695
-0.013667652,-0.10618379
0.014612197,-0.05866412
-0.0025101905,0.19384697
-0.024524428,0.056254048
-0.011030896,-0.38049835
0.049496405,0.03493392
0.003507588,-0.20904058
0.020293504,-0.56310505
0.029348515,-0.09214784
0.005919799,-0.029619785
-0.0021492771,0.2320731
0.006958045,-0.05086726
-0.006328441,-0.06238103
0.005448332,-0.07254568
-0.001643165,-0.045368157
0.014641616,-0.16929784
0.01835728,-0.0050523467
0.007910488,0.09028306
0.002603959,-0.03714733
0.013878875,-0.024521047
0.007392525,-0.021500917
0.0033269215,0.02724142
-0.0073444885,-0.18084642
0.015911862,-0.037047364
0.0074547036,0.18700045
-0.0017612374,0.25555682
-0.0024670777,0.1259281
0.008303903,-0.42447263
-0.004064443,0.16357921
-0.005951839,-0.07860949
-0.0041181026,-0.14010648
0.0063208346,0.14115615
-0.020322526,0.019547405
0.009311039,0.2331846
-0.024069738,0.059495486
-0.0020878993,-0.08255874
-0.00640884,0.15780067
-0.018560572,0.26793832
-0.0029196902,0.016142515
0.0012689075,-0.45788386
0.04694765,-0.123731814
0.025367977,-0.12207911
0.00040404976,0.12310523
0.007542025,-0.122382574
0.0122828465,-0.035163045
0.0079434775,-0.024092836
0.0069637066,0.06115602
0.018329045,-0.065083936
0.009646136,0.033854127
-0.009191796,-0.018462934
0.009270703,-0.18306059
-0.01407612,0.059507675
-0.0083514005,0.007855554
-0.0013408186,0.0030873406
-0.0062104654,0.039479773
-0.0011877338,0.121943645
0.0070492644,-0.06354931
0.007738445,-0.027396016
-0.0052610007,0.32717657
-0.008423062,-0.08195787
0.009760034,-0.014841352
-0.019017462,-0.04653458
0.021110209,-0.15061076
0.0018557706,0.0052754036
0.0015566833,0.21180588
-0.0029174471,0.009747202
-0.0002918807,0.110407144
-0.0065178433,-0.12912978
0.025877086,-0.025087379
-0.0062042587,-0.00078650727
-0.006761538,-0.21016125
0.017259728,0.13139203
-0.017812733,0.1376785
-0.026860867,-0.008184096
0.0085829105,0.006391565
-0.004760393,0.04948129
0.015962373,-0.17087777
-0.0043408014,0.08790592
-0.023656782,0.025136936
-0.0021414114,0.008341998
-0.023359267,-0.07238617
-0.0016275961,0.069130115
-0.0016635822,0.030410716
-0.001548904,0.13020696
0.0038841162,0.0077178995
-8.217874e-05,0.32191443
-0.0028184894,-0.058524735
-0.004358512,0.016399946
0.0027696807,-0.19497873
-0.00085213734,0.045977376
-0.0003928051,0.05106695
0.0026852181,-0.034066025
0.013544641,-0.04387825
-0.018176042,0.10069739
0.0137945805,-0.0875355
-0.019828483,0.3214521
-0.042292915,0.105025254
0.014335677,-0.28026873
-0.003530047,-0.21252567
0.018218473,0.23674154
-0.028961185,0.025922697
0.011255151,-0.16133203
0.030988159,-0.025341399
0.03083971,-0.13744716
0.0315869,0.014209941
-0.019451978,-0.08374769
0.0058030346,-0.39569998
0.025821652,-0.16197078
-0.012227295,0.10120314
-0.01270807,0.07776366
-0.0045180456,0.016886024
0.02832282,0.0072210454
-0.031079073,0.15483312
0.0032381243,-0.13607733
0.012383499,-0.004808166
-0.0039732642,0.10835795
0.012149135,-0.16223367
0.03024816,-0.042470876
-0.010554941,-0.04612924
0.013367001,0.0822199
-0.014002536,-0.025836263
0.012297165,-0.008130826
0.0012251186,0.021880716
-0.015838472,0.042153
-0.0013014163,-0.08487734
0.0006031068,0.039385136
0.00093774707,-0.053775575
0.013527226,0.106921494
-0.005257694,0.20311457
-0.029272068,0.06408415
-0.00011659507,-0.053246234
-0.019503865,0.026277853
0.011913229,-0.06922573
-0.012857198,0.11029291
-0.039829925,0.14716233
3.524986e-05,-0.01265847
0.00394416,0.0035653098
0.03462612,-0.0794598
0.013925908,-0.065414526
0.010166192,-0.073800825
0.0029844572,-0.044907425
0.0066840434,0.021248236
0.0095663015,-0.044903893
0.0021992286,0.00915177
0.006587115,0.0041844645
-0.00418509,-0.00586408
0.0017586946,-0.015600619
-0.0016532872,0.01278649
-0.0074348245,-0.028610092
0.009159798,-0.016429458
0.0031268476,-0.025538938
-0.009076221,0.06877617
0.0023565008,0.020671334
0.007479891,0.019547343
0.0035824473,0.008160047
-0.0023528947,0.012132803
0.006798804,-0.061135937
0.008176668,-0.0114558535
0.00050442945,0.0033975167
-0.0011988888,0.07069694
-0.011862267,0.04219298
0.0053022094,0.03481524
-0.001622316,0.035798468
-0.0063043833,0.01953292
0.006952896,-0.04176665
0.005466141,-0.003584476
0.007211896,-0.09115765
0.0070541017,-0.09327334
0.008375814,0.097452976
-0.0051993784,0.054690152
0.012660528,-0.079983614
0.003968946,-0.07687025
-0.0050527914,0.05788607
0.013766224,-0.01286379
0.0054536993,-0.16410905
0.00054224505,-0.14756852
-0.004391793,-0.02140605
0.004469058,0.08524659
0.016473655,-0.08230217
0.0175561,0.073188856
-0.009318941,0.03718215
-0.013052996,-0.00528224
-0.0023299775,0.115842514
-0.020765249,0.062379386
0.021788165,-0.042002432
0.0066405972,-0.04753024
0.023073887,-0.012765591
-0.012388407,-0.05351673
-0.015804168,-0.07993555
-0.0091296565,0.11439358
-0.010523566,0.030838134
-0.006973034,-0.06902923
0.008448798,-0.11083957
0.0101474915,-0.07276019
0.012989406,-0.009837645
0.03591779,-0.18281488
0.011495819,-0.072123244
0.0012946231,0.025129402
0.006322831,-0.044902604
0.008050453,-0.27173528
0.009263432,-0.09595747
0.0066365185,-0.019575115
-0.001596943,0.0651927
-0.0021006586,-0.27056316
0.0026918813,-0.004984515
0.004677907,-0.0028050744
-0.00021853007,-0.018959181
0.0017142682,0.04618136
0.003823779,0.06524521
-0.017554643,0.12296984
0.008186703,-0.07108583
0.00932886,-0.07588273
0.00150794,-0.07701129
0.014985081,-0.040768277
0.007543996,0.058247924
-0.0037195943,0.32338476
-0.012894772,-0.03810586
0.016476111,0.22648975
-0.023499312,0.038473804
-3.0953903e-05,0.1578362
-0.022909485,0.120074674
-0.00896311,0.19411719
-0.029245554,0.23697014
-0.026735961,0.06685652
-0.009184404,0.07789215
-0.0060175536,-0.105652
0.018414812,-0.047142394
-0.016623022,0.23449753
0.022411741,0.004231779
-0.004924248,0.03281742
0.011206221,-0.040388253
0.012662811,-0.060904544
0.008509506,0.12286594
-0.0013616852,0.037497915
0.018439475,-0.04620974
-0.003899761,-0.03650777
-0.006540307,0.08634331
-0.013720664,0.04930821
0.010178346,-0.0802977
0.015976729,-0.09794073
-0.0041156164,-0.120548
0.017550237,0.2490926
-0.027391309,0.19665983
-0.015490174,-0.082010895
-0.0054603503,0.08804858
-0.03887629,0.2116323
-0.011356248,0.0045839283
-0.02296682,0.0621921
-0.02319139,0.0821485
0.029982744,-0.05171172
-0.014788523,0.06635304
-0.012961402,0.02307727
-0.0069189146,-0.108704306
0.010846648,-0.115651295
0.02367179,0.11193376
-0.007222444,0.14460705
0.024141937,0.011307432
-0.0007302697,0.036355834
-0.0022989684,0.0072529754
9.263819e-05,-0.09326861
-0.016705908,-0.085806176
