path_id,Date,sp500_abs,DGS10_abs,sp500,DGS10
0,1996-05-07,604.3672819828437,11.524787797305649,-0.00893443077802658,0.1408622765833769
0,1996-05-08,604.6228671236057,11.634152559781302,0.00042289705015718937,0.10936476247565352
0,1996-05-09,598.5059617890057,11.707815044299334,-0.01011689379811287,0.07366248451803159
0,1996-05-10,606.996281793212,12.343369056606692,0.014185857027769089,0.6355540123073578
0,1996-05-13,591.9409069209513,12.413942478313263,-0.024803075939416885,0.07057342170657144
0,1996-05-14,593.8757147561935,12.061827159411921,0.003268582746386528,-0.3521153189013422
0,1996-05-15,602.2261985335931,12.014318364387437,0.014060995541512966,-0.04750879502448413
0,1996-05-16,589.5057427781766,12.26135386979644,-0.021122388541698456,0.24703550540900387
0,1996-05-17,580.6490717258943,12.383027606920948,-0.015023892745375633,0.12167373712450669
0,1996-05-20,577.4425179228684,12.67066867185911,-0.005522361025214195,0.2876410649381622
0,1996-05-21,565.8432418505636,13.257567236230003,-0.02008732594549656,0.5868985643708928
0,1996-05-22,559.0694124480144,13.253313208912289,-0.01197121199220419,-0.004254027317713849
0,1996-05-23,562.5687642773174,13.064022651115728,0.006259243935346603,-0.18929055779656068
0,1996-05-24,566.8259844067804,12.938012862351348,0.007567466236650944,-0.12600978876437985
0,1996-05-28,561.3744853473996,13.063018981403285,-0.009617588482797146,0.12500611905193715
0,1996-05-29,553.1823100684355,12.920730692111668,-0.014593066647648811,-0.14228828929161708
0,1996-05-30,556.285216861624,12.891184712395711,0.005609193816781044,-0.02954597971595696
0,1996-05-31,559.0026028937766,13.083689068818389,0.004884879104793072,0.1925043564226776
0,1996-06-03,553.0192870956175,13.093583070327686,-0.01070355623960495,0.009894001509296757
0,1996-06-04,554.1859526776701,12.947933124341702,0.002109629102051258,-0.14564994598598346
0,1996-06-05,560.8772166918511,13.136478219852703,0.012074041180312634,0.1885450955110013
0,1996-06-06,563.2868252002967,13.015855058624062,0.004296142607927322,-0.12062316122864125
0,1996-06-07,563.9408888743989,13.16359695638191,0.0011611556401476264,0.1477418977578484
0,1996-06-10,563.4113876118095,13.178686320065125,-0.0009389304323121905,0.015089363683214785
0,1996-06-11,567.3129626034281,13.260853604314867,0.006924913264811039,0.08216728424974207
0,1996-06-12,572.976364097253,12.402524118957267,0.009982852265238762,-0.8583294853576007
0,1996-06-13,586.2483672383098,12.389676418316432,0.023163264617323875,-0.012847700640834958
0,1996-06-14,579.5862801520419,12.630826916939526,-0.011363932862877846,0.24115049862309412
0,1996-06-17,573.1630075181826,12.953777921039244,-0.011082513257861137,0.32295100409971766
0,1996-06-18,569.2554473011186,13.016459142542223,-0.006817537359893322,0.06268122150297906
0,1996-06-19,566.9936155609403,12.922891213673433,-0.0039733159355819225,-0.09356792886879006
0,1996-06-20,571.8683366588485,12.767521901771437,0.008597488515079021,-0.1553693119019961
0,1996-06-21,565.6136871439226,12.524235620334322,-0.010937219485640526,-0.24328628143711484
0,1996-06-24,575.6051089503671,12.346192965478018,0.017664745450019836,-0.17804265485630388
0,1996-06-25,569.9947125204678,12.25321865478306,-0.009746953845024109,-0.09297431069495765
0,1996-06-26,568.9236461455989,12.373008176702463,-0.0018790812464430928,0.11978952191940273
0,1996-06-27,559.1263836812828,12.290485631970528,-0.017220698297023773,-0.0825225447319351
0,1996-06-28,566.5195040103663,12.469503921088496,0.013222628273069859,0.1790182891179679
0,1996-07-01,557.5997963574208,12.483895358213745,-0.015744749456644058,0.014391437125249595
0,1996-07-02,567.8574777211574,12.173382676474874,0.018396135419607162,-0.3105126817388708
0,1996-07-03,580.4425729682312,12.072703264847558,0.02216241881251335,-0.10067941162731664
0,1996-07-05,586.0576401363286,11.970861128984486,0.009673768654465675,-0.10184213586307145
0,1996-07-08,588.6539067131323,12.077831232490398,0.004430053289979696,0.10697010350591185
0,1996-07-09,581.1737112180618,12.014595632146989,-0.012707289308309555,-0.06323560034340936
0,1996-07-10,584.4940399623935,11.993026222205671,0.005713143385946751,-0.02156940994131773
0,1996-07-11,589.015324541322,12.043895288764027,0.007735381834208965,0.05086906655835577
0,1996-07-12,581.3486207571078,12.137865305727177,-0.01301613636314869,0.09397001696314966
0,1996-07-15,583.5769151793091,12.061900257992464,0.0038329744711518288,-0.07596504773471224
0,1996-07-16,581.1176027860381,12.014458870018942,-0.004214204382151365,-0.04744138797352271
0,1996-07-17,583.8270537296017,11.96787476717961,0.004662482999265194,-0.04658410283933101
0,1996-07-18,590.2823036715552,11.924003526573019,0.01105678454041481,-0.043871240606591755
0,1996-07-19,588.2703811428479,11.897753851131382,-0.00340840732678771,-0.02624967544163681
0,1996-07-22,593.334990218173,11.971058240901902,0.008609321899712086,0.07330438977052012
0,1996-07-23,591.1942627166893,11.894060440625806,-0.003607957623898983,-0.07699780027609648
0,1996-07-24,593.5453215908773,11.80749786489544,0.003976795822381973,-0.08656257573036541
0,1996-07-25,600.1595977963677,11.80706717238657,0.011143675073981285,-0.0004306925088695124
0,1996-07-26,601.8763806031045,12.018624145946276,0.0028605437837541103,0.2115569735597056
0,1996-07-29,598.1190727542715,11.93111126717403,-0.006242657080292702,-0.08751287877224634
0,1996-07-30,614.1654537658845,11.963441024565538,0.026828071102499962,0.03232975739150845
0,1996-07-31,615.8047045879767,11.995803535525654,0.0026690703816711903,0.032362510960116
0,1996-08-01,614.0998631651289,12.009160418861178,-0.00276847742497921,0.013356883335523762
0,1996-08-02,621.2855788753096,11.876307991054798,0.011701216921210289,-0.1328524278063803
0,1996-08-05,630.2811589604265,11.950880213825675,0.014478977769613266,0.07457222277087716
0,1996-08-06,630.9606516882775,11.838023473340089,0.00107807875610888,-0.11285674048558647
0,1996-08-07,633.6508736152358,11.725123906175394,0.004263692069798708,-0.1128995671646944
0,1996-08-08,627.4095871697727,11.801882440829196,-0.009849724359810352,0.076758534653802
0,1996-08-09,626.4652877216762,11.746589620409129,-0.0015050765359774232,-0.05529282042006756
0,1996-08-12,633.3235184320675,11.709591195412438,0.01094750314950943,-0.036998424996690815
0,1996-08-13,630.918071037739,11.810147011315674,-0.0037981336936354637,0.10055581590323648
0,1996-08-14,629.7313079006086,11.885959142296457,-0.0018810098990797997,0.07581213098078265
0,1996-08-15,619.8821308559448,11.921606830078389,-0.01564028486609459,0.035647687781931836
0,1996-08-16,628.2657052017921,11.872035258927866,0.013524465262889862,-0.049571571150522686
0,1996-08-19,626.0852770367893,11.955306329059578,-0.0034705509897321463,0.08327107013171187
0,1996-08-20,608.7016844780792,12.247270347951094,-0.027765534818172455,0.291964018891516
0,1996-08-21,606.892712472091,12.237491220213359,-0.002971853129565716,-0.009779127737735038
0,1996-08-22,604.6766992761592,12.351928237666433,-0.003651408478617668,0.11443701745307422
0,1996-08-23,606.25184015047,12.524173511821111,0.0026049306616187096,0.17224527415467783
0,1996-08-26,605.5263839350542,12.602475177033375,-0.0011966251768171787,0.07830166521226367
0,1996-08-27,607.4557913615794,12.506378099486758,0.003186330897733569,-0.09609707754661656
0,1996-08-28,615.4334073563724,12.415819507595597,0.013132833875715733,-0.09055859189116156
0,1996-08-29,615.2247440379668,12.466963881782302,-0.00033905101008713245,0.05114437418670548
0,1996-08-30,609.0898881752387,12.585958639597884,-0.009971731342375278,0.11899475781558166
0,1996-09-03,604.2317127960707,12.51756478044157,-0.007976122200489044,-0.06839385915631446
0,1996-09-04,617.0312606180235,12.540037241523034,0.021183177828788757,0.022472461081465056
0,1996-09-05,611.8399547856254,12.472852995456922,-0.008413359522819519,-0.06718424606611251
0,1996-09-06,614.0338026391682,12.46298651828614,0.0035856564063578844,-0.009866477170781707
0,1996-09-09,606.1870313749969,12.59262588642428,-0.0127790542319417,0.1296393681381396
0,1996-09-10,613.69048033443,12.558338918767182,0.012378108687698841,-0.03428696765709738
0,1996-09-11,619.8027183133628,12.622917759520814,0.009959805756807327,0.06457884075363118
0,1996-09-12,622.1544668788757,12.605449134774085,0.0037943501956760883,-0.017468624746728167
0,1996-09-13,628.5419707467041,12.623077979172368,0.010266749188303947,0.01762884439828305
0,1996-09-16,627.4113757436204,12.711848283234024,-0.0017987581668421626,0.08877030406165609
0,1996-09-17,626.3081226513995,12.606915299858864,-0.0017584206070750952,-0.10493298337516066
0,1996-09-18,626.1302425718908,12.638744324187439,-0.00028401368763297796,0.03182902432857482
0,1996-09-19,625.3254029442228,12.67954989243272,-0.0012854188680648804,0.04080556824528081
0,1996-09-20,621.7525741720345,12.658835939091857,-0.005713551305234432,-0.0207139533408629
0,1996-09-23,630.9237703908293,12.345563469444118,0.014750556088984013,-0.3132724696477389
0,1996-09-24,632.1435803737752,12.333841575922076,0.001933371415361762,-0.011721893522041782
0,1996-09-25,635.0310864656501,12.354127148969555,0.004567801021039486,0.020285573047479133
0,1996-09-26,630.8651115388249,12.396361637924514,-0.0065602692775428295,0.04223448895495885
0,1996-09-27,634.8692280556036,12.410993970717277,0.006347024813294411,0.014632332792762881
0,1996-09-30,637.6228017690131,12.38524172170877,0.0043372297659516335,-0.025752249008506922
0,1996-10-01,642.3912275312125,12.363198871240785,0.007478442974388599,-0.02204285046798482
0,1996-10-02,642.5030888498699,12.341475082560024,0.00017413269961252809,-0.021723788680761302
0,1996-10-03,636.4001970960906,12.430976954390466,-0.00949861854314804,0.08950187183044278
0,1996-10-04,627.2855528027809,12.450719905099929,-0.01432218961417675,0.019742950709462193
0,1996-10-07,628.7957679262815,12.425933619477645,0.00240754010155797,-0.0247862856222838
0,1996-10-08,626.3234506326577,12.584645752950198,-0.003931828774511814,0.15871213347255342
0,1996-10-09,618.3352893915351,12.121712341519176,-0.012754051014780998,-0.4629334114310222
0,1996-10-10,624.9976856199569,12.22009272416345,0.010774730704724789,0.09838038264427418
0,1996-10-11,612.8512190177922,12.30758333589446,-0.01943441852927208,0.0874906117310097
0,1996-10-16,618.260098709977,12.452850137106916,0.008825763128697872,0.14526680121245583
0,1996-10-17,613.8523776315433,12.49760402365162,-0.00712923426181078,0.04475388654470436
0,1996-10-18,618.45483826596,12.41752058104348,0.007497666869312525,-0.08008344260814049
0,1996-10-21,629.4579452402065,12.301310433025787,0.01779128611087799,-0.11621014801769292
0,1996-10-22,638.2884917209532,11.912000375844826,0.014028810895979404,-0.38931005718096046
0,1996-10-23,638.7833888675307,11.997512279608605,0.0007753502577543259,0.08551190376377882
0,1996-10-24,633.8366861090362,12.068606427277436,-0.007743943948298693,0.07109414766883049
0,1996-10-25,633.7631631499704,11.935766282427572,-0.00011599669232964516,-0.1328401448498635
0,1996-10-28,634.4118520589303,11.982317200050272,0.001023550983518362,0.04655091762269947
0,1996-10-29,629.6919018356458,11.949802836202823,-0.007439883425831795,-0.03251436384744899
0,1996-10-30,632.8889266505038,12.00547557809137,0.005077125504612923,0.05567274188854654
0,1996-10-31,630.4605372196113,12.00270309185506,-0.003836991498246789,-0.0027724862363083247
0,1996-11-01,629.198708479418,12.136826711231432,-0.0020014396868646145,0.1341236193763713
0,1996-11-04,630.2145686631272,12.254548685403698,0.0016145299887284636,0.11772197417226593
0,1996-11-05,625.2643705847655,12.36766572780578,-0.007854782044887543,0.11311704240208265
0,1996-11-06,621.0599048809928,12.360243681395803,-0.006724300794303417,-0.0074220464099781225
0,1996-11-07,626.6442531589028,12.479958184378573,0.00899164192378521,0.1197145029827702
0,1996-11-08,625.2875812187618,12.30919075347834,-0.002164979465305805,-0.1707674309002325
0,1996-11-13,634.7056678025599,12.314324562400207,0.015062008053064346,0.0051338089218671
0,1996-11-14,631.7895349621438,12.296097087188533,-0.004594464786350727,-0.018227475211674005
0,1996-11-15,632.8822970536974,12.288038994961695,0.001729629933834076,-0.008058092226837843
0,1996-11-18,630.4741522934893,12.272145252481135,-0.0038050436414778233,-0.015893742480560746
0,1996-11-19,640.6054473278818,12.307834066253745,0.016069326549768448,0.03568881377261057
0,1996-11-20,634.2706390083287,12.201478926575282,-0.009888783097267151,-0.10635513967846322
0,1996-11-21,634.2124891650016,12.269228152076215,-9.167985990643501e-05,0.06774922550093265
0,1996-11-22,631.5481098720833,12.20924903143746,-0.004201082978397608,-0.059979120638754324
0,1996-11-25,634.8623840135085,12.205997259295389,0.005247856955975294,-0.0032517721420717294
0,1996-11-26,636.4270767246998,11.995737681804592,0.0024646171368658543,-0.21025957749079716
0,1996-11-27,638.2775463273337,12.136982871791444,0.002907590940594673,0.14124518998685254
0,1996-11-29,634.7784063835776,11.913072720917414,-0.005482160486280918,-0.22391015087402977
0,1996-12-02,636.6962352339542,11.946063442080677,0.0030212572310119867,0.03299072116326229
0,1996-12-03,637.7055382385576,12.008062307045586,0.0015852190554141998,0.06199886496490947
0,1996-12-04,640.9831582321347,12.1061009665643,0.005139707587659359,0.09803865951871416
0,1996-12-05,647.073868664484,11.985548490018544,0.009502138011157513,-0.12055247654575574
0,1996-12-06,644.0839572469459,12.102010033709323,-0.00462066475301981,0.11646154369077877
0,1996-12-09,644.1748313432822,11.949398665993536,0.0001410904515068978,-0.15261136771578698
0,1996-12-10,641.7406787472938,11.983889076267113,-0.003778714220970869,0.0344904102735768
0,1996-12-11,647.8889760002251,11.979634448540235,0.009580656886100769,-0.004254627726878013
0,1996-12-12,654.0704311734127,11.909261622397514,0.009540917351841927,-0.07037282614272122
0,1996-12-13,652.4704625114007,11.851451871175938,-0.0024461718276143074,-0.05780975122157628
0,1996-12-16,661.6251907824867,12.17760462091599,0.01403087005019188,0.3261527497400518
0,1996-12-17,646.1505744614768,12.219279775552067,-0.02338879555463791,0.04167515463607785
0,1996-12-18,654.4298576371464,12.371920896567746,0.012813241221010685,0.1526411210156784
0,1996-12-19,653.7758041817839,12.456445592068794,-0.0009994248393923044,0.0845246955010488
0,1996-12-20,649.9319515980831,12.514670358398002,-0.005879465956240892,0.058224766329207256
0,1996-12-23,646.6346550940373,12.511334067036637,-0.005073294974863529,-0.003336291361364374
0,1996-12-24,650.2952364326645,12.630961795934827,0.005660973023623228,0.11962772889818929
0,1996-12-26,638.6719474130354,12.595211712481879,-0.017873864620923996,-0.035750083452947834
0,1996-12-27,653.7037377610318,12.538352099342431,0.023536011576652527,-0.05685961313944787
0,1996-12-30,647.5260038006816,12.634377396681725,-0.009450357407331467,0.09602529733929366
0,1996-12-31,656.3745527653485,12.757668123768866,0.01366516388952732,0.1232907270871415
0,1997-01-02,661.5582909349496,12.645658467073217,0.007897530682384968,-0.11200965669564944
0,1997-01-03,681.1424261495839,12.76822518870684,0.029603037983179092,0.12256672163362303
0,1997-01-06,675.8567504900763,12.66950949327786,-0.007760015316307545,-0.09871569542898051
0,1997-01-07,676.9957135879989,12.663078479873462,0.0016852137632668018,-0.006431013404396779
0,1997-01-08,668.3952900091502,12.662087582546704,-0.012703808024525642,-0.0009908973267584997
0,1997-01-09,666.1043473193545,12.64567494688033,-0.003427526680752635,-0.01641263566637363
0,1997-01-10,669.6233058305696,12.542320295110262,0.005282893776893616,-0.10335465177006853
0,1997-01-13,674.4345885685937,12.514032124990576,0.007185058668255806,-0.02828817011968532
0,1997-01-14,667.2043824235561,12.738733828404026,-0.010720396414399147,0.22470170341344975
0,1997-01-15,658.4692320178068,12.740131743087264,-0.013092165812849998,0.0013979146832383549
0,1997-01-16,672.2909507781599,12.719201487131862,0.020990682765841484,-0.020930255955402544
0,1997-01-17,674.4274082918988,12.700442457575884,0.00317787635140121,-0.0187590295559783
0,1997-01-22,680.7556677348388,12.62321557318119,0.009383158758282661,-0.07722688439469394
0,1997-01-23,685.5206532345732,12.607716983136044,0.006999553181231022,-0.015498590045146088
0,1997-01-24,682.434682941255,12.667224468761665,-0.004501644521951675,0.05950748562562147
0,1997-01-27,679.2266949791472,12.729122428771362,-0.004700798541307449,0.06189796000969672
0,1997-01-28,679.0800540378515,13.079205351318295,-0.00021589396055787802,0.3500829225469335
0,1997-01-29,671.0247934820827,13.016565390695707,-0.011862019076943398,-0.06263996062258848
0,1997-01-30,682.9895113157694,12.989888714834809,0.017830515280365944,-0.026676675860898058
0,1997-01-31,674.6013783113826,12.93507827199167,-0.012281496077775955,-0.05481044284313796
0,1997-02-03,670.9997551221245,12.87388221976419,-0.005338890943676233,-0.0611960522274817
0,1997-02-04,673.2617714186176,12.824728605160864,0.003371113445609808,-0.049153614603325124
0,1997-02-05,680.1411552093477,12.842568422139047,0.010217992588877678,0.017839816978183265
0,1997-02-06,676.5507768873283,12.832497232406217,-0.005278872326016426,-0.010071189732830277
0,1997-02-07,685.2501929266001,12.792887479336015,0.012858482077717781,-0.0396097530702022
0,1997-02-10,691.1219616261444,12.745195146324464,0.008568795397877693,-0.0476923330115504
0,1997-02-11,688.7305661692094,12.726139864188129,-0.0034601641818881035,-0.01905528213633545
0,1997-02-12,687.7840523400561,12.775275553860107,-0.0013742875307798386,0.0491356896719779
0,1997-02-13,677.2426750166471,12.823961817522706,-0.01532658003270626,0.048686263662599316
0,1997-02-14,681.037074966444,12.883985917329186,0.005602718330919743,0.060024099806479825
0,1997-02-18,678.2883262441934,12.804867091931763,-0.004036122001707554,-0.07911882539742265
0,1997-02-19,692.2586857683697,12.812443833585732,0.020596491172909737,0.0075767416539687105
0,1997-02-20,688.0916867730915,12.984170053715426,-0.006019424647092819,0.17172622012969363
0,1997-02-21,684.3736602092363,13.128295128016138,-0.005403388291597366,0.14412507430071209
0,1997-02-24,675.7208862072621,13.256238613568433,-0.01264334749430418,0.1279434855522954
0,1997-02-25,680.3172668679033,13.116583142511836,0.006802188232541084,-0.1396554710565976
0,1997-02-26,693.1564603515045,13.078633655015574,0.01887236163020134,-0.03794948749626137
0,1997-02-27,690.243537474228,13.194627904140559,-0.004202403128147125,0.11599424912498435
0,1997-02-28,689.1067120951463,13.164583252242565,-0.0016469917027279735,-0.030044651897993546
0,1997-03-03,687.43036967893,13.11570767904308,-0.0024326310958713293,-0.04887557319948499
0,1997-03-04,685.3514253244232,13.07237241652109,-0.0030242253560572863,-0.043335262521990714
0,1997-03-05,686.1511944011928,13.386346777522892,0.0011669474188238382,0.31397436100180265
0,1997-03-06,683.9304535441103,13.547098246156967,-0.0032365182414650917,0.16075146863407497
0,1997-03-07,675.5832231024805,13.589448133742286,-0.012204794213175774,0.04234988758531877
0,1997-03-10,669.2853974654589,13.438563239550948,-0.009322057478129864,-0.15088489419133744
0,1997-03-11,682.3172821638215,13.093937256634497,0.019471341744065285,-0.3446259829164511
0,1997-03-12,688.5713340231003,13.09544443183659,0.009165899828076363,0.0015071752020929807
0,1997-03-13,674.6692964573266,13.18955660575558,-0.020189683884382248,0.0941121739189903
0,1997-03-14,666.6129039552634,13.357338519656093,-0.011941246688365936,0.16778191390051234
0,1997-03-17,666.0011008698975,13.327226959223706,-0.0009177786414511502,-0.030111560432386497
0,1997-03-18,669.576784579403,13.244868630460115,0.005368885584175587,-0.08235832876359162
0,1997-03-19,669.9549730013491,13.16381141027532,0.0005648171063512564,-0.08105722018479433
0,1997-03-20,673.8243011272185,12.911765059046601,0.005775504745543003,-0.252046351228719
0,1997-03-21,680.9243284224971,12.96650478870989,0.010536911897361279,0.05473972966328944
0,1997-03-24,675.9375589674809,12.912617013169188,-0.0073235295712947845,-0.05388777554070323
0,1997-03-25,683.9211741362791,12.99381733051684,0.01181117258965969,0.08120031734765298
0,1997-03-26,673.7345965771439,13.010560657054071,-0.014894373714923859,0.016743326537230985
0,1997-03-27,699.5549156663284,12.90416408240428,0.03832416981458664,-0.10639657464979102
0,1997-03-31,694.8729034364214,12.802788570319025,-0.006692844443023205,-0.10137551208525508
0,1997-04-01,694.4327381426365,12.928869084901137,-0.0006334471981972456,0.126080514582112
0,1997-04-02,696.2200533069777,13.052016907075375,0.002573777223005891,0.12314782217423748
0,1997-04-03,693.592143816468,13.013971161116704,-0.0037745386362075806,-0.03804574595867116
0,1997-04-04,693.5185982659743,12.973898607180356,-0.0001060357317328453,-0.04007255393634779
0,1997-04-07,696.1577889359543,13.015712531702126,0.0038055081386119127,0.041813924521770574
0,1997-04-08,695.411990552433,13.028376142280143,-0.0010713065275922418,0.01266361057801646
0,1997-04-09,695.0823668472905,13.009118384429533,-0.00047399773029610515,-0.019257757850610346
0,1997-04-10,701.5242340673253,12.983248986091244,0.0092677753418684,-0.025869398338288718
0,1997-04-11,700.9940570921405,12.978331984187378,-0.0007557500503025949,-0.004917001903866236
0,1997-04-14,703.5804207181628,12.984742830356494,0.003689565695822239,0.0064108461691159135
0,1997-04-15,705.6086584982864,12.926082344763353,0.0028827376663684845,-0.05866048559314052
0,1997-04-16,702.1626610284743,12.880359796667802,-0.004883723333477974,-0.045722548095550763
0,1997-04-17,705.3525924673258,12.8444635769476,0.004543009214103222,-0.03589621972020218
0,1997-04-18,710.7020476257583,12.841174939145493,0.007584086619317532,-0.00328863780210753
0,1997-04-21,712.4924413384518,12.786953097373317,0.0025191903114318848,-0.054221841772175594
0,1997-04-22,707.1026001835879,12.894272770185468,-0.007564769592136145,0.10731967281215127
0,1997-04-23,702.119796749068,12.80845974830101,-0.007046789862215519,-0.0858130218844586
0,1997-04-24,717.000339179107,12.75232324663874,0.021193737164139748,-0.05613650166226947
0,1997-04-25,715.6517670442618,12.905077344803617,-0.0018808528548106551,0.15275409816487695
0,1997-04-28,712.7067051314987,12.857424157917162,-0.004115216434001923,-0.047653186886455146
0,1997-04-29,718.2655955849303,12.835889079272155,0.0077996887266635895,-0.021535078645007033
0,1997-04-30,722.3535061618655,12.84587566669642,0.005691363476216793,0.00998658742426528
0,1997-05-01,723.1710635079548,13.006753969027011,0.0011317967437207699,0.16087830233059108
0,1997-05-02,719.3259766207684,13.069245335759524,-0.005316981114447117,0.06249136673251243
0,1997-05-05,722.0806958653752,13.078212802802165,0.003829583991318941,0.008967467042641175
0,1997-05-06,722.3272411423104,13.171925349034954,0.00034143729135394096,0.0937125462327888
0,1997-05-07,719.2811355498496,13.282517750626518,-0.004217071458697319,0.11059240159156403
0,1997-05-08,717.9458810222837,13.390343542282904,-0.0018563736230134964,0.10782579165638673
0,1997-05-09,720.1402405602145,13.423235798659817,0.0030564414337277412,0.032892256376912954
0,1997-05-12,724.0514866271869,13.412561802682438,0.005431228317320347,-0.010673995977379391
0,1997-05-13,726.2606077981493,13.646477990214771,0.0030510553624480963,0.23391618753233345
0,1997-05-14,722.7947308496796,13.535872487778306,-0.004772222135215998,-0.11060550243646539
0,1997-05-15,727.5445000900883,13.753633188962443,0.006571394391357899,0.2177607011841367
0,1997-05-16,722.9873407545413,13.585270785769648,-0.0062637533992528915,-0.16836240319279483
0,1997-05-19,736.6803599824931,13.471559240378708,0.01893950067460537,-0.11371154539093986
0,1997-05-20,743.4154597441974,13.32625288513261,0.009142499417066574,-0.14530635524609892
0,1997-05-21,743.9335735498287,13.243712733201555,0.0006969370879232883,-0.08254015193105424
0,1997-05-22,743.7409471556035,13.038501368039947,-0.0002589295618236065,-0.20521136516160787
0,1997-05-23,747.9811589658293,12.840648646600014,0.005701194517314434,-0.19785272143993282
0,1997-05-27,751.6472621464051,12.908849722818877,0.004901330918073654,0.06820107621886251
0,1997-05-28,746.931238709323,12.945754172793139,-0.00627425080165267,0.03690444997426212
0,1997-05-29,763.1052756087256,13.038394253609635,0.021653983741998672,0.092640080816496
0,1997-05-30,759.1726918064921,12.61933975159829,-0.005153396166861057,-0.4190545020113454
0,1997-06-02,775.1871995058344,12.467619733335338,0.021094683557748795,-0.15172001826295123
0,1997-06-03,773.197546655785,12.481506135592353,-0.0025666740257292986,0.013886402257014652
0,1997-06-04,762.7493125584846,12.444473681352523,-0.013513020239770412,-0.037032454239829704
0,1997-06-05,761.5766581639579,12.502034565115952,-0.0015374047216027975,0.05756088376342916
0,1997-06-06,759.7876068159701,12.612448499214644,-0.0023491415195167065,0.11041393409869116
0,1997-06-09,771.054816716434,12.584463552972398,0.014829420484602451,-0.027984946242245456
0,1997-06-10,786.0931922903826,13.08242732578901,0.01950364001095295,0.4979637728166111
0,1997-06-11,775.5706367121886,12.797265657185577,-0.013385888189077377,-0.2851616686034326
0,1997-06-12,789.9832115323029,12.557154522352562,0.018583187833428383,-0.24011113483301472
0,1997-06-13,783.9881350338534,12.614104611623826,-0.007588865701109171,0.05695008927126466
0,1997-06-16,787.1106986734437,12.636792113842953,0.003982922062277794,0.022687502219126188
0,1997-06-17,786.361956806462,12.727319420888293,-0.0009512535762041807,0.09052730704534007
0,1997-06-18,774.8917973294335,12.595491968080722,-0.01458636112511158,-0.13182745280757047
0,1997-06-19,772.226100175368,12.61778619882429,-0.003440089523792267,0.022294230743566956
0,1997-06-20,775.8084787581793,12.614775036017141,0.00463902810588479,-0.0030111628071480823
0,1997-06-23,768.1305217711141,12.614794906094684,-0.0098967170342803,1.987007754244985e-05
0,1997-06-24,773.7243623082051,12.467564706597006,0.007282408885657787,-0.14723019949767746
0,1997-06-25,770.8226122832846,12.44784661917024,-0.003750366624444723,-0.019718087426765507
0,1997-06-26,777.8391830799525,12.46280620199685,0.00910270493477583,0.014959582826609363
0,1997-06-27,777.9389524452474,12.518465951841174,0.0001282647717744112,0.05565974984432387
0,1997-06-30,781.5410150891104,12.515776192878567,0.0046302638947963715,-0.002689758962606703
0,1997-07-01,787.7219608827975,12.429250327034888,0.007908664643764496,-0.08652586584367938
0,1997-07-02,792.9773296859976,12.390542590789632,0.00667160376906395,-0.038707736245255475
0,1997-07-03,801.3359880908783,12.44120308914955,0.010540854185819626,0.05066049835991748
0,1997-07-07,796.9469708572437,12.490578593352959,-0.005477124825119972,0.04937550420340919
0,1997-07-08,809.226313437533,12.57544849072957,0.015407979488372803,0.08486989737661155
0,1997-07-09,812.4651971782038,12.633141729456849,0.004002444911748171,0.057693238727278384
0,1997-07-10,805.282142025845,12.6930697899617,-0.00884106196463108,0.059928060504852
0,1997-07-11,807.4338239200044,12.741022482626008,0.002671960275620222,0.047952692664306795
0,1997-07-14,804.3980577356731,12.845348353576211,-0.0037597708869725466,0.10432587095020374
0,1997-07-15,812.7878012044599,12.91103843985958,0.01042984053492546,0.06569008628336803
0,1997-07-16,809.3473538151269,13.03938233219681,-0.00423289742320776,0.12834389233723087
0,1997-07-17,802.7082911769137,13.17682610351065,-0.008202983066439629,0.13744377131384056
0,1997-07-18,784.6574552134776,13.226487215015919,-0.022487416863441467,0.04966111150526764
0,1997-07-21,779.5939323978813,13.141004849093967,-0.006453163456171751,-0.08548236592195124
0,1997-07-22,793.5319974857664,13.06572829204113,0.017878621816635132,-0.07527655705283642
0,1997-07-23,794.363620732544,13.007027078174692,0.0010480021592229605,-0.05870121386643845
0,1997-07-24,798.4249378534845,12.964550012915957,0.005112667568027973,-0.04247706525873518
0,1997-07-25,800.4013598658601,13.01164512953948,0.0024754011537879705,0.04709511662352206
0,1997-07-28,798.4140316446628,12.867861037427867,-0.002482914598658681,-0.1437840921116127
0,1997-07-29,799.2414721425974,12.871099822872063,0.0010363551555201411,0.0032387854441964237
0,1997-07-30,809.9006789760858,12.793520083762246,0.01333665382117033,-0.07757973910981697
0,1997-07-31,818.2424577547295,12.73761586923183,0.01029975526034832,-0.055904214530416496
0,1997-08-01,823.8682373560034,12.714806794868297,0.006875443272292614,-0.022809074363532744
0,1997-08-04,813.875217692091,12.868911492117544,-0.012129390612244606,0.15410469724924702
0,1997-08-05,808.8357367369002,12.914800982928362,-0.006191957741975784,0.0458894908108185
0,1997-08-06,816.4223008406783,12.85198967989452,0.009379610419273376,-0.06281130303384153
0,1997-08-07,812.0883272178498,12.793144016009432,-0.005308494903147221,-0.05884566388508894
0,1997-08-08,818.5615134669233,12.81009526274728,0.007971037179231644,0.016951246737848535
0,1997-08-11,804.5243058972113,12.86649039001385,-0.01714862883090973,0.056395127266569034
0,1997-08-12,813.0892316030015,12.836238066225386,0.010645950213074684,-0.030252323788463542
0,1997-08-13,817.7964960093543,12.813289245815849,0.005789357703179121,-0.022948820409537163
0,1997-08-14,819.5422401559681,12.814667191427914,0.002134692622348666,0.0013779456120648348
0,1997-08-15,820.8553232121023,12.806919247899003,0.001602215226739645,-0.007747943528910284
0,1997-08-18,820.3273985616332,12.807472072792777,-0.0006431397050619125,0.000552824893773618
0,1997-08-19,814.3478256129004,13.241682789045981,-0.0072892517782747746,0.4342107162532045
0,1997-08-20,800.323614033275,13.104609594971361,-0.017221402376890182,-0.13707319407462037
0,1997-08-21,810.2882917077584,13.03689790881871,0.01245081052184105,-0.06771168615265033
0,1997-08-22,805.0277121533783,13.167413238749129,-0.006492231972515583,0.13051532993041803
0,1997-08-25,789.3349751066658,13.390507730336497,-0.019493412226438522,0.22309449158736783
0,1997-08-26,775.5518163490117,13.017151607434702,-0.017461735755205154,-0.37335612290179476
0,1997-08-27,798.7968793350765,12.710873790816741,0.029972288757562637,-0.3062778166179605
0,1997-08-28,812.1096882073773,12.583986409564012,0.016666075214743614,-0.12688738125272891
0,1997-08-29,810.1222052589592,12.731000484179951,-0.0024473085068166256,0.14701407461593874
0,1997-09-02,802.5409647086503,12.896899013167278,-0.009358144365251064,0.16589852898732715
0,1997-09-03,791.9252987713317,12.846608123511398,-0.013227568939328194,-0.05029088965588002
0,1997-09-04,792.1300740511093,12.796773216824489,0.0002585790352895856,-0.049834906686909264
0,1997-09-05,795.8193958614179,12.94668757508709,0.004657469689846039,0.1499143582626008
0,1997-09-08,792.5941556123895,12.987169712317973,-0.00405272888019681,0.04048213723088345
0,1997-09-09,793.5643695707377,12.995073504714604,0.0012240993091836572,0.007903792396630749
0,1997-09-10,805.1910655729213,12.870339693723208,0.014651232399046421,-0.1247338109913958
0,1997-09-11,810.3651926439234,12.6258345474046,0.006425961852073669,-0.24450514631860898
0,1997-09-12,810.1975953932829,12.617379815777348,-0.00020681694149971008,-0.008454731627251633
0,1997-09-15,811.3232000708447,12.594108643276124,0.001389296492561698,-0.023271172501223347
0,1997-09-16,810.4330285564193,12.583710599942798,-0.0010971848387271166,-0.010398043333326612
0,1997-09-17,812.7151666587511,12.462825723111319,0.0028159490320831537,-0.12088487683147875
0,1997-09-18,821.3108407459949,12.51098869845135,0.010576490312814713,0.048162975340030556
0,1997-09-19,821.0277900396718,12.539779645965357,-0.00034463286283425987,0.02879094751400757
0,1997-09-22,825.3243615393765,12.646974844983953,0.005233162082731724,0.1071951990185962
0,1997-09-23,830.0141404631214,12.535010055173927,0.005682346411049366,-0.11196478981002578
0,1997-09-24,836.3663398060897,12.538016386026483,0.0076531218364834785,0.0030063308525551946
0,1997-09-25,841.6731139300854,12.561519012727823,0.006345035508275032,0.02350262670134029
0,1997-09-26,853.2706213664757,12.483878580687858,0.013779111206531525,-0.07764043203996529
0,1997-09-29,870.3130165849243,12.39707415709592,0.019973024725914,-0.08680442359193741
0,1997-09-30,863.0406345591534,12.324212324640374,-0.00835605338215828,-0.0728618324555459
0,1997-10-01,864.4642010858088,12.311391416614002,0.0016494779847562313,-0.012820908026371924
0,1997-10-02,867.0698689954614,12.399075336490434,0.0030141999013721943,0.0876839198764312
0,1997-10-03,875.25613681317,12.38743503413981,0.009441301226615906,-0.01164030235062441
0,1997-10-06,865.9468098663125,12.305262076110722,-0.010636117309331894,-0.08217295802908708
0,1997-10-07,889.3543315996795,12.236175055296085,0.027031131088733673,-0.0690870208146368
0,1997-10-08,881.2896995358321,12.306015037076556,-0.009067962877452374,0.06983998178047024
0,1997-10-09,883.4426046856817,12.333166916150036,0.002442902885377407,0.0271518790734806
0,1997-10-10,877.4459460303023,12.418766221548122,-0.006787830498069525,0.08559930539808569
0,1997-10-15,870.615560183843,12.380495667171433,-0.007784395013004541,-0.03827055437668925
0,1997-10-16,869.9918298760854,12.43001720336958,-0.000716424488928169,0.04952153619814759
0,1997-10-17,854.7747170913237,12.513403436593535,-0.01749109849333763,0.08338623322395478
0,1997-10-20,855.0225422498213,12.509609870437336,0.0002899303799495101,-0.0037935661561991907
0,1997-10-21,866.2734075016747,12.47108489994333,0.013158559799194336,-0.03852497049400583
0,1997-10-22,868.2977229499924,12.429647508659745,0.0023368089459836483,-0.041437391283585256
0,1997-10-23,866.7610639459249,12.66390115881682,-0.0017697374569252133,0.23425365015707555
0,1997-10-24,862.7948723457584,12.745201704082055,-0.004575876519083977,0.08130054526523445
0,1997-10-27,868.2740098377783,12.73993354301183,0.006350452080368996,-0.005268161070224764
0,1997-10-28,866.3420581636683,12.596351090897045,-0.0022250483743846416,-0.14358245211478504
0,1997-10-29,867.4655932587658,12.452763194710489,0.0012968723895028234,-0.1435878961865562
0,1997-10-30,861.3973842764914,12.526192099402683,-0.006995331030339003,0.07342890469219476
0,1997-10-31,847.5549827104712,12.454032718729827,-0.016069704666733742,-0.07215938067285599
0,1997-11-03,866.4223909637109,12.290882325959664,0.022260984405875206,-0.16315039277016297
0,1997-11-04,857.1680078671412,12.398582718384134,-0.010681144893169403,0.10770039242446927
0,1997-11-05,839.6355439411425,12.649376056262094,-0.020453941076993942,0.2507933378779601
0,1997-11-06,836.4034495311975,12.690928244813458,-0.003849401604384184,0.04155218855136411
0,1997-11-07,847.015849243456,12.637230629094596,0.012688134796917439,-0.053697615718862224
0,1997-11-10,854.0166662307009,12.731932236951806,0.008265272714197636,0.09470160785721049
0,1997-11-13,844.0520089972895,12.629267950221163,-0.011667989194393158,-0.10266428673064354
0,1997-11-14,865.0830854469476,12.635539592438773,0.02491680160164833,0.006271642217610562
0,1997-11-17,864.580012941395,12.796952087969485,-0.0005815308541059494,0.1614124955307119
0,1997-11-18,854.7317342916815,12.843824840079039,-0.011390823870897293,0.04687275210955377
0,1997-11-19,855.1016136590996,12.74634905579219,0.00043274322524666786,-0.09747578428684811
0,1997-11-20,863.4119681331849,12.693407658365704,0.009718557819724083,-0.05294139742648696
0,1997-11-21,861.3368645951883,12.688521827478272,-0.0024033759254962206,-0.004885830887431553
0,1997-11-24,853.5284429288853,12.814671564084989,-0.009065467864274979,0.1261497366067168
0,1997-11-25,838.8378533989776,13.050421316585187,-0.01721159927546978,0.23574975250019747
0,1997-11-26,832.3012888488184,13.08361540163916,-0.007792405318468809,0.0331940850539727
0,1997-11-28,838.061084352253,13.072315774267286,0.006920325104147196,-0.011299627371872845
0,1997-12-01,834.9804070811257,13.077425671986461,-0.0036759579088538885,0.005109897719174583
0,1997-12-02,846.6739280052647,12.971971604609294,0.014004545286297798,-0.1054540673771669
0,1997-12-03,847.1178956528521,13.144616270816904,0.0005243667401373386,0.17264466620761
0,1997-12-04,851.3780995705845,13.177295914502695,0.005029056686908007,0.032679643685790793
0,1997-12-05,851.5951132387554,13.13008277198778,0.00025489693507552147,-0.04721314251491471
0,1997-12-08,845.097367668761,13.180282564555611,-0.007630087900906801,0.050199792567831025
0,1997-12-09,837.9760661402548,13.178849275071718,-0.0084266047924757,-0.0014332894838933186
0,1997-12-10,834.2731217970264,13.295005852670181,-0.004418914206326008,0.11615657759846343
0,1997-12-11,823.4733178647656,13.284170566793579,-0.012945165857672691,-0.01083528587660254
0,1997-12-12,827.7631169615013,13.220040234234554,0.005209396593272686,-0.06413033255902434
0,1997-12-15,821.591122077999,13.115034249378164,-0.007456233259290457,-0.10500598485639046
0,1997-12-16,829.0607732516111,12.877043276899572,0.009091689251363277,-0.2379909724785918
0,1997-12-17,824.7051532066322,12.95296334131991,-0.005253680050373077,0.0759200644203375
0,1997-12-18,813.1310788386334,12.990442611514933,-0.014034196734428406,0.03747927019502306
0,1997-12-19,815.1208660649011,13.025432834609033,0.002447068225592375,0.03499022309410016
0,1997-12-22,803.65357945418,13.0929485970004,-0.01406820397824049,0.06751576239136625
0,1997-12-23,811.1969939686295,13.179171513553904,0.009386400692164898,0.08622291655350445
0,1997-12-24,798.2289032757349,13.198404544253235,-0.0159863643348217,0.01923303069933091
0,1997-12-26,805.6485485370441,12.977282722539387,0.00929513480514288,-0.2211218217138473
0,1997-12-29,823.6737123073306,13.013184874069688,0.022373482584953308,0.035902151530301296
0,1997-12-30,818.0026880818234,12.939280679609551,-0.006885037291795015,-0.07390419446013752
0,1997-12-31,812.8628898935453,13.043271600937436,-0.006283351220190525,0.10399092132788468
0,1998-01-02,794.7817639442096,13.176890736611846,-0.022243758663535118,0.13361913567440986
0,1998-01-05,793.3933369880349,13.271962256837574,-0.0017469285521656275,0.09507152022572818
0,1998-01-06,800.2616470705692,13.370657398187527,0.00865687895566225,0.09869514134995327
0,1998-01-07,780.8379002517487,13.343918067670899,-0.02427174523472786,-0.026739330516628357
0,1998-01-08,779.6637443606971,13.468785639011868,-0.0015037127304822206,0.12486757134096926
0,1998-01-09,772.1716585943415,13.523187180310972,-0.00960938073694706,0.054401541299103684
0,1998-01-12,782.2622848115225,13.581515266479991,0.013067853637039661,0.058328086169019855
0,1998-01-13,775.709928796954,13.560712551971251,-0.008376162499189377,-0.02080271450873994
0,1998-01-14,785.5039800335034,13.544083597950207,0.0126259196549654,-0.01662895402104425
0,1998-01-15,783.2149950448452,13.59813933592463,-0.0029140335973352194,0.05405573797442287
0,1998-01-16,790.646399741452,13.544623958670687,0.009488333016633987,-0.05351537725394273
0,1998-01-20,785.821998829359,13.49243360938382,-0.006101843900978565,-0.05219034928686739
0,1998-01-21,782.6968983486374,13.45643681417044,-0.003976855427026749,-0.035996795213380395
0,1998-01-22,794.9640633859306,13.294305918531338,0.015672944486141205,-0.16213089563910188
0,1998-01-23,795.9150868768285,13.23454514204525,0.0011963100405409932,-0.059760776486088574
0,1998-01-26,800.3398769772947,13.237125809845166,0.005559374578297138,0.002580667799916725
0,1998-01-27,792.38585349032,13.232558842075495,-0.009938307106494904,-0.0045669677696711375
0,1998-01-28,794.0763432647329,13.210369428406382,0.002133417408913374,-0.022189413669112312
0,1998-01-29,791.7651519558581,13.268307760279125,-0.0029105404391884804,0.057938331872742665
0,1998-01-30,786.4377010386407,13.337827743028312,-0.006728574633598328,0.06951998274918658
0,1998-02-02,788.7926780102256,13.289119120206776,0.002994486363604665,-0.048708622821536096
0,1998-02-03,792.6462315760825,13.302227899772202,0.004885382018983364,0.013108779565426332
0,1998-02-04,794.1712692544588,13.192528069510033,0.0019239827524870634,-0.10969983026216923
0,1998-02-05,798.0763938870241,13.184893229561284,0.004917232319712639,-0.007634839948748251
0,1998-02-06,782.0955875179692,13.174841969285298,-0.02002415619790554,-0.010051260275986351
0,1998-02-09,783.9007955126037,13.133184350871689,0.0023081679828464985,-0.04165761841360904
0,1998-02-10,782.4008015084687,13.204610610895829,-0.0019134997855871916,0.07142626002413976
0,1998-02-11,786.2861117866531,13.317139171375409,0.004965882282704115,0.11252856047958026
0,1998-02-12,787.7204953080823,13.274798726654454,0.001824251376092434,-0.04234044472095455
0,1998-02-13,781.4050350594265,13.379291153734604,-0.008017387241125107,0.1044924270801495
0,1998-02-17,777.654224852507,13.29655459929911,-0.004800084512680769,-0.08273655443549366
0,1998-02-18,783.9266986932136,13.27714489624537,0.008065890520811081,-0.019409703053741012
0,1998-02-19,784.9081071942926,13.24864591620143,0.001251913607120514,-0.028498980043940136
0,1998-02-20,789.7269040046875,13.222852050000958,0.0061393133364617825,-0.025793866200471527
0,1998-02-23,804.4817023568079,12.984571517606877,0.01868341863155365,-0.23828053239408042
0,1998-02-24,824.765388265954,13.069240315442595,0.02521335892379284,0.08466879783571812
0,1998-02-25,819.3623384467166,13.054154892560778,-0.006551014259457588,-0.015085422881817578
0,1998-02-26,814.034525046339,12.860125893401024,-0.006502389907836914,-0.19402899915975347
0,1998-02-27,813.5787498050435,12.737115317199194,-0.0005598966963589191,-0.12301057620183009
0,1998-03-02,810.9554776540836,12.7039526043297,-0.003224361687898636,-0.033162712869494015
0,1998-03-03,824.1130451687443,12.684454926334281,0.016224771738052368,-0.019497677995419238
0,1998-03-04,830.5362890991129,12.651964434953637,0.00779412966221571,-0.03249049138064386
0,1998-03-05,822.1361296715214,12.588093301053618,-0.010114138945937157,-0.06387113390001886
0,1998-03-06,834.3883666778491,12.487116641313307,0.014902929775416851,-0.10097665974031145
0,1998-03-09,832.9701901687504,12.436039106186817,-0.0016996599733829498,-0.05107753512649005
0,1998-03-10,830.3082072079618,12.396234919351288,-0.0031957721803337336,-0.039804186835528554
0,1998-03-11,834.2049732423584,12.433172941043901,0.004693156108260155,0.03693802169261318
0,1998-03-12,833.4586649689069,12.388743558443213,-0.0008946341695263982,-0.04442938260068807
0,1998-03-13,834.0358310478757,12.423384999164016,0.0006924951449036598,0.03464144072080266
0,1998-03-16,832.8730049716495,12.616560317348734,-0.0013942159712314606,0.19317531818471778
0,1998-03-17,822.0363297619593,12.516216898577493,-0.013011197559535503,-0.10034341877124042
0,1998-03-18,837.6853105027078,12.244691191046272,0.019036848098039627,-0.2715257075312216
0,1998-03-19,842.2094853508852,12.27621633495919,0.005400804802775383,0.03152514391291916
0,1998-03-20,825.6727340409963,12.418272979820017,-0.01963496208190918,0.14205664486082625
0,1998-03-23,820.6237962193342,12.329823379751966,-0.006114938296377659,-0.08844960006805103
0,1998-03-24,837.3328923756798,12.189131937964412,0.020361457020044327,-0.14069144178755444
0,1998-03-25,834.5763313435372,12.239886013029825,-0.003292073030024767,0.05075407506541296
0,1998-03-26,833.2605705439439,12.080214418499297,-0.0015765613643452525,-0.15967159453052737
0,1998-03-27,832.786914274018,12.208178306211993,-0.0005684371571987867,0.12796388771269562
0,1998-03-30,829.6373636690853,12.237659793959217,-0.0037819405551999807,0.029481487747224477
0,1998-03-31,831.5995519106376,12.411667781252342,0.002365115564316511,0.17400798729312505
0,1998-04-01,830.513871357166,12.517608666016125,-0.0013055328745394945,0.1059408847637826
0,1998-04-02,821.3718886915619,12.493283578196376,-0.011007621884346008,-0.02432508781974896
0,1998-04-03,827.9559893343194,12.44445798863546,0.008015980012714863,-0.04882558956091643
0,1998-04-06,833.2045061227528,12.424731268081313,0.006339125335216522,-0.019726720554146482
0,1998-04-07,837.1850032521239,12.479190764059018,0.004777335096150637,0.05445949597770472
0,1998-04-08,839.9192188331517,12.39601620414497,0.003265963401645422,-0.08317455991404721
0,1998-04-09,843.6044287424806,12.41440978156608,0.004387576598674059,0.018393577421109697
0,1998-04-13,839.9907797213631,12.29033666550181,-0.004283582326024771,-0.1240731160642703
0,1998-04-14,848.846351866344,12.21536742277188,0.010542463511228561,-0.07496924272992977
0,1998-04-15,842.9788831735731,12.183951480318036,-0.006912285927683115,-0.031415942453843826
0,1998-04-16,840.7253277197203,12.192116132701639,-0.002673323731869459,0.008164652383602089
0,1998-04-17,848.0031040246042,12.239298238211767,0.008656544610857964,0.047182105510128025
0,1998-04-20,841.569165253659,12.290735642356013,-0.0075871641747653484,0.05143740414424691
0,1998-04-21,834.8425902274256,12.253204263626435,-0.007992896251380444,-0.03753137872957879
0,1998-04-22,838.9169326034602,12.204489972975109,0.00488037196919322,-0.0487142906513256
0,1998-04-23,844.8178852534253,12.184181961268711,0.007034013047814369,-0.020308011706397622
0,1998-04-24,842.7802417769473,12.356076420169362,-0.0024119322188198566,0.1718944589006508
0,1998-04-27,838.4370334455083,12.37001725270694,-0.005153429228812456,0.013940832537578274
0,1998-04-28,849.1811249942284,12.341017398390852,0.01281442865729332,-0.028999854316088758
0,1998-04-29,852.3432710244155,12.323143676016995,0.003723759204149246,-0.017873722373856538
0,1998-04-30,854.1244176877211,12.295235128787747,0.0020897057838737965,-0.027908547229248626
0,1998-05-01,859.095505787332,12.120287884796436,0.005820098333060741,-0.17494724399131023
0,1998-05-04,867.5134881068544,12.250476415632248,0.009798657149076462,0.13018853083581128
0,1998-05-05,861.0906092891522,12.201787899663424,-0.007403779774904251,-0.04868851596882351
0,1998-05-06,882.9608300953074,12.085077009890416,0.02539828047156334,-0.11671088977300847
0,1998-05-07,889.8170133235387,12.043770570311695,0.007764991372823715,-0.0413064395787206
0,1998-05-08,884.4780345418228,11.935885991931023,-0.006000086199492216,-0.10788457838067167
0,1998-05-11,892.800270560732,11.930573559918534,0.009409205988049507,-0.005312432012489765
0,1998-05-12,883.9992882048542,11.94819552497616,-0.009857728146016598,0.01762196505762681
0,1998-05-13,881.1737690946616,12.026825724684867,-0.003196291159838438,0.07863019970870688
0,1998-05-14,877.7475617208942,12.089782564856938,-0.003888231236487627,0.06295684017207037
0,1998-05-15,879.3324172107294,12.156254913772496,0.0018055937252938747,0.06647234891555875
0,1998-05-18,880.3664716898925,12.158502856463125,0.0011759540066123009,0.002247942690628335
0,1998-05-19,880.7125097968091,12.26231222294281,0.00039306143298745155,0.10380936647968575
0,1998-05-20,882.24288667235,12.218914405365105,0.0017376577015966177,-0.043397817577705666
0,1998-05-21,876.9353018094932,12.201572555280702,-0.006016013212502003,-0.01734185008440292
0,1998-05-22,870.6419855798628,12.298932145110722,-0.007176488637924194,0.09735958983002035
0,1998-05-26,871.6101114665615,12.369992331218844,0.00111196783836931,0.07106018610812193
0,1998-05-27,870.1985253015058,12.333036868976262,-0.001619515591301024,-0.036955462242582726
0,1998-05-28,879.7722699267872,12.367326386065882,0.011001793667674065,0.03428951708962025
0,1998-05-29,883.9105236459475,12.413395861995255,0.0047037783078849316,0.04606947592937338
0,1998-06-01,878.3905865499062,12.54975750938208,-0.006244904827326536,0.1363616473868241
0,1998-06-02,875.3754452616625,12.467047169200201,-0.0034325746819376945,-0.08271034018187784
0,1998-06-03,882.2546108159728,12.314637375168013,0.007858531549572945,-0.15240979403218802
0,1998-06-04,895.4444517796446,12.623024778890857,0.014950152486562729,0.30838740372284335
0,1998-06-05,877.5291817770645,12.89417513630873,-0.020007126033306122,0.2711503574178735
0,1998-06-08,871.8881017412343,12.66725839132564,-0.006428367458283901,-0.22691674498308956
0,1998-06-09,887.9022295935896,12.659197504131006,0.018367182463407516,-0.008060887194634603
0,1998-06-10,879.53269815084,12.701057752938112,-0.009426185861229897,0.04186024880710626
0,1998-06-11,883.8585698312934,12.798346892452273,0.004918375052511692,0.09728913951416018
0,1998-06-12,882.6952391853124,13.037236105359023,-0.0013161954702809453,0.23888921290675036
0,1998-06-15,873.3395996905467,12.960118173767402,-0.010598946362733841,-0.07711793159162106
0,1998-06-16,881.246297929325,12.957874799600352,0.009053406305611134,-0.002243374167049339
0,1998-06-17,866.0710644985834,13.121100796201691,-0.01722019538283348,0.16322599660133896
0,1998-06-18,855.0128494386555,13.25406019532849,-0.012768253684043884,0.13295939912679877
0,1998-06-19,854.4898377790414,13.170364313318043,-0.0006117003504186869,-0.08369588201044742
0,1998-06-22,881.1973181805641,13.17467228193327,0.03125546872615814,0.004307968615227864
0,1998-06-23,864.3078043732403,13.388645285596054,-0.019166551530361176,0.21397300366278316
0,1998-06-24,852.243833372861,13.397804949591317,-0.013957956805825233,0.00915966399526269
0,1998-06-25,855.5196050200328,13.447954492300804,0.0038437023758888245,0.05014954270948735
0,1998-06-26,847.2040449153633,13.177370162460761,-0.009719894267618656,-0.27058432984004277
0,1998-06-29,859.5705565852763,12.882171629047352,0.014596851542592049,-0.2951985334134086
0,1998-06-30,861.1004289090081,12.954211567662881,0.0017798100598156452,0.0720399386155286
0,1998-07-01,859.2526246389046,12.691198589249456,-0.002145863836631179,-0.26301297841342475
0,1998-07-02,871.7167928474089,12.675624910843995,0.014505825005471706,-0.015573678405461422
0,1998-07-06,872.7226435621333,12.8122111845788,0.0011538732796907425,0.13658627373480492
0,1998-07-07,864.2524918746224,12.73988175141612,-0.009705433622002602,-0.0723294331626807
0,1998-07-08,876.5086006946468,12.775457886868308,0.014181166887283325,0.03557613545218885
0,1998-07-09,874.8993648736782,12.756048078232709,-0.0018359612440690398,-0.019409808635598935
0,1998-07-10,890.1429257079388,12.76665563832224,0.017423216253519058,0.010607560089530566
0,1998-07-13,886.4018857762478,12.745809164554682,-0.004202740732580423,-0.020846473767557328
0,1998-07-14,877.3745863119815,12.656058106997872,-0.010184206068515778,-0.08975105755681057
0,1998-07-15,873.6628574442313,12.741927515489929,-0.004230495076626539,0.08586940849205682
0,1998-07-16,863.0185189037861,12.72063766704399,-0.012183576822280884,-0.02128984844593873
0,1998-07-17,866.363819156751,12.672012928933817,0.003876278642565012,-0.048624738110172316
0,1998-07-20,867.4829654968279,12.716083308351726,0.0012917740968987346,0.044070379417908256
0,1998-07-21,863.9035686067486,12.818714974802594,-0.004126186948269606,0.10263166645086841
0,1998-07-22,863.8982306678719,12.794210134116817,-6.178859621286392e-06,-0.024504840685777296
0,1998-07-23,872.9604316010426,12.800671876021577,0.010489894077181816,0.006461741904759677
0,1998-07-24,869.7495556366579,12.839264413817432,-0.0036781460512429476,0.038592537795855364
0,1998-07-27,867.1656080429179,12.898168347736874,-0.002970909932628274,0.05890393391944215
0,1998-07-28,863.5223363337159,12.86269376797012,-0.0042013563215732574,-0.03547457976675439
0,1998-07-29,868.8456360063948,12.860955260794988,0.006164634600281715,-0.0017385071751316872
0,1998-07-30,870.1109974291111,13.01213180458599,0.001456370810046792,0.15117654379100287
0,1998-07-31,861.7567953407142,13.020020303919518,-0.009601306170225143,0.007888499333526866
0,1998-08-03,872.7399711337908,13.092524287030487,0.012745099142193794,0.07250398311096973
0,1998-08-04,861.5422536831949,13.279281877995489,-0.012830531224608421,0.18675759096500144
0,1998-08-05,861.0195629501495,13.176760499746642,-0.0006066919304430485,-0.10252137824884677
0,1998-08-06,879.6335980710286,13.181524002542533,0.021618597209453583,0.004763502795890773
0,1998-08-07,874.7891099090265,13.283423202608965,-0.005507393274456263,0.10189920006643227
0,1998-08-10,867.2088202251134,13.389897425235837,-0.008665276691317558,0.106474222626872
0,1998-08-11,871.0714425463817,13.391580787388158,0.004454085603356361,0.0016833621523204556
0,1998-08-12,874.9074091680485,13.279313950108126,0.0044037336483597755,-0.11226683728003195
0,1998-08-13,872.8508603933411,13.206560130508688,-0.002350590191781521,-0.07275381959943772
0,1998-08-14,875.3976683779858,13.400503508923414,0.002917804289609194,0.1939433784147262
0,1998-08-17,880.6145490939796,13.531178536518835,0.00595944095402956,0.13067502759542116
0,1998-08-18,871.4190982635891,13.553400915351203,-0.010442083701491356,0.02222237883236744
0,1998-08-19,878.1203714886583,13.435034126713077,0.007690069265663624,-0.11836678863812544
0,1998-08-20,874.5324764068067,13.448767735313584,-0.00408588070422411,0.013733608600507097
0,1998-08-21,868.8005225255614,13.586235410486225,-0.006554306484758854,0.13746767517264047
0,1998-08-24,863.3141686917743,13.544138251274326,-0.006314860191196203,-0.04209715921189883
0,1998-08-25,870.3581310717788,13.372190054593162,0.008159210905432701,-0.17194819668116423
0,1998-08-26,886.1300888776169,13.376251293245836,0.018121227622032166,0.004061238652674604
0,1998-08-27,884.9893757599435,13.402673177446237,-0.0012872975785285234,0.026421884200400925
0,1998-08-28,898.0885207778696,13.216397447971861,0.01480147149413824,-0.1862757294743762
0,1998-08-31,905.8342990442897,13.169166677563727,0.008624738082289696,-0.047230770408134504
0,1998-09-01,910.4927136245914,13.156546117283758,0.005142678506672382,-0.012620560279968274
0,1998-09-02,903.1752609428203,13.002404709565146,-0.00803680531680584,-0.15414140771861184
0,1998-09-03,907.4555977593071,12.923194784850882,0.004739209543913603,-0.0792099247142648
0,1998-09-04,907.6256117580558,13.010601869163212,0.0001873524161055684,0.08740708431233024
0,1998-09-08,914.9429498065189,13.095146230416216,0.00806206651031971,0.08454436125300369
0,1998-09-09,913.9218810374823,13.102013531974464,-0.001115991733968258,0.006867301558248329
0,1998-09-10,924.1286383236028,12.940587949512983,0.011168085038661957,-0.1614255824614812
0,1998-09-11,931.9683349355176,12.923725360411735,0.008483339101076126,-0.016862589101247494
0,1998-09-14,926.5584286882638,12.991498761395674,-0.005804817657917738,0.06777340098393836
0,1998-09-15,920.2878766046891,13.01225929890022,-0.0067675733007490635,0.02076053750454676
0,1998-09-16,933.9239255430281,12.958543196662754,0.01481715589761734,-0.053716102237466146
0,1998-09-17,940.0757786433588,13.015638745924116,0.006587103009223938,0.057095549261362066
0,1998-09-18,942.2858385525715,13.104245282445026,0.0023509380407631397,0.08860653652090988
0,1998-09-21,936.4456946936009,13.190612051161665,-0.006197847425937653,0.08636676871663873
0,1998-09-22,946.4378639362392,13.107898237621175,0.010670313611626625,-0.08271381354049012
0,1998-09-23,958.9274087049221,13.095884398879969,0.01319637056440115,-0.012013838741205873
0,1998-09-24,960.4678284742653,13.078926079271989,0.0016063987277448177,-0.016958319607979888
0,1998-09-25,967.5462037759777,12.918343202348549,0.007369716186076403,-0.1605828769234403
0,1998-09-28,960.2094083698902,13.078823177494712,-0.007582888938486576,0.1604799751461634
0,1998-09-29,950.0599467043818,13.01455576525625,-0.010570050217211246,-0.064267412238463
0,1998-09-30,957.377113287621,12.988021972297242,0.007701794616878033,-0.026533792959007485
0,1998-10-01,949.8774663044909,13.07798150199061,-0.007833534851670265,0.08995952969336862
0,1998-10-02,926.9380219631294,12.99144103164017,-0.024149898439645767,-0.08654047035044066
0,1998-10-05,938.7013724249958,12.85102813602812,0.012690546922385693,-0.14041289561204984
0,1998-10-06,928.3527664470035,12.929754498671928,-0.011024385690689087,0.07872636264380795
0,1998-10-07,934.7201122648498,12.916218313534301,0.0068587567657232285,-0.013536185137626333
0,1998-10-08,932.365929156788,12.93556867421872,-0.002518596826121211,0.019350360684418533
0,1998-10-09,941.6472404865362,12.873985436219264,0.00995458010584116,-0.06158323799945542
0,1998-10-14,952.6064648947466,13.01091095053746,0.011638354510068893,0.13692551431819489
0,1998-10-15,945.5216688473553,13.10758857295348,-0.007437274791300297,0.09667762241602063
0,1998-10-16,941.405462690545,12.976702290151579,-0.004353370517492294,-0.1308862828019013
0,1998-10-19,939.0298505482494,12.889356954965361,-0.0025234739296138287,-0.08734533518621745
0,1998-10-20,940.5182257249379,12.786268137555753,0.0015850136987864971,-0.10308881740960807
0,1998-10-21,939.3636096057934,12.925628050476691,-0.0012276382185518742,0.13935991292093775
0,1998-10-22,931.4877204189426,12.845716140290543,-0.008384281769394875,-0.07991191018614785
0,1998-10-23,936.5280481791006,12.860104072583708,0.0054110512137413025,0.014387932293164596
0,1998-10-26,942.1099740344822,12.95401557779038,0.005960233509540558,0.09391150520667146
0,1998-10-27,931.9161866519476,13.025646500503191,-0.010820167139172554,0.0716309227128118
0,1998-10-28,934.0914991197892,12.956050068972807,0.002334236167371273,-0.06959643153038364
0,1998-10-29,949.5369864762212,12.953027026696759,0.016535304486751556,-0.0030230422760482156
0,1998-10-30,946.5257984886001,12.910088289391433,-0.0031712171621620655,-0.0429387373053256
0,1998-11-02,946.5107861886338,13.065134024718635,-1.58604234457016e-05,0.15504573532720123
0,1998-11-03,942.6799636377076,13.079135854818869,-0.00404730997979641,0.014001830100234258
0,1998-11-04,962.6549558966663,13.10161444975234,0.021189579740166664,0.02247859493347093
0,1998-11-05,950.7161388103045,13.053787805657919,-0.01240196917206049,-0.047826644094421056
0,1998-11-06,949.6278359091359,13.056161251817631,-0.0011447190772742033,0.0023734461597122447
0,1998-11-09,905.6124667991228,12.932678433874464,-0.04635012522339821,-0.12348281794316662
0,1998-11-10,976.9141720450099,13.118665055928163,0.07873313128948212,0.18598662205369898
0,1998-11-13,994.5321096622579,13.225289030530163,0.018034273758530617,0.1066239746019999
0,1998-11-16,1021.5250809172295,13.225684619761115,0.027141377329826355,0.0003955892309512876
0,1998-11-17,973.5781539572989,13.24715973323255,-0.04693661257624626,0.021475113471435492
0,1998-11-18,976.2924116868554,13.248437073296499,0.0027879197150468826,0.0012773400639485288
0,1998-11-19,997.7844941859375,13.200255635912345,0.022013980895280838,-0.04818143738415337
0,1998-11-20,976.0875997016692,13.268007234992975,-0.021745070815086365,0.06775159908062989
0,1998-11-23,979.8894923516483,13.185470993126806,0.0038950322195887566,-0.08253624186616904
0,1998-11-24,947.3111560650623,13.456721202163116,-0.033246949315071106,0.27125020903631025
0,1998-11-25,889.697845780019,13.690507922211154,-0.06081772595643997,0.23378672004803747
0,1998-11-27,886.191482377153,13.632526350651176,-0.003941072151064873,-0.05798157155997785
0,1998-11-30,899.9162487489443,13.535001116830589,0.015487359836697578,-0.09752523382058698
0,1998-12-01,845.9200916162968,13.772918254399501,-0.06000131368637085,0.2379171375689122
0,1998-12-02,875.0311640597723,13.707207607580752,0.034413501620292664,-0.06571064681874894
0,1998-12-03,888.1488852579829,13.690142200578519,0.014991147443652153,-0.017065407002233357
0,1998-12-04,900.7435171447452,13.62275925959997,0.01418076641857624,-0.06738294097854869
0,1998-12-07,899.3043466396916,13.700765251847784,-0.0015977583825588226,0.0780059922478138
0,1998-12-08,917.1310639199968,13.748234158552167,0.01982278563082218,0.047468906704382974
0,1998-12-09,888.5255816053827,13.819064365187788,-0.0311901792883873,0.07083020663562145
0,1998-12-10,898.6863633690954,13.711801290214423,0.011435553431510925,-0.10726307497336585
0,1998-12-11,923.857349372946,13.64164189205253,0.02800864353775978,-0.0701593981618931
0,1998-12-14,915.095299957465,13.777516777403036,-0.009484201669692993,0.13587488535050696
0,1998-12-15,906.8879776104139,13.917428023709032,-0.008968817070126534,0.13991124630599572
0,1998-12-16,912.6852069712269,13.885216865225608,0.006392442621290684,-0.03221115848342393
0,1998-12-17,925.9033252108092,13.843196195418058,0.014482669532299042,-0.0420206698075507
0,1998-12-18,916.507109974275,14.044711264970083,-0.01014816015958786,0.20151506955202514
0,1998-12-21,922.3736963839785,14.105388963383831,0.006401026621460915,0.06067769841374826
0,1998-12-22,931.4069558319578,13.90103002377361,0.009793492034077644,-0.20435893961022167
0,1998-12-23,942.9081978897316,13.800968260151414,0.012348245829343796,-0.10006176362219499
0,1998-12-24,925.1551531298571,13.938668735993208,-0.01882796734571457,0.13770047584179324
0,1998-12-28,919.7624617328014,13.968749748776533,-0.005828958936035633,0.030081012783325534
0,1998-12-29,914.697082492462,13.989952575385123,-0.005507268942892551,0.021202826608590186
0,1998-12-30,903.2449102975196,14.008304500671548,-0.012520180083811283,0.018351925286424375
0,1998-12-31,898.8375786859377,14.069473125847598,-0.004879442509263754,0.06116862517604993
0,1999-01-04,897.7032008193555,14.30141974516797,-0.0012620498891919851,0.23194661932037164
0,1999-01-05,894.0110028358603,14.180771054234462,-0.004112938418984413,-0.12064869093350694
0,1999-01-06,895.8643540030064,14.334315453332508,0.0020730742253363132,0.1535443990980454
0,1999-01-07,887.7407502043991,14.383342096855577,-0.009067894890904427,0.04902664352306907
0,1999-01-08,880.0885369842954,14.531815676493334,-0.008619873784482479,0.14847357963775742
0,1999-01-11,877.0858995640208,14.488180795638865,-0.0034117447212338448,-0.043634880854469316
0,1999-01-12,884.0992159542781,14.540936437248213,0.007996156811714172,0.0527556416093482
0,1999-01-13,872.9143135917155,14.589050935741758,-0.01265118457376957,0.0481144984935451
0,1999-01-14,859.7723098839983,14.863318774618879,-0.015055319294333458,0.2742678388771207
0,1999-01-15,814.537751995126,14.991851120700147,-0.05261225253343582,0.1285323460812684
0,1999-01-19,823.9513547359564,14.874847796855612,0.011556987650692463,-0.1170033238445356
0,1999-01-20,841.9610572371683,14.806801622423997,0.021857725456357002,-0.06804617443161476
0,1999-01-21,862.5166686973887,14.657215684881074,0.02441396936774254,-0.14958593754292338
0,1999-01-22,861.9869538171806,14.67873570193629,-0.0006141503108665347,0.021520017055216556
0,1999-01-25,855.0911678410492,14.713395474163045,-0.007999872788786888,0.03465977222675498
0,1999-01-26,841.7437568438152,14.605743319052428,-0.015609342604875565,-0.10765215511061754
0,1999-01-27,833.8845681738089,14.618130559724063,-0.009336794726550579,0.01238724067163588
0,1999-01-28,846.0125223589305,14.79823596569922,0.014543924480676651,0.18010540597515678
0,1999-01-29,862.6842780437055,15.063122252545712,0.019706275314092636,0.26488628684649207
0,1999-02-01,855.2198140560068,15.087467741582225,-0.008652602322399616,0.024345489036512902
0,1999-02-02,869.4249931075044,15.02343487933922,0.016609974205493927,-0.06403286224300508
0,1999-02-03,870.0495626166384,14.847801816672836,0.0007183707784861326,-0.17563306266638357
0,1999-02-04,884.8645252794457,14.716722534347914,0.017027722671628,-0.13107928232492227
0,1999-02-05,875.2456355350181,14.532915054946868,-0.010870466008782387,-0.1838074794010467
0,1999-02-08,881.8757856234365,14.609680792923792,0.007575187832117081,0.07676573797692399
0,1999-02-09,867.3869460494886,14.881630707923195,-0.016429569572210312,0.2719499149994036
0,1999-02-10,867.4392614929695,14.93969451983121,6.031384691596031e-05,0.05806381190801524
0,1999-02-11,863.0457008918642,14.976765254881762,-0.005064977798610926,0.03707073505055192
0,1999-02-12,875.8027620730844,14.93658993764583,0.014781443402171135,-0.040175317235931374
0,1999-02-16,858.7423532479359,14.960961268261705,-0.019479738548398018,0.024371330615874598
0,1999-02-17,857.9246676484299,14.920797745372324,-0.0009521896718069911,-0.0401635228893813
0,1999-02-18,871.4946902882056,14.733055802225149,0.015817265957593918,-0.1877419431471754
0,1999-02-19,872.3829539634513,14.652312474084122,0.0010192416375502944,-0.08074332814102725
0,1999-02-22,864.291335102118,14.685700583511549,-0.009275306016206741,0.03338810942742754
0,1999-02-23,857.260972852258,14.722980416916219,-0.008134250529110432,0.03727983340466956
0,1999-02-24,864.877802777309,14.533848964561376,0.008885077200829983,-0.18913145235484308
0,1999-02-25,861.8208748469838,14.530590216863935,-0.0035345200449228287,-0.0032587476974406115
0,1999-02-26,847.1197754695858,14.610327877485384,-0.01705818437039852,0.07973766062144882
0,1999-03-01,839.7344379097856,14.65842043810001,-0.008718173950910568,0.04809256061462541
0,1999-03-02,847.8603106067927,15.087235337969599,0.009676717221736908,0.42881489986958954
0,1999-03-03,833.5453474132512,15.194795306787244,-0.01688363403081894,0.10755996881764496
0,1999-03-04,832.008461198374,15.257314359061459,-0.001843794365413487,0.06251905227421517
0,1999-03-05,832.2166137206399,15.42826341267458,0.0002501807757653296,0.1709490536131213
0,1999-03-08,829.095343233465,15.428033687749819,-0.0037505505606532097,-0.00022972492476114326
0,1999-03-09,828.6596721746846,15.686925641313886,-0.0005254776333458722,0.258891953564067
0,1999-03-10,822.0443832131139,15.864966927140578,-0.00798311922699213,0.17804128582669243
0,1999-03-11,829.1250922119696,16.0,0.00861353613436222,0.13503307285942157
0,1999-03-12,837.7881420729599,15.969419810499383,0.010448423214256763,-0.030580189500616584
0,1999-03-15,826.7751627993056,15.961911063187353,-0.01314530335366726,-0.00750874731203055
0,1999-03-16,814.6542424732415,15.889291717173409,-0.014660479500889778,-0.07261934601394415
0,1999-03-17,831.375877426294,15.741161952307829,0.02052605152130127,-0.14812976486557972
0,1999-03-18,815.8023322195304,15.630189597164831,-0.018732255324721336,-0.11097235514299797
0,1999-03-19,824.4580293421984,15.39144309213056,0.01061004213988781,-0.2387465050342712
0,1999-03-22,832.4490529880633,15.290152395156376,0.00969245657324791,-0.1012906969741838
0,1999-03-23,840.4578274048058,14.760299674168865,0.009620738215744495,-0.5298527209875115
0,1999-03-24,850.8699162314351,14.847639119508097,0.012388591654598713,0.08733944533923221
0,1999-03-25,855.1747699366329,14.823575529114459,0.005059355869889259,-0.024063590393637924
0,1999-03-26,843.1794760077646,15.013803766943024,-0.014026716351509094,0.19022823782856513
0,1999-03-29,841.8082867104155,15.114074160842161,-0.0016262128483504057,0.10027039389913739
0,1999-03-30,847.5370029080929,15.208186828958516,0.00680525042116642,0.09411266811635421
0,1999-03-31,846.8061335270332,15.257834870964249,-0.0008623450994491577,0.04964804200573347
0,1999-04-01,855.5030544976222,15.33097209816076,0.010270262137055397,0.07313722719651139
0,1999-04-05,860.540762131714,15.545499570627213,0.005888591054826975,0.2145274724664521
0,1999-04-06,839.4975203446209,15.842659105488723,-0.024453509598970413,0.29715953486151037
0,1999-04-07,854.938664556411,15.888887184287714,0.018393317237496376,0.04622807879899149
0,1999-04-08,852.4351235260517,16.0,-0.0029283282347023487,0.1111128157122856
0,1999-04-09,846.8976953485645,16.0,-0.006496011279523373,0.0
0,1999-04-12,831.3384978230173,16.0,-0.01837199181318283,0.0
0,1999-04-13,842.0246487617491,16.0,0.012854151427745819,0.0
0,1999-04-14,828.0986289657689,16.0,-0.01653873175382614,0.0
0,1999-04-15,821.5457989496872,15.950192649235314,-0.007913103327155113,-0.04980735076468612
0,1999-04-16,831.6200363551554,15.85854788326739,0.012262539006769657,-0.09164476596792426
0,1999-04-19,840.0043156553497,15.677034966934576,0.010081863030791283,-0.18151291633281375
0,1999-04-20,846.0314232188272,15.660702003609291,0.007175091188400984,-0.016332963325284666
0,1999-04-21,829.4134194298953,15.519273593707448,-0.01964230090379715,-0.14142840990184347
0,1999-04-22,833.3792608292782,15.63929244694852,0.004781501367688179,0.12001885324107242
0,1999-04-23,821.3059346637453,15.781376840557021,-0.014487192966043949,0.142084393608501
0,1999-04-26,820.8611699236903,15.837325824220214,-0.0005415335763245821,0.055948983663192564
0,1999-04-27,830.8636078190056,15.640965219026459,0.012185297906398773,-0.19636060519375498
0,1999-04-28,841.7205533327958,15.628801676660725,0.013067061081528664,-0.012163542365733804
0,1999-04-29,827.5347898833152,15.786429320581382,-0.016853293403983116,0.15762764392065698
0,1999-04-30,824.7402446966505,15.603974154313338,-0.0033769519068300724,-0.1824551662680438
0,1999-05-03,834.2288069481214,15.451509613261633,0.011504909954965115,-0.15246454105170493
0,1999-05-04,830.028323179434,15.567165305554862,-0.005035169888287783,0.11565569229322925
0,1999-05-05,821.3200009001388,15.656846623154028,-0.010491596534848213,0.08968131759916531
0,1999-05-06,818.8301548524728,15.811733662600853,-0.0030315176118165255,0.15488703944682491
0,1999-05-07,809.8178764441927,15.879024857934043,-0.011006285436451435,0.0672911953331905
0,1999-05-10,793.4118240619002,15.781014620054332,-0.020258940756320953,-0.09801023787971097
0,1999-05-11,810.2427991530905,15.76525214840042,0.021213416010141373,-0.01576247165391287
0,1999-05-12,803.6075094301685,15.86571038334016,-0.008189260959625244,0.10045823493974027
0,1999-05-13,797.2041012424138,15.78367429134089,-0.007968327961862087,-0.08203609199926909
0,1999-05-14,803.273037500405,15.641630875145953,0.007612776011228561,-0.14204341619493732
0,1999-05-17,792.4669627408916,15.584186481527848,-0.013452555052936077,-0.057444393618105494
0,1999-05-18,792.7610090622493,15.575283150461448,0.00037105183582752943,-0.00890333106639929
0,1999-05-19,795.790026310366,15.556946074349247,0.003820845391601324,-0.0183370761122017
0,1999-05-20,792.9886210165829,15.582676923849798,-0.0035202819854021072,0.025730849500551045
0,1999-05-21,782.8410175017124,15.759684560766281,-0.012796657159924507,0.1770076369164837
0,1999-05-24,789.4459472183462,15.858316786574038,0.00843712780624628,0.09863222580775677
0,1999-05-25,788.4682408364781,15.867417680291418,-0.001238471595570445,0.009100893717379321
0,1999-05-26,792.2957676191146,16.0,0.004854382947087288,0.13258231970858247
0,1999-05-27,796.5549345391469,16.0,0.005375728476792574,0.0
0,1999-05-28,793.3590665247783,16.0,-0.004012112505733967,0.0
0,1999-06-01,805.1122480250865,16.0,0.01481445413082838,0.0
0,1999-06-02,808.0567037147129,15.993956701559458,0.00365719897672534,-0.0060432984405416335
0,1999-06-03,806.2572732225592,16.0,-0.002226861659437418,0.0060432984405416335
0,1999-06-04,800.231382496719,15.956973924356124,-0.007473905570805073,-0.04302607564387628
0,1999-06-07,793.9758037367931,16.0,-0.007817212492227554,0.04302607564387628
0,1999-06-08,780.2669157120783,16.0,-0.017266128212213516,0.0
0,1999-06-09,773.8807956764892,15.949841046539785,-0.008184532634913921,-0.05015895346021537
0,1999-06-10,784.6550353445306,16.0,0.013922350481152534,0.05015895346021537
0,1999-06-11,793.3268391750979,15.764792235243714,0.011051740497350693,-0.2352077647562858
0,1999-06-14,800.1497368948644,15.840342421121685,0.00860036164522171,0.07555018587797058
0,1999-06-15,786.1176796474283,15.55912671046411,-0.017536789178848267,-0.281215710657575
0,1999-06-16,789.4368658136665,15.785059149299162,0.004222251009196043,0.2259324388350521
0,1999-06-17,781.1270287097508,15.819769412098962,-0.010526284575462341,0.03471026279980016
0,1999-06-18,765.6476145979775,15.972917496975294,-0.019816769286990166,0.15314808487633158
0,1999-06-21,777.7955709097552,15.9855223930009,0.015866249799728394,0.012604896025607104
0,1999-06-22,772.8732008262174,16.0,-0.0063286167569458485,0.01447760699909928
0,1999-06-23,768.7118423986402,16.0,-0.005384270567446947,0.0
0,1999-06-24,770.85495663742,15.979988209472353,0.0027879292611032724,-0.020011790527647122
0,1999-06-25,774.2737802199551,15.7131654591915,0.0044351061806082726,-0.266822750280852
0,1999-06-28,794.6834045261988,15.653044474789006,0.02635969966650009,-0.060120984402495026
0,1999-06-29,802.3339108150734,15.391804108376048,0.009627112187445164,-0.26124036641295767
0,1999-06-30,804.2966052468767,15.260295403067627,0.002446231432259083,-0.13150870530842163
0,1999-07-01,807.524375283551,15.174190936787394,0.004013158846646547,-0.08610446628023283
0,1999-07-02,805.4892383606626,15.151959222638132,-0.002520217327401042,-0.02223171414926206
0,1999-07-06,802.7279250217192,15.423041477006974,-0.0034281194675713778,0.27108225436884226
0,1999-07-07,791.5896801864232,15.437766174170342,-0.013875491917133331,0.014724697163368106
0,1999-07-08,796.518317252392,15.41128493963122,0.006226252298802137,-0.026481234539122767
0,1999-07-09,798.984670342602,15.507667436290603,0.0030964172910898924,0.09638249665938403
0,1999-07-12,790.6982845847742,15.639594002601925,-0.010371144860982895,0.13192656631132138
0,1999-07-13,784.5692481357818,15.670397769782827,-0.007751422468572855,0.030803767180902497
0,1999-07-14,779.5682746987299,15.696256784295626,-0.00637416448444128,0.025859014512798595
0,1999-07-15,778.0814838325836,15.702249601222974,-0.0019071977585554123,0.005992816927347988
0,1999-07-16,779.324424481667,15.59662270394217,0.0015974427806213498,-0.10562689728080343
0,1999-07-19,775.5890521576041,15.847861888697082,-0.004793090280145407,0.2512391847549118
0,1999-07-20,769.8066632699898,16.0,-0.00745548028498888,0.15213811130291788
0,1999-07-21,772.3388349416068,15.9130882412426,0.0032893605530261993,-0.08691175875740065
0,1999-07-22,765.1837486164136,15.88934435614356,-0.009264180436730385,-0.02374388509903902
0,1999-07-23,768.2236524276747,15.817622977373626,0.003972776234149933,-0.07172137876993467
0,1999-07-26,769.049741058666,15.695953868502134,0.0010753230890259147,-0.12166910887149207
0,1999-07-27,770.7051592841609,15.68381848319512,0.0021525502670556307,-0.012135385307013635
0,1999-07-28,778.7911801734609,15.556451880858138,0.010491717606782913,-0.12736660233698238
0,1999-07-29,772.8930140220957,15.60473471063376,-0.007573488634079695,0.048282829775622815
0,1999-07-30,768.883221731117,15.527584191208636,-0.005188030190765858,-0.07715051942512474
0,1999-08-02,772.1425756445443,15.523660430207245,0.004239075351506472,-0.003923761001390247
0,1999-08-03,765.3223391745995,15.514408898216203,-0.008832871913909912,-0.009251531991042228
0,1999-08-04,764.0174889520177,15.447979710581953,-0.0017049681628122926,-0.06642918763425065
0,1999-08-05,770.865938426727,15.595100706376696,0.008963733911514282,0.1471209957947437
0,1999-08-06,756.3987906706794,15.587960074917156,-0.018767397850751877,-0.007140631459540359
0,1999-08-09,758.0078686727493,15.800790231934927,0.002127287909388542,0.21283015701777153
0,1999-08-10,754.226064671956,15.744644422439926,-0.004989135544747114,-0.056145809495001586
0,1999-08-11,762.5380820161744,15.127998201265381,0.011020591482520103,-0.6166462211745447
0,1999-08-12,776.0970604266893,15.122936313508752,0.01778137870132923,-0.005061887756628636
0,1999-08-13,775.3217378060774,14.871823024277209,-0.0009990021353587508,-0.25111328923154375
0,1999-08-16,778.9724251401808,14.767312646501516,0.004708609543740749,-0.10451037777569283
0,1999-08-17,782.9965565967086,14.791936696279212,0.005165948532521725,0.024624049777695944
0,1999-08-18,771.0175164622697,14.73237871835431,-0.015298969112336636,-0.059557977924901806
0,1999-08-19,760.3709885676781,14.781710601091953,-0.013808412477374077,0.04933188273764344
0,1999-08-20,756.2474537909256,14.884379374858355,-0.005423056427389383,0.1026687737664016
0,1999-08-23,744.2239144431345,14.860758891880224,-0.015898948535323143,-0.023620482978131463
0,1999-08-24,757.6377545460658,14.850624593881983,0.018023930490016937,-0.010134297998240172
0,1999-08-25,744.138729392693,14.637842482747535,-0.01781725510954857,-0.21278211113444812
0,1999-08-26,755.5876752363623,14.537162694492494,0.015385499224066734,-0.1006797882550412
0,1999-08-27,748.1657928998865,14.782039915457114,-0.009822661988437176,0.24487722096461972
0,1999-08-30,731.210793656887,14.852693028511634,-0.02266208827495575,0.07065311305452049
0,1999-08-31,729.0801507368741,14.814699782984802,-0.0029138559475541115,-0.03799324552683281
0,1999-09-01,725.1522623718276,14.821931732314505,-0.005387457553297281,0.007231949329703724
0,1999-09-02,737.4017661067008,14.88156401325527,0.016892319545149803,0.05963228094076456
0,1999-09-03,745.7008107715347,14.727247855531198,0.011254440993070602,-0.1543161577240717
0,1999-09-07,739.8255930040547,14.442708823857396,-0.007878786884248257,-0.2845390316738019
0,1999-09-08,749.0245011670048,14.440425172845332,0.012433887459337711,-0.0022836510120640696
0,1999-09-09,740.2894710162499,14.668019235364946,-0.011661875061690807,0.22759406251961423
0,1999-09-10,729.4740749117614,14.685027670062025,-0.01460968516767025,0.01700843469707891
0,1999-09-13,739.2398726283654,14.55412654076948,0.013387450017035007,-0.13090112929254438
0,1999-09-14,744.9695006545725,14.540595497826464,0.00775070209056139,-0.013531042943016658
0,1999-09-15,737.8851603722741,14.606075959389345,-0.009509570896625519,0.06548046156288123
0,1999-09-16,736.8484264048218,14.327287719695311,-0.0014050072059035301,-0.278788239694034
0,1999-09-17,741.5280904921095,14.213141861583953,0.006350918207317591,-0.11414585811135858
0,1999-09-20,734.3822984787963,14.298154123080296,-0.009636576287448406,0.08501226149634356
0,1999-09-21,737.2218541411455,14.144344717592269,0.0038665905594825745,-0.1538094054880279
0,1999-09-22,749.5557496638613,14.074286174716079,0.016730235889554024,-0.07005854287618973
0,1999-09-23,743.0872370803613,14.028912126208937,-0.008629795163869858,-0.045374048507142106
0,1999-09-24,737.6631004749752,13.975528818235498,-0.007299461401998997,-0.05338330797343893
0,1999-09-27,748.0142279891483,13.873265596718587,0.014032323844730854,-0.10226322151691036
0,1999-09-28,752.8434014249669,13.880930785807857,0.006455991417169571,0.0076651890892698304
0,1999-09-29,755.342006736366,13.889688996611717,0.0033188911620527506,0.008758210803859967
0,1999-09-30,766.6891520454693,13.870028391431312,0.015022526495158672,-0.019660605180405355
0,1999-10-01,764.3131837289264,13.890502196313411,-0.0030989982187747955,0.0204738048820996
0,1999-10-04,758.4878258092386,13.99283807330219,-0.007621689699590206,0.10233587698877855
0,1999-10-05,757.4095004450446,14.064282015618616,-0.0014216778799891472,0.07144394231642615
0,1999-10-06,762.6239724998474,14.046268068139023,0.006884614005684853,-0.018013947479593284
0,1999-10-07,767.7671519942554,13.936296467842316,0.006744056940078735,-0.10997160029670638
0,1999-10-08,772.6247614799054,13.868576570676437,0.006326930597424507,-0.06771989716587967
0,1999-10-13,763.0731578597622,13.866116741214663,-0.01236253883689642,-0.0024598294617739214
0,1999-10-14,767.5883488820908,13.830711050925334,0.005917114205658436,-0.03540569028932872
0,1999-10-15,772.024096115679,13.779123506600376,0.005778810009360313,-0.051587544324958046
0,1999-10-18,770.5486853592536,13.62707653970161,-0.0019110941793769598,-0.15204696689876585
0,1999-10-19,767.7763090178818,13.58923203576065,-0.0035979249514639378,-0.03784450394095984
0,1999-10-20,766.9016010864028,13.615536144941316,-0.0011392744490876794,0.026304109180665947
0,1999-10-21,767.0159399773952,13.506003533873795,0.00014909199671819806,-0.10953261106752166
0,1999-10-22,783.3039237552205,13.426971125757351,0.021235521882772446,-0.07903240811644352
0,1999-10-25,790.717204283236,13.358436141939976,0.00946411769837141,-0.06853498381737566
0,1999-10-26,788.0987472438535,13.57298277389781,-0.00331149622797966,0.21454663195783397
0,1999-10-27,786.2496046872992,13.70004842606616,-0.002346333581954241,0.1270656521683513
0,1999-10-28,782.6512897713591,13.742466913726465,-0.004576555453240871,0.04241848766030465
0,1999-10-29,790.0903457906294,13.768279144335061,0.009504943154752254,0.0258122306085955
0,1999-11-01,788.0724161357373,13.891947753353914,-0.002554049249738455,0.12366860901885346
0,1999-11-02,786.7427720656043,13.951767994342283,-0.0016872105188667774,0.05982024098836902
0,1999-11-03,789.946768392355,13.811949065824859,0.004072482697665691,-0.13981892851742472
0,1999-11-04,794.3382621349126,13.719168798878918,0.005559227429330349,-0.09278026694594033
0,1999-11-05,790.0454923190031,13.735421634017431,-0.005404208786785603,0.016252835138512722
0,1999-11-08,782.9786800575106,13.652355360733525,-0.008944816887378693,-0.08306627328390626
0,1999-11-09,782.2631659495079,13.596854502346083,-0.0009138360037468374,-0.055500858387441454
0,1999-11-10,781.7151822401044,13.484366097231867,-0.0007005106890574098,-0.11248840511421676
0,1999-11-15,778.0560360666203,13.526905111957179,-0.004680919926613569,0.042539014725312185
0,1999-11-16,777.1026372544823,13.622121738248621,-0.0012253600871190429,0.09521662629144245
0,1999-11-17,771.2757383560811,13.814970069479482,-0.007498235907405615,0.1928483312308611
0,1999-11-18,768.2798771177455,13.348486984925621,-0.003884293371811509,-0.466483084553861
0,1999-11-19,779.9874926357033,13.318351106101755,0.015238737687468529,-0.03013587882386659
0,1999-11-22,773.479231798906,13.35492844579044,-0.008344057947397232,0.036577339688685484
0,1999-11-23,771.5489979674722,13.439109864582596,-0.0024955212138593197,0.08418141879215568
0,1999-11-24,766.5444717449111,13.587170975349073,-0.00648633623495698,0.1480611107664771
0,1999-11-26,769.8397292769421,13.413307444925817,0.004298847168684006,-0.1738635304232563
0,1999-11-29,776.9630182226939,13.433694310807953,0.009252950549125671,0.020386865882136007
0,1999-11-30,780.290432638121,13.427678309794167,0.004282590467482805,-0.006016001013785299
0,1999-12-01,789.1749325731245,13.527098050853978,0.011386144906282425,0.09941974105981011
0,1999-12-02,768.3063851869927,13.661111695738537,-0.026443500071763992,0.13401364488455947
0,1999-12-03,761.6569356243526,13.728722509805396,-0.008654684759676456,0.06761081406685854
0,1999-12-06,762.9439074832442,13.551370986745537,0.0016897001769393682,-0.17735152305985835
0,1999-12-07,761.9080519848646,13.693928298911912,-0.0013577085919678211,0.14255731216637457
0,1999-12-08,751.7076465265799,13.784121256209422,-0.013387974351644516,0.09019295729751065
0,1999-12-09,761.2399013254645,13.595103572343039,0.012680800631642342,-0.18901768386638373
0,1999-12-10,766.4117744653971,13.782885218392959,0.006794012151658535,0.18778164604992043
0,1999-12-13,755.4819377143501,13.979891242801719,-0.014261050149798393,0.19700602440875947
0,1999-12-14,751.0264797550851,13.955884151945842,-0.005897504277527332,-0.02400709085587671
0,1999-12-15,753.5974161494428,13.959917525164727,0.0034232300240546465,0.0040333732188848614
0,1999-12-16,756.3593101237021,13.830871095655462,0.0036649461835622787,-0.12904642950926437
0,1999-12-17,761.3161854998336,13.641849037955957,0.006553598679602146,-0.1890220576995052
0,1999-12-20,761.606784848063,13.666680204964365,0.000381706515327096,0.024831167008407817
0,1999-12-21,755.4197307726948,13.4589310115129,-0.008123685605823994,-0.20774919345146436
0,1999-12-22,765.1922511114909,13.34043824642759,0.012936543673276901,-0.11849276508531048
0,1999-12-23,766.3195023478195,13.359214523518489,0.0014731608098372817,0.018776277090898574
0,1999-12-27,761.4659420159443,13.184197912288159,-0.006333598867058754,-0.17501661123032974
0,1999-12-28,767.2813288215692,13.31335154494842,0.007637093774974346,0.1291536326602607
0,1999-12-29,759.6327780576612,13.603535461897303,-0.009968378581106663,0.2901839169488838
0,1999-12-30,751.6483213035233,13.664309356830948,-0.0105109428986907,0.06077389493364471
0,1999-12-31,762.2931748321687,13.59468375192874,0.014162013307213783,-0.0696256049022086
0,2000-01-03,761.2937572089335,13.677390558744827,-0.001311067258939147,0.08270680681608766
0,2000-01-04,757.3640887925662,13.828225029382772,-0.0051618292927742004,0.1508344706379443
0,2000-01-05,754.2371341939804,13.88031482431594,-0.004128733649849892,0.052089794933168676
0,2000-01-06,747.1894030507865,13.818381727326479,-0.009344184771180153,-0.06193309698946159
0,2000-01-07,758.808518813564,13.758685026704605,0.015550429001450539,-0.059696700621874044
0,2000-01-10,766.2022046196315,13.669652183844972,0.009743809700012207,-0.08903284285963231
0,2000-01-11,774.8922760959717,13.7552280578231,0.011341746896505356,0.0855758739781276
0,2000-01-12,769.3207185147719,13.904340333755629,-0.0071901059709489346,0.14911227593252896
0,2000-01-13,774.143977363519,13.98490475423755,0.0062695033848285675,0.08056442048192203
0,2000-01-14,778.8889389366567,14.046232374974718,0.006129301153123379,0.06132762073716691
0,2000-01-18,776.895279265266,13.775516290463207,-0.0025596199557185173,-0.27071608451151086
0,2000-01-19,786.9749180083267,13.645919439552769,0.01297425664961338,-0.12959685091043838
0,2000-01-20,792.9057893811557,13.62509109917776,0.007536290213465691,-0.020828340375008025
0,2000-01-21,800.3931795180389,13.727067427507617,0.009442975744605064,0.10197632832985626
0,2000-01-24,802.831402003125,13.833304982788158,0.00304628093726933,0.10623755528054168
0,2000-01-25,810.4679042192923,13.500366822109937,0.009511962532997131,-0.33293816067822135
0,2000-01-26,811.1599695419945,13.69586143529605,0.0008539083646610379,0.1954946131861135
0,2000-01-27,798.0670385746671,13.624812454033423,-0.016140997409820557,-0.07104898126262782
0,2000-01-28,808.2126197033016,13.490543255275831,0.012712692841887474,-0.13426919875759147
0,2000-01-31,810.6425193793788,13.585751358269022,0.0030065104365348816,0.09520810299319038
0,2000-02-01,816.9456895008949,13.322895222196388,0.007775523699820042,-0.26285613607263336
0,2000-02-02,821.854192980014,13.310525785589967,0.006008359603583813,-0.012369436606421758
0,2000-02-03,814.8650985935541,13.28614774884336,-0.008504056371748447,-0.024378036746606213
0,2000-02-04,826.887940130436,13.166670596478102,0.014754395000636578,-0.11947715236525802
0,2000-02-07,822.7841581795216,13.217619337432971,-0.004962923936545849,0.05094874095486901
0,2000-02-08,818.2434703599479,13.220954794259317,-0.00551868649199605,0.0033354568263455064
0,2000-02-09,813.1854545949393,13.034511112199516,-0.0061815534718334675,-0.18644368205980122
0,2000-02-10,814.6407618671299,12.960788185666173,0.0017896376084536314,-0.07372292653334256
0,2000-02-11,812.8756183956696,12.947742129658579,-0.0021667752880603075,-0.013046056007594231
0,2000-02-14,824.5063880836929,13.053129331934294,0.014308178797364235,0.10538720227571474
0,2000-02-15,821.9844439924475,13.159025454897074,-0.003058732021600008,0.10589612296278084
0,2000-02-16,823.9859963301845,13.174479510275873,0.002435024594888091,0.015454055378798515
0,2000-02-17,833.9672435796351,13.172878859682394,0.01211337000131607,-0.001600650593479358
0,2000-02-18,827.056595471514,13.13028655299772,-0.008286474272608757,-0.042592306684673176
0,2000-02-22,819.519402448066,13.093799700454554,-0.009113273583352566,-0.03648685254316675
0,2000-02-23,812.65101814173,13.139426913948371,-0.008380990475416183,0.04562721349381782
0,2000-02-24,818.8574657042758,12.975043708143811,0.00763728516176343,-0.16438320580456
0,2000-02-25,818.225033531518,12.828501471592578,-0.0007723348680883646,-0.14654223655123388
0,2000-02-28,823.7785312418013,12.951592304963844,0.006787249818444252,0.12309083337126658
0,2000-02-29,816.7926005732589,13.034102929893379,-0.008480350486934185,0.08251062492953487
0,2000-03-01,814.8200097429986,13.12008516948687,-0.0024150449316948652,0.08598223959349127
0,2000-03-02,798.4594998791188,13.0060233188873,-0.02007867954671383,-0.11406185059957075
0,2000-03-03,804.6607907051963,12.998776477836286,0.007766569033265114,-0.00724684105101403
0,2000-03-06,794.0346085639562,13.22836226652671,-0.013205790892243385,0.22958578869042512
0,2000-03-07,788.9061319938857,13.12762087916727,-0.006458756979554892,-0.10074138735943983
0,2000-03-08,800.1585399428717,13.052575366046801,0.014263303950428963,-0.07504551312046992
0,2000-03-09,802.7459336691724,13.004472789211116,0.003233601339161396,-0.048102576835685085
0,2000-03-10,820.3031343116585,12.995870097267778,0.021871428936719894,-0.008602691943337959
0,2000-03-13,817.2521525714681,13.04510087266625,-0.003719334490597248,0.049230775398472204
0,2000-03-14,813.9667822742064,12.829752819688332,-0.004020020365715027,-0.2153480529779177
0,2000-03-15,816.8582570704648,12.792584229181442,0.003552325302734971,-0.03716859050689081
0,2000-03-16,817.6960465913834,12.793216041759408,0.001025624107569456,0.0006318125779660733
0,2000-03-17,817.8266118453229,12.826570532077625,0.00015967455692589283,0.033354490318217245
0,2000-03-20,819.8905273592607,13.144642160330577,0.0025236590299755335,0.31807162825295165
0,2000-03-21,814.9668080607112,13.30163846651476,-0.0060053374618291855,0.15699630618418325
0,2000-03-22,828.377679122133,13.368184243057138,0.016455726698040962,0.06654577654237848
0,2000-03-23,828.9063302521594,13.357381190888228,0.000638176454231143,-0.010803052168910199
0,2000-03-24,822.3073333571941,13.13519252761024,-0.007961088791489601,-0.22218866327798814
0,2000-03-27,827.4692824049658,13.274997648427505,0.006277396343648434,0.1398051208172646
0,2000-03-28,827.2671832942156,13.296814139477116,-0.00024423759896308184,0.02181649104961103
0,2000-03-29,825.6686995648319,13.170328585309424,-0.001932246028445661,-0.12648555416769192
0,2000-03-30,834.9682636744344,13.151587453223858,0.011263069696724415,-0.018741132085565937
0,2000-03-31,825.9213706111216,13.159466160255246,-0.010835014283657074,0.007878707031387933
0,2000-04-03,831.673530816057,13.131328464577745,0.006964537315070629,-0.028137695677500574
0,2000-04-04,833.6457466241523,13.033338024839265,0.002371382201090455,-0.09799043973847965
0,2000-04-05,823.8136006397041,13.074769275914036,-0.011794153600931168,0.04143125107477097
0,2000-04-06,827.1483743847697,13.087826180387275,0.004047971218824387,0.013056904473238262
0,2000-04-07,822.4249160037817,13.086451238243072,-0.005710533354431391,-0.001374942144202862
0,2000-04-10,829.410781621631,13.142674905129475,0.008494229055941105,0.05622366688640312
0,2000-04-11,830.9198804425492,13.101239838247984,0.0018194830045104027,-0.04143506688149046
0,2000-04-12,831.9509037408938,13.091024543060499,0.0012408215552568436,-0.010215295187485651
0,2000-04-13,837.5813559504775,13.09505157444488,0.006767769809812307,0.004027031384381985
0,2000-04-14,841.9441263835807,13.221259554952065,0.005208772141486406,0.12620798050718385
0,2000-04-17,829.6808954885962,13.246011416302347,-0.01456537377089262,0.024751861350281956
0,2000-04-18,830.4029323794812,13.19574567011934,0.0008702585473656654,-0.0502657461830065
0,2000-04-19,834.2059944786787,13.225820307636619,0.004579779226332903,0.0300746375172789
0,2000-04-20,833.1662547404892,13.124431613720027,-0.0012463824823498726,-0.10138869391659178
0,2000-04-24,839.9854793485111,13.203910186984176,0.008184710517525673,0.07947857326414898
0,2000-04-25,843.4977832393603,13.186890513232077,0.004181386437267065,-0.017019673752098896
0,2000-04-26,838.8645193125468,13.186825682921329,-0.005492917727679014,-6.483031074822065e-05
0,2000-04-27,838.0196642971426,13.294416462160067,-0.0010071411961689591,0.10759077923873761
0,2000-04-28,827.168782089075,13.362416985416656,-0.012948242947459221,0.06800052325658967
0,2000-05-01,844.8371632330247,13.291063404904884,0.021360067650675774,-0.07135358051177221
0,2000-05-02,849.9099613992782,13.25280132076142,0.006004468537867069,-0.038262084143463326
0,2000-05-03,847.4319513794497,13.148340800593433,-0.002915614750236273,-0.10446052016798824
0,2000-05-04,842.9558555219983,13.124658166380346,-0.005281953141093254,-0.023682634213086473
0,2000-05-05,838.5554134561041,13.198189713651836,-0.005220252089202404,0.07353154727148947
0,2000-05-08,839.0279152077335,13.155589485082501,0.0005634711124002934,-0.04260022856933432
0,2000-05-09,841.780720144262,13.057487719679727,0.003280945587903261,-0.09810176540277382
0,2000-05-10,840.4452604353215,13.03978821986972,-0.0015864698216319084,-0.01769949981000707
0,2000-05-11,843.3526435705829,13.150761477713765,0.0034593367017805576,0.11097325784404433
0,2000-05-12,841.8417816119913,13.231412563591105,-0.0017914948984980583,0.08065108587734038
0,2000-05-15,840.5652941569818,13.383565781519536,-0.0015163032803684473,0.15215321792843106
0,2000-05-16,845.2112323550415,13.39186126083074,0.005527159199118614,0.008295479311204446
0,2000-05-17,851.8322224263893,13.355097537613677,0.007833532989025116,-0.03676372321706367
0,2000-05-18,840.0170454006972,13.232885957464557,-0.01387031003832817,-0.12221158014911992
0,2000-05-19,844.097993500218,13.01871217909605,0.004858172964304686,-0.21417377836850626
0,2000-05-22,853.092414879465,13.118753267761617,0.010655660182237625,0.10004108866556649
0,2000-05-23,842.358136848585,12.961595188902221,-0.01258278451859951,-0.15715807885939626
0,2000-05-24,844.8734817224623,12.858541277247358,0.0029860753566026688,-0.10305391165486277
0,2000-05-25,843.8130944811501,13.02210974815559,-0.0012550840619951487,0.16356847090823123
0,2000-05-26,828.0679086924196,12.979564111732541,-0.0186595655977726,-0.042545636423048094
0,2000-05-30,837.6198772043394,12.893629924685685,0.011535247787833214,-0.08593418704685618
0,2000-05-31,831.6377256204763,12.87328232971754,-0.007141845300793648,-0.02034759496814509
0,2000-06-01,839.1344668370775,12.900745359713465,0.00901443138718605,0.02746302999592487
0,2000-06-02,834.2259558686519,12.932068285207016,-0.005849492736160755,0.03132292549355142
0,2000-06-05,837.9474061768717,13.011753857808877,0.004460962023586035,0.0796855726018606
0,2000-06-06,847.789879078019,12.91599199244045,0.011745931580662727,-0.09576186536842712
0,2000-06-07,855.6696389091635,13.02033750822423,0.009294472634792328,0.10434551578378048
0,2000-06-08,846.8844144218787,12.645370692284223,-0.010267075151205063,-0.3749668159400077
0,2000-06-09,868.1613005819892,12.701180871073786,0.0251237191259861,0.055810178789563736
0,2000-06-12,852.5107949965678,12.85408020101753,-0.018027186393737793,0.1528993299437431
0,2000-06-13,855.725405648157,12.664306263888621,0.003770756535232067,-0.18977393712890844
0,2000-06-14,883.5432098113578,12.525636914818438,0.03250786289572716,-0.1386693490701827
0,2000-06-15,874.017536767997,12.65260905102897,-0.010781219229102135,0.12697213621053116
0,2000-06-16,867.0297860020163,12.509131440239058,-0.00799497775733471,-0.14347761078991184
0,2000-06-19,876.9175263020998,12.502628595775175,0.01140415295958519,-0.006502844463883051
0,2000-06-20,865.8803977955897,12.587123113663912,-0.012586278840899467,0.08449451788873752
0,2000-06-21,867.3619482791614,12.421389324305322,0.0017110336339101195,-0.1657337893585904
0,2000-06-22,882.3587396518743,12.249569915798762,0.01729011908173561,-0.1718194085065594
0,2000-06-23,888.277735896744,12.340648904410044,0.006708151660859585,0.09107898861128128
0,2000-06-26,879.6868794252043,12.254504068015459,-0.009671363048255444,-0.0861448363945847
0,2000-06-27,887.9955871108417,12.183052953174808,0.009445074014365673,-0.07145111484065048
0,2000-06-28,886.5664630086037,12.07325302512805,-0.0016093819867819548,-0.10979992804675831
0,2000-06-29,900.7761752707772,11.977680606558007,0.016027802601456642,-0.09557241857004328
0,2000-06-30,898.8277679354093,11.957873679207145,-0.002163031604140997,-0.01980692735086187
0,2000-07-03,906.5906033929621,11.9088455882092,0.00863662175834179,-0.04902809099794503
0,2000-07-05,915.0688736175864,11.743292618507013,0.009351817891001701,-0.16555296970218691
0,2000-07-06,922.042714542539,11.657099110631123,0.007621110416948795,-0.08619350787589042
0,2000-07-07,918.2942116160009,11.396882231027588,-0.0040654330514371395,-0.2602168796035347
0,2000-07-10,914.3129365233776,11.31824654928249,-0.004335511475801468,-0.07863568174509794
0,2000-07-11,917.6696911946598,11.376275506433608,0.003671341110020876,0.058028957151117666
0,2000-07-12,926.2759395664428,11.328681618732332,0.009378372691571712,-0.04759388770127515
0,2000-07-13,956.2158765532216,11.378197570090569,0.03232291340827942,0.049515951358236165
0,2000-07-14,951.171296461071,11.469572959398407,-0.005275566130876541,0.09137538930783862
0,2000-07-17,947.8515624412859,11.37522103681749,-0.0034901537001132965,-0.09435192258091796
0,2000-07-18,970.0134408488645,11.291770269012481,0.023381169885396957,-0.08345076780500804
0,2000-07-19,982.2786380396878,10.979452232355701,0.012644357979297638,-0.31231803665678015
0,2000-07-20,975.6047734615073,10.943467671558523,-0.006794268265366554,-0.03598456079717849
0,2000-07-21,996.0848139068061,10.750333834369407,0.02099214866757393,-0.1931338371891158
0,2000-07-24,1002.3769934521935,10.677687147583722,0.006316911429166794,-0.07264668678568498
0,2000-07-25,1015.2695538883322,10.680502833225534,0.012861987575888634,0.0028156856418117826
0,2000-07-26,1009.8755433443492,10.646363236127765,-0.005312885157763958,-0.03413959709776826
0,2000-07-27,1022.0670032762101,10.792858113410839,0.012072240002453327,0.14649487728307342
0,2000-07-28,1016.9664469764051,10.913686096144152,-0.004990432411432266,0.12082798273331363
0,2000-07-31,1012.0829165496906,11.068502427747363,-0.004802056588232517,0.15481633160321095
0,2000-08-01,1014.7642862938252,10.945116125040458,0.0026493577752262354,-0.12338630270690487
0,2000-08-02,1012.2393137955129,10.9645773284933,-0.002488235477358103,0.019461203452841858
0,2000-08-03,1012.7871374056143,11.077804169729436,0.0005411996971815825,0.11322684123613591
0,2000-08-04,1008.1157276306307,11.123990742722063,-0.00461242999881506,0.046186572992626296
0,2000-08-07,1014.5406039426456,10.99208787297109,0.006373153533786535,-0.13190286975097187
0,2000-08-08,1028.3354754471256,10.941647901250336,0.013597160577774048,-0.05043997172075443
0,2000-08-09,1026.9785114505485,10.705756361165532,-0.0013195732608437538,-0.23589154008480406
0,2000-08-10,1030.5941527653529,10.757676387957837,0.0035206591710448265,0.05192002679230434
0,2000-08-11,1023.0094744176283,10.75851278169824,-0.007359520066529512,0.0008363937404034516
0,2000-08-14,1015.2968331714239,10.748443165726567,-0.007539168931543827,-0.010069615971673329
0,2000-08-15,1007.4596804569612,10.830266133868642,-0.007719075307250023,0.08182296814207568
0,2000-08-16,997.2481771570516,10.91776304770981,-0.010135892778635025,0.08749691384116787
0,2000-08-17,1004.8400654554971,11.005980705143237,0.007612837478518486,0.08821765743342702
0,2000-08-18,1009.142425183084,11.08380692132297,0.004281636327505112,0.07782621617973362
0,2000-08-21,999.3806509068809,11.074176328632252,-0.009673336520791054,-0.009630592690719197
0,2000-08-22,1008.0660799542082,11.052893438047102,0.008690811693668365,-0.021282890585149872
0,2000-08-23,1002.4396774133431,11.028347583519809,-0.005581382662057877,-0.024545854527293187
0,2000-08-24,1011.5344629107389,11.017852144338018,0.009072651155292988,-0.01049543918179019
0,2000-08-25,996.1306309898963,11.004514416128318,-0.015228183008730412,-0.013337728209700472
0,2000-08-28,1006.2686731022707,11.192809636644327,0.010177422314882278,0.1882952205160091
0,2000-08-29,1009.1349611588784,11.185256320604969,0.0028484321665018797,-0.007553316039357938
0,2000-08-30,1021.0723644380053,11.13799326066502,0.011829342693090439,-0.04726305993994906
0,2000-08-31,1011.5866264642982,11.192816735892508,-0.009289976209402084,0.054823475227488316
0,2000-09-01,1016.5283436643642,11.216089408576233,0.004885115195065737,0.023272672683724238
0,2000-09-05,1016.1490197336004,11.370573314542739,-0.00037315627560019493,0.15448390596650619
0,2000-09-06,1010.4272882710521,11.43494831025773,-0.0056307995691895485,0.06437499571499039
0,2000-09-07,1004.3551419421171,11.262135929677436,-0.006009483709931374,-0.17281238058029302
0,2000-09-08,1027.0518945496356,11.13083747399665,0.022598333656787872,-0.13129845568078657
0,2000-09-11,1031.2776271281195,11.166487853179456,0.0041144294664263725,0.035650379182806446
0,2000-09-12,1014.9130729201864,11.207882289716242,-0.015868233516812325,0.04139443653678576
0,2000-09-13,1014.6504644668886,11.182306286758088,-0.0002587497001513839,-0.025576002958153765
0,2000-09-14,1020.7868724567074,11.125710051665221,0.006047804839909077,-0.05659623509286682
0,2000-09-15,1016.5624254036996,11.240807790714332,-0.0041384221985936165,0.11509773904911036
0,2000-09-18,1009.8023223206173,11.163350065620385,-0.006649963557720184,-0.07745772509394655
0,2000-09-19,1034.0295317622395,10.95037992282454,0.023992031812667847,-0.2129701427958448
0,2000-09-20,1031.6704677509479,10.9811927324955,-0.0022814280819147825,0.03081280967096056
0,2000-09-21,1038.1671616168262,11.073907037646308,0.006297256797552109,0.09271430515080681
0,2000-09-22,1006.8841385865385,11.02075222834674,-0.03013293445110321,-0.05315480929956706
0,2000-09-25,980.9454278830668,11.081888895269135,-0.02576136589050293,0.061136666922394056
0,2000-09-26,1003.098064021376,11.20362542886702,0.022582944482564926,0.12173653359788617
0,2000-09-27,985.0845912365984,11.234839882294382,-0.017957838252186775,0.031214453427361732
0,2000-09-28,988.231656113133,11.318855852429795,0.0031947153620421886,0.08401597013541284
0,2000-09-29,993.4775932290304,11.199727466059251,0.005308408290147781,-0.11912838637054435
0,2000-10-02,1006.976995536868,11.176599956029973,0.013588028959929943,-0.023127510029278042
0,2000-10-03,1009.7638575952751,10.994856480750888,0.0027675528544932604,-0.18174347527908452
0,2000-10-04,1010.7277857486064,11.142882272099108,0.0009546075016260147,0.14802579134821947
0,2000-10-05,1003.745367119516,11.038092987851297,-0.006908307783305645,-0.10478928424781131
0,2000-10-06,1016.3222918443171,11.130430901161898,0.012529995292425156,0.09233791331060104
0,2000-10-11,998.3422053648343,11.269012618085924,-0.017691323533654213,0.1385817169240262
0,2000-10-12,1005.2224003541224,11.257311437660118,0.0068916198797523975,-0.011701180425806257
0,2000-10-13,1016.8068709111724,11.226971072130196,0.01152428612112999,-0.030340365529921698
0,2000-10-16,1003.0505505436894,11.228343512372707,-0.013528941199183464,0.0013724402425108195
0,2000-10-17,996.047969892371,11.311414889356472,-0.006981283891946077,0.08307137698376543
0,2000-10-18,990.7988749317757,11.09256427521869,-0.005269921850413084,-0.21885061413778217
0,2000-10-19,1014.4581529473769,11.02914996737627,0.02387899160385132,-0.06341430784241986
0,2000-10-20,1002.6390269510682,11.256146999840169,-0.01165067870169878,0.22699703246389902
0,2000-10-23,992.1479896660945,10.78507638751677,-0.010463424026966095,-0.4710706123233983
0,2000-10-24,1031.1977497807613,10.435686517159333,0.03935880586504936,-0.34938987035743807
0,2000-10-25,1038.0326237266836,10.436900480658041,0.006628092378377914,0.0012139634987082815
0,2000-10-26,1014.3079350834744,10.336426995050822,-0.02285543642938137,-0.10047348560721936
0,2000-10-27,1037.60917697349,10.198155115062054,0.022972552105784416,-0.13827187998876767
0,2000-10-30,1039.98686430721,10.194588941677342,0.002291505690664053,-0.0035661733847121013
0,2000-10-31,1051.5318689155,10.229185734551535,0.01110110618174076,0.03459679287419348
0,2000-11-01,1045.7168401815798,10.205758676675352,-0.005530054681003094,-0.02342705787618371
0,2000-11-02,1052.5358540922678,10.293520945585291,0.006520899012684822,0.08776226890993932
0,2000-11-03,1045.2001012000603,10.480558248828839,-0.006969599053263664,0.18703730324354773
0,2000-11-06,1036.569701196151,10.605380823957258,-0.008257174864411354,0.12482257512841954
0,2000-11-07,1052.3655614719155,10.464315982899276,0.015238589607179165,-0.14106484105798245
0,2000-11-08,1070.9341945758358,10.316289081895867,0.01764466054737568,-0.14802690100340854
0,2000-11-09,1079.5794935084705,10.137663138557864,0.008072670549154282,-0.17862594333800352
0,2000-11-10,1087.9052437954226,10.316623286028817,0.007712030783295631,0.1789601474709528
0,2000-11-13,1072.368428259213,10.288478233332013,-0.01428140513598919,-0.028145052696803674
0,2000-11-14,1070.5473686381858,10.3414128451568,-0.0016981660155579448,0.05293461182478687
0,2000-11-15,1071.8387240535726,10.357096202126709,0.0012062571477144957,0.015683356969908857
0,2000-11-16,1066.903088006959,10.36809179295282,-0.004604830872267485,0.010995590826111012
0,2000-11-17,1067.3171782323948,10.270545320760098,0.0003881235606968403,-0.09754647219272172
0,2000-11-20,1068.2654069319158,10.393110811559616,0.0008884225971996784,0.12256549079951817
0,2000-11-21,1071.5610663742798,10.357755197707466,0.003085056785494089,-0.03535561385215047
0,2000-11-22,1066.3155027368537,10.377326583777933,-0.004895254038274288,0.019571386070467156
0,2000-11-24,1061.7784290459253,10.35261776898605,-0.0042549073696136475,-0.02470881479188236
0,2000-11-27,1053.0257255376396,10.33204583540793,-0.008243436925113201,-0.02057193357812004
0,2000-11-28,1066.2470170322727,10.229982141071488,0.01255552563816309,-0.10206369433644191
0,2000-11-29,1063.9495169976337,10.159763191725796,-0.0021547540090978146,-0.0702189493456924
0,2000-11-30,1078.5027132686553,10.157762604135595,0.013678465038537979,-0.002000587590201164
0,2000-12-01,1059.2954335991076,10.27570621688641,-0.01780920848250389,0.11794361275081577
0,2000-12-04,1051.159378956202,10.366277650541267,-0.007680628448724747,0.09057143365485665
0,2000-12-05,1048.4531332322804,10.386431080801819,-0.0025745341554284096,0.020153430260551275
0,2000-12-06,1053.1895088470574,10.238485213700125,0.0045174891129136086,-0.14794586710169355
0,2000-12-07,1058.5789837151035,9.989851016181786,0.005117288790643215,-0.2486341975183386
0,2000-12-08,1085.8107580836368,9.983694986619138,0.02572483941912651,-0.006156029562648158
0,2000-12-11,1099.186524544954,10.096461682103312,0.012318690307438374,0.11276669548417395
0,2000-12-12,1079.2923141342417,10.183326529067406,-0.01809903047978878,0.0868648469640938
0,2000-12-13,1089.3868715413548,10.069685403581056,0.009352941066026688,-0.11364112548634964
0,2000-12-14,1091.0256708843087,10.087923398510906,0.0015043318271636963,0.018237994929849677
0,2000-12-15,1098.8354704273497,9.882031081311585,0.007158217951655388,-0.20589231719932144
0,2000-12-18,1108.5260266091236,9.957638256347634,0.008818932808935642,0.07560717503604941
0,2000-12-19,1098.9314628313418,9.96858891853312,-0.0086552444845438,0.010950662185486237
0,2000-12-20,1092.873850619947,9.792919856432501,-0.00551227480173111,-0.17566906210061894
0,2000-12-21,1107.5162040300747,9.754851361493431,0.013398027047514915,-0.03806849493907016
0,2000-12-22,1117.4686396041518,9.830578668217616,0.008986266329884529,0.07572730672418437
0,2000-12-26,1122.8570452063857,9.737376281378742,0.0048219747841358185,-0.09320238683887361
0,2000-12-27,1132.241741996754,9.685463440755644,0.008357873186469078,-0.05191284062309798
0,2000-12-28,1121.9363856564476,9.67633953320841,-0.009101727977395058,-0.009123907547234467
0,2000-12-29,1122.1580629052,9.763628878717537,0.0001975845079869032,0.08728934550912726
0,2001-01-02,1114.690389795713,9.786795838780932,-0.006654742639511824,0.023166960063395692
0,2001-01-03,1111.4555328743204,9.66626570620244,-0.002902022795751691,-0.12053013257849265
0,2001-01-04,1124.4331407255636,9.615657254140238,0.011676227673888206,-0.05060845206220144
0,2001-01-05,1122.0702488799745,9.588818220255211,-0.002101407153531909,-0.026839033885027064
0,2001-01-08,1138.935972512278,9.352624901053954,0.015030898153781891,-0.23619331920125752
0,2001-01-09,1132.5472870007172,9.280385647933615,-0.005609345622360706,-0.07223925312033863
0,2001-01-10,1127.846382039877,9.212827898627287,-0.004150736145675182,-0.06755774930632796
0,2001-01-11,1136.2844687815473,9.115484271622995,0.007481592241674662,-0.09734362700429244
0,2001-01-12,1133.018282701135,9.04315564680546,-0.00287444400601089,-0.07232862481753521
0,2001-01-16,1142.0699157111944,8.856665569395188,0.007988955825567245,-0.18649007741027113
0,2001-01-17,1146.2441505494508,8.878211305260592,0.003654973115772009,0.02154573586540387
0,2001-01-18,1148.7878228638162,8.946302153381387,0.0022191365715116262,0.06809084812079469
0,2001-01-19,1156.216495691456,8.990173778492153,0.006466531660407782,0.04387162511076603
0,2001-01-22,1155.242548031546,8.954810312015253,-0.0008423575200140476,-0.03536346647690003
0,2001-01-23,1154.2024981089348,8.878019030804875,-0.0009002870647236705,-0.0767912812103777
0,2001-01-24,1159.563582456025,8.836960688715664,0.004644838627427816,-0.041058342089211664
0,2001-01-25,1160.9015917335958,8.821434996847906,0.001153890392743051,-0.015525691867757985
0,2001-01-26,1150.1510713669709,8.804176533344627,-0.009260492399334908,-0.01725846350327842
0,2001-01-29,1160.1624427825825,8.846817935383054,0.008704396896064281,0.042641402038427145
0,2001-01-30,1174.0056313089055,8.928100436238118,0.011932112276554108,0.08128250085506394
0,2001-01-31,1156.2621288822634,8.978032373854257,-0.015113643370568752,0.049931937616138455
0,2001-02-01,1160.4111490852629,8.973731702857215,0.003588304156437516,-0.004300670997041678
0,2001-02-02,1164.4629836293866,8.988270368934907,0.0034917232114821672,0.014538666077692497
0,2001-02-05,1165.0438342533373,8.970038478487531,0.0004988141590729356,-0.018231890447376387
0,2001-02-06,1166.4625784739007,8.930551220874467,0.0012177603784948587,-0.039487257613064486
0,2001-02-07,1140.4147226959828,8.956436676389433,-0.022330639883875847,0.025885455514966793
0,2001-02-08,1125.8970005021122,9.125897546882557,-0.01273021288216114,0.16946087049312375
0,2001-02-09,1117.407269824742,9.086598849776385,-0.007540415041148663,-0.0392986971061724
0,2001-02-12,1116.5894843393407,9.102341204689438,-0.0007318598218262196,0.01574235491305309
0,2001-02-13,1115.1426676418168,8.939954224107986,-0.0012957463040947914,-0.16238698058145218
0,2001-02-14,1130.5350437847626,8.82809471765935,0.013803055509924889,-0.11185950644863496
0,2001-02-15,1112.9750407318534,8.8131611759586,-0.015532471239566803,-0.014933541700751007
0,2001-02-16,1115.8310657873983,8.883073892849417,0.0025661177933216095,0.06991271689081735
0,2001-02-20,1091.5539675988794,8.92142403492852,-0.021756965667009354,0.03835014207910348
0,2001-02-21,1108.645202976252,8.950647023153987,0.015657709911465645,0.02922298822546665
0,2001-02-22,1092.8901562315505,9.072480833644082,-0.014211080968379974,0.12183381049009512
0,2001-02-23,1084.8278454313675,8.908510407300891,-0.007377055007964373,-0.16397042634319092
0,2001-02-26,1097.9814198168754,8.85966976922434,0.012125033885240555,-0.04884063807655181
0,2001-02-27,1104.8296329502627,9.04104104653619,0.006237093824893236,0.18137127731185032
0,2001-02-28,1098.5056408142304,9.044584785178133,-0.005723952315747738,0.003543738641942795
0,2001-03-01,1130.5238267297905,8.950123652599846,0.029147038236260414,-0.09446113257828692
0,2001-03-02,1129.2371052505175,8.880356057302567,-0.0011381639633327723,-0.06976759529727872
0,2001-03-05,1154.6334882894214,8.837149556872157,0.02248985879123211,-0.04320650043040963
0,2001-03-06,1148.9085584097568,8.930002516189084,-0.00495822262018919,0.09285295931692694
0,2001-03-07,1143.4283132718595,8.977046509502996,-0.00476995762437582,0.047043993313911514
0,2001-03-08,1137.2270712149552,8.922591322952318,-0.005423376336693764,-0.054455186550677936
0,2001-03-09,1148.9107689778775,8.897922210018317,0.010273847728967667,-0.02466911293400109
0,2001-03-12,1153.708405430801,8.838525326012137,0.004175812937319279,-0.05939688400617982
0,2001-03-13,1160.4877620727677,8.816386152775706,0.005876143928617239,-0.022139173236430665
0,2001-03-14,1168.7697483182776,8.690445652141698,0.007136642467230558,-0.12594050063400886
0,2001-03-15,1171.3015430191049,8.65766200194924,0.0021662048529833555,-0.032783650192458325
0,2001-03-16,1180.855430751766,8.70689514945476,0.008156642317771912,0.04923314750552166
0,2001-03-19,1178.5387611639467,8.728767821422,-0.0019618570804595947,0.0218726719672393
0,2001-03-20,1173.0416682345337,8.70497269119493,-0.004664329346269369,-0.023795130227069805
0,2001-03-21,1179.4425172951342,8.691379852846653,0.005456625483930111,-0.01359283834827707
0,2001-03-22,1172.2748123187382,8.8660261172367,-0.006077197380363941,0.17464626439004682
0,2001-03-23,1180.5357841915618,8.829905902061157,0.007046958431601524,-0.036120215175543535
0,2001-03-26,1189.1151320729598,8.846618920578518,0.007267334032803774,0.016713018517361178
0,2001-03-27,1180.5454216544342,8.902375008883682,-0.0072067962028086185,0.05575608830516465
0,2001-03-28,1189.0798707589568,8.895478553362354,0.0072292424738407135,-0.006896455521328448
0,2001-03-29,1181.2296191863434,8.89437457820602,-0.006601954810321331,-0.0011039751563330924
0,2001-03-30,1189.48180659655,8.930047662941831,0.006986099295318127,0.035673084735810434
0,2001-04-02,1191.025405013361,8.906773213490103,0.0012977066216990352,-0.023274449451728074
0,2001-04-03,1197.4435417735651,8.789973140727126,0.005388748832046986,-0.11680007276297744
0,2001-04-04,1176.424949373496,8.995372539573662,-0.01755288802087307,0.20539939884653613
0,2001-04-05,1162.4162647481664,9.120925096237286,-0.011907843872904778,0.12555255666362442
0,2001-04-06,1149.9951837566302,9.161254806068003,-0.010685570538043976,0.04032970983071671
0,2001-04-09,1167.8945273223135,9.01196796873681,0.015564711764454842,-0.14928683733119286
0,2001-04-10,1179.4343311217965,9.090505017480764,0.009880861267447472,0.07853704874395362
0,2001-04-11,1163.060268185631,8.869376367870622,-0.01388297975063324,-0.2211286496101419
0,2001-04-12,1198.5357623006284,8.829977526334247,0.030501853674650192,-0.03939884153637507
0,2001-04-16,1176.6392005397418,8.906245017907267,-0.018269427120685577,0.07626749157302015
0,2001-04-17,1174.5344868275265,8.971013740090768,-0.0017887502908706665,0.06476872218350138
0,2001-04-18,1172.782121355686,9.252027216834982,-0.0014919659588485956,0.2810134767442136
0,2001-04-19,1149.266563619626,9.32942360788104,-0.02005108818411827,0.077396391046058
0,2001-04-20,1168.731264050535,9.257939242411918,0.01693662814795971,-0.07148436546912151
0,2001-04-23,1163.280177205283,9.587331962413879,-0.004664106294512749,0.3293927200019606
0,2001-04-24,1118.8025395100829,9.622179681745804,-0.03823467344045639,0.034847719331924765
0,2001-04-25,1160.1161937656177,9.437857920092002,0.036926671862602234,-0.18432176165380199
0,2001-04-26,1160.4783561674678,9.344665144425015,0.0003121776971966028,-0.0931927756669868
0,2001-04-27,1169.4151542857892,9.40568092031479,0.0077009606175124645,0.061015775889774915
0,2001-04-30,1158.3512155676601,9.477728171211545,-0.009461087174713612,0.07204725089675534
0,2001-05-01,1153.9952227455638,9.509936717527427,-0.003760511288419366,0.0322085463158821
0,2001-05-02,1143.5284456044403,9.61247641660589,-0.009070035070180893,0.10253969907846283
0,2001-05-03,1125.0845539862826,9.667842873234472,-0.01612893119454384,0.05536645662858142
