path_id,Date,sp500_abs,DGS10_abs,sp500,DGS10
0,2016-05-12,1876.0453850956417,8.189568197877804,-7.80794071033597e-05,-0.039827907250073125
0,2016-05-13,1881.2314858238738,8.15707149674483,0.0027643791399896145,-0.03249670113297398
0,2016-05-16,1901.4641141300046,8.151185921730724,0.010754991322755814,-0.005885575014106692
0,2016-05-17,1875.945600252239,8.201640728943426,-0.013420455157756805,0.050454807212702235
0,2016-05-18,1928.8241633742543,8.191558238896114,0.02818768471479416,-0.010082490047311765
0,2016-05-19,1898.1063282145215,8.228113771995694,-0.015925679355859756,0.03655553309958037
0,2016-05-20,1899.3868548518985,8.2501261934545,0.0006746337749063969,0.022012421458805775
0,2016-05-23,1905.0982807609616,8.23278314920704,0.0030069840140640736,-0.017343044247461137
0,2016-05-24,1873.310541977269,8.276018254934979,-0.016685616225004196,0.04323510572793943
0,2016-05-25,1866.560696235723,8.360722039647667,-0.003603164339438081,0.0847037847126888
0,2016-05-26,1862.8553068843553,8.340363286963344,-0.001985142705962062,-0.020358752684323633
0,2016-05-27,1870.883632472977,8.377110062113687,0.004309688229113817,0.03674677515034297
0,2016-05-31,1848.7652653034165,8.466695305535069,-0.011822417378425598,0.08958524342138219
0,2016-06-01,1855.1302471290053,8.53164002987218,0.003442828543484211,0.06494472433711174
0,2016-06-02,1830.6783990193564,8.575420899518338,-0.01318066380918026,0.04378086964615768
0,2016-06-03,1864.1384628711296,8.578486617429,0.01827741228044033,0.0030657179106619026
0,2016-06-06,1837.1120705271098,8.601383630665719,-0.014498060569167137,0.022897013236718777
0,2016-06-07,1834.3664999607838,8.476744102909262,-0.0014945035800337791,-0.12463952775645737
0,2016-06-08,1818.0634574344565,8.512466936215134,-0.008887560106813908,0.035722833305872115
0,2016-06-09,1811.6752011226854,8.573982481515587,-0.0035137697122991085,0.06151554530045367
0,2016-06-10,1800.9664251526378,8.601466751597595,-0.005910980049520731,0.02748427008200771
0,2016-06-13,1841.337819887901,8.564480627367816,0.02241651713848114,-0.036986124229779094
0,2016-06-14,1834.482742651693,8.489977813457616,-0.0037228786386549473,-0.07450281391020042
0,2016-06-15,1852.2552237791947,8.51378072658672,0.009688006713986397,0.023802913129104653
0,2016-06-16,1858.1362785163167,8.504869479302023,0.003175077959895134,-0.008911247284697055
0,2016-06-17,1848.3546960526942,8.416010148609828,-0.005264190025627613,-0.08885933069219476
0,2016-06-20,1863.1341253556413,8.394373885075545,0.007995991967618465,-0.021636263534283273
0,2016-06-21,1870.342053611874,8.283682410325362,0.0038687114138156176,-0.11069147475018326
0,2016-06-22,1869.3827813994217,8.342333923682125,-0.0005128859775140882,0.05865151335676266
0,2016-06-23,1846.9133204458378,8.42461773974209,-0.012019721791148186,0.08228381605996482
0,2016-06-24,1847.4203514647506,8.406909828748125,0.0002745288657024503,-0.017707910993964404
0,2016-06-27,1868.4871154188947,8.204258263293516,0.011403340846300125,-0.20265156545460883
0,2016-06-28,1889.2855095828231,8.232414271520438,0.01113114133477211,0.028156008226922324
0,2016-06-29,1881.94390573172,8.258589604534539,-0.0038859155029058456,0.026175333014100133
0,2016-06-30,1884.8386942352324,8.161139101980593,0.0015381906414404511,-0.09745050255394538
0,2016-07-01,1917.6621316721914,8.1428280789186,0.017414454370737076,-0.018311023061993836
0,2016-07-05,1916.524038081981,8.118009481350773,-0.000593479722738266,-0.024818597567826117
0,2016-07-06,1910.7875438954552,8.101327245696423,-0.0029931762255728245,-0.016682235654350563
0,2016-07-07,1931.6047873139257,8.17662511259879,0.010894588194787502,0.07529786690236762
0,2016-07-08,1908.8362221017858,8.058609582700111,-0.011787382885813713,-0.11801552989867936
0,2016-07-11,1958.9442877896868,7.843680996393149,0.026250584051012993,-0.21492858630696166
0,2016-07-12,1970.1430778538863,7.832784688559708,0.0057167476043105125,-0.010896307833441199
0,2016-07-13,2003.5004018133093,7.758805000897624,0.01693142205476761,-0.07397968766208418
0,2016-07-14,2004.2925749945011,7.718589055724413,0.00039539457065984607,-0.0402159451732107
0,2016-07-15,1990.4156939213797,7.699823883970839,-0.006923580542206764,-0.018765171753574172
0,2016-07-18,1962.1473160059754,7.664184345995226,-0.014202248305082321,-0.035639537975613145
0,2016-07-19,1993.8281292277015,7.585111208457019,0.016145991161465645,-0.07907313753820677
0,2016-07-20,2004.7677054541705,7.584403213578785,0.005486719775944948,-0.0007079948782342527
0,2016-07-21,2019.523783781913,7.5503723886061875,0.007360492832958698,-0.03403082497259735
0,2016-07-22,2038.0824430567511,7.528606554471988,0.009189621545374393,-0.021765834134199302
0,2016-07-25,2011.0045345237527,7.53350718278195,-0.013285973109304905,0.004900628309961519
0,2016-07-26,2032.3547404766791,7.5330802213002634,0.010616687126457691,-0.00042696148168630543
0,2016-07-27,2017.0172492543807,7.489759309450523,-0.007546660490334034,-0.043320911849740185
0,2016-07-28,2002.190439386098,7.564751140503004,-0.007350859232246876,0.07499183105248086
0,2016-07-29,1996.3094312523451,7.62140938231518,-0.0029372870922088623,0.05665824181217616
0,2016-08-01,1991.788646521205,7.586681393843421,-0.0022645711433142424,-0.03472798847175884
0,2016-08-02,1986.0073160747945,7.630026672514099,-0.002902582287788391,0.04334527867067717
0,2016-08-03,1953.1450601016224,7.6004292962943785,-0.01654689572751522,-0.02959737621972014
0,2016-08-04,1996.9137961952138,7.61754801885139,0.022409362718462944,0.017118722557011523
0,2016-08-05,1987.4022099514914,7.667284806503444,-0.004763143137097359,0.049736787652054026
0,2016-08-08,2012.85059899967,7.603375806085568,0.012804850935935974,-0.06390900041787617
0,2016-08-09,2043.489920168374,7.570740831725143,0.015221855603158474,-0.03263497436042506
0,2016-08-10,2035.2973615827586,7.603958639037014,-0.004009101539850235,0.033217807311871184
0,2016-08-11,2037.05846685789,7.673293371197738,0.0008652815595269203,0.06933473216072361
0,2016-08-12,2019.199312657203,7.715304979845914,-0.00876712892204523,0.04201160864817677
0,2016-08-15,2049.9107641343803,7.67068325727954,0.01520971767604351,-0.04462172256637409
0,2016-08-16,2069.155600837253,7.638565459005313,0.009388133883476257,-0.03211779827422756
0,2016-08-17,2099.6046786155844,7.596489666320209,0.014715702272951603,-0.04207579268510386
0,2016-08-18,2102.3964198023073,7.589118995892793,0.0013296508695930243,-0.007370670427415682
0,2016-08-19,2106.2845312791237,7.60013632435602,0.0018493712414056063,0.011017328463227116
0,2016-08-22,2144.1832528434306,7.608698067534914,0.01799316331744194,0.0085617431788938
0,2016-08-23,2125.374388047201,7.5314800150107235,-0.008772041648626328,-0.07721805252419056
0,2016-08-24,2145.7745844960673,7.55983110312337,0.009598401375114918,0.02835108811264675
0,2016-08-25,2123.758965465152,7.540229303322237,-0.010259986855089664,-0.019601799801133524
0,2016-08-26,2150.2521875464686,7.5012639897063895,0.012474684044718742,-0.03896531361584721
0,2016-08-29,2161.9218957834787,7.505338016244769,0.0054271346889436245,0.004074026538379627
0,2016-08-30,2175.204943712218,7.490492601074942,0.006144092418253422,-0.014845415169826737
0,2016-08-31,2173.692171607981,7.47717748040736,-0.0006954618729650974,-0.013315120667582114
0,2016-09-01,2160.4800430465507,7.399701670741655,-0.006078196689486504,-0.07747580966570489
0,2016-09-02,2158.432688157299,7.436463324117049,-0.0009476388804614544,0.036761653375393166
0,2016-09-06,2149.0662642782804,7.467357601142764,-0.004339456092566252,0.030894277025715233
0,2016-09-07,2174.1164837714095,7.359672852114771,0.011656327173113823,-0.10768474902799241
0,2016-09-08,2192.0605700762976,7.348427100200108,0.008253507316112518,-0.011245751914663593
0,2016-09-09,2181.2045195011065,7.370125938651214,-0.004952440969645977,0.02169883845110654
0,2016-09-12,2233.1684121700278,7.426357734408171,0.023823484778404236,0.05623179575695669
0,2016-09-13,2214.6339028827833,7.5303860726079135,-0.008299646899104118,0.10402833819974244
0,2016-09-14,2227.720648095359,7.478227689838104,0.005909213796257973,-0.05215838276980911
0,2016-09-15,2230.3574439757926,7.520885984742745,0.0011836295016109943,0.04265829490464057
0,2016-09-16,2223.208417295087,7.515148253948352,-0.003205327782779932,-0.005737730794392881
0,2016-09-19,2231.351934894915,7.541885722692578,0.0036629573442041874,0.026737468744226334
0,2016-09-20,2217.7487399858364,7.466891845866527,-0.006096391472965479,-0.07499387682605096
0,2016-09-21,2235.959250906096,7.380071175542476,0.008211259730160236,-0.08682067032405172
0,2016-09-22,2250.046054505045,7.323112017116634,0.006300116423517466,-0.056959158425841316
0,2016-09-23,2257.7490098805597,7.3068541001124085,0.003423465648666024,-0.016257917004225853
0,2016-09-26,2241.2148365558687,7.323455970725075,-0.007323300000280142,0.016601870612666048
0,2016-09-27,2245.988166862682,7.288828715117159,0.0021297959610819817,-0.034627255607915686
0,2016-09-28,2235.6458559286143,7.305117661257325,-0.004604793153703213,0.016288946140166516
0,2016-09-29,2203.961556473,7.362569822772951,-0.014172324910759926,0.05745216151562538
0,2016-09-30,2180.904837469527,7.487896018444463,-0.010461488738656044,0.12532619567151215
0,2016-10-03,2161.4170333907527,7.451821958193988,-0.008935650810599327,-0.03607406025047499
0,2016-10-04,2138.63149441158,7.443006597125739,-0.0105419447645545,-0.008815361068249317
0,2016-10-05,2117.1356552863754,7.450582901508234,-0.010051212273538113,0.007576304382495458
0,2016-10-06,2119.335076770876,7.45548044743982,0.0010388665832579136,0.004897545931585867
0,2016-10-07,2131.2121973064072,7.501153761585805,0.005604173056781292,0.045673314145984634
0,2016-10-12,2146.552731876186,7.418622061328677,0.007198032457381487,-0.0825317002571273
0,2016-10-13,2169.575539354316,7.452819965266309,0.010725479573011398,0.03419790393763211
0,2016-10-14,2139.483920835328,7.465596227865378,-0.013869818300008774,0.012776262599068389
0,2016-10-17,2162.676366149113,7.361724158014558,0.01084020547568798,-0.1038720698508202
0,2016-10-18,2184.342284390016,7.36821579623878,0.010018104687333107,0.006491638224222385
0,2016-10-19,2205.8935875198863,7.3581805081977265,0.009866266511380672,-0.01003528804105347
0,2016-10-20,2222.621800502515,7.421150791088158,0.007583417929708958,0.06297028289043105
0,2016-10-21,2205.8705999085405,7.431695772142255,-0.007536685094237328,0.010544981054097846
0,2016-10-24,2224.978595387906,7.467799344723051,0.008662337437272072,0.036103572580795884
0,2016-10-25,2243.15829778521,7.50235798096331,0.008170731365680695,0.034558636240258345
0,2016-10-26,2258.619919151889,7.585870987314106,0.0068927910178899765,0.08351300635079628
0,2016-10-27,2276.9827409362674,7.6001649279977945,0.008130107074975967,0.01429394068368861
0,2016-10-28,2242.7350183994117,7.673693059344103,-0.015040835365653038,0.07352813134630853
0,2016-10-31,2223.1872872140234,7.6928484461153674,-0.008716023527085781,0.019155386771264382
0,2016-11-01,2244.876474146135,7.673221582950735,0.009755897335708141,-0.019626863164632802
0,2016-11-02,2232.7081547884454,7.586119327645796,-0.00542048504576087,-0.08710225530493876
0,2016-11-03,2220.3528786277743,7.584162949602167,-0.005533762276172638,-0.0019563780436291367
0,2016-11-04,2247.8049950786008,7.641948632240454,0.012363852933049202,0.057785682638287206
0,2016-11-07,2194.3072307762545,7.655923622830849,-0.02380000241100788,0.013974990590394754
0,2016-11-08,2252.206720481821,7.630506395585421,0.02638622745871544,-0.02541722724542783
0,2016-11-09,2224.67166385407,7.729247871898334,-0.012225812301039696,0.09874147631291308
0,2016-11-10,2252.6516744620008,7.606328355394171,0.012577141635119915,-0.12291951650416255
0,2016-11-15,2260.9705659261713,7.581140850294728,0.003692932892590761,-0.02518750509944301
0,2016-11-16,2236.4578344709853,7.622216292456728,-0.010841685347259045,0.041075442161999653
0,2016-11-17,2235.0607786597575,7.711659750181882,-0.0006246734410524368,0.08944345772515394
0,2016-11-18,2249.481998102777,7.70184771200002,0.006452271714806557,-0.00981203818186227
0,2016-11-21,2234.195568948563,7.740357396468054,-0.006795533001422882,0.0385096844680346
0,2016-11-22,2225.7089761819907,7.692599050748636,-0.0037985004018992186,-0.047758345719418394
0,2016-11-23,2244.6457819255506,7.678888864338725,0.008508212864398956,-0.013710186409911174
0,2016-11-25,2254.5141017616197,7.620346734837063,0.004396381787955761,-0.05854212950166193
0,2016-11-28,2249.683407110936,7.648937684475374,-0.002142676617950201,0.028590949638311436
0,2016-11-29,2238.735805930663,7.674571440770083,-0.004866285249590874,0.025633756294708654
0,2016-11-30,2244.51820274776,7.660474796014811,0.0025828848592936993,-0.014096644755271726
0,2016-12-01,2223.5569752195856,7.687007379142758,-0.009338853880763054,0.026532583127946374
0,2016-12-02,2233.455625268911,7.723764884158287,0.004451718647032976,0.036757505015529546
0,2016-12-05,2240.863363926489,7.721643715296941,0.00331671629101038,-0.0021211688613460566
0,2016-12-06,2260.997912998714,7.6884610857152245,0.00898517481982708,-0.03318262958171658
0,2016-12-07,2243.090515245364,7.711359187314771,-0.007920130155980587,0.022898101599546195
0,2016-12-08,2258.6165372526107,7.64548602898679,0.006921709980815649,-0.0658731583279808
0,2016-12-09,2290.084011770275,7.559202293498054,0.013932189904153347,-0.08628373548873558
0,2016-12-12,2274.645573578511,7.584111213461966,-0.0067414287477731705,0.02490891996391209
0,2016-12-13,2305.671450080319,7.526992803994192,0.013639872893691063,-0.057118409467774356
0,2016-12-14,2318.144452422109,7.529871951347883,0.005409704986959696,0.0028791473536911028
0,2016-12-15,2314.5239727554936,7.515319766966305,-0.00156180071644485,-0.014552184381577682
0,2016-12-16,2298.783228564714,7.5685169440600895,-0.006800855975598097,0.05319717709378402
0,2016-12-19,2295.38246143925,7.670164495285194,-0.0014793770387768745,0.1016475512251045
0,2016-12-20,2311.0077164591553,7.780991179385014,0.006807255558669567,0.11082668409981977
0,2016-12-21,2304.41118714435,7.920848954095894,-0.002854395192116499,0.13985777471088046
0,2016-12-22,2318.2340284667057,7.860693670189833,0.005998426582664251,-0.060155283906061285
0,2016-12-23,2353.717770547531,7.849533810712643,0.015306367538869381,-0.011159859477190004
0,2016-12-27,2355.363605571331,7.869041562391874,0.0006992490962147713,0.0195077516792308
0,2016-12-28,2352.6247654482663,7.864849726685054,-0.0011628099018707871,-0.004191835706819802
0,2016-12-29,2358.4130179708472,8.043308620103499,0.0024603381752967834,0.178458893418445
0,2016-12-30,2347.017993214781,8.036728628167191,-0.004831649363040924,-0.00657999193630765
0,2017-01-03,2330.024249162518,8.044233256529983,-0.007240568287670612,0.007504628362791976
0,2017-01-04,2310.154627564157,8.045002924765052,-0.008527645841240883,0.0007696682350690764
0,2017-01-05,2332.6046305311797,8.014098361953163,0.009717965498566628,-0.030904562811889136
0,2017-01-06,2299.2068089634627,7.965375772426787,-0.014317823573946953,-0.04872258952637587
0,2017-01-09,2299.2974663879,7.945044511107334,3.942986950278282e-05,-0.02033126131945373
0,2017-01-10,2292.523499778713,8.08314291895956,-0.0029461027588695288,0.13809840785222605
0,2017-01-11,2258.511005594597,8.096121817676215,-0.014836268499493599,0.012978898716655252
0,2017-01-12,2283.30823177733,8.019507232121692,0.010979457758367062,-0.07661458555452327
0,2017-01-13,2332.359650232055,8.078928130576047,0.02148260921239853,0.05942089845435561
0,2017-01-17,2304.116124852438,8.107291828965252,-0.012109421193599701,0.028363698389204828
0,2017-01-18,2291.955529648517,8.235963674356526,-0.005277770105749369,0.12867184539127408
0,2017-01-19,2260.7856640481223,8.349818632733989,-0.013599681667983532,0.11385495837746262
0,2017-01-20,2294.6317833759967,8.283419143559604,0.01497095450758934,-0.0663994891743851
0,2017-01-23,2284.193605025547,8.270400776030964,-0.004548955708742142,-0.013018367528639274
0,2017-01-24,2275.6325736639296,8.347837140013631,-0.0037479447200894356,0.07743636398266673
0,2017-01-25,2289.972543104754,8.283667117811099,0.0063015311025083065,-0.0641700222025321
0,2017-01-26,2297.8586117236064,8.26577007630273,0.003443739376962185,-0.017897041508369682
0,2017-01-27,2306.5610377056637,8.298243688708196,0.0037871894892305136,0.03247361240546631
0,2017-01-30,2275.100349590081,8.358055042597726,-0.013639651238918304,0.05981135388953085
0,2017-01-31,2300.3086131523455,8.299191820304221,0.011080066673457623,-0.058863222293505046
0,2017-02-01,2257.687502230499,8.336348610155419,-0.01852843165397644,0.0371567898511973
0,2017-02-02,2264.501377999278,8.395447701732998,0.003018077462911606,0.05909909157757909
0,2017-02-03,2234.439410875643,8.507499279196622,-0.01327531412243843,0.1120515774636246
0,2017-02-06,2255.713579455021,8.462435970919422,0.009521031752228737,-0.045063308277200065
0,2017-02-07,2246.4155749251877,8.574900675225676,-0.004121979232877493,0.11246470430625344
0,2017-02-08,2192.160737058008,8.604133025010967,-0.024151736870408058,0.02923234978529088
0,2017-02-09,2168.5598089573205,8.564408730695428,-0.010766057297587395,-0.0397242943155387
0,2017-02-10,2189.0936203905294,8.597838427544858,0.009468870237469673,0.033429696849429646
0,2017-02-13,2159.9173541759014,8.621226564573249,-0.013328012079000473,0.023388137028391043
0,2017-02-14,2165.9498627076564,8.732510809904731,0.002792934887111187,0.11128424533148262
0,2017-02-15,2146.7158716838358,8.838990801361396,-0.008880164474248886,0.10647999145666454
0,2017-02-16,2120.3733291357116,8.770845799217742,-0.012271089479327202,-0.0681450021436536
0,2017-02-17,2152.397754530378,8.888005510506943,0.015103201381862164,0.11715971128920089
0,2017-02-21,2116.7381566455756,8.981312851134064,-0.016567382961511612,0.09330734062712054
0,2017-02-22,2094.424682483483,9.17265510029101,-0.010541442781686783,0.1913422491569463
0,2017-02-23,2073.453395167105,9.218567948754702,-0.010012910701334476,0.0459128484636917
0,2017-02-24,2081.324611983944,8.891919383703877,0.0037961869966238737,-0.3266485650508244
0,2017-02-27,2146.509725695946,8.818875702936033,0.03131905198097229,-0.07304368076784407
0,2017-02-28,2146.2926172032116,8.925147862649093,-0.00010114489123225212,0.10627215971305937
0,2017-03-01,2120.83159815169,8.997209310478109,-0.01186279021203518,0.07206144782901625
0,2017-03-02,2133.9575164646635,8.999120144507078,0.006189043167978525,0.0019108340289690773
0,2017-03-03,2125.8262824508006,9.037606214396243,-0.003810401074588299,0.038486069889165364
0,2017-03-06,2133.24594386904,9.074928358760324,0.00349024822935462,0.03732214436408121
0,2017-03-07,2128.3732948892753,9.054761683413684,-0.0022841477766633034,-0.020166675346640517
0,2017-03-08,2148.780695815471,8.967228068957938,0.009588262066245079,-0.08753361445574548
0,2017-03-09,2156.0372725330512,9.10310401321447,0.003377067157998681,0.13587594425653116
0,2017-03-10,2105.16370635633,9.145512631725127,-0.023595865815877914,0.0424086185106578
0,2017-03-13,2091.461914410157,9.152385134223957,-0.006508658640086651,0.006872502498829647
0,2017-03-14,2080.529271324057,9.329709045992603,-0.00522727333009243,0.17732391176864581
0,2017-03-15,2027.9775249041663,9.437315870422735,-0.025258835405111313,0.10760682443013181
0,2017-03-16,2028.0527103235165,9.447015891072638,3.707408905029297e-05,0.009700020649903607
0,2017-03-17,2032.1171166143642,9.418049406553884,0.002004093024879694,-0.0289664845187545
0,2017-03-20,2050.823715164323,9.247633001462164,0.009205472655594349,-0.17041640509171962
0,2017-03-21,2113.8204761739353,9.297917734759608,0.03071778453886509,0.05028473329744365
0,2017-03-22,2079.9459335714428,9.337835351023934,-0.016025269404053688,0.03991761626432577
0,2017-03-23,2112.67510785737,9.167883472060206,0.01573558896780014,-0.16995187896372776
0,2017-03-24,2119.510720464119,8.838305156376496,0.0032355247531086206,-0.32957831568371
0,2017-03-27,2180.3594023253722,8.728789361025955,0.02870883420109749,-0.10951579535054101
0,2017-03-28,2143.903487098846,8.730302759944939,-0.016720140352845192,0.0015133989189841657
0,2017-03-29,2135.8667803071958,8.760484057917495,-0.0037486327346414328,0.030181297972555754
0,2017-03-30,2101.3509859074456,8.84203437359665,-0.016160087659955025,0.08155031567915572
0,2017-03-31,2127.1556296396698,8.958981429695068,0.012280025519430637,0.11694705609841805
0,2017-04-03,2115.531563241041,9.023492813326763,-0.005464605521410704,0.06451138363169484
0,2017-04-04,2125.684188329942,8.993529451553659,0.004799089394509792,-0.029963361773104324
0,2017-04-05,2137.4586144421737,9.036735536691365,0.005539122968912125,0.043206085137706296
0,2017-04-06,2148.816199494408,8.86642807986986,0.005313592962920666,-0.17030745682150616
0,2017-04-07,2196.8894593015843,8.949652235385248,0.02237197384238243,0.08322415551538853
0,2017-04-10,2180.6967538113076,8.989274576259447,-0.007370742037892342,0.03962234087419958
0,2017-04-11,2160.3685287430276,9.057734978815931,-0.009321894496679306,0.06846040255648411
0,2017-04-12,2129.7822016183964,9.11388259947172,-0.014157921075820923,0.056147620655789154
0,2017-04-13,2128.797659529766,9.11662730662989,-0.00046227360144257545,0.002744707158170101
0,2017-04-17,2130.0759475760105,8.960853084917677,0.0006004741881042719,-0.155774221712214
0,2017-04-18,2149.9825044664176,8.91947213932875,0.009345468133687973,-0.041380945588926465
0,2017-04-19,2170.684567817971,8.917808849784729,0.009628945030272007,-0.0016632895440213957
0,2017-04-20,2195.093914143803,8.911313142020656,0.01124499924480915,-0.006495707764072378
0,2017-04-21,2188.4022591740795,8.927775515489497,-0.0030484595336019993,0.016462373468840497
0,2017-04-24,2182.225106145751,8.947928902520715,-0.0028226771391928196,0.020153387031218273
0,2017-04-25,2169.9850439182333,9.009972156226556,-0.005608982406556606,0.062043253705841295
0,2017-04-26,2151.2745113268006,9.046081299170751,-0.008622424677014351,0.03610914294419487
0,2017-04-27,2179.360829566512,8.856442870579853,0.013055664487183094,-0.1896384285908983
0,2017-04-28,2201.885792800355,8.861395546014432,0.010335582308471203,0.004952675434578779
0,2017-05-01,2193.791715881264,8.795273017289064,-0.0036759749054908752,-0.0661225287253675
0,2017-05-02,2192.5048728106126,8.767037642671008,-0.0005865839775651693,-0.02823537461805614
0,2017-05-03,2203.933784808483,8.783620539041292,0.005212719086557627,0.016582896370284317
0,2017-05-04,2233.3887348795315,8.676683642731392,0.013364716432988644,-0.10693689630990022
0,2017-05-05,2204.6926358357746,8.77961571254496,-0.012848680838942528,0.1029320698135674
0,2017-05-08,2182.3510499141094,8.782674624484326,-0.010133651085197926,0.003058911939366027
0,2017-05-09,2184.1547902563575,8.753277663628495,0.0008265124633908272,-0.029396960855830656
0,2017-05-10,2176.221413324013,8.5658610815542,-0.0036322411615401506,-0.18741658207429523
0,2017-05-11,2229.1919761429,8.561034455274486,0.024340612813830376,-0.004826626279713864
0,2017-05-12,2215.3060773651314,8.44205122530969,-0.006229117512702942,-0.11898322996479571
0,2017-05-15,2252.8307534470823,8.410631743224226,0.016938822343945503,-0.03141948208546452
0,2017-05-16,2240.4210810592513,8.436144435495656,-0.0055084796622395515,0.02551269227143038
0,2017-05-17,2235.3382045265816,8.491805012933414,-0.0022687148302793503,0.05566057743775765
0,2017-05-18,2245.7818746993025,8.42664295895359,0.004672076087445021,-0.06516205397982411
0,2017-05-19,2250.340421511939,8.371835071281682,0.0020298261661082506,-0.05480788767190781
0,2017-05-22,2264.6498725396923,8.290940282691253,0.0063587939366698265,-0.0808947885904292
0,2017-05-23,2276.7311044150565,8.1870290184867,0.005334701854735613,-0.10391126420455343
0,2017-05-24,2291.4315989035244,8.21708544170029,0.0064568426460027695,0.030056423213590477
0,2017-05-25,2284.2748833521546,8.242095766941144,-0.003123250789940357,0.02501032524085467
0,2017-05-26,2287.880999836918,8.319817202940218,0.0015786701114848256,0.07772143599907366
0,2017-05-30,2294.887669840446,8.258493869692668,0.003062515053898096,-0.06132333324755024
0,2017-05-31,2343.6357253910855,8.30477802476611,0.02124202251434326,0.04628415507344208
0,2017-06-01,2338.4017128982764,8.338387799846446,-0.002233287552371621,0.033609775080336135
0,2017-06-02,2313.497047395992,8.375944846075976,-0.01065029390156269,0.037557046229530044
0,2017-06-05,2352.1552601267967,8.357143659058796,0.016709860414266586,-0.018801187017180254
0,2017-06-06,2329.845760158452,8.34205768972286,-0.00948470551520586,-0.01508596933593509
0,2017-06-07,2323.1183446663945,8.408362006112926,-0.0028874939307570457,0.06630431639006495
0,2017-06-08,2308.0511128674675,8.482194466836313,-0.006485778838396072,0.07383246072338778
0,2017-06-09,2355.297871099042,8.408574841325214,0.02047041244804859,-0.07361962551109968
0,2017-06-12,2374.293504586488,8.397139347179735,0.008065066300332546,-0.011435494145478842
0,2017-06-13,2364.9805313656607,8.386786353764057,-0.003922418691217899,-0.010352993415677858
0,2017-06-14,2341.5188560197357,8.449996944954215,-0.009920451790094376,0.06321059119015793
0,2017-06-15,2321.2954981429257,8.542532058288772,-0.008636854588985443,0.09253511333455755
0,2017-06-16,2325.8540097211207,8.5201577533748,0.0019637790974229574,-0.02237430491397241
0,2017-06-19,2365.938049367375,8.474631277173046,0.017234116792678833,-0.04552647620175421
0,2017-06-20,2373.709677948893,8.540827447641119,0.003284798003733158,0.06619617046807313
0,2017-06-21,2391.2805302852457,8.428204335610635,0.00740227522328496,-0.1126231120304837
0,2017-06-22,2379.051607813472,8.454728520718216,-0.005113963969051838,0.026524185107581033
0,2017-06-23,2340.252416017695,8.538087640230168,-0.016308680176734924,0.08335911951195207
0,2017-06-26,2295.146233841648,8.621499477957265,-0.019274067133665085,0.08341183772709648
0,2017-06-27,2293.59689707217,8.688256004423794,-0.0006750492611899972,0.06675652646652885
0,2017-06-28,2251.962333387277,8.852839440352609,-0.018152520060539246,0.1645834359288152
0,2017-06-29,2209.985536533125,8.987029021231088,-0.018640097230672836,0.13418958087847876
0,2017-06-30,2218.249070347399,9.045734198305897,0.0037391800433397293,0.05870517707480971
0,2017-07-03,2204.8023439092713,8.982004299971157,-0.006061865016818047,-0.0637298983347403
0,2017-07-05,2239.1628982435404,8.890011272236748,0.015584414824843407,-0.09199302773440898
0,2017-07-06,2247.0341251167233,8.930093175130638,0.0035152542404830456,0.04008190289389013
0,2017-07-07,2257.696954015114,9.059633834660275,0.004745290149003267,0.12954065952963667
0,2017-07-10,2235.414405622645,9.058149156456235,-0.009869592264294624,-0.0014846782040400797
0,2017-07-11,2270.381000064694,8.97755315472256,0.015642108395695686,-0.08059600173367443
0,2017-07-12,2279.3558152481583,8.993831118368197,0.003952999599277973,0.016277963645636717
0,2017-07-13,2278.3299643797113,9.003426322343145,-0.0004500617505982518,0.009595203974948063
0,2017-07-14,2304.7655449660538,8.901864786023287,0.011603051796555519,-0.10156153631985809
0,2017-07-17,2316.667114308558,8.960976014017607,0.005163895897567272,0.059111227994320004
0,2017-07-18,2302.044208768065,8.986241012950707,-0.006312044337391853,0.025264998933099747
0,2017-07-19,2275.4750824797466,8.803782136181235,-0.011541536077857018,-0.1824588767694717
0,2017-07-20,2318.351873891453,8.782181721285383,0.01884300634264946,-0.021600414895852182
0,2017-07-21,2277.792055694428,8.594914139598771,-0.017495108768343925,-0.18726758168661206
0,2017-07-24,2324.646914315479,8.524994143877564,0.0205702967941761,-0.06991999572120733
0,2017-07-25,2308.83426198755,8.524262314515164,-0.006802173797041178,-0.0007318293623992389
0,2017-07-26,2297.676915812082,8.491318725291878,-0.004832458682358265,-0.03294358922328655
0,2017-07-27,2326.0892002312685,8.570802137995933,0.012365656904876232,0.07948341270405557
0,2017-07-28,2294.4448244666846,8.572163751761652,-0.013604111038148403,0.0013616137657184169
0,2017-07-31,2318.4069898978087,8.633997774523401,0.010443557053804398,0.0618340227617491
0,2017-08-01,2261.300201837196,8.630561636841268,-0.024631908163428307,-0.0034361376821330225
0,2017-08-02,2322.787017795333,8.745075035670842,0.027190912514925003,0.11451339882957434
0,2017-08-03,2274.556960703669,8.783278758778925,-0.020763874053955078,0.038203723108082954
0,2017-08-04,2261.0044963716027,8.862406276157628,-0.005958287511020899,0.07912751737870316
0,2017-08-07,2191.4427204303356,8.931025041030264,-0.030765872448682785,0.0686187648726353
0,2017-08-08,2152.3072413744917,8.961915798728727,-0.017858317121863365,0.03089075769846339
0,2017-08-09,2175.4799463439167,8.944261068783796,0.010766448453068733,-0.017654729944931447
0,2017-08-10,2196.40276049037,8.881056581388455,0.009617562405765057,-0.06320448739534079
0,2017-08-11,2210.573731717975,8.705719655583902,0.006451900117099285,-0.17533692580455273
0,2017-08-14,2293.811278967257,8.614535669638258,0.037654273211956024,-0.09118398594564425
0,2017-08-15,2269.2127380302904,8.403522789784168,-0.010723873041570187,-0.21101287985409023
0,2017-08-16,2339.708659926788,8.313430557759089,0.031066246330738068,-0.09009223202507854
0,2017-08-17,2324.801780441647,8.37028440742104,-0.006371254567056894,0.05685384966195173
0,2017-08-18,2289.976584335744,8.413478259713376,-0.014979856088757515,0.04319385229233497
0,2017-08-21,2314.011444519843,8.416614472419889,0.010495679453015327,0.0031362127065133194
0,2017-08-22,2310.5437256898144,7.942240947672955,-0.001498574623838067,-0.47437352474693384
0,2017-08-23,2399.138085657462,7.91549134687749,0.038343511521816254,-0.02674960079546551
0,2017-08-24,2391.639941138767,7.917209392388631,-0.0031253492925316095,0.0017180455111409643
0,2017-08-25,2418.971634539181,7.765113548765838,0.011428013443946838,-0.15209584362279305
0,2017-08-28,2402.367196816688,7.796528055358068,-0.006864254828542471,0.03141450659223022
0,2017-08-29,2378.7414857157873,7.870368547053747,-0.009834346361458302,0.07384049169567941
0,2017-08-30,2326.563354596985,8.019549946614495,-0.02193518355488777,0.1491813995607476
0,2017-08-31,2337.0332110089553,8.099662192490493,0.004500138107687235,0.08011224587599841
0,2017-09-01,2320.749363293647,8.020948027411439,-0.006967743393033743,-0.07871416507905415
0,2017-09-05,2349.245257143204,8.239165263522711,0.01227874681353569,0.21821723611127197
0,2017-09-06,2309.6899275582455,8.393721086318596,-0.016837462782859802,0.15455582279588498
0,2017-09-07,2307.9154569819916,8.294485372953915,-0.0007682722061872482,-0.09923571336468129
0,2017-09-08,2353.6181280610977,8.26125254058713,0.019802575930953026,-0.0332328323667852
0,2017-09-11,2375.111208053992,8.276232021872316,0.009131931699812412,0.014979481285186225
0,2017-09-12,2355.8340105949433,8.279420634043984,-0.008116334676742554,0.0031886121716677707
0,2017-09-13,2353.0101877169163,8.310345623573975,-0.001198651036247611,0.03092498952999101
0,2017-09-14,2361.1459037383197,8.361508591453257,0.0034575778990983963,0.051162967879282206
0,2017-09-15,2360.1214279893306,8.435823947967071,-0.0004338892176747322,0.07431535651381438
0,2017-09-18,2304.5556731538645,8.574528068184055,-0.023543599992990494,0.13870412021698364
0,2017-09-19,2290.615740605618,8.690994678934542,-0.006048859097063541,0.11646661075048748
0,2017-09-20,2237.1580388434604,8.679012860335922,-0.023337699472904205,-0.011981818598620464
0,2017-09-21,2276.171096841426,8.709824840684089,0.017438668757677078,0.030811980348167012
0,2017-09-22,2286.3244023267303,8.97677159386906,0.0044606951996684074,0.2669467531849712
0,2017-09-25,2212.844180799578,8.978965901933623,-0.032139018177986145,0.002194308064563444
0,2017-09-26,2263.425722169193,8.945107211193468,0.022858157753944397,-0.03385869074015524
0,2017-09-27,2227.810616406003,9.129544666363161,-0.015735045075416565,0.184437455169693
0,2017-09-28,2179.4836365007513,9.184270067191509,-0.021692588925361633,0.05472540082834776
0,2017-09-29,2158.98620560487,9.01013691257623,-0.00940471887588501,-0.17413315461527823
0,2017-10-02,2212.3761986061777,8.87704411877419,0.02472919598221779,-0.13309279380204053
0,2017-10-03,2187.7551084500883,8.888121042824222,-0.011128799058496952,0.011076924050032133
0,2017-10-04,2170.223751118883,8.818545168900723,-0.008013400249183178,-0.06957587392349929
0,2017-10-05,2210.7341645388183,8.732837038690985,0.018666468560695648,-0.08570813020973844
0,2017-10-06,2216.988258151847,8.740277522397818,0.0028289668262004852,0.007440483706833589
0,2017-10-11,2192.2061689840148,8.834070899169756,-0.011178268119692802,0.09379337677193789
0,2017-10-12,2213.0397831113014,8.90424931884124,0.009503492154181004,0.07017841967148364
0,2017-10-13,2207.496144772452,8.847584004280698,-0.002504988107830286,-0.0566653145605418
0,2017-10-16,2194.6914286212755,8.755194391100602,-0.005800561048090458,-0.09238961318009586
0,2017-10-17,2168.6853993100754,8.975771972369964,-0.01184951514005661,0.220577581269362
0,2017-10-18,2132.989492889462,9.086650386709934,-0.016459697857499123,0.11087841433996992
0,2017-10-19,2121.2780905669106,9.146983693755075,-0.005490604788064957,0.06033330704514128
0,2017-10-20,2113.897293950628,9.220180495238077,-0.003479410195723176,0.073196801483002
0,2017-10-23,2103.19748335703,9.138553578902634,-0.005061651114374399,-0.08162691633544306
0,2017-10-24,2129.9768061673694,8.98502691546805,0.012732671573758125,-0.15352666343458488
0,2017-10-25,2157.696268585876,8.960778275626303,0.013013973832130432,-0.024248639841745856
0,2017-10-26,2141.494651498966,8.988664754766209,-0.007508757058531046,0.027886479139905163
0,2017-10-27,2177.298161854424,8.874831296494404,0.01671893522143364,-0.11383345827180413
0,2017-10-30,2181.7275327974435,8.803598715799904,0.002034342847764492,-0.07123258069450067
0,2017-10-31,2215.8334716320846,8.733554006435732,0.015632538124918938,-0.07004470936417206
0,2017-11-01,2230.706352006067,8.717855596285897,0.0067120930179953575,-0.01569841014983453
0,2017-11-02,2231.336105459996,8.731181297123243,0.00028231122996658087,0.013325700837345522
0,2017-11-03,2237.2952765284376,8.784306651537916,0.0026706738863140345,0.053125354414673254
0,2017-11-06,2238.8509464558433,8.786840143558564,0.0006953350966796279,0.0025334920206478984
0,2017-11-07,2225.9919541795525,8.83168522698606,-0.005743567831814289,0.04484508342749649
0,2017-11-08,2222.6336170450068,8.822909825411172,-0.0015086923958733678,-0.008775401574888875
0,2017-11-09,2226.2412008798,8.649124475744886,0.0016231122426688671,-0.17378534966628578
0,2017-11-10,2257.109558233175,8.660245220723642,0.013865684159100056,0.011120744978756036
0,2017-11-13,2263.399626553811,8.633810137896972,0.0027867802418768406,-0.026435082826669287
0,2017-11-14,2246.803654414282,8.523680886169814,-0.007332320790737867,-0.11012925172715882
0,2017-11-15,2249.064753082087,8.625882514562964,0.001006362377665937,0.10220162839314995
0,2017-11-16,2238.2321086010593,8.54241679371195,-0.0048165107145905495,-0.083465720851013
0,2017-11-17,2273.9368466739043,8.436827040218681,0.015952205285429955,-0.10558975349326971
0,2017-11-20,2277.0169943548412,8.416504324598783,0.0013545440742745996,-0.020322715619897735
0,2017-11-21,2276.1982019675706,8.348891389162505,-0.0003595899324864149,-0.06761293543627822
0,2017-11-22,2273.997081407321,8.489238039514872,-0.0009670162107795477,0.1403466503523667
0,2017-11-24,2262.475932272494,8.38294583977581,-0.00506647489964962,-0.10629219973906245
0,2017-11-27,2288.0574235591407,8.359114191521208,0.011306856758892536,-0.02383164825460149
0,2017-11-28,2286.8889974957697,8.402265313388856,-0.000510662910528481,0.04315112186764836
0,2017-11-29,2273.094078783332,8.348578708380625,-0.006032176781445742,-0.05368660500823097
0,2017-11-30,2272.879148824536,8.30603114772539,-9.455392137169838e-05,-0.04254756065523502
0,2017-12-01,2324.205648958341,8.289988546938389,0.022582150995731354,-0.01604260078700115
0,2017-12-04,2318.9662315460178,8.31435408066692,-0.002254283055663109,0.02436553372853112
0,2017-12-05,2341.4664289270186,8.420110052102734,0.009702684357762337,0.10575597143581383
0,2017-12-06,2350.977704803577,8.370785918354915,0.004062102176249027,-0.04932413374781852
0,2017-12-07,2348.3649631951685,8.328473519007305,-0.0011113425716757774,-0.04231239934761
0,2017-12-08,2322.564486510074,8.313338222668554,-0.0109865702688694,-0.015135296338751658
0,2017-12-11,2308.0202098136197,8.423450845349706,-0.006262162700295448,0.11011262268115196
0,2017-12-12,2285.0710854319077,8.466785364180883,-0.00994320772588253,0.043334518831176894
0,2017-12-13,2259.3857566067823,8.563760141465844,-0.011240494437515736,0.09697477728496118
0,2017-12-14,2260.123164710858,8.428282194098797,0.00032637547701597214,-0.13547794736704688
0,2017-12-15,2309.6014905328234,8.34978796555535,0.021891871467232704,-0.07849422854344645
0,2017-12-18,2292.2864037585214,8.417161734720263,-0.007497001904994249,0.067373769164913
0,2017-12-19,2307.6506442886275,8.431344589553962,0.006702583283185959,0.014182854833698855
0,2017-12-20,2285.1582819900173,8.523093942588151,-0.009746866300702095,0.09174935303418863
0,2017-12-21,2301.3838018781134,8.52749882484704,0.007100392132997513,0.004404882258889131
0,2017-12-22,2313.9555466058523,8.588468311194722,0.005462689325213432,0.06096948634768218
0,2017-12-26,2297.706069536539,8.54415339413145,-0.007022380828857422,-0.04431491706327151
0,2017-12-27,2316.3233846222893,8.429209990647266,0.008102566003799438,-0.11494340348418497
0,2017-12-28,2359.5773832010386,8.416722145202094,0.01867355778813362,-0.012487845445171786
0,2017-12-29,2351.4595923271568,8.510554584424526,-0.0034403579775243998,0.09383243922243167
0,2018-01-02,2365.9265936311863,8.514226847961215,0.006152349524199963,0.0036722635366892575
0,2018-01-03,2357.609276484987,8.51375615889759,-0.0035154586657881737,-0.0004706890636256844
0,2018-01-04,2361.6313517588956,8.528885341029182,0.0017059973906725645,0.01512918213159331
0,2018-01-05,2341.542107888852,8.531042688820826,-0.008506511338055134,0.002157347791643005
0,2018-01-08,2369.7656478217805,8.567500095118449,0.012053398415446281,0.03645740629762351
0,2018-01-09,2384.2198143321953,8.64003596541962,0.006099407561123371,0.07253587030117181
0,2018-01-10,2368.2659016268117,8.685879137400237,-0.006691460497677326,0.04584317198061605
0,2018-01-11,2356.217842976339,8.651605681107744,-0.005087291356176138,-0.034273456292492455
0,2018-01-12,2364.726506088988,8.61429569303738,0.0036111529916524887,-0.037309988070363787
0,2018-01-16,2369.727815750627,8.653783836399423,0.0021149632520973682,0.03948814336204265
0,2018-01-17,2357.1435085076137,8.589166540274164,-0.005310444161295891,-0.06461729612525957
0,2018-01-18,2366.510974607734,8.582117606338777,0.0039740754291415215,-0.0070489339353869696
0,2018-01-19,2360.316803434941,8.593839225919647,-0.0026174276135861874,0.011721619580869813
0,2018-01-22,2374.922205512753,8.522771473223262,0.00618789903819561,-0.07106775269638455
0,2018-01-23,2394.4258411135124,8.462395479881568,0.008212326094508171,-0.06037599334169386
0,2018-01-24,2400.6856816906416,8.436468499591218,0.002614338882267475,-0.025926980290350343
0,2018-01-25,2403.740608503802,8.500191850813797,0.0012725226115435362,0.06372335122257944
0,2018-01-26,2384.9046529315615,8.639211546827177,-0.007836101576685905,0.1390196960133796
0,2018-01-29,2369.1779488314314,8.77506981430022,-0.006594269536435604,0.13585826747304353
0,2018-01-30,2383.3043375593743,8.754628189778437,0.005962569732218981,-0.020441624521783552
0,2018-01-31,2401.0234196474203,8.789116991698506,0.007434670347720385,0.034488801920069534
0,2018-02-01,2388.8426348919443,8.892340249448285,-0.005073163658380508,0.1032232577497787
0,2018-02-02,2398.553808556367,8.873147331477783,0.0040652211755514145,-0.01919291797050171
0,2018-02-05,2448.4336667519597,8.81709621345315,0.020795805379748344,-0.056051118024633695
0,2018-02-06,2469.3527005844444,8.78625817145067,0.008543843403458595,-0.03083804200247897
0,2018-02-07,2466.7194024840883,8.756846328914724,-0.0010663920547813177,-0.02941184253594642
0,2018-02-08,2462.2477655494763,8.732118156475329,-0.001812787028029561,-0.024728172439395735
0,2018-02-09,2456.9217024936843,8.681318057195309,-0.0021630898118019104,-0.050800099280019495
0,2018-02-12,2440.177221699482,8.644243657895494,-0.006815227679908276,-0.03707439929981504
0,2018-02-13,2459.639782536652,8.638871966666734,0.007975880056619644,-0.005371691228759801
0,2018-02-14,2458.1675827117706,8.68606610094251,-0.000598542857915163,0.04719413427577557
0,2018-02-15,2449.9391248658826,8.596490281126334,-0.0033473949879407883,-0.0895758198161758
0,2018-02-16,2465.226678877839,8.786255838612753,0.00623997300863266,0.1897655574864192
0,2018-02-20,2451.68094894305,8.809122159187073,-0.005494719836860895,0.022866320574319587
0,2018-02-21,2483.2182930686117,8.857015881290252,0.012863559648394585,0.047893722103179215
0,2018-02-22,2490.7615096835616,8.793864114413042,0.003037677612155676,-0.06315176687721014
0,2018-02-23,2512.4951635484044,8.74803331864755,0.008725706487894058,-0.04583079576549132
0,2018-02-26,2512.707683063702,8.778105825092895,8.45850445330143e-05,0.03007250644534487
0,2018-02-27,2486.806899888219,8.927312036805722,-0.01030791737139225,0.14920621171282633
0,2018-02-28,2467.3928463851908,9.019659082974483,-0.00780681986361742,0.09234704616876144
0,2018-03-01,2471.7986611953306,8.9843918869587,0.0017856154590845108,-0.03526719601578243
0,2018-03-02,2483.322811826413,9.201979391349955,0.004662252962589264,0.21758750439125407
0,2018-03-05,2434.2378622419137,9.277769548088669,-0.019765835255384445,0.07579015673871403
0,2018-03-06,2467.0600674148964,9.181699168843663,0.013483565300703049,-0.09607037924500617
0,2018-03-07,2485.6060187775006,9.227749348328016,0.0075174300000071526,0.04605017948435375
0,2018-03-08,2447.0877051391967,9.079159054720371,-0.015496548265218735,-0.1485902936076453
0,2018-03-09,2480.125128913871,9.256445723370462,0.01350071094930172,0.17728666865009046
0,2018-03-12,2392.5470041547187,9.263925893932544,-0.0353119783103466,0.007480170562082833
0,2018-03-13,2406.298717023206,9.178991380436816,0.005747729446738958,-0.08493451349572823
0,2018-03-14,2404.034286408731,9.018759108509723,-0.0009410430211573839,-0.160232271927093
0,2018-03-15,2406.0615615492775,9.07541415672061,0.0008432804606854916,0.05665504821088696
0,2018-03-16,2375.3750360737695,9.40794368595836,-0.012753840535879135,0.3325295292377497
0,2018-03-19,2293.99083558454,9.639308675791348,-0.03426162153482437,0.23136498983298814
0,2018-03-20,2244.2099388708143,9.795284100065295,-0.02170056477189064,0.15597542427394728
0,2018-03-21,2240.668489054213,9.81298994186151,-0.0015780385583639145,0.017705841796214372
0,2018-03-22,2290.143485435778,9.63115396579641,0.02208046242594719,-0.18183597606510027
0,2018-03-23,2305.6115127859666,9.602351461326707,0.006754173897206783,-0.028802504469702228
0,2018-03-26,2303.242592454522,9.594866336489424,-0.001027458580210805,-0.007485124837282697
0,2018-03-27,2329.8286945920227,9.67976192200552,0.011542901396751404,0.08489558551609555
0,2018-03-28,2313.9678117637886,9.650868310527185,-0.0068077463656663895,-0.02889361147833469
0,2018-03-29,2328.3415931826967,9.685606151050516,0.006211746484041214,0.03473784052333073
0,2018-04-02,2338.5551422015574,9.243206007848535,0.0043866196647286415,-0.44240014320198107
0,2018-04-03,2388.4080551800885,9.275307924344453,0.021317826583981514,0.032101916495918204
0,2018-04-04,2358.9013628734847,9.471079508570526,-0.012354125268757343,0.19577158422607255
0,2018-04-05,2268.8727163883423,9.52264868956562,-0.03816549852490425,0.05156918099509511
0,2018-04-06,2324.723674413816,9.361873252320503,0.024616170674562454,-0.16077543724511756
0,2018-04-09,2331.964831895959,9.270663204677968,0.003114846535027027,-0.09121004764253549
0,2018-04-10,2336.2706794750957,9.285885414418804,0.0018464461900293827,0.01522220974083588
0,2018-04-11,2414.8519482887637,9.147245827200534,0.03363534435629845,-0.13863958721826997
0,2018-04-12,2424.674907640275,9.203198553229011,0.004067727364599705,0.055952726028477784
0,2018-04-13,2419.940319263368,9.063437870427052,-0.0019526693504303694,-0.13976068280195975
0,2018-04-16,2429.505444258291,9.050759863048572,0.003952628467231989,-0.01267800737847935
0,2018-04-17,2408.596849197374,9.106436454165086,-0.008606111630797386,0.05567659111651402
0,2018-04-18,2417.203495250714,9.071590093705192,0.0035733028780668974,-0.034846360459894754
0,2018-04-19,2403.5638397623634,8.945430107592102,-0.005642741918563843,-0.12615998611308932
0,2018-04-20,2410.3938072908254,8.88869810805232,0.002841600216925144,-0.0567319995397817
0,2018-04-23,2428.3835174690043,8.799787195300159,0.007463390473276377,-0.08891091275216212
0,2018-04-24,2430.0634944594326,8.74954846006684,0.0006918087601661682,-0.05023873523331801
0,2018-04-25,2463.7255900388122,8.881862418768248,0.013852352276444435,0.13231395870140794
0,2018-04-26,2446.5424239094677,8.755494868070187,-0.0069744642823934555,-0.1263675506980615
0,2018-04-27,2454.6120486698624,8.699758931015564,0.003298379248008132,-0.05573593705462265
0,2018-04-30,2458.3544066989307,9.13432938435642,0.001524623017758131,0.4345704533408554
0,2018-05-01,2462.1074996321595,9.096061128082619,0.0015266687842085958,-0.038268256273800816
0,2018-05-02,2451.1860189416225,9.085035414251287,-0.00443582609295845,-0.011025713831331885
0,2018-05-03,2477.139476858342,9.052146494036432,0.01058812253177166,-0.03288892021485523
0,2018-05-04,2517.7016429260716,8.94001865177312,0.016374599188566208,-0.11212784226331252
0,2018-05-07,2558.4973630167365,8.857797226515169,0.016203556209802628,-0.08222142525795029
0,2018-05-08,2576.0285313130616,8.983129631939237,0.006852134596556425,0.12533240542406787
0,2018-05-09,2558.8927586059863,9.07746246969441,-0.006652012001723051,0.09433283775517332
0,2018-05-10,2555.344340915039,9.102071400618922,-0.0013867004308849573,0.02460893092451144
0,2018-05-11,2580.0974164430404,9.145672749304154,0.00968678668141365,0.043601348685232466
0,2018-05-14,2568.8956859318837,9.109566355762874,-0.004341592080891132,-0.03610639354127976
0,2018-05-15,2609.790055749471,9.09878291071995,0.015919046476483345,-0.010783445042925166
0,2018-05-16,2598.691821713028,8.990661964506556,-0.0042525390163064,-0.10812094621339341
0,2018-05-17,2640.324461992741,8.97890215707579,0.01602061465382576,-0.011759807430765434
0,2018-05-18,2633.658498715713,9.014869064670192,-0.00252467580139637,0.035966907594401576
0,2018-05-21,2625.8389163886923,8.995177959969327,-0.002969095017760992,-0.01969110470086477
0,2018-05-22,2621.4673320615134,9.143945827888443,-0.0016648333985358477,0.14876786791911556
0,2018-05-23,2610.258808216272,9.367694604406761,-0.004275667946785688,0.2237487765183186
0,2018-05-24,2575.899559784772,9.469474247379727,-0.013163157738745213,0.10177964297296604
0,2018-05-25,2597.511784344032,9.377775830272084,0.008390165865421295,-0.09169841710764359
0,2018-05-29,2637.282969303628,9.39620710559331,0.01531126257032156,0.018431275321226792
0,2018-05-30,2652.4697687018725,9.368042352063199,0.005758502054959536,-0.028164753530111497
0,2018-05-31,2706.084136459565,9.29516261814041,0.020212998613715172,-0.07287973392278957
0,2018-06-01,2683.8736233303457,9.268703386794199,-0.008207621052861214,-0.026459231346210643
0,2018-06-04,2665.4841486318237,9.005261027820668,-0.006851840764284134,-0.2634423589735313
0,2018-06-05,2698.3475333652455,9.03037263232052,0.01232923660427332,0.025111604499851836
0,2018-06-06,2710.2486496568745,8.960025996538834,0.0044105201959609985,-0.07034663578168576
0,2018-06-07,2696.4460312859746,8.889621077551542,-0.005092749837785959,-0.07040491898729151
0,2018-06-08,2718.5801757748172,8.879476718795065,0.008208636194467545,-0.010144358756477345
0,2018-06-11,2719.800966821444,8.83479608445069,0.000449054641649127,-0.04468063434437397
0,2018-06-12,2701.625533978518,8.83614578589926,-0.006682633422315121,0.0013497014485697179
0,2018-06-13,2662.034528774166,9.022134332433362,-0.014654512517154217,0.18598854653410157
0,2018-06-14,2620.5675096537784,8.975644503795376,-0.015577190555632114,-0.04648982863798601
0,2018-06-15,2683.3529535578878,8.979233118549717,0.023958720266819,0.003588614754340469
0,2018-06-18,2689.0264733215918,8.957350854474011,0.002114339731633663,-0.021882264075705038
0,2018-06-19,2690.928547985212,9.077745282915254,0.0007073469460010529,0.1203944284412426
0,2018-06-20,2655.464270602636,9.047591835150685,-0.01317919697612524,-0.030153447764568853
0,2018-06-21,2663.857782243465,9.07918808422721,0.0031608452554792166,0.03159624907652514
0,2018-06-22,2643.167393545981,9.097878517583244,-0.007767077069729567,0.018690433356033154
0,2018-06-25,2630.2216703296426,9.114898555394598,-0.004897806793451309,0.017020037811354527
0,2018-06-26,2608.3560662991545,9.076831257826099,-0.00831321720033884,-0.03806729756849947
0,2018-06-27,2670.798372985889,8.929148121008474,0.023939333856105804,-0.14768313681762457
0,2018-06-28,2741.603750713607,8.922775232379566,0.026510940864682198,-0.006372888628908058
0,2018-06-29,2758.846538451113,8.934360107836852,0.006289307028055191,0.011584875457286259
0,2018-07-02,2725.5679308888325,8.822195226790459,-0.012062507681548595,-0.1121648810463931
0,2018-07-03,2753.41174530118,8.942984230145504,0.010215784423053265,0.1207890033550445
0,2018-07-05,2709.8232399616086,9.012578808321095,-0.01583072543144226,0.06959457817559134
0,2018-07-06,2695.603088486165,9.060695892339341,-0.0052476306445896626,0.048117084018246103
0,2018-07-09,2666.4553850331517,9.200180045190844,-0.010813054628670216,0.1394841528515034
0,2018-07-10,2612.7367383992373,9.107456697332262,-0.020146088674664497,-0.09272334785858227
0,2018-07-11,2645.892421758835,9.027172416253894,0.012690020725131035,-0.08028428107836838
0,2018-07-12,2620.8568549402207,9.025762122929347,-0.009462050162255764,-0.0014102933245467852
0,2018-07-13,2622.9649979354044,8.997841319344491,0.0008043716661632061,-0.02792080358485549
0,2018-07-16,2611.1372655514638,9.008673169570542,-0.004509298596531153,0.010831850226050932
0,2018-07-17,2634.7045084841257,8.968601919306707,0.009025662206113338,-0.04007125026383562
0,2018-07-18,2607.3254764198687,8.951209139951184,-0.010391689836978912,-0.017392779355523302
0,2018-07-19,2647.197724826231,8.884285711237759,0.01529239397495985,-0.06692342871342483
0,2018-07-20,2689.7481447884707,8.814643529203833,0.016073759645223618,-0.06964218203392569
0,2018-07-23,2699.0241979814373,8.793480123387587,0.0034486697986721992,-0.021163405816245984
0,2018-07-24,2685.2922123936983,8.880577291240304,-0.005087759345769882,0.0870971678527166
0,2018-07-25,2660.051343767838,8.922575878069376,-0.009399672970175743,0.04199858682907198
0,2018-07-26,2668.237877309348,8.930454485778752,0.003077584784477949,0.007878607709375984
0,2018-07-27,2630.853235414931,8.970383274965611,-0.014010985381901264,0.0399287891868596
0,2018-07-30,2635.3293413262877,8.938765301769616,0.0017013894394040108,-0.031617973195995575
0,2018-07-31,2641.94746392218,8.93939728110311,0.0025113075971603394,0.00063197933349457
0,2018-08-01,2683.954352318941,8.899702762785548,0.01589997112751007,-0.0396945183175621
0,2018-08-02,2670.517684626719,8.926085219096963,-0.005006295163184404,0.026382456311415226
0,2018-08-03,2663.7984648523334,8.988504697475681,-0.0025160738732665777,0.062419478378718196
0,2018-08-06,2663.588696103309,9.035687037996357,-7.874798029661179e-05,0.047182340520675936
0,2018-08-07,2640.249111120584,8.896746850731775,-0.008762458339333534,-0.13894018726458235
0,2018-08-08,2668.654360488751,8.739918918585621,0.010758548974990845,-0.15682793214615387
0,2018-08-09,2673.374309633153,8.69278922502502,0.0017686625942587852,-0.04712969356060093
0,2018-08-10,2685.5385678301805,8.664223562352367,0.004550151526927948,-0.028565662672653147
0,2018-08-13,2699.212642744957,8.677937578446494,0.0050917440094053745,0.013714016094127146
0,2018-08-14,2692.5660653779846,8.680304591023187,-0.0024624133948236704,0.0023670125766930283
0,2018-08-15,2709.623683411117,8.678859349236154,0.006335078738629818,-0.0014452417870334244
0,2018-08-16,2712.007158787467,8.764810360509465,0.0008796333568170667,0.08595101127331084
0,2018-08-17,2713.7800168915232,8.742336446552862,0.000653707014862448,-0.022473913956602587
0,2018-08-20,2763.2555995434127,8.64385157532868,0.018231242895126343,-0.0984848712241817
0,2018-08-21,2811.695196964644,8.61673592675075,0.01752990111708641,-0.02711564857793114
0,2018-08-22,2799.4425307367314,8.58418182296453,-0.004357750527560711,-0.03255410378621981
0,2018-08-23,2811.5376054887656,8.609767077711142,0.004320529755204916,0.025585254746612662
0,2018-08-24,2823.1235250054124,8.65207006551248,0.004120848141610622,0.04230298780133701
0,2018-08-27,2799.5185409953747,8.698005750725953,-0.008361300453543663,0.045935685213473576
0,2018-08-28,2813.0920868570684,8.586613813862622,0.004848528653383255,-0.11139193686333115
0,2018-08-29,2862.6566186528667,8.589753709291372,0.017619235441088676,0.0031398954287507053
0,2018-08-30,2850.871026933502,8.619630916469834,-0.004117012023925781,0.029877207178461873
0,2018-08-31,2881.430220754243,8.557543998489843,0.010719248093664646,-0.06208691797999144
0,2018-09-04,2895.849455521165,8.676288369498698,0.0050041936337947845,0.11874437100885515
0,2018-09-05,2921.17750690923,8.693529927311772,0.008746328763663769,0.017241557813074238
0,2018-09-06,2889.575294673367,8.8133294889147,-0.010818312875926495,0.11979956160292815
0,2018-09-07,2865.093423436791,8.785912752231098,-0.008472480811178684,-0.027416736683601783
0,2018-09-10,2896.7541809360227,8.771792631164617,0.011050514876842499,-0.014120121066481417
0,2018-09-11,2871.9105484298825,8.847673845408512,-0.008576368913054466,0.07588121424389449
0,2018-09-12,2881.0479501239815,8.86701559506301,0.0031816456466913223,0.019341749654499196
0,2018-09-13,2856.612184379069,8.952047645484853,-0.008481554687023163,0.0850320504218427
0,2018-09-14,2780.095626197434,8.828664217243055,-0.026785770431160927,-0.12338342824179804
0,2018-09-17,2562.6889237769683,8.713072255281109,-0.07820115983486176,-0.11559196196194677
0,2018-09-18,2674.75572578487,8.682232660501162,0.04373016208410263,-0.030839594779946466
0,2018-09-19,2532.7944688750763,8.540244724823157,-0.05307447537779808,-0.14198793567800472
0,2018-09-20,2754.3307986881396,8.630466894479481,0.08746715635061264,0.09022216965632346
0,2018-09-21,2974.5056990583157,8.58846242157335,0.07993771135807037,-0.04200447290613063
0,2018-09-24,2951.6240964534,8.475139899295508,-0.0076925731264054775,-0.11332252227784245
0,2018-09-25,3270.714598674952,8.373473484596442,0.10810675472021103,-0.10166641469906601
0,2018-09-26,3324.5234190155866,8.377811582681494,0.016451701521873474,0.004338098085051811
0,2018-09-27,3354.0827241206603,8.279925962813449,0.008891290985047817,-0.09788561986804467
0,2018-09-28,3406.142295328445,8.263310764624286,0.015521254390478134,-0.016615198189162683
0,2018-10-01,3622.4649229997476,8.132425552397503,0.06350956857204437,-0.13088521222678295
0,2018-10-02,3692.6276991967557,8.01958759358611,0.019368793815374374,-0.11283795881139369
0,2018-10-03,3615.9589340924504,8.215632443194941,-0.02076265774667263,0.19604484960883184
0,2018-10-04,3647.4637082871354,8.121747876922768,0.008712702430784702,-0.09388456627217323
0,2018-10-05,3566.256535418762,8.341627652965553,-0.022264011204242706,0.21987977604278441
0,2018-10-10,3471.2999003036007,8.361328251285782,-0.02662641741335392,0.01970059832022919
0,2018-10-11,3578.5915608342166,8.451464274577445,0.030908208340406418,0.09013602329166304
0,2018-10-12,3662.051117206068,8.540752026419213,0.02332190051674843,0.08928775184176807
0,2018-10-15,3697.97120954753,8.262342758484007,0.00980873592197895,-0.2784092679352064
0,2018-10-16,3711.653867478183,8.295601938415906,0.003700044471770525,0.03325917993189975
0,2018-10-17,3846.6862426039006,8.351617902103884,0.036380648612976074,0.05601596368797779
0,2018-10-18,3744.8501710204896,8.444541840998818,-0.026473714038729668,0.09292393889493411
0,2018-10-19,3798.903242521444,8.509754544595815,0.014433974400162697,0.06521270359699649
0,2018-10-22,3819.2750750983428,8.381070604861119,0.0053625563159585,-0.12868393973469594
0,2018-10-23,3914.7351918127183,8.350928315969403,0.024994302541017532,-0.030142288891715552
0,2018-10-24,3873.6099246660897,8.385027884287222,-0.010505248792469501,0.03409956831781891
0,2018-10-25,3876.680764717545,8.474869018428379,0.0007927592378109694,0.08984113414115669
0,2018-10-26,3772.118030243426,8.628350514950645,-0.02697223238646984,0.15348149652226617
0,2018-10-29,3819.7143052221845,8.712197566587244,0.012617917731404305,0.08384705163659945
0,2018-10-30,3915.445160524639,8.651374616124553,0.025062307715415955,-0.060822950462691594
0,2018-10-31,3935.29045051956,8.704651320481098,0.005068463273346424,0.05327670435654497
0,2018-11-01,4022.220720099762,8.68611809436546,0.022089924663305283,-0.018533226115637902
0,2018-11-02,4004.450273173075,8.683545456157429,-0.004418068565428257,-0.0025726382080311083
0,2018-11-05,4082.3800086058127,8.678411751995277,0.019460782408714294,-0.005133704162151531
0,2018-11-06,4082.257793384103,8.665535195082775,-2.993724774569273e-05,-0.012876556912502224
0,2018-11-07,4134.6610607203565,8.603466986867547,0.012836834415793419,-0.06206820821522818
0,2018-11-08,4200.285807180125,8.642949074180551,0.01587185636162758,0.0394820873130044
0,2018-11-09,4062.7265750523475,8.75821479214906,-0.0327499695122242,0.1152657179685086
0,2018-11-14,4102.234376622946,8.764347325282616,0.009724454954266548,0.006132533133555995
0,2018-11-15,4081.089958656516,8.809933359662626,-0.005154366139322519,0.045586034380010076
0,2018-11-16,4170.411941056557,8.80042177396708,0.02188679575920105,-0.009511585695545222
0,2018-11-19,4264.220516922999,8.948163532710177,0.022493839263916016,0.1477417587430967
0,2018-11-20,4168.700908481263,8.920785744918424,-0.022400250658392906,-0.02737778779175315
0,2018-11-21,4135.315189378041,8.995795587204372,-0.008008662611246109,0.07500984228594731
0,2018-11-23,4111.417383913758,8.951652763808857,-0.005778956227004528,-0.04414282339551434
0,2018-11-26,4051.742238137592,9.0024599223423,-0.014514494687318802,0.050807158533443086
0,2018-11-27,4012.3558754876985,9.063630004162182,-0.009720846079289913,0.06117008181988126
0,2018-11-28,3974.3792162204154,8.98043573442357,-0.009464927949011326,-0.08319426973861077
0,2018-11-29,3941.1389468902757,9.039006771858327,-0.008363638073205948,0.058571037434756335
0,2018-11-30,4007.604119522474,8.880882027331156,0.016864458099007607,-0.1581247445271714
0,2018-12-03,3999.159244882067,8.861872948967267,-0.0021072127856314182,-0.01900907836388832
0,2018-12-04,4031.5376381384203,8.852053876657589,0.008096300065517426,-0.00981907230967849
0,2018-12-06,4152.6074131086225,8.762985741425098,0.030030669644474983,-0.08906813523249113
0,2018-12-07,4153.238175289823,8.73047590696975,0.0001518954522907734,-0.032509834455348496
0,2018-12-10,4206.1080137335375,8.673159700569741,0.012729787267744541,-0.05731620640000834
0,2018-12-11,4204.301491275541,8.554300892776114,-0.00042949977796524763,-0.11885880779362701
0,2018-12-12,4224.938915021077,8.622191914643267,0.004908645059913397,0.0678910218671529
0,2018-12-13,4101.896251703251,8.592774972145744,-0.02912294492125511,-0.029416942497523024
0,2018-12-14,4231.400231915114,8.551707913150404,0.03157173469662666,-0.04106705899534013
0,2018-12-17,4264.141619806719,8.576178491586047,0.00773771945387125,0.024470578435643375
0,2018-12-18,4287.016156725638,8.596983424760426,0.0053643942810595036,0.020804933174378704
0,2018-12-19,4372.437070349745,8.638213313413065,0.019925493746995926,0.04122988865263899
0,2018-12-20,4280.697425684613,8.525598644610556,-0.020981352776288986,-0.11261466880250914
0,2018-12-21,4338.770472937103,8.508778226350772,0.013566258363425732,-0.01682041825978331
0,2018-12-24,4400.005090823681,8.450349225143118,0.014113357290625572,-0.05842900120765471
0,2018-12-26,4376.805628658332,8.498273092411221,-0.005272598937153816,0.04792386726810349
0,2018-12-27,4347.810272041275,8.396346049008544,-0.006624775938689709,-0.10192704340267689
0,2018-12-28,4395.106733865987,8.338465221205098,0.010878225788474083,-0.057880827803446167
0,2018-12-31,4355.708680736759,8.495071798232908,-0.008964071981608868,0.15660657702781045
0,2019-01-02,4318.496406801151,8.662339057646415,-0.00854333397001028,0.1672672594135065
0,2019-01-03,4242.064161551271,8.718176317656559,-0.017698809504508972,0.05583726001014355
0,2019-01-04,4191.955293407278,8.812751996935612,-0.011812378652393818,0.0945756792790533
0,2019-01-07,4232.27058800221,8.860763942292898,0.00961730070412159,0.04801194535728648
0,2019-01-08,4090.0043076872607,8.931173338979553,-0.03361464664340019,0.0704093966866548
0,2019-01-09,4100.718174120578,8.868957511502684,0.002619524486362934,-0.06221582747686938
0,2019-01-10,4139.361795654808,8.87423523399725,0.009423622861504555,0.005277722494566817
0,2019-01-11,4055.7307306036623,8.924833626149418,-0.020203854888677597,0.05059839215216755
0,2019-01-14,4098.787685511336,9.023933895250334,0.010616324841976166,0.09910026910091574
0,2019-01-15,4056.4972421459306,9.004701252542786,-0.010317793115973473,-0.01923264270754821
0,2019-01-16,4126.401609187847,9.1242832100651,0.01723269186913967,0.11958195752231404
0,2019-01-17,4079.2070748605565,9.215520231856617,-0.01143721304833889,0.09123702179151749
0,2019-01-18,4039.576209784315,9.29777080497797,-0.009715335443615913,0.0822505731213532
0,2019-01-22,4068.5458330945376,9.349680994961126,0.007171451114118099,0.051910189983155774
0,2019-01-23,3979.614742812576,9.427502557492916,-0.021858200430870056,0.07782156253179018
0,2019-01-24,4079.65102936119,9.347567420669717,0.025137178599834442,-0.07993513682319886
0,2019-01-25,4049.417522672152,9.27844401606405,-0.007410807069391012,-0.06912340460566746
0,2019-01-28,4134.91399441788,9.289067608643531,0.021113276481628418,0.010623592579481311
0,2019-01-29,4040.5528711148063,9.37576147742172,-0.022820577025413513,0.0866938687781893
0,2019-01-30,3985.5054272250186,9.387555709170496,-0.013623740524053574,0.01179423174877492
0,2019-01-31,4019.942505228276,9.385987675633132,0.008640579879283905,-0.0015680335373637888
0,2019-02-01,3939.617238808172,9.333725567338531,-0.01998169533908367,-0.05226210829460065
0,2019-02-04,3939.9936425199153,9.258517475798095,9.554321877658367e-05,-0.07520809154043562
0,2019-02-05,3981.125397797979,9.22680209494263,0.010439548641443253,-0.03171538085546466
0,2019-02-06,3893.016369050525,9.322612611105844,-0.02213168889284134,0.09581051616321368
0,2019-02-07,3920.9432447497024,9.354810957256786,0.007173582911491394,0.03219834615094186
0,2019-02-08,3939.108208425961,9.370024796993578,0.0046328045427799225,0.015213839736791357
0,2019-02-11,3836.5040678414825,9.569551740403762,-0.02604755572974682,0.1995269434101843
0,2019-02-12,3740.952890269199,9.713685077034183,-0.024905793368816376,0.14413333663042138
0,2019-02-13,3713.0790758239455,9.845793446041224,-0.007450993172824383,0.1321083690070406
0,2019-02-14,3645.1827457857535,9.914650803191483,-0.01828572154045105,0.06885735715025909
0,2019-02-15,3645.0330265088646,9.733256663680567,-4.1073188185691833e-05,-0.18139413951091576
0,2019-02-19,3697.553031176889,9.652446772327286,0.014408649876713753,-0.08080989135328132
0,2019-02-20,3676.9079865136555,9.663379454891139,-0.0055834343656897545,0.010932682563852936
0,2019-02-21,3655.4154079129553,9.693850923668274,-0.005845285952091217,0.030471468777134803
0,2019-02-22,3632.5635172550697,9.624176863853187,-0.006251516751945019,-0.06967405981508712
0,2019-02-25,3600.489021040803,9.598903251128592,-0.008829713799059391,-0.02527361272459494
0,2019-02-26,3633.585444285933,9.503731511979195,0.009192202240228653,-0.09517173914939647
0,2019-02-27,3646.7496853414023,9.530572916182766,0.0036229342222213745,0.026841404203571173
0,2019-02-28,3675.5742898158514,9.51326186688805,0.007904190570116043,-0.01731104929471705
0,2019-03-01,3696.8449993396794,9.451045064175831,0.005787043832242489,-0.062216802712217856
0,2019-03-04,3672.544156719792,9.361174575334918,-0.0065734004601836205,-0.08987048884091386
0,2019-03-05,3711.4287073191595,9.370174794143788,0.010587905533611774,0.00900021880887003
0,2019-03-06,3743.123944931576,9.25642424416376,0.008539902046322823,-0.11375054998002732
0,2019-03-07,3737.183855262754,9.2682848047966,-0.0015869337366893888,0.011860560632840134
0,2019-03-08,3725.8302877913925,9.249898863675321,-0.0030380007810890675,-0.018385941121279004
0,2019-03-11,3710.17821494746,9.304850459692567,-0.004200962372124195,0.05495159601724531
0,2019-03-12,3774.3920324245114,9.179363902044729,0.017307475209236145,-0.12548655764783767
0,2019-03-13,3800.394318552702,9.206762356952748,0.0068891323171556,0.02739845490801862
0,2019-03-14,3797.59730436913,9.354520783889265,-0.0007359799928963184,0.14775842693651775
0,2019-03-15,3737.561684517648,9.473705768693904,-0.015808843076229095,0.11918498480463846
0,2019-03-18,3690.011469214406,9.53012010751485,-0.012722255662083626,0.0564143388209466
0,2019-03-19,3681.5237183853383,9.46853207674209,-0.0023001963272690773,-0.06158803077276076
0,2019-03-20,3676.6243418871954,9.396565463762153,-0.001330801285803318,-0.07196661297993678
0,2019-03-21,3662.608789091027,9.457967455966081,-0.0038120709359645844,0.061401992203927946
0,2019-03-22,3644.8896845174245,9.541029947974703,-0.004837837070226669,0.08306249200862226
0,2019-03-25,3583.611587133869,9.467834674651876,-0.01681205816566944,-0.0731952733228276
0,2019-03-26,3675.7308274869138,9.335518324154346,0.025705698877573013,-0.1323163504975291
0,2019-03-27,3697.630478174271,9.341161148154093,0.005957903806120157,0.005642823999746582
0,2019-03-28,3662.1272869818345,9.459661048973638,-0.00960160605609417,0.11849990081954509
0,2019-03-29,3695.8520714048955,9.46444086998744,0.009209069423377514,0.0047798210138019215
0,2019-04-01,3465.48791793634,9.344238312359733,-0.0623304583132267,-0.1202025576277066
0,2019-04-02,3621.984792607414,9.357565287814634,0.04515868425369263,0.013326975454900136
0,2019-04-03,3675.4602642280456,9.369625308004244,0.014764134772121906,0.012060020189609943
0,2019-04-04,3676.3042846944413,9.467581837129961,0.00022963667288422585,0.0979565291257174
0,2019-04-05,3712.4408762756902,9.47419710602105,0.009829597547650337,0.006615268891088988
0,2019-04-08,3472.7507990238587,9.589737439671824,-0.06456401199102402,0.11554033365077387
0,2019-04-09,3533.2753407801156,9.414469603690957,0.017428414896130562,-0.1752678359808666
0,2019-04-10,3560.2169489134244,9.296734586619735,0.00762510858476162,-0.11773501707122236
0,2019-04-11,3427.819093550777,9.349796657004715,-0.03718814253807068,0.05306207038498023
0,2019-04-12,3367.3924478643903,9.364249950430462,-0.01762830652296543,0.014453293425747304
0,2019-04-15,3368.678204141833,9.2901016386251,0.0003818254917860031,-0.07414831180536297
0,2019-04-16,3344.214846163013,9.270910816930542,-0.007262005005031824,-0.01919082169455777
0,2019-04-17,3394.13086958827,9.203607203267701,0.014926081523299217,-0.06730361366284043
0,2019-04-18,3522.285300364831,9.099034025166517,0.03775765746831894,-0.10457317810118383
0,2019-04-22,3442.489235832738,9.146587578679563,-0.02265462838113308,0.0475535535130458
0,2019-04-23,3471.9406055261634,9.161788787283776,0.008555253967642784,0.015201208604212368
0,2019-04-24,3532.652383198235,9.104914256898635,0.017486410215497017,-0.05687453038514079
0,2019-04-25,3443.283608594311,9.134712995150293,-0.025297924876213074,0.029798738251658463
0,2019-04-26,3384.08474449553,9.201865502299855,-0.01719256117939949,0.06715250714956156
0,2019-04-29,3427.226885507051,9.243810161785705,0.012748540379106998,0.04194465948584991
0,2019-04-30,3394.8364322596112,9.258649701369206,-0.009450921788811684,0.014839539583501704
0,2019-05-01,3332.149945318979,9.320165773515848,-0.01846524514257908,0.061516072146641676
0,2019-05-02,3399.523250053047,9.204571499703055,0.020219169557094574,-0.11559427381279264
0,2019-05-03,3386.5982188535245,9.0172403731265,-0.003802012884989381,-0.18733112657655582
0,2019-05-06,3344.453719803246,9.031166565951747,-0.012444493360817432,0.013926192825246986
0,2019-05-07,3319.6254432147775,9.006368461945387,-0.007423716597259045,-0.024798104006359623
0,2019-05-08,3338.916081177402,8.964458207314914,0.005811088718473911,-0.04191025463047282
0,2019-05-09,3387.5971113480614,8.951174948132108,0.014579890295863152,-0.013283259182806262
0,2019-05-10,3279.159357332667,9.096448040590799,-0.03201022744178772,0.1452730924586909
0,2019-05-13,3284.6558138678442,9.098196702034711,0.0016761785373091698,0.0017486614439121695
0,2019-05-14,3249.839206618808,9.108321314236871,-0.0105997733771801,0.010124612202160321
0,2019-05-15,3282.673298689954,9.148936264466313,0.010103297419846058,0.040614950229441504
0,2019-05-16,3319.740995874769,9.076762957436983,0.011291923932731152,-0.07217330702932934
0,2019-05-17,3288.9033368147348,9.05337402419121,-0.00928917620331049,-0.023388933245772847
0,2019-05-20,3368.3105130020713,9.043513047784364,0.024143967777490616,-0.009860976406846689
0,2019-05-21,3431.606918414352,9.045842257862423,0.018791737034916878,0.0023292100780594183
0,2019-05-22,3462.618289849619,9.00280448645753,0.00903698243200779,-0.04303777140489373
0,2019-05-23,3520.9020664671434,8.865572927483381,0.01683228462934494,-0.13723155897414863
0,2019-05-24,3540.482177386361,8.885114489283527,0.005561106372624636,0.019541561800146212
0,2019-05-28,3459.824172774367,8.98180743389643,-0.022781644016504288,0.09669294461290256
0,2019-05-29,3386.319721833656,9.09271888683939,-0.021245140582323074,0.11091145294295934
0,2019-05-30,3271.792258440208,9.186865591599876,-0.03382062911987305,0.0941467047604867
0,2019-05-31,3316.649223800564,9.077361632842024,0.013710211962461472,-0.1095039587578519
0,2019-06-03,3358.6371952595023,9.056264687963571,0.01265975646674633,-0.021096944878452817
0,2019-06-04,3281.5898372983665,9.174795915171554,-0.02294006571173668,0.11853122720798304
0,2019-06-05,3244.7320231964654,9.14364411826055,-0.011231694370508194,-0.031151796911004226
0,2019-06-06,3389.56249154404,8.955605149185393,0.04463557153940201,-0.18803896907515671
0,2019-06-07,3486.4272812456015,8.897341395469303,0.028577372431755066,-0.058263753716090605
0,2019-06-10,3429.487092033483,8.938570167799826,-0.016331959515810013,0.041228772330523356
0,2019-06-11,3384.4454450005787,8.976529417331916,-0.013133639469742775,0.037959249532089956
0,2019-06-12,3442.687209720631,8.938127963278154,0.017208658158779144,-0.03840145405376205
0,2019-06-13,3444.3827601093244,8.932873968576835,0.0004925078246742487,-0.005253994701318376
0,2019-06-14,3474.6878685049683,8.861747868088317,0.008798414841294289,-0.07112610048851842
0,2019-06-17,3443.5851027073245,8.892595754065015,-0.008951240219175816,0.030847885976697853
0,2019-06-18,3396.9403121491623,8.943464093502346,-0.013545415364205837,0.050868339437331045
0,2019-06-19,3374.024601348634,8.967098156851295,-0.006745985709130764,0.023634063348948686
0,2019-06-20,3367.86859827641,8.919707570683999,-0.0018245282117277384,-0.04739058616729608
0,2019-06-21,3336.545817408694,8.966653775411226,-0.0093004759401083,0.046946204727227325
0,2019-06-24,3293.705927109804,9.021726497336436,-0.01283959299325943,0.05507272192521029
0,2019-06-25,3291.9571336685176,9.070667931076786,-0.0005309500847943127,0.04894143374034954
0,2019-06-26,3279.1643850656765,9.05592006265959,-0.0038860617205500603,-0.014747868417195775
0,2019-06-27,3309.574669421984,8.950770170377538,0.009273790754377842,-0.10514989228205174
0,2019-06-28,3329.682232434,8.889867368527955,0.006075573153793812,-0.060902801849582744
0,2019-07-01,3400.4009359731567,9.018841680996173,0.02123887464404106,0.1289743124682179
0,2019-07-02,3376.033485238709,8.995561337669153,-0.007166052237153053,-0.023280343327019892
0,2019-07-03,3373.6090628517545,9.169737844992628,-0.0007181274704635143,0.1741765073234749
0,2019-07-05,3430.7674874032286,9.073308734693962,0.016942812129855156,-0.09642911029866674
0,2019-07-08,3477.1258532246748,9.091049167917062,0.013512535020709038,0.017740433223099927
0,2019-07-09,3470.2246150100373,9.126631941291352,-0.0019847536459565163,0.03558277337429061
0,2019-07-10,3432.322896750528,9.030983990655804,-0.010921978391706944,-0.09564795063554854
0,2019-07-11,3437.1824097174717,8.989541304296964,0.0014158088015392423,-0.041442686358839964
0,2019-07-12,3444.8882840364604,9.035797153576382,0.00224191602319479,0.046255849279418726
0,2019-07-15,3380.576646762416,9.094532639107973,-0.01866871491074562,0.05873548553159047
0,2019-07-16,3375.9779161267516,9.159720974053771,-0.0013603391125798225,0.06518833494579823
0,2019-07-17,3386.2243056376524,9.044985649884616,0.003035087836906314,-0.1147353241691551
0,2019-07-18,3413.3483091969015,9.078971088084407,0.008010102435946465,0.03398543819979061
0,2019-07-19,3379.935346869731,9.106943940009339,-0.00978891085833311,0.027972851924932485
0,2019-07-22,3412.4762806567014,9.070274502754463,0.009627679362893105,-0.0366694372548757
0,2019-07-23,3419.4018368103516,9.083141858334045,0.0020294811110943556,0.01286735557958174
0,2019-07-24,3348.8307815258977,9.037390976414336,-0.020638421177864075,-0.045750881919708775
0,2019-07-25,3355.939237743746,8.971495095095168,0.002122668083757162,-0.06589588131916813
0,2019-07-26,3361.6346866131244,9.025589341779138,0.0016971251461654902,0.054094246683970226
0,2019-07-29,3304.1652389082724,9.049927015108084,-0.01709568500518799,0.02433767332894554
0,2019-07-30,3373.9722655473083,9.012621901255155,0.02112697809934616,-0.037305113852928784
0,2019-07-31,3286.9495320745305,9.024292477038552,-0.02579236775636673,0.011670575783396586
0,2019-08-01,3313.240289806615,8.616465092967418,0.007998527958989143,-0.4078273840711333
0,2019-08-02,3318.353368211547,8.564618974234499,0.0015432259533554316,-0.05184611873291978
0,2019-08-05,3287.6261369954573,8.379365574379783,-0.00925978273153305,-0.1852533998547159
0,2019-08-06,3350.8589779138097,8.543502029307138,0.01923358626663685,0.1641364549273554
0,2019-08-07,3212.7958834042483,8.288906701188793,-0.041202299296855927,-0.25459532811834507
0,2019-08-08,3371.9407183808094,8.29426056749684,0.04953468590974808,0.005353866308047017
0,2019-08-09,3271.9222378632603,8.406805214005509,-0.0296619925647974,0.11254464650866858
0,2019-08-12,3314.208011350829,8.219268930441524,0.012923832051455975,-0.18753628356398444
0,2019-08-13,3401.551167738561,8.192543398232075,0.02635415643453598,-0.026725532209448843
0,2019-08-14,3327.1466406499903,8.359163282770828,-0.021873705089092255,0.16661988453875232
0,2019-08-15,3314.6284717679932,8.301888767224801,-0.003762433771044016,-0.057274515546026805
0,2019-08-16,3386.390886677695,8.11431373659389,0.02165021374821663,-0.18757503063091008
0,2019-08-19,3405.215326483325,8.211250211216075,0.00555885024368763,0.09693647462218458
0,2019-08-20,3332.687807330476,8.114251083745671,-0.021298952400684357,-0.09699912747040429
0,2019-08-21,3403.7843642992634,8.082820506532881,0.02133309841156006,-0.031430577212789856
0,2019-08-22,3448.4930343334618,8.018387673517578,0.013134988956153393,-0.064432833015303
0,2019-08-23,3381.55374685117,8.148726140468534,-0.019411170855164528,0.1303384669509562
0,2019-08-26,3404.3544548309837,8.356247263857902,0.006742672063410282,0.2075211233893679
0,2019-08-27,3331.3852242246776,8.459189955264863,-0.021434087306261063,0.10294269140696066
0,2019-08-28,3371.126515487935,8.32404896454978,0.011929359287023544,-0.13514099071508312
0,2019-08-29,3415.6712988526997,8.383198760424023,0.013213619589805603,0.05914979587424263
0,2019-08-30,3453.972375632387,8.412453686539251,0.011213338002562523,0.02925492611522884
0,2019-09-03,3467.7053103128096,8.495535720739179,0.003975982777774334,0.08308203419992743
0,2019-09-04,3469.748469177089,8.616289813278899,0.0005891962209716439,0.12075409253971969
0,2019-09-05,3466.278407495897,8.603753702036757,-0.0010000902693718672,-0.012536111242141601
0,2019-09-06,3449.3647318036938,8.555244547495478,-0.004879491403698921,-0.048509154541278576
0,2019-09-09,3475.4748885225104,8.52444679953572,0.007569555193185806,-0.03079774795975787
0,2019-09-10,3436.3847797970757,8.446636861761297,-0.011247415095567703,-0.07780993777442369
0,2019-09-11,3495.953445766668,8.38911657368133,0.01733469031751156,-0.05752028807996723
0,2019-09-12,3514.911340651381,8.31370595405924,0.005422811023890972,-0.07541061962209028
0,2019-09-13,3526.631635379851,8.395465689775852,0.003334449604153633,0.08175973571661288
0,2019-09-16,3479.9548429595097,8.33116074885557,-0.013235516846179962,-0.06430494092028205
0,2019-09-17,3507.6638950039146,8.316861397920334,0.007962474599480629,-0.014299350935235822
0,2019-09-18,3472.24201187976,8.384534724920632,-0.010098425671458244,0.06767332700029804
0,2019-09-19,3514.3008243315485,8.536179470971469,0.012112868949770927,0.15164474605083633
0,2019-09-20,3525.4784880991706,8.654837367735128,0.0031806223560124636,0.11865789676365956
0,2019-09-23,3503.159476681659,8.756079268983651,-0.00633077509701252,0.10124190124852284
0,2019-09-24,3479.8204952552874,8.762443731918491,-0.006662266328930855,0.006364462934840276
0,2019-09-25,3511.520036254609,8.85793377868449,0.00910953339189291,0.09549004676599893
0,2019-09-26,3530.922636240035,8.773932364178158,0.0055254134349524975,-0.08400141450633214
0,2019-09-27,3565.900986768698,8.781074749825674,0.009906291961669922,0.007142385647515681
0,2019-09-30,3572.4452005067155,9.06457302887118,0.0018352202605456114,0.2834982790455065
0,2019-10-01,3563.5495662237877,9.034255391166518,-0.0024900687858462334,-0.03031763770466256
0,2019-10-02,3573.3635004736584,8.919982230074945,0.002753977198153734,-0.11427316109157282
0,2019-10-03,3546.310278756882,8.808552456365785,-0.007570800371468067,-0.11142977370916007
0,2019-10-04,3567.376792123399,8.94370535814367,0.005940403323620558,0.13515290177788586
0,2019-10-07,3574.3254413514956,8.991840451882327,0.0019478315953165293,0.04813509373865621
0,2019-10-08,3576.1180474509215,8.9191314796251,0.0005015229107812047,-0.07270897225722628
0,2019-10-09,3565.9354188131124,8.907065874601248,-0.0028473972342908382,-0.01206560502385301
0,2019-10-10,3596.3487107258384,8.925380317920538,0.00852883979678154,0.018314443319290774
0,2019-10-11,3575.690433117915,8.923462430491117,-0.005744236521422863,-0.0019178874294212278
0,2019-10-16,3582.836786673311,8.954438913302575,0.001998594030737877,0.030976482811457373
0,2019-10-17,3554.4328146797566,8.914825240149787,-0.00792778842151165,-0.039613673152787854
0,2019-10-18,3570.8234462828073,8.968269148026076,0.00461132125928998,0.05344390787628939
0,2019-10-21,3532.2454525695716,9.011795132916104,-0.01080366875976324,0.04352598489002801
0,2019-10-22,3491.550128857656,8.996272811765714,-0.011521091684699059,-0.015522321150390539
0,2019-10-23,3560.8523677724397,8.970218898156052,0.01984855905175209,-0.026053913609661805
0,2019-10-24,3548.0092322345567,9.053370070997147,-0.0036067587789148092,0.08315117284109519
0,2019-10-25,3503.157071106803,9.112111244077347,-0.012641500681638718,0.058741173080200326
0,2019-10-28,3458.8466367430096,9.195874454719638,-0.01264871470630169,0.08376321064229053
0,2019-10-29,3426.7676426828307,9.237447242597229,-0.009274477139115334,0.04157278787759111
0,2019-10-30,3410.350329470768,9.193715698510637,-0.00479090353474021,-0.04373154408659197
0,2019-10-31,3451.1984907260667,9.05817977383705,0.011977702379226685,-0.13553592467358655
0,2019-11-01,3508.0030180252115,9.057945153309456,0.01645936258137226,-0.00023462052759448682
0,2019-11-04,3545.6690738262437,9.026880242809904,0.010737178847193718,-0.031064910499551956
0,2019-11-05,3558.9903208386477,9.049136824380229,0.0037570474669337273,0.02225658157032484
0,2019-11-06,3549.6311424818764,8.946739931396781,-0.0026297285221517086,-0.10239689298344778
0,2019-11-07,3600.7812092795602,8.854536123585818,0.014409966766834259,-0.0922038078109626
0,2019-11-08,3568.2796650620107,8.845136918215063,-0.009026248008012772,-0.009399205370755226
0,2019-11-13,3637.371264133233,8.823756518233195,0.019362719729542732,-0.021380399981868692
0,2019-11-14,3631.706132546146,8.744295395186302,-0.0015574796125292778,-0.07946112304689201
0,2019-11-15,3665.0444373983064,8.839170230298572,0.009179791435599327,0.0948748351122699
0,2019-11-18,3629.5020420668575,8.64061630476636,-0.009697671048343182,-0.19855392553221307
0,2019-11-19,3778.1829104699095,8.534835465627365,0.04096453636884689,-0.10578083913899405
0,2019-11-20,3768.421182340058,8.60369582729189,-0.002583709778264165,0.06886036166452492
0,2019-11-21,3730.7666135733175,8.754205257548588,-0.00999213382601738,0.15050943025669739
0,2019-11-22,3758.159564718947,8.688929917270546,0.0073424456641077995,-0.06527534027804194
0,2019-11-25,3757.393941285083,8.584000175577446,-0.00020372297149151564,-0.1049297416931001
0,2019-11-26,3796.3180184504295,8.535694292981363,0.010359328240156174,-0.04830588259608248
0,2019-11-27,3778.219514762965,8.464650989405234,-0.004767383448779583,-0.07104330357612909
0,2019-11-29,3826.687471379762,8.503957442385012,0.012828253209590912,0.03930645297977797
0,2019-12-02,3844.3321525003053,8.520109465032458,0.0046109543181955814,0.01615202264744653
0,2019-12-03,3849.204455892005,8.588076542152868,0.0012673991732299328,0.06796707712040906
0,2019-12-04,3860.37194341035,8.571714661879108,0.0029012456070631742,-0.01636188027375951
0,2019-12-05,3870.0777338951816,8.614833510022995,0.0025142112281173468,0.043118848143887334
0,2019-12-06,3868.5912568056797,8.731536278383336,-0.0003840948920696974,0.11670276836034077
0,2019-12-09,3811.143577679999,8.910316235125459,-0.014849767088890076,0.17877995674212244
0,2019-12-10,3770.8103010060827,8.956444615550504,-0.010582985356450081,0.046128380425045634
0,2019-12-11,3710.696170169312,9.042663294428614,-0.015941966325044632,0.08621867887810986
0,2019-12-12,3656.7909507599543,9.136300398689901,-0.01452698279172182,0.09363710426128691
0,2019-12-13,3664.660625741057,9.157359088319179,0.0021520713344216347,0.02105868962927815
0,2019-12-16,3631.8732146298616,9.083692845002279,-0.008946916088461876,-0.07366624331690019
0,2019-12-17,3709.2044089935894,9.019630519468603,0.021292371675372124,-0.0640623255336763
0,2019-12-18,3696.0970387290777,9.016044625970459,-0.003533741692081094,-0.003585893498144088
0,2019-12-19,3743.193081296383,9.043102820529572,0.012742101214826107,0.027058194559113957
0,2019-12-20,3715.875053663819,9.15121725007154,-0.00729805463925004,0.10811442954196693
0,2019-12-23,3719.7305339552386,9.105541101186725,0.0010375699494034052,-0.04567614888481408
0,2019-12-24,3743.190608779,9.152027667291073,0.0063069285824894905,0.046486566104347204
0,2019-12-26,3754.9084977983684,9.199784232279622,0.0031304548028856516,0.047756564988549854
0,2019-12-27,3762.1638956507095,9.174697509409807,0.0019322435837239027,-0.025086722869815503
0,2019-12-30,3760.6442081210853,9.15382857641631,-0.00040393974632024765,-0.02086893299349768
0,2019-12-31,3787.609022194211,9.034098671164315,0.007170264609158039,-0.11972990525199378
0,2020-01-02,3760.2978550455823,8.952929712314768,-0.00721066165715456,-0.08116895884954722
0,2020-01-03,3780.647003229639,9.029245008701718,0.005411578807979822,0.07631529638694978
0,2020-01-06,3718.070046242406,9.017982818020098,-0.016551917418837547,-0.011262190681620154
0,2020-01-07,3781.7630535144026,8.874149090561827,0.017130663618445396,-0.1438337274582704
0,2020-01-08,3787.630415958472,8.922545328172758,0.00155148864723742,0.04839623761093037
0,2020-01-09,3668.0592744946375,8.976127878798222,-0.031568851321935654,0.05358255062546391
0,2020-01-10,3764.346080238747,8.928538544736961,0.026250068098306656,-0.04758933406126076
0,2020-01-13,3760.698317848742,8.88860848661668,-0.0009690294973552227,-0.039930058120280165
0,2020-01-14,3758.6552659368203,8.92220961638988,-0.0005432639736682177,0.03360112977319929
0,2020-01-15,3824.9160093787204,8.79367126062267,0.01762884296476841,-0.12853835576721018
0,2020-01-16,3796.4930958955883,8.82491053913958,-0.0074309902265667915,0.03123927851691022
0,2020-01-17,3811.39671560402,8.896360911884418,0.003925628028810024,0.07145037274483812
0,2020-01-21,3737.6950048486538,8.978576889333688,-0.019337192177772522,0.08221597744926967
0,2020-01-22,3742.626447537546,8.955988240830278,0.001319380709901452,-0.022588648503409914
0,2020-01-23,3742.9739724378665,8.985167778146595,9.285588748753071e-05,0.02917953731631684
0,2020-01-24,3748.3126268875267,8.904598219999704,0.0014263135381042957,-0.08056955814689104
0,2020-01-27,3741.70492278575,8.95856705954527,-0.0017628476489335299,0.05396883954556664
0,2020-01-28,3770.1921200922784,8.96228358684384,0.007613427005708218,0.0037165272985699715
0,2020-01-29,3786.342346881151,8.964712365430488,0.004283661488443613,0.002428778586647695
0,2020-01-30,3756.7388590426763,8.979522153876742,-0.007818492129445076,0.014809788446253691
0,2020-01-31,3777.149172877068,9.082993235316597,0.005432987120002508,0.10347108143985473
0,2020-02-03,3703.702900380592,9.107456412698067,-0.019444895908236504,0.024463177381470302
0,2020-02-04,3690.6371882390354,9.134084625218577,-0.0035277430433779955,0.026628212520510175
0,2020-02-05,3618.22714297385,9.168392811855949,-0.019619930535554886,0.03430818663737156
0,2020-02-06,3496.203359303151,9.252902602544275,-0.033724743872880936,0.08450979068832609
0,2020-02-07,3566.477747984421,9.268775277896479,0.020100200548768044,0.01587267535220427
0,2020-02-10,3543.1016973513006,9.333229443851065,-0.0065543800592422485,0.06445416595458653
0,2020-02-11,3519.6240704518286,9.346394569593546,-0.006626292131841183,0.0131651257424803
0,2020-02-12,3483.58202278258,9.466697721914935,-0.010240311734378338,0.1203031523213891
0,2020-02-13,3496.0681063710617,9.512768206278496,0.00358426570892334,0.04607048436356109
0,2020-02-14,3491.967028527706,9.522390087952898,-0.0011730543337762356,0.009621881674402033
0,2020-02-18,3592.0688314160575,9.52356747675141,0.028666308149695396,0.0011773887985118137
0,2020-02-19,3579.587524095641,9.4438060484955,-0.0034746848978102207,-0.07976142825591026
0,2020-02-20,3625.1835320331443,9.447856761598903,0.012737782672047615,0.004050713103403325
0,2020-02-21,3611.9417499044853,9.411919896662985,-0.0036527204792946577,-0.03593686493591797
0,2020-02-24,3620.9166483226413,9.313264982553148,0.0024847849272191525,-0.09865491410983651
0,2020-02-25,3580.5022908592864,9.38358756686696,-0.011161360889673233,0.07032258431381244
0,2020-02-26,3560.8128996495084,9.389837858354054,-0.005499058403074741,0.006250291487093662
0,2020-02-27,3588.731951388212,9.372811052689716,0.007840639911592007,-0.01702680566433834
0,2020-02-28,3586.884280971864,9.161648453015511,-0.0005148532800376415,-0.21116259967420525
0,2020-03-02,3661.2203955677555,9.08403799923347,0.020724425092339516,-0.07761045378204123
0,2020-03-03,3652.670759416289,9.16016817618699,-0.0023351875133812428,0.0761301769535212
0,2020-03-04,3646.0417910194165,9.461656717369406,-0.0018148277886211872,0.3014885411824153
0,2020-03-05,3594.4656948663824,9.606904918704945,-0.014145777560770512,0.14524820133553895
0,2020-03-06,3499.184723928667,9.653306129729986,-0.02650768682360649,0.04640121102504047
0,2020-03-09,3536.677534556369,9.653766917902182,0.010714727453887463,0.0004607881721963025
0,2020-03-10,3531.8744160973947,9.657722565470534,-0.0013580877566710114,0.003955647568352205
0,2020-03-11,3511.5775109698125,9.621648757788376,-0.005746779963374138,-0.03607380768215762
0,2020-03-12,3540.9772602348735,9.554831511234752,0.008372234180569649,-0.06681724655362409
0,2020-03-13,3537.183543733092,9.496230111494176,-0.0010713755618780851,-0.0586013997405761
0,2020-03-16,3545.756420932966,9.545543660483496,0.002423644997179508,0.0493135489893195
0,2020-03-17,3532.3911257071522,9.534199187903706,-0.003769377712160349,-0.011344472579789766
0,2020-03-18,3555.5605639388446,9.698022322999755,0.006559137254953384,0.16382313509604884
0,2020-03-19,3510.112786121894,9.769171688250314,-0.012782169505953789,0.07114936525055882
0,2020-03-20,3489.2824185063428,9.809128707768947,-0.005934386979788542,0.039957019518633174
0,2020-03-23,3494.3654683585496,9.809840107293317,0.0014567608013749123,0.0007113995243699378
0,2020-03-24,3461.7551831711517,9.88687764161276,-0.009332248009741306,0.07703753431944271
0,2020-03-25,3454.8637457409027,9.974587323917298,-0.001990735065191984,0.08770968230453846
0,2020-03-26,3343.8653084030298,10.111186157569936,-0.032128166407346725,0.1365988336526378
0,2020-03-27,3239.1367235476982,10.218302354835354,-0.031319618225097656,0.10711619726541777
0,2020-03-30,3221.8035825631714,10.308299671622464,-0.005351160652935505,0.08999731678711065
0,2020-03-31,3209.4652471100626,10.295398943744644,-0.0038296361453831196,-0.012900727877820373
0,2020-04-01,3283.3624506208,10.1767239476847,0.023024771362543106,-0.11867499605994425
0,2020-04-02,3271.778944072852,10.190295921794684,-0.0035279402509331703,0.013571974109984453
0,2020-04-03,3280.652843997629,10.17568982022392,0.0027122553437948227,-0.014606101570764807
0,2020-04-06,3294.3085848573874,10.113571419928128,0.004162507131695747,-0.062118400295791076
0,2020-04-07,3265.320826316686,10.07275722240546,-0.00879934523254633,-0.04081419752266768
0,2020-04-08,3217.5568792188897,10.147987325470792,-0.014627642929553986,0.07523010306533173
0,2020-04-09,3265.6052054964744,10.139945925660976,0.01493317075073719,-0.008041399809815886
0,2020-04-13,3243.478895873046,10.249692550776148,-0.006775561720132828,0.10974662511517153
0,2020-04-14,3232.0935178421546,10.36001155198474,-0.003510236507281661,0.11031900120859284
0,2020-04-15,3203.798401362763,10.4904352017004,-0.008754423819482327,0.13042364971565945
0,2020-04-16,3161.201778813877,10.559659816448278,-0.013295662589371204,0.06922461474787767
0,2020-04-17,3141.5994066765284,10.571564602173249,-0.006200924050062895,0.011904785724970779
0,2020-04-20,3145.115224773074,10.557812935561442,0.0011191172525286674,-0.013751666611806712
0,2020-04-21,3196.1453136292203,10.45896605462438,0.016225188970565796,-0.09884688093706195
0,2020-04-22,3239.8933675665508,10.311614381397206,0.013687754981219769,-0.14735167322717402
0,2020-04-23,3274.4991622030343,10.279530909573026,0.01068115234375,-0.03208347182417981
0,2020-04-24,3263.9845890908687,10.2647792834913,-0.0032110477332025766,-0.014751626081725533
0,2020-04-27,3380.4436921296992,10.184836841139063,0.03568004071712494,-0.07994244235223746
0,2020-04-28,3321.926886307953,10.237054913198739,-0.01731039211153984,0.052218072059675436
0,2020-04-29,3314.557582059468,10.27691751318377,-0.0022183824330568314,0.03986259998503172
0,2020-04-30,3309.636292066515,10.452144493277926,-0.0014847501879557967,0.1752269800941555
0,2020-05-01,3229.1743540188177,10.36009406884608,-0.02431141398847103,-0.09205042443184652
0,2020-05-04,3275.145560979223,10.30823613786985,0.014236210845410824,-0.05185793097622948
0,2020-05-05,3264.008867951538,10.254750307646074,-0.003400365822017193,-0.053485830223776176
0,2020-05-06,3274.4941054865644,10.275739954522706,0.0032123802229762077,0.020989646876632406
0,2020-05-07,3282.9413414631936,10.370685959924153,0.0025797071866691113,0.0949460054014466
0,2020-05-08,3265.2462262732943,10.215427748626984,-0.005390018690377474,-0.1552582112971681
0,2020-05-11,3358.1571910417792,10.11333712676546,0.028454504907131195,-0.10209062186152451
0,2020-05-12,3382.5605789645883,10.104545683396662,0.007266898639500141,-0.008791443368798113
0,2020-05-13,3338.0302466855915,10.347855396735746,-0.013164681382477283,0.2433097133390838
0,2020-05-14,3257.283508661788,10.300560997175442,-0.024189935997128487,-0.0472943995603039
0,2020-05-15,3285.664427635146,10.275077879108384,0.008713063783943653,-0.02548311806705783
0,2020-05-18,3329.28879951994,10.304503661306597,0.013277184218168259,0.029425782198213568
0,2020-05-19,3256.451573000445,10.479313054377165,-0.0218777135014534,0.17480939307056786
0,2020-05-20,3177.6957111018023,10.508143921303425,-0.024184564128518105,0.0288308669262598
0,2020-05-21,3218.2465955831217,10.557406006289463,0.012761097401380539,0.049262084986038346
0,2020-05-22,3214.949762700651,10.366939339746011,-0.0010244189761579037,-0.19046666654345223
0,2020-05-26,3308.7577617701954,10.486774687577162,0.0291786827147007,0.11983534783115068
0,2020-05-27,3203.5535817013892,10.589927505225221,-0.031795673072338104,0.10315281764805917
0,2020-05-28,3225.55259715568,10.74658113926475,0.006867066491395235,0.1566536340395288
0,2020-05-29,3170.284880719963,10.76126757556995,-0.01713434047996998,0.01468643630519928
0,2020-06-01,3180.3674717047274,10.844729241748926,0.003180342260748148,0.08346166617897666
0,2020-06-02,3114.282205368355,10.762491876496009,-0.02077912911772728,-0.08223736525291692
0,2020-06-03,3115.3576466245854,10.903785069108773,0.0003453255631029606,0.14129319261276407
0,2020-06-04,3018.714086131644,10.905847224788332,-0.031021658331155777,0.002062155679558586
0,2020-06-05,3045.5886533217113,10.980149330299586,0.0089026540517807,0.07430210551125427
0,2020-06-08,2991.1601957424778,10.761271179583224,-0.017871243879199028,-0.21887815071636219
0,2020-06-09,3083.4094764622987,10.430227674271539,0.030840635299682617,-0.33104350531168514
0,2020-06-10,3128.448003542967,10.409222697548842,0.01460672914981842,-0.021004976722696966
0,2020-06-11,3028.305065382146,10.408881003326107,-0.03201042115688324,-0.0003416942227350006
0,2020-06-12,3035.4719187077276,10.28835077381312,0.0023666219785809517,-0.12053022951298686
0,2020-06-15,3071.92326820285,10.24902310176243,0.012008462101221085,-0.03932767205068899
0,2020-06-16,3090.186769986682,10.268638990737006,0.005945298820734024,0.019615888974575668
0,2020-06-17,3127.565027074476,10.162187566346734,0.012095792219042778,-0.10645142439027211
0,2020-06-18,3179.5632953205386,10.009231127236445,0.016625799238681793,-0.1529564391102891
0,2020-06-19,3166.9191381390096,9.978796802794886,-0.003976696170866489,-0.030434324441559468
0,2020-06-22,3207.28626066483,9.927602078480804,0.012746496126055717,-0.05119472431408134
0,2020-06-23,3197.820917066997,9.883371038149514,-0.002951200120151043,-0.04423104033129022
0,2020-06-24,3252.1254551851994,10.062551022508405,0.016981732100248337,0.17917998435889082
0,2020-06-25,3246.530711881067,10.045336314337938,-0.0017203344032168388,-0.01721470817046722
0,2020-06-26,3285.2437606024873,9.957851037924241,0.011924436315894127,-0.08748527641369641
0,2020-06-29,3339.248384043459,9.735666208166288,0.016438543796539307,-0.2221848297579534
0,2020-06-30,3394.385017764858,9.527191247382286,0.016511689871549606,-0.2084749607840024
0,2020-07-01,3375.4770238395868,9.427825546230839,-0.005570373963564634,-0.09936570115144683
0,2020-07-02,3382.7055084959475,9.299986239485115,0.002141470555216074,-0.12783930674572375
0,2020-07-06,3414.8302653384594,9.427564576555369,0.009496764279901981,0.12757833707025412
0,2020-07-07,3409.642277353391,9.321814296658436,-0.0015192520804703236,-0.10575027989693275
0,2020-07-08,3440.0937822751866,9.218803194430958,0.008930996991693974,-0.10301110222747845
0,2020-07-09,3484.516901353969,9.111937218357632,0.012913345359265804,-0.10686597607332615
0,2020-07-10,3481.941166195582,8.966325879269222,-0.0007391943363472819,-0.1456113390884095
0,2020-07-13,3501.6723542117134,8.956516762602934,0.0056667206808924675,-0.00980911666628792
0,2020-07-14,3495.270886415705,9.08534051081079,-0.0018281172960996628,0.12882374820785536
0,2020-07-15,3484.899522482255,9.194735966870251,-0.002967256121337414,0.10939545605946144
0,2020-07-16,3505.132897695437,9.135204046518298,0.0058060139417648315,-0.05953192035195265
0,2020-07-17,3520.873618643693,9.163561979410455,0.004490762948989868,0.028357932892156157
0,2020-07-20,3465.400938029537,9.135774418141919,-0.01575537398457527,-0.027787561268535654
0,2020-07-21,3501.5594019998084,9.180137400428961,0.010434135794639587,0.044362982287042385
0,2020-07-22,3478.0317112296907,9.156863825325372,-0.006719203665852547,-0.023273575103589295
0,2020-07-23,3497.5249714229135,9.216356126988703,0.005604681558907032,0.059492301663331304
0,2020-07-24,3505.9968361931615,9.205835012163483,0.0024222456850111485,-0.010521114825220224
0,2020-07-27,3544.4269552190535,9.077666175990624,0.010961253196001053,-0.12816883617285946
0,2020-07-28,3588.4000829936545,8.976059216047952,0.012406272813677788,-0.10160695994267144
0,2020-07-29,3654.9965233486178,8.736368049615665,0.018558811396360397,-0.23969116643228716
0,2020-07-30,3677.903751519262,8.63054977013741,0.006267373450100422,-0.10581827947825495
0,2020-07-31,3687.183174198232,8.593815673991946,0.0025230194441974163,-0.03673409614546408
0,2020-08-03,3686.4423430619436,8.73316341804569,-0.00020092062186449766,0.13934774405374384
0,2020-08-04,3677.2948546840294,8.78936825053399,-0.0024813865311443806,0.05620483248829977
0,2020-08-05,3676.5917402798295,8.80347897878451,-0.0001912042498588562,0.014110728250519955
0,2020-08-06,3659.5440395388528,8.674412866247303,-0.004636821802705526,-0.12906611253720612
0,2020-08-07,3652.238787616949,8.695181793755994,-0.0019962191581726074,0.020768927508690638
0,2020-08-10,3650.2502853447236,8.727917900132194,-0.0005444611888378859,0.03273610637620017
0,2020-08-11,3666.222319728056,8.78518630170275,0.004375599790364504,0.05726840157055513
0,2020-08-12,3635.5719692462126,8.789640240587888,-0.008360199630260468,0.004453938885138342
0,2020-08-13,3638.065907653369,8.932310318191101,0.0006859824061393738,0.14267007760321349
0,2020-08-14,3616.2316876797204,8.902701327495842,-0.006001600995659828,-0.029608990695258797
0,2020-08-17,3654.5471185960832,8.848636861989911,0.010595402680337429,-0.054064465505931025
0,2020-08-18,3662.467205356216,8.857710118501236,0.0021671869326382875,0.009073256511324956
0,2020-08-19,3648.6267344635353,8.835745503098908,-0.0037790019996464252,-0.021964615402328747
0,2020-08-20,3640.9421676882944,8.906825322203607,-0.0021061531733721495,0.07107981910469974
0,2020-08-21,3646.594692487494,8.919086233796836,0.001552489586174488,0.01226091159322884
0,2020-08-24,3654.9833793970765,9.004093306254902,0.002300416585057974,0.08500707245806538
0,2020-08-25,3603.806244318175,9.01388811913179,-0.014002015814185143,0.00979481287688877
0,2020-08-26,3596.7000179430856,8.948559459010664,-0.001971866935491562,-0.0653286601211267
0,2020-08-27,3700.132318003188,8.902871742809294,0.028757555410265923,-0.045687716201369355
0,2020-08-28,3665.6542793920808,8.976060021814662,-0.009318055585026741,0.07318827900536817
0,2020-08-31,3565.151593940957,9.154157166870448,-0.027417393401265144,0.17809714505578533
0,2020-09-01,3557.65560185471,9.215097797810003,-0.0021025731693953276,0.06094063093955526
0,2020-09-02,3512.4062085333035,9.23877263296253,-0.012718879617750645,0.02367483515252644
0,2020-09-03,3516.2174460802244,9.304588963179926,0.0010850788094103336,0.06581633021739641
0,2020-09-04,3484.5660019758116,9.336629361639663,-0.009001560509204865,0.03204039845973661
0,2020-09-08,3482.007012952997,9.187534831637416,-0.0007343781180679798,-0.14909453000224637
0,2020-09-09,3478.7006166024253,9.190298241920495,-0.0009495662525296211,0.0027634102830784713
0,2020-09-10,3394.798876575847,9.182284091770015,-0.024118700996041298,-0.008014150150479793
0,2020-09-11,3438.748958818056,9.264131156941755,0.012946299277245998,0.08184706517173979
0,2020-09-14,3364.2446855513795,9.450927700982708,-0.02166609838604927,0.1867965440409538
0,2020-09-15,3276.857946950844,9.429602077635138,-0.025975143536925316,-0.021325623347570044
0,2020-09-16,3363.280587282855,9.304093487843527,0.02637363038957119,-0.12550858979161106
0,2020-09-17,3442.566833980146,9.248596447339647,0.02357408031821251,-0.05549704050388016
0,2020-09-18,3432.6909891554524,9.372884233275157,-0.002868744544684887,0.12428778593550938
0,2020-09-21,3461.5948382131514,9.401521958847574,0.008420172147452831,0.02863772557241795
0,2020-09-22,3477.7909425128983,9.374693762418788,0.004678798373788595,-0.0268281964287862
0,2020-09-23,3474.8820490546514,9.366871612461575,-0.0008364198729395866,-0.007822149957213753
0,2020-09-24,3447.064871655926,9.414388628626101,-0.008005214855074883,0.04751701616452664
0,2020-09-25,3479.893124747184,9.404278841333776,0.009523537941277027,-0.010109787292325478
0,2020-09-28,3498.492631553859,9.379673217810682,0.00534485001116991,-0.02460562352309381
0,2020-09-29,3501.0846783724246,9.444904530670982,0.0007409038953483105,0.06523131286030015
0,2020-09-30,3515.3148512521616,9.334382154324949,0.004064504057168961,-0.11052237634603301
0,2020-10-01,3584.6761443052487,9.348352356253963,0.019731175154447556,0.013970201929014436
0,2020-10-02,3601.2648164287075,9.285649409943483,0.00462766271084547,-0.06270294631048046
0,2020-10-05,3600.1349483015347,9.38259191808235,-0.00031374202808365226,0.0969425081388664
0,2020-10-06,3581.931633857392,9.355057943845283,-0.005056286696344614,-0.02753397423706616
0,2020-10-07,3581.2104358290917,9.394937429853211,-0.00020134332589805126,0.03987948600792812
0,2020-10-08,3545.4633432005717,9.42387504611315,-0.009981846436858177,0.02893761625993818
0,2020-10-09,3548.173798334989,9.466531390602505,0.0007644854485988617,0.04265634448935529
0,2020-10-14,3477.7680432940515,9.384266008514858,-0.019842814654111862,-0.08226538208764644
0,2020-10-15,3528.1719112472874,9.413234786845878,0.014493165537714958,0.028968778331019962
0,2020-10-16,3487.0494902703085,9.466859147664675,-0.011655447073280811,0.05362436081879629
0,2020-10-19,3481.7417464688892,9.394295245779913,-0.0015221303328871727,-0.07256390188476125
0,2020-10-20,3436.683349274732,9.472217595999659,-0.012941338121891022,0.0779223502197457
0,2020-10-21,3377.3013489018363,9.503522808199115,-0.017278868705034256,0.03130521219945592
0,2020-10-22,3318.6121014182877,9.500435389739348,-0.01737755723297596,-0.0030874184597671217
0,2020-10-23,3315.2201588634643,9.565154524018185,-0.0010220967233181,0.06471913427883713
0,2020-10-26,3286.7785983131635,9.53716743426898,-0.008579086512327194,-0.02798708974920494
0,2020-10-27,3292.0170171609507,9.519970840977585,0.0015937851276248693,-0.01719659329139489
0,2020-10-28,3342.3826120859358,9.458746647366624,0.015299311839044094,-0.06122419361096121
0,2020-10-29,3414.023059653185,9.477307876570006,0.02143394574522972,0.018561229203381657
0,2020-10-30,3399.939324332536,9.564994846673194,-0.0041252607479691505,0.0876869701031886
0,2020-11-02,3367.2219126789782,9.636781426027756,-0.009622939862310886,0.07178657935456201
0,2020-11-03,3350.8001623150353,9.689261009699742,-0.004876943305134773,0.05247958367198535
0,2020-11-04,3378.1035356340617,9.645148727901445,0.0081483144313097,-0.04411228179829685
0,2020-11-05,3402.5641897004825,9.629478312682302,0.007240942679345608,-0.015670415219142697
0,2020-11-06,3398.0944815927287,9.701519173259985,-0.0013136293273419142,0.07204086057768322
0,2020-11-09,3357.9892685968443,9.683433335560043,-0.011802265420556068,-0.01808583769994243
0,2020-11-10,3380.2487397505383,9.662750681525742,0.006628809496760368,-0.02068265403430125
0,2020-11-13,3313.1139543828267,9.715638613158475,-0.019860900938510895,0.05288793163273375
0,2020-11-16,3320.1478938885125,9.62846007434213,0.0021230599377304316,-0.08717853881634596
0,2020-11-17,3327.240854440153,9.682554340165252,0.002136338734999299,0.05409426582312271
0,2020-11-18,3289.2695720959705,9.63061133680912,-0.011412243358790874,-0.05194300335613278
0,2020-11-19,3384.618220021336,9.500774705477477,0.028987787663936615,-0.12983663133164214
0,2020-11-20,3392.0335250357293,9.60865506305411,0.0021908837370574474,0.10788035757663295
0,2020-11-23,3424.556959730605,9.617411369528451,0.009588181972503662,0.008756306474341002
0,2020-11-24,3445.908152967221,9.597533256649621,0.006234731525182724,-0.019878112878830123
0,2020-11-25,3406.888506811445,9.587522288423882,-0.011323472484946251,-0.010010968225738992
0,2020-11-27,3367.678873370848,9.578231865814253,-0.011508927680552006,-0.00929042260962909
0,2020-11-30,3410.685863583978,9.63206718622399,0.012770514003932476,0.053835320409737264
0,2020-12-01,3351.08347495867,9.618651782830076,-0.0174751915037632,-0.013415403393914005
0,2020-12-02,3366.488748481691,9.617836592974811,0.004597102291882038,-0.0008151898552650749
0,2020-12-03,3382.4032127439573,9.637243986734989,0.004727318417280912,0.019407393760177527
0,2020-12-04,3356.295953261099,9.602966845198608,-0.007718553300946951,-0.034277141536380284
0,2020-12-07,3463.6090814198105,9.610201535471184,0.03197367861866951,0.007234690272575506
0,2020-12-08,3471.3322401135083,9.586381039733961,0.0022298009134829044,-0.023820495737222558
0,2020-12-09,3475.7797028166883,9.612985300736021,0.0012811976484954357,0.026604261002059815
0,2020-12-10,3484.349619755081,9.5883194051008,0.0024656099267303944,-0.024665895635221702
0,2020-12-11,3443.330203494756,9.557715521949751,-0.011772474274039268,-0.03060388315104845
0,2020-12-14,3524.089913785289,9.400144598549977,0.023453954607248306,-0.1575709233997742
0,2020-12-15,3474.2358661586854,9.357292126121747,-0.014146644622087479,-0.04285247242822976
0,2020-12-16,3556.0477791084672,9.332479507983608,0.023548174649477005,-0.02481261813813873
0,2020-12-17,3481.831750033884,9.459770049791459,-0.02087036892771721,0.1272905418078505
0,2020-12-18,3417.5311296363716,9.500536777617523,-0.01846746914088726,0.04076672782606394
0,2020-12-21,3413.7618640784212,9.489456381479522,-0.0011029206216335297,-0.011080396138000381
0,2020-12-22,3426.449505906101,9.492157332219813,0.0037166159600019455,0.002700950740290864
0,2020-12-23,3386.897028755271,9.62019617753348,-0.011543283239006996,0.12803884531366627
0,2020-12-24,3367.2815473615915,9.603047156786975,-0.005791578907519579,-0.017149020746504817
0,2020-12-28,3470.342152396827,9.65321331217462,0.030606471002101898,0.050166155387644906
0,2020-12-29,3491.221187409036,9.60445192038506,0.006016419734805822,-0.04876139178955974
0,2020-12-30,3538.1332308401074,9.556012185240144,0.013437144458293915,-0.04843973514491573
0,2020-12-31,3520.249601486755,9.554775467798422,-0.0050545381382107735,-0.0012367174417224902
0,2021-01-04,3557.921066956171,9.52210017174927,0.010701362043619156,-0.03267529604915076
0,2021-01-05,3540.9231125256756,9.336087896080972,-0.004777496214956045,-0.1860122756682987
0,2021-01-06,3574.672411419212,9.413615534357863,0.009531214833259583,0.0775276382768908
0,2021-01-07,3546.575012646104,9.388574192302261,-0.007860132493078709,-0.02504134205560149
0,2021-01-08,3501.0697058185247,9.455683564041037,-0.01283077523112297,0.06710937173877518
0,2021-01-11,3498.95903258167,9.432853717882143,-0.0006028652423992753,-0.02282984615889383
0,2021-01-12,3497.2349931336043,9.503671638559155,-0.0004927292466163635,0.07081792067701187
0,2021-01-13,3456.5758409065475,9.547806199023944,-0.011626085266470909,0.04413456046478892
0,2021-01-14,3447.8108281713767,9.548599199750349,-0.0025357501581311226,0.000793000726405424
0,2021-01-15,3422.223473107122,9.492181805840035,-0.007421333808451891,-0.05641739391031386
0,2021-01-19,3450.6338014887515,9.487259802230003,0.008301716297864914,-0.004922003610031922
0,2021-01-20,3428.8256924726647,9.48543898236194,-0.006320029962807894,-0.0018208198680635945
0,2021-01-21,3469.0904141688206,9.426366296452816,0.01174300629645586,-0.059072685909123734
0,2021-01-22,3477.632036471816,9.453646264417944,0.0024622080381959677,0.02727996796512855
0,2021-01-25,3424.3252527433697,9.459413710400224,-0.015328471548855305,0.005767445982279185
0,2021-01-26,3436.0930428563947,9.480230716116006,0.0034365281462669373,0.0208170057157826
0,2021-01-27,3465.2224086218175,9.444113664177257,0.008477467112243176,-0.036117051938749256
0,2021-01-28,3506.8138753425756,9.423483894647765,0.01200253888964653,-0.020629769529492137
0,2021-01-29,3534.7923133238573,9.531916128252885,0.007978307083249092,0.10843223360511978
0,2021-02-01,3502.750272436793,9.525278916391484,-0.009064759127795696,-0.006637211861400871
0,2021-02-02,3453.6632191914596,9.511893437759515,-0.014013860374689102,-0.01338547863196915
0,2021-02-03,3524.3691259006237,9.456060328461747,0.020472727715969086,-0.05583310929776708
0,2021-02-04,3577.46350199128,9.224582177792128,0.01506493054330349,-0.23147815066961996
0,2021-02-05,3618.2322466527353,9.149791873048335,0.011395991779863834,-0.074790304743793
0,2021-02-08,3610.5127765664897,9.021295414204351,-0.002133492147549987,-0.12849645884398342
0,2021-02-09,3696.8881239947555,9.047826112758528,0.023923290893435478,0.026530698554177334
0,2021-02-10,3669.9520425589094,9.11417582302445,-0.007286150008440018,0.0663497102659214
0,2021-02-11,3628.6864218644764,9.190417489684418,-0.011244185268878937,0.07624166665996768
0,2021-02-12,3653.4847715127003,9.263954534926764,0.006833974272012711,0.07353704524234672
0,2021-02-16,3646.23573127592,9.270001633433322,-0.0019841440953314304,0.006047098506558157
0,2021-02-17,3674.1687668819955,9.279828657763021,0.007660787086933851,0.00982702432969873
0,2021-02-18,3703.990871081662,9.226413511164804,0.008116694167256355,-0.05341514659821733
0,2021-02-19,3709.455148683968,9.32008310805435,0.00147524056956172,0.09366959688954601
0,2021-02-22,3728.5972645057523,9.221013098244775,0.005160357803106308,-0.0990700098095747
0,2021-02-23,3778.495821757677,9.14080359436797,0.01338266208767891,-0.08020950387680514
0,2021-02-24,3776.8363377438727,9.187963440535832,-0.00043919170275330544,0.04715984616786173
0,2021-02-25,3751.857173816104,9.173173044098382,-0.006613779813051224,-0.014790396437449616
0,2021-02-26,3746.1667607783997,9.280797759167376,-0.001516692340373993,0.10762471506899374
0,2021-03-01,3687.7784371961498,9.467650806782745,-0.015586151741445065,0.1868530476153687
0,2021-03-02,3718.45605890019,9.50605730864575,0.008318726904690266,0.03840650186300465
0,2021-03-03,3682.3409923888735,9.380082957907193,-0.009712382219731808,-0.12597435073855578
0,2021-03-04,3664.6508469784926,9.012191576554144,-0.00480404868721962,-0.3678913813530489
0,2021-03-05,3765.3695501368843,9.107204029183759,0.027483846992254257,0.09501245262961433
0,2021-03-08,3749.8151784020247,9.198092146477126,-0.0041309017688035965,0.09088811729336754
0,2021-03-09,3762.1594753820855,9.111238759320013,0.003291974775493145,-0.0868533871571131
0,2021-03-10,3769.4628736604222,9.108368450259247,0.0019412782276049256,-0.0028703090607660187
0,2021-03-11,3806.6796967754512,8.983681462966077,0.009873243048787117,-0.1246869872931704
0,2021-03-12,3880.7499837709,8.9925360104528,0.019457977265119553,0.008854547486723874
0,2021-03-15,3865.728906588302,8.963580494256819,-0.0038706634659320116,-0.0289555161959818
0,2021-03-16,3886.51489928138,8.959236155836624,0.00537699181586504,-0.00434433842019466
0,2021-03-17,3915.0356730667795,8.944587729079482,0.00733839301392436,-0.01464842675714273
0,2021-03-18,3896.690033532169,8.917057379257932,-0.00468594441190362,-0.027530349821550004
0,2021-03-19,3936.0788928507827,8.830808751155901,0.010108286514878273,-0.08624862810203027
0,2021-03-22,3945.7789139832144,8.911387202864491,0.0024643868673592806,0.08057845170858968
0,2021-03-23,3922.7072076747845,8.969716263690797,-0.005847186781466007,0.05832906082630629
0,2021-03-24,3933.0494386757255,8.936284379169615,0.002636503428220749,-0.03343188452118184
0,2021-03-25,3935.541377336764,8.998571145925627,0.0006335894577205181,0.06228676675601186
0,2021-03-26,3956.533998945812,9.039577898253597,0.005334112793207169,0.04100675232797002
0,2021-03-29,3918.3373233466987,9.09936417623251,-0.009654074907302856,0.05978627797891356
0,2021-03-30,3948.6670652804205,8.968351696399745,0.007740462198853493,-0.13101247983276565
0,2021-03-31,4004.4189471770496,8.934402132769296,0.014119165018200874,-0.033949563630448765
0,2021-04-01,4026.846366465589,8.922600887247317,0.005600667558610439,-0.011801245521979808
0,2021-04-05,4043.8503052238907,8.937944640860746,0.004222644027322531,0.0153437536134291
0,2021-04-06,4002.255232368044,8.926114829071839,-0.010286007076501846,-0.011829811788906852
0,2021-04-07,4031.3004133344334,8.942725987085355,0.007257203571498394,0.016611158013516203
0,2021-04-08,4095.686269534421,8.87795867388193,0.015971485525369644,-0.06476731320342566
0,2021-04-09,4123.888830662865,8.84340424756616,0.006885918322950602,-0.034554426315770215
0,2021-04-12,4184.040479032452,8.830934452956116,0.014586146920919418,-0.012469794610042939
0,2021-04-13,4192.879857413528,8.784152609610551,0.0021126416977494955,-0.04678184334556512
0,2021-04-14,4241.920134115386,8.866840001791575,0.011696084402501583,0.08268739218102361
0,2021-04-15,4131.641854709794,8.932732526035126,-0.025997254997491837,0.06589252424355152
0,2021-04-16,4201.066364308822,8.846334649343412,0.016803128644824028,-0.08639787669171461
0,2021-04-19,4167.199951850591,8.803680169619561,-0.008061384782195091,-0.042654479723850613
0,2021-04-20,4216.271448075738,8.753709846277168,0.011775651946663857,-0.04997032334239293
0,2021-04-21,4107.087943944851,8.82783555056261,-0.025895748287439346,0.07412570428544107
0,2021-04-22,4019.335733912786,8.43212628194772,-0.021366041153669357,-0.39570926861488864
0,2021-04-23,4224.932878545305,8.160756592631088,0.05115202069282532,-0.2713696893166322
0,2021-04-26,4210.244255865002,8.24001453683768,-0.003476652316749096,0.07925794420659216
0,2021-04-27,4161.710566692542,8.241696687816034,-0.011527523398399353,0.0016821509783540023
0,2021-04-28,4111.921462923982,8.276722219248727,-0.01196361519396305,0.0350255314326926
0,2021-04-29,4202.337588838465,8.193350699494845,0.021988777443766594,-0.08337151975388224
0,2021-04-30,4131.5649180593855,8.28658841952179,-0.016841262578964233,0.09323772002694497
0,2021-05-03,4230.6641978779,8.557113458550655,0.02398589439690113,0.2705250390288647
0,2021-05-04,4145.234421939909,8.605810202268163,-0.02019299380481243,0.04869674371750854
0,2021-05-05,4134.343406815419,8.541765866468817,-0.0026273580733686686,-0.06404433579934654
0,2021-05-06,4211.358407460092,8.41759271987155,0.018628109246492386,-0.12417314659726664
0,2021-05-07,4283.157824170138,8.299104596560644,0.017048992216587067,-0.11848812331090564
0,2021-05-10,4309.876507733478,8.556858632408957,0.006238080561161041,0.257754035848313
0,2021-05-11,4243.936303930742,8.585266102612868,-0.015299789607524872,0.02840747020391099
