path_id,Date,sp500_abs,DGS10_abs,sp500,DGS10
0,1996-05-07,463.10966597269714,12.527138146279027,-0.01912582293152809,-0.04725454680243679
0,1996-05-08,477.6007617743373,12.635347445480898,0.03129085153341293,0.10820929920187083
0,1996-05-09,464.00626842934196,12.817454270361758,-0.02846413664519787,0.18210682488085972
0,1996-05-10,457.31973010554435,12.895372433477686,-0.014410448260605335,0.07791816311592825
0,1996-05-13,442.0566318862156,12.937164968487492,-0.03337511420249939,0.041792535009806286
0,1996-05-14,453.2252506646542,12.73196231215788,0.025265131145715714,-0.20520265632961276
0,1996-05-15,464.79446168870885,12.50822177236585,0.02552640438079834,-0.22374053979202913
0,1996-05-16,465.669577088067,12.47928698671776,0.0018828008323907852,-0.028934785648090156
0,1996-05-17,469.87582383618064,12.388088835879108,0.009032685309648514,-0.09119815083865213
0,1996-05-20,462.01500554089546,12.278669355648058,-0.0167295653373003,-0.10941948023105041
0,1996-05-21,464.7746745610127,12.184651211060993,0.005973115563392639,-0.09401814458706426
0,1996-05-22,478.6198719297885,12.052171102280635,0.02978905290365219,-0.1324801087803582
0,1996-05-23,475.17447084908423,12.154946112249087,-0.007198616862297058,0.10277500996845212
0,1996-05-24,468.33168067082937,12.302585342746621,-0.014400584623217583,0.1476392304975338
0,1996-05-28,466.48898331143306,12.439892609871011,-0.003934598993510008,0.13730726712439
0,1996-05-29,464.2485905121004,12.540375018373112,-0.004802670329809189,0.100482408502101
0,1996-05-30,472.1670243634953,12.435711529746287,0.017056452110409737,-0.10466348862682473
0,1996-05-31,477.53454123822564,12.45616091403435,0.011367835104465485,0.020449384288061978
0,1996-06-03,481.2468534278966,12.527457561359297,0.0077739134430885315,0.07129664732494767
0,1996-06-04,484.3573723950665,12.318628647975085,0.0064634582959115505,-0.2088289133842114
0,1996-06-05,488.82072517202243,12.22267102722064,0.00921499915421009,-0.09595762075444547
0,1996-06-06,488.9439835937039,12.088624296575327,0.0002521546557545662,-0.1340467306453128
0,1996-06-07,492.85557799714724,12.007182860100043,0.00800008699297905,-0.08144143647528423
0,1996-06-10,493.07647617220834,11.969152333582675,0.0004482006188482046,-0.03803052651736749
0,1996-06-11,501.5693672136077,11.864064038807012,0.01722428761422634,-0.10508829477566373
0,1996-06-12,491.6838149207032,12.09478948520833,-0.01970924250781536,0.2307254464013191
0,1996-06-13,485.4669119316867,12.228267649531132,-0.012644107453525066,0.1334781643228009
0,1996-06-14,481.6973957611185,12.285993768220628,-0.007764723151922226,0.057726118689496175
0,1996-06-17,477.7689944979561,12.231701212841005,-0.008155330084264278,-0.05429255537962341
0,1996-06-18,465.66332302132065,12.26896152679093,-0.02533791773021221,0.03726031394992546
0,1996-06-19,467.8188534319248,12.06200764178408,0.0046289460733532906,-0.2069538850068504
0,1996-06-20,473.9856085656692,11.961956540311972,0.013181929476559162,-0.10005110147210772
0,1996-06-21,476.9264210880591,11.849690052532775,0.0062044342048466206,-0.11226648777919657
0,1996-06-24,485.5895149251417,11.799949696046188,0.01816442422568798,-0.0497403564865877
0,1996-06-25,487.1893904591997,11.857678405478325,0.003294707741588354,0.05772870943213704
0,1996-06-26,478.20848169860227,12.025431432597339,-0.01843412220478058,0.16775302711901396
0,1996-06-27,477.7923674517457,12.019059150828463,-0.0008701523765921593,-0.0063722817688756095
0,1996-06-28,478.4173393113696,12.00268816490672,0.0013080406934022903,-0.016370985921742687
0,1996-07-01,483.2452448423222,11.96863283282891,0.010091410018503666,-0.034055332077810974
0,1996-07-02,487.81238981020374,11.80501876426518,0.009450987912714481,-0.16361406856372973
0,1996-07-03,493.8825794208807,11.769193790007744,0.012443697080016136,-0.03582497425743547
0,1996-07-05,495.9807799301565,11.793279019003599,0.00424837926402688,0.024085228995854635
0,1996-07-08,494.77705913137606,11.638624471174415,-0.002426950493827462,-0.15465454782918364
0,1996-07-09,506.2979418603133,11.556017512983667,0.023284997791051865,-0.08260695819074826
0,1996-07-10,512.6493631657088,11.58844906764935,0.012544829398393631,0.03243155466568304
0,1996-07-11,513.6371937308085,11.488221791638574,0.0019269126933068037,-0.10022727601077541
0,1996-07-12,511.75808409014286,11.615961461346908,-0.0036584376357495785,0.12773966970833328
0,1996-07-15,504.7468467701995,11.660314639871974,-0.01370029617100954,0.04435317852506593
0,1996-07-16,504.28658606333835,11.756805835297603,-0.0009118644520640373,0.09649119542562978
0,1996-07-17,500.309643039514,11.799432562240154,-0.00788627564907074,0.042626726942550874
0,1996-07-18,503.7804764658284,11.793761789366656,0.006937370635569096,-0.005670772873498819
0,1996-07-19,496.6162243876196,11.863362808703673,-0.014220979996025562,0.06960101933701779
0,1996-07-22,497.50213134548767,12.011395612061259,0.0017838864587247372,0.1480328033575855
0,1996-07-23,492.2097136449227,11.907292456862796,-0.010637979954481125,-0.10410315519846236
0,1996-07-24,506.3869704108219,11.82034676015511,0.028803285211324692,-0.08694569670768715
0,1996-07-25,508.9149887242182,11.835291877549519,0.004992265719920397,0.014945117394409735
0,1996-07-26,508.4209865744158,11.756316026872382,-0.0009706967975944281,-0.07897585067713742
0,1996-07-29,522.0219687367703,11.730869564438962,0.02675141766667366,-0.02544646243342008
0,1996-07-30,518.3255904188551,11.680603008953925,-0.007080886512994766,-0.050266555485036335
0,1996-07-31,528.8843939267623,11.690729531483054,0.020370986312627792,0.010126522529128934
0,1996-08-01,526.0009026284052,11.73080902530682,-0.005452025681734085,0.0400794938237663
0,1996-08-02,521.506594226531,11.804994021158521,-0.008544297888875008,0.07418499585170046
0,1996-08-05,515.5148528548237,11.748831629905268,-0.011489291675388813,-0.05616239125325251
0,1996-08-06,529.2189489106682,11.726404061169713,0.026583319529891014,-0.02242756873555507
0,1996-08-07,534.0099696655361,11.679301391834617,0.009053003042936325,-0.047102669335096436
0,1996-08-08,530.2588934434582,11.611540768705993,-0.007024356164038181,-0.06776062312862408
0,1996-08-09,529.58398219239,11.659256870559394,-0.0012727957218885422,0.04771610185340158
0,1996-08-12,524.6179425310461,11.668699976308208,-0.009377246722579002,0.009443105748813352
0,1996-08-13,517.6713119398393,11.711353672810105,-0.013241313397884369,0.04265369650189754
0,1996-08-14,519.1200177606263,11.716764997368898,0.002798505127429962,0.005411324558792785
0,1996-08-15,522.6768342621904,11.801548744390283,0.006851626560091972,0.08478374702138503
0,1996-08-16,522.5033536401268,11.730306742750928,-0.0003319079987704754,-0.07124200163935512
0,1996-08-19,523.361896386659,11.665669394779412,0.0016431334661319852,-0.06463734797151588
0,1996-08-20,523.6697806539266,11.740817228417647,0.0005882817786186934,0.07514783363823518
0,1996-08-21,519.162148534236,11.83005711028121,-0.008607775904238224,0.08923988186356269
0,1996-08-22,516.4205934800567,11.836490327332694,-0.005280729848891497,0.006433217051483808
0,1996-08-23,520.716235049707,11.859489743608709,0.008318106643855572,0.022999416276014983
0,1996-08-26,517.4375922653212,11.772493166113234,-0.006296409759670496,-0.08699657749547463
0,1996-08-27,525.130527446367,11.80406157860691,0.014867368154227734,0.03156841249367659
0,1996-08-28,519.9551791165114,11.776759387620865,-0.009855356067419052,-0.02730219098604536
0,1996-08-29,515.784608053875,11.765614337678109,-0.008021020330488682,-0.011145049942756557
0,1996-08-30,517.3453462136888,11.79787079333335,0.003025949466973543,0.03225645565524182
0,1996-09-03,503.1675850219777,11.835160414061319,-0.02740482985973358,0.03728962072796804
0,1996-09-04,503.6459790828641,11.756965308088624,0.0009507648646831512,-0.07819510597269463
0,1996-09-05,493.5735025160393,11.773082920916819,-0.019999120384454727,0.016117612828194794
0,1996-09-06,493.4377486584802,11.822806414050206,-0.0002750428393483162,0.049723493133386754
0,1996-09-09,498.36069151877706,11.887337174152579,0.009976826608181,0.06453076010237346
0,1996-09-10,491.07615154635465,11.88125791041247,-0.014617003500461578,-0.006079263740108587
0,1996-09-11,496.4841030429819,11.839661758926523,0.011012449860572815,-0.04159615148594753
0,1996-09-12,494.6313961412081,11.808645789418918,-0.0037316540256142616,-0.03101596950760488
0,1996-09-13,500.4498719010205,11.507347516041417,0.011763256043195724,-0.30129827337750115
0,1996-09-16,522.3295698755257,11.469606828612088,0.0437200590968132,-0.0377406874293289
0,1996-09-17,530.3218155468411,11.427486025642331,0.015301154926419258,-0.042120802969757065
0,1996-09-18,525.191286424887,11.112421841432486,-0.009674369357526302,-0.31506418420984517
0,1996-09-19,534.5242054763492,10.957075239605123,0.017770513892173767,-0.15534660182736282
0,1996-09-20,537.4616403390285,10.87486109359497,0.005495419725775719,-0.08221414601015375
0,1996-09-23,537.9562409584805,10.829902747877378,0.0009202528744935989,-0.04495834571759083
0,1996-09-24,545.3530836193809,10.885483038066123,0.013749896548688412,0.055580290188744996
0,1996-09-25,545.6424528353853,11.02375404867136,0.0005306089296936989,0.13827101060523717
0,1996-09-26,536.7705484703854,10.99931483860502,-0.016259556636214256,-0.024439210066340422
0,1996-09-27,552.7986915827571,10.838711399486188,0.029860325157642365,-0.16060343911883201
0,1996-09-30,551.0535181802968,10.7116269369422,-0.0031569781713187695,-0.12708446254398886
0,1996-10-01,566.4745984920349,10.553469817137506,0.027984723448753357,-0.15815711980469338
0,1996-10-02,574.0901136008204,10.743338620746997,0.013443700969219208,0.18986880360949066
0,1996-10-03,569.7000549113643,10.727206706815418,-0.007646985352039337,-0.01613191393157898
0,1996-10-04,575.1746013533436,10.689628157925801,0.00960952416062355,-0.037578548889616314
0,1996-10-07,577.9257417453405,10.764386407296483,0.004783139564096928,0.07475824937068154
0,1996-10-08,578.1120923258097,10.704982957548264,0.0003224472748115659,-0.05940344974821876
0,1996-10-09,585.7967344300133,10.700980253389282,0.013292650692164898,-0.004002704158981629
0,1996-10-10,587.1337867177912,10.773071567513371,0.002282450906932354,0.07209131412408887
0,1996-10-11,575.5868695659651,11.04856837428721,-0.019666586071252823,0.27549680677383925
0,1996-10-16,579.8969397482631,11.011471697755002,0.007488131523132324,-0.03709667653220805
0,1996-10-17,588.8880846485632,10.923705702228716,0.015504729002714157,-0.08776599552628639
0,1996-10-18,587.6870270800702,11.044944280981877,-0.002039534505456686,0.12123857875316091
0,1996-10-21,586.309999938033,11.12130021097127,-0.002343130065128207,0.07635592998939345
0,1996-10-22,569.9573288642607,11.460342901324417,-0.027890827506780624,0.33904269035314627
0,1996-10-23,565.8313340113868,11.54237816270473,-0.007239129394292831,0.08203526138031414
0,1996-10-24,565.8937829001197,11.370894870417278,0.00011036661453545094,-0.17148329228745318
0,1996-10-25,574.188433852671,11.29653847935681,0.014657611027359962,-0.07435639106046743
0,1996-10-28,575.4241799255456,11.354226728774083,0.002152161207050085,0.05768824941727324
0,1996-10-29,566.7932129178686,11.265076994984014,-0.014999312348663807,-0.08914973379006952
0,1996-10-30,573.0458952164805,11.058362712801447,0.011031681671738625,-0.20671428218256693
0,1996-10-31,574.9665734255326,11.137875395414406,0.0033517004922032356,0.0795126826129593
0,1996-11-01,571.3064202634378,11.100136941312016,-0.006365853827446699,-0.037738454102390406
0,1996-11-04,567.4134661077936,11.163213417977772,-0.006814126390963793,0.06307647666575633
0,1996-11-05,556.1139471446755,11.236208102832732,-0.019914083182811737,0.07299468485495986
0,1996-11-06,556.4513439807549,11.658259660022052,0.0006067045032978058,0.4220515571893202
0,1996-11-07,538.0765240890014,11.77789456917044,-0.03302143141627312,0.11963490914838815
0,1996-11-08,548.921363993538,11.85710131538126,0.02015482820570469,0.07920674621082036
0,1996-11-13,542.661522915726,11.927993431870945,-0.011403894051909447,0.0708921164896843
0,1996-11-14,535.8098973632974,12.009731528798104,-0.012625965289771557,0.08173809692715928
0,1996-11-15,536.9858997598404,11.940366203787757,0.0021948127541691065,-0.06936532501034698
0,1996-11-18,544.3008911593952,11.874720357095708,0.013622315600514412,-0.06564584669204976
0,1996-11-19,543.1724427750468,12.00025627130869,-0.002073206938803196,0.12553591421298194
0,1996-11-20,547.4731694883848,11.945808321301806,0.007917792536318302,-0.054447950006883516
0,1996-11-21,550.8750654347373,11.966383515508511,0.006213813088834286,0.02057519420670495
0,1996-11-22,544.2366627819932,12.096923160928107,-0.012050650082528591,0.13053964541959573
0,1996-11-25,556.1154068343428,11.811432854138518,0.021826431155204773,-0.28549030678958864
0,1996-11-26,551.8768491210682,11.696851854361565,-0.007621723227202892,-0.11458099977695291
0,1996-11-27,562.9992236589732,11.887031414260377,0.020153725519776344,0.1901795598988123
0,1996-11-29,532.5955261016229,11.813920490783946,-0.05400308966636658,-0.07311092347643111
0,1996-12-02,554.9222136522196,11.625776601159416,0.041920531541109085,-0.18814388962453066
0,1996-12-03,552.5435102949509,11.669004347948794,-0.004286552779376507,0.043227746789378685
0,1996-12-04,563.5782867708903,11.691247326650865,0.01997087337076664,0.022242978702070815
0,1996-12-05,551.5900216551603,11.701692532565069,-0.02127169445157051,0.010445205914203726
0,1996-12-06,551.5569493113676,11.798196230448387,-5.9958198107779026e-05,0.09650369788331759
0,1996-12-09,546.6679395376666,11.861109577608007,-0.008864016272127628,0.06291334715962016
0,1996-12-10,545.8235662279609,11.752535530010444,-0.001544581726193428,-0.10857404759756228
0,1996-12-11,552.9635260832869,11.76361291658201,0.013081076554954052,0.011077386571566095
0,1996-12-12,541.3781673253218,11.938253056257617,-0.020951397716999054,0.17464013967560632
0,1996-12-13,538.4666232034621,11.996299525454415,-0.005378022789955139,0.0580464691967979
0,1996-12-16,535.5670545181647,11.914028879855026,-0.005384862422943115,-0.08227064559938846
0,1996-12-17,536.1365748751326,12.165910166338762,0.0010633969213813543,0.2518812864837354
0,1996-12-18,518.0544157002331,12.028228120760268,-0.033726777881383896,-0.13768204557849373
0,1996-12-19,531.1840713475473,11.994783404296939,0.025344163179397583,-0.033444716463328916
0,1996-12-20,531.0777233435714,11.986569703260066,-0.0002002093242481351,-0.008213701036872578
0,1996-12-23,534.1861851138062,11.84941048296113,0.0058531202375888824,-0.1371592202989369
0,1996-12-24,535.3001738998594,11.657349188813201,0.002085394226014614,-0.19206129414792805
0,1996-12-26,546.8831727591688,11.541001751620238,0.021638324484229088,-0.11634743719296381
0,1996-12-27,552.5462572186501,11.59334264833447,0.010355199687182903,0.0523408967142327
0,1996-12-30,546.1522492499015,11.425059854621164,-0.011571896262466908,-0.16828279371330623
0,1996-12-31,559.1101300920508,11.232270761033623,0.02372576668858528,-0.1927890935875407
0,1997-01-02,554.4467969044783,11.152451826514413,-0.008340634405612946,-0.07981893451920996
0,1997-01-03,555.1697074410616,11.119534662121183,0.0013038411270827055,-0.03291716439323089
0,1997-01-06,559.0260585657182,11.108788596041014,0.006946256384253502,-0.010746066080168148
0,1997-01-07,574.1225187727247,11.148962109301555,0.02700493112206459,0.04017351326054097
0,1997-01-08,574.6131724255212,11.10876057788974,0.0008546148892492056,-0.040201531411815594
0,1997-01-09,569.8971857361604,11.115207160264703,-0.008207237347960472,0.0064465823749628726
0,1997-01-10,584.0603545566761,11.029197926817906,0.024852147325873375,-0.08600923344679678
0,1997-01-13,579.2123806273796,10.972254305414667,-0.008300467394292355,-0.05694362140323861
0,1997-01-14,575.9658922258227,11.05836089801163,-0.005605005193501711,0.08610659259696263
0,1997-01-15,571.5481385070658,10.90712979902115,-0.007670165505260229,-0.15123109899047904
0,1997-01-16,577.9915085618863,11.029689034914075,0.011273538693785667,0.12255923589292372
0,1997-01-17,568.1768252653254,10.962064547969929,-0.016980670392513275,-0.0676244869441458
0,1997-01-22,573.1890656548729,11.172746489854514,0.008821620605885983,0.21068194188458556
0,1997-01-23,555.5811378736871,11.047709169219806,-0.030719231814146042,-0.12503732063470885
0,1997-01-24,566.0610276092691,11.055025386170096,0.018862932920455933,0.007316216950290055
0,1997-01-27,560.0120621072725,11.009886874153665,-0.010686066001653671,-0.04513851201643071
0,1997-01-28,565.8392151776806,10.890804594865312,0.010405406355857849,-0.11908227928835302
0,1997-01-29,572.1823392597622,10.837899376873782,0.011210117489099503,-0.052905217991529696
0,1997-01-30,583.8089182056289,10.81377694837486,0.020319709554314613,-0.024122428498921877
0,1997-01-31,579.7473480727516,10.796015637376263,-0.006957019679248333,-0.01776131099859768
0,1997-02-03,578.7136221987138,10.811233268357311,-0.0017830627039074898,0.015217630981048558
0,1997-02-04,570.7579543312029,10.891161922171174,-0.013747158460319042,0.07992865381386238
0,1997-02-05,565.7475277764293,10.917685946731586,-0.008778548799455166,0.026524024560412585
0,1997-02-06,567.943619651651,10.92505408240978,0.0038817524909973145,0.00736813567819361
0,1997-02-07,567.0378441045634,10.932570892620536,-0.0015948335640132427,0.00751681021075612
0,1997-02-10,574.4531739360855,10.996521949414417,0.013077310286462307,0.06395105679388102
0,1997-02-11,568.082747620786,10.829371347330232,-0.011089548468589783,-0.16715060208418464
0,1997-02-12,576.861753359454,10.771511679466517,0.015453744679689407,-0.0578596678637151
0,1997-02-13,581.8572003594229,10.762103901972191,0.008659695275127888,-0.009407777494326197
0,1997-02-14,578.5486768721843,10.700160861158222,-0.005686143413186073,-0.06194304081396851
0,1997-02-18,591.0306976222279,10.539662149193823,0.021574711427092552,-0.16049871196439902
0,1997-02-19,601.2056524457181,10.564248165522825,0.017215611413121223,0.02458601632900148
0,1997-02-20,610.1989769678817,10.563094914227316,0.014958815649151802,-0.00115325129550925
0,1997-02-21,595.3848980893773,10.588229289281962,-0.0242774561047554,0.02513437505464644
0,1997-02-24,597.6394375555503,10.531962004491168,0.0037866923958063126,-0.05626728479079368
0,1997-02-25,591.038034327225,10.532346775743694,-0.011045795865356922,0.00038477125252533995
0,1997-02-26,594.9061133658086,10.53517093708207,0.006544551812112331,0.00282416133837593
0,1997-02-27,592.10098072775,10.596718651404231,-0.004715252667665482,0.06154771432216144
0,1997-02-28,597.029745675982,10.563078497732738,0.008324196562170982,-0.03364015367149342
0,1997-03-03,596.194279102239,10.412935732555354,-0.0013993717730045319,-0.15014276517738345
0,1997-03-04,602.6330714309667,10.38638581312193,0.010799822397530079,-0.026549919433424662
0,1997-03-05,608.364889969353,10.419154842388837,0.009511291049420834,0.03276902926690717
0,1997-03-06,607.1759340771279,10.442517120121932,-0.001954346662387252,0.023362277733095738
0,1997-03-07,612.826018472124,10.410159763624241,0.009305514395236969,-0.032357356497691114
0,1997-03-10,614.5122126129077,10.425368099512992,0.0027515054680407047,0.015208335888750923
0,1997-03-11,620.071841221055,10.336094114057548,0.009047222323715687,-0.08927398545544385
0,1997-03-12,624.0035897734119,10.232541327011505,0.006340795196592808,-0.1035527870460431
0,1997-03-13,628.4375286236696,10.160358748737687,0.007105630356818438,-0.07218257827381791
0,1997-03-14,632.8919353529031,10.061258406523097,0.007088066078722477,-0.09910034221459085
0,1997-03-17,636.4149646413547,10.078391879634248,0.00556655740365386,0.01713347311115143
0,1997-03-18,631.6000796653503,10.057563403894727,-0.007565637584775686,-0.020828475739520513
0,1997-03-19,629.6411557051483,10.088945473303676,-0.003101525828242302,0.03138206940894861
0,1997-03-20,634.6382300320298,10.135322254381014,0.007936384528875351,0.046376781077338336
0,1997-03-21,631.5829643518354,10.113959585959748,-0.004814184736460447,-0.021362668421266662
0,1997-03-24,636.2426024846351,10.118394224337129,0.007377713453024626,0.004434638377381006
0,1997-03-25,635.3081505993831,10.11492654475849,-0.0014687037328258157,-0.003467679578639249
0,1997-03-26,636.2461610863018,10.042439755290234,0.001476465375162661,-0.07248678946825571
0,1997-03-27,634.405493889052,10.189159138160223,-0.002893011085689068,0.1467193828699891
0,1997-03-31,626.6359399196381,10.257205320546765,-0.01224698405712843,0.06804618238654214
0,1997-04-01,618.6884490940752,10.338101347375153,-0.012682788074016571,0.08089602682838759
0,1997-04-02,602.9048608580633,10.438903289896583,-0.0255113672465086,0.10080194252143038
0,1997-04-03,585.1930359051865,10.420605994629588,-0.02937747910618782,-0.018297295266995306
0,1997-04-04,596.6555426584314,10.305708318200518,0.01958756521344185,-0.11489767642907012
0,1997-04-07,594.0659334180671,10.289000496265189,-0.004340208135545254,-0.016707821935328937
0,1997-04-08,600.9412675289904,10.216689130782767,0.011573351919651031,-0.07231136548242212
0,1997-04-09,598.9343434735308,10.162299759728093,-0.0033396342769265175,-0.054389371054673674
0,1997-04-10,606.5327850174572,10.18755829417133,0.012686601839959621,0.025258534443237224
0,1997-04-11,612.7461795979694,10.129108705147956,0.01024411991238594,-0.058449589023373605
0,1997-04-14,621.9880636300077,10.131750695915619,0.015082728117704391,0.00264199076766225
0,1997-04-15,617.5143618086794,10.207331092805859,-0.007192584685981274,0.07558039689024021
0,1997-04-16,612.8654813223985,10.283253987010957,-0.007528376299887896,0.07592289420509779
0,1997-04-17,605.6139303845368,10.343215089839788,-0.011832206510007381,0.05996110282883116
0,1997-04-18,602.8037182169309,10.23954804738906,-0.00464027002453804,-0.10366704245072711
0,1997-04-21,612.7195423958126,10.046422082585464,0.01644950732588768,-0.19312596480359723
0,1997-04-22,612.07370483122,10.004450387895423,-0.0010540508665144444,-0.041971694690040806
0,1997-04-23,601.6760943539017,10.102651781435068,-0.01698751375079155,0.09820139353964485
0,1997-04-24,596.002288448111,10.163954027984508,-0.009430000558495522,0.06130224654943994
0,1997-04-25,601.8862926448351,10.15880603400661,0.009872452355921268,-0.005147993977898224
0,1997-04-28,595.8338315895354,10.368742701942232,-0.010055821388959885,0.20993666793562227
0,1997-04-29,583.1967509833191,10.53405428598059,-0.021209068596363068,0.1653115840383581
0,1997-04-30,581.2144546135655,10.503211399475157,-0.0033990181982517242,-0.030842886505432432
0,1997-05-01,597.9803721100359,10.415307835851493,0.02884635329246521,-0.08790356362366403
0,1997-05-02,595.3258837505336,10.51465115538249,-0.004439089447259903,0.09934331953099651
0,1997-05-05,593.0583898132547,10.392314408685394,-0.0038088280707597733,-0.12233674669709593
0,1997-05-06,603.1269801805688,10.342340535057037,0.016977401450276375,-0.04997387362835681
0,1997-05-07,602.7001864455773,10.292726476878668,-0.0007076349575072527,-0.049614058178368836
0,1997-05-08,594.1183260476606,10.230960348043602,-0.014239020645618439,-0.061766128835065714
0,1997-05-09,605.6086813318962,10.156751755255028,0.01934017986059189,-0.07420859278857428
0,1997-05-12,608.6328222369993,10.029583709951103,0.0049935560673475266,-0.12716804530392523
0,1997-05-13,609.5113770142578,10.008183902743824,0.0014434889890253544,-0.02139980720727941
0,1997-05-14,609.2699714898898,9.99155471274808,-0.00039606401696801186,-0.016629189995743587
0,1997-05-15,615.4393060405337,10.155463107788773,0.010125781409442425,0.16390839504069277
0,1997-05-16,607.7632243360487,10.25426370582943,-0.012472524307668209,0.09880059804065766
0,1997-05-19,600.753358133755,10.36491353801797,-0.01153387688100338,0.11064983218853897
0,1997-05-20,588.0519607596867,10.42641731246331,-0.021142449229955673,0.06150377444533994
0,1997-05-21,588.3077375163715,10.549431025311076,0.00043495604768395424,0.12301371284776685
0,1997-05-22,590.9171239638285,10.501287272222516,0.004435410723090172,-0.048143753088560004
0,1997-05-23,581.6689108049876,10.484976373866939,-0.015650609508156776,-0.016310898355577308
0,1997-05-27,591.0642741090898,10.40555565836076,0.01615242473781109,-0.07942071550617946
0,1997-05-28,596.254259245243,10.32686389194834,0.008780745789408684,-0.07869176641241893
0,1997-05-29,598.6000143847731,10.268290418252988,0.00393415242433548,-0.05857347369535226
0,1997-05-30,604.9735806813353,10.124500426957356,0.010647454299032688,-0.1437899912956322
0,1997-06-02,617.0165100165987,9.983580191416435,0.019906537607312202,-0.14092023554092137
0,1997-06-03,623.0679563632076,9.897558564524555,0.009807592257857323,-0.08602162689187942
0,1997-06-04,625.7772609940614,9.871463487974271,0.004348329268395901,-0.02609507655028409
0,1997-06-05,620.4552055988647,9.736917219467575,-0.008504712022840977,-0.13454626850669626
0,1997-06-06,631.7990818674958,9.626847989106817,0.01828315109014511,-0.11006923036075733
0,1997-06-09,639.2578358824835,9.567534144148858,0.01180557906627655,-0.059313844957959105
0,1997-06-10,635.2118218213874,9.547324529098582,-0.006329236552119255,-0.020209615050276852
0,1997-06-11,642.9390983313367,9.500058976490614,0.012164881452918053,-0.04726555260796772
0,1997-06-12,638.6086275753505,9.507032282109806,-0.0067354291677474976,0.006973305619192516
0,1997-06-13,633.9407549022413,9.513995648155289,-0.0073094419203698635,0.006963366045482644
0,1997-06-16,641.1549664749518,9.405448889960343,0.011379946023225784,-0.10854675819494553
0,1997-06-17,628.6993411457604,9.537885029056742,-0.019426856189966202,0.13243613909639862
0,1997-06-18,603.3589304379742,9.683447225240315,-0.04030608758330345,0.14556219618357247
0,1997-06-19,599.9131672854588,9.710184860762183,-0.005710967350751162,0.026737635521868697
0,1997-06-20,606.1392216535155,9.790885491853674,0.010378259234130383,0.0807006310914904
0,1997-06-23,587.8247201104209,9.882347941073878,-0.030215008184313774,0.09146244922020408
0,1997-06-24,588.1992539429991,9.79168095485547,0.0006371522322297096,-0.09066698621840708
0,1997-06-25,598.054287979525,9.71774916752431,0.01675458438694477,-0.07393178733116024
0,1997-06-26,591.4886768701193,9.79862041232383,-0.010978286154568195,0.08087124479951946
0,1997-06-27,594.0457538097226,9.884793168331763,0.004323120694607496,0.08617275600793306
0,1997-06-30,598.429966569825,9.971461237688006,0.007380261085927486,0.08666806935624294
0,1997-07-01,586.5957177980912,10.017767924349279,-0.019775494933128357,0.04630668666127313
0,1997-07-02,596.9476587138391,9.984750004182079,0.01764748804271221,-0.03301792016720029
0,1997-07-03,594.6807219469645,9.943866746999458,-0.003797546960413456,-0.04088325718262098
0,1997-07-07,595.7814728528011,9.935760670124843,0.0018509947694838047,-0.008106076874614843
0,1997-07-08,599.3514983603234,9.975595714115274,0.005992172751575708,0.03983504399043092
0,1997-07-09,590.9917949929504,9.956098480920524,-0.013947914354503155,-0.019497233194750052
0,1997-07-10,599.3737323891128,9.899842204584244,0.014182832092046738,-0.0562562763362795
0,1997-07-11,606.1635422015522,9.864975668634472,0.01132817380130291,-0.034866535949772626
0,1997-07-14,602.8932047260781,9.863878277847942,-0.005395140498876572,-0.0010973907865299282
0,1997-07-15,609.8135932505588,9.945692672529322,0.01147863082587719,0.08181439468138052
0,1997-07-16,595.7848375926334,9.943038170075761,-0.023004990071058273,-0.002654502453561136
0,1997-07-17,599.7905660677575,9.884478961513397,0.006723448168486357,-0.05855920856236452
0,1997-07-18,592.9206452795815,9.751774914767799,-0.01145386602729559,-0.132704046745598
0,1997-07-21,592.9214335456268,9.74053960598265,1.3294629752635956e-06,-0.01123530878514778
0,1997-07-22,586.2159239697553,9.67868193058046,-0.011309271678328514,-0.06185767540219089
0,1997-07-23,587.7430721656891,9.666223972755104,0.002605095040053129,-0.012457957825356303
0,1997-07-24,597.5675443328926,9.564470057115177,0.01671558991074562,-0.10175391563992697
0,1997-07-25,601.5920497790603,9.674775632176082,0.006734812632203102,0.11030557506090588
0,1997-07-28,593.5483181983184,9.637810714935345,-0.013370741158723831,-0.036964917240737805
0,1997-07-29,606.1047984386425,9.52647602006026,0.021154941990971565,-0.11133469487508485
0,1997-07-30,620.201566148491,9.47734312542037,0.023257970809936523,-0.04913289463988946
0,1997-07-31,630.8489812189351,9.294085803286231,0.017167668789625168,-0.18325732213413914
0,1997-08-01,635.8070595499872,9.232400969424928,0.007859374396502972,-0.06168483386130319
0,1997-08-04,643.7435357860082,9.239306985249323,0.01248252298682928,0.006906015824394984
0,1997-08-05,643.5694656089572,9.26132804363582,-0.0002704029902815819,0.02202105838649615
0,1997-08-06,646.4275795184918,9.233351713874521,0.0044410340487957,-0.027976329761298047
0,1997-08-07,658.4770066988276,9.036750334489627,0.018640026450157166,-0.19660137938489441
0,1997-08-08,656.6767651481143,9.144497190045529,-0.0027339474763721228,0.10774685555590224
0,1997-08-11,656.1734629143258,9.055477912848689,-0.0007664383156225085,-0.08901927719684011
0,1997-08-12,667.7189245870127,9.009969508383017,0.017595136538147926,-0.045508404465671504
0,1997-08-13,671.6794731897538,9.008697285892211,0.0059314607642591,-0.001272222490806385
0,1997-08-14,682.592360053755,8.940209535767345,0.016247164458036423,-0.06848775012486641
0,1997-08-15,686.3876177314103,8.794656108069876,0.005560064688324928,-0.14555342769746815
0,1997-08-18,685.5980894481189,8.829693986743784,-0.0011502659181132913,0.03503787867390784
0,1997-08-19,687.4328869788686,8.660128150416494,0.0026761998888105154,-0.1695658363272905
0,1997-08-20,692.3002753917082,8.582161831260251,0.007080528885126114,-0.07796631915624275
0,1997-08-21,693.5701293055507,8.64033958686386,0.0018342530820518732,0.058177755603608716
0,1997-08-22,706.9975115476439,8.503540789588483,0.019359804689884186,-0.13679879727537703
0,1997-08-25,714.5910143298158,8.482722234846259,0.010740494355559349,-0.020818554742223938
0,1997-08-26,704.1567680481609,8.575829732878343,-0.014601703733205795,0.09310749803208473
0,1997-08-27,701.8023440109553,8.537266786956561,-0.0033436077646911144,-0.03856294592178244
0,1997-08-28,705.685576832271,8.567635704117707,0.005533228628337383,0.030368917161146314
0,1997-08-29,702.2886628740492,8.595155274056298,-0.004813636653125286,0.027519569938590394
0,1997-09-02,695.4627987324905,8.60045517034766,-0.009719456546008587,0.005299896291361961
0,1997-09-03,692.7834828816663,8.64868544856938,-0.0038525653071701527,0.04823027822171966
0,1997-09-04,697.7317882839488,8.725378107851974,0.007142643444240093,0.07669265928259428
0,1997-09-05,705.417852899842,8.70465092124187,0.011015786789357662,-0.020727186610104198
0,1997-09-08,715.3502388338121,8.668740341462716,0.01408014539629221,-0.035910579779153906
0,1997-09-09,729.6399268529957,8.62128593959608,0.01997579261660576,-0.047454401866636076
0,1997-09-10,729.6049935678044,8.666417281025764,-4.787743091583252e-05,0.04513134142968411
0,1997-09-11,726.5258739710085,8.690613975487794,-0.004220255650579929,0.024196694462030877
0,1997-09-12,724.3736484191464,8.740086207361433,-0.002962352242320776,0.04947223187363825
0,1997-09-15,721.0559422623286,8.775304823381285,-0.004580103326588869,0.03521861601985243
0,1997-09-16,714.5726286056575,8.710322846964978,-0.008991415612399578,-0.06498197641630732
0,1997-09-17,718.7882848394886,8.596427532542457,0.005899548996239901,-0.11389531442252121
0,1997-09-18,728.5200273375323,8.565965440547545,0.013539094477891922,-0.030462091994911233
0,1997-09-19,737.258375260808,8.434470044298589,0.01199465710669756,-0.13149539624895645
0,1997-09-22,740.9590875607,8.37743335141093,0.005019559524953365,-0.05703669288765845
0,1997-09-23,730.062862904336,8.362975127219517,-0.014705568552017212,-0.014458224191413294
0,1997-09-24,729.8678249979229,8.308386918619519,-0.00026715220883488655,-0.05458820859999847
0,1997-09-25,730.8038717220928,8.268625722733185,0.0012824879959225655,-0.03976119588633331
0,1997-09-26,731.345752881534,8.410000899163192,0.0007414864376187325,0.14137517643000663
0,1997-09-29,728.3707566964157,8.373018220007758,-0.004067838191986084,-0.036982679155434184
0,1997-09-30,738.3296900350845,8.353752475216227,0.013672890141606331,-0.019265744791530537
0,1997-10-01,733.5025049928779,8.225369937968118,-0.006537980400025845,-0.12838253724810933
0,1997-10-02,747.336285179831,8.193058529488543,0.018859894946217537,-0.032311408479575476
0,1997-10-03,740.0615960947166,8.220101742195876,-0.009734157472848892,0.027043212707333453
0,1997-10-06,752.0979999194011,8.312711123897488,0.0162640567868948,0.09260938170161204
0,1997-10-07,734.4174299370535,8.380102603210485,-0.023508332669734955,0.06739147931299705
0,1997-10-08,723.4679401840731,8.365128663693172,-0.014909082092344761,-0.014973939517313184
0,1997-10-09,746.4611533511834,8.316492498477965,0.031781937927007675,-0.04863616521520697
0,1997-10-10,735.6132337925769,8.372881215405835,-0.014532463625073433,0.056388716927870064
0,1997-10-15,734.0836789329633,8.35111721671482,-0.0020792922005057335,-0.021763998691014308
0,1997-10-16,733.7724430293767,8.402030855105217,-0.00042397878132760525,0.05091363839039609
0,1997-10-17,735.2707675389755,8.309372091373652,0.0020419470965862274,-0.09265876373156523
0,1997-10-20,744.8506814317614,8.449860050627503,0.013029096648097038,0.1404879592538517
0,1997-10-21,736.799124512846,8.465566872987424,-0.010809625498950481,0.01570682235992038
0,1997-10-22,744.7313018177974,8.41991604041838,0.010765725746750832,-0.04565083256904323
0,1997-10-23,734.14854886286,8.600155330275413,-0.014210162684321404,0.18023928985703286
0,1997-10-24,725.0352287609539,8.572627725350731,-0.012413455173373222,-0.02752760492468198
0,1997-10-27,725.0767453201572,8.560342719788967,5.726143717765808e-05,-0.012285005561764706
0,1997-10-28,723.5841289510402,8.56098565467226,-0.0020585632883012295,0.0006429348832934778
0,1997-10-29,730.4336867622675,8.603560793219854,0.009466152638196945,0.042575138547594094
0,1997-10-30,732.9424345281874,8.53533582308643,0.003434600308537483,-0.06822497013342499
0,1997-10-31,730.256320497481,8.59462403715171,-0.003664836287498474,0.05928821406528151
0,1997-11-03,726.0549747830739,8.614773460100643,-0.005753247998654842,0.020149422948932738
0,1997-11-04,737.5955007521768,8.547817797006763,0.01589483767747879,-0.06695566309388035
0,1997-11-05,736.4183951578348,8.447352154029799,-0.0015958687290549278,-0.10046564297696392
0,1997-11-06,750.8791152148389,8.488831573522477,0.019636554643511772,0.04147941949267775
0,1997-11-07,740.7222375202739,8.438255766751654,-0.01352664828300476,-0.05057580677082285
0,1997-11-10,760.2337058800764,8.43811981986134,0.026341140270233154,-0.0001359468903139316
0,1997-11-13,762.3772909657057,8.401985951234861,0.002819639630615711,-0.036133868626478716
0,1997-11-14,772.4560892184487,8.439424368260191,0.013220223598182201,0.037438417025329684
0,1997-11-17,765.278987675125,8.417200748703111,-0.009291274473071098,-0.022223619557079743
0,1997-11-18,754.4993707238825,8.254126973008036,-0.014085865579545498,-0.16307377569507508
0,1997-11-19,766.5639760379173,8.085597816847567,0.015990212559700012,-0.16852915616046893
0,1997-11-20,765.9840715964638,7.947637931477383,-0.0007564984261989594,-0.13795988537018467
0,1997-11-21,770.3489442369746,7.850792450564055,0.005698385648429394,-0.0968454809133279
0,1997-11-24,776.4912889477674,7.900736765639985,0.00797345768660307,0.04994431507593067
0,1997-11-25,766.4097771926524,7.933161197896877,-0.012983419001102448,0.0324244322568914
0,1997-11-26,757.8017881758203,8.017295275246775,-0.011231575161218643,0.08413407734989864
0,1997-11-28,758.8665744895688,7.918262696933559,0.001405098708346486,-0.09903257831321621
0,1997-12-01,773.5645485024525,7.930300382915315,0.019368324428796768,0.012037685981756141
0,1997-12-02,765.1367840452843,7.991313815809833,-0.010894713923335075,0.06101343289451755
0,1997-12-03,772.7599061056055,7.954244725352082,0.009963084012269974,-0.03706909045775131
0,1997-12-04,774.9167429257363,7.957531991038004,0.0027910827193409204,0.0032872656859224136
0,1997-12-05,767.7540378480029,7.916805688482541,-0.009243193082511425,-0.04072630255546272
0,1997-12-08,770.5096265662651,7.861892845314654,0.0035891556181013584,-0.05491284316788736
0,1997-12-09,782.7590368256119,7.765036878912058,0.015897803008556366,-0.09685596640259586
0,1997-12-10,787.2749292905505,7.7304918002027625,0.005769198760390282,-0.034545078709295574
0,1997-12-11,796.9665711946864,7.726222571786258,0.012310365214943886,-0.004269228416504234
0,1997-12-12,784.6664565700245,7.748672235680492,-0.015433664433658123,0.02244966389423375
0,1997-12-15,791.5364498725872,7.80417010714887,0.008755303919315338,0.05549787146837826
0,1997-12-16,801.0953962147153,7.738938242387966,0.012076444923877716,-0.06523186476090448
0,1997-12-17,832.6772068815209,7.676853849901034,0.03942328318953514,-0.06208439248693143
0,1997-12-18,833.4607149884439,7.667726986131131,0.0009409505873918533,-0.009126863769903792
0,1997-12-19,851.2559799800792,7.6551377787768535,0.021351054310798645,-0.012589207354277043
0,1997-12-22,856.2017534419757,7.6875372826687105,0.005809972062706947,0.03239950389185697
0,1997-12-23,854.2411660743446,7.6675303774528825,-0.0022898660972714424,-0.02000690521582804
0,1997-12-24,856.4446604494558,7.665151991299361,0.0025794757530093193,-0.0023783861535218165
0,1997-12-26,837.8423748735961,7.681922247663496,-0.021720359101891518,0.016770256364135427
0,1997-12-29,842.4087649004409,7.699996723458828,0.005450177937746048,0.0180744757953315
0,1997-12-30,849.1067199257606,7.692937867455938,0.007950956001877785,-0.007058856002889691
0,1997-12-31,848.7731492211508,7.694465854348141,-0.0003928489750251174,0.0015279868922029038
0,1998-01-02,858.3375868083499,7.669421943624223,0.011268544010818005,-0.02504391072391776
0,1998-01-05,892.4019223890886,7.557003657112199,0.0396864078938961,-0.11241828651202379
0,1998-01-06,897.8348177324971,7.550496601209386,0.006087946705520153,-0.006507055902813086
0,1998-01-07,908.9070269345873,7.469007443525684,0.012332122772932053,-0.08148915768370202
0,1998-01-08,930.0905347351911,7.426704971066633,0.023306572809815407,-0.04230247245905083
0,1998-01-09,941.444054223172,7.411302159969095,0.012206897139549255,-0.015402811097538383
0,1998-01-12,934.8951055807818,7.413269699849016,-0.006956280209124088,0.001967539879920821
0,1998-01-13,943.3762024740122,7.350674670465538,0.009071709588170052,-0.06259502938347783
0,1998-01-14,939.9854427310238,7.3350203325726095,-0.003594281617552042,-0.01565433789292836
0,1998-01-15,926.1802776284434,7.33400465244614,-0.014686573296785355,-0.0010156801264695758
0,1998-01-16,944.8306981907351,7.2411636774365915,0.020136922597885132,-0.09284097500954847
0,1998-01-20,951.3273780219151,7.183514246825616,0.006876025348901749,-0.05764943061097583
0,1998-01-21,972.9698982339288,7.104133653054215,0.02274981327354908,-0.0793805937714005
0,1998-01-22,977.1368721106196,7.114689020145172,0.00428273668512702,0.010555367090956835
0,1998-01-23,974.152201302336,7.16767664368009,-0.003054506378248334,0.052987623534917816
0,1998-01-26,975.2269862798609,7.178396485409868,0.0011033029295504093,0.010719841729778246
0,1998-01-27,971.479968323192,7.202537250572838,-0.0038422008510679007,0.02414076516296948
0,1998-01-28,966.6501095218451,7.20513602707095,-0.004971650429069996,0.002598776498112798
0,1998-01-29,963.87750070395,7.204060737320009,-0.0028682651463896036,-0.0010752897509416215
0,1998-01-30,977.5674428586066,7.221258534445016,0.014202989637851715,0.01719779712500724
0,1998-02-02,990.744501371259,7.16183778732349,0.013479436747729778,-0.059420747121525785
0,1998-02-03,991.1698101175197,7.231190730808578,0.00042928196489810944,0.06935294348508769
0,1998-02-04,987.347571067494,7.226145470226903,-0.0038562908302992582,-0.005045260581675315
0,1998-02-05,993.6317540268798,7.191310394573516,0.0063647120259702206,-0.03483507565338684
0,1998-02-06,981.4524381070362,7.193551755168287,-0.01225737389177084,0.0022413605947715354
0,1998-02-09,984.2296901857895,7.164394323581876,0.0028297367971390486,-0.029157431586411597
0,1998-02-10,974.7986896093515,7.147905938762747,-0.009582113474607468,-0.0164883848191284
0,1998-02-11,968.1498836904948,7.251429242910102,-0.006820696406066418,0.10352330414735444
0,1998-02-12,966.3744086143299,7.218746795285885,-0.0018338845111429691,-0.032682447624217126
0,1998-02-13,961.2840386691328,7.277550248717838,-0.0052674924954771996,0.05880345343195348
0,1998-02-17,952.8282101191256,7.294281666912383,-0.0087963892146945,0.016731418194544823
0,1998-02-18,956.2147379977638,7.303330630766913,0.003554185153916478,0.009048963854530356
0,1998-02-19,968.3888981144478,7.198941371209077,0.01273161731660366,-0.10438925955783596
0,1998-02-20,959.7039145009023,7.182139728634142,-0.00896848738193512,-0.01680164257493555
0,1998-02-23,968.9264573538779,6.970610435898241,0.009609779343008995,-0.21152929273590093
0,1998-02-24,978.8448331660546,6.834879151046327,0.010236458852887154,-0.13573128485191344
0,1998-02-25,982.8457477374657,6.831693021830723,0.004087383858859539,-0.003186129215604794
0,1998-02-26,975.8296594403377,6.997190276847511,-0.0071385446935892105,0.16549725501678836
0,1998-02-27,958.7026720155513,7.0401753909032205,-0.017551206052303314,0.042985114055709595
0,1998-03-02,964.9505253049045,6.981543217433452,0.006516987457871437,-0.05863217346976857
0,1998-03-03,966.3779505280831,7.008713221631511,0.0014792729634791613,0.027170004198058706
0,1998-03-04,959.5117943827138,7.054974269999481,-0.007105042226612568,0.0462610483679704
0,1998-03-05,948.55030536906,7.11583169293946,-0.011424027383327484,0.060857422939978534
0,1998-03-06,939.1009055765682,7.150217467524389,-0.009961938485503197,0.034385774584928974
0,1998-03-09,936.9427832240168,7.159772020300544,-0.002298072911798954,0.009554552776155134
0,1998-03-10,950.0227079121947,7.147875025006889,0.013960217125713825,-0.011896995293654733
0,1998-03-11,952.7586979251703,7.150907372147732,0.0028799206484109163,0.003032347140843328
0,1998-03-12,950.9781594849292,7.14599135585925,-0.0018688241252675653,-0.004916016288482261
0,1998-03-13,937.5299408155676,7.127926166580463,-0.01414145901799202,-0.018065189278787308
0,1998-03-16,933.2408817768151,7.089068091429777,-0.0045748502016067505,-0.038858075150685956
0,1998-03-17,942.8509476329978,7.014722441890181,0.010297519154846668,-0.07434564953959555
0,1998-03-18,939.1670066516796,7.100270016189588,-0.0039072358049452305,0.08554757429940718
0,1998-03-19,929.855683745628,7.058294652008496,-0.009914448484778404,-0.04197536418109227
0,1998-03-20,934.3972464980417,7.041140366348162,0.004884158726781607,-0.017154285660334168
0,1998-03-23,922.4315187860744,7.032823037755179,-0.012805825099349022,-0.008317328592982953
0,1998-03-24,907.1617662457242,7.005934822182828,-0.016553806141018867,-0.02688821557235066
0,1998-03-25,893.0792878207882,6.988187791450624,-0.015523668378591537,-0.017747030732204294
0,1998-03-26,898.6805499310879,6.988835094536746,0.006271853111684322,0.000647303086122264
0,1998-03-27,891.4010037755736,7.0302551933713495,-0.00810026004910469,0.04142009883460318
0,1998-03-30,886.7967374590058,7.0423467674302955,-0.00516520207747817,0.012091574058946009
0,1998-03-31,909.8105330585812,6.92814996912483,0.025951601564884186,-0.11419679830546592
0,1998-04-01,917.7395166055529,6.88816394927166,0.008714983239769936,-0.03998601985316963
0,1998-04-02,910.1727785127076,6.834533836985837,-0.008244973607361317,-0.05363011228582337
0,1998-04-03,904.8359102265869,6.7558247230103765,-0.005863577127456665,-0.0787091139754601
0,1998-04-06,888.213925657473,6.76283975174544,-0.018370164558291435,0.007015028735063211
0,1998-04-07,881.5982643981238,6.766903728249595,-0.00744827464222908,0.004063976504155242
0,1998-04-08,879.5879501130696,6.7108833968183,-0.002280306536704302,-0.056020331431295034
0,1998-04-09,878.3464744580467,6.75516312225187,-0.0014114286750555038,0.044279725433570505
0,1998-04-13,869.8809054496653,6.737106048757024,-0.009638074785470963,-0.01805707349484642
0,1998-04-14,875.3764125225584,6.742764592544322,0.006317539606243372,0.0056585437872982425
0,1998-04-15,889.5914434340136,6.754157937950893,0.01623876392841339,0.011393345406570887
0,1998-04-16,887.8879367913542,6.790683507348241,-0.0019149314612150192,0.03652556939734808
0,1998-04-17,889.3628144356369,6.792914680551635,0.001661107875406742,0.0022311732033939435
0,1998-04-20,898.9653107346026,6.635384908843091,0.010797051712870598,-0.15752977170854443
0,1998-04-21,903.3897435865213,6.634926555996791,0.004921694751828909,-0.0004583528462998032
0,1998-04-22,915.3953904072556,6.600196269859982,0.013289554044604301,-0.03473028613680906
0,1998-04-23,910.0165863079895,6.7200709088334705,-0.005875935312360525,0.1198746389734886
0,1998-04-24,916.5110777156054,6.709034837050132,0.007136673666536808,-0.011036071783338208
0,1998-04-27,912.2723351331213,6.858136454150578,-0.004624867811799049,0.14910161710044534
0,1998-04-28,914.401738349778,6.835677698296711,0.002334174932911992,-0.02245875585386692
0,1998-04-29,921.7267741412123,6.71781041639909,0.00801074132323265,-0.1178672818976203
0,1998-04-30,927.3476746307093,6.536239089092828,0.006098228506743908,-0.18157132730626202
0,1998-05-01,923.9862348099381,6.447766838845071,-0.003624789183959365,-0.08847225024775707
0,1998-05-04,926.0634349309144,6.3747840644604405,0.00224808556959033,-0.07298277438463074
0,1998-05-05,934.6086872768274,6.399248073077537,0.009227502159774303,0.02446400861709641
0,1998-05-06,943.9894437261034,6.390001596485154,0.010037095285952091,-0.009246476592382535
0,1998-05-07,945.2684211341815,6.328957915301743,0.0013548640999943018,-0.061043681183411636
0,1998-05-08,948.1160184879809,6.318790481654065,0.0030124748591333628,-0.010167433647677804
0,1998-05-11,929.7464612168959,6.441118353083404,-0.019374798983335495,0.12232787142933876
0,1998-05-12,907.5696238801855,6.594273095556243,-0.02385256439447403,0.15315474247283944
0,1998-05-13,910.0511025248762,6.6449600940968665,0.0027342019602656364,0.05068699854062331
0,1998-05-14,902.8861450794975,6.66525199466051,-0.00787313748151064,0.020291900563643495
0,1998-05-15,889.6317503825927,6.708257760377008,-0.014680028893053532,0.04300576571649817
0,1998-05-18,893.8123720496493,6.589651958821875,0.004699272103607655,-0.118605801555133
0,1998-05-19,911.1133449979296,6.4022049137681405,0.0193563811480999,-0.18744704505373466
0,1998-05-20,920.7578588766214,6.389449825863401,0.010585416108369827,-0.012755087904739781
0,1998-05-21,906.3811635388375,6.358753463135512,-0.01561398059129715,-0.03069636272788845
0,1998-05-22,891.5478753102223,6.4124192141550065,-0.016365397721529007,0.05366575101949422
0,1998-05-26,891.043550133526,6.435686831604454,-0.000565673690289259,0.02326761744944772
0,1998-05-27,885.8522473148688,6.347050763272697,-0.005826093256473541,-0.0886360683317573
0,1998-05-28,888.45698811488,6.274353441215572,0.0029403783846646547,-0.07269732205712476
0,1998-05-29,877.2262791943023,6.206314563931602,-0.012640689499676228,-0.0680388772839704
0,1998-06-01,880.1202210939022,6.1994136782363105,0.00329896854236722,-0.006900885695291237
0,1998-06-02,883.9652900857415,6.2464770585138965,0.004368799738585949,0.04706338027758594
0,1998-06-03,893.5482136317777,6.088243875168139,0.01084083691239357,-0.1582331833457573
0,1998-06-04,891.8058108900053,5.917515784079976,-0.0019499817863106728,-0.17072809108816323
0,1998-06-05,911.7419450134319,5.983729258454132,0.022354792803525925,0.06621347437415626
0,1998-06-08,915.3205498440717,5.917852989757741,0.003925019409507513,-0.06587626869639074
0,1998-06-09,906.402115083579,5.900524793625823,-0.00974350981414318,-0.017328196131918716
0,1998-06-10,916.5573334625994,5.814066528889922,0.011203877627849579,-0.08645826473590112
0,1998-06-11,904.3125028786834,5.791885724534895,-0.01335959043353796,-0.022180804355026673
0,1998-06-12,915.4328124947821,5.770118494174762,0.012296976521611214,-0.021767230360133283
0,1998-06-15,918.7999293933191,5.796211331288384,0.003678169334307313,0.026092837113622203
0,1998-06-16,927.2237361181307,5.832410275615628,0.009168270975351334,0.036198944327244575
0,1998-06-17,925.1783837185009,5.975065308808639,-0.0022058887407183647,0.14265503319301054
0,1998-06-18,923.9277884953076,5.888641464448523,-0.0013517341576516628,-0.08642384436011596
0,1998-06-19,926.9210120647396,5.920144182417815,0.0032396726310253143,0.031502717969291716
0,1998-06-22,923.6684635508085,5.83133103627538,-0.003508981317281723,-0.08881314614243507
0,1998-06-23,916.457743364537,5.8933550507051295,-0.007806610781699419,0.06202401442974992
0,1998-06-24,910.9156919246914,5.857911355075736,-0.00604725256562233,-0.03544369562939398
0,1998-06-25,929.715774204809,5.968057828056948,0.020638663321733475,0.11014647298121272
0,1998-06-26,904.5160083657732,5.975786600708142,-0.027104806154966354,0.0077287726511938715
0,1998-06-29,915.7259166672765,5.92169753158098,0.012393266893923283,-0.05408906912716205
0,1998-06-30,889.6363519084537,5.852564967238526,-0.02849058248102665,-0.0691325643424543
0,1998-07-01,886.1287378311436,5.843741505547419,-0.00394275039434433,-0.008823461691107148
0,1998-07-02,895.8613452191278,5.807843877543861,0.010983288288116455,-0.03589762800355789
0,1998-07-06,891.5494977333752,5.881361206040124,-0.004813074599951506,0.07351732849626291
0,1998-07-07,885.3881243217057,5.907734889135589,-0.006910859607160091,0.02637368309546506
0,1998-07-08,886.0464120032533,5.876151523969906,0.0007435018196702003,-0.03158336516568294
0,1998-07-09,887.5477790533877,5.82607791064529,0.0016944564413279295,-0.05007361332461624
0,1998-07-10,897.5787414762813,5.786677360381277,0.011301884427666664,-0.03940055026401268
0,1998-07-13,906.6791566190502,5.70444593672751,0.010138848796486855,-0.08223142365376646
0,1998-07-14,897.3835603365864,5.680129003994815,-0.01025235466659069,-0.024316932732695307
0,1998-07-15,901.1287179130314,5.681979059035147,0.00417341897264123,0.001850055040331533
0,1998-07-16,880.3366301646082,5.5627955448806405,-0.023073382675647736,-0.11918351415450612
0,1998-07-17,883.4139138427803,5.6404128629132995,0.0034955760929733515,0.07761731803265892
0,1998-07-20,886.5315050777442,5.7566534878741304,0.0035290266387164593,0.11624062496083098
0,1998-07-21,894.5090027479014,5.741946003593499,0.008998549543321133,-0.014707484280631178
0,1998-07-22,903.2268126645035,5.667909229493151,0.009745916351675987,-0.0740367741003487
0,1998-07-23,899.5626684436777,5.645404674004254,-0.004056726582348347,-0.022504555488896294
0,1998-07-24,893.827443816377,5.683992119388963,-0.006375569850206375,0.038587445384708374
0,1998-07-27,895.0515686555525,5.628039461263517,0.001369531499221921,-0.055952658125445254
0,1998-07-28,904.2423023910573,5.642871412762283,0.010268384590744972,0.014831951498766038
0,1998-07-29,903.9681066677438,5.692000518633377,-0.0003032325766980648,0.04912910587109387
0,1998-07-30,910.9866648854722,5.72251835789658,0.007764165755361319,0.030517839263202617
0,1998-07-31,926.6847810615042,5.73097915646287,0.01723199337720871,0.008460798566289895
0,1998-08-03,930.7870462466483,5.733960539311648,0.004426818341016769,0.00298138284877858
0,1998-08-04,919.3144509389513,5.740236960481342,-0.012325692921876907,0.0062764211696935135
0,1998-08-05,907.1266714825847,5.772243148078362,-0.013257465325295925,0.032006187597019675
0,1998-08-06,900.3274165897199,5.722912884895518,-0.007495375350117683,-0.049330263182843836
0,1998-08-07,903.9716863118957,5.6946661240219605,0.004047716036438942,-0.028246760873557264
0,1998-08-10,907.8694600559281,5.7502064671698685,0.004311831668019295,0.05554034314790801
0,1998-08-11,911.999446960739,5.742912515102268,0.004549097735434771,-0.007293952067600529
0,1998-08-12,931.9204015058247,5.719826739921418,0.021843165159225464,-0.0230857751808502
0,1998-08-13,925.4987575236096,5.707699150045657,-0.006890764459967613,-0.012127589875761124
0,1998-08-14,925.4659338515013,5.707753766137758,-3.546592779457569e-05,5.461609210133389e-05
0,1998-08-17,933.3683922758075,5.695298895089941,0.008538897149264812,-0.012454871047816951
0,1998-08-18,937.9871749652513,5.6949003828624445,0.004948509857058525,-0.00039851222749653914
0,1998-08-19,934.5977463677257,5.682887267937271,-0.0036135127302259207,-0.012013114925173873
0,1998-08-20,936.9932291540716,5.669806737448952,0.0025631163734942675,-0.013080530488318587
0,1998-08-21,936.1519699384291,5.743789712959182,-0.0008978284895420074,0.07398297551022992
0,1998-08-24,922.7805438387903,5.737144876596847,-0.014283392578363419,-0.006644836362334594
0,1998-08-25,926.3186772489195,5.693782424108662,0.0038342089392244816,-0.04336245248818571
0,1998-08-26,924.5982632608477,5.678742791536126,-0.0018572593107819557,-0.015039632572535488
0,1998-08-27,944.0258813195306,5.663165146335753,0.02101195603609085,-0.015577645200373524
0,1998-08-28,953.290529109748,5.643186494367525,0.009813976474106312,-0.0199786519682279
0,1998-08-31,951.6932354957687,5.600082358357618,-0.0016755580436438322,-0.043104136009906924
0,1998-09-01,959.823219847564,5.579311547511229,0.008542652241885662,-0.020770810846388876
0,1998-09-02,948.5930998660285,5.57121473975372,-0.01170019619166851,-0.008096807757508984
0,1998-09-03,950.4249961711315,5.55533561486289,0.001931171864271164,-0.0158791248908301
0,1998-09-04,942.7770328503719,5.569640332833174,-0.008046887814998627,0.014304717970284209
0,1998-09-08,959.9352366340821,5.56550993514488,0.01819964125752449,-0.004130397688293819
0,1998-09-09,971.8095037674523,5.517827427712979,0.012369862757623196,-0.047682507431900945
0,1998-09-10,985.8055442906565,5.56443844332822,0.014402041211724281,0.04661101561524106
0,1998-09-11,992.4578268235848,5.55735730969546,0.006748067680746317,-0.007081133632760306
0,1998-09-14,990.1947157497059,5.5589304653326455,-0.0022803095635026693,0.0015731556371854083
0,1998-09-15,988.626735204221,5.457904608179542,-0.0015835072845220566,-0.10102585715310308
0,1998-09-16,975.6602915929127,5.423339745096518,-0.013115610927343369,-0.0345648630830242
0,1998-09-17,981.159183944012,5.433891953279049,0.005636072717607021,0.010552208182530443
0,1998-09-18,993.7584612384921,5.4999788597401915,0.012841216288506985,0.0660869064611429
0,1998-09-21,990.5437678892097,5.519447584014743,-0.003234884003177285,0.019468724274551263
0,1998-09-22,980.9149919892824,5.485535998306303,-0.009720697067677975,-0.03391158570843977
0,1998-09-23,985.9523419460104,5.46861770223644,0.005135358311235905,-0.01691829606986328
0,1998-09-24,1001.5983562971716,5.42364799115115,0.015868935734033585,-0.044969711085289354
0,1998-09-25,1021.5200105932162,5.456524077925822,0.019889863207936287,0.0328760867746718
0,1998-09-28,1025.788654851196,5.462230433402693,0.004178718198090792,0.005706355476871039
0,1998-09-29,1025.6787126370698,5.476402665892402,-0.00010717823170125484,0.01417223248970867
0,1998-09-30,1040.8744015171415,5.481172223825417,0.014815252274274826,0.004769557933014923
0,1998-10-01,1034.247276048593,5.470037010884957,-0.006366882938891649,-0.011135212940459382
0,1998-10-02,1025.8404051720431,5.458315205846387,-0.008128492161631584,-0.011721805038570565
0,1998-10-05,1028.9246881751965,5.444773276804952,0.003006591461598873,-0.01354192904143492
0,1998-10-06,1028.042900429579,5.482071209741225,-0.0008569993078708649,0.037297932936272815
0,1998-10-07,1008.5930672362357,5.475665441585514,-0.018919281661510468,-0.0064057681557105894
0,1998-10-08,995.7469213161195,5.484906212095431,-0.012736698612570763,0.009240770509916452
0,1998-10-09,995.3490477239623,5.440829291918644,-0.0003995730075985193,-0.04407692017678677
0,1998-10-14,983.8735327382724,5.443162828526715,-0.011529136449098587,0.0023335366080710074
0,1998-10-15,977.3359537287453,5.371157649381519,-0.006644735112786293,-0.07200517914519544
0,1998-10-16,967.1564910487093,5.366498937436846,-0.010415520519018173,-0.004658711944673044
0,1998-10-19,976.3218302463403,5.353114800047637,0.009476583451032639,-0.013384137389209627
0,1998-10-20,992.6348242378534,5.365711429207315,0.016708623617887497,0.012596629159678407
0,1998-10-21,983.429517777154,5.308431144527983,-0.009273608215153217,-0.057280284679332105
0,1998-10-22,975.6165721433748,5.2690062638673725,-0.007944591343402863,-0.03942488066061056
0,1998-10-23,968.3760727752798,5.3416813567512955,-0.007421460002660751,0.07267509288392304
0,1998-10-26,953.8406773770253,5.318423333880917,-0.015010072849690914,-0.023258022870378703
0,1998-10-27,968.0356634267462,5.292740372104073,0.014881925657391548,-0.025682961776843705
0,1998-10-28,971.271624159264,5.278686133887497,0.003342811483889818,-0.014054238216576032
0,1998-10-29,978.4958649901914,5.129184794551702,0.007437920197844505,-0.1495013393357949
0,1998-10-30,994.4419833322836,5.162362439205751,0.016296561807394028,0.0331776446540486
0,1998-11-02,1002.3476512309971,5.194314389480646,0.00794985331594944,0.0319519502748955
0,1998-11-03,993.9127505375933,5.217919738900413,-0.008415144868195057,0.023605349419766775
0,1998-11-04,1005.7669380353764,5.216396890289044,0.011926788836717606,-0.0015228486113691986
0,1998-11-05,1002.0902047691167,5.229331678178548,-0.0036556513514369726,0.012934787889504307
0,1998-11-06,993.5889256331552,5.264203065581327,-0.008483546786010265,0.034871387402779064
0,1998-11-09,995.2724779570784,5.214919477835797,0.0016944153467193246,-0.04928358774553043
0,1998-11-10,992.423975080744,5.149966326960456,-0.002862033201381564,-0.0649531508753407
0,1998-11-13,1013.3543232767574,5.19154659689222,0.021090127527713776,0.04158026993176378
0,1998-11-16,1007.8685460353546,5.163954741749915,-0.005413483828306198,-0.027591855142304667
0,1998-11-17,994.7392346666737,5.148117795752089,-0.013026809319853783,-0.015836945997826035
0,1998-11-18,1004.4445394637127,5.155593763794522,0.009756632149219513,0.007475968042433223
0,1998-11-19,995.6090356407777,5.181611565159496,-0.008796407841145992,0.02601780136497389
0,1998-11-20,981.9388342281158,5.119461624234416,-0.013730491511523724,-0.06214994092507986
0,1998-11-23,963.5426903487281,5.0418065855708925,-0.018734510987997055,-0.07765503866352397
0,1998-11-24,979.9275527834061,5.069694520165357,0.017004812136292458,0.027887934594464703
0,1998-11-25,969.2339607170983,5.107493070576646,-0.010912635363638401,0.037798550411288545
0,1998-11-27,969.7643540637714,5.075229632169519,0.0005472294287756085,-0.032263438407126976
0,1998-11-30,974.5254975226046,5.121568353837841,0.004909588024020195,0.04633872166832198
0,1998-12-01,981.9690988458833,5.124357646254366,0.007638180162757635,0.0027892924165255906
0,1998-12-02,966.6869295959435,5.140101811412769,-0.015562780201435089,0.015744165158402268
0,1998-12-03,972.4239943968331,5.141265612176765,0.005934770219027996,0.0011638007639964698
0,1998-12-04,977.3010767983077,5.20288612373727,0.005015386734157801,0.06162051156050463
0,1998-12-07,974.3885943351497,5.158743964584538,-0.002980128163471818,-0.044142159152731786
0,1998-12-08,963.3631158194403,5.104087505736269,-0.011315278708934784,-0.054656458848269196
0,1998-12-09,964.3888794795615,5.0488567589018265,0.0010647736489772797,-0.05523074683444218
0,1998-12-10,975.9426507041212,5.0238408268640535,0.011980406939983368,-0.02501593203777297
0,1998-12-11,974.8717516997522,4.962630151857027,-0.0010972970630973577,-0.06121067500702626
0,1998-12-14,975.3365562723912,4.954426860683264,0.000476785353384912,-0.008203291173763283
0,1998-12-15,969.1640681454692,4.953651091199869,-0.006328572519123554,-0.0007757694833951945
0,1998-12-16,996.5512746063426,4.908100662375711,0.028258586302399635,-0.04555042882415794
0,1998-12-17,1001.3938142239027,4.845349502188566,0.004859298001974821,-0.06275116018714488
0,1998-12-18,988.7623439762863,4.834529058200749,-0.012613888829946518,-0.010820443987817008
0,1998-12-21,993.9544351252148,4.742850184634822,0.005251101218163967,-0.09167887356592708
0,1998-12-22,992.0097367783374,4.771743181480958,-0.001956526655703783,0.02889299684613622
0,1998-12-23,991.3456307455165,4.6985775243175105,-0.0006694551557302475,-0.07316565716344758
0,1998-12-24,1004.5344918845769,4.698204082248745,0.013303998857736588,-0.00037344206876532837
0,1998-12-28,985.9446946388917,4.631692143278058,-0.01850588247179985,-0.06651193897068719
0,1998-12-29,980.6136246829067,4.624613094862554,-0.005407067947089672,-0.007079048415503664
0,1998-12-30,989.1807040652155,4.653900893685596,0.008736447431147099,0.029287798823041555
0,1998-12-31,965.8987754451728,4.743202567739265,-0.023536577820777893,0.08930167405366873
0,1999-01-04,949.1556564825476,4.7131093323180515,-0.017334237694740295,-0.030093235421213116
0,1999-01-05,966.927558674798,4.744741226213329,0.018723906949162483,0.03163189389527776
0,1999-01-06,955.7781042794586,4.71700784307121,-0.011530806310474873,-0.027733383142119372
0,1999-01-07,949.8547384231276,4.801732264368907,-0.006197427865117788,0.08472442129769675
0,1999-01-08,932.3592141910527,4.783944349481401,-0.018419157713651657,-0.01778791488750553
0,1999-01-11,946.1457247747729,4.752727064103551,0.014786694198846817,-0.031217285377850068
0,1999-01-12,947.8173908541589,4.773308225179427,0.0017668167129158974,0.020581161075876153
0,1999-01-13,963.631707837198,4.746850331189402,0.016684982925653458,-0.02645789399002485
0,1999-01-14,947.8851000527079,4.783103704358353,-0.016340898349881172,0.036253373168950276
0,1999-01-15,960.0157523197429,4.807415240764634,0.012797597795724869,0.024311536406281142
0,1999-01-19,960.6656568635252,4.823893415158601,0.0006769727915525436,0.016478174393967038
0,1999-01-20,956.9154427785996,4.819898696933977,-0.0039037661626935005,-0.003994718224623384
0,1999-01-21,951.9603346889311,4.814413003263759,-0.00517820892855525,-0.005485693670218339
0,1999-01-22,956.5469756798464,4.852546782230063,0.004818100947886705,0.0381337789663041
0,1999-01-25,957.6504014404402,4.820736709841378,0.0011535510420799255,-0.031810072388685384
0,1999-01-26,982.3658737850861,4.818166638502898,0.02580844983458519,-0.0025700713384795293
0,1999-01-27,954.0008159551436,4.759354925293994,-0.0288742296397686,-0.05881171320890388
0,1999-01-28,946.5536405229067,4.734446257201009,-0.007806256879121065,-0.02490866809298531
0,1999-01-29,953.3060900191457,4.711330804327603,0.00713372090831399,-0.023115452873406106
0,1999-02-01,957.6363770715323,4.740658731492503,0.004542388953268528,0.029327927164899847
0,1999-02-02,957.7534437145974,4.72922004084682,0.0001222454011440277,-0.011438690645682925
0,1999-02-03,962.1813283645665,4.714846986806245,0.0046231988817453384,-0.014373054040574651
0,1999-02-04,964.6288607514848,4.701866073478205,0.002543732989579439,-0.012980913328040522
0,1999-02-05,962.2231130797552,4.672954500471614,-0.0024939619470387697,-0.02891157300659053
0,1999-02-08,959.418984044192,4.65343538747196,-0.0029142191633582115,-0.01951911299965392
0,1999-02-09,974.5941280268728,4.642285988495548,0.01581701450049877,-0.011149398976412428
0,1999-02-10,971.8458878077296,4.642529130789403,-0.0028198817744851112,0.00024314229385513642
0,1999-02-11,956.0125545072312,4.631467255023802,-0.016292020678520203,-0.011061875765601137
0,1999-02-12,955.3715617946781,4.593538404309851,-0.0006704856641590595,-0.0379288507139508
0,1999-02-16,945.4437623014711,4.572401371656491,-0.010391558520495892,-0.02113703265336042
0,1999-02-17,941.6110379420439,4.594333186153897,-0.004053889308124781,0.021931814497406776
0,1999-02-18,940.8914921123729,4.590995501029576,-0.0007641646079719067,-0.003337685124320977
0,1999-02-19,950.900523596946,4.514014885877154,0.010637816973030567,-0.07698061515242216
0,1999-02-22,955.573626190054,4.53833064316962,0.004914396908134222,0.02431575729246571
0,1999-02-23,957.5512054285488,4.542732363624248,0.0020695205312222242,0.004401720454628055
0,1999-02-24,960.9983359785863,4.537432564386812,0.0035999438259750605,-0.005299799237436176
0,1999-02-25,965.8013066423337,4.569214379300075,0.004997896961867809,0.03178181491326271
0,1999-02-26,972.7560743452495,4.552339677089411,0.007201033644378185,-0.01687470221066345
0,1999-03-01,967.9760808394678,4.535366275511802,-0.0049138665199279785,-0.016973401577609515
0,1999-03-02,973.5109930866086,4.5373675419727455,0.005718025844544172,0.0020012664609438957
0,1999-03-03,972.1577626097143,4.540713859360582,-0.0013900515623390675,0.003346317387836528
0,1999-03-04,973.3891635948575,4.515291924092251,0.001266667852178216,-0.02542193526833092
0,1999-03-05,973.5616360965743,4.527125471711881,0.0001771876122802496,0.011833547619629847
0,1999-03-08,984.2110897112532,4.53449803693881,0.010938653722405434,0.007372565226929417
0,1999-03-09,988.4394242827154,4.4781751514053605,0.004296166356652975,-0.056322885533449885
0,1999-03-10,993.2146062085831,4.4535821441924375,0.004831031430512667,-0.024593007212923013
0,1999-03-11,992.1928548600905,4.486677157442103,-0.0010287316981703043,0.033095013249665683
0,1999-03-12,992.4649431254898,4.5931977589662605,0.00027422921266406775,0.10652060152415732
0,1999-03-15,993.0024243490509,4.637484958556025,0.000541561923455447,0.0442871995897649
0,1999-03-16,998.4437519221035,4.580586127392029,0.0054796719923615456,-0.05689883116399663
0,1999-03-17,1004.8158977579461,4.595327007016285,0.006382077932357788,0.014740879624255854
0,1999-03-18,996.4882982508036,4.574924488558451,-0.008287686854600906,-0.020402518457833807
0,1999-03-19,1019.7604524999505,4.681810268739661,0.023354167118668556,0.10688578018121042
0,1999-03-22,1011.9431377539947,4.721542833097002,-0.00766583438962698,0.03973256435734118
0,1999-03-23,1007.8720126251851,4.555039169359264,-0.004023076966404915,-0.16650366373773817
0,1999-03-24,998.6050932314344,4.467077247676579,-0.009194539859890938,-0.0879619216826848
0,1999-03-25,988.0253183314128,4.4648897159648,-0.01059455331414938,-0.0021875317117796556
0,1999-03-26,982.1562164574821,4.454111304086861,-0.005940234288573265,-0.010778411877939043
0,1999-03-29,1004.5966102392749,4.433824442592513,0.022848090156912804,-0.02028686149434744
0,1999-03-30,998.2779736321645,4.402563406350844,-0.006289725191891193,-0.03126103624166898
0,1999-03-31,1007.0967619269358,4.466247902667882,0.008834000676870346,0.06368449631703754
0,1999-04-01,1009.369811398909,4.426964971206241,0.0022570318542420864,-0.03928293146164119
0,1999-04-05,1008.5858054531365,4.363750279042757,-0.0007767281495034695,-0.0632146921634833
0,1999-04-06,1000.9746072380245,4.38058122377769,-0.007546406239271164,0.01683094473493263
0,1999-04-07,1004.6989115941277,4.380204676139495,0.0037206781562417746,-0.0003765476381953903
0,1999-04-08,1017.3130284440131,4.347816801743793,0.012555121444165707,-0.032387874395701566
0,1999-04-09,1006.2629588783681,4.39854485630947,-0.010862015187740326,0.05072805456567675
0,1999-04-12,1013.4124200340651,4.434454951828417,0.007104963064193726,0.03591009551894686
0,1999-04-13,1010.3735758167996,4.5591344368452,-0.0029986253939568996,0.12467948501678361
0,1999-04-14,1019.9577264865176,4.530109736886989,0.009485749527812004,-0.02902469995821111
0,1999-04-15,1026.8838820775297,4.625181676909971,0.006790630053728819,0.09507194002298203
0,1999-04-16,1044.6123010768974,4.714185129727787,0.017264287918806076,0.08900345281781608
0,1999-04-19,1059.9679843674562,4.819923856389479,0.014699887484312057,0.10573872666169137
0,1999-04-20,1056.377255878979,4.845537910911833,-0.0033875820226967335,0.025614054522354657
0,1999-04-21,1052.252835964122,4.790300307833327,-0.00390430586412549,-0.055237603078506226
0,1999-04-22,1058.6275326319926,4.752005037078429,0.006058141589164734,-0.03829527075489825
0,1999-04-23,1058.3550451295544,4.816986953629878,-0.0002573969541117549,0.06498191655144936
0,1999-04-26,1049.2436146631437,4.839534474796456,-0.008609049022197723,0.022547521166577766
0,1999-04-27,1059.154371869901,4.954948461719997,0.009445620700716972,0.11541398692354132
0,1999-04-28,1065.9370666148836,5.065213983529148,0.006403877399861813,0.11026552180915061
0,1999-04-29,1051.5163129159716,5.063217845436543,-0.01352871023118496,-0.0019961380926050154
0,1999-04-30,1040.3703255257171,5.095408633191628,-0.01059991866350174,0.032190787755085104
0,1999-05-03,1042.8367772455279,5.075517266463281,0.0023707440122962,-0.019891366728346682
0,1999-05-04,1038.84129653423,5.103202992431353,-0.0038313576951622963,0.027685725968071395
0,1999-05-05,1052.177055320902,5.091267199040717,0.01283714734017849,-0.011935793390636107
0,1999-05-06,1047.2235806667443,5.12742209186734,-0.004707833752036095,0.0361548928266231
0,1999-05-07,1051.872405632975,5.191194865409962,0.004439190495759249,0.06377277354262212
0,1999-05-10,1045.5567221432418,5.22938067029563,-0.00600422965362668,0.03818580488566781
0,1999-05-11,1046.4103946690427,5.127985760448218,0.0008164765313267708,-0.10139490984741162
0,1999-05-12,1038.0207769872727,5.110365540207929,-0.008017521351575851,-0.017620220240289086
0,1999-05-13,1033.3560191712684,5.000096035167922,-0.004493896383792162,-0.11026950504000688
0,1999-05-14,1030.5033179507716,4.992406434723274,-0.00276061799377203,-0.007689600444647837
0,1999-05-17,1036.2321701679516,4.968062673510202,0.005559275858104229,-0.024343761213072135
0,1999-05-18,1041.732471610172,4.9465149136136635,0.0053079817444086075,-0.021547759896538565
0,1999-05-19,1057.168920277984,4.90129326069523,0.014818054623901844,-0.04522165291843372
0,1999-05-20,1049.843974148104,4.923691104304564,-0.006928832270205021,0.022397843609334167
0,1999-05-21,1043.4090449820644,4.937835480099055,-0.006129414774477482,0.01414437579449146
0,1999-05-24,1056.0934749289338,4.899599556631479,0.012156718410551548,-0.03823592346757643
0,1999-05-25,1065.2441177873015,4.976446650552399,0.008664614520967007,0.07684709392091982
0,1999-05-26,1065.4376042992808,4.98239678571712,0.00018163584172725677,0.005950135164721537
0,1999-05-27,1068.1751515943176,4.945056458566811,0.0025694111827760935,-0.037340327150308994
0,1999-05-28,1053.2467313458694,4.87410217976864,-0.013975629583001137,-0.07095427879817162
0,1999-06-01,1053.0222907282841,4.9334750592169465,-0.0002130940556526184,0.059372879448306826
0,1999-06-02,1030.5379424590224,4.926331863954471,-0.02135220542550087,-0.007143195262475643
0,1999-06-03,1043.3015719028767,4.965659359666443,0.012385404668748379,0.03932749571197203
0,1999-06-04,1034.4901630458087,4.970035777166111,-0.008445696905255318,0.004376417499668328
0,1999-06-07,1044.0102272435333,4.995153255208418,0.009202662855386734,0.025117478042306907
0,1999-06-08,1070.6133485846178,5.027871246116693,0.02548166736960411,0.03271799090827443
0,1999-06-09,1041.3861144722812,4.971937713579776,-0.02729952335357666,-0.05593353253691635
0,1999-06-10,1067.441862316176,4.965493915059458,0.025020256638526917,-0.006443798520318289
0,1999-06-11,1077.3191662105864,4.93992455952178,0.009253247641026974,-0.025569355537678362
0,1999-06-14,1085.5076378204344,4.943893462686576,0.007600785233080387,0.0039689031647967
0,1999-06-15,1091.8043286320367,4.969555087203334,0.005800687707960606,0.025661624516757797
0,1999-06-16,1076.8287417218835,4.975060905167344,-0.013716365210711956,0.005505817964009729
0,1999-06-17,1099.0413279811771,5.10270506560065,0.020627779886126518,0.12764416043330584
0,1999-06-18,1120.9638785706293,5.0929209990286415,0.019946975633502007,-0.009784066572008143
0,1999-06-21,1122.8910752246027,5.083241988630232,0.0017192317172884941,-0.00967901039840946
0,1999-06-22,1119.3926230088355,5.086710310713762,-0.003115575760602951,0.0034683220835303175
0,1999-06-23,1115.9787523624425,5.053675539990728,-0.003049752674996853,-0.03303477072303451
0,1999-06-24,1115.0280567253103,5.034892223407516,-0.0008518940303474665,-0.018783316583212084
0,1999-06-25,1115.551651926558,5.052501474410666,0.0004695802927017212,0.017609251003150028
0,1999-06-28,1109.1360657849948,5.069441723374525,-0.0057510435581207275,0.01694024896385926
0,1999-06-29,1111.5900119916328,5.03537418315319,0.0022124843671917915,-0.034067540221334625
0,1999-06-30,1117.297996405368,4.970189776942662,0.005134972743690014,-0.06518440621052868
0,1999-07-01,1121.552140529378,4.987229393633161,0.003807528642937541,0.017039616690499138
0,1999-07-02,1125.5996138289504,4.97781978642979,0.0036088142078369856,-0.009409607203370918
0,1999-07-06,1118.1892935542428,5.0080412894213175,-0.006583442445844412,0.030221502991527593
0,1999-07-07,1127.9525991051742,4.986801110946051,0.008731353096663952,-0.02124017847526627
0,1999-07-08,1135.61280754866,4.964683036090251,0.006791250314563513,-0.02211807485580053
0,1999-07-09,1131.8798135909171,4.971060852023225,-0.0032872066367417574,0.006377815932974151
0,1999-07-12,1148.8673849287493,4.978893061178397,0.015008281916379929,0.00783220915517191
0,1999-07-13,1130.6744533557714,4.972821602884075,-0.015835536643862724,-0.006071458294321985
0,1999-07-14,1127.1382061422512,4.899856808849172,-0.0031275555957108736,-0.07296479403490252
0,1999-07-15,1126.064041288536,4.889458307885044,-0.0009530019015073776,-0.01039850096412831
0,1999-07-16,1127.7821570036767,4.907095462602672,0.0015257708728313446,0.017637154717627723
0,1999-07-19,1134.3230508051172,4.8760757103926275,0.005799784790724516,-0.03101975221004416
0,1999-07-20,1130.3283481883172,4.950970764695683,-0.0035216622054576874,0.0748950543030551
0,1999-07-21,1112.4365000695766,4.9714327076222204,-0.015828894451260567,0.0204619429265378
0,1999-07-22,1096.3950529162744,4.990500011825634,-0.014420101419091225,0.019067304203413293
0,1999-07-23,1113.0903497438565,5.032957989450843,0.01522744633257389,0.042457977625208976
0,1999-07-26,1110.8969049288812,5.043908038456004,-0.001970590092241764,0.010950049005161056
0,1999-07-27,1120.0714044295132,5.074797577472321,0.008258641697466373,0.03088953901631708
0,1999-07-28,1127.96738849002,5.004107564073273,0.00704953633248806,-0.07069001339904801
0,1999-07-29,1130.7596876382295,4.827404394250132,0.0024755140766501427,-0.17670316982314116
0,1999-07-30,1121.6203670011898,4.839581654677111,-0.00808246061205864,0.012177260426978975
0,1999-08-02,1130.3630096777563,4.803886171869315,0.007794653996825218,-0.035695482807796
0,1999-08-03,1101.8009133610024,4.8044629720298415,-0.0252680741250515,0.000576800160526858
0,1999-08-04,1105.358439856177,4.833506834704724,0.003228828776627779,0.029043862674882348
0,1999-08-05,1109.310802199343,4.866771508691493,0.003575638635084033,0.033264673986769466
0,1999-08-06,1113.941980451785,4.846812109289344,0.004174824804067612,-0.019959399402149636
0,1999-08-09,1107.2461852838167,4.837884838272535,-0.006010901182889938,-0.008927271016808902
0,1999-08-10,1104.7945098462035,4.729126699787384,-0.0022142098750919104,-0.10875813848515037
0,1999-08-11,1126.0899450093455,4.765875132706994,0.019275471568107605,0.03674843291960972
0,1999-08-12,1128.2110657540195,4.815700056710627,0.0018836157396435738,0.04982492400363281
0,1999-08-13,1098.2566957028978,4.71592461161304,-0.026550324633717537,-0.09977544509758651
0,1999-08-16,1064.5834072597156,4.651329250734075,-0.03066067211329937,-0.06459536087896556
0,1999-08-17,1057.2506332758887,4.651040073799943,-0.006887928117066622,-0.00028917693413177403
0,1999-08-18,1068.1823798726339,4.640105635844774,0.010339787229895592,-0.010934437955168796
0,1999-08-19,1094.0048287874138,4.699050495412398,0.024174194782972336,0.05894485956762363
0,1999-08-20,1122.4890413988737,4.638522737429654,0.026036642491817474,-0.06052775798274368
0,1999-08-23,1111.5650819932616,4.5605153767211535,-0.009731907397508621,-0.07800736070850078
0,1999-08-24,1095.2697688913272,4.568973608654177,-0.014659792184829712,0.008458231933023086
0,1999-08-25,1083.815135708921,4.5752067797017615,-0.01045827567577362,0.006233171047584918
0,1999-08-26,1098.7892628589968,4.5468052058800605,0.013816126622259617,-0.028401573821700943
0,1999-08-27,1087.0458213643321,4.520366523851899,-0.01068761944770813,-0.026438682028161686
0,1999-08-30,1094.2801529767928,4.559860386233494,0.006655038334429264,0.0394938623815948
0,1999-08-31,1082.8955169828635,4.496517257482191,-0.010403767228126526,-0.06334312875130266
0,1999-09-01,1095.9409114271675,4.474613954533141,0.012046771124005318,-0.021903302949049852
0,1999-09-02,1095.2620347825307,4.477013319718567,-0.0006194463931024075,0.002399365185425495
0,1999-09-03,1118.3451279844257,4.484288981692979,0.021075407043099403,0.007275661974412095
0,1999-09-07,1117.5770984243836,4.49530511584476,-0.0006867554038763046,0.011016134151780932
0,1999-09-08,1128.1529606534161,4.557051514735479,0.009463205933570862,0.06174639889071898
0,1999-09-09,1136.3067045287091,4.529866892659107,0.007227516267448664,-0.027184622076371845
0,1999-09-10,1138.8171950168603,4.538211616761672,0.0022093423176556826,0.008344724102565593
0,1999-09-13,1140.5607101079133,4.52490723888116,0.0015309876762330532,-0.013304377880512419
0,1999-09-14,1131.3988473088655,4.536092296480427,-0.008032770827412605,0.011185057599266912
0,1999-09-15,1114.9216464939868,4.520287711595038,-0.014563565142452717,-0.01580458488538916
0,1999-09-16,1104.1288922628735,4.496765079590928,-0.009680280461907387,-0.023522632004109312
0,1999-09-17,1114.2009247430997,4.48974849577667,0.00912215281277895,-0.007016583814258404
0,1999-09-20,1108.2105354543082,4.469134638014305,-0.005376399494707584,-0.02061385776236513
0,1999-09-21,1101.13623524485,4.394333526838667,-0.006383534520864487,-0.07480111117563748
0,1999-09-22,1065.7711967699722,4.373723614785375,-0.032116860151290894,-0.020609912053292767
0,1999-09-23,1062.1283496815042,4.371319057326334,-0.003418038599193096,-0.0024045574590410013
0,1999-09-24,1076.3843177397212,4.407373535611952,0.013422076590359211,0.03605447828561825
0,1999-09-27,1089.777024464443,4.357453755747902,0.012442309409379959,-0.04991977986404983
0,1999-09-28,1069.27485538475,4.356967882071499,-0.018813177943229675,-0.00048587367640262613
0,1999-09-29,1076.5418948319673,4.4055680555073025,0.006796231493353844,0.04860017343580303
0,1999-09-30,1074.3475907268232,4.388914092448816,-0.0020382895600050688,-0.0166539630584861
0,1999-10-01,1099.2695228617056,4.411511869098914,0.023197270929813385,0.022597776650097323
0,1999-10-04,1092.4760842757103,4.425855808046958,-0.0061799571849405766,0.014343938948043977
0,1999-10-05,1089.685501637559,4.41436755219457,-0.0025543649680912495,-0.01148825585238722
0,1999-10-06,1102.0720376045078,4.433218668995808,0.011367074213922024,0.018851116801237744
0,1999-10-07,1108.8646609358934,4.443550778040262,0.006163502112030983,0.010332109044453475
0,1999-10-08,1080.9780891207506,4.396296397198373,-0.02514876052737236,-0.04725438084188838
0,1999-10-13,1092.5533480218196,4.390959993846476,0.01070813462138176,-0.005336403351897445
0,1999-10-14,1095.7728194555627,4.386322596532721,0.0029467407148331404,-0.0046373973137550095
0,1999-10-15,1078.6946472773618,4.370699308455249,-0.015585504472255707,-0.01562328807747182
0,1999-10-18,1105.9703556113736,4.357519003788231,0.02528584748506546,-0.013180304667018028
0,1999-10-19,1093.2482181359303,4.318696244722829,-0.011503145098686218,-0.038822759065402224
0,1999-10-20,1103.2283455897982,4.364202928631492,0.009128876030445099,0.045506683908663526
0,1999-10-21,1107.2602356296106,4.344052107622217,0.003654628759250045,-0.0201508210092749
0,1999-10-22,1120.0061689593945,4.384828687198798,0.011511235497891903,0.04077657957658065
0,1999-10-25,1130.4565335014818,4.331659907609487,0.009330631233751774,-0.053168779589310766
0,1999-10-26,1131.8069335971431,4.391502410167478,0.0011945617152377963,0.05984250255799051
0,1999-10-27,1136.5166592280996,4.35713867806846,0.004161244723945856,-0.034363732099017774
0,1999-10-28,1144.0669787246156,4.291889919309481,0.00664338655769825,-0.06524875875897873
0,1999-10-29,1151.1884868286452,4.291196423522873,0.006224730052053928,-0.0006934957866082669
0,1999-11-01,1163.2924175788637,4.284610408813496,0.010514291003346443,-0.0065860147093772525
0,1999-11-02,1169.2459957860851,4.290549103577754,0.005117869004607201,0.005938694764258123
0,1999-11-03,1174.4620448851322,4.291291612962036,0.004461036529392004,0.0007425093842821084
0,1999-11-04,1178.3091581864253,4.312388221235895,0.0032756386790424585,0.02109660827385884
0,1999-11-05,1192.8908568471934,4.262774964905102,0.012375104241073132,-0.04961325633079294
0,1999-11-08,1196.8786169161488,4.179151476640528,0.0033429379109293222,-0.08362348826457389
0,1999-11-09,1193.0024091950827,4.169355777892954,-0.003238597186282277,-0.009795698747574022
0,1999-11-10,1184.7357250693358,4.253837454567896,-0.006929310504347086,0.08448167667494211
0,1999-11-15,1171.1882144102358,4.2607472138860265,-0.011435048654675484,0.006909759318130426
0,1999-11-16,1196.5581887634007,4.280650336001975,0.02166173979640007,0.01990312211594869
0,1999-11-17,1196.3404547469313,4.317967373988693,-0.00018196692690253258,0.037317037986717594
0,1999-11-18,1209.142046879297,4.256947583358454,0.01070062629878521,-0.061019790630238546
0,1999-11-19,1197.3345641107628,4.272312934909812,-0.009765174239873886,0.015365351551357875
0,1999-11-22,1192.198503331931,4.281663767212913,-0.0042895786464214325,0.009350832303100631
0,1999-11-23,1211.514464585639,4.341159051103055,0.016201967373490334,0.05949528389014258
0,1999-11-24,1201.7962731467005,4.610641901082276,-0.008021523244678974,0.26948284997922034
0,1999-11-26,1223.6161931079946,4.6341168267828285,0.018156088888645172,0.023474925700552873
0,1999-11-29,1229.6189716622125,4.7268462001980565,0.004905769135802984,0.09272937341522791
0,1999-11-30,1223.143839320854,4.662823942333738,-0.005265966523438692,-0.06402225786431881
0,1999-12-01,1237.9021472487036,4.571618869138044,0.012065880931913853,-0.09120507319569349
0,1999-12-02,1237.421847357817,4.541634546624812,-0.00038799503818154335,-0.02998432251323191
0,1999-12-03,1233.3266410303463,4.525072483994602,-0.0033094666432589293,-0.016562062630209873
0,1999-12-06,1205.0070265879235,4.614211186673981,-0.022961974143981934,0.08913870267937885
0,1999-12-07,1224.5773628208158,4.641505123286105,0.01624084822833538,0.027293936612124092
0,1999-12-08,1247.2365332406337,4.630775840726318,0.018503665924072266,-0.010729282559787556
0,1999-12-09,1271.36781384284,4.508611683894927,0.019347798079252243,-0.12216415683139115
0,1999-12-10,1274.8723376376047,4.497784951372904,0.0027564987540245056,-0.010826732522022375
0,1999-12-13,1285.5695828761409,4.603970292352033,0.008390836417675018,0.10618534097912846
0,1999-12-14,1293.2053915552656,4.525667370493544,0.005939630791544914,-0.07830292185848897
0,1999-12-15,1306.2575494984392,4.474951786508155,0.010092873126268387,-0.050715583985388335
0,1999-12-16,1285.5006664076034,4.431752191814492,-0.015890344977378845,-0.043199594693663634
0,1999-12-17,1307.7451321349276,4.4865748315568235,0.017304126173257828,0.0548226397423317
0,1999-12-20,1323.3898887909495,4.778485646353275,0.011963154189288616,0.2919108147964513
0,1999-12-21,1291.5564149754623,4.675646391877245,-0.024054493755102158,-0.10283925447602993
0,1999-12-22,1284.770336450703,4.630842820039779,-0.005254186689853668,-0.044803571837466194
0,1999-12-23,1290.0048250045988,4.642729217214056,0.004074260126799345,0.011886397174277086
0,1999-12-27,1296.2102189574593,4.595444809074587,0.004810364916920662,-0.047284408139468326
0,1999-12-28,1294.0590996191152,4.510509790176044,-0.0016595451161265373,-0.08493501889854382
0,1999-12-29,1313.8431174311183,4.554927789709691,0.015288341790437698,0.04441799953364711
0,1999-12-30,1353.486481515246,4.615154201029768,0.030173590406775475,0.060226411320077666
0,1999-12-31,1362.2181889838466,4.593388964224438,0.006451270543038845,-0.021765236805330268
0,2000-01-03,1381.3480493575466,4.612620139614908,0.014043169096112251,0.0192311753904697
0,2000-01-04,1387.1393953131167,4.675285279078331,0.004192532040178776,0.062665139463423
0,2000-01-05,1384.2861521930704,4.711383933309088,-0.0020569260232150555,0.03609865423075753
0,2000-01-06,1391.1827660177803,4.731315708397932,0.00498207239434123,0.019931775088843473
0,2000-01-07,1400.4859594317797,4.752768692448647,0.006687254644930363,0.021452984050715607
0,2000-01-10,1400.2445627253087,4.80600652690673,-0.00017236638814210892,0.05323783445808239
0,2000-01-11,1385.1258645916269,4.814069876301664,-0.010797183960676193,0.00806334939493425
0,2000-01-12,1396.9449591447244,4.787180734515969,0.008532866835594177,-0.026889141785694903
0,2000-01-13,1396.6139070138106,4.781353664418987,-0.00023698294535279274,-0.005827070096982467
0,2000-01-14,1393.4383944773274,4.802514261573974,-0.0022737225517630577,0.021160597154987748
0,2000-01-18,1371.592018425526,4.34136014653677,-0.015678035095334053,-0.46115411503720427
0,2000-01-19,1357.8350328659258,4.3255159560933745,-0.01002993993461132,-0.01584419044339569
0,2000-01-20,1367.4173549281263,4.280982463051182,0.0070570590905845165,-0.04453349304219234
0,2000-01-21,1356.9897156357363,4.233305608083992,-0.007625791244208813,-0.04767685496719043
0,2000-01-24,1331.971621678465,4.235077461860697,-0.01843646541237831,0.001771853776705079
0,2000-01-25,1350.019423180091,4.264628350306788,0.013549689203500748,0.029550888446091328
0,2000-01-26,1343.5613594854524,4.282538987965801,-0.004783682059496641,0.01791063765901324
0,2000-01-27,1319.4457541195643,4.209129546046262,-0.017949016764760017,-0.07340944191953902
0,2000-01-28,1331.635198317792,4.3024835957032606,0.009238306432962418,0.09335404965699823
0,2000-01-31,1339.684987255229,4.302610259358401,0.006045040674507618,0.00012666365514046873
0,2000-02-01,1363.5881438433946,4.254433321920529,0.0178423710167408,-0.04817693743787199
0,2000-02-02,1344.1595856827594,4.150583187800761,-0.01424811314791441,-0.10385013411976818
0,2000-02-03,1338.184011927206,4.0144702660994325,-0.004445583559572697,-0.13611292170132838
0,2000-02-04,1324.3428477744355,3.935105939035976,-0.010343244299292564,-0.07936432706345631
0,2000-02-07,1326.9003653866312,3.958668256213691,0.001931159757077694,0.023562317177714842
0,2000-02-08,1328.7634826933122,4.004674170353173,0.0014041124377399683,0.04600591413948196
0,2000-02-09,1358.0927156329944,4.018198448993368,0.022072575986385345,0.013524278640194787
0,2000-02-10,1357.461535102949,4.010568566103772,-0.0004647551104426384,-0.007629882889595763
0,2000-02-11,1329.1035172357597,4.018289643946271,-0.020890476182103157,0.007721077842498758
0,2000-02-14,1323.8281219296446,4.005334088522753,-0.0039691380225121975,-0.012955555423517673
0,2000-02-15,1344.0676064104043,4.019866562802023,0.01528860442340374,0.014532474279270069
0,2000-02-16,1357.6979251421508,4.110245089041649,0.010141096077859402,0.0903785262396255
0,2000-02-17,1360.8540964464207,4.027683151048364,0.0023246491327881813,-0.08256193799328493
0,2000-02-18,1338.638030735516,4.112746168778849,-0.01632509008049965,0.08506301773048541
0,2000-02-22,1364.0557408926027,4.177092135723666,0.018987739458680153,0.06434596694481698
0,2000-02-23,1384.9484738671738,4.267390980040669,0.015316626988351345,0.09029884431700275
0,2000-02-24,1391.7411583850796,4.306037225013009,0.004904647823423147,0.03864624497234015
0,2000-02-25,1427.8156957120775,4.254066850413263,0.025920435786247253,-0.05197037459974574
0,2000-02-28,1430.1465183643154,4.252832944060233,0.0016324394382536411,-0.001233906353030001
0,2000-02-29,1436.6898637774957,4.2523254650881706,0.004575297236442566,-0.0005074789720627138
0,2000-03-01,1431.2666517464081,4.265586763283281,-0.003774796612560749,0.01326129819511035
0,2000-03-02,1433.9631193336213,4.266494861720115,0.0018839729018509388,0.0009080984368337042
0,2000-03-03,1427.080632897748,4.185330700848541,-0.004799625836312771,-0.08116416087157319
0,2000-03-06,1419.6661984503316,4.124409320634024,-0.00519552594050765,-0.06092138021451721
0,2000-03-07,1422.2609383175168,4.09615470184556,0.0018277112394571304,-0.02825461878846447
0,2000-03-08,1420.798529675846,4.086378649272564,-0.001028228085488081,-0.009776052572996186
0,2000-03-09,1416.7339140191111,4.0114596197816095,-0.0028607966378331184,-0.07491902949095408
0,2000-03-10,1415.5057967520956,3.998214777724489,-0.0008668651571497321,-0.013244842057120287
0,2000-03-13,1418.9531636160712,3.9785270205467134,0.0024354311171919107,-0.019687757177775822
0,2000-03-14,1409.4695108313565,3.894624747044975,-0.006683555897325277,-0.08390227350173829
0,2000-03-15,1376.5097207581452,3.858310183304753,-0.023384535685181618,-0.03631456374022202
0,2000-03-16,1376.996229469175,3.879360904381096,0.0003534364514052868,0.02105072107634287
0,2000-03-17,1398.835236638206,3.841342842958759,0.01585988886654377,-0.0380180614223371
0,2000-03-20,1387.4120650499008,3.7829961196761,-0.00816620234400034,-0.058346723282658886
0,2000-03-21,1385.9368448950759,3.7793272137561034,-0.0010632891207933426,-0.003668905919996579
0,2000-03-22,1385.3430246802757,3.7759368184692965,-0.00042846123687922955,-0.0033903952868068465
0,2000-03-23,1380.9786767761616,3.789699234511211,-0.00315037346445024,0.013762416041914527
0,2000-03-24,1380.3675773226037,3.778874777135958,-0.0004425118677318096,-0.010824457375253171
0,2000-03-27,1374.1491048421042,3.8419822871112896,-0.004504939541220665,0.06310750997533177
0,2000-03-28,1376.622348907573,3.8482314703755107,0.0017998367547988892,0.006249183264221081
0,2000-03-29,1393.8164641223395,3.87150705879064,0.012490074150264263,0.023275588415129445
0,2000-03-30,1393.1369635241847,3.835674489334486,-0.00048751081340014935,-0.03583256945615432
0,2000-03-31,1388.374053739569,3.853470686382339,-0.0034188381396234035,0.01779619704785329
0,2000-04-03,1391.3183646485738,3.919674663160252,0.002120689954608679,0.06620397677791301
0,2000-04-04,1403.9322767350263,3.970279786615814,0.009066157974302769,0.050605123455561785
0,2000-04-05,1394.0210715711653,3.965548662845501,-0.007059603463858366,-0.00473112377031315
0,2000-04-06,1386.92756778777,3.8920601047413297,-0.005088519770652056,-0.0734885581041711
0,2000-04-07,1416.1165477410184,3.8989889965428586,0.021045785397291183,0.006928891801528891
0,2000-04-10,1416.9544513239925,3.906507445202908,0.000591691117733717,0.007518448660049248
0,2000-04-11,1412.796520728326,3.9367241011833265,-0.00293441372923553,0.030216655980418672
0,2000-04-12,1410.1503201959656,3.9311463528737547,-0.001873023109510541,-0.005577748309571806
0,2000-04-13,1407.3079890614733,3.8491948570004535,-0.0020156227983534336,-0.0819514958733012
0,2000-04-14,1392.436142256942,3.8522612128570066,-0.01056758500635624,0.003066355856553127
0,2000-04-17,1411.83607471045,3.7588916197225184,0.013932367786765099,-0.09336959313448823
0,2000-04-18,1421.7023837836393,3.683529162032615,0.006988282315433025,-0.07536245768990346
0,2000-04-19,1403.183424910254,3.6696352296025756,-0.013025904074311256,-0.013893932430039335
0,2000-04-20,1419.96523441425,3.654713740327443,0.011959811672568321,-0.014921489275132593
0,2000-04-24,1417.5690197109159,3.6689948126109067,-0.0016875164583325386,0.014281072283463647
0,2000-04-25,1405.6794652520648,3.6501111258216503,-0.008387284353375435,-0.018883686789256338
0,2000-04-26,1429.4554141528145,3.772003701351997,0.016914203763008118,0.12189257553034683
0,2000-04-27,1432.718395134629,3.6302771548585047,0.002282674191519618,-0.14172654649349248
0,2000-04-28,1412.5787057720752,3.626434213911435,-0.0140569768846035,-0.0038429409470697173
0,2000-05-01,1405.6656054267446,3.5629717481478416,-0.004893957637250423,-0.06346246576359338
0,2000-05-02,1409.0375528840225,3.474311294110863,0.0023988261818885803,-0.08866045403697864
0,2000-05-03,1411.1950885976087,3.462073492342278,0.0015312123578041792,-0.012237801768585133
0,2000-05-04,1429.9369784684518,3.5022994494444015,0.013280863873660564,0.04022595710212373
0,2000-05-05,1427.098845908982,3.4928012084767657,-0.001984795555472374,-0.009498240967635851
0,2000-05-08,1399.9693274600786,3.4322611443230384,-0.019010258838534355,-0.06054006415372726
0,2000-05-09,1397.458076280002,3.4184676628372213,-0.0017937901429831982,-0.01379348148581716
0,2000-05-10,1417.871768295507,3.4106431782685545,0.014607731252908707,-0.0078244845686668
0,2000-05-11,1421.7812082431526,3.399647282561982,0.002757259178906679,-0.010995895706572334
0,2000-05-12,1425.5633730130933,3.3772565995287165,0.0026601594872772694,-0.022390683033265635
0,2000-05-15,1420.5608252685074,3.3638457918351747,-0.003509172471240163,-0.013410807693541749
0,2000-05-16,1398.4049469598342,3.3961678728385425,-0.015596571378409863,0.03232208100336775
0,2000-05-17,1385.946531122855,3.4349193188406937,-0.008909018710255623,0.03875144600215119
0,2000-05-18,1386.8960850106434,3.4390042513623027,0.0006851302459836006,0.004084932521609019
0,2000-05-19,1379.9748402538794,3.316322828800328,-0.004990456625819206,-0.12268142256197478
0,2000-05-22,1368.25198199674,3.2200779701827833,-0.008494979701936245,-0.09624485861754462
0,2000-05-23,1329.6588090441342,3.148883931079115,-0.02820618823170662,-0.0711940391036685
0,2000-05-24,1305.934174221794,3.0943407194793946,-0.017842648550868034,-0.0545432115997202
0,2000-05-25,1298.8379353761145,3.068590556960018,-0.0054338411428034306,-0.025750162519376563
0,2000-05-26,1302.0498935110145,3.0831202236290167,0.002472947584465146,0.014529666668998686
0,2000-05-30,1306.8718441872275,3.069406683096885,0.00370335322804749,-0.013713540532131585
0,2000-05-31,1333.4641788066742,3.1165178770026216,0.0203480813652277,0.04711119390573648
0,2000-06-01,1325.110026381371,3.045151184545944,-0.006264999508857727,-0.0713666924566776
0,2000-06-02,1319.2720512802557,3.016363089051713,-0.004405653104186058,-0.028788095494231225
0,2000-06-05,1323.1789225993737,3.05269684147034,0.002961384132504463,0.03633375241862735
0,2000-06-06,1315.1521506774438,3.009106010384796,-0.006066278554499149,-0.04359083108554396
0,2000-06-07,1306.7344299788979,2.9567920720216816,-0.0064005679450929165,-0.0523139383631146
0,2000-06-08,1307.3120137331323,2.9419956447424083,0.00044200546108186245,-0.014796427279273328
0,2000-06-09,1295.5593554312832,2.9243767971843093,-0.008989941328763962,-0.01761884755809895
0,2000-06-12,1301.651719768094,2.8800886098257785,0.004702497273683548,-0.044288187358530795
0,2000-06-13,1287.6370541732185,2.8233314155281457,-0.010766832157969475,-0.05675719429763282
0,2000-06-14,1292.546242749546,2.7820275841920368,0.003812556155025959,-0.04130383133610893
0,2000-06-15,1289.377865474193,2.759596868453856,-0.0024512680247426033,-0.022430715738180673
0,2000-06-16,1286.9872093686856,2.773583086405044,-0.0018541159806773067,0.013986217951187818
0,2000-06-19,1291.2280014538276,2.756903570187538,0.003295131493359804,-0.016679516217505963
0,2000-06-20,1293.2071700686438,2.7283715956598593,0.0015327801229432225,-0.02853197452767864
0,2000-06-21,1296.693248361093,2.6953543027623437,0.0026956843212246895,-0.03301729289751565
0,2000-06-22,1288.6538858498193,2.7004345279601867,-0.006199895404279232,0.0050802251978430135
0,2000-06-23,1265.0275814123443,2.6618228841441147,-0.018334096297621727,-0.03861164381607196
0,2000-06-26,1263.51601539554,2.699211453855746,-0.0011948877945542336,0.03738856971163118
0,2000-06-27,1288.8769630225875,2.6963503576361827,0.02007172629237175,-0.0028610962195632084
0,2000-06-28,1269.9821553510774,2.665091775381944,-0.014659900218248367,-0.03125858225423883
0,2000-06-29,1289.749175090371,2.7050504750410718,0.015564801171422005,0.039958699659127905
0,2000-06-30,1293.004245121008,2.72923191887762,0.0025238008238375187,0.02418144383654841
0,2000-07-03,1295.3509347384265,2.7170460542608583,0.0018149125389754772,-0.012185864616761855
0,2000-07-05,1270.5593106379933,2.688690446627352,-0.019138924777507782,-0.02835560763350653
0,2000-07-06,1301.1496348419096,2.737448024846805,0.024076266214251518,0.04875757821945337
0,2000-07-07,1326.293958007872,2.80448495342364,0.01932469755411148,0.06703692857683485
0,2000-07-10,1316.3752615167314,2.7715790999694785,-0.007478505373001099,-0.03290585345416153
0,2000-07-11,1305.6913620761366,2.757692514828639,-0.00811615027487278,-0.013886585140839625
0,2000-07-12,1321.8891914212777,2.796583239752454,0.012405557557940483,0.03889072492381507
0,2000-07-13,1287.7918800756445,2.7212463530459075,-0.0257943794131279,-0.07533688670654648
0,2000-07-14,1301.0187805521177,2.7063041044738614,0.010270992293953896,-0.014942248572046068
0,2000-07-17,1279.7273694488806,2.6816691276755513,-0.016365183517336845,-0.02463497679831006
0,2000-07-18,1264.30400516416,2.6353733542765068,-0.01205207034945488,-0.04629577339904456
0,2000-07-19,1252.4284917861028,2.5888106950608107,-0.009392925538122654,-0.04656265921569602
0,2000-07-20,1254.9699404913397,2.597308303868549,0.002029216615483165,0.0084976088077382
0,2000-07-21,1236.7721370389272,2.5146346839954696,-0.014500589109957218,-0.08267361987307931
0,2000-07-24,1206.737959844191,2.428026117188945,-0.024284325540065765,-0.08660856680652484
0,2000-07-25,1228.5821612542077,2.431454735376455,0.018101859837770462,0.0034286181875100574
0,2000-07-26,1241.0524629741385,2.4354020348532512,0.010150156915187836,0.003947299476796395
0,2000-07-27,1247.6011297266996,2.483299404677805,0.005276704207062721,0.04789736982455395
0,2000-07-28,1229.4594048307472,2.44096127392342,-0.014541286043822765,-0.042338130754385084
0,2000-07-31,1239.9921649954465,2.4331984530590756,0.00856698490679264,-0.007762820864344544
0,2000-08-01,1228.2693994058766,2.4157528343473547,-0.009453902952373028,-0.0174456187117209
0,2000-08-02,1256.1059765665836,2.4267424694321216,0.02266325056552887,0.010989635084766913
0,2000-08-03,1244.8712873551735,2.376008948607752,-0.00894406158477068,-0.05073352082436955
0,2000-08-04,1248.859655774188,2.3736698782678345,0.003203839994966984,-0.002339070339917537
0,2000-08-07,1268.7693763258992,2.3967433795103554,0.015942320227622986,0.023073501242520944
0,2000-08-08,1269.4079990468165,2.3820085378711937,0.000503340270370245,-0.014734841639161722
0,2000-08-09,1272.338678339746,2.383970745565194,0.002308697672560811,0.001962207694000462
0,2000-08-10,1276.1448896670888,2.371660061783009,0.0029915079940110445,-0.012310683782185361
0,2000-08-11,1289.0114185424643,2.3849280557324195,0.010082341730594635,0.013267993949410695
0,2000-08-14,1292.5053089457715,2.4106529232810368,0.0027105193585157394,0.025724867548617247
0,2000-08-15,1297.4173853301727,2.3912121327544225,0.0038004303351044655,-0.019440790526614293
0,2000-08-16,1294.7998447039392,2.3298491622460333,-0.0020175008103251457,-0.061362970508389125
0,2000-08-17,1301.065178943479,2.369682516777572,0.004838843829929829,0.03983335453153858
0,2000-08-18,1312.282606665276,2.4152497362657637,0.00862172618508339,0.04556721948819176
0,2000-08-21,1320.8266434321458,2.398426437380807,0.006510820705443621,-0.016823298884956817
0,2000-08-22,1325.8358362013373,2.3607099768535096,0.0037924679927527905,-0.03771646052729727
0,2000-08-23,1292.898309069899,2.2637119118014004,-0.024842839688062668,-0.09699806505210917
0,2000-08-24,1300.3540862469474,2.2626546143839854,0.005766715854406357,-0.001057297417415004
0,2000-08-25,1314.0320528049008,2.2948687699521715,0.010518647730350494,0.032214155568186076
0,2000-08-28,1356.9945890692788,2.3364297851901994,0.03269519656896591,0.04156101523802791
0,2000-08-29,1365.6860390884103,2.3015456181772103,0.00640492606908083,-0.03488416701298913
0,2000-08-30,1378.210854795049,2.368741038573582,0.009171079844236374,0.06719542039637183
0,2000-08-31,1366.9361172196311,2.3167653616711723,-0.008180705830454826,-0.051975676902409784
0,2000-09-01,1352.4080058546522,2.2930232886244593,-0.010628229938447475,-0.023742073046713053
0,2000-09-05,1360.1064891354495,2.317826970046667,0.005692426580935717,0.0248036814222079
0,2000-09-06,1363.709717016454,2.347955051040688,0.002649224828928709,0.030128080994020756
0,2000-09-07,1386.911752986864,2.3943574004381944,0.01701391115784645,0.04640234939750654
0,2000-09-08,1376.2169389545256,2.3759943027654757,-0.007711243350058794,-0.01836309767271871
0,2000-09-11,1367.460391287242,2.390425489693448,-0.006362766958773136,0.014431186927972295
0,2000-09-12,1378.51119188954,2.4002425927136164,0.008081258274614811,0.00981710302016836
0,2000-09-13,1376.9469257172811,2.389359206341694,-0.0011347504332661629,-0.01088338637192221
0,2000-09-14,1362.5345346745255,2.3415402738650153,-0.010466918349266052,-0.0478189324766789
0,2000-09-15,1363.5381297380354,2.3231939294172705,0.000736564863473177,-0.018346344447744745
0,2000-09-18,1355.8305712914002,2.305236659246377,-0.005652616731822491,-0.017957270170893658
0,2000-09-19,1342.897514672575,2.2545424345427993,-0.009538844227790833,-0.05069422470357754
0,2000-09-20,1341.408182150584,2.254879142734643,-0.0011090440675616264,0.00033670819184372647
0,2000-09-21,1359.112029130541,2.2886330358415723,0.01319795660674572,0.03375389310692922
0,2000-09-22,1355.683938331308,2.288417127698883,-0.002522301860153675,-0.00021590814268934722
0,2000-09-25,1353.4442521850067,2.3089517166505904,-0.0016520710196346045,0.020534588951707455
0,2000-09-26,1373.2544151876448,2.3303926118951073,0.014636851847171783,0.021440895244516867
0,2000-09-27,1360.087958300416,2.2845607105693753,-0.009587776847183704,-0.045831901325732005
0,2000-09-28,1331.3571566334897,2.2128252164852884,-0.02112422324717045,-0.07173549408408686
0,2000-09-29,1339.6273796396583,2.2184364869154063,0.006211874075233936,0.005611270430117887
0,2000-10-02,1337.0839134749344,2.222176471995007,-0.0018986370414495468,0.003739985079600494
0,2000-10-03,1361.1325547559604,2.247285405023005,0.017985887825489044,0.025108933027998326
0,2000-10-04,1362.2254229024225,2.2602177335897755,0.0008029108867049217,0.012932328566770401
0,2000-10-05,1477.2620194083433,2.7747979140051164,0.08444754779338837,0.5145801804153409
0,2000-10-06,1277.7168855143336,2.0024191744385207,-0.13507768511772156,-0.7723787395665958
0,2000-10-11,1380.076744468299,2.487274774223312,0.0801115334033966,0.4848555997847912
0,2000-10-12,1314.7837220962592,2.186825373713831,-0.04731115326285362,-0.3004494005094811
0,2000-10-13,1404.7314681357507,2.6141717598351724,0.06841257959604263,0.42734638612134157
0,2000-10-16,1436.7556908760864,2.7339853112567574,0.022797398269176483,0.11981355142158501
0,2000-10-17,1316.6030944193378,2.2971373214694424,-0.08362771570682526,-0.436847989787315
0,2000-10-18,1241.9979081573294,1.9997452156952493,-0.056664902716875076,-0.29739210577419306
0,2000-10-19,1242.4449932160803,2.004535538082363,0.0003599724732339382,0.004790322387113521
0,2000-10-20,1170.2958742574751,1.785853677023259,-0.05807027220726013,-0.21868186105910392
0,2000-10-23,1261.2844658667332,1.9796617064189825,0.0777483657002449,0.1938080293957236
0,2000-10-24,1078.0575526020814,1.6437926451539076,-0.14527009427547455,-0.335869061265075
0,2000-10-25,1103.2656708777472,1.7036381214146854,0.02338290587067604,0.05984547626077785
0,2000-10-26,1020.5838223221788,1.5039086520854654,-0.07494282722473145,-0.19972946932921998
0,2000-10-27,1010.4875381217879,1.47681622197598,-0.009892655536532402,-0.027092430109485477
0,2000-10-30,1021.6153544229572,1.465378367916783,0.011012324132025242,-0.01143785405919684
0,2000-10-31,1015.0132175607129,1.4564967204839885,-0.006462448742240667,-0.008881647432794626
0,2000-11-01,1034.7616465918359,1.4728094234170375,0.019456326961517334,0.016312702933048984
0,2000-11-02,1007.619210676337,1.3841518777249024,-0.026230616495013237,-0.08865754569213502
0,2000-11-03,942.8143851637839,1.1860261839842945,-0.06431479752063751,-0.19812569374060796
0,2000-11-06,992.4282435284704,1.2738990323885933,0.052623145282268524,0.08787284840429876
0,2000-11-07,966.7963131981555,1.168836619265523,-0.02582748979330063,-0.10506241312307019
0,2000-11-08,970.7618532944869,1.1560330183720882,0.00410173274576664,-0.012803600893434908
0,2000-11-09,995.9036041361004,1.177188418767992,0.025898989289999008,0.0211554003959038
0,2000-11-10,979.9403837052328,1.1292992226307463,-0.016028881072998047,-0.047889196137245627
0,2000-11-13,977.0251157549754,1.094595326910748,-0.0029749441891908646,-0.03470389571999832
0,2000-11-14,995.044378627143,1.1105751030432756,0.018442988395690918,0.015979776132527546
0,2000-11-15,995.6529759182546,1.084289488701375,0.000611628289334476,-0.026285614341900576
0,2000-11-16,982.783361963974,1.0258794018504176,-0.012925802730023861,-0.05841008685095739
0,2000-11-17,994.8458141608028,1.0258973727451641,0.012273765169084072,1.7970894746532906e-05
0,2000-11-20,974.2140419328838,0.9580629215402199,-0.020738663151860237,-0.06783445120494425
0,2000-11-21,958.1112930639172,0.8957399412838494,-0.016528964042663574,-0.06232298025637051
0,2000-11-22,972.5746604452863,0.9067866592549452,0.015095707029104233,0.011046717971095799
0,2000-11-24,944.8226364768551,0.8169841522526441,-0.028534594923257828,-0.08980250700230108
0,2000-11-27,993.4550160816345,0.9352746686375012,0.0514724962413311,0.1182905163848571
0,2000-11-28,992.0319617764434,0.9057380983401642,-0.0014324295334517956,-0.029536570297337028
0,2000-11-29,972.435022399622,0.8326528394739788,-0.01975434273481369,-0.07308525886618533
0,2000-11-30,959.7279209062307,0.7830534541201071,-0.013067301362752914,-0.04959938535387176
0,2000-12-01,945.2006695195695,0.7254027422321302,-0.015136843547224998,-0.05765071188797688
0,2000-12-04,938.813041464357,0.7043531965719936,-0.006757959723472595,-0.021049545660136615
0,2000-12-05,919.399766527884,0.6366937355753698,-0.020678531378507614,-0.06765946099662379
0,2000-12-06,942.165242232252,0.6842755243766402,0.02476123720407486,0.0475817888012704
0,2000-12-07,936.4217512850857,0.6539352925399039,-0.006096054799854755,-0.030340231836736287
0,2000-12-08,926.9560630275854,0.6124716905582462,-0.010108360089361668,-0.04146360198165766
0,2000-12-11,889.5701498654092,0.48192033699893566,-0.04033191502094269,-0.13055135355931058
0,2000-12-12,883.9098520563601,0.4567634008790418,-0.00636295834556222,-0.025156936119893836
0,2000-12-13,877.3044527152146,0.43792426813894875,-0.007472933270037174,-0.01883913274009308
0,2000-12-14,886.7072989972002,0.4554335111333343,0.01071788277477026,0.017509242994385554
0,2000-12-15,923.2691119448178,0.5530914587390274,0.04123323783278465,0.09765794760569313
0,2000-12-18,915.7726479436019,0.5136058050302259,-0.008119478821754456,-0.03948565370880153
0,2000-12-19,915.3827518381494,0.4986215520643236,-0.00042575644329190254,-0.014984252965902278
0,2000-12-20,893.4737396362609,0.4304263678488035,-0.023934263736009598,-0.06819518421552012
0,2000-12-21,932.886710371684,0.5314941781203495,0.04411206394433975,0.10106781027154599
0,2000-12-22,938.5502051088537,0.5520740722857947,0.006070935167372227,0.020579894165445256
0,2000-12-26,952.0187928674779,0.5741132506635018,0.014350418001413345,0.02203917837770708
0,2000-12-27,957.4801754854009,0.5901287579340548,0.005736633203923702,0.01601550727055301
0,2000-12-28,961.6939701486588,0.5878286127217999,0.004400921054184437,-0.002300145212254967
0,2000-12-29,947.7475620536591,0.5507687579734728,-0.014501919038593769,-0.03705985474832707
0,2001-01-02,959.6273784715843,0.5819962200170178,0.012534789741039276,0.031227462043544985
0,2001-01-03,964.5922834546055,0.5907702694800572,0.005173784215003252,0.00877404946303939
0,2001-01-04,976.2448877217868,0.6146696309398493,0.012080341577529907,0.0238993614597921
0,2001-01-05,996.1437240011358,0.6552082376084001,0.020383037626743317,0.0405386066685508
0,2001-01-08,966.9997702289058,0.5789707048459227,-0.029256775975227356,-0.07623753276247736
0,2001-01-09,981.3363104382742,0.6164876714980309,0.014825794845819473,0.03751696665210813
0,2001-01-10,973.4622025943102,0.5862946683362905,-0.008023862726986408,-0.03019300316174034
0,2001-01-11,989.6989468604845,0.6237687182146437,0.01667937822639942,0.03747404987835323
0,2001-01-12,1004.856212929938,0.6695733858485888,0.015315026976168156,0.045804667633945084
0,2001-01-16,999.0366951152528,0.6922687183895903,-0.0057913935743272305,0.022695332541001423
0,2001-01-17,1005.6515221238332,0.7215360618195858,0.006621205247938633,0.029267343429995596
0,2001-01-18,1039.4298021427508,0.8149641039249942,0.03358845412731171,0.09342804210540834
0,2001-01-19,1035.9950609180455,0.8197374034535255,-0.003304447513073683,0.004773299528531338
0,2001-01-22,998.3558479265527,0.7307947498867378,-0.03633145987987518,-0.08894265356678777
0,2001-01-23,990.4574006753097,0.7088049994075636,-0.007911454886198044,-0.021989750479174175
0,2001-01-24,1004.7029938962673,0.734613491620751,0.014382842928171158,0.025808492213187373
0,2001-01-25,1075.6392127454794,0.8804445964183432,0.07060416787862778,0.1458311047975922
0,2001-01-26,1090.1150425868063,0.900383323025852,0.013457885943353176,0.01993872660750884
0,2001-01-29,1082.2764694426107,0.8889608101120272,-0.007190592586994171,-0.01142251291382479
0,2001-01-30,1064.0346616951576,0.8526170955749923,-0.016855034977197647,-0.03634371453703489
0,2001-01-31,1069.177399622296,0.8788318664247606,0.004833242855966091,0.02621477084976831
0,2001-02-01,1089.1251745921988,0.9187635520380407,0.018657123669981956,0.03993168561328009
0,2001-02-02,1091.6627112840104,0.9405555619827805,0.002329885261133313,0.021792009944739732
0,2001-02-05,1091.95549160661,0.9339185501821892,0.0002681966871023178,-0.006637011800591286
0,2001-02-06,1064.4724644894238,0.8740564255079598,-0.025168633088469505,-0.059862124674229356
0,2001-02-07,1074.4535954267365,0.9008226378058283,0.00937659852206707,0.026766212297868464
0,2001-02-08,1099.361973973816,0.9648247894800831,0.023182367905974388,0.06400215167425483
0,2001-02-09,1099.0178101361057,0.968862390193655,-0.00031305779702961445,0.004037600713571954
0,2001-02-12,1106.000092588752,0.9711327568013168,0.006353202275931835,0.002270366607661778
0,2001-02-13,1112.6347835024785,0.9813408333284563,0.005998815875500441,0.010208076527139509
0,2001-02-14,1118.3398367969844,0.9935890889884712,0.005127516575157642,0.012248255660014862
0,2001-02-15,1097.201581247699,0.9385953031049739,-0.018901459872722626,-0.05499378588349735
0,2001-02-16,1096.0098624506288,0.935204527253386,-0.0010861438931897283,-0.0033907758515878683
0,2001-02-20,1124.9546728884402,0.9813386179136043,0.02640926092863083,0.04613409066021834
0,2001-02-21,1119.945029024876,0.9600046872130196,-0.004453196190297604,-0.021333930700584758
0,2001-02-22,1117.910138731859,0.947934935744539,-0.001816955511458218,-0.01206975146848055
0,2001-02-23,1115.3687871464692,0.9276613723567855,-0.0022733057849109173,-0.020273563387753546
0,2001-02-26,1132.9647755190051,0.9610912236880854,0.01577593758702278,0.03342985133129994
0,2001-02-27,1104.718329938583,0.8995465317617085,-0.024931441992521286,-0.061544691926376904
0,2001-02-28,1144.9702080321385,0.9876261224783182,0.036436326801776886,0.08807959071660965
0,2001-03-01,1169.5078373986355,1.0290175190389563,0.02143080160021782,0.04139139656063817
0,2001-03-02,1154.1023006380562,1.0084974653433538,-0.013172666542232037,-0.020520053695602503
0,2001-03-05,1167.6751156702198,1.049756811833704,0.011760495603084564,0.041259346490350124
0,2001-03-06,1167.5252540988502,1.051981346033259,-0.00012834183871746063,0.0022245341995550394
0,2001-03-07,1151.568074830214,1.0227507226003878,-0.013667523860931396,-0.029230623432871194
0,2001-03-08,1148.3513383668933,1.01106284269967,-0.002793353283777833,-0.011687879900717846
0,2001-03-09,1147.2582722902841,1.0127329991854181,-0.0009518568404018879,0.0016701564857481976
0,2001-03-12,1152.3501632781713,0.9901256424399455,0.004438312724232674,-0.02260735674547265
0,2001-03-13,1172.5051920864623,1.0139077703449606,0.017490368336439133,0.023782127905015105
0,2001-03-14,1191.529199015018,1.0529875722404045,0.016225093975663185,0.03907980189544391
0,2001-03-15,1189.0805007549545,1.030393916739636,-0.0020550887566059828,-0.022593655500768417
0,2001-03-16,1209.6163005144429,1.0830046739628547,0.017270319163799286,0.05261075722321862
0,2001-03-19,1186.1458254758745,1.0392149997838471,-0.019403239712119102,-0.04378967417900759
0,2001-03-20,1204.432081446409,1.077078464597424,0.015416532754898071,0.03786346481357694
0,2001-03-21,1216.457167948208,1.09109597332832,0.00998403038829565,0.014017508730896022
0,2001-03-22,1207.8097819339837,1.0539193607325317,-0.007108664605766535,-0.037176612595788416
0,2001-03-23,1193.265706669222,1.0087602496855292,-0.012041693553328514,-0.04515911104700243
0,2001-03-26,1171.9516684750306,0.930553746581643,-0.01786193810403347,-0.07820650310388622
0,2001-03-27,1161.3228912731859,0.8923367229424665,-0.009069296531379223,-0.03821702363917656
0,2001-03-28,1169.9471689415213,0.8833787836583181,0.00742625305429101,-0.008957939284148342
0,2001-03-29,1176.3318102085059,0.8768950497224206,0.005457204766571522,-0.006483733935897518
0,2001-03-30,1151.9689367481558,0.8075325617967537,-0.020710885524749756,-0.0693624879256669
0,2001-04-02,1156.4051854693464,0.8008423174775934,0.0038510141894221306,-0.006690244319160321
0,2001-04-03,1164.1604084029163,0.8163112428375014,0.006706319749355316,0.01546892535990807
0,2001-04-04,1166.504321338054,0.8023948700995309,0.002013393444940448,-0.013916372737970528
0,2001-04-05,1172.8681459871812,0.8057353804908806,0.005455465987324715,0.003340510391349638
0,2001-04-06,1174.8787156301332,0.8200153952187625,0.0017142333090305328,0.014280014727881984
0,2001-04-09,1186.3498953073824,0.8368723745026736,0.009763713926076889,0.016856979283911055
0,2001-04-10,1172.9895679733888,0.7780496774362342,-0.011261709034442902,-0.05882269706643939
0,2001-04-11,1143.244373238071,0.700935260268605,-0.025358447805047035,-0.07711441716762923
0,2001-04-12,1150.4029097511689,0.7058775439999527,0.006261597853153944,0.004942283731347752
0,2001-04-16,1181.6931086199434,0.7690563670072669,0.027199339121580124,0.06317882300731414
0,2001-04-17,1169.9229022166282,0.7307964507265394,-0.009960459545254707,-0.038259916280727446
0,2001-04-18,1167.4919658733556,0.7140092480968644,-0.002077860292047262,-0.016787202629675035
0,2001-04-19,1177.558669831606,0.7227062419740438,0.008622503839433193,0.008696993877179371
0,2001-04-20,1216.2833886978265,0.7683350416709319,0.0328855961561203,0.045628799696888156
0,2001-04-23,1226.6456538244513,0.7745235982143591,0.008519614115357399,0.006188556543427204
0,2001-04-24,1248.7976207266,0.815297661650667,0.018058978021144867,0.04077406343630785
0,2001-04-25,1262.252476343321,0.8207825982554166,0.010774248279631138,0.0054849366047495796
0,2001-04-26,1272.7112902258891,0.8357645922184403,0.008285833522677422,0.014981993963023799
0,2001-04-27,1272.579113336683,0.8258786973933341,-0.00010385457426309586,-0.009885894825106267
0,2001-04-30,1271.3185123494584,0.8202612877910245,-0.0009905875194817781,-0.005617409602309609
0,2001-05-01,1266.514499071048,0.7944825450341333,-0.0037787645123898983,-0.025778742756891182
0,2001-05-02,1281.4907699054309,0.8297536208714564,0.011824792250990868,0.03527107583732314
0,2001-05-03,1269.3179697449352,0.7957120863166104,-0.00949893705546856,-0.03404153455484604
