path_id,Date,sp500_abs,DGS10_abs,sp500,DGS10
0,2001-05-04,876.5432877929251,4.07764516680008,0.0008071847259998322,0.005400981033646168
0,2001-05-07,877.903104545792,4.094695453114445,0.001551340101286769,0.017050286314365337
0,2001-05-08,871.1191287006875,4.091666157969911,-0.007727476768195629,-0.0030292951445343164
0,2001-05-09,858.158121676986,4.04822669821783,-0.014878570102155209,-0.04343945975208108
0,2001-05-10,861.4285947740545,4.086165883471454,0.003811037866398692,0.03793918525362372
0,2001-05-11,859.2014068319173,4.088907514736624,-0.002585458569228649,0.0027416312651702412
0,2001-05-14,862.0964302979886,4.067497149314667,0.003369435202330351,-0.021410365421957067
0,2001-05-15,862.6437079317805,4.076291921604206,0.000634821830317378,0.008794772289538955
0,2001-05-16,873.6319274243966,4.113888729310935,0.01273784227669239,0.037596807706729685
0,2001-05-17,867.2993324483735,4.08925853636706,-0.007248584646731615,-0.02463019294387525
0,2001-05-18,853.0106393942291,4.056608827875721,-0.016474926844239235,-0.032649708491339524
0,2001-05-21,846.339529023117,3.994446075576235,-0.007820664905011654,-0.062162752299485646
0,2001-05-22,850.6638209612737,3.9759525765231905,0.0051094056107103825,-0.018493499053044538
0,2001-05-23,844.9382327048743,3.9616322329244484,-0.006730729714035988,-0.014320343598742014
0,2001-05-24,856.3923946721726,3.988101827138046,0.013556212186813354,0.026469594213597514
0,2001-05-25,851.7850139678089,3.9424274489629534,-0.005379987880587578,-0.04567437817509257
0,2001-05-29,854.0365914264278,3.9111510390182027,0.0026433635503053665,-0.03127640994475067
0,2001-05-30,860.4784851779278,3.93203137260432,0.007542877923697233,0.020880333586117406
0,2001-05-31,871.3500939545977,3.98044512611252,0.01263437606394291,0.048413753508199875
0,2001-06-01,880.3131748002551,3.9873419544774125,0.010286428965628147,0.006896828364892471
0,2001-06-04,872.5272248904064,3.9526308324906285,-0.008844522759318352,-0.034711121986783944
0,2001-06-05,878.9826009989299,3.981810817455809,0.007398481015115976,0.029179984965180594
0,2001-06-06,867.3091336419579,3.965045195899041,-0.013280658051371574,-0.016765621556768195
0,2001-06-07,872.6412837715601,3.9956152465443284,0.0061479234136641026,0.030570050645287505
0,2001-06-08,854.8619780386972,3.9284490023412015,-0.020374128594994545,-0.06716624420312689
0,2001-06-11,848.4263584852729,3.9147410207722224,-0.007528255693614483,-0.013707981568979122
0,2001-06-12,857.5845742431943,3.9241269599216118,0.010794355534017086,0.009385939149389344
0,2001-06-13,857.89810935126,3.9405798137822514,0.00036560255102813244,0.01645285386063966
0,2001-06-14,849.6774948932664,3.9245811613985846,-0.009582273662090302,-0.015998652383666823
0,2001-06-15,856.6605906079213,3.946996051137342,0.008218524977564812,0.02241488973875727
0,2001-06-18,850.9725954259304,3.931542265566151,-0.0066397301852703094,-0.015453785571190704
0,2001-06-19,865.9228446726016,3.948761169469571,0.017568426206707954,0.017218903903419847
0,2001-06-20,857.316408477991,3.9388665271468977,-0.009939033538103104,-0.009894642322673342
0,2001-06-21,847.5517848743552,3.868096246617705,-0.011389754712581635,-0.07077028052919276
0,2001-06-22,832.5738098810142,3.8214468861691415,-0.017672047019004822,-0.04664936044856338
0,2001-06-25,825.9551113396096,3.839080122445558,-0.00794968381524086,0.017633236276416664
0,2001-06-26,823.1420787323153,3.823391476397142,-0.003405793569982052,-0.01568864604841602
0,2001-06-27,832.7777547674507,3.817967086749813,0.011705969460308552,-0.005424389647329164
0,2001-06-28,828.9023013915297,3.817369286556067,-0.004653646610677242,-0.0005978001937458899
0,2001-06-29,833.3540169525133,3.801435716023547,0.005370615515857935,-0.015933570532520314
0,2001-07-02,835.691718307023,3.7809082131451897,0.002805172000080347,-0.02052750287835714
0,2001-07-03,838.5038489674008,3.7967041031359527,0.0033650335390120745,0.01579588999076309
0,2001-07-05,840.2820978263551,3.8038759233481443,0.002120740246027708,0.0071718202121915375
0,2001-07-06,837.4843311600308,3.8368831089078044,-0.0033295564353466034,0.03300718555966009
0,2001-07-09,831.5971856445748,3.796537724407834,-0.007029558997601271,-0.04034538449997038
0,2001-07-10,837.1819111355333,3.8255968706420846,0.006715661846101284,0.029059146234250655
0,2001-07-11,837.8721043622744,3.8461271527159613,0.0008244244381785393,0.020530282073876638
0,2001-07-12,836.6193946788757,3.827689441326166,-0.001495108474045992,-0.01843771138979511
0,2001-07-13,838.9474286857926,3.8332309900131243,0.002782667987048626,0.005541548686958109
0,2001-07-16,833.4382527837745,3.873414323951434,-0.0065667713060975075,0.04018333393830975
0,2001-07-17,844.4501800073981,3.870237632183443,0.013212649151682854,-0.00317669176799118
0,2001-07-18,843.626279476681,3.884607548310835,-0.0009756650542840362,0.014369916127392024
0,2001-07-19,853.6290330708947,3.926162885544236,0.01185685396194458,0.04155533723340099
0,2001-07-20,856.2917025655495,3.9053376651151885,0.0031192349269986153,-0.02082522042904733
0,2001-07-23,849.3105047191465,3.901152337899696,-0.008152826689183712,-0.004185327215492585
0,2001-07-24,840.5776073267189,3.8548541134094005,-0.010282337665557861,-0.046298224490295414
0,2001-07-25,846.2662485424369,3.9287919983215938,0.006767538376152515,0.07393788491219322
0,2001-07-26,847.313270121936,3.936654077098327,0.0012372247874736786,0.007862078776733394
0,2001-07-27,846.6164527296629,3.9393453385685184,-0.0008223846089094877,0.002691261470191275
0,2001-07-30,847.4021485450558,3.9970349970252608,0.0009280422236770391,0.05768965845674234
0,2001-07-31,846.9100633029365,3.9592722120048283,-0.0005806986009702086,-0.03776278502043251
0,2001-08-01,851.1550320767999,3.9734064210304787,0.005012301728129387,0.014134209025650435
0,2001-08-02,853.8568046077942,3.9800477042192606,0.003174242563545704,0.006641283188781877
0,2001-08-03,865.5455567004675,4.047938694863835,0.013689358718693256,0.0678909906445746
0,2001-08-06,873.6844328181979,4.110217008061764,0.009403174743056297,0.06227831319792898
0,2001-08-07,876.660928490312,4.1143306947073,0.003406831528991461,0.004113686645536241
0,2001-08-08,870.5984125659794,4.118099000279273,-0.006915462668985128,0.0037683055719721636
0,2001-08-09,871.0476221662412,4.121011168526717,0.0005159779684618115,0.0029121682474446686
0,2001-08-10,867.0312597490072,4.192784263223561,-0.004610956180840731,0.07177309469684356
0,2001-08-13,863.5137810140986,4.207868561089878,-0.004056922625750303,0.015084297866317264
0,2001-08-14,865.6479185972054,4.178389165158581,0.0024714574683457613,-0.029479395931296892
0,2001-08-15,865.8077738458384,4.1932186444144,0.00018466543406248093,0.01482947925581879
0,2001-08-16,858.5414016771775,4.210840362298107,-0.008392592892050743,0.017621717883707255
0,2001-08-17,866.2323472765304,4.322863310549242,0.008958153426647186,0.11202294825113501
0,2001-08-20,872.599099035973,4.334961614580451,0.007349935360252857,0.01209830403120904
0,2001-08-21,860.707700126417,4.328678157782082,-0.013627562671899796,-0.006283456798369613
0,2001-08-22,853.8453037354974,4.321409760419816,-0.00797296967357397,-0.007268397362265588
0,2001-08-23,851.5667722613713,4.357542355619303,-0.0026685530319809914,0.036132595199487305
0,2001-08-24,852.2308998694882,4.40237932798223,0.0007798890583217144,0.044836972362926275
0,2001-08-27,856.0086414153945,4.376840894865464,0.004432767629623413,-0.025538433116765624
0,2001-08-28,850.8043686018849,4.536749304223722,-0.006079696584492922,0.15990840935825812
0,2001-08-29,860.6312509212937,4.585460249564414,0.011550107970833778,0.04871094534069176
0,2001-08-30,857.5620413782634,4.531319189325653,-0.003566230647265911,-0.054141060238761085
0,2001-08-31,844.0638681396572,4.4110133250583,-0.01574017107486725,-0.1203058642673529
0,2001-09-04,853.9767075106494,4.401803380561153,0.011744181625545025,-0.009209944497146516
0,2001-09-05,848.6262790133665,4.334488744638674,-0.006265309639275074,-0.06731463592247966
0,2001-09-06,830.6794293749105,4.3168626638909195,-0.021148119121789932,-0.01762608074775418
0,2001-09-07,830.4793004468729,4.242612027211848,-0.0002409219741821289,-0.07425063667907139
0,2001-09-10,824.6189769966591,4.208227470556332,-0.007056555710732937,-0.03438455665551654
0,2001-09-17,810.8890997290043,4.0651116897978214,-0.016649965196847916,-0.14311578075851017
0,2001-09-18,806.4266216365776,4.037718181512526,-0.005503191612660885,-0.02739350828529563
0,2001-09-19,805.8977555207155,4.0487385906962405,-0.0006558143068104982,0.011020409183714719
0,2001-09-20,811.597335261992,4.11582197580946,0.0070723360404372215,0.06708338511321976
0,2001-09-21,824.6325698028937,4.166204113487014,0.0160612091422081,0.05038213767755373
0,2001-09-24,827.239573460016,4.123399746888947,0.0031614124309271574,-0.042804366598066856
0,2001-09-25,833.3949198942323,4.200881775860967,0.00744082685559988,0.07748202897202017
0,2001-09-26,843.701932335726,4.197697621575706,0.01236750092357397,-0.003184154285261087
0,2001-09-27,849.5251586966224,4.236666014048616,0.006901994813233614,0.03896839247290984
0,2001-09-28,854.4918596118736,4.235210132987005,0.005846443586051464,-0.0014558810616112083
0,2001-10-01,859.0071845589058,4.292894283714891,0.005284222308546305,0.05768415072788624
0,2001-10-02,881.450419960634,4.333954191696719,0.02612694725394249,0.041059907981828125
0,2001-10-03,883.2277628257,4.335059185380479,0.0020163843873888254,0.0011049936837599361
0,2001-10-04,880.863837437232,4.314725943280662,-0.002676461823284626,-0.02033324209981746
0,2001-10-05,875.428398976216,4.311341231941484,-0.006170577369630337,-0.003384711339177393
0,2001-10-10,871.5521514684681,4.296961786360474,-0.0044278292916715145,-0.01437944558101023
0,2001-10-11,866.8225495354484,4.30062174608905,-0.00542664248496294,0.003659959728575579
0,2001-10-12,862.5350523124511,4.325276014250843,-0.0049462225288152695,0.02465426816179317
0,2001-10-15,854.482490668527,4.301500582818123,-0.009335923939943314,-0.02377543143271943
0,2001-10-16,864.7329016838331,4.2923616557006925,0.011996045708656311,-0.009138927117430917
0,2001-10-17,872.8369993501392,4.304549721662073,0.009371792897582054,0.012188065961380445
0,2001-10-18,879.3459819901066,4.30823660367169,0.007457271683961153,0.0036868820096174204
0,2001-10-19,884.8853162599783,4.376683977099856,0.006299379747360945,0.06844737342816565
0,2001-10-22,891.5093342706598,4.37340651699058,0.007485736161470413,-0.003277460109275765
0,2001-10-23,891.9116522229535,4.324483884955245,0.0004512773302849382,-0.04892263203533531
0,2001-10-24,883.6299060115434,4.253448195065884,-0.009285388514399529,-0.07103568988936093
0,2001-10-25,876.587422023085,4.234442128778444,-0.007969947531819344,-0.019006066287439616
0,2001-10-26,866.3170749604657,4.113971962059237,-0.011716283857822418,-0.1204701667192074
0,2001-10-29,858.4599020961218,4.011089039777468,-0.009069627150893211,-0.10288292228176932
0,2001-10-30,851.4119473992614,3.995753591949559,-0.008209998719394207,-0.015335447827908855
0,2001-10-31,847.028582063399,4.0415226585616155,-0.005148348398506641,0.04576906661205671
0,2001-11-01,841.415598620038,4.003485713585508,-0.006626675371080637,-0.0380369449761071
0,2001-11-02,829.7861802880336,3.997341042367947,-0.013821253553032875,-0.006144671217561459
0,2001-11-05,819.05219318061,3.9374874136542704,-0.012935847043991089,-0.05985362871367661
0,2001-11-06,831.7913012838263,3.99379908222245,0.015553475357592106,0.056311668568179485
0,2001-11-07,831.7976062905326,3.945969989742814,7.58003443479538e-06,-0.047829092479635626
0,2001-11-08,829.7106419666002,3.888062329814052,-0.0025089809205383062,-0.05790765992876201
0,2001-11-09,837.0987933679494,3.8743509333348447,0.008904491551220417,-0.013711396479207494
0,2001-11-14,840.7338201364732,3.828868666737587,0.004342410713434219,-0.04548226659725785
0,2001-11-15,840.1607238385697,3.836758295651841,-0.0006816620007157326,0.007889628914254043
0,2001-11-16,845.3101016693298,3.7818557023250507,0.0061290389858186245,-0.05490259332679015
0,2001-11-19,835.4565134657279,3.7395352240679083,-0.011656773276627064,-0.04232047825714247
0,2001-11-20,838.3192095975364,3.8414283864913905,0.0034265052527189255,0.10189316242348223
0,2001-11-21,847.6907754738783,3.8159148992541794,0.011178994551301003,-0.02551348723721114
0,2001-11-23,856.8499847700039,3.8412690697564633,0.010804894380271435,0.025354170502283946
0,2001-11-26,854.4117366303926,3.813304464070244,-0.0028455951251089573,-0.02796460568621928
0,2001-11-27,863.4329458334307,3.827692976644841,0.010558386333286762,0.014388512574596835
0,2001-11-28,865.9428678221586,3.82518645839267,0.0029069101437926292,-0.002506518252170853
0,2001-11-29,869.8737940910222,3.8234370070351007,0.0045394753105938435,-0.0017494513575693205
0,2001-11-30,862.7366016699544,3.8222333587017845,-0.008204859681427479,-0.0012036483333162096
0,2001-12-03,862.9069503592808,3.796374867080825,0.00019745156168937683,-0.025858491620959434
0,2001-12-04,866.1162814498906,3.760235800005399,0.003719208762049675,-0.036139067075426023
0,2001-12-05,864.8571909613224,3.7561265588378103,-0.001453719916753471,-0.004109241167588706
0,2001-12-06,861.1187571802583,3.7239250960019374,-0.004322602413594723,-0.032201462835872885
0,2001-12-07,860.7418587700831,3.7489042864858626,-0.00043768458999693394,0.024979190483925162
0,2001-12-10,871.6094666216237,3.7558820668678456,0.012625861912965775,0.006977780381983045
0,2001-12-11,860.7730741493269,3.6954477200898124,-0.012432623654603958,-0.06043434677803328
0,2001-12-12,864.4099524541812,3.7124260064665084,0.004225130192935467,0.016978286376696072
0,2001-12-13,860.8687323573695,3.734186563848052,-0.0040966905653476715,0.021760557381543588
0,2001-12-14,862.8713491571035,3.7393729271449003,0.0023262742906808853,0.005186363296848295
0,2001-12-17,856.9876918046547,3.73458122691234,-0.006818695925176144,-0.00479170023256037
0,2001-12-18,864.4570841989378,3.745004250790035,0.008715868927538395,0.010423023877695226
0,2001-12-19,861.0661673996921,3.6957034150865917,-0.003922597039490938,-0.04930083570344346
0,2001-12-20,858.4868648532101,3.6956524907544663,-0.0029954754281789064,-5.092433212539049e-05
0,2001-12-21,866.781872357225,3.714600708772575,0.009662358090281487,0.018948218018108864
0,2001-12-24,867.4952836690052,3.6708085161383868,0.0008230574894696474,-0.04379219263418843
0,2001-12-26,873.8993042067747,3.6854169227522626,0.007382196374237537,0.014608406613875857
0,2001-12-27,876.3746008175805,3.7084433902215106,0.002832473488524556,0.02302646746924797
0,2001-12-28,884.1160424665479,3.737725578455841,0.008833484724164009,0.029282188234330597
0,2001-12-31,886.7756741830405,3.717061040607656,0.003008238272741437,-0.020664537848185116
0,2002-01-02,888.509031556949,3.752692101618097,0.001954674022272229,0.03563106101044111
0,2002-01-03,890.6476537054419,3.8130894626664196,0.002406978514045477,0.060397361048322384
0,2002-01-04,896.2038920138239,3.8098368211736053,0.006238424684852362,-0.0032526414928142344
0,2002-01-07,898.3928997295092,3.8110878597970856,0.0024425331503152847,0.001251038623480305
0,2002-01-08,919.8102073664489,3.829176576088932,0.02383957803249359,0.018088716291846385
0,2002-01-09,919.0941365206069,3.84391163001891,-0.0007784984773024917,0.01473505392997776
0,2002-01-10,924.7096000748679,3.8837035806184073,0.006109780631959438,0.03979195059949747
0,2002-01-11,923.3859840346834,3.865819217961598,-0.0014313856372609735,-0.01788436265680904
0,2002-01-14,916.5434590487433,3.866561785205546,-0.007410254329442978,0.0007425672439476116
0,2002-01-15,926.3742266802312,3.9133149089167887,0.010725915431976318,0.04675312371124285
0,2002-01-16,928.6761528082203,3.9410887878689653,0.0024848771281540394,0.027773878952176645
0,2002-01-17,943.9148053436268,3.9705765222839604,0.016409005969762802,0.02948773441499508
0,2002-01-18,952.3642007586867,3.98164697009684,0.008951438590884209,0.011070447812879802
0,2002-01-22,952.8384832942235,4.010789394695002,0.0004980054218322039,0.029142424598161742
0,2002-01-23,947.8845466747953,4.020942993210082,-0.00519913574680686,0.01015359851508002
0,2002-01-24,944.7781908215488,4.032152575318096,-0.00327714579179883,0.01120958210801426
0,2002-01-25,951.4240690271591,4.071630514668289,0.007034326437860727,0.03947793935019295
0,2002-01-28,948.4625486664333,4.034087823255001,-0.003112723818048835,-0.03754269141328859
0,2002-01-29,952.7771855738347,4.038882568057396,0.004549085162580013,0.004794744802395279
0,2002-01-30,955.3466941397056,4.085075573404166,0.0026968619786202908,0.046193005346769844
0,2002-01-31,964.040549604282,4.051048907901967,0.009100209921598434,-0.034026665502199016
0,2002-02-01,965.2173131464652,4.0924099071695235,0.0012206577230244875,0.041360999267556764
0,2002-02-04,968.9125113763653,4.0856010970123435,0.0038283588364720345,-0.006808810157179934
0,2002-02-05,970.9865677555374,4.042361204184919,0.0021406023297458887,-0.04323989282742424
0,2002-02-06,972.2625272952341,4.054129663178913,0.0013140856754034758,0.011768458993993924
0,2002-02-07,980.6256867297202,4.041687535972726,0.008601750247180462,-0.012442127206186981
0,2002-02-08,965.5591795931871,4.006946344235645,-0.015364177525043488,-0.03474119173708079
0,2002-02-11,970.342598440026,3.999068665397714,0.004954040050506592,-0.007877678837931334
0,2002-02-12,972.9135022105704,3.990198215574695,0.002649480476975441,-0.00887044982301921
0,2002-02-13,972.9992130316582,3.9744783954680694,8.809706196188927e-05,-0.015719820106625537
0,2002-02-14,968.0964231872962,3.906866186884906,-0.005038842558860779,-0.06761220858316319
0,2002-02-15,952.9285416896479,3.9188960487271514,-0.015667738392949104,0.012029861842245193
0,2002-02-19,962.7370692535812,3.9376221394998443,0.01029303576797247,0.018726090772692938
0,2002-02-20,968.2195419815162,3.9256823893601096,0.005694672930985689,-0.011939750139734695
0,2002-02-21,965.814516822525,3.8904205244189978,-0.0024839667603373528,-0.03526186494111183
0,2002-02-22,960.1710637944567,3.9162303892281005,-0.005843205843120813,0.025809864809102745
0,2002-02-25,971.1983701653093,3.9517111295704668,0.011484730988740921,0.03548074034236626
0,2002-02-26,970.6089538659968,3.937924715201182,-0.0006068958900868893,-0.013786414369284739
0,2002-02-27,972.2915403500198,3.931764297495475,0.0017335369484499097,-0.006160417705706855
0,2002-02-28,966.0231211356961,3.929751468442996,-0.006447057239711285,-0.002012829052479237
0,2002-03-01,957.4133123198942,3.9349858180424495,-0.008912632241845131,0.005234349599453569
0,2002-03-04,956.3033138709923,3.913621431164489,-0.0011593722738325596,-0.021364386877960495
0,2002-03-05,943.6123219137662,3.9560935611057504,-0.013270885683596134,0.04247212994126137
0,2002-03-06,957.595614406805,4.032462405406436,0.014818895608186722,0.0763688443006858
0,2002-03-07,975.3660595531184,4.011480007545005,0.018557358533143997,-0.020982397861430968
0,2002-03-08,990.6809775296365,4.071602037614947,0.015701713040471077,0.06012203006994188
0,2002-03-11,991.6537824506032,4.143730587752457,0.0009819557890295982,0.07212855013750996
0,2002-03-12,1002.5532972503947,4.1704659434921165,0.010991250164806843,0.02673535573965946
0,2002-03-13,1002.5099464690452,4.180045026281542,-4.324037581682205e-05,0.009579082789425541
0,2002-03-14,1002.3088713196069,4.193394104375485,-0.00020057172514498234,0.013349078093942701
0,2002-03-15,998.3421614010938,4.212163153279837,-0.003957572393119335,0.01876904890435238
0,2002-03-18,993.0498230690305,4.081412062219056,-0.00530112674459815,-0.1307510910607812
0,2002-03-19,968.0629177784623,4.192728234814167,-0.025161784142255783,0.11131617259511106
0,2002-03-20,979.6377846378784,4.247524389977094,0.011956729926168919,0.054796155162926574
0,2002-03-21,989.5305940269427,4.24823248117933,0.010098435916006565,0.0007080912022363606
0,2002-03-22,1004.8694349291754,4.288009476407416,0.015501128509640694,0.03977699522808642
0,2002-03-25,1002.3975147385989,4.3267381845610275,-0.002459941664710641,0.03872870815361118
0,2002-03-26,1001.6218053239792,4.367041651477527,-0.0007738540880382061,0.040303466916499886
0,2002-03-27,1007.05791434296,4.310059334711924,0.005427306983619928,-0.05698231676560361
0,2002-03-28,1005.44606378997,4.365032487602892,-0.0016005539800971746,0.054973152890967825
0,2002-04-01,1016.2473045283735,4.438051197084573,0.010742735117673874,0.07301870948168165
0,2002-04-02,1016.9353367577806,4.4657962681791235,0.0006770322797819972,0.027745071094550156
0,2002-04-03,1011.7350142255927,4.410742392971915,-0.005113719962537289,-0.05505387520720806
0,2002-04-04,1021.9522428174856,4.393785026168808,0.010098719969391823,-0.016957366803107554
0,2002-04-05,1025.1383080071207,4.255298313766472,0.0031176263000816107,-0.13848671240233568
0,2002-04-08,1015.0008803504719,4.27454495361703,-0.009888838976621628,0.01924663985055819
0,2002-04-09,1014.8460283211041,4.266099997273009,-0.00015256344340741634,-0.008444956344021648
0,2002-04-10,1020.019979131665,4.338097544093561,0.005098261870443821,0.07199754682055204
0,2002-04-11,1023.77389759232,4.328073441509674,0.0036802401300519705,-0.010024102583886751
0,2002-04-12,1031.3247216433888,4.428001430287676,0.007375480141490698,0.0999279887780018
0,2002-04-15,1026.7596465028557,4.444485960345045,-0.004426418803632259,0.01648453005736883
0,2002-04-16,1021.7240422576435,4.452846787243239,-0.004904365167021751,0.008360826898194063
0,2002-04-17,1017.6781388694891,4.391437061092189,-0.00395987881347537,-0.06140972615104978
0,2002-04-18,1001.4069608142497,4.235152384431394,-0.015988530591130257,-0.15628467666079526
0,2002-04-19,993.6951293405493,4.30248182287428,-0.007700996473431587,0.06732943844288641
0,2002-04-22,1014.5606704238946,4.371950947738874,0.02099793031811714,0.069469124864594
0,2002-04-23,1027.9119227952715,4.49037281824038,0.013159639202058315,0.1184218705015061
0,2002-04-24,967.8535323176785,4.251632384692789,-0.058427564799785614,-0.23874043354759156
0,2002-04-25,1018.1801575353294,4.487610154148408,0.05199818313121796,0.23597776945561932
0,2002-04-26,1005.2238223421112,4.5423505790256575,-0.01272499281913042,0.054740424877249616
0,2002-04-29,995.2118123261924,4.481204896712701,-0.009959980845451355,-0.06114568231295614
0,2002-04-30,1020.4645939451708,4.694762827345046,0.02537427842617035,0.2135579306323443
0,2002-05-01,1032.0443678653771,4.768497711146594,0.01134755089879036,0.07373488380154836
0,2002-05-02,1031.8688726706987,4.72677124860487,-0.0001700461725704372,-0.04172646254172374
0,2002-05-03,1048.0833381784514,4.799880482666202,0.015713687986135483,0.07310923406133174
0,2002-05-06,986.6282023284824,4.665457157377994,-0.058635734021663666,-0.13442332528820788
0,2002-05-07,979.174582763025,4.634733956731035,-0.0075546386651694775,-0.030723200646959548
0,2002-05-08,999.1009988052904,4.642270986738984,0.020350217819213867,0.0075370300079491415
0,2002-05-09,1059.3055945993158,4.753224625037713,0.06025876849889755,0.11095363829872884
0,2002-05-10,1019.7409026970474,4.662228336871271,-0.0373496487736702,-0.09099628816644145
0,2002-05-13,992.6425389471125,4.519683217604984,-0.026573773473501205,-0.14254511926628677
0,2002-05-14,972.3051644279278,4.44290358396718,-0.020488115027546883,-0.0767796336378046
0,2002-05-15,928.9032177312017,4.326843173063906,-0.044638194143772125,-0.11606041090327412
0,2002-05-16,897.1314665550461,4.214565727809558,-0.034203510731458664,-0.1122774452543478
0,2002-05-17,903.0579437686132,4.265084846530614,0.006606029812246561,0.05051911872105652
0,2002-05-20,897.2570645294161,4.2659628348422425,-0.006423595827072859,0.0008779883116281084
0,2002-05-21,925.7305508216459,4.282630895115176,0.0317339226603508,0.016668060272933438
0,2002-05-22,908.4164048387664,4.17176796457094,-0.018703224137425423,-0.11086293054423635
0,2002-05-23,889.2039897391575,4.175039760784837,-0.021149348467588425,0.0032717962138972823
0,2002-05-24,931.2158529220643,4.2501900455634445,0.047246597707271576,0.07515028477860763
0,2002-05-28,936.4575076183969,4.277936377724502,0.005628828890621662,0.027746332161057374
0,2002-05-29,910.1225643410897,4.236940760204862,-0.02812187746167183,-0.04099561751963954
0,2002-05-30,918.4809206853448,4.282083731077318,0.009183770045638084,0.04514297087245556
0,2002-05-31,903.1735050344289,4.263648362670371,-0.01666601374745369,-0.018435368406946928
0,2002-06-03,900.006427846681,4.267735846074513,-0.0035066099371761084,0.0040874834041417785
0,2002-06-04,885.8646849165953,4.217105957151433,-0.015712935477495193,-0.05062988892307985
0,2002-06-05,892.380707994111,4.214234012327979,0.0073555512353777885,-0.002871944823453987
0,2002-06-06,881.2289833032496,4.154542853032524,-0.012496599927544594,-0.05969115929545499
0,2002-06-07,892.5645689592604,4.123729499222952,0.012863382697105408,-0.030813353809572064
0,2002-06-10,885.498220073025,4.113655454732435,-0.007916904985904694,-0.01007404449051652
0,2002-06-11,893.7681577092521,4.088615450703242,0.009339304640889168,-0.025040004029193597
0,2002-06-12,913.6876385343709,4.141004168515327,0.022287078201770782,0.052388717812084984
0,2002-06-13,920.9169033511068,4.146402395987617,0.007912184111773968,0.005398227472290351
0,2002-06-14,914.7904963477771,4.098014089577953,-0.006652507930994034,-0.04838830640966396
0,2002-06-17,926.1886588812457,4.125577772811589,0.012459861114621162,0.027563683233635672
0,2002-06-18,916.6149453696481,4.112177417420767,-0.01033667754381895,-0.013400355390821517
0,2002-06-19,906.8565196368965,4.063394028957673,-0.010646156035363674,-0.048783388463093935
0,2002-06-20,912.2816747798975,4.089752645013878,0.005982374306768179,0.026358616056204376
0,2002-06-21,898.1780231994335,4.129784878414718,-0.015459755435585976,0.040032233400840056
0,2002-06-24,897.3699391398462,4.095907555651111,-0.0008996925316751003,-0.03387732276360644
0,2002-06-25,891.2610159454404,4.074707660332461,-0.006807586178183556,-0.02119989531865052
0,2002-06-26,895.9956699818953,4.0718718525684245,0.005312309134751558,-0.0028358077640362467
0,2002-06-27,903.5447256736571,4.132326392413386,0.008425326086580753,0.06045453984496163
0,2002-06-28,919.8458989946433,4.103866120347047,0.018041357398033142,-0.028460272066339165
0,2002-07-01,923.5198210450721,4.101966137172544,0.003994062542915344,-0.001899983174502573
0,2002-07-02,931.4154754946069,4.070174642571248,0.008549523539841175,-0.031791494601296044
0,2002-07-03,933.7520755448264,4.124201333600028,0.002508654957637191,0.05402669102877944
0,2002-07-05,940.7026441169978,4.195088734752672,0.00744369812309742,0.07088740115264436
0,2002-07-08,924.1518811905548,4.091766611453045,-0.017594043165445328,-0.10332212329962687
0,2002-07-09,889.95859853377,4.067101760877767,-0.03699963539838791,-0.02466485057527823
0,2002-07-10,899.2282673560077,3.9593470365564407,0.01041584275662899,-0.10775472432132638
0,2002-07-11,890.181058472059,3.9249010850554513,-0.010061081498861313,-0.03444595150098939
0,2002-07-12,875.1541936764756,3.901400626246325,-0.016880683600902557,-0.0235004588091261
0,2002-07-15,884.6322326289745,3.884918921198889,0.010830136016011238,-0.01648170504743618
0,2002-07-16,896.2632466373141,3.9842843301767537,0.013147852383553982,0.09936540897786461
0,2002-07-17,891.864431590486,3.944621880716175,-0.004907949827611446,-0.03966244946057884
0,2002-07-18,841.7656806056538,3.840008164402468,-0.05617305636405945,-0.10461371631370664
0,2002-07-19,837.84071548452,3.77811566871275,-0.004662776365876198,-0.061892495689718
0,2002-07-22,827.2839372813813,3.721322532274637,-0.01259998232126236,-0.05679313643811312
0,2002-07-23,838.438847627284,3.7454776478778937,0.013483774848282337,0.02415511560325667
0,2002-07-24,846.6324311592208,3.792904644341961,0.009772428311407566,0.04742699646406745
0,2002-07-25,842.970303070824,3.802281362687977,-0.004325523041188717,0.009376718346015611
0,2002-07-26,851.8188477785578,3.80794336070139,0.010496864095330238,0.005661998013413161
0,2002-07-29,834.3673214837725,3.7419092976554467,-0.02048736810684204,-0.06603406304594328
0,2002-07-30,839.6082713900969,3.699985305504735,0.006281346082687378,-0.04192399215071152
0,2002-07-31,847.8553775383134,3.7075081926755455,0.009822564199566841,0.0075228871708103995
0,2002-08-01,834.6535864404866,3.617834079819068,-0.01557080540806055,-0.08967411285647753
0,2002-08-02,822.7622672850031,3.5862882944520122,-0.01424701139330864,-0.03154578536705577
0,2002-08-05,815.6834986232426,3.5357610996275857,-0.008603662252426147,-0.05052719482442658
0,2002-08-06,812.4489666368752,3.486961888097592,-0.003965425305068493,-0.04879921152999378
0,2002-08-07,804.0234779346932,3.447677876957859,-0.010370483621954918,-0.03928401113973301
0,2002-08-08,814.372023671201,3.491964351256058,0.012870949693024158,0.044286474298198986
0,2002-08-09,828.8493575304223,3.535090762472865,0.017777297645807266,0.04312641121680727
0,2002-08-12,831.4113112274275,3.54578218189905,0.003090976271778345,0.0106914194261849
0,2002-08-13,830.9801196483717,3.5663229607410982,-0.0005186260677874088,0.02054077884204819
0,2002-08-14,833.1887564448418,3.566545295922472,0.0026578695978969336,0.00022233518137371178
0,2002-08-15,825.5218002712893,3.5359192639217203,-0.00920194387435913,-0.030626032000751646
0,2002-08-16,804.3046451785415,3.4346670139661577,-0.025701507925987244,-0.10125224995556259
0,2002-08-19,795.148897972126,3.4086370967412094,-0.01138343196362257,-0.026029917224948296
0,2002-08-20,799.0997861440321,3.3826967074354024,0.0049687400460243225,-0.025940389305807
0,2002-08-21,788.9456767787663,3.370165969025039,-0.012706935405731201,-0.012530738410363451
0,2002-08-22,788.0086900213097,3.371479546977605,-0.001187644200399518,0.0013135779525659252
0,2002-08-23,786.7641042979874,3.3420084751813794,-0.0015794060891494155,-0.029471071796225434
0,2002-08-26,764.8288983588061,3.29476371512954,-0.027880283072590828,-0.04724476005183931
0,2002-08-27,757.2074647719627,3.2662186312987807,-0.00996488705277443,-0.028545083830759488
0,2002-08-28,760.4757063815836,3.31183743756182,0.0043161772191524506,0.04561880626303916
0,2002-08-29,756.8825508250522,3.2785637416010998,-0.004724878817796707,-0.03327369596072005
0,2002-08-30,742.0308731703498,3.2320261218862125,-0.01962216943502426,-0.046537619714887235
0,2002-09-03,742.5078630587091,3.229987598004661,0.0006428167689591646,-0.0020385238815516793
0,2002-09-04,747.8694689722287,3.196815776446089,0.007220941595733166,-0.03317182155857168
0,2002-09-05,739.1225021505438,3.169817045301488,-0.011695846915245056,-0.026998731144601162
0,2002-09-06,729.508715737035,3.1550505598270515,-0.013007027097046375,-0.014766485474436486
0,2002-09-09,738.5092532100575,3.1881026814429534,0.012337806634604931,0.033052121615901875
0,2002-09-10,745.9198969881851,3.176880032842614,0.010034598410129547,-0.01122264860033928
0,2002-09-11,749.1277785003819,3.1815286871567894,0.004300571046769619,0.004648654314175271
0,2002-09-12,743.9529907987246,3.1605363229113883,-0.006907750386744738,-0.020992364245401074
0,2002-09-13,756.050044690437,3.247465853123556,0.016260508447885513,0.08692953021216754
0,2002-09-16,758.8225676789289,3.235000935281865,0.0036671156994998455,-0.012464917841690681
0,2002-09-17,764.4425412194464,3.23023028343285,0.007406176067888737,-0.004770651849015373
0,2002-09-18,766.1139866497815,3.230174329551082,0.0021864892914891243,-5.595388176793392e-05
0,2002-09-19,783.6242543018973,3.350630054619824,0.022855956107378006,0.12045572506874214
0,2002-09-20,781.2031080416631,3.3331314950169024,-0.003089677542448044,-0.01749855960292157
0,2002-09-23,785.547520192051,3.3608472184545573,0.005561181344091892,0.027715723437654827
0,2002-09-24,798.9366703908324,3.451185009821138,0.01704435423016548,0.0903377913665806
0,2002-09-25,804.0110461932223,3.4100011906582544,0.006351411808282137,-0.041183819162883495
0,2002-09-26,797.908390027807,3.3898126847763423,-0.007590264081954956,-0.02018850588191201
0,2002-09-27,814.4149429981941,3.4454427056194574,0.020687278360128403,0.05563002084311508
0,2002-09-30,810.9835430543542,3.4285202762306692,-0.004213331267237663,-0.016922429388788185
0,2002-10-01,805.7595079388509,3.4333169370539127,-0.006441604346036911,0.0047966608232434815
0,2002-10-02,821.6587022667218,3.502483314760186,0.019731935113668442,0.06916637770627343
0,2002-10-03,801.5668724262862,3.49603139849522,-0.02445276826620102,-0.006451916264966329
0,2002-10-04,806.619720466968,3.508618523460354,0.006303713656961918,0.012587124965134144
0,2002-10-07,798.3014204640723,3.4430462003507665,-0.01031254231929779,-0.0655723231095875
0,2002-10-08,800.7296146336679,3.4692736532758635,0.0030417009256780148,0.026227452925096983
0,2002-10-09,823.065806019969,3.470130978374103,0.027894798666238785,0.0008573250982393255
0,2002-10-10,821.5260942910191,3.4406266845899496,-0.001870703068561852,-0.0295042937841532
0,2002-10-11,819.9744610731335,3.4454937865610655,-0.0018887205515056849,0.00486710197111595
0,2002-10-16,820.4443693915844,3.4746420876294764,0.0005730767734348774,0.02914830106841082
0,2002-10-17,824.2887388955138,3.493134080034471,0.004685716237872839,0.01849199240499466
0,2002-10-18,810.4408651419435,3.4714181453704422,-0.01679978519678116,-0.02171593466402877
0,2002-10-21,817.911901422533,3.475828869285848,0.009218484163284302,0.0044107239154058675
0,2002-10-22,823.9623093868697,3.493755819493362,0.007397383451461792,0.01792695020751367
0,2002-10-23,818.4649740170078,3.4750140835294885,-0.006671828683465719,-0.018741735963873296
0,2002-10-24,826.150816159283,3.488318229404353,0.009390557184815407,0.013304145874864393
0,2002-10-25,830.4731174140132,3.445607297504032,0.005231854971498251,-0.042710931900320936
0,2002-10-28,830.4916013340244,3.480879710121982,2.2257096134126186e-05,0.03527241261795
0,2002-10-29,829.5994986390807,3.453699615793802,-0.0010741862934082747,-0.027180094328179916
0,2002-10-30,820.4430177568537,3.6370764742895867,-0.011037230491638184,0.18337685849578467
0,2002-10-31,828.4008728516028,3.6099247091397912,0.009699461050331593,-0.027151765149795448
0,2002-11-01,823.8101129843694,3.667403584187276,-0.00554171297699213,0.057478875047484834
0,2002-11-04,824.9109407468868,3.6751851489088563,0.0013362639583647251,0.007781564721580203
0,2002-11-05,811.6549439150613,3.596289627468943,-0.01606960967183113,-0.07889552143991319
0,2002-11-06,821.6676197330887,3.651743649710515,0.0123361237347126,0.05545402224157181
0,2002-11-07,832.0516690271375,3.5341698379290998,0.012637773528695107,-0.11757381178141513
0,2002-11-08,827.2812842407342,3.514980670814698,-0.005733279511332512,-0.019189167114401773
0,2002-11-13,832.481215660261,3.43428872432877,0.006285566370934248,-0.08069194648592815
0,2002-11-14,826.0240615104179,3.3865761087025157,-0.007756516337394714,-0.04771261562625417
0,2002-11-15,834.7009720363832,3.3879433590427444,0.010504428297281265,0.001367250340228665
0,2002-11-18,834.5391068351656,3.413980002550945,-0.00019391998648643494,0.026036643508200452
0,2002-11-19,849.3316515057841,3.456190300235404,0.01772540621459484,0.042210297684459164
0,2002-11-20,846.9768248888828,3.5120528544380956,-0.0027725643012672663,0.055862554202691594
0,2002-11-21,850.1456336510965,3.507550464923431,0.0037413169629871845,-0.004502389514664529
0,2002-11-22,859.0730486633245,3.5879220195531683,0.010501042008399963,0.08037155462973722
0,2002-11-25,855.47418644405,3.6156176742810855,-0.0041892388835549355,0.02769565472791724
0,2002-11-26,858.0178944694438,3.6411593727277363,0.002973448019474745,0.025541698446650773
0,2002-11-27,856.0935967922798,3.642539733552258,-0.002242724411189556,0.0013803608245215315
0,2002-11-29,832.1136022917175,3.606861802253266,-0.02801094949245453,-0.03567793129899188
0,2002-12-02,830.6000538141,3.6162557987362023,-0.001818920485675335,0.009393996482936373
0,2002-12-03,830.995717755449,3.6221998930477413,0.0004763591568917036,0.005944094311538972
0,2002-12-04,835.2198936659101,3.644885091678134,0.005083270370960236,0.022685198630392645
0,2002-12-05,830.2182426605568,3.644161841058442,-0.005988424178212881,-0.0007232506196919175
0,2002-12-06,821.5748731109157,3.728689127758631,-0.010410960763692856,0.08452728670018894
0,2002-12-09,834.1634188320329,3.7924330817316845,0.015322457067668438,0.06374395397305355
0,2002-12-10,823.2879021894704,3.7932568278407404,-0.013037633150815964,0.0008237461090558895
0,2002-12-11,828.8768550846773,3.8502976141759,0.006788576487451792,0.057040786335159854
0,2002-12-12,836.8465032381414,3.9525537101552612,0.009614996612071991,0.10225609597936103
0,2002-12-13,832.5930312257661,3.9936286093460307,-0.00508273858577013,0.041074899190769454
0,2002-12-16,842.1081947285174,3.9949787803743053,0.0114283487200737,0.001350171028274616
0,2002-12-17,841.3139712478833,3.969349783515637,-0.0009431370999664068,-0.025628996858668263
0,2002-12-18,840.9603364777688,3.982588123641733,-0.0004203362623229623,0.013238340126096038
0,2002-12-19,831.3207414169295,3.9151252148625284,-0.011462603695690632,-0.06746290877920469
0,2002-12-20,823.9717621027193,3.842361781286336,-0.008840125054121017,-0.07276343357619242
0,2002-12-23,819.6179519431485,3.792528019115132,-0.005283931270241737,-0.049833762171203944
0,2002-12-24,816.4018626360984,3.750054988042991,-0.0039238883182406425,-0.042473031072141065
0,2002-12-26,820.4897883930495,3.699905328636738,0.005007246974855661,-0.05014965940625293
0,2002-12-27,806.026745251989,3.6317564750787024,-0.017627328634262085,-0.06814885355803568
0,2002-12-30,801.7451781500043,3.5939487283239946,-0.0053119417279958725,-0.03780774675470777
0,2002-12-31,796.0502807319854,3.5633722954269635,-0.007103126496076584,-0.030576432897031047
0,2003-01-02,799.3118905619443,3.5697325460191403,0.004097240976989269,0.006360250592176708
0,2003-01-03,804.1638292178461,3.5496586430508015,0.006070144474506378,-0.020073902968338775
0,2003-01-06,810.272498900514,3.5014585559654536,0.007596299983561039,-0.04820008708534784
0,2003-01-07,809.2588932983626,3.5005754123980175,-0.0012509441003203392,-0.0008831435674361288
0,2003-01-08,812.1931691191941,3.5006384876419103,0.003625880228355527,6.307524389281838e-05
0,2003-01-09,807.1643820761842,3.463652970353402,-0.0061916145496070385,-0.03698551728850852
0,2003-01-10,805.0899295753427,3.441924092043842,-0.0025700496044009924,-0.021728878309559718
0,2003-01-13,804.6723771416266,3.3926923560467386,-0.000518640736117959,-0.04923173599710351
0,2003-01-14,805.9313501507327,3.3356885772272284,0.0015645783860236406,-0.05700377881951013
0,2003-01-15,794.1194492797223,3.2434043006592193,-0.01465621218085289,-0.0922842765680092
0,2003-01-16,798.1153907815509,3.2401042026210463,0.005031914915889502,-0.003300098038172994
0,2003-01-17,790.6808144191244,3.1550977020663686,-0.009315164759755135,-0.08500650055467762
0,2003-01-21,788.0647437224897,3.1353307418276515,-0.003308630548417568,-0.019766960238717157
0,2003-01-22,797.356831374908,3.1613727298847523,0.011791020631790161,0.026041988057100784
0,2003-01-23,793.3290507867471,3.149983328067811,-0.005051415413618088,-0.011389401816941369
0,2003-01-24,796.5670356797511,3.1517790291238725,0.004081515595316887,0.0017957010560616382
0,2003-01-27,791.3491550776124,3.137436338014429,-0.006550460122525692,-0.014342691109443528
0,2003-01-28,793.280709542937,3.1598324659898425,0.00244083721190691,0.02239612797541346
0,2003-01-29,784.1578816274306,3.1472517339654944,-0.011500125750899315,-0.012580732024348062
0,2003-01-30,787.2100107472262,3.11776585928559,0.0038922380190342665,-0.029485874679904267
0,2003-01-31,782.8010219337928,3.1195305051948714,-0.0056007783859968185,0.0017646459092812705
0,2003-02-03,792.5482260966855,3.156712278221643,0.012451700866222382,0.03718177302677139
0,2003-02-04,791.4492281011937,3.1671084086230166,-0.0013866638764739037,0.010396130401373771
0,2003-02-05,789.2350224758142,3.1723761318998025,-0.002797659719362855,0.0052677232767859294
0,2003-02-06,797.5066587944298,3.2019339777583933,0.010480574332177639,0.02955784585859078
0,2003-02-07,789.2825337079825,3.1701909926513685,-0.010312296450138092,-0.03174298510702478
0,2003-02-10,799.7071142473859,3.1687870567926963,0.013207666575908661,-0.0014039358586721562
0,2003-02-11,798.319952112898,3.164058158164564,-0.0017345877131447196,-0.004728898628132416
0,2003-02-12,783.616779929233,3.1085990344115384,-0.018417643383145332,-0.05545912375302553
0,2003-02-13,800.8042208400763,3.134957205313276,0.021933477371931076,0.026358170901737754
0,2003-02-14,798.0257724291628,3.1341963549304372,-0.0034695726353675127,-0.0007608503828389068
0,2003-02-18,800.8657936805737,3.1392654228840797,0.0035588089376688004,0.005069067953642481
0,2003-02-19,797.3125039173442,3.1318774195535077,-0.004436810500919819,-0.0073880033305719905
0,2003-02-20,783.9571909346948,3.053852022027198,-0.016750412061810493,-0.07802539752630988
0,2003-02-21,792.3701206515724,3.08519028495743,0.010731363669037819,0.03133826293023212
0,2003-02-24,791.2947551485895,3.076732938133384,-0.0013571504969149828,-0.008457346824045864
0,2003-02-25,789.1332884178132,3.0616043193538895,-0.0027315570041537285,-0.015128618779494563
0,2003-02-26,795.2947094610339,3.090479484224232,0.007807833142578602,0.028875164870342473
0,2003-02-27,798.9452447790695,3.1085832367060435,0.004590166732668877,0.018103752481811508
0,2003-02-28,797.4540920648739,3.125381340039708,-0.0018664016388356686,0.016798103333664383
0,2003-03-03,802.9025612279178,3.1289763294476862,0.00683232955634594,0.0035949894079783107
0,2003-03-04,794.898416056187,3.11026011761708,-0.009969011880457401,-0.018716211830606344
0,2003-03-05,803.0272146479106,3.145997352632599,0.010226210579276085,0.035737235015519175
0,2003-03-06,796.6235901769371,3.131228633867797,-0.007974355481564999,-0.014768718764802014
0,2003-03-07,797.9597862802299,3.1298001918359577,0.0016773242969065905,-0.0014284420318393387
0,2003-03-10,804.4399527877541,3.1456330157706534,0.008120918646454811,0.01583282393469565
0,2003-03-11,798.3260011423963,3.183490848474952,-0.007600258570164442,0.037857832704298655
0,2003-03-12,791.4546418734442,3.170706858234707,-0.008607209660112858,-0.012783990240245124
0,2003-03-13,806.8723797232193,3.272758548933138,0.019480254501104355,0.10205169069843123
0,2003-03-14,809.9777363544864,3.2678498986363462,0.0038486341945827007,-0.004908650296791883
0,2003-03-17,815.9870474840451,3.2803150388978017,0.007419106550514698,0.01246514026145551
0,2003-03-18,807.0415939762511,3.2461439778010925,-0.01096273958683014,-0.0341710610967092
0,2003-03-19,800.3410841615697,3.265093792798667,-0.008302558213472366,0.01894981499757442
0,2003-03-20,804.941069413412,3.236274921472478,0.005747531075030565,-0.028818871326188766
0,2003-03-21,795.9213742340607,3.2099839866281443,-0.011205410584807396,-0.02629093484433387
0,2003-03-24,811.264079900736,3.2586185044454887,0.019276659935712814,0.0486345178173444
0,2003-03-25,805.000688940432,3.26011655754815,-0.007720532827079296,0.0014980531026611565
0,2003-03-26,809.9986904482356,3.27813208326616,0.0062086922116577625,0.018015525718010128
0,2003-03-27,813.5842011870984,3.1748458478567607,0.004426563624292612,-0.1032862354093993
0,2003-03-28,810.3939713624527,3.2080565967707697,-0.003921204246580601,0.03321074891400899
0,2003-03-31,818.6611381254243,3.1883741455429937,0.010201416909694672,-0.01968245122777601
0,2003-04-01,809.9147368552316,3.080000935112524,-0.010683787055313587,-0.10837321043046977
0,2003-04-02,812.1076428658905,3.0735680763484963,0.0027075763791799545,-0.00643285876402766
0,2003-04-03,797.8053423292505,3.0249052827835112,-0.017611335963010788,-0.04866279356498504
0,2003-04-04,799.7726746977552,3.0294479252535633,0.002465930301696062,0.004542642470052094
0,2003-04-07,802.3093114978766,2.9510819123478735,0.00317169725894928,-0.07836601290568979
0,2003-04-08,792.0988082155579,2.7208650981880966,-0.012726392596960068,-0.2302168141597769
0,2003-04-09,773.2558826367696,2.6353130001584892,-0.023788604885339737,-0.08555209802960739
0,2003-04-10,758.9644899193055,2.5672788433385723,-0.01848210021853447,-0.06803415681991698
0,2003-04-11,755.5355566069823,2.5440300194623053,-0.004517910070717335,-0.023248823876266922
0,2003-04-14,756.4901485729779,2.5309835296536383,0.001263463986106217,-0.013046489808667072
0,2003-04-15,755.9460469486633,2.4801478374894006,-0.0007192448247224092,-0.05083569216423767
0,2003-04-16,759.3615114701704,2.366669138909202,0.004518132656812668,-0.11347869858019877
0,2003-04-17,747.9841674968217,2.3677310195821546,-0.014982776716351509,0.0010618806729527641
0,2003-04-21,748.4042586315602,2.428217295433994,0.0005616310518234968,0.06048627585183919
0,2003-04-22,763.2232985414423,2.471544944290923,0.01980084925889969,0.04332764885692919
0,2003-04-23,763.5820062718902,2.46753896292167,0.0004699905402958393,-0.004005981369252787
0,2003-04-24,759.7416267542054,2.4233357829869746,-0.005029426421970129,-0.04420317993469558
0,2003-04-25,759.5775257355346,2.4186740605283097,-0.00021599582396447659,-0.004661722458664919
0,2003-04-28,757.4582493942926,2.441153913436633,-0.0027900724671781063,0.022479852908323217
0,2003-04-29,763.4769798174792,2.4686050454367585,0.007945956662297249,0.02745113200012561
0,2003-04-30,766.5852425238604,2.482015144935063,0.0040711937472224236,0.013410099498304628
0,2003-05-01,769.9492715708036,2.4899936594477556,0.004388330038636923,0.007978514512692492
0,2003-05-02,762.5494867970699,2.4710451727235787,-0.009610743261873722,-0.018948486724176927
0,2003-05-05,760.5247876220149,2.4865137062870817,-0.0026551708579063416,0.015468533563502973
0,2003-05-06,763.3166335775334,2.481839373857852,0.0036709466949105263,-0.004674332429229544
0,2003-05-07,763.8161517860956,2.4889917788624807,0.0006544049829244614,0.007152405004628548
0,2003-05-08,774.7216031263425,2.4487531399317866,0.014277586713433266,-0.040238638930694126
0,2003-05-09,786.1977081768316,2.502839502111804,0.014813198707997799,0.05408636218001739
0,2003-05-12,791.3452965998823,2.5028082460603054,0.006547447759658098,-3.12560514985627e-05
0,2003-05-13,807.7827502670824,2.520445515689115,0.020771531388163567,0.017637269628809626
0,2003-05-14,805.1190258351253,2.55319871023909,-0.003297575283795595,0.03275319454997483
0,2003-05-15,812.9561339779831,2.5882957636627304,0.009734098799526691,0.035097053423640556
0,2003-05-16,814.2967889165388,2.613810913014834,0.0016491110436618328,0.025515149352103528
0,2003-05-19,818.3331563091874,2.5881032560085853,0.004956874996423721,-0.025707657006248663
0,2003-05-20,807.8506429741113,2.5526430224575107,-0.012809591367840767,-0.03546023355107453
0,2003-05-21,822.8701208785391,2.6117557110420084,0.018591899424791336,0.0591126885844977
0,2003-05-22,829.040148418233,2.6088754882944873,0.007498179096728563,-0.0028802227475210884
0,2003-05-23,825.632521161838,2.5525373690673145,-0.004110328387469053,-0.0563381192271728
0,2003-05-27,825.2172444491669,2.5828204322774133,-0.0005029800813645124,0.03028306321009877
0,2003-05-28,823.9225690285601,2.5634768369991994,-0.0015688904095441103,-0.019343595278213943
0,2003-05-29,812.2163276857799,2.4961475703089686,-0.014207938686013222,-0.06732926669023076
0,2003-05-30,801.3521089532903,2.4719263654192045,-0.013376016169786453,-0.024221204889764092
0,2003-06-02,807.5170593550437,2.4711475512245222,0.007693185470998287,-0.0007788141946822869
0,2003-06-03,814.4401349968673,2.5034312903258935,0.008573287166655064,0.03228373910137128
0,2003-06-04,802.5284445077302,2.4874936986940295,-0.014625618234276772,-0.015937591631864034
0,2003-06-05,804.9618860494141,2.4751479012350632,0.0030322184320539236,-0.012345797458966246
0,2003-06-06,807.8509662978644,2.459896708074928,0.0035890894941985607,-0.015251193160135124
0,2003-06-09,795.2515409204635,2.4762861143839965,-0.015596224926412106,0.016389406309068377
0,2003-06-10,797.4250269616779,2.478285799373705,0.0027330799493938684,0.0019996849897085944
0,2003-06-11,795.6021759634526,2.498973020495631,-0.0022859214805066586,0.02068722112192578
0,2003-06-12,796.0910484183811,2.495188849761044,0.0006144684739410877,-0.0037841707345869224
0,2003-06-13,812.3065030089183,2.5487352479463596,0.020368844270706177,0.0535463981853157
0,2003-06-16,809.0422709023161,2.4875249305905194,-0.0040184734389185905,-0.06121031735584026
0,2003-06-17,809.8127473139526,2.5017513049784648,0.0009523314656689763,0.014226374387945384
0,2003-06-18,798.0496213388453,2.4304487500599863,-0.01452573575079441,-0.07130255491847848
0,2003-06-19,786.892541801842,2.3727851403881126,-0.013980433344841003,-0.05766360967187367
0,2003-06-20,792.3320498262656,2.32605710741078,0.006912644021213055,-0.046728032977332745
0,2003-06-23,780.7801538852527,2.2664574107349416,-0.014579614624381065,-0.05959969667583831
0,2003-06-24,781.6669496490579,2.2745455603579816,0.0011357816401869059,0.008088149623040053
0,2003-06-25,778.9629405206922,2.3012540834956288,-0.0034592854790389538,0.026708523137647155
0,2003-06-26,778.9773473640779,2.289582259894928,1.8494902178645134e-05,-0.011671823600700737
0,2003-06-27,779.0776012424815,2.3044744926149052,0.00012869935017079115,0.014892232719977194
0,2003-06-30,769.2748301162253,2.2769565098592763,-0.012582534924149513,-0.02751798275562889
0,2003-07-01,766.5844468871202,2.252326322673353,-0.003497297875583172,-0.024630187185923358
0,2003-07-02,768.1201294488196,2.2583363895155024,0.00200327904894948,0.006010066842149442
0,2003-07-03,765.6773049883658,2.335872488555384,-0.003180263563990593,0.07753609903988146
0,2003-07-07,776.3882718377382,2.3450110964107482,0.013988878577947617,0.009138607855364356
0,2003-07-08,770.3163935429708,2.318099541838335,-0.00782067235559225,-0.02691155457241301
0,2003-07-09,776.838096391125,2.3550230032149098,0.0084662651643157,0.03692346137657454
0,2003-07-10,785.4164626789183,2.361041989034804,0.011042669415473938,0.00601898581989424
0,2003-07-11,786.1714118285626,2.3981624747838586,0.0009612087160348892,0.03712048574905458
0,2003-07-14,789.0064590486013,2.401858088736452,0.0036061438731849194,0.003695613952593213
0,2003-07-15,781.0577339916451,2.3566226208561236,-0.010074347257614136,-0.04523546788032817
0,2003-07-16,764.7697480433161,2.2864813135156083,-0.02085375413298607,-0.07014130734051527
0,2003-07-17,762.4103377706575,2.2851365361676823,-0.0030851250048726797,-0.0013447773479260405
0,2003-07-18,754.9900274221053,2.275357171956083,-0.009732699021697044,-0.009779364211599528
0,2003-07-21,759.2309928608006,2.2460275680357356,0.005617246963083744,-0.029329603920347225
0,2003-07-22,751.6722330590103,2.249863810900752,-0.009955810382962227,0.0038362428650162705
0,2003-07-23,754.253498662435,2.237651870840648,0.003434030804783106,-0.012211940060103732
0,2003-07-24,751.8256689946213,2.2038646981534114,-0.003218851052224636,-0.033787172687236744
0,2003-07-25,763.1153295474323,2.194606689336299,0.015016327612102032,-0.009258008817112362
0,2003-07-28,765.763561034167,2.211404627333547,0.0034702899865806103,0.016797937997247825
0,2003-07-29,759.5566511926909,2.173086280387555,-0.008105517365038395,-0.03831834694599179
0,2003-07-30,763.4381648481434,2.179267037036861,0.005110235884785652,0.006180756649305952
0,2003-07-31,764.7211328976241,2.1702746937500588,0.0016805133782327175,-0.008992343286802207
0,2003-08-01,767.324734577036,2.2052425788278747,0.00340464198961854,0.0349678850778159
0,2003-08-04,775.9818699899824,2.2486106236333883,0.011282231658697128,0.043368044805513595
0,2003-08-05,778.702212133563,2.226302143063471,0.0035056774504482746,-0.02230848056991741
0,2003-08-06,790.696175534727,2.2272787265543856,0.015402503311634064,0.0009765834909147841
0,2003-08-07,790.0823018722267,2.218744527081217,-0.0007763711037114263,-0.008534199473168691
0,2003-08-08,788.2329170364961,2.2537344702925837,-0.00234074960462749,0.034989943211366725
0,2003-08-11,783.1861284396467,2.2273126374346925,-0.006402661558240652,-0.026421832857891125
0,2003-08-12,789.1554416856721,2.2269943267276675,0.007621832191944122,-0.00031831070702503794
0,2003-08-13,792.4181805532753,2.2613631478396234,0.004134469199925661,0.03436882111195594
0,2003-08-14,795.0017109798291,2.318685637823292,0.0032603119034320116,0.0573224899836684
0,2003-08-15,804.1011584674008,2.2692804681278758,0.011445821262896061,-0.049405169695416085
0,2003-08-18,802.5445638478911,2.2254108902635785,-0.0019358193967491388,-0.04386957786429724
0,2003-08-19,805.2624307644212,2.1949026741822744,0.003386561991646886,-0.030508216081304163
0,2003-08-20,791.0633295047211,2.131537647705312,-0.01763288676738739,-0.06336502647696252
0,2003-08-21,808.2299595621059,2.148319966793883,0.021700702607631683,0.016782319088571196
0,2003-08-22,804.6343780983373,2.13752774544239,-0.0044487109407782555,-0.010792221351493048
0,2003-08-25,810.9384889740505,2.140662592093508,0.007834752090275288,0.0031348466511178508
0,2003-08-26,822.9198805012234,2.180644179960332,0.01477472297847271,0.03998158786682415
0,2003-08-27,824.2440225110049,2.1833951095829516,0.0016090776771306992,0.00275092962261958
0,2003-08-28,826.653764413467,2.190816548721488,0.002923578256741166,0.007421439138536545
0,2003-08-29,820.0547436834268,2.213555558608461,-0.007982810959219933,0.022739009886973083
0,2003-09-02,814.1011230589862,2.201486697590094,-0.007260028272867203,-0.012068861018367016
0,2003-09-03,820.491226002994,2.2008667869286267,0.007849274203181267,-0.0006199106614674932
0,2003-09-04,811.6958996092465,2.1929589475610296,-0.010719586163759232,-0.007907839367597091
0,2003-09-05,814.6143777461139,2.212927677502206,0.003595531452447176,0.019968729941176377
0,2003-09-08,828.0098309080644,2.2470776502101986,0.016443919390439987,0.03414997270799258
0,2003-09-09,835.6275916955799,2.258698893983491,0.009200084954500198,0.011621243773292544
0,2003-09-10,830.6470502852679,2.2387504251788566,-0.0059602404944598675,-0.019948468804634523
0,2003-09-11,834.4753651742818,2.2512994575121383,0.004608834628015757,0.012549032333281751
0,2003-09-12,821.5294703031316,2.213502127964656,-0.015513813123106956,-0.037797329547482494
0,2003-09-15,826.827191728673,2.2387686915485903,0.006448607891798019,0.02526656358393442
0,2003-09-16,830.8174743539471,2.2368237878079897,0.004826017655432224,-0.0019449037406005232
0,2003-09-17,835.0993436874776,2.2341835171282485,0.005153802689164877,-0.0026402706797412634
0,2003-09-18,829.6635941992308,2.2234647478946306,-0.006509105209261179,-0.01071876923361792
0,2003-09-19,854.931005721619,2.2869960978355697,0.030455008149147034,0.06353134994093912
0,2003-09-22,840.9358836172024,2.2593028557800157,-0.016369884833693504,-0.027693242055554013
0,2003-09-23,840.0865040065362,2.2701521421765136,-0.0010100408690050244,0.010849286396497959
0,2003-09-24,846.0787327326927,2.289555074790652,0.007132871076464653,0.01940293261413828
0,2003-09-25,836.7321923216002,2.2356850702630777,-0.011046892032027245,-0.05387000452757418
0,2003-09-26,832.2792243706647,2.217691236831565,-0.005321855656802654,-0.01799383343151284
0,2003-09-29,822.765179178635,2.208029354863161,-0.011431314051151276,-0.009661881968404007
0,2003-09-30,830.8110111322202,2.251169425943069,0.009779013693332672,0.043140071079907916
0,2003-10-01,836.8297474975556,2.288016641935967,0.007244410924613476,0.036847215992898086
0,2003-10-02,847.960528299045,2.3224330454837165,0.013301129452884197,0.03441640354774966
0,2003-10-03,852.4301786642376,2.3255928435925965,0.005271059460937977,0.0031597981088800076
0,2003-10-06,842.8066017313301,2.2746388430941646,-0.011289577931165695,-0.050954000498431906
0,2003-10-07,846.6046755143683,2.2857909800239566,0.0045064594596624374,0.011152136929792
0,2003-10-08,844.4211373056993,2.3193634562417826,-0.0025791709776967764,0.033572476217826
0,2003-10-09,843.1212410407987,2.2863373721511375,-0.0015393933281302452,-0.033026084090645114
0,2003-10-10,838.8637074377735,2.2736935205970408,-0.005049728788435459,-0.012643851554096752
0,2003-10-15,849.629561938906,2.260786418351643,0.01283385418355465,-0.012907102245397706
0,2003-10-16,857.1177004202026,2.262729569036818,0.00881341565400362,0.0019431506851748104
0,2003-10-17,848.5920567605766,2.2349331279591715,-0.00994687620550394,-0.02779644107764634
0,2003-10-20,841.9987375032439,2.1995503956162334,-0.0077697159722447395,-0.035382732342938095
0,2003-10-21,830.9474526631692,2.1604678417381438,-0.013125061057507992,-0.039082553878089676
0,2003-10-22,844.2894678830712,2.2251238117843797,0.01605638861656189,0.06465597004623591
0,2003-10-23,846.0502280060516,2.1829073915217547,0.0020854934118688107,-0.042216420262624954
0,2003-10-24,831.6866874727315,2.128275888757213,-0.01697717234492302,-0.05463150276454165
0,2003-10-27,831.2684291496208,2.126469877711723,-0.000502903712913394,-0.0018060110454900524
0,2003-10-28,838.6171233038494,2.15818048553113,0.008840338326990604,0.031710607819407155
0,2003-10-29,844.0777733233554,2.1990038310821682,0.00651149358600378,0.04082334555103806
0,2003-10-30,854.4285732898898,2.189182748613735,0.012262850999832153,-0.009821082468433051
0,2003-10-31,851.3911063171581,2.1910933034386044,-0.003554968861863017,0.0019105548248692372
0,2003-11-03,868.8890073692412,2.243539505818009,0.020552130416035652,0.05244620237940456
0,2003-11-04,872.292371386091,2.254414478740988,0.003916914574801922,0.010874972922978898
0,2003-11-05,869.3235147935294,2.2609926704783745,-0.0034035108983516693,0.006578191737386607
0,2003-11-06,881.6397550366817,2.2861294979814843,0.01416761428117752,0.02513682750310986
0,2003-11-07,883.1483087991826,2.28022948543196,0.0017110772896558046,-0.005900012549524547
0,2003-11-10,888.4952258819421,2.252834129732738,0.006054381839931011,-0.027395355699221913
0,2003-11-13,885.4005494493701,2.2442687347314836,-0.0034830535296350718,-0.008565395001254306
0,2003-11-14,882.4632030298319,2.240033947336538,-0.003317533992230892,-0.004234787394945538
0,2003-11-17,881.0678216582575,2.243431998982509,-0.0015812346246093512,0.0033980516459708454
0,2003-11-18,879.6482738640167,2.2452167656935744,-0.0016111674485728145,0.001784766711065533
0,2003-11-19,869.0107019341841,2.223816487976169,-0.012092983350157738,-0.02140027771740538
0,2003-11-20,866.8223415097905,2.2348967288294417,-0.0025182203389704227,0.011080240853272638
0,2003-11-21,889.5293476549398,2.3105937277225723,0.02619568631052971,0.07569699889313064
0,2003-11-24,885.7861548047341,2.290333118103558,-0.00420805998146534,-0.020260609619014325
0,2003-11-25,890.6150072591031,2.3043313857935472,0.005451487842947245,0.013998267689989241
0,2003-11-26,874.6139705391286,2.284102953304215,-0.01796627789735794,-0.02022843248933226
0,2003-11-28,859.2900469131839,2.2542358129925724,-0.017520785331726074,-0.029867140311642615
0,2003-12-01,873.0603998106371,2.2976024521945666,0.01602526754140854,0.04336663920199424
0,2003-12-02,878.1639460670507,2.3147684088819322,0.005845582112669945,0.017165956687365647
0,2003-12-03,896.9363545335755,2.3769228542302585,0.02137688361108303,0.06215444534832626
0,2003-12-04,917.4832892566225,2.429577365659738,0.022907907143235207,0.052654511429479633
0,2003-12-05,902.075789400468,2.4260985518584164,-0.01679322123527527,-0.003478813801321756
0,2003-12-08,902.3142521682673,2.430571120563712,0.00026434892788529396,0.004472568705295554
0,2003-12-09,896.9723968340832,2.4415661614593196,-0.0059201717376708984,0.010995040895607655
0,2003-12-10,891.9142735422885,2.427336132729627,-0.0056391069665551186,-0.014230028729692812
0,2003-12-11,876.1781926351775,2.3886247643920355,-0.017643041908740997,-0.038711368337591257
0,2003-12-12,873.0847113011936,2.3819275784728147,-0.003530653193593025,-0.0066971859192208605
0,2003-12-15,887.2842430937433,2.4384962613498584,0.016263635829091072,0.05656868287704375
0,2003-12-16,877.06448775291,2.400430906634716,-0.011518017388880253,-0.03806535471514261
0,2003-12-17,864.7632630331298,2.3727891119643707,-0.014025450684130192,-0.02764179467034511
0,2003-12-18,858.8774135419454,2.3462357212514005,-0.006806313060224056,-0.02655339071297025
0,2003-12-19,864.0366828566649,2.344445386506973,0.006006991490721703,-0.0017903347444274686
0,2003-12-22,846.6387535339247,2.2950172316354247,-0.020135637372732162,-0.04942815487154828
0,2003-12-23,849.8904169377414,2.2857608865945402,0.0038406739477068186,-0.009256345040884462
0,2003-12-24,859.214918076147,2.293498601799679,0.010971415787935257,0.007737715205138773
0,2003-12-26,857.2856000028767,2.2323338507841064,-0.0022454429417848587,-0.061164751015572616
0,2003-12-29,851.3640443521506,2.196413373400081,-0.006907331291586161,-0.035920477384025595
0,2003-12-30,854.1907237437955,2.2233254423077287,0.003320177085697651,0.026912068907647857
0,2003-12-31,845.1407485391201,2.19380962888573,-0.010594794526696205,-0.029515813421998605
0,2004-01-02,832.537590235885,2.1426871955320133,-0.014912496320903301,-0.0511224333537168
0,2004-01-05,825.476170889257,2.0974473958881186,-0.00848180241882801,-0.045239799643894685
0,2004-01-06,839.4507758876226,2.1493233950941586,0.0169291440397501,0.051875999206040024
0,2004-01-07,838.9126717251199,2.0938415259164915,-0.0006410193163901567,-0.055481869177667065
0,2004-01-08,834.6227009985072,2.0664473988062237,-0.005113727413117886,-0.027394127110267785
0,2004-01-09,812.1092524362491,1.973370957557391,-0.026974402368068695,-0.09307644124883274
0,2004-01-12,809.8543175892805,1.9042937817562307,-0.0027766397688537836,-0.06907717580116035
0,2004-01-13,787.2335939755948,1.853419930805064,-0.02793184295296669,-0.05087385095116659
0,2004-01-14,794.8696970099035,1.8899916127094691,0.009699920192360878,0.03657168190440507
0,2004-01-15,808.0140511135321,1.9550683954202424,0.016536489129066467,0.06507678271077322
0,2004-01-16,793.0270948030708,1.8928213270313357,-0.018547890707850456,-0.0622470683889067
0,2004-01-20,787.8189162631895,1.8511643545940293,-0.006567466072738171,-0.04165697243730637
0,2004-01-21,790.6415724215619,1.8429797979102793,0.0035828743129968643,-0.008184556683749955
0,2004-01-22,780.9391840232907,1.771959590761152,-0.012271538376808167,-0.07102020714912727
0,2004-01-23,791.3884022406979,1.7963677659966362,0.013380322605371475,0.02440817523548411
0,2004-01-26,801.0883485171537,1.8024033581472276,0.012256871908903122,0.006035592150591462
0,2004-01-27,806.1666874783866,1.8220367436626157,0.006339299492537975,0.01963338551538807
0,2004-01-28,819.5295679862528,1.8455695171121904,0.016575828194618225,0.023532773449574718
0,2004-01-29,802.2067493820155,1.78658918118266,-0.02113751508295536,-0.05898033592953045
0,2004-01-30,802.2594119011486,1.744398708123216,6.564706563949585e-05,-0.04219047305944401
0,2004-02-02,798.2258823698737,1.730330725562007,-0.005027712322771549,-0.014067982561208892
0,2004-02-03,809.9163248926054,1.743590047289521,0.0146455317735672,0.013259321727513873
0,2004-02-04,817.5035000300899,1.76408146742139,0.009367850609123707,0.02049142013186911
0,2004-02-05,827.1233651805472,1.7785107855061526,0.011767368763685226,0.014429318084762555
0,2004-02-06,838.5460732053998,1.8212629384466792,0.01381016243249178,0.04275215294052659
0,2004-02-09,839.8149560447516,1.8264600013048848,0.0015131939435377717,0.005197062858205648
0,2004-02-10,834.590141745228,1.8139288075406672,-0.006221387535333633,-0.01253119376421763
0,2004-02-11,840.2997712509062,1.8472476777138982,0.006841237656772137,0.033318870173230986
0,2004-02-12,843.6695019020393,1.8508612677072578,0.004010153003036976,0.0036135899933595894
0,2004-02-13,846.1036568263032,1.8599657315973843,0.0028851996175944805,0.009104463890126535
0,2004-02-17,851.408048892184,1.8787925295351855,0.006269198842346668,0.018826797937801176
0,2004-02-18,857.4148273787415,1.8812439511377705,0.007055111229419708,0.0024514216025850466
0,2004-02-19,858.5628273352585,1.8432752279957538,0.0013389084488153458,-0.037968723142016714
0,2004-02-20,854.4552951621666,1.8513417838166493,-0.004784195218235254,0.008066555820895438
0,2004-02-23,850.9156313462238,1.8794635015511765,-0.00414259685203433,0.028121717734527207
0,2004-02-24,864.6358939108068,1.9736998868076687,0.016124116256833076,0.09423638525649225
0,2004-02-25,867.2225255328813,1.9496429227455863,0.0029915848281234503,-0.024056964062082464
0,2004-02-26,882.198727370304,1.992284495684172,0.017269156873226166,0.04264157293858584
0,2004-02-27,872.8101865192741,1.9558574194096006,-0.01064220629632473,-0.036427076274571535
0,2004-03-01,858.2940448336083,1.943577192009464,-0.01663149893283844,-0.012280227400136567
0,2004-03-02,868.42893002726,1.9752038714472118,0.011808173730969429,0.03162667943774777
0,2004-03-03,866.9069410334877,2.008376229277821,-0.0017525774892419577,0.03317235783060912
0,2004-03-04,864.6599725846341,2.0221887319990812,-0.0025919373147189617,0.013812502721260334
0,2004-03-05,876.4394682223225,2.03875937426597,0.013623269274830818,0.016570642266888758
0,2004-03-08,875.8411579272616,2.01987792562161,-0.0006826601456850767,-0.01888144864435981
0,2004-03-09,887.2192576909264,2.0624958661730317,0.012991053983569145,0.04261794055142154
0,2004-03-10,896.1087178220095,2.076387649607936,0.010019462555646896,0.013891783434904159
0,2004-03-11,906.8384385208889,2.0971138911117304,0.01197368185967207,0.02072624150379454
0,2004-03-12,899.4900834204225,2.105156712117194,-0.008103268221020699,0.008042821005463718
0,2004-03-15,906.1617106000315,2.150729944206307,0.007417121436446905,0.0455732320891129
0,2004-03-16,909.9851315540764,2.098260878043609,0.004219358321279287,-0.052469066162697864
0,2004-03-17,906.207547087299,2.0917664619345544,-0.004151259548962116,-0.006494416109054768
0,2004-03-18,906.8718596673073,2.0699906270888415,0.0007330689113587141,-0.021775834845712883
0,2004-03-19,906.2589137178887,2.0237422056999166,-0.0006758903618901968,-0.04624842138892493
0,2004-03-22,909.1103196888012,2.053435272041628,0.0031463480554521084,0.029693066341711205
0,2004-03-23,908.7669997644846,2.0476900190322467,-0.0003776438534259796,-0.005745253009381113
0,2004-03-24,909.8513634049368,2.05362422574897,0.0011932251509279013,0.005934206716723178
0,2004-03-25,914.0228376366464,2.078844176954113,0.004584786482155323,0.025219951205142976
0,2004-03-26,919.2170691446357,2.0968062698959313,0.005682824645191431,0.017962092941818497
0,2004-03-29,924.8259411268529,2.0893383857853656,0.006101792678236961,-0.007467884110565759
0,2004-03-30,912.8514413821899,2.0844878213652716,-0.012947841547429562,-0.004850564420094017
0,2004-03-31,922.5182415121596,2.086394063112901,0.010589675046503544,0.0019062417476294335
0,2004-04-01,940.1443086627398,2.1884578950713744,0.019106470048427582,0.10206383195847346
0,2004-04-02,955.2268335958122,2.210608761410196,0.01604277640581131,0.022150866338821462
0,2004-04-05,936.8892816154902,2.1289061733975423,-0.019197065383195877,-0.08170258801265362
0,2004-04-06,947.4850735623584,2.130897888736215,0.011309545487165451,0.001991715338672595
0,2004-04-07,951.3652351567755,2.143654087409725,0.004095221869647503,0.012756198673510077
0,2004-04-08,960.0745865908505,2.138362031949837,0.009154582396149635,-0.00529205545988809
0,2004-04-12,961.1690374819041,2.156306844579288,0.0011399644427001476,0.017944812629451246
0,2004-04-13,950.5530234344968,2.11858902661704,-0.011044898070394993,-0.037717817962247935
0,2004-04-14,934.5158240342755,2.0484306814869657,-0.016871441155672073,-0.07015834513007446
0,2004-04-15,921.952668570484,1.9872980368371231,-0.01344349142163992,-0.06113264464984258
0,2004-04-16,916.4024403331987,1.988838454432351,-0.006020079366862774,0.0015404175952278276
0,2004-04-19,901.8797420393473,1.9540962298276623,-0.01584751158952713,-0.034742224604688676
0,2004-04-20,895.0639394593902,1.9037409813342834,-0.007557329721748829,-0.05035524849337891
0,2004-04-21,919.3515791529372,1.9605165204784996,0.02713508903980255,0.05677553914421618
0,2004-04-22,897.6955100820096,1.9175329243073673,-0.023555807769298553,-0.04298359617113223
0,2004-04-23,891.199714172257,1.9336160545496428,-0.007236079312860966,0.01608313024227548
0,2004-04-26,905.0530986182997,1.9767500051697924,0.015544646419584751,0.043133950620149575
0,2004-04-27,897.3340659621167,1.9506500808192577,-0.00852881744503975,-0.026099924350534653
0,2004-04-28,886.2958803724471,1.8966156622441994,-0.012301088310778141,-0.05403441857505831
0,2004-04-29,884.6609380323999,1.881985473396518,-0.0018446913454681635,-0.014630188847681413
0,2004-04-30,909.1829224474376,1.90849905962904,0.027719076722860336,0.02651358623252209
0,2004-05-03,907.0671403017607,1.882986093132178,-0.002327124821022153,-0.025512966496862077
0,2004-05-04,901.2240510214625,1.8685704276350719,-0.006441738456487656,-0.014415665497106156
0,2004-05-05,898.234193650307,1.852375021226114,-0.00331755168735981,-0.01619540640895778
0,2004-05-06,898.1549108603791,1.8476557841855166,-8.826516568660736e-05,-0.004719237040597513
0,2004-05-07,912.54394139148,1.8828184405661361,0.016020655632019043,0.03516265638061955
0,2004-05-10,915.3878443055348,1.8729094063592153,0.0031164558604359627,-0.009909034206920797
0,2004-05-11,901.5733016772292,1.8077948668037125,-0.015091463923454285,-0.06511453955550284
0,2004-05-12,903.9153775144347,1.8033775222695985,0.0025977652985602617,-0.0044173445341140205
0,2004-05-13,898.2192007943909,1.785692437734223,-0.0063016703352332115,-0.01768508453537554
0,2004-05-14,907.8735994558912,1.8201609662514722,0.010748377069830894,0.03446852851724924
0,2004-05-17,891.3565831949292,1.7710456625976692,-0.01819307915866375,-0.04911530365380301
0,2004-05-18,887.1644740767248,1.733556422321214,-0.004703066311776638,-0.03748924027645506
0,2004-05-19,887.5700201851864,1.7709510746333907,0.0004571261815726757,0.037394652312176646
0,2004-05-20,889.4178628707319,1.758654874119545,0.002081912010908127,-0.012296200513845834
0,2004-05-21,881.294019362707,1.7425692953551255,-0.00913388840854168,-0.016085578764419406
0,2004-05-24,893.772223228582,1.8276405191529776,0.014158956706523895,0.08507122379785215
0,2004-05-25,897.5583677520647,1.8472136719000813,0.004236140288412571,0.019573152747103695
0,2004-05-26,893.6055574748665,1.8435989713207923,-0.0044039590284228325,-0.003614700579289032
0,2004-05-27,899.3123936337834,1.8786947942807701,0.0063863033428788185,0.03509582295997782
0,2004-05-28,898.7639148465703,1.8908735313854144,-0.0006098868325352669,0.012178737104644233
0,2004-06-01,906.5078685093888,1.887062509850597,0.008616226725280285,-0.0038110215348172716
0,2004-06-02,901.4804916646781,1.868064819972154,-0.005545872263610363,-0.01899768987844319
0,2004-06-03,885.2654329255399,1.8133488353963942,-0.017987143248319626,-0.05471598457575966
0,2004-06-04,880.1511457040154,1.7701329518969233,-0.0057771229185163975,-0.04321588349947092
0,2004-06-07,871.0345940840276,1.7341534082920627,-0.010357938706874847,-0.035979543604860664
0,2004-06-08,854.6157439928038,1.6844411741358305,-0.018849825486540794,-0.04971223415623216
0,2004-06-09,844.1495802559454,1.6916890078134543,-0.01224663108587265,0.007247833677623827
0,2004-06-10,821.8138420101661,1.620285949966099,-0.026459455490112305,-0.07140305784735523
0,2004-06-14,827.7528961174054,1.6257190072465093,0.007226763293147087,0.005433057280410214
0,2004-06-15,841.3081481651717,1.6481159104656729,0.016375964507460594,0.022396903219163544
0,2004-06-16,841.6076394965057,1.6145431146219922,0.00035598292015492916,-0.03357279584368067
0,2004-06-17,850.0768892512128,1.6328646569629963,0.010063180699944496,0.018321542341004138
0,2004-06-18,831.639627352044,1.597446941466831,-0.021688934415578842,-0.035417715496165236
0,2004-06-21,844.9322644650217,1.6152525643233777,0.01598365046083927,0.017805622856546632
0,2004-06-22,847.9563813137545,1.6023627339665019,0.0035791234113276005,-0.012889830356875853
0,2004-06-23,827.2732761046135,1.5411912975058666,-0.02439170889556408,-0.061171436460635276
0,2004-06-24,844.3460367382805,1.5839009383086684,0.0206373892724514,0.04270964080280182
0,2004-06-25,845.31437513925,1.565338308717565,0.0011468501761555672,-0.01856262959110344
0,2004-06-28,845.1827763038065,1.5717833052640449,-0.0001556803472340107,0.0064449965464798975
0,2004-06-29,855.9800761609648,1.6029334478983945,0.012775106355547905,0.031150142634349676
0,2004-06-30,853.3597399642839,1.60521858494004,-0.0030612116679549217,0.0022851370416454575
0,2004-07-01,870.367483664456,1.6406603510875881,0.019930332899093628,0.035441766147548126
0,2004-07-02,879.1911292960206,1.641216817543464,0.010137839242815971,0.0005564664558759258
0,2004-07-06,875.5986930069641,1.6474129731648839,-0.004086069762706757,0.006196155621419841
0,2004-07-07,862.6607628823153,1.6149504520819056,-0.014776095747947693,-0.03246252108297831
0,2004-07-08,863.8003287522284,1.5950841736616677,0.0013209895696491003,-0.019866278420237915
0,2004-07-09,861.8412472703792,1.5823966869582486,-0.0022679795511066914,-0.012687486703419015
0,2004-07-12,876.2362206818566,1.612846881154522,0.01670258119702339,0.030450194196273372
0,2004-07-13,877.0646982382522,1.6234761556126827,0.0009454956743866205,0.010629274458160642
0,2004-07-14,891.6821384767874,1.655030956618194,0.016666319221258163,0.031554801005511335
0,2004-07-15,896.6519765795427,1.6726859752573207,0.005573553498834372,0.017655018639126663
0,2004-07-16,902.5945371880944,1.6813759160795823,0.006627499591559172,0.0086899408222616
0,2004-07-19,906.7386893944525,1.6859125820765817,0.004591377452015877,0.004536665996999423
0,2004-07-20,908.3862038094278,1.696597978649016,0.0018169671529904008,0.01068539657243428
0,2004-07-21,890.9947431977445,1.6334715692362005,-0.01914544776082039,-0.06312640941281544
0,2004-07-22,895.9176869976584,1.6421185042685718,0.005525222048163414,0.008646935032371239
0,2004-07-23,910.9948595026499,1.6728053625153307,0.01682874746620655,0.030686858246758986
0,2004-07-26,919.1327064057181,1.7135332244562074,0.008932922966778278,0.04072786194087663
0,2004-07-27,923.8662981434015,1.7259112291340941,0.005150063429027796,0.012378004677886745
0,2004-07-28,929.3067384647601,1.7410283906826671,0.005888774525374174,0.01511716154857301
0,2004-07-29,951.3536106344197,1.7862436445538104,0.02372399903833866,0.045215253871143224
0,2004-07-30,951.3177313721972,1.7997615845191612,-3.77139076590538e-05,0.01351793996535089
0,2004-08-02,952.678327537236,1.790269367904171,0.0014302226481959224,-0.009492216614990223
0,2004-08-03,952.5780412428875,1.7889012576669385,-0.00010526773985475302,-0.0013681102372324894
0,2004-08-04,954.0160572391037,1.787299012327616,0.00150960439350456,-0.0016022453393225167
0,2004-08-05,953.1561585914333,1.7921744645547077,-0.0009013460949063301,0.004875452227091737
0,2004-08-06,948.1209670975711,1.7755284234638529,-0.005282651167362928,-0.01664604109085488
0,2004-08-09,948.2570072670985,1.7755696535049539,0.00014348397962749004,4.123004110101469e-05
0,2004-08-10,942.6565521144269,1.7590965435178927,-0.005906051956117153,-0.016473109987061196
0,2004-08-11,942.3859660325932,1.7654496000221465,-0.0002870463067665696,0.0063530565042537734
0,2004-08-12,937.3675410950731,1.7586191292113484,-0.005325233098119497,-0.006830470810798017
0,2004-08-13,932.6291127491197,1.7353219755451412,-0.005055037792772055,-0.023297153666207215
0,2004-08-16,931.6421119865056,1.7204809403256343,-0.0010582993272691965,-0.01484103521950697
0,2004-08-17,915.92839718452,1.6849944927029048,-0.016866685822606087,-0.035486447622729456
0,2004-08-18,911.7885684865604,1.6488163338589275,-0.00451981695368886,-0.03617815884397735
0,2004-08-19,904.6996337293832,1.634236985091063,-0.007774757221341133,-0.014579348767864486
0,2004-08-20,887.4390010770907,1.574981170186992,-0.019078854471445084,-0.05925581490407095
0,2004-08-23,881.3205793365098,1.5477913891874704,-0.006894470192492008,-0.02718978099952163
0,2004-08-24,900.8644862090919,1.5714332931574044,0.022175706923007965,0.02364190396993404
0,2004-08-25,899.7107460445736,1.5514609658870442,-0.0012807033490389585,-0.019972327270360246
0,2004-08-26,886.469729325702,1.4891740587710933,-0.01471697073429823,-0.06228690711595086
0,2004-08-27,897.8768450915213,1.5207412790629604,0.01286802627146244,0.03156722029186709
0,2004-08-30,900.0137210794044,1.4986404801184077,0.002379921032115817,-0.022100798944552746
0,2004-08-31,889.3138624206535,1.447350164716033,-0.011888550594449043,-0.05129031540237472
0,2004-09-01,894.0938165084303,1.446483715857057,0.005374878644943237,-0.0008664488589760211
0,2004-09-02,884.5883848351472,1.4307424502707689,-0.010631358250975609,-0.015741265586288078
0,2004-09-03,875.3182843777897,1.4065341498089525,-0.010479563847184181,-0.024208300461816323
0,2004-09-07,872.6412773714825,1.3743340628754184,-0.0030583241023123264,-0.032200086933534156
0,2004-09-08,869.7658360291019,1.3589892370790997,-0.003295101225376129,-0.015344825796318684
0,2004-09-09,874.2667633053421,1.3690766510362897,0.00517487246543169,0.010087413957190039
0,2004-09-10,863.8007338009731,1.3313891012163563,-0.01197120826691389,-0.037687549819933386
0,2004-09-13,864.2991226639589,1.3613815953526207,0.0005769720301032066,0.02999249413626437
0,2004-09-14,860.8971264675387,1.3328688944068947,-0.0039361328817903996,-0.028512700945726
0,2004-09-15,838.2843653763989,1.2815229444278753,-0.02626650780439377,-0.05134594997901942
0,2004-09-16,834.4954438226586,1.22179491327567,-0.004519852343946695,-0.05972803115220526
0,2004-09-17,841.7506486976639,1.2392804358451646,0.008694121614098549,0.017485522569494538
0,2004-09-20,829.5547338706986,1.192306040999424,-0.014488750137388706,-0.04697439484574062
0,2004-09-21,833.3596439742206,1.1958434651362773,0.00458668963983655,0.0035374241368533177
0,2004-09-22,841.0759292702063,1.2008447066971393,0.00925925001502037,0.005001241560862013
0,2004-09-23,841.8752457463457,1.2085340684830521,0.00095034996047616,0.0076893617859128405
0,2004-09-24,850.3561761213226,1.2012767823171424,0.010073856450617313,-0.007257286165909704
0,2004-09-27,861.9878051192634,1.233186356079494,0.0136785376816988,0.031909573762351595
0,2004-09-28,866.8597627713528,1.2133476464240514,0.005652002990245819,-0.019838709655442655
0,2004-09-29,866.0568491458723,1.1936365319900202,-0.0009262324310839176,-0.019711114434031174
0,2004-09-30,860.7939765886277,1.1603972252924897,-0.0060768211260437965,-0.0332393066975305
0,2004-10-01,854.0559843723607,1.1130720954302995,-0.00782764796167612,-0.047325129862190174
0,2004-10-04,840.0402395011598,1.0441886484647704,-0.01641080342233181,-0.06888344696552906
0,2004-10-05,845.3535643985737,1.041836531014068,0.006325083784759045,-0.0023521174507024067
0,2004-10-06,860.9470305009761,1.1049252247247066,0.01844608783721924,0.06308869371063852
0,2004-10-07,863.6894204465154,1.0970176243687564,0.003185317851603031,-0.007907600355950173
0,2004-10-08,860.0434545845294,1.1040372973080073,-0.004221385344862938,0.007019672939250876
0,2004-10-13,856.9183608726912,1.0965302095742977,-0.0036336462944746017,-0.007507087733709561
0,2004-10-14,857.6726111934717,1.0876987884584222,0.0008801892399787903,-0.008831421115875537
0,2004-10-15,863.560631421365,1.0892263126695005,0.006865113973617554,0.0015275242110783793
0,2004-10-18,865.2392474327643,1.0877430701853144,0.0019438310991972685,-0.0014832424841861869
0,2004-10-19,854.2566689445418,1.0528106129045804,-0.012693111784756184,-0.03493245728073391
0,2004-10-20,863.73847860893,1.0685948258230284,0.01109948568046093,0.015784212918448004
0,2004-10-21,852.1957516753101,1.0400353836054221,-0.01336368266493082,-0.028559442217606312
0,2004-10-22,848.1095385603035,1.048201547334345,-0.00479492312297225,0.00816616372892276
0,2004-10-25,859.2309043561265,1.075138895823727,0.013113124296069145,0.026937348489382007
0,2004-10-26,858.5905297910781,1.1105501435207759,-0.0007452880963683128,0.03541124769704895
0,2004-10-27,857.479423024261,1.0984490349050102,-0.0012941055465489626,-0.012101108615765632
0,2004-10-28,867.7731930974122,1.1291282791096497,0.012004684656858444,0.030679244204639522
0,2004-10-29,879.3959241965235,1.1570710989247543,0.013393742963671684,0.027942819815104603
0,2004-11-01,885.5527941366189,1.1759848633870915,0.007001249119639397,0.018913764462337168
0,2004-11-02,880.836930015737,1.1603484022472021,-0.005325333680957556,-0.015636461139889368
0,2004-11-03,893.5122424727193,1.1782261270472099,0.014390078373253345,0.01787772480000771
0,2004-11-04,887.1048550477257,1.1679025756891204,-0.007171012461185455,-0.010323551358089489
0,2004-11-05,880.8975824763444,1.1280909044550946,-0.0069972253404557705,-0.039811671234025736
0,2004-11-08,881.3346871337998,1.0919958254241904,0.0004962037201039493,-0.036095079030904254
0,2004-11-09,872.0700050165093,1.0717066125853445,-0.010512104257941246,-0.020289212838845883
0,2004-11-10,876.6912092108132,1.1085804611227565,0.0052991206757724285,0.036873848537412046
0,2004-11-15,878.1991895840681,1.0978009813112681,0.0017200815491378307,-0.010779479811488413
0,2004-11-16,884.4429606016542,1.1110073734731307,0.007109743542969227,0.01320639216186259
0,2004-11-17,889.6091192013959,1.141062398513336,0.005841143894940615,0.030055025040205186
0,2004-11-18,904.3816743369616,1.193469088896984,0.016605669632554054,0.0524066903836482
0,2004-11-19,911.1095073836977,1.2113878850400608,0.007439152337610722,0.017918796143076676
0,2004-11-22,919.7621488236358,1.2477383839707714,0.009496818296611309,0.03635049893071063
0,2004-11-23,916.1219012487472,1.2507910706810785,-0.003957814071327448,0.0030526867103071176
0,2004-11-24,918.0439673619669,1.248738668286412,0.0020980462431907654,-0.0020524023946666414
0,2004-11-26,903.3012155280627,1.1717418998455773,-0.016058873385190964,-0.07699676844083458
0,2004-11-29,895.2901022453875,1.1755834837860428,-0.008868706412613392,0.0038415839404655205
0,2004-11-30,895.582465102318,1.1544171812149673,0.00032655656104907393,-0.021166302571075546
0,2004-12-01,895.9563339057231,1.15150371656624,0.00041745882481336594,-0.0029134646487272153
0,2004-12-02,889.0338100693137,1.1248025131149109,-0.0077264076098799706,-0.026701203451329203
0,2004-12-03,900.6404681187323,1.1610533706239887,0.013055361807346344,0.03625085750907786
0,2004-12-06,902.0453521293342,1.1676831027129877,0.001559872180223465,0.006629732088998974
0,2004-12-07,907.2606530483331,1.1966325894569307,0.005781639367341995,0.028949486743943043
0,2004-12-08,891.0340482938474,1.1516315713257745,-0.017885273322463036,-0.0450010181311562
0,2004-12-09,882.2889814586722,1.1197594444352748,-0.00981451477855444,-0.031872126890499786
0,2004-12-10,880.5828178581114,1.103772956800804,-0.0019337922567501664,-0.01598648763447086
0,2004-12-13,887.5476900985916,1.139041173167508,0.007909389212727547,0.035268216366704186
0,2004-12-14,890.4160614937597,1.1281172556933998,0.0032317941077053547,-0.010923917474108258
0,2004-12-15,885.8559695744049,1.0969410168318146,-0.005121304653584957,-0.03117623886158527
0,2004-12-16,874.9990003188747,1.0541802658745572,-0.012255907990038395,-0.0427607509572574
0,2004-12-17,850.0012469165022,0.9737859766804372,-0.028568893671035767,-0.08039428919411995
0,2004-12-20,853.0209694969179,0.9877690084327947,0.0035526095889508724,0.013983031752357489
0,2004-12-21,852.9352679427178,0.9861778642019282,-0.00010046828538179398,-0.0015911442308664814
0,2004-12-22,863.1771686192513,0.9878304430786359,0.012007828801870346,0.0016525788767076666
0,2004-12-23,863.1021542341136,0.9810275026261817,-8.690496906638145e-05,-0.00680294045245422
0,2004-12-27,844.4512407814198,0.9147404952420657,-0.02160916104912758,-0.06628700738411597
0,2004-12-28,852.7955552960867,0.9230768699187679,0.009881345555186272,0.00833637467670223
0,2004-12-29,859.5442911787346,0.940097449026521,0.007913662120699883,0.01702057910775312
0,2004-12-30,841.1021078553188,0.8774786867500202,-0.02145576849579811,-0.06261876227650087
0,2004-12-31,846.5175110850809,0.8755775189871252,0.006438461132347584,-0.0019011677628949508
0,2005-01-03,841.8703574867903,0.8668690276559705,-0.005489731207489967,-0.0087084913311547
0,2005-01-04,862.4189154317769,0.9251911956324335,0.02440822124481201,0.058322167976462946
0,2005-01-05,868.6230143970668,0.941581921575456,0.007193834520876408,0.01639072594302249
0,2005-01-06,870.9161608195191,0.9474051991488923,0.00263997889123857,0.0058232775734363695
0,2005-01-07,862.1394182306099,0.9114512853463608,-0.010077597573399544,-0.035953913802531545
0,2005-01-10,868.803977301692,0.9315447974589509,0.007730256766080856,0.02009351211259014
0,2005-01-11,871.9073920018691,0.93977363883004,0.003572053974494338,0.008228841371089035
0,2005-01-12,867.7271056416041,0.9375066911856758,-0.0047944155521690845,-0.0022669476443641923
0,2005-01-13,864.1745024000146,0.9129353131664842,-0.004094148054718971,-0.024571378019191514
0,2005-01-14,861.5089872587886,0.9107943451394026,-0.0030844639986753464,-0.0021409680270816356
0,2005-01-18,854.9123548909347,0.8898215007288144,-0.007657067384570837,-0.02097284441058822
0,2005-01-19,842.5455034626891,0.8467785880863868,-0.0144656365737319,-0.043042912642427544
0,2005-01-20,842.6987292288516,0.8388520762561202,0.00018186052329838276,-0.007926511830266603
0,2005-01-21,842.2589799806959,0.8336290781103738,-0.0005218344740569592,-0.005222998145746449
0,2005-01-24,837.4329236065115,0.8207344896182265,-0.005729896016418934,-0.012894588492147308
0,2005-01-25,848.9686302742496,0.8621272261054423,0.013775081373751163,0.041392736487215864
0,2005-01-26,857.5392898330093,0.8697227676420197,0.010095378383994102,0.007595541536577377
0,2005-01-27,845.9917179891313,0.82771501105673,-0.013465939089655876,-0.04200775658528977
0,2005-01-28,844.599589902965,0.8135000585517543,-0.0016455575823783875,-0.01421495250497562
0,2005-01-31,851.6421764496307,0.8348366534043781,0.00833837315440178,0.021336594852623736
0,2005-02-01,871.8299053666794,0.9037178672725726,0.023704472929239273,0.06888121386819457
0,2005-02-02,884.9946599144525,0.9514791519157544,0.015100141055881977,0.047761284643181745
0,2005-02-03,884.8826465546504,0.9506484947466542,-0.00012656953185796738,-0.0008306571691001352
0,2005-02-04,886.9402811795803,0.9483887714273102,0.002325319219380617,-0.002259723319344098
0,2005-02-07,887.729307609666,0.9509372392502975,0.0008896049112081528,0.0025484678229873436
0,2005-02-08,890.0456199732218,0.9576730600510792,0.0026092552579939365,0.006735820800781722
0,2005-02-09,895.9389737497222,0.9509066702867698,0.00662140641361475,-0.006766389764309433
0,2005-02-10,897.8729268823414,0.9553399104807152,0.0021585768554359674,0.00443324019394542
0,2005-02-11,890.1821198921396,0.924977102841697,-0.008565585128962994,-0.03036280763901822
0,2005-02-14,881.1922043894463,0.9052880042535161,-0.010098962113261223,-0.01968909858818091
0,2005-02-15,876.2556472355686,0.8671500979370254,-0.005602134391665459,-0.03813790631649072
0,2005-02-16,884.4648235574083,0.885131467686466,0.009368471801280975,0.017981369749440645
0,2005-02-17,894.8240905269217,0.8968786975461812,0.011712469160556793,0.011747229859715214
0,2005-02-18,901.509286999824,0.9099385983236304,0.007470961660146713,0.01305990077744923
0,2005-02-22,908.6823985091164,0.9186304113877303,0.00795678049325943,0.00869181306409983
0,2005-02-23,904.6797500641113,0.911356466400318,-0.0044048926793038845,-0.007273944987412295
0,2005-02-24,908.7717170307701,0.9401030751309976,0.004523111041635275,0.02874660873067958
0,2005-02-25,887.9985819982886,0.8799614356934338,-0.022858474403619766,-0.06014163943756379
0,2005-02-28,887.6505070599424,0.8808123945406965,-0.00039197690784931183,0.0008509588472627172
0,2005-03-01,883.4977301607468,0.8747786630404146,-0.0046783918514847755,-0.006033731500281858
0,2005-03-02,894.9185658018893,0.9264611257799343,0.012926842086017132,0.05168246273951971
0,2005-03-03,910.8394879279759,0.9706847732241667,0.017790358513593674,0.04422364744423235
0,2005-03-04,903.4759407752898,0.9589714285985982,-0.008084352128207684,-0.0117133446255685
0,2005-03-07,915.7299722963679,1.003136494054757,0.013563207350671291,0.044165065456158725
0,2005-03-08,914.8870125588686,0.9935602735471909,-0.0009205330861732364,-0.009576220507566013
0,2005-03-09,930.5528450462325,1.0324127509684347,0.01712324284017086,0.03885247742124376
0,2005-03-10,924.5861134032264,1.0133226710691408,-0.006412028800696135,-0.0190900798992939
0,2005-03-11,920.3805186717365,0.9921703546853858,-0.004548624157905579,-0.02115231638375492
0,2005-03-14,922.1008853934521,1.0061602637324556,0.0018691907171159983,0.01398990904706976
0,2005-03-15,931.8924201300656,1.0385800340458253,0.010618723928928375,0.032419770313369733
0,2005-03-16,931.8957921091991,1.0248532428765755,3.618421033024788e-06,-0.013726791169249797
0,2005-03-17,933.1553925182835,1.0258923930162867,0.0013516537146642804,0.0010391501397111202
0,2005-03-18,927.4511802652179,1.0219594221770645,-0.006112821400165558,-0.003932970839222172
0,2005-03-21,933.7506865399263,1.0433806541356812,0.006792278029024601,0.02142123195861667
0,2005-03-22,944.9365509930243,1.0772670704014873,0.011979497969150543,0.03388641626580613
0,2005-03-23,951.8121535393017,1.100547697436652,0.007276258431375027,0.023280627035164647
0,2005-03-24,941.9566958971292,1.0807086189000357,-0.010354414582252502,-0.01983907853661626
0,2005-03-28,937.7460511717433,1.0511970915629552,-0.004470104351639748,-0.029511527337080512
0,2005-03-29,937.7916397320257,1.0617021790776393,4.861503839492798e-05,0.010505087514684153
0,2005-03-30,928.6406686657426,1.0451365964547996,-0.009758000262081623,-0.016565582622839692
0,2005-03-31,948.5937094623021,1.095955191370445,0.02148628793656826,0.05081859491564544
0,2005-04-01,941.5208163434222,1.0895181036810304,-0.007456188090145588,-0.0064370876894146445
0,2005-04-04,941.9632746509625,1.0928249622170132,0.0004699400160461664,0.003306858535982782
0,2005-04-05,947.9567542922144,1.1164619138326475,0.006362752988934517,0.023636951615634283
0,2005-04-06,965.0929270874205,1.1676978012318628,0.018076956272125244,0.05123588739921536
0,2005-04-07,958.6109046754372,1.1545434377097559,-0.006716474890708923,-0.013154363522106971
0,2005-04-08,967.5273181435288,1.1937691166686215,0.009301389567553997,0.03922567895886564
0,2005-04-11,966.0007840424374,1.20201354358469,-0.001577768474817276,0.008244426916068415
0,2005-04-12,970.902460035788,1.2060534352450476,0.005074194632470608,0.004039891660357675
0,2005-04-13,959.9812853315824,1.165064163987284,-0.01124847773462534,-0.04098927125776353
0,2005-04-14,954.3514057293048,1.1379143262984384,-0.005864572245627642,-0.027149837688845713
0,2005-04-15,956.0299050984593,1.1695110720296495,0.0017587854526937008,0.031596745731211184
0,2005-04-18,955.3702600308177,1.1649665673195568,-0.0006899837171658874,-0.004544504710092712
0,2005-04-19,959.0757779944137,1.1635747418894176,0.0038786197546869516,-0.0013918254301392707
0,2005-04-20,954.7838850036558,1.1492313279329938,-0.004475030116736889,-0.0143434139564238
0,2005-04-21,967.3377094180677,1.1994624381606107,0.013148341327905655,0.05023111022761695
0,2005-04-22,945.9590165883425,1.1466179268274406,-0.022100547328591347,-0.05284451133317014
0,2005-04-25,947.3056578677099,1.1434111766544317,0.0014235725393518806,-0.0032067501730088654
0,2005-04-26,975.081208267368,1.3509987011894695,0.029320579022169113,0.20758752453503782
0,2005-04-27,1014.0112507484982,1.4667752346801324,0.039924923330545425,0.11577653349066286
0,2005-04-28,1010.2484522845622,1.460943627294728,-0.0037108054384589195,-0.005831607385404336
0,2005-04-29,1017.8923217164145,1.4859911726784394,0.007566326297819614,0.025047545383711345
0,2005-05-02,1016.2576522904134,1.4800568151617823,-0.0016059355111792684,-0.005934357516657052
0,2005-05-03,1007.7222742345642,1.448644007966077,-0.008398832753300667,-0.03141280719570538
0,2005-05-04,1007.5819104747621,1.4653546759087823,-0.00013928813859820366,0.01671066794270537
0,2005-05-05,1003.8345447629198,1.4082523052857816,-0.0037191673181951046,-0.05710237062300072
0,2005-05-06,1006.3919366280779,1.38782169940154,0.0025476228911429644,-0.020430605884241615
0,2005-05-09,1023.3209884962648,1.429927710371793,0.01682152971625328,0.042106010970252905
0,2005-05-10,1014.1993745526981,1.4004001480447978,-0.008913736790418625,-0.02952756232699505
0,2005-05-11,1001.0229546301608,1.3633791256066576,-0.012991942465305328,-0.037021022438140205
0,2005-05-12,1001.8319812495637,1.397530503726377,0.000808199867606163,0.034151378119719356
0,2005-05-13,992.7739245769994,1.3821550445530804,-0.009041492827236652,-0.015375459173296635
0,2005-05-16,999.9128777710179,1.3604668270421212,0.007190915290266275,-0.021688217510959173
0,2005-05-17,989.7494325967148,1.3673196770012608,-0.010164330713450909,0.006852849959139595
0,2005-05-18,994.2442847077367,1.3941105889503556,0.004541404079645872,0.026790911949094776
0,2005-05-19,988.7022646783411,1.2766230224506787,-0.005574102979153395,-0.11748756649967684
0,2005-05-20,988.0793561000424,1.2760505416614916,-0.0006300264503806829,-0.0005724807891871464
0,2005-05-23,970.2900432844505,1.260502189588927,-0.018003931269049644,-0.015548352072564553
0,2005-05-24,980.9921551176902,1.312385619094122,0.011029806919395924,0.05188342950519509
0,2005-05-25,975.119081438929,1.2956890832872425,-0.00598687119781971,-0.016696535806879576
0,2005-05-26,965.5166949203466,1.34727249417075,-0.009847398847341537,0.051583410883507375
0,2005-05-27,953.324259578527,1.3325484695007068,-0.012627886608242989,-0.014724024670043079
0,2005-05-31,969.9363101118098,1.3871903901829854,0.01742539368569851,0.05464192068227858
0,2005-06-01,979.6136725503017,1.3949803555766633,0.009977317415177822,0.007789965393677933
0,2005-06-02,970.8732788694051,1.377237591348974,-0.008922286331653595,-0.01774276422768928
0,2005-06-03,968.0258642123689,1.389221993755236,-0.0029328386299312115,0.011984402406261863
0,2005-06-06,963.4686486288757,1.3685086075995592,-0.004707741551101208,-0.02071338615567675
0,2005-06-07,973.7936269712905,1.4003550833869938,0.010716465301811695,0.0318464757874346
0,2005-06-08,970.0139779576702,1.4300346332433074,-0.0038813655264675617,0.029679549856313603
0,2005-06-09,974.4185253958462,1.4030054980597995,0.004540705122053623,-0.027029135183507913
0,2005-06-10,954.0715279343747,1.3196881645090384,-0.02088116854429245,-0.0833173335507611
0,2005-06-13,948.7805157205811,1.300351937292121,-0.0055457185953855515,-0.0193362272169173
0,2005-06-14,956.6573705375961,1.31990168347518,0.008302083238959312,0.019549746183058936
0,2005-06-15,957.1586632622938,1.3074389915883022,0.0005240044556558132,-0.012462691886877764
0,2005-06-16,965.4405685121308,1.3280028912609183,0.008652593940496445,0.02056389967261607
0,2005-06-17,960.5950472180299,1.3298220621344037,-0.0050189741887152195,0.0018191708734853762
0,2005-06-20,976.3739396322143,1.3632013105467207,0.016426164656877518,0.033379248412316986
0,2005-06-21,974.7401402190438,1.3922477019381398,-0.001673333696089685,0.02904639139141918
0,2005-06-22,959.6463237753607,1.3299766201665397,-0.015484964475035667,-0.06227108177160012
0,2005-06-23,955.1990855234106,1.2943231688804302,-0.004634247161448002,-0.03565345128610953
0,2005-06-24,964.8747107815271,1.2986668524626876,0.010129433125257492,0.0043436835822574515
0,2005-06-27,955.2635617150349,1.2592956241106157,-0.00996103323996067,-0.03937122835207196
0,2005-06-28,954.5087033645535,1.2353089953386571,-0.0007902095094323158,-0.023986628771958562
0,2005-06-29,944.3882889874218,1.2031119994527746,-0.010602747090160847,-0.03219699588588254
0,2005-06-30,973.5013203890071,1.269989870070601,0.030827395617961884,0.06687787061782635
0,2005-07-01,956.4134464869335,1.237000245597014,-0.01755300536751747,-0.032989624473587
0,2005-07-05,962.2189652943509,1.249012308937412,0.006070093251764774,0.012012063340398171
0,2005-07-06,962.1596921547573,1.2300982436533647,-6.16004690527916e-05,-0.018914065284047377
0,2005-07-07,954.354767140299,1.20233678519356,-0.008111881092190742,-0.02776145845980471
0,2005-07-08,963.3620791252248,1.2171179489638457,0.009438117034733295,0.01478116377028571
0,2005-07-11,966.9273509728548,1.2273714121668928,0.003700863802805543,0.010253463203047097
0,2005-07-12,966.9198594238447,1.2252906720833234,-7.747788913547993e-06,-0.002080740083569399
0,2005-07-13,969.6905440151605,1.2269154166360705,0.0028654749039560556,0.0016247445527470816
0,2005-07-14,970.7365856172721,1.2390946481905365,0.0010787375504150987,0.012179231554465986
0,2005-07-15,986.5757135624042,1.27621584218407,0.01631660759449005,0.03712119399353342
0,2005-07-18,991.1809108629956,1.2929747446130921,0.004667859990149736,0.016758902429022227
0,2005-07-19,994.0355119295564,1.2965351779189809,0.0028800000436604023,0.0035604333058887327
0,2005-07-20,1007.0405708465469,1.3216568325625995,0.013083092868328094,0.025121654643618596
0,2005-07-21,1003.0502715098586,1.3241106434517478,-0.003962401766330004,0.0024538108891483112
0,2005-07-22,999.8757452622343,1.2664156446536365,-0.0031648725271224976,-0.05769499879811124
0,2005-07-25,999.4264444739297,1.2600650811936134,-0.0004493566229939461,-0.006350563460023162
0,2005-07-26,995.915414257049,1.2784898584345763,-0.0035130451433360577,0.01842477724096292
0,2005-07-27,999.9308134678283,1.2756876828268051,0.00403186772018671,-0.0028021756077711846
0,2005-07-28,993.5716949111271,1.2514794968814218,-0.006359558552503586,-0.02420818594538332
0,2005-07-29,985.0870286334713,1.205832823633498,-0.008539561182260513,-0.04564667324792371
0,2005-08-01,984.5226889637773,1.2047692644756394,-0.0005728830583393574,-0.0010635591578587178
0,2005-08-02,981.6478993319546,1.2013878606532642,-0.0029199831187725067,-0.003381403822375173
0,2005-08-03,979.5699856328304,1.1872586693627578,-0.002116760704666376,-0.014129191290506382
0,2005-08-04,979.3536721256801,1.203563645835078,-0.0002208249643445015,0.01630497647232021
0,2005-08-05,989.1280035729089,1.2305389869757033,0.009980389848351479,0.026975341140625275
0,2005-08-08,1000.0680609168684,1.2692670573974574,0.011060304939746857,0.03872807042175408
0,2005-08-09,1004.76187919567,1.2877603322199644,0.004693498834967613,0.018493274822507066
0,2005-08-10,993.9840928563365,1.2403016893022032,-0.010726707056164742,-0.04745864291776125
0,2005-08-11,986.5818621787013,1.2328574200355362,-0.0074470313265919685,-0.00744426926666697
0,2005-08-12,965.7929249934379,1.1990883715250544,-0.021071679890155792,-0.03376904851048179
0,2005-08-15,979.4491952254518,1.2320551304663743,0.014139956794679165,0.03296675894131984
0,2005-08-16,975.6845250749429,1.2346369850887826,-0.0038436604663729668,0.0025818546224083416
0,2005-08-17,995.8270432664219,1.3168149404861018,0.020644498988986015,0.0821779553973192
0,2005-08-18,977.5118308930603,1.2595717567046885,-0.018391961231827736,-0.057243183781413354
0,2005-08-19,967.4559701774634,1.2310097408809164,-0.010287201032042503,-0.028562015823772047
0,2005-08-22,968.6652422468081,1.2222496819165007,0.0012499504955485463,-0.008760058964415673
0,2005-08-23,990.646466848041,1.264118791357322,0.022692281752824783,0.04186910944082123
0,2005-08-24,1000.2809537525596,1.295231912779685,0.00972545426338911,0.031113121422363
0,2005-08-25,1002.5010694310995,1.3031555663941137,0.0022194921039044857,0.007923653614428705
0,2005-08-26,1001.5442093025287,1.2915019673353947,-0.0009544729255139828,-0.011653599058718989
0,2005-08-29,1001.605405402227,1.2922958710603771,6.1101745814085e-05,0.0007939037249824477
0,2005-08-30,1014.1215413296079,1.3120761589742003,0.01249607466161251,0.019780287913823136
0,2005-08-31,1020.4141258087132,1.3333067587631364,0.006204960867762566,0.021230599788936155
0,2005-09-01,1030.307455119872,1.349347108011426,0.009695406071841717,0.016040349248289676
0,2005-09-02,1019.351171933327,1.307749234117654,-0.01063399389386177,-0.04159787389377212
0,2005-09-06,1014.2743614462725,1.2998517961889524,-0.004980433266609907,-0.007897437928701567
0,2005-09-07,1006.4252317299797,1.2709943426879209,-0.007738665211945772,-0.028857453501031527
0,2005-09-08,994.3380331155212,1.2379997073475955,-0.012010031379759312,-0.03299463534032543
0,2005-09-09,993.8604532046605,1.2466076444958047,-0.00048029934987425804,0.008607937148209288
0,2005-09-12,1000.0452580318419,1.2688313937510867,0.0062230112962424755,0.02222374925528192
0,2005-09-13,990.1156974324166,1.255891885148782,-0.00992911122739315,-0.01293950860230475
0,2005-09-14,996.391554954344,1.2857871512807546,0.006338509265333414,0.029895266131972686
0,2005-09-15,984.5340172767919,1.2480543336457686,-0.011900479905307293,-0.03773281763498604
0,2005-09-16,958.1769345727004,1.1943425865957762,-0.026771124452352524,-0.053711747049992375
0,2005-09-19,961.9595094909552,1.1955452652873093,0.003947678953409195,0.0012026786915331211
0,2005-09-20,974.6242026578157,1.2178801662510734,0.013165515847504139,0.022334900963764115
0,2005-09-21,984.3970960462846,1.2415774782106237,0.010027345269918442,0.02369731195955027
0,2005-09-22,982.6859977965961,1.2413554814401047,-0.0017382195219397545,-0.00022199677051903954
0,2005-09-23,992.3755943804464,1.2745737305304192,0.009860318154096603,0.03321824909031457
0,2005-09-26,992.4848309268907,1.2641475751139895,0.00011007580906152725,-0.010426155416429772
0,2005-09-27,988.1939778397417,1.2374211302550817,-0.004323343746364117,-0.02672644485890774
0,2005-09-28,988.6970278542052,1.235570812534562,0.0005090599879622459,-0.0018503177205198007
0,2005-09-29,1004.6932169467566,1.2748156139578115,0.01617906056344509,0.0392448014232496
0,2005-09-30,992.3560629422337,1.2401248187805225,-0.01227952353656292,-0.03469079517728901
0,2005-10-03,998.2246985236743,1.244021463334887,0.005913840606808662,0.003896644554364448
0,2005-10-04,998.7715057735235,1.2313229448857412,0.0005477797240018845,-0.012698518449145713
0,2005-10-05,1000.9181304405207,1.256316913968009,0.0021492650266736746,0.02499396908226781
0,2005-10-06,1001.1157714450538,1.2611948591070874,0.00019745971076190472,0.004877945139078355
0,2005-10-07,998.8139701224262,1.2576321891324822,-0.002299235900864005,-0.0035626699746051926
0,2005-10-12,993.2634569999592,1.2329143297873622,-0.005557104013860226,-0.024717859345120052
0,2005-10-13,991.96236469963,1.2330337529680782,-0.0013099166098982096,0.0001194231807160051
0,2005-10-14,1007.1337683413027,1.2735439322468942,0.015294333919882774,0.04051017927881606
0,2005-10-17,1010.8132602747534,1.261707764748159,0.00365342921577394,-0.011836167498735284
0,2005-10-18,1004.3123310920073,1.2368876023856143,-0.006431384943425655,-0.024820162362544584
0,2005-10-19,1008.7860058054058,1.249776669674843,0.0044544655829668045,0.012889067289228562
0,2005-10-20,1005.3940083171522,1.253529185078771,-0.003362454939633608,0.0037525154039281805
0,2005-10-21,1002.2508127852823,1.245419896769297,-0.0031263320706784725,-0.008109288309473994
0,2005-10-24,998.6692512183125,1.2571382578349792,-0.0035735182464122772,0.011718361065682137
0,2005-10-25,995.1052618465498,1.2496237892661313,-0.003568738466128707,-0.007514468568847965
0,2005-10-26,994.6822067102307,1.2492658899219158,-0.0004251360660418868,-0.0003578993442154843
0,2005-10-27,985.9777220629484,1.2280835884364394,-0.008751020766794682,-0.021182301485476396
0,2005-10-28,997.1269152213414,1.2421303056410595,0.011307753622531891,0.01404671720462014
0,2005-10-31,1007.7348077533511,1.2642600018402077,0.010638457722961903,0.022129696199148174
0,2005-11-01,1004.4152575634191,1.253937965094885,-0.0032940711826086044,-0.010322036745322727
0,2005-11-02,993.1287376773495,1.2273613944931634,-0.011236906051635742,-0.026576570601721583
0,2005-11-03,1003.0085917021186,1.2391621574025844,0.009948210790753365,0.011800762909421003
0,2005-11-04,989.5003511854791,1.2042531645954386,-0.01346772164106369,-0.03490899280714577
0,2005-11-07,983.121060427737,1.176595434056103,-0.006446981802582741,-0.027657730539335734
0,2005-11-08,983.4347052154205,1.1453429920511868,0.00031902967020869255,-0.03125244200491606
0,2005-11-09,962.9654497637438,1.0861179675028754,-0.020814046263694763,-0.05922502454831147
0,2005-11-10,959.4293966674954,1.0651319509579633,-0.0036720456555485725,-0.020986016544912056
0,2005-11-15,957.8228110859105,1.0549821247887106,-0.0016745219472795725,-0.010149826169252751
0,2005-11-16,951.0908452582219,1.026963477699344,-0.0070284041576087475,-0.028018647089366633
0,2005-11-17,972.8113798631063,1.0819077801795316,0.022837497293949127,0.05494430248018767
0,2005-11-18,973.0819704846782,1.0716238184509397,0.00027815322391688824,-0.010283961728591917
0,2005-11-21,966.4158478549749,1.0671472770025558,-0.0068505252711474895,-0.004476541448383831
0,2005-11-22,964.695551544045,1.055632200145267,-0.0017800787463784218,-0.01151507685728892
0,2005-11-23,961.7797234482754,1.047128328573936,-0.003022537101060152,-0.008503871571331034
0,2005-11-25,970.0072372495746,1.0708876294685834,0.008554467931389809,0.023759300894647506
0,2005-11-28,976.0208030450473,1.0726766068343976,0.006199506111443043,0.0017889773658141817
0,2005-11-29,968.8930654143471,1.0589366875702673,-0.007302854210138321,-0.013739919264130318
0,2005-11-30,974.1187323870976,1.0672462959098428,0.005393440369516611,0.008309608339575503
0,2005-12-01,985.1572949470584,1.0678870029345684,0.011331845074892044,0.0006407070247256286
0,2005-12-02,979.3542228865199,1.0397859408466927,-0.0058905030600726604,-0.02810106208787566
0,2005-12-05,983.8991515382066,1.0529876397666935,0.004640740342438221,0.013201698920000782
0,2005-12-06,999.5735307168162,1.09388554859861,0.01593087986111641,0.040897908831916574
0,2005-12-07,1005.2523971813425,1.0961623725572889,0.005681289359927177,0.0022768239586787864
0,2005-12-08,1008.1240995804553,1.09684270015443,0.0028566978871822357,0.0006803275971412059
0,2005-12-09,1016.7513641161817,1.1103744764076426,0.008557740598917007,0.013531776253212557
0,2005-12-12,1022.1618439927089,1.10594337141157,0.005321340169757605,-0.004431104996072577
0,2005-12-13,1023.328657642923,1.1278131744936968,0.0011415155604481697,0.021869803082126715
0,2005-12-14,1038.4214964568139,1.156930688308624,0.0147487698122859,0.02911751381492711
0,2005-12-15,1044.1958530029162,1.1718649882431216,0.005560705903917551,0.014934299934497686
0,2005-12-16,1048.0011422073908,1.2076424525675624,0.0036442293785512447,0.035777464324440844
0,2005-12-19,1044.5681332185188,1.1914908819680723,-0.0032757683657109737,-0.016151570599490128
0,2005-12-20,1044.54059970075,1.191534688367369,-2.635875716805458e-05,4.3806399296686394e-05
0,2005-12-21,1043.0154549660087,1.1880142551797468,-0.0014601105358451605,-0.003520433187622185
0,2005-12-22,1047.1645612411546,1.2044994803104456,0.003977991174906492,0.016485225130698833
0,2005-12-23,1052.4732066733818,1.2233551267292992,0.0050695426762104034,0.018855646418853622
0,2005-12-27,1058.248286549107,1.2503548451633364,0.0054871514439582825,0.026999718434037145
0,2005-12-28,1049.8147034421188,1.2531121190130123,-0.007969380356371403,0.0027572738496759452
0,2005-12-29,1064.0952702480477,1.305274538695201,0.013602940365672112,0.0521624196821886
0,2005-12-30,1061.3538800657973,1.3320663207241832,-0.002576263854280114,0.026791782028982247
0,2006-01-03,1055.9528598649558,1.3231798201774245,-0.0050888024270534515,-0.008886500546758658
0,2006-01-04,1072.8019342583152,1.3519104695801836,0.015956275165081024,0.028730649402759045
0,2006-01-05,1061.4047494165955,1.3095676197247594,-0.010623754933476448,-0.042342849855424136
0,2006-01-06,1084.3872162540204,1.3575277653173397,0.02165287733078003,0.04796014559258022
0,2006-01-09,1070.1594234986314,1.339903698857371,-0.01312058325856924,-0.017624066459968724
0,2006-01-10,1067.5668808863652,1.3401869147819518,-0.0024225760716944933,0.00028321592458091516
0,2006-01-11,1072.9435187267702,1.3654182601059874,0.005036347545683384,0.025231345324035592
0,2006-01-12,1086.0196156804884,1.3953726446259176,0.012187125161290169,0.029954384519930155
0,2006-01-13,1088.5189104905985,1.3880686439934022,0.0023013348691165447,-0.007304000632515351
0,2006-01-17,1082.201718543147,1.3872358616201887,-0.0058034746907651424,-0.000832782373213492
0,2006-01-18,1102.0961633691993,1.4260422593795383,0.01838330551981926,0.038806397759349576
0,2006-01-19,1100.5253107807112,1.419755360161901,-0.0014253316912800074,-0.006286899217637254
0,2006-01-20,1096.1731584401336,1.4343089695728302,-0.003954613581299782,0.014553609410929091
0,2006-01-23,1084.9096762792385,1.3979507383734844,-0.010275276377797127,-0.03635823119934578
0,2006-01-24,1076.841017047506,1.380509736326536,-0.0074371714144945145,-0.01744100204694843
0,2006-01-25,1089.1366263202508,1.3851134000600522,0.011418221518397331,0.004603663733516283
0,2006-01-26,1101.296776435576,1.3933375028041188,0.011164944618940353,0.008224102744066597
0,2006-01-27,1108.9507042333057,1.381882870871175,0.006949923001229763,-0.011454631932943826
0,2006-01-30,1121.6444832294837,1.4408714069034365,0.011446657590568066,0.05898853603226151
0,2006-01-31,1125.1067694009198,1.4580184651156978,0.0030867946334183216,0.017147058212261257
0,2006-02-01,1113.2340787474973,1.457045482174858,-0.010552501305937767,-0.0009729829408398061
0,2006-02-02,1097.5094226776328,1.4139095529059793,-0.014125201851129532,-0.04313592926887866
0,2006-02-03,1083.5403645877916,1.3902606604455197,-0.012727961875498295,-0.023648892460459647
0,2006-02-06,1075.4080469004614,1.357026964719634,-0.007505320478230715,-0.03323369572588564
0,2006-02-07,1084.1223867825756,1.3918308930970047,0.00810328684747219,0.034803928377370674
0,2006-02-08,1082.8279948714614,1.3977250350123527,-0.0011939536780118942,0.0058941419153479835
0,2006-02-09,1075.27587087496,1.403758293294239,-0.006974444724619389,0.006033258281886278
0,2006-02-10,1068.2456556886916,1.405334226309004,-0.00653805723413825,0.0015759330147651074
0,2006-02-13,1063.3357085707466,1.417062924012063,-0.004596271552145481,0.011728697703058844
0,2006-02-14,1055.4817749707954,1.39961756406183,-0.007386127952486277,-0.017445359950232886
0,2006-02-15,1033.7371494084077,1.3315724171135748,-0.020601611584424973,-0.06804514694825525
0,2006-02-16,1030.3557326204836,1.3137043789073404,-0.0032710605300962925,-0.017868038206234393
0,2006-02-17,1023.4396578394637,1.2819633957331682,-0.00671231746673584,-0.03174098317417218
0,2006-02-21,1036.1743141506456,1.3083698135586237,0.012442996725440025,0.026406417825455497
0,2006-02-22,1018.2407972866124,1.2496946661338613,-0.017307432368397713,-0.05867514742476243
0,2006-02-23,1026.5530074777673,1.2681459211101178,0.00816330499947071,0.018451254976256548
0,2006-02-24,1015.487162687486,1.2325496455277987,-0.010779613628983498,-0.03559627558231915
0,2006-02-27,1000.0289281888041,1.1924777294738584,-0.015222481451928616,-0.040071916053940226
0,2006-02-28,993.9034359020286,1.2354574257737039,-0.0061253150925040245,0.04297969629984544
0,2006-03-01,1014.1761065142871,1.2500263547039663,0.020397022366523743,0.014568928930262404
0,2006-03-02,1005.5921225918488,1.2623467686851393,-0.008463997393846512,0.012320413981173006
0,2006-03-03,1014.2508775412238,1.2445062287412372,0.008610603399574757,-0.01784053994390211
0,2006-03-06,1012.141562067677,1.2383477642281142,-0.0020796782337129116,-0.006158464513122963
0,2006-03-07,1033.5595907713175,1.3031490957080678,0.021161099895834923,0.0648013314799536
0,2006-03-08,1033.846671894336,1.305228654547972,0.00027775962371379137,0.002079558839904294
0,2006-03-09,1035.899038532985,1.3286081899940116,0.0019851750694215298,0.023379535446039545
0,2006-03-10,1028.1929589857914,1.2905689328501517,-0.007439025677740574,-0.03803925714385992
0,2006-03-13,1037.5843031960158,1.2882437591318634,0.009133834391832352,-0.0023251737182883314
0,2006-03-14,1056.3564551699178,1.3117929085711255,0.018092170357704163,0.023549149439262118
0,2006-03-15,1051.7276567950948,1.2878780186894327,-0.004381852690130472,-0.02391488988169277
0,2006-03-16,1067.00587479543,1.3103002322616186,0.014526781626045704,0.02242221357218588
0,2006-03-17,1061.785987158024,1.28692164327612,-0.0048920889385044575,-0.023378588985498716
0,2006-03-20,1070.9723328104317,1.3076016781565738,0.008651786483824253,0.02068003488045389
0,2006-03-21,1072.3684763147282,1.290711260700887,0.0013036223826929927,-0.016890417455686757
0,2006-03-22,1071.3897936819783,1.2962810606403377,-0.0009126365184783936,0.005569799939450615
0,2006-03-23,1090.7214447585372,1.31014511176652,0.018043527379631996,0.013864051126182275
0,2006-03-24,1095.8995287004557,1.3466531463062579,0.004747393541038036,0.036508034539737944
0,2006-03-27,1115.283538911123,1.4488060572050532,0.017687762156128883,0.1021529108987953
0,2006-03-28,1125.553128199605,1.510916515969529,0.009208052419126034,0.06211045876447585
0,2006-03-29,1130.2061384151696,1.5016587282613925,0.0041339765302836895,-0.009257787708136567
0,2006-03-30,1132.5278471210618,1.5187914034815113,0.0020542347338050604,0.017132675220118854
0,2006-03-31,1135.6699025133155,1.5713526856206586,0.0027743736281991005,0.052561282139147236
0,2006-04-03,1146.29641418276,1.608743825610531,0.009357042610645294,0.037391139989872535
0,2006-04-04,1143.5901785694114,1.6163623436447436,-0.002360851503908634,0.00761851803421254
0,2006-04-05,1139.4858120177419,1.5927050339000473,-0.00358901871368289,-0.023657309744696375
0,2006-04-06,1144.6637142395211,1.6137251436934872,0.004544069059193134,0.021020109793439934
0,2006-04-07,1153.9230806638388,1.6225579298762747,0.008089158684015274,0.008832786182787489
0,2006-04-10,1155.0871566533963,1.6144149218092283,0.0010087986011058092,-0.008143008067046376
0,2006-04-11,1155.7945780243285,1.6249600835744968,0.0006124398205429316,0.01054516176526854
0,2006-04-12,1150.4640968018075,1.6474346185345525,-0.004611962474882603,0.022474534960055692
0,2006-04-13,1153.8168487312664,1.6804885664139246,0.0029142603743821383,0.0330539478793721
0,2006-04-17,1149.7645588369642,1.6718283548389465,-0.0035120737738907337,-0.008660211574978094
0,2006-04-18,1150.7038374347305,1.6799919401324532,0.0008169312495738268,0.008163585293506692
0,2006-04-19,1159.8773632880486,1.702031408359699,0.00797209981828928,0.022039468227245784
0,2006-04-20,1161.4214898035696,1.7011765095821705,0.001331284292973578,-0.0008548987775285344
0,2006-04-21,1178.0193573844028,1.744452182330323,0.01429099403321743,0.04327567274815247
0,2006-04-24,1157.1666092181872,1.6741973487889998,-0.017701532691717148,-0.07025483354132311
0,2006-04-25,1162.7795345318732,1.6979233289035194,0.0048505766317248344,0.02372598011451954
0,2006-04-26,1165.2002211722647,1.69716803975576,0.0020818104967474937,-0.0007552891477593526
0,2006-04-27,1178.507990942705,1.7586852341610684,0.011421015486121178,0.06151719440530834
0,2006-04-28,1186.2866957190415,1.772797302442412,0.006600468419492245,0.014112068281343593
0,2006-05-01,1185.7283199916394,1.7869518672399105,-0.0004706920590251684,0.014154564797498548
0,2006-05-02,1174.5082177987158,1.7773003650808255,-0.009462624788284302,-0.009651502159085057
0,2006-05-03,1158.366686527421,1.7446872299794058,-0.013743225485086441,-0.03261313510141961
0,2006-05-04,1152.2149514831635,1.7709677951060345,-0.005310697481036186,0.026280565126628685
0,2006-05-05,1166.3629432256305,1.8029205609570969,0.012278951704502106,0.031952765851062326
0,2006-05-08,1182.840933819739,1.8173333051758391,0.014127669855952263,0.01441274421874228
0,2006-05-09,1171.6506280868966,1.8164291963409365,-0.009460533037781715,-0.0009041088349026616
0,2006-05-10,1192.3780651710013,1.8683145689898346,0.01769080013036728,0.05188537264889814
