path_id,Date,sp500_abs,DGS10_abs,sp500,DGS10
0,2001-05-04,1222.3034256283963,5.115793172110745,0.0104222372174263,-0.1489321412682587
0,2001-05-07,1247.9789483903455,5.112580858419767,0.021005850285291672,-0.003212313690978519
0,2001-05-08,1240.8278786780859,5.086611870072654,-0.005730120465159416,-0.025968988347112365
0,2001-05-09,1230.2236476358032,5.2091407392485864,-0.008546093478798866,0.12252886917593209
0,2001-05-10,1236.6654771020387,5.2343989060299085,0.0052363076247274876,0.02525816678132209
0,2001-05-11,1261.2091484028238,5.219040571939074,0.019846653565764427,-0.01535833409083498
0,2001-05-14,1278.9994015021855,5.178189889696903,0.014105712063610554,-0.040850682242170144
0,2001-05-15,1260.5942020849711,5.22567666956338,-0.014390311203897,0.047486779866476425
0,2001-05-16,1254.748728548924,5.21078774612274,-0.004637077916413546,-0.014888923440639523
0,2001-05-17,1240.190798000746,5.218860056706638,-0.011602267622947693,0.008072310583897568
0,2001-05-18,1229.0032181431793,5.300654899922493,-0.009020853787660599,0.08179484321585484
0,2001-05-21,1201.1707274963471,5.322792979181781,-0.02264639362692833,0.022138079259288013
0,2001-05-22,1192.7888311316767,5.303973761301682,-0.006978105753660202,-0.01881921788009855
0,2001-05-23,1183.250024827914,5.250593932115964,-0.007997062057256699,-0.05337982918571793
0,2001-05-24,1179.5591139859641,5.217510079892175,-0.0031192991882562637,-0.033083852223788845
0,2001-05-25,1174.0066993819405,5.229035386488891,-0.0047071948647499084,0.0115253065967158
0,2001-05-29,1157.611909659553,5.257929455407374,-0.013964817859232426,0.028894068918482674
0,2001-05-30,1141.2210869386233,5.230479848199832,-0.014159169048070908,-0.02744960720754186
0,2001-05-31,1157.1837183918512,5.146974715420524,0.013987326063215733,-0.08350513277930816
0,2001-06-01,1172.8548027562301,5.220988227972624,0.013542434200644493,0.0740135125521002
0,2001-06-04,1183.432016142494,5.216854989677147,0.009018348529934883,-0.004133238295477071
0,2001-06-05,1187.9274255852176,5.232987426019698,0.0037986207753419876,0.016132436342551237
0,2001-06-06,1210.4295765510976,5.284976781207864,0.01894236169755459,0.05198935518816583
0,2001-06-07,1224.7871110464343,5.282035942441722,0.011861519888043404,-0.002940838766142484
0,2001-06-08,1226.743213902248,5.214939733060022,0.001597096212208271,-0.0670962093816998
0,2001-06-11,1220.9560528531815,5.121453189041098,-0.004717499949038029,-0.09348654401892365
0,2001-06-12,1241.1325294223323,5.166971762082409,0.01652514562010765,0.045518573041310795
0,2001-06-13,1245.2986789424078,5.179307394875197,0.0033567321952432394,0.012335632792788154
0,2001-06-14,1236.1733274848852,5.160615900893741,-0.007327841594815254,-0.018691493981456198
0,2001-06-15,1244.4701594900982,5.221662465680258,0.006711706053465605,0.061046564786517266
0,2001-06-18,1242.145685656817,5.277592450298385,-0.001867842162027955,0.05592998461812648
0,2001-06-19,1218.7040391851895,5.25581921518869,-0.01887189783155918,-0.021773235109694866
0,2001-06-20,1198.1545860905753,5.28225905198202,-0.016861725598573685,0.026439836793330507
0,2001-06-21,1175.5884148639593,5.278225757222089,-0.018834106624126434,-0.004033294759930861
0,2001-06-22,1162.5638591458542,5.263769556915424,-0.011079180054366589,-0.014456200306665501
0,2001-06-25,1151.5642214217598,5.192713325758816,-0.009461534209549427,-0.07105623115660809
0,2001-06-26,1120.568696245996,5.165509749836127,-0.0269160196185112,-0.027203575922689183
0,2001-06-27,1114.936309308374,5.286841739974203,-0.005026364699006081,0.12133199013807605
0,2001-06-28,1116.9183712089084,5.272160451698812,0.0017777355387806892,-0.014681288275390614
0,2001-06-29,1113.5969484643044,5.266610233003323,-0.0029737381264567375,-0.005550218695488773
0,2001-07-02,1102.3814924325666,5.276567758225284,-0.010071378201246262,0.009957525221961028
0,2001-07-03,1101.8035834638433,5.272060883441066,-0.0005242368206381798,-0.0045068747842185175
0,2001-07-05,1117.03633126687,5.314526758777554,0.01382528431713581,0.0424658753364886
0,2001-07-06,1087.552629030965,5.303692397642736,-0.02639457769691944,-0.01083436113481806
0,2001-07-09,1110.0766409235464,5.31965361802567,0.02071073278784752,0.015961220382934016
0,2001-07-10,1113.0507700509913,5.305596809471182,0.0026792106218636036,-0.01405680855448832
0,2001-07-11,1129.6292741299978,5.3318472503852465,0.014894652180373669,0.026250440914064477
0,2001-07-12,1114.4829506223184,5.329176788296626,-0.013408225029706955,-0.002670462088620873
0,2001-07-13,1113.584034005596,5.350733960494476,-0.0008065772708505392,0.02155717219785025
0,2001-07-16,1114.8283672063044,5.3873406944753475,0.0011174129322171211,0.03660673398087155
0,2001-07-17,1102.6914552847225,5.41636532992824,-0.010886798612773418,0.02902463545289269
0,2001-07-18,1093.7633544073205,5.361290854123789,-0.008096644654870033,-0.05507447580445124
0,2001-07-19,1093.132695077463,5.338294061823585,-0.000576595775783062,-0.022996792300204127
0,2001-07-20,1109.7005236079697,5.402669229006672,0.015156283043324947,0.064375167183087
0,2001-07-23,1124.0516531417584,5.435161397600718,0.012932434678077698,0.0324921685940458
0,2001-07-24,1117.6199999234589,5.462942799159993,-0.0057218484580516815,0.027781401559275665
0,2001-07-25,1099.825592900592,5.429028643212227,-0.0159216970205307,-0.033914155947766034
0,2001-07-26,1099.2201252108798,5.454973249994267,-0.0005505124572664499,0.025944606782039692
0,2001-07-27,1114.7084620134872,5.379434659414788,0.014090295881032944,-0.07553859057947854
0,2001-07-30,1103.8412128635352,5.552674475763405,-0.009748960845172405,0.17323981634861685
0,2001-07-31,1084.9392754599849,5.6517296107381325,-0.017123783007264137,0.09905513497472729
0,2001-08-01,1105.5151855055576,5.754863338988767,0.018965033814311028,0.1031337282506346
0,2001-08-02,1133.6216366507458,5.8829740354973685,0.025423849001526833,0.1281106965086014
0,2001-08-03,1132.8473980584856,5.918097298816432,-0.0006829779595136642,0.0351232633190639
0,2001-08-06,1134.0180846160074,6.172872482301599,0.0010334018152207136,0.25477518348516615
0,2001-08-07,1114.5739119824595,6.225599278552217,-0.017146263271570206,0.05272679625061816
0,2001-08-08,1111.2000611997305,6.390971862490992,-0.00302703189663589,0.1653725839387752
0,2001-08-09,1089.500192824613,6.403372431581308,-0.01952831819653511,0.012400569090315727
0,2001-08-10,1117.2646579203094,6.402946576970286,0.025483671575784683,-0.0004258546110218475
0,2001-08-13,1116.8608923070353,6.359991210777689,-0.00036138761788606644,-0.04295536619259721
0,2001-08-14,1113.5379585545327,6.394718438159466,-0.0029752440750598907,0.03472722738177758
0,2001-08-15,1121.4617812963068,6.427678068962537,0.007115898188203573,0.03295963080307107
0,2001-08-16,1104.1412098205853,6.487542303877097,-0.015444638207554817,0.059864234914559944
0,2001-08-17,1094.8093969104957,6.502935705150543,-0.00845164805650711,0.015393401273446017
0,2001-08-20,1097.336985660239,6.449233959537839,0.0023087020963430405,-0.053701745612704244
0,2001-08-21,1085.0638604411242,6.618931620947366,-0.011184463277459145,0.16969766140952736
0,2001-08-22,1057.5975043280712,6.723934886236775,-0.0253131240606308,0.10500326528940906
0,2001-08-23,1021.3653907541764,6.79893143029995,-0.0342588871717453,0.07499654406317458
0,2001-08-24,1005.2960246846538,6.772991674929243,-0.01573321968317032,-0.025939755370706585
0,2001-08-27,1017.6544833297244,6.815444391687809,0.012293352745473385,0.04245271675856532
0,2001-08-28,1014.7907438975806,6.880118902380979,-0.002814058680087328,0.06467451069317054
0,2001-08-29,1000.302821247296,6.8520125501616125,-0.014276758767664433,-0.028106352219366748
0,2001-08-30,990.0441889046137,6.792343255799312,-0.010255526751279831,-0.059669294362300285
0,2001-08-31,993.6482012513119,6.693199455881108,0.0036402540281414986,-0.09914379991820432
0,2001-09-04,1004.7196780711909,6.672289229097744,0.011142250150442123,-0.020910226783364294
0,2001-09-05,998.7232389309034,6.6142842533533655,-0.0059682708233594894,-0.05800497574437813
0,2001-09-06,1020.5041378531339,6.5226796536944205,0.021808743476867676,-0.09160459965894496
0,2001-09-07,1032.247976952531,6.428918393441096,0.011507879942655563,-0.09376126025332443
0,2001-09-10,1037.3052595464342,6.392614259999009,0.004899290390312672,-0.03630413344208705
0,2001-09-17,1014.5881062143632,6.380657111850333,-0.02190016210079193,-0.011957148148676211
0,2001-09-18,1038.2747154598019,6.37679665762291,0.023346034809947014,-0.0038604542274232045
0,2001-09-19,1031.1208650390786,6.43155955503852,-0.006890132557600737,0.05476289741561047
0,2001-09-20,1029.108920085335,6.270197259304597,-0.0019512212602421641,-0.16136229573392313
0,2001-09-21,1042.5789394545739,6.217700006785248,0.01308901235461235,-0.052497252519349225
0,2001-09-24,1019.6611874590697,6.280863283547014,-0.02198179066181183,0.0631632767617667
0,2001-09-25,1032.1427976946197,6.18324088842064,0.0122409388422966,-0.0976223951263746
0,2001-09-26,1017.066128109904,6.1943098488078725,-0.01460715476423502,0.011068960387232707
0,2001-09-27,1021.7987615718105,6.240964837329705,0.004653220996260643,0.046654988521832585
0,2001-09-28,1027.5185077112849,6.254839884995803,0.005597722716629505,0.013875047666098261
0,2001-10-01,1042.7769402401987,6.179825341936515,0.014849788509309292,-0.07501454305928856
0,2001-10-02,1072.6792655156532,6.194118505099517,0.028675667941570282,0.014293163163002554
0,2001-10-03,1076.6288846613568,6.241556495208456,0.0036820131354033947,0.047437990108938344
0,2001-10-04,1075.25778921665,6.241007120376538,-0.0012735079508274794,-0.0005493748319178593
0,2001-10-05,1080.4642225697685,6.292799510026407,0.004842032678425312,0.05179238964986954
0,2001-10-10,1072.7460418338137,6.28138521731662,-0.007143393158912659,-0.011414292709787333
0,2001-10-11,1049.7469908241073,6.291662648144829,-0.02143941819667816,0.010277430828208978
0,2001-10-12,1052.016827510227,6.143521249329597,0.0021622702479362488,-0.14814139881523225
0,2001-10-15,1055.651522132985,6.213379901778361,0.00345497764647007,0.06985865244876432
0,2001-10-16,1034.317324233591,6.315290134666383,-0.020209508016705513,0.10191023288802192
0,2001-10-17,1039.858783504132,6.267814203983351,0.005357600748538971,-0.04747593068303235
0,2001-10-18,1023.145608140923,6.323121876565283,-0.01607254333794117,0.055307672581932366
0,2001-10-19,1032.3330444591388,6.360883001814662,0.008979598060250282,0.03776112524937858
0,2001-10-22,1047.1081680425816,6.375158127452489,0.014312361367046833,0.014275125637827735
0,2001-10-23,1045.387910547207,6.35832647834796,-0.001642865128815174,-0.016831649104529056
0,2001-10-24,1057.0107498645818,6.335753437992926,0.01111820712685585,-0.02257304035503438
0,2001-10-25,1057.6866020239177,6.293542184146654,0.0006393995136022568,-0.042211253846272
0,2001-10-26,1043.5794553662502,6.264902270277836,-0.013337737880647182,-0.028639913868818034
0,2001-10-29,1036.3716685883599,6.251417426136245,-0.006906792521476746,-0.013484844141590457
0,2001-10-30,1032.9899681164475,6.273040555530093,-0.003263019025325775,0.021623129393847584
0,2001-10-31,1039.4820836350123,6.20155529783269,0.00628478080034256,-0.07148525769740299
0,2001-11-01,1065.9228097244506,6.176351298356733,0.025436442345380783,-0.025203999475957417
0,2001-11-02,1066.6222207359822,6.124461660920357,0.0006561554037034512,-0.05188963743637576
0,2001-11-05,1068.4505067235261,6.069031445610493,0.0017140895361080766,-0.055430215309863584
0,2001-11-06,1058.001747406032,6.015937656223304,-0.009779357351362705,-0.053093789387189005
0,2001-11-07,1058.9122600505552,6.036912247701339,0.0008605965413153172,0.020974591478034377
0,2001-11-08,1068.056775449724,6.048779828015869,0.008635763078927994,0.01186758031453028
0,2001-11-09,1061.8813455047944,5.998204408084751,-0.005781930405646563,-0.05057541993111769
0,2001-11-14,1066.7446176265878,5.996379416621858,0.004579863976687193,-0.0018249914628931663
0,2001-11-15,1081.5644881439025,5.985611092043861,0.013892613351345062,-0.010768324577997035
0,2001-11-16,1091.2506908346925,5.949438844879765,0.00895573291927576,-0.03617224716409595
0,2001-11-19,1090.9578616450647,6.038595766592495,-0.0002683427301235497,0.08915692171273015
0,2001-11-20,1094.501787898641,6.1540159925119555,0.00324845383875072,0.11542022591946033
0,2001-11-21,1094.7096897140598,6.151297610188479,0.00018995109712705016,-0.0027183823234766535
0,2001-11-23,1110.0731159210957,6.168682312230576,0.014034247025847435,0.01738470204209719
0,2001-11-26,1097.877384009394,6.128301101092005,-0.010986422188580036,-0.04038121113857063
0,2001-11-27,1104.597024506407,6.071509963344092,0.006120574660599232,-0.05679113774791311
0,2001-11-28,1110.197464078567,6.024327115645327,0.005070120096206665,-0.047182847698765684
0,2001-11-29,1116.0916147608414,6.05618571192584,0.005309101194143295,0.031858596280513574
0,2001-11-30,1126.722634909857,6.03978266823987,0.009525221772491932,-0.016403043685969898
0,2001-12-03,1134.083277428942,6.028099515221916,0.0065327901393175125,-0.011683153017954417
0,2001-12-04,1129.7720583119049,6.028445058112567,-0.0038015013560652733,0.00034554289065091837
0,2001-12-05,1127.6534646814732,6.11224107385505,-0.0018752398900687695,0.0837960157424833
0,2001-12-06,1132.8717243678168,6.022199007031323,0.004627538379281759,-0.0900420668237274
0,2001-12-07,1155.0040082991814,5.933970905853163,0.019536443054676056,-0.08822810117816005
0,2001-12-10,1156.5792491818095,5.980302661245814,0.0013638401869684458,0.046331755392651
0,2001-12-11,1168.401300396672,5.997819934185416,0.010221566073596478,0.017517272939602258
0,2001-12-12,1149.9535424728158,6.038540352173609,-0.015788888558745384,0.040720417988192814
0,2001-12-13,1142.086843966036,6.060994621317808,-0.006840883754193783,0.022454269144199124
0,2001-12-14,1132.2368099991966,6.054821549166073,-0.008624592795968056,-0.006173072151734793
0,2001-12-17,1150.6051451200626,6.038096114402092,0.01622305065393448,-0.01672543476398136
0,2001-12-18,1147.7636645635394,6.029649606541075,-0.0024695531465113163,-0.008446507861016528
0,2001-12-19,1152.725734531213,5.963515477236823,0.004323250614106655,-0.06613412930425255
0,2001-12-20,1153.1392481790028,5.994022675240714,0.00035872682929039,0.030507198003891567
0,2001-12-21,1162.8516101998066,6.001738911987047,0.008422540500760078,0.007716236746333038
0,2001-12-24,1158.7985132518868,6.014874881625757,-0.0034854807890951633,0.013135969638709888
0,2001-12-26,1154.7633472593438,6.214759682759111,-0.0034821981098502874,0.19988480113335427
0,2001-12-27,1150.515307824183,6.265855342747353,-0.0036787099670618773,0.05109565998824195
0,2001-12-28,1148.2852353698015,6.26464933262698,-0.0019383248873054981,-0.0012060101203736906
0,2001-12-31,1139.4427311467016,6.335675060292544,-0.007700616493821144,0.07102572766556392
0,2002-01-02,1157.2978980900527,6.319552805219933,0.015670087188482285,-0.016122255072610336
0,2002-01-03,1161.2372477997023,6.363786541675044,0.003403920214623213,0.04423373645511042
0,2002-01-04,1140.9071321636263,6.338559348379503,-0.017507288604974747,-0.025227193295540573
0,2002-01-07,1157.3642714736181,6.2735325531488195,0.014424609020352364,-0.06502679523068355
0,2002-01-08,1144.894958602143,6.278488527212006,-0.010773887857794762,0.004955974063186375
0,2002-01-09,1155.1207658836545,6.224450441907773,0.008931655436754227,-0.05403808530423326
0,2002-01-10,1169.0823561869386,6.222168878367285,0.012086693197488785,-0.0022815635404880297
0,2002-01-11,1173.7281076326922,6.254698117667572,0.003973844461143017,0.032529239300287394
0,2002-01-14,1181.4231522947537,6.325375293542504,0.006556070875376463,0.07067717587493227
0,2002-01-15,1191.6847082897698,6.222051050650589,0.008685758337378502,-0.10332424289191522
0,2002-01-16,1194.9092213496258,6.219306210218897,0.0027058441191911697,-0.002744840431692097
0,2002-01-17,1188.1517626674777,6.2419075533341095,-0.005655206739902496,0.022601343115212558
0,2002-01-18,1192.5239947149564,6.2964149534674325,0.0036798599176108837,0.054507400133323
0,2002-01-22,1189.0712174682599,6.3425839797701205,-0.002895352430641651,0.04616902630268793
0,2002-01-23,1172.7390230286744,6.4137684136027975,-0.013735253363847733,0.07118443383267703
0,2002-01-24,1157.5859879604873,6.3849277251941565,-0.012921063229441643,-0.028840688408640958
0,2002-01-25,1176.4888992697538,6.50427236299163,0.01632959581911564,0.1193446377974734
0,2002-01-28,1158.0243288530735,6.537244906069528,-0.015694640576839447,0.03297254307789821
0,2002-01-29,1145.2014836326068,6.558225695654774,-0.01107303611934185,0.02098078958524585
0,2002-01-30,1136.34217695873,6.495664098142141,-0.00773602444678545,-0.0625615975126328
0,2002-01-31,1124.8949824429285,6.541521753838533,-0.010073721408843994,0.04585765569639211
0,2002-02-01,1121.0788318844063,6.651228027022894,-0.003392450511455536,0.10970627318436055
0,2002-02-04,1122.6630296122034,6.704501552411499,0.0014131010975688696,0.053273525388605414
0,2002-02-05,1145.842494844651,6.640584336629336,0.02064685896039009,-0.0639172157821637
0,2002-02-06,1175.6433857197214,6.506852638902714,0.026007842272520065,-0.1337316977266214
0,2002-02-07,1182.37774238532,6.637285026090322,0.005728230811655521,0.13043238718760808
0,2002-02-08,1162.2011205589963,6.690537576863627,-0.017064446583390236,0.05325255077330482
0,2002-02-11,1162.2977444499659,6.734551293426761,8.313870057463646e-05,0.0440137165631338
0,2002-02-12,1163.8922001546964,6.715770049349941,0.0013718134723603725,-0.018781244076819803
0,2002-02-13,1169.688637192547,6.733645241097137,0.004980218131095171,0.017875191747195984
0,2002-02-14,1156.489750500112,6.7929960412640975,-0.01128410268574953,0.05935080016696048
0,2002-02-15,1134.621218523267,6.904867678025389,-0.018909404054284096,0.11187163676129153
0,2002-02-19,1110.5681074363574,7.0858585426673875,-0.021199243143200874,0.18099086464199843
0,2002-02-20,1101.4851570699493,7.083420065755447,-0.0081786522641778,-0.002438476911940768
0,2002-02-21,1096.9172184612364,7.107537835885389,-0.004147072322666645,0.02411777012994243
0,2002-02-22,1108.9011939172376,7.086937256413893,0.010925141163170338,-0.020600579471496516
0,2002-02-25,1108.6625059587268,7.0937548210581465,-0.0002152472734451294,0.006817564644253871
0,2002-02-26,1109.9718561571149,7.0510321376939,0.0011810178402811289,-0.04272268336424645
0,2002-02-27,1119.6704562775265,7.001634766289213,0.008737699128687382,-0.04939737140468736
0,2002-02-28,1129.0566978108118,6.98753788876521,0.008383039385080338,-0.014096877524002238
0,2002-03-01,1109.2858270687589,6.98291091462732,-0.01751096360385418,-0.004626974137890372
0,2002-03-04,1117.5902865554663,6.93485020953414,0.007486311718821526,-0.048060705093179834
0,2002-03-05,1137.948126918522,6.9125307123363555,0.018215835094451904,-0.0223194971977847
0,2002-03-06,1159.410109649633,6.851195879836405,0.01886024698615074,-0.06133483249995031
0,2002-03-07,1159.3786592974125,6.860720531193036,-2.7126166969537735e-05,0.00952465135663072
0,2002-03-08,1162.6271075522525,6.820435180862461,0.0028018872253596783,-0.04028535033057512
0,2002-03-11,1166.1989569376115,6.839225047802656,0.0030722226947546005,0.018789866940195132
0,2002-03-12,1164.9065648696478,6.874235779325657,-0.00110820890404284,0.03501073152300105
0,2002-03-13,1167.8280705285542,6.861954254761584,0.0025079313199967146,-0.012281524564072832
0,2002-03-14,1151.1548771633895,6.919605333765819,-0.014277095906436443,0.05765107900423505
0,2002-03-15,1171.69933848924,6.919560546886731,0.01784682646393776,-4.478687908804346e-05
0,2002-03-18,1145.5169824353836,6.936890721537925,-0.02234562672674656,0.01733017465119424
0,2002-03-19,1157.3516824060619,6.900102874747873,0.010331317782402039,-0.03678784679005265
0,2002-03-20,1169.0756843992865,6.899882605675007,0.010130025446414948,-0.00022026907286587516
0,2002-03-21,1156.1649925420238,6.884092450136652,-0.011043503880500793,-0.01579015553835461
0,2002-03-22,1156.6134135393968,6.836874903740226,0.0003878520801663399,-0.04721754639642661
0,2002-03-25,1157.6173524708154,6.869415070692561,0.000867998693138361,0.032540166952335525
0,2002-03-26,1174.6552032980567,6.873066389136378,0.014718033373355865,0.00365131844381672
0,2002-03-27,1196.2481460459587,6.878449058396706,0.018382366746664047,0.0053826692603280435
0,2002-03-28,1183.8187084097829,6.87429654015328,-0.010390350595116615,-0.004152518243426329
0,2002-04-01,1196.9170513123433,7.08813747781506,0.011064483784139156,0.21384093766178047
0,2002-04-02,1168.2869118548197,7.088015948963949,-0.023919902741909027,-0.00012152885111138545
0,2002-04-03,1158.9243856447501,7.1077184778648865,-0.00801389291882515,0.01970252890093782
0,2002-04-04,1165.0028492098827,7.012985903066153,0.005244918167591095,-0.09473257479873354
0,2002-04-05,1200.9706989936121,6.973113073913677,0.0308736152946949,-0.03987282915247636
0,2002-04-08,1188.8430731084445,6.961891117089361,-0.010098186321556568,-0.011221956824315704
0,2002-04-09,1206.9602095977286,6.9531340982471255,0.015239300206303596,-0.008757018842235453
0,2002-04-10,1224.6293491025403,7.0038053027823395,0.014639372006058693,0.05067120453521401
0,2002-04-11,1211.7985471088082,6.953430691391006,-0.010477294214069843,-0.0503746113913337
0,2002-04-12,1242.087877389847,6.819049680943245,0.02499535121023655,-0.13438101044776118
0,2002-04-15,1217.66910095594,6.840341294932906,-0.019659459590911865,0.021291613989661506
0,2002-04-16,1255.9334170732695,6.7919903783608975,0.031424231827259064,-0.04835091657200863
0,2002-04-17,1258.7578348679265,6.716100899201117,0.0022488594986498356,-0.07588947915978039
0,2002-04-18,1274.0214194123341,6.497570881134599,0.012125910259783268,-0.2185300180665184
0,2002-04-19,1293.5302785682923,6.32367416759298,0.015312818810343742,-0.17389671354161873
0,2002-04-22,1309.7633247382068,6.364862510186771,0.012549413368105888,0.04118834259379067
0,2002-04-23,1309.2100557603578,6.409323895226335,-0.000422419048845768,0.04446138503956476
0,2002-04-24,1302.699672500201,6.410117499455207,-0.004972756840288639,0.0007936042288712031
0,2002-04-25,1311.6798438983174,6.384878623794095,0.006893508601933718,-0.025238875661111493
0,2002-04-26,1286.392721454955,6.433258370717802,-0.019278425723314285,0.04837974692370661
0,2002-04-29,1297.3771385286523,6.4840265916225786,0.008538929745554924,0.05076822090477684
0,2002-04-30,1292.8391753737026,6.6870337499628025,-0.0034977979958057404,0.20300715834022398
0,2002-05-01,1285.9931740841678,6.648460237811231,-0.005295323207974434,-0.03857351215157134
0,2002-05-02,1304.1761960853257,6.622780466429427,0.014139283448457718,-0.025679771381803995
0,2002-05-03,1309.341638555884,6.749554395462663,0.003960693720728159,0.12677392903323614
0,2002-05-06,1323.609206786726,6.801838624152816,0.010896749794483185,0.05228422869015237
0,2002-05-07,1318.062539954186,6.853010969250232,-0.004190562292933464,0.05117234509741664
0,2002-05-08,1305.9765405199526,6.846462149366625,-0.009169518947601318,-0.0065488198836076705
0,2002-05-09,1314.7834200912162,6.857627348653394,0.006743520498275757,0.0111651992867694
0,2002-05-10,1306.344592787533,6.848722955599699,-0.006418416276574135,-0.008904393053694726
0,2002-05-13,1326.3416926197879,6.889950450674923,0.015307676047086716,0.04122749507522361
0,2002-05-14,1337.6793119158374,6.957724904710933,0.008548038080334663,0.06777445403600968
0,2002-05-15,1347.1568136646026,6.999180611905368,0.007085032761096954,0.041455707194435476
0,2002-05-16,1346.596400317969,7.089618207102595,-0.00041599711403250694,0.09043759519722716
0,2002-05-17,1353.757185464523,7.126678574868183,0.005317692179232836,0.037060367765588076
0,2002-05-20,1342.966388299703,7.164980798640223,-0.007970998995006084,0.038302223772039845
0,2002-05-21,1321.871998530788,7.204077226742923,-0.015707310289144516,0.039096428102699754
0,2002-05-22,1282.6106817865866,7.241481732452746,-0.029701299965381622,0.0374045057098229
0,2002-05-23,1308.3193193979498,7.199173522940787,0.0200439915060997,-0.04230820951195913
0,2002-05-24,1292.4516508665986,7.291113626847096,-0.012128284201025963,0.09194010390630947
0,2002-05-28,1310.5965908801622,7.271125212253585,0.01403916347771883,-0.019988414593511195
0,2002-05-29,1345.489259887241,7.4306211388173855,0.026623500511050224,0.15949592656380052
0,2002-05-30,1334.2357438718445,7.427731198076541,-0.008363883942365646,-0.0028899407408449207
0,2002-05-31,1355.5428041146236,7.382468383030211,0.01596948690712452,-0.04526281504632923
0,2002-06-03,1343.348169922398,7.400591318225379,-0.008996126241981983,0.0181229351951675
0,2002-06-04,1370.5374011160914,7.384346425932987,0.020239898934960365,-0.016244892292391455
0,2002-06-05,1379.0714600998572,7.399685371645668,0.006226797588169575,0.015338945712680463
0,2002-06-06,1370.0885222105053,7.361979763926939,-0.006513758096843958,-0.03770560771872855
0,2002-06-07,1360.3571798579076,7.368881185584911,-0.007102710660547018,0.006901421657971696
0,2002-06-10,1370.174580854118,7.378344245963274,0.007216781843453646,0.009463060378362975
0,2002-06-11,1368.1616281726824,7.259158189783107,-0.001469121314585209,-0.1191860561801672
0,2002-06-12,1347.8700599077877,7.229343108827649,-0.014831265434622765,-0.029815080955457596
0,2002-06-13,1340.2140092899663,7.255345492886697,-0.005680110305547714,0.026002384059047756
0,2002-06-14,1365.9303226312588,7.240267972145273,0.01918821409344673,-0.015077520741423989
0,2002-06-17,1377.3893434284766,7.188877101097192,0.008389169350266457,-0.051390871048081266
0,2002-06-18,1373.6465914694804,7.267163242186659,-0.0027172795962542295,0.07828614108946752
0,2002-06-19,1348.6336264098381,7.366468116502401,-0.018209170550107956,0.09930487431574164
0,2002-06-20,1320.6108372327851,7.425169820100272,-0.020778652280569077,0.05870170359787075
0,2002-06-21,1288.009272212592,7.422062130298872,-0.02468673139810562,-0.003107689801399971
0,2002-06-24,1264.9347213827439,7.421881370585955,-0.017914894968271255,-0.000180759712916867
0,2002-06-25,1295.0940129590176,7.439698260920707,0.023842567577958107,0.017816890334752422
0,2002-06-26,1287.6194953871511,7.358252609601889,-0.0057714092545211315,-0.08144565131881798
0,2002-06-27,1315.4690937781947,7.2908297958437975,0.02162874862551689,-0.06742281375809167
0,2002-06-28,1348.096440372842,7.346434456965757,0.02480282261967659,0.05560466112195961
0,2002-07-01,1321.9750377092469,7.3973197381471225,-0.01937650889158249,0.05088528118136537
0,2002-07-02,1352.3432646061538,7.322677030004109,0.02297186106443405,-0.07464270814301344
0,2002-07-03,1359.3435894737697,7.368558524180065,0.005176440812647343,0.04588149417595577
0,2002-07-05,1351.512397949391,7.419851308463267,-0.005761009640991688,0.05129278428320205
0,2002-07-08,1307.819322707577,7.501402144602622,-0.032329022884368896,0.0815508361393551
0,2002-07-09,1334.1937795940714,7.442344991310883,0.02016674354672432,-0.05905715329173944
0,2002-07-10,1340.348417942082,7.421089839190702,0.0046130018308758736,-0.021255152120180476
0,2002-07-11,1358.659464361579,7.450460381041977,0.013661407865583897,0.029370541851275078
0,2002-07-12,1359.5354992251735,7.472683955498872,0.0006447788327932358,0.022223574456894823
0,2002-07-15,1353.7682227896582,7.553503052216784,-0.004242093302309513,0.08081909671791188
0,2002-07-16,1380.2846560854196,7.437090846097689,0.01958712935447693,-0.11641220611909464
0,2002-07-17,1420.6165479013778,7.337022458885344,0.029219981282949448,-0.10006838721234512
0,2002-07-18,1390.0775883579686,7.427758936208067,-0.021496975794434547,0.09073647732272327
0,2002-07-19,1418.6428665684666,7.485195471171271,0.020549412816762924,0.057436534963203556
0,2002-07-22,1380.3882847607038,7.567955836411078,-0.026965618133544922,0.08276036523980679
0,2002-07-23,1394.5447806105847,7.108229928143396,0.010255444794893265,-0.4597259082676821
0,2002-07-24,1460.2264683914996,7.043597032153484,0.04709901660680771,-0.06463289598991118
0,2002-07-25,1474.969520731541,6.985423909532953,0.01009641494601965,-0.05817312262053154
0,2002-07-26,1460.1875239471499,6.973081445773072,-0.010021899826824665,-0.012342463759880573
0,2002-07-29,1475.354164937867,7.004498889038145,0.010386776179075241,0.0314174432650729
0,2002-07-30,1475.649686638673,7.016299575303514,0.00020030559971928596,0.01180068626536901
0,2002-07-31,1490.8657991573184,7.138129653497751,0.01031146664172411,0.12183007819423697
0,2002-08-01,1480.934174702872,7.1350240080717535,-0.006661648862063885,-0.003105645425997672
0,2002-08-02,1501.1433845929917,7.257174386872221,0.013646258041262627,0.12215037880046786
0,2002-08-05,1503.5274007098762,7.381476073862616,0.0015881335129961371,0.12430168699039434
0,2002-08-06,1500.7182769407743,7.290986088801766,-0.0018683555535972118,-0.0904899850608496
0,2002-08-07,1506.5018404383688,7.169770819378737,0.0038538635708391666,-0.12121526942302907
0,2002-08-08,1523.451852858859,7.103323077146671,0.011251239106059074,-0.06644774223206618
0,2002-08-09,1530.9792449897645,6.989605931772298,0.004941010847687721,-0.11371714537437327
0,2002-08-12,1484.4354647291955,7.038304320454437,-0.030401313677430153,0.048698388682139715
0,2002-08-13,1530.4517965636364,6.98440128790349,0.030999213457107544,-0.05390303255094775
0,2002-08-14,1559.3947097907546,7.000712480201837,0.01891135238111019,0.016311192298346988
0,2002-08-15,1592.7903773648345,6.82473727847751,0.021415788680315018,-0.17597520172432635
0,2002-08-16,1574.8808125369287,6.7969692306976075,-0.011244144290685654,-0.027768047779902716
0,2002-08-19,1587.4367922760032,6.7715604512891945,0.007972653955221176,-0.025408779408413018
0,2002-08-20,1609.1011103765616,6.737712394312985,0.013647357933223248,-0.033848056976209406
0,2002-08-21,1604.8960977845736,6.782108885505743,-0.002613268094137311,0.04439649119275835
0,2002-08-22,1611.8414250361948,6.778642437912748,0.004327586852014065,-0.003466447592995081
0,2002-08-23,1627.5148607242802,6.5925978938184775,0.009723931550979614,-0.18604454409427085
0,2002-08-26,1634.1758921022413,6.541382832449859,0.004092762246727943,-0.05121506136861864
0,2002-08-27,1630.8716546045061,6.515635459518574,-0.0020219595171511173,-0.02574737293128493
0,2002-08-28,1662.71411212026,6.465413478057032,0.01952480897307396,-0.05022198146154189
0,2002-08-29,1677.5920472710282,6.351518298269629,0.008947981521487236,-0.11389517978740304
0,2002-08-30,1684.8968698718782,6.339596177785495,0.0043543498031795025,-0.011922120484133991
0,2002-09-03,1664.3460337205968,6.392807946041739,-0.012197088450193405,0.05321176825624363
0,2002-09-04,1669.4412158259386,6.387917071971958,0.0030613718554377556,-0.004890874069780615
0,2002-09-05,1670.431483810487,6.4053118413233525,0.0005931733176112175,0.0173947693513945
0,2002-09-06,1684.6141750471577,6.340906280790028,0.008490435779094696,-0.06440556053332447
0,2002-09-09,1715.2015666769678,6.363179267200775,0.018156912177801132,0.02227298641074693
0,2002-09-10,1708.4395077260272,6.368315053729861,-0.003942428156733513,0.005135786529086417
0,2002-09-11,1672.3202550668682,6.396199241777732,-0.021141663193702698,0.02788418804787085
0,2002-09-12,1651.5463765951108,6.454333666359957,-0.012422189116477966,0.0581344245822244
0,2002-09-13,1629.0817955890832,6.494274598846458,-0.013602149672806263,0.03994093248650099
0,2002-09-16,1610.3521720154665,6.523766923292646,-0.011497043073177338,0.029492324446188434
0,2002-09-17,1629.8452829211406,6.577132776383528,0.012104874476790428,0.05336585309088182
0,2002-09-18,1629.4466231446443,6.530302212807442,-0.00024459976702928543,-0.04683056357608617
0,2002-09-19,1648.835276542397,6.432028363142531,0.011898919008672237,-0.0982738496649107
0,2002-09-20,1672.6138704631176,6.5035976853162225,0.014421449042856693,0.0715693221736915
0,2002-09-23,1648.7243821478191,6.466985148963715,-0.014282727614045143,-0.03661253635250716
0,2002-09-24,1615.3503074347811,6.510352665800372,-0.02024236135184765,0.04336751683665696
0,2002-09-25,1598.4223272995634,6.688668048971887,-0.010479448363184929,0.17831538317151452
0,2002-09-26,1576.2631200594924,6.702327559653241,-0.013863174244761467,0.013659510681353737
0,2002-09-27,1568.8949297145366,6.697461920051466,-0.004674467258155346,-0.004865639601774774
0,2002-09-30,1532.7652523340673,6.69883391077758,-0.023028742522001266,0.0013719907261142694
0,2002-10-01,1497.5488834876803,6.753064789346523,-0.022975709289312363,0.054230878568943375
0,2002-10-02,1523.682728201867,6.751110996118062,0.017451079562306404,-0.0019537932284610093
0,2002-10-03,1498.126879896875,6.747026646279529,-0.016772421076893806,-0.004084349838533008
0,2002-10-04,1448.8332510901462,6.804737022635862,-0.032903507351875305,0.057710376356332915
0,2002-10-07,1412.9494578973759,6.9640680969789335,-0.024767372757196426,0.15933107434307114
0,2002-10-08,1372.9452676704661,7.058428508680207,-0.02831254154443741,0.09436041170127396
0,2002-10-09,1362.1488374338267,6.967404946395254,-0.00786370038986206,-0.09102356228495356
0,2002-10-10,1410.3834741583564,6.898539999548857,0.035410694777965546,-0.06886494684639644
0,2002-10-11,1407.161283925977,6.888732623943128,-0.0022846199572086334,-0.009807375605729085
0,2002-10-16,1401.2658052936772,6.78255012829961,-0.004189625382423401,-0.10618249564351867
0,2002-10-17,1453.5127578820004,6.749315277247287,0.037285540252923965,-0.033234851052323044
0,2002-10-18,1459.5894878495487,6.823967781873126,0.004180720075964928,0.07465250462583928
0,2002-10-21,1448.292913239232,6.866287833929336,-0.007739556021988392,0.042320052056210145
0,2002-10-22,1432.6052895959122,6.843224898364525,-0.0108318030834198,-0.02306293556481087
0,2002-10-23,1437.3466641573816,6.862955486939026,0.003309616819024086,0.019730588574501162
0,2002-10-24,1431.0062953481086,6.885264341370386,-0.004411161877214909,0.022308854431359215
0,2002-10-25,1421.7953084712346,6.86465280398725,-0.00643672002479434,-0.020611537383135925
0,2002-10-28,1433.2374295623497,6.881795635327792,0.008047657087445259,0.017142831340541953
0,2002-10-29,1419.5102888319216,6.9309827587400115,-0.009577715769410133,0.04918712341221987
0,2002-10-30,1388.233760700505,7.021371115663323,-0.022033322602510452,0.09038835692331126
0,2002-10-31,1368.9205365915486,6.998316466197194,-0.013912083581089973,-0.023054649466129007
0,2002-11-01,1389.5227492950023,6.900728349797221,0.015049969777464867,-0.09758811639997234
0,2002-11-04,1388.304930579459,6.8610060671201065,-0.0008764294907450676,-0.03972228267711486
0,2002-11-05,1397.958724485301,6.853318069483932,0.0069536552764475346,-0.007687997636174337
0,2002-11-06,1392.5795167197145,6.8049989539227225,-0.0038479017093777657,-0.04831911556120971
0,2002-11-07,1396.363137387266,6.797209594192849,0.0027169871609658003,-0.007789359729873269
0,2002-11-08,1407.7394149736508,6.765082367300141,0.008147076703608036,-0.032127226892708194
0,2002-11-13,1378.8482471382956,6.792102568697371,-0.02052309364080429,0.027020201397229826
0,2002-11-14,1398.770890791824,6.8568670890907,0.014448757283389568,0.06476452039332958
0,2002-11-15,1395.5078809520508,6.78437592201676,-0.0023327693343162537,-0.07249116707394077
0,2002-11-18,1378.822137617967,6.8230391053365755,-0.011956753209233284,0.038663183319815886
0,2002-11-19,1388.431967378159,6.858389757766488,0.0069695934653282166,0.03535065242991209
0,2002-11-20,1396.8963378755984,6.813181387768573,0.006096352357417345,-0.045208369997914666
0,2002-11-21,1407.6924949100764,6.823248951303881,0.007728674449026585,0.010067563535308466
0,2002-11-22,1393.6252835916714,6.887365441338961,-0.009993099607527256,0.06411649003507947
0,2002-11-25,1399.220109036899,6.980279963710378,0.004014583770185709,0.09291452237141673
0,2002-11-26,1395.3447486927307,7.014058837527726,-0.0027696574106812477,0.03377887381734812
0,2002-11-27,1414.3601215207261,6.881863177351251,0.013627723790705204,-0.13219566017647466
0,2002-11-29,1409.2564529080566,6.802253374781211,-0.003608464729040861,-0.07960980257004024
0,2002-12-02,1397.5160346999937,6.842675616988656,-0.008330930955708027,0.040422242207444725
0,2002-12-03,1374.1607589139837,6.896931893802084,-0.016711991280317307,0.054256276813428705
0,2002-12-04,1392.399724337716,6.839928790671093,0.013272803276777267,-0.05700310313099166
0,2002-12-05,1363.7490718933793,6.848208187745527,-0.02057645656168461,0.008279397074434591
0,2002-12-06,1387.055960411032,6.828552054438351,0.01709030568599701,-0.019656133307176304
0,2002-12-09,1359.4143954141148,6.832305412976932,-0.019928226247429848,0.00375335853858072
0,2002-12-10,1353.0820392195867,6.756895198141213,-0.004658150020986795,-0.07541021483571875
0,2002-12-11,1371.7094134602498,6.792368686900987,0.01376662589609623,0.03547348875977452
0,2002-12-12,1353.7088195302267,6.694561951476498,-0.013122745789587498,-0.09780673542448959
0,2002-12-13,1364.5070679274816,6.674537415759657,0.007976788096129894,-0.02002453571684093
0,2002-12-16,1341.8435912815762,6.588792196087859,-0.016609277576208115,-0.08574521967179827
0,2002-12-17,1319.586786088203,6.554854183806504,-0.01658673584461212,-0.033938012281354624
0,2002-12-18,1335.4909407365842,6.5813224150946645,0.012052374891936779,0.02646823128816056
0,2002-12-19,1362.3813298983089,6.542535104153153,0.02013520896434784,-0.03878731094151178
0,2002-12-20,1361.1306612927644,6.492515072268215,-0.0009180018678307533,-0.0500200318849382
0,2002-12-23,1357.4553409374353,6.513363479114044,-0.0027001965790987015,0.020848406845829004
0,2002-12-24,1375.3333516450864,6.495051616493368,0.013170238584280014,-0.018311862620675967
0,2002-12-26,1401.4169230700086,6.493689604190258,0.01896527223289013,-0.0013620123031099496
0,2002-12-27,1403.8302851482465,6.455122546393727,0.0017220871523022652,-0.03856705779653069
0,2002-12-30,1398.1535751969386,6.500458647851961,-0.0040437295101583,0.045336101458233635
0,2002-12-31,1390.4915669015834,6.58441444736817,-0.005480090621858835,0.08395579951620924
0,2003-01-02,1403.0325171668546,6.571626164789344,0.009019076824188232,-0.012788282578825694
0,2003-01-03,1407.0701736559108,6.53871887982813,0.002877806778997183,-0.03290728496121442
0,2003-01-06,1393.9497769904235,6.593281933110308,-0.00932462140917778,0.054563053282178586
0,2003-01-07,1381.3841526132837,6.644950898067394,-0.009014402516186237,0.05166896495708606
0,2003-01-08,1365.5525167229168,6.676732007697644,-0.011460704728960991,0.03178110963024938
0,2003-01-09,1347.0494400021269,6.686267353095144,-0.013549882918596268,0.00953534539750045
0,2003-01-10,1364.1861670449427,6.6911220636780016,0.012721676379442215,0.004854710582857358
0,2003-01-13,1359.7799465285802,6.692413607175342,-0.0032299261074513197,0.0012915434973406192
0,2003-01-14,1367.635775809158,6.697640065489621,0.00577727984637022,0.0052264583142784815
0,2003-01-15,1352.7923458395305,6.649604383189587,-0.010853350162506104,-0.048035682300033855
0,2003-01-16,1328.1237416949614,6.621271676180225,-0.01823532208800316,-0.028332707009361968
0,2003-01-17,1325.8949902235086,6.612819834997654,-0.001678120344877243,-0.008451841182570696
0,2003-01-21,1332.5476132609015,6.693306403547665,0.005017458461225033,0.08048656855001113
0,2003-01-22,1321.4653927721708,6.732027806392673,-0.008316566236317158,0.0387214028450078
0,2003-01-23,1334.6354540690963,6.668383484803983,0.00996625516563654,-0.06364432158868993
0,2003-01-24,1329.1149701256495,6.700367246276943,-0.0041363234631717205,0.03198376147295967
0,2003-01-27,1318.784160766362,6.703885727213081,-0.007772698067128658,0.0035184809361386016
0,2003-01-28,1309.8078498973484,6.733546601418613,-0.006806504912674427,0.029660874205531762
0,2003-01-29,1321.376179211603,6.746733297391334,0.008832081221044064,0.013186695972720486
0,2003-01-30,1316.2940625061467,6.751583730546222,-0.003846078645437956,0.004850433154888201
0,2003-01-31,1349.9847095773755,6.668474686401806,0.025595076382160187,-0.08310904414441556
0,2003-02-03,1344.9320875752346,6.746076339944765,-0.0037427253555506468,0.07760165354295889
0,2003-02-04,1343.4704311827254,6.688937399898797,-0.0010867882519960403,-0.05713894004596831
0,2003-02-05,1334.3731734097864,6.644783116819547,-0.006771461106836796,-0.04415428307924962
0,2003-02-06,1339.570507018966,6.629170708422212,0.003894962603226304,-0.015612408397335464
0,2003-02-07,1347.536076207005,6.615945354348047,0.005946360528469086,-0.013225354074164919
0,2003-02-10,1350.289796402245,6.6292564705085315,0.0020435224287211895,0.013311116160484637
0,2003-02-11,1348.9815483468537,6.705511996008724,-0.0009688646532595158,0.07625552550019243
0,2003-02-12,1339.2260245707525,6.652793575274316,-0.007231769617646933,-0.0527184207344078
0,2003-02-13,1347.3639185752686,6.722598445608525,0.006076565012335777,0.06980487033420868
0,2003-02-14,1360.8487618408035,6.650645838354436,0.010008315555751324,-0.07195260725408925
0,2003-02-18,1365.9965950210374,6.626745208614517,0.0037828106433153152,-0.023900629739918244
0,2003-02-19,1384.9466290122002,6.561143633700791,0.013872680254280567,-0.06560157491372642
0,2003-02-20,1399.4593821009148,6.570370754198078,0.01047892589122057,0.009227120497286911
0,2003-02-21,1396.828111242594,6.555562327118406,-0.0018802052363753319,-0.01480842707967156
0,2003-02-24,1393.4045560644065,6.519021206565935,-0.002450949512422085,-0.03654112055247083
0,2003-02-25,1399.357590310394,6.540745945022895,0.004272294230759144,0.021724738456959436
0,2003-02-26,1403.154445507505,6.595720786054489,0.002713284455239773,0.054974841031594224
0,2003-02-27,1413.391335211342,6.419407203318133,0.007295625749975443,-0.17631358273635644
0,2003-02-28,1398.7020706582061,6.287690234871862,-0.010392921045422554,-0.13171696844627068
0,2003-03-03,1416.1024841751082,6.260325666427525,0.012440400198101997,-0.027364568444337323
0,2003-03-04,1424.2510617052455,6.1921320077301285,0.0057542286813259125,-0.06819365869739613
0,2003-03-05,1453.2598605048981,6.219095694335678,0.020367756485939026,0.026963686605549597
0,2003-03-06,1455.2484783746195,6.321345357512449,0.0013683842262253165,0.10224966317677087
0,2003-03-07,1447.029973369089,6.2895849100131125,-0.005647492595016956,-0.031760447499336486
0,2003-03-10,1449.9724084210923,6.325348703615496,0.002033430617302656,0.03576379360238313
0,2003-03-11,1430.9541162612627,6.3416442239205715,-0.013116313144564629,0.01629552030507586
0,2003-03-12,1445.3287971634816,6.221225635383581,0.010045521892607212,-0.12041858853699061
0,2003-03-13,1464.756546649746,6.373448456334046,0.013441750779747963,0.15222282095046502
0,2003-03-14,1468.2459152416338,6.449163295903495,0.002382217440754175,0.07571483956944913
0,2003-03-17,1480.0830114638172,6.489549587353969,0.00806206651031971,0.04038629145047423
0,2003-03-18,1473.0795430400476,6.45982129963257,-0.004731807857751846,-0.029728287721399127
0,2003-03-19,1480.898829521313,6.4055054661164315,0.005308122374117374,-0.05431583351613867
0,2003-03-20,1508.244190802181,6.359126149647493,0.018465381115674973,-0.046379316468938114
0,2003-03-21,1525.6956634333412,6.369704725635653,0.011570720933377743,0.010578575988160033
0,2003-03-24,1536.6079204724629,6.331940296158574,0.007152315694838762,-0.03776442947707981
0,2003-03-25,1561.4766496963255,6.252836477849805,0.01618417352437973,-0.07910381830876823
0,2003-03-26,1558.6788614219074,6.183595031353431,-0.0017917579971253872,-0.06924144649637398
0,2003-03-27,1550.5757483642385,6.2394222887583295,-0.005198705941438675,0.055827257404898134
0,2003-03-28,1563.0463684527135,6.268513958701674,0.008042573928833008,0.029091669943344556
0,2003-03-31,1568.8743172816583,6.337059876123651,0.0037285834550857544,0.06854591742197691
0,2003-04-01,1551.689753366237,6.377359191896092,-0.01095343567430973,0.04029931577244117
0,2003-04-02,1583.5998302857597,6.376374387202458,0.0205647274851799,-0.000984804693634267
0,2003-04-03,1574.8723611811329,6.379173376142228,-0.005511158145964146,0.002798988939770375
0,2003-04-04,1569.7944874124755,6.318095790847829,-0.0032243081368505955,-0.06107758529439966
0,2003-04-07,1549.1116329537383,6.3245518717473965,-0.013175517320632935,0.006456080899567951
0,2003-04-08,1578.9927443804124,6.330098957888665,0.01928919181227684,0.005547086141268309
0,2003-04-09,1557.5559947774912,6.40118384893667,-0.01357621792703867,0.07108489104800508
0,2003-04-10,1564.4591369604511,6.439524532368103,0.004432034678757191,0.03834068343143304
0,2003-04-11,1595.5922725747705,6.436581844451663,0.019900254905223846,-0.0029426879164402564
0,2003-04-14,1595.396322135398,6.442073242010536,-0.00012280733790248632,0.005491397558873068
0,2003-04-15,1576.4144262915027,6.500141513784743,-0.0118979187682271,0.05806827177420715
0,2003-04-16,1591.7650304225856,6.5449453634783366,0.009737670421600342,0.044803849693593634
0,2003-04-17,1563.6895385463079,6.522632339979402,-0.017637962475419044,-0.022313023498934825
0,2003-04-21,1558.8099715968838,6.5699390795090205,-0.0031205471605062485,0.047306739529618724
0,2003-04-22,1593.6574146199293,6.5805375214484645,0.022355157881975174,0.010598441939444037
0,2003-04-23,1566.765908109786,6.640474369597597,-0.016874082386493683,0.05993684814913269
0,2003-04-24,1551.8547094179094,6.650223928303883,-0.009517183527350426,0.00974955870628591
0,2003-04-25,1556.9571522510694,6.624413136473593,0.003287964267656207,-0.025810791830290114
0,2003-04-28,1556.4413913138442,6.599006078468708,-0.00033126212656497955,-0.025407058004884853
0,2003-04-29,1525.545512506457,6.63296835005275,-0.01985033228993416,0.03396227158404219
0,2003-04-30,1526.0594963235212,6.671745335669026,0.00033691804856061935,0.03877698561627607
0,2003-05-01,1517.6859274075912,6.6265244075181196,-0.005487052723765373,-0.045220928150906836
0,2003-05-02,1515.0795867554054,6.635667867566578,-0.0017173122614622116,0.009143460048458785
0,2003-05-05,1537.1271165864393,6.528138308445671,0.014552060514688492,-0.10752955912090734
0,2003-05-06,1541.7681176929543,6.5528561955346145,0.0030192695558071136,0.024717887088943513
0,2003-05-07,1566.5700780101133,6.550984157857244,0.016086699441075325,-0.0018720376773702085
0,2003-05-08,1580.786443151193,6.45944488966761,0.009074835106730461,-0.0915392681896341
0,2003-05-09,1597.2067560397015,6.512072297890412,0.010387432761490345,0.05262740822280154
0,2003-05-12,1580.5402842451836,6.526846093508719,-0.010434761643409729,0.014773795618307162
0,2003-05-13,1576.5028938010032,6.530642948577011,-0.0025544369127601385,0.003796855068292082
0,2003-05-14,1545.8119492559763,6.5210013086844585,-0.019467737525701523,-0.009641639892552512
0,2003-05-15,1545.7189637302579,6.528584177044509,-6.015319377183914e-05,0.007582868360050732
0,2003-05-16,1515.367488815443,6.438199605725207,-0.01963583007454872,-0.09038457131930233
0,2003-05-19,1515.9275154819293,6.3741840143655475,0.0003695649211294949,-0.0640155913596594
0,2003-05-20,1493.0549210809381,6.427752015107551,-0.015088184736669064,0.053568000742003186
0,2003-05-21,1485.3544033588257,6.490594236624683,-0.005157558247447014,0.06284222151713248
0,2003-05-22,1485.6346652396046,6.578986122852634,0.00018868350889533758,0.08839188622795113
0,2003-05-23,1457.096008570028,6.58746732649232,-0.019209740683436394,0.008481203639685297
0,2003-05-27,1471.6405646672572,6.628858553433435,0.009981879033148289,0.04139122694111563
0,2003-05-28,1436.9569251850664,6.697184984075488,-0.023568009957671165,0.06832643064205257
0,2003-05-29,1415.3757756003845,6.742758173533863,-0.015018647536635399,0.045573189458375296
0,2003-05-30,1392.8141092674218,6.756195970776539,-0.015940407291054726,0.01343779724267602
0,2003-06-02,1408.1221070628746,6.8690135250485636,0.010990696959197521,0.11281755427202445
0,2003-06-03,1375.3620118682982,6.8885320910373,-0.023265095427632332,0.01951856598873647
0,2003-06-04,1371.9660503659702,6.940766790985966,-0.0024691401049494743,0.052234699948665586
0,2003-06-05,1383.1498686745274,6.923311807664879,0.008151672780513763,-0.017454983321086637
0,2003-06-06,1399.9505509494786,6.946447036871015,0.012146682478487492,0.023135229206135755
0,2003-06-09,1399.0225314935851,6.894231592172115,-0.0006628944538533688,-0.05221544469889938
0,2003-06-10,1388.1460989817267,6.937869396856867,-0.0077743083238601685,0.04363780468475209
0,2003-06-11,1365.327663042885,6.982349634183045,-0.016438065096735954,0.04448023732617745
0,2003-06-12,1339.2216465848605,6.946912171361116,-0.019120696932077408,-0.035437462821929167
0,2003-06-13,1362.882036113262,6.96612176499966,0.017667269334197044,0.019209593638544575
0,2003-06-16,1375.1111202839652,6.922156355112547,0.008972958661615849,-0.043965409887113616
0,2003-06-17,1372.3592416836673,6.924061085365023,-0.002001204527914524,0.0019047302524759502
0,2003-06-18,1381.1622330992532,6.931570578489099,0.006414494942873716,0.0075094931240764495
0,2003-06-19,1366.5197978825947,6.925702518699475,-0.010601531714200974,-0.005868059789624347
0,2003-06-20,1343.4163467607932,7.0084330663793954,-0.016906781122088432,0.08273054767992072
0,2003-06-23,1324.0425002738118,6.97369602499689,-0.014421327039599419,-0.03473704138250522
0,2003-06-24,1342.7042639815036,6.948275364354817,0.014094535261392593,-0.025420660642073045
0,2003-06-25,1341.9675054438353,6.904218848310659,-0.0005487124435603619,-0.044056516044157945
0,2003-06-26,1367.1618820927515,6.872097168768217,0.018774207681417465,-0.03212167954244194
0,2003-06-27,1380.0596779074594,6.817919765445287,0.009433993138372898,-0.05417740332292986
0,2003-06-30,1393.405554907768,6.70240422933018,0.009670507162809372,-0.11551553611510723
0,2003-07-01,1415.7385894290956,6.747683201669286,0.01602766290307045,0.04527897233910583
0,2003-07-02,1398.3759393675045,6.896891768326523,-0.01226402260363102,0.14920856665723736
0,2003-07-03,1389.704185670876,6.890574875159818,-0.006201303564012051,-0.006316893166705029
0,2003-07-07,1406.859100439682,6.806731483376252,0.012344292365014553,-0.08384339178356637
0,2003-07-08,1406.8172792281873,6.698501933833499,-2.9726652428507805e-05,-0.10822954954275321
0,2003-07-09,1405.163624166425,6.715449900699465,-0.0011754583101719618,0.016947966865966002
0,2003-07-10,1395.0329402144512,6.701192252053747,-0.007209611590951681,-0.014257648645718213
0,2003-07-11,1411.8464547639946,6.716342297169916,0.012052414007484913,0.015150045116169686
0,2003-07-14,1424.491680353731,6.673883695667526,0.008956516161561012,-0.04245860150239
0,2003-07-15,1442.472440451768,6.690788076883842,0.01262257993221283,0.016904381216315656
0,2003-07-16,1444.9957214580122,6.6296186994022746,0.0017492750193923712,-0.061169377481567366
0,2003-07-17,1444.6646793331004,6.574083271229976,-0.00022909557446837425,-0.055535428172298396
0,2003-07-18,1440.6463473979911,6.582506529782733,-0.0027814980130642653,0.008423258552756607
0,2003-07-21,1421.3802502625833,6.585192061547014,-0.013373231515288353,0.0026855317642811016
0,2003-07-22,1430.6456702130436,6.616743734192866,0.006518607493489981,0.031551672645852236
0,2003-07-23,1434.6951118061615,6.567368869399452,0.002830499317497015,-0.04937486479341402
0,2003-07-24,1437.175961390691,6.613887679484868,0.0017291824333369732,0.04651881008541636
0,2003-07-25,1436.7243320145885,6.604788784895668,-0.0003142477944493294,-0.009098894589200768
0,2003-07-28,1418.0890078096027,6.606888928556277,-0.012970702722668648,0.0021001436606091772
0,2003-07-29,1417.5706294323118,6.582284032862123,-0.0003655471373349428,-0.024604895694153583
0,2003-07-30,1390.9648196510454,6.645496932682387,-0.018768595531582832,0.06321289982026368
0,2003-07-31,1412.1837968653326,6.634843682756421,0.015254862606525421,-0.010653249925965724
0,2003-08-01,1410.835674848012,6.620274049153378,-0.0009546363726258278,-0.014569633603043641
0,2003-08-04,1443.102428152475,6.570678862579725,0.022870667278766632,-0.04959518657365258
0,2003-08-05,1429.1527179657987,6.581476599045158,-0.009666472673416138,0.010797736465432806
0,2003-08-06,1409.9318564433588,6.631684284994969,-0.013449130579829216,0.050207685949811065
0,2003-08-07,1405.055850827236,6.6209748362688945,-0.0034583271481096745,-0.010709448726074378
0,2003-08-08,1412.2853857081518,6.591987926967613,0.00514537189155817,-0.028986909301281116
0,2003-08-11,1410.7351587101512,6.5607303504407595,-0.0010976726189255714,-0.0312575765268539
0,2003-08-12,1415.5554793901802,6.6138356195736865,0.003416885621845722,0.05310526913292701
0,2003-08-13,1428.6766481275283,6.61705277763931,0.009269271977245808,0.0032171580656239485
0,2003-08-14,1438.3759927780266,6.554677528706847,0.006789041217416525,-0.06237524893246338
0,2003-08-15,1412.555192914439,6.663647865849317,-0.01795135624706745,0.10897033714246973
0,2003-08-18,1426.973197972151,6.673880844918762,0.01020703837275505,0.010232979069445314
0,2003-08-19,1424.1979231153755,6.740496403688076,-0.0019448682432994246,0.06661555876931402
0,2003-08-20,1428.579784738652,6.665958882164626,0.003076722379773855,-0.0745375215234505
0,2003-08-21,1443.261001526993,6.666772433131917,0.010276791639626026,0.0008135509672912988
0,2003-08-22,1446.3993119590189,6.685988642861839,0.0021744580008089542,0.01921620972992244
0,2003-08-25,1428.146660319475,6.6472631131219515,-0.012619372457265854,-0.038725529739887854
0,2003-08-26,1443.7588222789877,6.5860823485491045,0.010931763797998428,-0.061180764572847046
0,2003-08-27,1443.8349736574032,6.563413480318135,5.274522118270397e-05,-0.022668868230969252
0,2003-08-28,1438.2907823023997,6.60569907012561,-0.0038399065379053354,0.042285589807474544
0,2003-08-29,1458.901740588528,6.750441668714746,0.014330174773931503,0.1447425985891364
0,2003-09-02,1438.9007200220278,6.795440453208695,-0.013709641993045807,0.04499878449394856
0,2003-09-03,1460.2346081432981,6.661162374761432,0.01482651848345995,-0.13427807844726303
0,2003-09-04,1459.9515985819062,6.528178669932246,-0.00019381102174520493,-0.13298370482918553
0,2003-09-05,1459.240992748032,6.502025369456204,-0.00048673246055841446,-0.02615330047604214
0,2003-09-08,1450.9876395202093,6.336721039355993,-0.005655921995639801,-0.16530433010021106
0,2003-09-09,1458.4621658525655,6.353573830538404,0.0051513370126485825,0.01685279118241123
0,2003-09-10,1465.2264575792688,6.360207904900283,0.004637961741536856,0.0066340743618784614
0,2003-09-11,1445.7797584584146,6.400804541917257,-0.013272145763039589,0.040596637016974135
0,2003-09-12,1417.8642323889999,6.346479197320851,-0.019308283925056458,-0.05432534459640603
0,2003-09-15,1441.012279860923,6.290028415934835,0.016325997188687325,-0.056450781386015336
0,2003-09-16,1452.901133031035,6.4120908173070035,0.008250348269939423,0.12206240137216806
0,2003-09-17,1439.618951396655,6.491632353482276,-0.009141834452748299,0.07954153617527293
0,2003-09-18,1422.291357943194,6.476676640895141,-0.012036236003041267,-0.014955712587135572
0,2003-09-19,1419.2194468280557,6.583294302272736,-0.0021598325110971928,0.10661766137759532
0,2003-09-22,1377.2116059466416,6.623756293840132,-0.029599256813526154,0.04046199156739583
0,2003-09-23,1401.543541150765,6.675686747441033,0.017667535692453384,0.051930453600901316
0,2003-09-24,1363.4831555311123,6.695593861335909,-0.027156049385666847,0.01990711389487565
0,2003-09-25,1352.8448887904292,6.702876968908764,-0.007802272215485573,0.0072831075728547745
0,2003-09-26,1355.502959138786,6.658375795007767,0.001964800525456667,-0.04450117390099706
0,2003-09-29,1368.7322789422349,6.641172167036181,0.009759712964296341,-0.017203627971585256
0,2003-09-30,1397.2862134995462,6.6376770217862955,0.020861592143774033,-0.0034951452498859226
0,2003-10-01,1429.0178874299595,6.499600639742569,0.022709501907229424,-0.1380763820437263
0,2003-10-02,1427.8136878073663,6.3202244736684685,-0.0008426763815805316,-0.17937616607410067
0,2003-10-03,1435.807845808334,6.301937632304468,0.005598880350589752,-0.018286841364000495
0,2003-10-06,1444.4026162333694,6.3286797261187,0.005986017175018787,0.026742093814232426
0,2003-10-07,1450.2358666595433,6.163797197353441,0.004038521088659763,-0.16488252876525955
0,2003-10-08,1480.913272130042,6.084467471032558,0.021153390407562256,-0.07932972632088298
0,2003-10-09,1469.492071689954,5.966796153719983,-0.007712268270552158,-0.11767131731257496
0,2003-10-10,1470.3730755898137,6.045422877244339,0.0005995295359753072,0.07862672352435585
0,2003-10-15,1463.495892185553,6.042106424307737,-0.004677169024944305,-0.003316452936601877
0,2003-10-16,1459.1801615687687,5.958559805589482,-0.0029489188455045223,-0.08354661871825453
0,2003-10-17,1459.1858335590584,5.930337685695844,3.8871075958013535e-06,-0.028222119893638542
0,2003-10-20,1467.508368598147,5.869036486155974,0.005703547038137913,-0.06130119953987023
0,2003-10-21,1466.395886622011,5.838274223066156,-0.000758075388148427,-0.030762263089817665
0,2003-10-22,1465.422664184225,5.87701811509949,-0.0006636832840740681,0.038743892033333616
0,2003-10-23,1464.085720759222,5.853640733970531,-0.000912326155230403,-0.023377381128958596
0,2003-10-24,1468.2942322686374,5.822245746174913,0.0028744980227202177,-0.031394987795618334
0,2003-10-27,1481.625365125016,5.841644407489601,0.009079333394765854,0.019398661314688148
0,2003-10-28,1479.899840047007,5.8415181385275945,-0.0011646163184195757,-0.0001262689620062929
0,2003-10-29,1472.0864593202764,5.890282442587731,-0.005279668606817722,0.04876430406013643
0,2003-10-30,1474.1282203988578,5.986663537127134,0.001386984484270215,0.09638109453940302
0,2003-10-31,1484.4061642981408,6.015097057857699,0.00697221839800477,0.028433520730565043
0,2003-11-03,1471.1795477611556,5.885226689460308,-0.008910375647246838,-0.1298703683973912
0,2003-11-04,1482.9353202688753,5.81869973118724,0.00799071229994297,-0.06652695827306765
0,2003-11-05,1498.1595933895348,5.827957637346527,0.010266309604048729,0.00925790615928701
0,2003-11-06,1503.1889237907965,5.7617122358561765,0.0033570057712495327,-0.06624540149035063
0,2003-11-07,1504.7987614398357,5.784875752076293,0.0010709483176469803,0.023163516220116698
0,2003-11-10,1499.7781035133169,5.711882002125178,-0.003336431458592415,-0.07299374995111485
0,2003-11-13,1501.1296230414341,5.7723507383356045,0.0009011463262140751,0.060468736210426144
0,2003-11-14,1493.5273470463203,5.75858111935901,-0.005064370110630989,-0.013769618976594344
0,2003-11-17,1470.8478471845976,5.745843914254696,-0.015185192227363586,-0.01273720510431442
0,2003-11-18,1463.8253462446821,5.7341417608618075,-0.004774457775056362,-0.01170215339288827
0,2003-11-19,1479.345339501893,5.712787377797981,0.010602353140711784,-0.021354383063826532
0,2003-11-20,1499.3132492408577,5.599519706649199,0.013497801497578621,-0.11326767114878233
0,2003-11-21,1509.2637046697944,5.486701605148874,0.006636675447225571,-0.11281810150032445
0,2003-11-24,1520.9036081784752,5.427753643788817,0.00771230598911643,-0.0589479613600572
0,2003-11-25,1521.831994551693,5.455909666570111,0.0006104176281951368,0.028156022781294254
0,2003-11-26,1513.937387207665,5.402195535688863,-0.005187568254768848,-0.05371413088124832
0,2003-11-28,1536.011473011331,5.391637572330907,0.014580580405890942,-0.010557963357955558
0,2003-12-01,1522.9548197385977,5.407221741645946,-0.008500361815094948,0.01558416931503892
0,2003-12-02,1546.6089128734268,5.4485068591814505,0.015531710349023342,0.041285117535504234
0,2003-12-03,1575.3261625266712,5.402921562669812,0.018567880615592003,-0.04558529651163834
0,2003-12-04,1573.4702659959203,5.453674651513528,-0.001178103033453226,0.050753088843715766
0,2003-12-05,1559.2763658625693,5.589739162240065,-0.009020761586725712,0.1360645107265368
0,2003-12-08,1583.3452849860646,5.605493585781822,0.015435954555869102,0.01575442354175749
0,2003-12-09,1609.2467284018244,5.634472375254299,0.01635868288576603,0.028978789472477118
0,2003-12-10,1592.9464658646148,5.682612848639881,-0.010129125788807869,0.04814047338558147
0,2003-12-11,1582.6962687285152,5.652774347030301,-0.006434740498661995,-0.02983850160957946
0,2003-12-12,1610.2666924314967,5.626720868855173,0.017419908195734024,-0.026053478175128042
0,2003-12-15,1647.4222997547915,5.473537671822401,0.0230741947889328,-0.1531831970327726
0,2003-12-16,1627.869068581117,5.5089916171389905,-0.011868985369801521,0.03545394531658985
0,2003-12-17,1608.9921066105337,5.486679231452389,-0.011596118099987507,-0.02231238568660121
0,2003-12-18,1619.870048242516,5.464163820222423,0.006760717835277319,-0.02251541122996592
0,2003-12-19,1618.961492892403,5.452109560352659,-0.0005608816281892359,-0.012054259869764827
0,2003-12-22,1645.026285364072,5.452216949002079,0.016099698841571808,0.00010738864942005932
0,2003-12-23,1653.5757945138787,5.381715837800926,0.005197186954319477,-0.07050111120115243
0,2003-12-24,1652.0043798459121,5.40136586975609,-0.0009503130568191409,0.01965003195516335
0,2003-12-26,1621.8299512239585,5.399205774560894,-0.018265344202518463,-0.002160095195195666
0,2003-12-29,1619.8797672327657,5.36762521773778,-0.00120245898142457,-0.03158055682311378
0,2003-12-30,1586.3550384873054,5.367908404521467,-0.02069581300020218,0.00028318678368677297
0,2003-12-31,1589.0796777528133,5.348813490484858,0.0017175469547510147,-0.019094914036609012
0,2004-01-02,1554.7768078443712,5.417825412721217,-0.021586626768112183,0.06901192223635899
0,2004-01-05,1563.9097319228986,5.449798339988221,0.00587410619482398,0.03197292726700418
0,2004-01-06,1558.0428177110336,5.481477841150384,-0.0037514404393732548,0.03167950116216289
0,2004-01-07,1553.3830098982164,5.425479889862403,-0.0029908085707575083,-0.05599795128798135
0,2004-01-08,1578.807645644,5.4275627840963985,0.016367267817258835,0.00208289423399588
0,2004-01-09,1601.7364095451258,5.398813955175713,0.014522835612297058,-0.0287488289206852
0,2004-01-12,1600.0894084643512,5.379317546812284,-0.001028259750455618,-0.019496408363429474
0,2004-01-13,1572.2036768954,5.377151460877136,-0.017427608370780945,-0.002166085935147777
0,2004-01-14,1603.4046145421923,5.329570041355296,0.019845353439450264,-0.047581419521839585
0,2004-01-15,1648.3440896828888,5.331781786048394,0.028027532622218132,0.0022117446930973728
0,2004-01-16,1662.7655976268995,5.305758567004536,0.008749088272452354,-0.02602321904385807
0,2004-01-20,1636.0520207760794,5.299469947055582,-0.016065750271081924,-0.006288619948954022
0,2004-01-21,1656.838064939531,5.28508807316892,0.0127050019800663,-0.0143818738866619
0,2004-01-22,1698.2361800299927,5.269320460851639,0.02498621679842472,-0.015767612317280744
0,2004-01-23,1681.7180863071696,5.235193667979966,-0.009726617485284805,-0.03412679287167286
0,2004-01-26,1671.1528984026747,5.2135847565537,-0.006282377522438765,-0.02160891142626653
0,2004-01-27,1703.3263050510652,5.1995467794824615,0.019252222031354904,-0.014037977071238217
0,2004-01-28,1689.7073385659571,5.124482444621455,-0.007995512336492538,-0.07506433486100672
0,2004-01-29,1706.5254467588893,5.135411757704387,0.009953266941010952,0.01092931308293199
0,2004-01-30,1694.3094080726667,5.158281357592893,-0.007158427499234676,0.02286959988850601
0,2004-02-02,1687.5687872047147,5.145611551151612,-0.003978388383984566,-0.012669806441280684
0,2004-02-03,1676.8608455732153,5.155977886045179,-0.006345188245177269,0.010366334893566531
0,2004-02-04,1713.9532243239846,5.1886343209066785,0.022120129317045212,0.03265643486149994
0,2004-02-05,1701.4934381413336,5.197042842812895,-0.007269618567079306,0.008408521906216215
0,2004-02-06,1701.8455937102297,5.208482323778277,0.00020696851424872875,0.011439480965382387
0,2004-02-09,1699.5561640348903,5.15162877113596,-0.0013452628627419472,-0.05685355264231706
0,2004-02-10,1690.060264259303,5.1784898319182755,-0.005587282124906778,0.026861060782315427
0,2004-02-11,1695.9037391403729,5.222529348573587,0.0034575541503727436,0.04403951665531114
0,2004-02-12,1687.2751892437057,5.182509355274433,-0.005087877158075571,-0.040019993299154066
0,2004-02-13,1679.7054698348477,5.153384684656396,-0.00448635732755065,-0.02912467061803614
0,2004-02-17,1673.046832000298,5.175426052775395,-0.003964169882237911,0.02204136811899815
0,2004-02-18,1657.96243341574,5.134399915866652,-0.009016124531626701,-0.04102613690874257
0,2004-02-19,1657.7203887445253,5.144560153808851,-0.00014598923735320568,0.010160237942199224
0,2004-02-20,1669.0318463860285,5.138093674899063,0.0068235015496611595,-0.006466478909787909
0,2004-02-23,1663.8749393847997,5.108246093021571,-0.00308975949883461,-0.029847581877492146
0,2004-02-24,1667.1187607224474,5.112678657229282,0.0019495583837851882,0.004432564207711209
0,2004-02-25,1667.3122558786868,5.101711774944105,0.0001160656102001667,-0.01096688228517717
0,2004-02-26,1679.0622950483591,5.170432587176743,0.007047293707728386,0.06872081223263748
0,2004-02-27,1724.9664109954235,5.197885019478835,0.027339138090610504,0.027452432302092156
0,2004-03-01,1718.6135952773636,5.183555340081976,-0.0036828634329140186,-0.014329679396858808
0,2004-03-02,1704.6418958237375,5.198693828942602,-0.008129633963108063,0.015138488860626076
0,2004-03-03,1716.113904036059,5.198170885673448,0.006729864049702883,-0.0005229432691544744
0,2004-03-04,1717.7230577610044,5.182783422283586,0.0009376730304211378,-0.015387463389862077
0,2004-03-05,1728.7178056500995,5.188724050522384,0.006400768645107746,0.005940628238798595
0,2004-03-08,1750.6863111144326,5.18792776287574,0.012707976624369621,-0.0007962876466445223
0,2004-03-09,1722.6847919593254,5.178535438585286,-0.015994595363736153,-0.009392324290453224
0,2004-03-10,1711.428572315676,5.188851418941883,-0.006534114480018616,0.0103159803565962
0,2004-03-11,1700.1679902648525,5.192850976334729,-0.006579638924449682,0.003999557392845965
0,2004-03-12,1697.4768251237,5.1997068406222535,-0.0015828819014132023,0.006855864287524938
0,2004-03-15,1705.87828248414,5.096489170020644,0.004949379712343216,-0.10321767060160969
0,2004-03-16,1704.557849757037,5.025640854237084,-0.0007740486180409789,-0.07084831578355999
0,2004-03-17,1705.0583466773116,5.004613326762457,0.000293622724711895,-0.021027527474626773
0,2004-03-18,1712.9891157750103,4.970910823979419,0.004651318304240704,-0.03370250278303821
0,2004-03-19,1729.6842525843877,5.006179640332731,0.00974620133638382,0.03526881635331236
0,2004-03-22,1744.3956469179998,4.936624657095688,0.008505248464643955,-0.06955498323704301
0,2004-03-23,1765.7042449266394,4.927067630647851,0.01221546158194542,-0.009557026447836847
0,2004-03-24,1790.6482258766791,4.955427287189861,0.014126930385828018,0.028359656542009226
0,2004-03-25,1801.9145766739039,4.862827661643446,0.006291772238910198,-0.09259962554641454
0,2004-03-26,1794.0032782402907,4.79882469365693,-0.004390495829284191,-0.06400296798651617
0,2004-03-29,1786.0091228890337,4.72572467950898,-0.004456042777746916,-0.07310001414794964
0,2004-03-30,1794.8343356313906,4.79460170918866,0.0049413032829761505,0.06887702967967968
0,2004-03-31,1806.831335370668,4.783453731533577,0.006684182211756706,-0.011147977655083352
0,2004-04-01,1788.211478223322,4.821549418125078,-0.010305254720151424,0.0380956865915012
0,2004-04-02,1787.5179999518018,4.8244417701933155,-0.0003878055140376091,0.0028923520682377912
0,2004-04-05,1797.1304235133653,4.783202012967092,0.0053775254637002945,-0.04123975722622397
0,2004-04-06,1816.8536897035112,4.821365320264356,0.010974866338074207,0.038163307297264026
0,2004-04-07,1860.2141879210938,4.850071968755082,0.023865707218647003,0.028706648490726572
0,2004-04-08,1878.7025102624625,4.857980718075491,0.009938813745975494,0.007908749320408859
0,2004-04-12,1911.1234078091056,4.887846994304636,0.017257068306207657,0.029866276229144617
0,2004-04-13,1916.6413685835112,4.862094218114767,0.00288728647865355,-0.025752776189868598
0,2004-04-14,1906.9120230736053,4.910053782935169,-0.00507624726742506,0.047959564820401646
0,2004-04-15,1899.8869216718515,4.926250109591693,-0.0036840196698904037,0.01619632665652393
0,2004-04-16,1866.9221400887166,4.928179260236156,-0.01735091768205166,0.0019291506444636397
0,2004-04-19,1856.5361771024673,4.904125623263356,-0.0055631473660469055,-0.024053636972800163
0,2004-04-20,1880.033794828461,4.8962931313194655,0.012656698003411293,-0.007832491943890574
0,2004-04-21,1873.4728344495422,4.961844805598642,-0.0034898098092526197,0.06555167427917663
0,2004-04-22,1906.4931462220115,4.966070645784889,0.01762518845498562,0.004225840186246721
0,2004-04-23,1895.136372595848,4.919485910858068,-0.0059568919241428375,-0.046584734926820914
0,2004-04-26,1936.540713080617,4.924305977997489,0.021847683936357498,0.004820067139420736
0,2004-04-27,1907.6246567278788,4.927943293425577,-0.014931809157133102,0.003637315428088428
0,2004-04-28,1917.3378473326911,4.904514362088063,0.0050917724147439,-0.02342893133751378
0,2004-04-29,1867.378615569143,4.884097017116942,-0.02605656161904335,-0.020417344971121132
0,2004-04-30,1823.8702355653845,4.848193394065316,-0.02329917438328266,-0.03590362305162653
0,2004-05-03,1863.8888334239743,4.8003116883239265,0.02194158174097538,-0.04788170574138917
0,2004-05-04,1840.5654707211659,4.783140831074711,-0.012513279914855957,-0.017170857249215743
0,2004-05-05,1804.738127780331,4.812421068632926,-0.019465399906039238,0.02928023755821485
0,2004-05-06,1831.8553234233266,4.895408264356103,0.015025557018816471,0.08298719572317736
0,2004-05-07,1819.8641272485531,4.858923749775976,-0.006545929703861475,-0.03648451458012669
0,2004-05-10,1874.423976008188,4.901445978802807,0.02998017705976963,0.04252222902683034
0,2004-05-11,1845.254412259368,4.867776813905086,-0.015561881475150585,-0.03366916489772098
0,2004-05-12,1875.1669126248366,4.898565835241542,0.01621050201356411,0.030789021336456557
0,2004-05-13,1876.9565514990818,4.9002919353945495,0.0009543891064822674,0.0017261001530073372
0,2004-05-14,1852.1912204578002,4.83090846079925,-0.013194408267736435,-0.06938347459529925
0,2004-05-17,1837.9703683402122,4.779150808824031,-0.007677853107452393,-0.05175765197521898
0,2004-05-18,1818.6886225679639,4.756505183820007,-0.010490781627595425,-0.02264562500402434
0,2004-05-19,1852.460163375819,4.751998402087036,0.01856917142868042,-0.0045067817329709214
0,2004-05-20,1879.9393414098406,4.74890379584972,0.014833883382380009,-0.0030946062373162775
0,2004-05-21,1894.4031857195293,4.769107622476688,0.007693782448768616,0.02020382662696818
0,2004-05-24,1935.577289936843,4.762193403680456,0.021734604611992836,-0.006914218796231886
0,2004-05-25,1918.000800189642,4.78845931623971,-0.009080748073756695,0.026265912559254367
0,2004-05-26,1951.7428665834925,4.802787096919119,0.017592310905456543,0.014327780679408875
0,2004-05-27,1905.0506924351535,4.799908653951843,-0.023923322558403015,-0.002878442967276129
0,2004-05-28,1914.9171834466695,4.780337314837967,0.005179122556000948,-0.01957133911387654
0,2004-06-01,1935.2125835178856,4.8189541210201625,0.010598578490316868,0.03861680618219587
0,2004-06-02,1902.546851128303,4.818974954484139,-0.01687966100871563,2.0833463976188682e-05
0,2004-06-03,1909.7948160219019,4.886324189231407,0.003809611778706312,0.06734923474726795
0,2004-06-04,1890.5605270207104,4.893765217095985,-0.010071390308439732,0.007441027864578231
0,2004-06-07,1861.2279670164103,4.881614516231758,-0.015515271574258804,-0.012150700864227204
0,2004-06-08,1874.3608690172364,4.8806217444229425,0.007056041620671749,-0.000992771808815185
0,2004-06-09,1829.9100891616263,4.866394193207091,-0.023715166375041008,-0.01422755121585162
0,2004-06-10,1862.4743996456964,4.984576430587339,0.017795579507946968,0.11818223738024791
0,2004-06-14,1884.8173659947672,5.015151679196196,0.01199638843536377,0.030575248608856853
0,2004-06-15,1926.8546936351208,5.004982057238825,0.022303130477666855,-0.010169621957370367
0,2004-06-16,1911.5891004710186,5.021613714296978,-0.007922545075416565,0.01663165705815306
0,2004-06-17,1883.2235673304217,4.998850526460643,-0.014838718809187412,-0.02276318783633524
0,2004-06-18,1893.2370418821367,5.03717386825629,0.005317199043929577,0.038323341795647003
0,2004-06-21,1868.8969215447623,5.09006500100215,-0.01285635121166706,0.052891132745860325
0,2004-06-22,1923.9752814170818,5.099012603741811,0.029471052810549736,0.008947602739660887
0,2004-06-23,1876.153128815534,5.210590458006123,-0.024855908006429672,0.11157785426431133
0,2004-06-24,1851.842811194662,5.222132188097028,-0.012957533821463585,0.011541730090905311
0,2004-06-25,1866.4445498822508,5.1973605986061155,0.007884977385401726,-0.024771589490912405
0,2004-06-28,1845.712367473467,5.18632324034192,-0.011107848025858402,-0.011037358264195163
0,2004-06-29,1834.2177333846555,5.193958226664254,-0.006227749399840832,0.0076349863223335035
0,2004-06-30,1848.3388789502708,5.157619788181984,0.007698729168623686,-0.03633843848226981
0,2004-07-01,1877.7891156111239,5.1644737707576605,0.015933353453874588,0.006853982575676376
0,2004-07-02,1836.5053203089092,5.1456576171319,-0.02198532037436962,-0.01881615362576028
0,2004-07-06,1816.6694477374442,5.056728698361025,-0.010800879448652267,-0.0889289187708755
0,2004-07-07,1787.9178660843256,5.019426010729506,-0.01582653447985649,-0.03730268763151834
0,2004-07-08,1776.4912446995415,4.873247174717866,-0.0063910214230418205,-0.14617883601164028
0,2004-07-09,1754.2592590778488,4.8549347196513475,-0.012514548376202583,-0.018312455066518574
0,2004-07-12,1780.8449383232128,4.898110583603682,0.01515493169426918,0.043175863952334304
0,2004-07-13,1827.5035736198927,5.049166475091468,0.026200279593467712,0.1510558914877862
0,2004-07-14,1891.4496283423432,5.065148675065261,0.034990932792425156,0.015982199973793243
0,2004-07-15,1898.6415109792372,5.030249339878224,0.0038023125380277634,-0.03489933518703747
0,2004-07-16,1876.1429425911122,5.000740610023371,-0.011849824339151382,-0.029508729854852866
0,2004-07-19,1873.7436845522257,4.9679770569577215,-0.0012788247549906373,-0.032763553065649376
0,2004-07-20,1869.1973561850132,4.921437579191588,-0.0024263341911137104,-0.04653947776613343
0,2004-07-21,1840.52669685202,4.969376252704174,-0.01533848699182272,0.04793867351258552
0,2004-07-22,1841.1025474029534,4.96433785979845,0.0003128726966679096,-0.005038392905723832
0,2004-07-23,1819.3369968110487,4.940089339605159,-0.011822019703686237,-0.024248520193291156
0,2004-07-26,1788.642376608885,4.975843518814008,-0.016871321946382523,0.03575417920884938
0,2004-07-27,1806.447692025979,5.060648755106364,0.009954653680324554,0.0848052362923557
0,2004-07-28,1843.3914748356494,5.082041303146328,0.02045106701552868,0.021392548039964154
0,2004-07-29,1842.271607060513,5.007969065544048,-0.0006075040437281132,-0.07407223760228021
0,2004-07-30,1801.364681839568,4.95564306444437,-0.02220461145043373,-0.052326001099677555
0,2004-08-02,1818.0289679140524,5.000934203057852,0.009250923059880733,0.04529113861348222
0,2004-08-03,1829.8285127565375,4.970933116715726,0.00649029528722167,-0.030001086342126726
0,2004-08-04,1846.1794310015623,4.969808036996806,0.008935765363276005,-0.0011250797189195083
0,2004-08-05,1834.2821071013427,5.016953574188385,-0.006444294471293688,0.04714553719157877
0,2004-08-06,1850.7481802260181,4.956313864858416,0.008976848796010017,-0.060639709329969094
0,2004-08-09,1825.2847422022755,4.910742763606404,-0.013758456334471703,-0.045571101252011914
0,2004-08-10,1823.1954178316544,4.87962339778705,-0.001144656678661704,-0.031119365819353817
0,2004-08-11,1825.7757925830936,4.868522167128218,0.0014153034426271915,-0.011101230658831618
0,2004-08-12,1817.432951358362,4.858192607757525,-0.004569477401673794,-0.010329559370693353
0,2004-08-13,1839.3898531287484,4.8549660227522855,0.012081271968781948,-0.003226585005239535
0,2004-08-16,1876.3219442848742,4.863588959688502,0.020078446716070175,0.008622936936216519
0,2004-08-17,1868.7173575545696,4.861044802756239,-0.0040529221296310425,-0.002544156932263064
0,2004-08-18,1893.1420909947817,4.8747410330601015,0.013070319779217243,0.013696230303862578
0,2004-08-19,1873.408007411827,4.868586515686608,-0.010423984378576279,-0.0061545173734938174
0,2004-08-20,1873.0549787591926,4.868863586278463,-0.0001884419471025467,0.00027707059185555494
0,2004-08-23,1853.7472850786762,4.86706279136922,-0.010308129712939262,-0.0018007949092435638
0,2004-08-24,1804.5727743722325,4.7965026275169835,-0.026527084410190582,-0.07056016385223618
0,2004-08-25,1808.3262391154028,4.754977836036393,0.0020799741614609957,-0.041524791480590295
0,2004-08-26,1787.9656543486751,4.662156547305807,-0.011259353719651699,-0.09282128873058593
0,2004-08-27,1764.8882196639322,4.647029256774273,-0.012907090596854687,-0.015127290531534499
0,2004-08-30,1762.2125038301092,4.670971546565871,-0.0015160823240876198,0.023942289791598625
0,2004-08-31,1781.6289347041388,4.722577235428906,0.011018211953341961,0.051605688863034516
0,2004-09-01,1771.1356602003589,4.671851059593623,-0.005889708176255226,-0.05072617583528327
0,2004-09-02,1726.5075710284664,4.579717902318946,-0.02519744262099266,-0.09213315727467641
0,2004-09-03,1666.3492378853248,4.548604802358643,-0.034843944013118744,-0.031113099960303536
0,2004-09-07,1675.6529481635775,4.535274023684618,0.005583289545029402,-0.013330778674024657
0,2004-09-08,1726.5576420487328,4.562896626119848,0.030379019677639008,0.027622602435229737
0,2004-09-09,1706.2072118345052,4.6071782874953975,-0.011786707676947117,0.044281661375549675
0,2004-09-10,1701.2228126781172,4.596078899145185,-0.002921332838013768,-0.01109938835021218
0,2004-09-13,1730.6489835600216,4.552138542356672,0.01729707047343254,-0.04394035678851349
0,2004-09-14,1706.1401962483196,4.511545893378924,-0.014161616563796997,-0.04059264897774817
0,2004-09-15,1707.4314348290213,4.554872530486489,0.0007568185683339834,0.04332663710756535
0,2004-09-16,1700.159634505266,4.463300016644431,-0.004258912056684494,-0.091572513842058
0,2004-09-17,1692.0615387271876,4.383025870752799,-0.004763138480484486,-0.08027414589163229
0,2004-09-20,1692.7774197618025,4.305703283120279,0.0004230821505188942,-0.07732258763252009
0,2004-09-21,1703.1504020812863,4.271127064506588,0.006127788685262203,-0.0345762186136902
0,2004-09-22,1726.4371398067544,4.233884958940616,0.013672742992639542,-0.03724210556597285
0,2004-09-23,1712.856199318273,4.189162365086151,-0.007866455242037773,-0.04472259385446442
0,2004-09-24,1722.041067604963,4.173895330259702,0.005362311378121376,-0.015267034826448977
0,2004-09-27,1754.685235983303,4.2203831007054475,0.01895667240023613,0.04648777044574537
0,2004-09-28,1748.1839203917052,4.207067959236716,-0.003705117851495743,-0.013315141468731362
0,2004-09-29,1770.52555701922,4.186052483654485,0.01277991198003292,-0.021015475582231602
0,2004-09-30,1763.9795341013419,4.16806561866394,-0.0036972202360630035,-0.017986864990544582
0,2004-10-01,1785.8638156552645,4.191455165035031,0.012406199239194393,0.023389546371091363
0,2004-10-04,1803.768040480439,4.2383923130657095,0.010025526396930218,0.046937148030678166
0,2004-10-05,1820.3926558981473,4.25621777290385,0.009216603823006153,0.017825459838140212
0,2004-10-06,1829.1094353658084,4.210948284673972,0.004788406193256378,-0.045269488229878085
0,2004-10-07,1842.4787267204154,4.155468391868375,0.007309180684387684,-0.05547989280559662
0,2004-10-08,1844.6840931699512,4.161498645132189,0.0011969562619924545,0.006030253263814345
0,2004-10-13,1848.37936585407,4.173901674021255,0.0020032008178532124,0.012403028889065304
0,2004-10-14,1840.3560050697636,4.175760585262014,-0.004340754356235266,0.001858911240759653
0,2004-10-15,1826.8053464837162,4.122533871837125,-0.007363063748925924,-0.05322671342488938
0,2004-10-18,1809.993996975798,4.093128785108025,-0.009202594868838787,-0.029405086729100027
0,2004-10-19,1810.715345549861,4.083670307756635,0.0003985364455729723,-0.009458477351389938
0,2004-10-20,1802.8139020339524,4.159739671940342,-0.004363713786005974,0.07606936418370669
0,2004-10-21,1786.9499238756184,4.157479805623711,-0.008799565024673939,-0.0022598663166304434
0,2004-10-22,1799.6398612830412,4.138581679876823,0.007101451046764851,-0.01889812574688854
0,2004-10-25,1820.0152766406904,4.056515155365206,0.011321940459311008,-0.08206652451161656
0,2004-10-26,1820.3264355169672,4.084383977561577,0.00017096498049795628,0.027868822196371212
0,2004-10-27,1809.6336854129615,4.044889072682156,-0.0058740838430821896,-0.03949490487942153
0,2004-10-28,1808.9337967771755,4.028011073219804,-0.0003867570776492357,-0.016877999462352022
0,2004-10-29,1827.9925516603237,4.010552264764772,0.01053590513765812,-0.017458808455032226
0,2004-11-01,1820.4336593550133,4.037361300896728,-0.00413507828488946,0.026809036131956177
0,2004-11-02,1816.5673852804898,4.072461591378287,-0.002123820362612605,0.035100290481559604
0,2004-11-03,1841.099337179757,4.148562874704537,0.013504564762115479,0.07610128332624999
0,2004-11-04,1839.0933835221524,4.036792222225475,-0.0010895412415266037,-0.1117706524790627
0,2004-11-05,1833.4567514630537,4.05621738350458,-0.003064897144213319,0.01942516127910565
0,2004-11-08,1809.6678160283025,4.013160046033245,-0.012974909506738186,-0.043057337471335444
0,2004-11-09,1803.2175988855754,3.8993212695992097,-0.0035643100272864103,-0.11383877643403517
0,2004-11-10,1801.9970096519598,3.8226606407844237,-0.0006768951425328851,-0.07666062881478597
0,2004-11-15,1745.6711100467605,3.7559361806733365,-0.03125748783349991,-0.06672446011108724
0,2004-11-16,1754.11382672463,3.8074559957860283,0.004836373031139374,0.05151981511269188
0,2004-11-17,1777.4321406161973,3.879563549571666,0.013293500989675522,0.07210755378563771
0,2004-11-18,1787.4552978964093,3.860957657234387,0.0056391223333776,-0.018605892337279162
0,2004-11-19,1798.07240209148,3.862615884464745,0.00593978725373745,0.0016582272303580226
0,2004-11-22,1802.1025384846716,3.8466982052011702,0.002241364913061261,-0.01591767926357468
0,2004-11-23,1803.7307473792227,3.8598224830167567,0.0009035051334649324,0.01312427781558645
0,2004-11-24,1811.1415678612566,3.907265037715559,0.0041086068376898766,0.04744255469880221
0,2004-11-26,1834.447516704881,3.8948865428417525,0.01286809891462326,-0.012378494873806378
0,2004-11-29,1814.495571900529,3.867714511767107,-0.010876269079744816,-0.02717203107464572
0,2004-11-30,1823.2235487903808,3.906277423803234,0.004810139536857605,0.03856291203612727
0,2004-12-01,1787.7380217142104,3.9063814477965124,-0.01946306973695755,0.0001040239932783571
0,2004-12-02,1818.6895226837112,3.8931965990678115,0.017313219606876373,-0.01318484872870096
0,2004-12-03,1829.17020334562,3.912383686476503,0.005762765184044838,0.01918708740869146
0,2004-12-06,1789.276425703072,3.8324577928762698,-0.021809767931699753,-0.07992589360023317
0,2004-12-07,1808.8130317840453,3.986811498359218,0.01091871876269579,0.15435370548294847
0,2004-12-08,1840.6217872698603,3.9773941332850278,0.017585430294275284,-0.009417365074190442
0,2004-12-09,1822.5747659213475,3.9215309358902264,-0.009804850444197655,-0.05586319739480139
0,2004-12-10,1818.0492630418867,3.9059532226267724,-0.0024830272886902094,-0.01557771326345403
0,2004-12-13,1831.732170221363,3.833912906909737,0.007526147644966841,-0.07204031571703551
0,2004-12-14,1798.2772512438298,3.8303135191765807,-0.01826408877968788,-0.0035993877331561563
0,2004-12-15,1766.7950494133856,3.7234796653146622,-0.01750686764717102,-0.10683385386191846
0,2004-12-16,1807.9555812377837,3.76267377890836,0.023296721279621124,0.03919411359369773
0,2004-12-17,1784.6358125229212,3.6803081734112597,-0.012898419052362442,-0.08236560549710026
0,2004-12-20,1813.402452818824,3.6596460290930706,0.016119053587317467,-0.020662144318189135
0,2004-12-21,1794.3685621480424,3.641554290968628,-0.0104962307959795,-0.018091738124442536
0,2004-12-22,1846.3829359458055,3.6787356911134914,0.028987564146518707,0.037181400144863375
0,2004-12-23,1824.3254604432584,3.596209426365919,-0.011946316808462143,-0.08252626474757241
0,2004-12-27,1807.7944687225997,3.578224528091144,-0.009061426855623722,-0.017984898274774785
0,2004-12-28,1759.6588970798568,3.5052893152631555,-0.02662668377161026,-0.07293521282798876
0,2004-12-29,1736.2527366921247,3.4859588036466866,-0.013301532715559006,-0.019330511616468815
0,2004-12-30,1722.2755895662897,3.4849502939565755,-0.008050180040299892,-0.0010085096901111257
0,2004-12-31,1712.6957803012365,3.474017479142464,-0.005562297534197569,-0.01093281481411168
0,2005-01-03,1705.2051495748217,3.494922026261571,-0.004373590927571058,0.020904547119107164
0,2005-01-04,1720.4750170686043,3.5497259202187905,0.008954856544733047,0.05480389395721952
0,2005-01-05,1694.955862442947,3.492728755114702,-0.014832621440291405,-0.05699716510408859
0,2005-01-06,1671.033943812582,3.472804778230813,-0.014113593846559525,-0.019923976883888805
0,2005-01-07,1688.7618230727412,3.5224164751797944,0.01060892827808857,0.049611696948981265
0,2005-01-10,1688.293101792035,3.4907320010454908,-0.0002775532193481922,-0.03168447413430364
0,2005-01-11,1630.3151641947377,3.3671285682519683,-0.03434115648269653,-0.12360343279352248
0,2005-01-12,1628.3664524300657,3.3519382156475412,-0.0011952975764870644,-0.015190352604427027
0,2005-01-13,1633.6717630490675,3.3245647134473164,0.003258056938648224,-0.02737350220022483
0,2005-01-14,1635.3235444407549,3.3037858969718763,0.0010110852308571339,-0.02077881647544011
0,2005-01-18,1642.5591694678208,3.2876749721337992,0.004424583166837692,-0.01611092483807708
0,2005-01-19,1693.4343297578343,3.38689353200748,0.030973106622695923,0.09921855987368078
0,2005-01-20,1690.085403223796,3.3929188409938806,-0.001977594569325447,0.006025308986400635
0,2005-01-21,1681.8012411421778,3.3938643005805655,-0.0049016233533620834,0.0009454595866849047
0,2005-01-24,1708.3062922054696,3.4191383668858615,0.015759918838739395,0.02527406630529594
0,2005-01-25,1720.272208577903,3.4001210654757354,0.007004549726843834,-0.01901730141012603
0,2005-01-26,1734.5576468231855,3.3961551400537364,0.00830417312681675,-0.003965925421999028
0,2005-01-27,1779.4162160457142,3.458013285540643,0.025861676782369614,0.06185814548690649
0,2005-01-28,1788.665444213288,3.4409979735081437,0.0051979003474116325,-0.017015312032499175
0,2005-01-31,1781.9108515075927,3.417895145327452,-0.003776330966502428,-0.02310282818069176
0,2005-02-01,1766.2731906162803,3.446832024626817,-0.008775781840085983,0.02893687929936517
0,2005-02-02,1789.3158675582363,3.5393620507823327,0.013045930303633213,0.09253002615551553
0,2005-02-03,1783.200878387034,3.522846513595064,-0.003417501226067543,-0.016515537187268503
0,2005-02-04,1771.795109897311,3.530158018704317,-0.006396233104169369,0.007311505109252714
0,2005-02-07,1778.6805610855222,3.560680232583444,0.0038861441425979137,0.030522213879127236
0,2005-02-08,1776.6682960767234,3.579753070770783,-0.0011313245631754398,0.01907283818733907
0,2005-02-09,1769.6317607411477,3.532689255750042,-0.003960522823035717,-0.047063815020741195
0,2005-02-10,1767.7027318614812,3.597289702110317,-0.0010900736087933183,0.06460044636027495
0,2005-02-11,1730.4823483650364,3.62881316140657,-0.021055793389678,0.031523459296253
0,2005-02-14,1735.131597967221,3.6048114267306115,0.002686678431928158,-0.024001734675958453
0,2005-02-15,1699.7992049635272,3.513754096990522,-0.02036294713616371,-0.09105732974008962
0,2005-02-16,1672.7325978611893,3.4706331424370025,-0.01592341437935829,-0.043120954553519386
0,2005-02-17,1701.5291732466724,3.4462199573592383,0.017215289175510406,-0.024413185077764243
0,2005-02-18,1675.5699394233638,3.4099159216646897,-0.01525641418993473,-0.03630403569454854
0,2005-02-22,1650.3404859238678,3.3996938843975633,-0.015057236887514591,-0.01022203726712645
0,2005-02-23,1697.018129478212,3.4304024773453974,0.02828364446759224,0.030708592947834124
0,2005-02-24,1686.9492598005452,3.314673783460111,-0.00593327172100544,-0.1157286938852864
0,2005-02-25,1703.8682116294317,3.3476535198641386,0.010029318742454052,0.032979736404027626
0,2005-02-28,1719.554794814352,3.362095942697414,0.009206453338265419,0.014442422833275348
0,2005-03-01,1778.8225434771934,3.444843584848196,0.03446691483259201,0.08274764215078223
0,2005-03-02,1784.6922320778594,3.4126596093798116,0.0032997606322169304,-0.032183975468384585
0,2005-03-03,1752.6022257930265,3.3926268435042455,-0.01798069477081299,-0.020032765875566128
0,2005-03-04,1772.168401543777,3.403336321472918,0.011164071038365364,0.010709477968672498
0,2005-03-07,1741.8895593821894,3.3723618759104834,-0.017085758969187737,-0.03097444556243456
0,2005-03-08,1750.5103228385624,3.424212867422423,0.004949087277054787,0.051850991511939615
0,2005-03-09,1715.5767701292418,3.383519195624018,-0.019956210628151894,-0.040693671798404996
0,2005-03-10,1719.6399463282098,3.3714134269387768,0.002368402434512973,-0.01210576868524127
0,2005-03-11,1739.2927034155825,3.431734387762185,0.011428413912653923,0.06032096082340832
0,2005-03-14,1754.1355200202559,3.4564691715571723,0.008533823303878307,0.02473478379498717
0,2005-03-15,1736.3091819789063,3.4341674063107495,-0.010162463411688805,-0.0223017652464228
0,2005-03-16,1751.6933461390627,3.467534922071058,0.008860267698764801,0.033367515760308386
0,2005-03-17,1736.348586456562,3.497771457149435,-0.008759957738220692,0.03023653507837709
0,2005-03-18,1743.7007029645313,3.497227543635626,0.004234239924699068,-0.0005439135138090023
0,2005-03-21,1724.985233653319,3.4499831703182466,-0.010733189061284065,-0.047244373317379296
0,2005-03-22,1709.1890071028695,3.4418701671785743,-0.009157311171293259,-0.008113003139672337
0,2005-03-23,1683.0822885118985,3.3855542404021555,-0.015274330973625183,-0.056315926776418834
0,2005-03-24,1701.7276685886752,3.414166798265326,0.011078115552663803,0.02861255786317063
0,2005-03-28,1695.264354673943,3.3830887792291144,-0.0037980894558131695,-0.031078019036211657
0,2005-03-29,1679.5767601608518,3.366722972175984,-0.009253774769604206,-0.01636580705313051
0,2005-03-30,1627.0019704386455,3.294853059699796,-0.031302403658628464,-0.0718699124761879
0,2005-03-31,1630.8452147362887,3.308987609693533,0.00236216327175498,0.014134549993737089
0,2005-04-01,1641.3362382441442,3.2600162751409845,0.00643287505954504,-0.04897133455254865
0,2005-04-04,1669.9245878771192,3.3017868283185527,0.017417728900909424,0.04177055317756828
0,2005-04-05,1670.618092037951,3.257841535356548,0.0004152907058596611,-0.04394529296200478
0,2005-04-06,1697.7104104789428,3.2870834280793586,0.01621694304049015,0.029241892722810636
0,2005-04-07,1709.64111518451,3.2958619630108013,0.007027526386082172,0.00877853493144265
0,2005-04-08,1691.200593840035,3.309633568883713,-0.01078619435429573,0.013771605872911596
0,2005-04-11,1664.9905887858592,3.2244062954820882,-0.01549786888062954,-0.08522727340162461
0,2005-04-12,1635.6410850348987,3.1401312319818224,-0.017627429217100143,-0.08427506350026581
0,2005-04-13,1641.9967746503762,3.1667072258931714,0.003885748330503702,0.026575993911349016
0,2005-04-14,1688.022278645274,3.3430865260345195,0.02803020365536213,0.17637930014134806
0,2005-04-15,1682.2329194679103,3.330785705505531,-0.003429669886827469,-0.01230082052898851
0,2005-04-18,1662.8494880505357,3.3327687504390493,-0.011522442102432251,0.0019830449335183076
0,2005-04-19,1714.4007575766461,3.3592701204080484,0.03100176528096199,0.0265013699689991
0,2005-04-20,1671.209878086952,3.3105734663160087,-0.02519298903644085,-0.048696654092039715
0,2005-04-21,1680.5172167688029,3.339019766153935,0.005569221917539835,0.028446299837926237
0,2005-04-22,1689.2387833036246,3.340582039375513,0.0051898108795285225,0.0015622732215780921
0,2005-04-25,1718.8444212241343,3.36222729410843,0.01752602308988571,0.021645254732916897
0,2005-04-26,1722.212475890453,3.3079697029802504,0.001959487795829773,-0.054257591128179516
0,2005-04-27,1711.5036916093286,3.295432642737719,-0.0062180389650166035,-0.012537060242531428
0,2005-04-28,1714.3662393933466,3.295214611828231,0.001672533806413412,-0.00021803090948813164
0,2005-04-29,1702.6312360925613,3.258076787823295,-0.006845097057521343,-0.037137824004935815
0,2005-05-02,1704.549487377209,3.2445807254920513,0.001126639312133193,-0.013496062331243674
0,2005-05-03,1686.9974358127354,3.2440392483676406,-0.010297179222106934,-0.0005414771244107719
0,2005-05-04,1729.359567239413,3.284705828264154,0.025110963732004166,0.040666579896513344
0,2005-05-05,1729.403652352814,3.328647608940947,2.5492161512374878e-05,0.04394178067679322
0,2005-05-06,1736.4422475472559,3.2574778969202516,0.004069955088198185,-0.07116971202069555
0,2005-05-09,1708.3376118662418,3.1853940028620897,-0.016185183078050613,-0.07208389405816185
0,2005-05-10,1733.8590416327424,3.242751912891616,0.014939336106181145,0.05735791002952606
0,2005-05-11,1732.846207427876,3.26644491183276,-0.0005841502570547163,0.023692998941144072
0,2005-05-12,1707.1066987685376,3.2736339729080224,-0.014853890985250473,0.007189061075262515
0,2005-05-13,1658.595283962837,3.0869811034316808,-0.028417330235242844,-0.18665286947634163
0,2005-05-16,1603.934870420848,3.04585650044169,-0.032955847680568695,-0.041124602989990766
0,2005-05-17,1599.3779099924602,3.0327097784810357,-0.0028411131352186203,-0.01314672196065425
0,2005-05-18,1621.8012562544225,3.0899325467353926,0.0140200424939394,0.057222768254356904
0,2005-05-19,1609.826980844521,3.057735024163319,-0.007383318617939949,-0.032197522572073645
0,2005-05-20,1633.5779500170327,3.066138520397258,0.014753740280866623,0.008403496233939212
0,2005-05-23,1667.6585722316697,3.1079641043120994,0.020862562581896782,0.04182558391484115
0,2005-05-24,1689.0827812249038,3.1667700161561205,0.012846879661083221,0.058805911844021175
0,2005-05-25,1669.443469944984,3.098197079605637,-0.011627204716205597,-0.06857293655048347
0,2005-05-26,1673.7233636089632,3.0760516703548335,0.002563664922490716,-0.02214540925080355
0,2005-05-27,1682.2553742947441,3.0971173536300474,0.005097622983157635,0.021065683275213853
0,2005-05-31,1682.8430581362552,3.1156596780106125,0.00034934282302856445,0.018542324380565134
0,2005-06-01,1689.482976581628,3.0514416000988143,0.0039456551894545555,-0.06421807791179823
0,2005-06-02,1703.22581014972,3.045785916155122,0.008134342730045319,-0.005655683943692313
0,2005-06-03,1695.7242429302414,2.992535659895965,-0.004404329229146242,-0.0532502562591568
0,2005-06-06,1696.123241789076,3.014371288030042,0.00023529701866209507,0.021835628134077023
0,2005-06-07,1691.8609724690623,3.038634161313355,-0.002512947889044881,0.024262873283313002
0,2005-06-08,1710.93927632098,3.000346018390828,0.011276519857347012,-0.038288142922527246
0,2005-06-09,1696.5916756629488,2.877131858170583,-0.008385803550481796,-0.123214160220245
0,2005-06-10,1712.4801331725562,2.909320734015787,0.009364927187561989,0.032188875845204024
0,2005-06-13,1694.5859838006395,2.8760191131909116,-0.010449259541928768,-0.03330162082487531
0,2005-06-14,1684.6320361936368,2.857741484749017,-0.0058739702217280865,-0.018277628441894844
0,2005-06-15,1703.629859868691,2.9197893160013275,0.011277135461568832,0.062047831252310726
0,2005-06-16,1686.887982864769,2.8413583131029396,-0.009827179834246635,-0.07843100289838789
0,2005-06-17,1674.754775651375,2.832967519850242,-0.007192657329142094,-0.008390793252697648
0,2005-06-20,1682.8660167620938,2.8608957582755323,0.004843241069465876,0.027928238425290353
0,2005-06-21,1664.0410214846868,2.8924879688515395,-0.011186270974576473,0.03159221057600714
0,2005-06-22,1684.8178279002577,2.8916334350219173,0.012485753744840622,-0.0008545338296221949
0,2005-06-23,1657.800600568414,2.846651723881041,-0.016035696491599083,-0.044981711140876346
0,2005-06-24,1644.8054755402245,2.7384259259175,-0.007838774472475052,-0.10822579796354104
0,2005-06-27,1593.5078246526066,2.67508526678954,-0.031187670305371284,-0.06334065912795994
0,2005-06-28,1604.7816351671952,2.6955787519220613,0.007074838504195213,0.02049348513252136
0,2005-06-29,1605.5635946058082,2.7231947460748955,0.00048726843670010567,0.027615994152834222
0,2005-06-30,1608.535737126795,2.7279193955280094,0.0018511521629989147,0.004724649453113905
0,2005-07-01,1645.2365357430144,2.704808881267957,0.022816278040409088,-0.023110514260052284
0,2005-07-05,1666.5929718028278,2.788071562148143,0.012980769388377666,0.08326268088018596
0,2005-07-06,1655.276862153894,2.731124188056496,-0.006789966020733118,-0.056947374091647074
0,2005-07-07,1646.2004957063375,2.6521401587477476,-0.005483292043209076,-0.07898402930874848
0,2005-07-08,1630.4013457890037,2.6248764477958995,-0.00959734246134758,-0.027263710951848097
0,2005-07-11,1664.7812456728473,2.6095220488265416,0.02108677104115486,-0.015354398969357863
0,2005-07-12,1650.389005700549,2.5986245946913304,-0.008645123802125454,-0.010897454135211149
0,2005-07-13,1677.4386317413755,2.6009530669785947,0.01638984866440296,0.0023284722872642938
0,2005-07-14,1707.932700176323,2.6414792998669543,0.018178947269916534,0.04052623288835955
0,2005-07-15,1746.3631280335621,2.7065290995893565,0.022501137107610703,0.06504979972240221
0,2005-07-18,1753.4236234247228,2.683257247412269,0.004042970947921276,-0.023271852177087382
0,2005-07-19,1776.6990993741285,2.6682597742326406,0.013274302706122398,-0.014997473179628518
0,2005-07-20,1792.9722481945723,2.684037807481337,0.009159203618764877,0.01577803324869631
0,2005-07-21,1795.7481101424682,2.656212206401141,0.0015481901355087757,-0.027825601080195828
0,2005-07-22,1770.9488012960396,2.607977481194071,-0.01381001528352499,-0.048234725207070284
0,2005-07-25,1779.8914211191363,2.5335225474234138,0.005049620755016804,-0.07445493377065704
0,2005-07-26,1742.7166117754339,2.4439998520993282,-0.020885998383164406,-0.08952269532408552
0,2005-07-27,1752.3547958192546,2.456882921580929,0.005530551541596651,0.012883069481600895
0,2005-07-28,1693.889345004481,2.4164547614363983,-0.033363934606313705,-0.04042816014453088
0,2005-07-29,1711.3178219677254,2.472417317573658,0.010289029218256474,0.05596255613725987
0,2005-08-01,1716.3124619903156,2.4713348941539146,0.0029185928869992495,-0.0010824234197435167
0,2005-08-02,1730.9491470529936,2.48453445393065,0.008527983911335468,0.01319955977673537
0,2005-08-03,1747.4094211675203,2.5388251509379645,0.009509392082691193,0.05429069700731448
0,2005-08-04,1751.4834141828019,2.5543868772371447,0.002331447321921587,0.01556172629918029
0,2005-08-05,1769.5974139699567,2.575805028332434,0.010342090390622616,0.02141815109528933
0,2005-08-08,1740.2918105495066,2.5026412710088346,-0.01656060479581356,-0.07316375732359948
0,2005-08-09,1750.7422115693325,2.528603773238831,0.006004970520734787,0.02596250222999652
0,2005-08-10,1740.084472733112,2.4779342163759948,-0.00608755461871624,-0.05066955686283636
0,2005-08-11,1729.1967505626294,2.4708721017024153,-0.006257007829844952,-0.007062114673579423
0,2005-08-12,1763.039057869521,2.558709549363177,0.01957111433148384,0.08783744766076174
0,2005-08-15,1786.1898457412537,2.53417957977432,0.01313118264079094,-0.024529969588857004
0,2005-08-16,1784.2825701395163,2.499076032991915,-0.0010677899699658155,-0.035103546782405015
0,2005-08-17,1766.8113071671016,2.4579732834557433,-0.00979175791144371,-0.04110274953617177
0,2005-08-18,1760.746395481601,2.4442478178458993,-0.0034326878376305103,-0.013725465609844001
0,2005-08-19,1732.5788924561218,2.415794521907726,-0.015997478738427162,-0.028453295938173362
0,2005-08-22,1706.0309184367466,2.3768398557602417,-0.015322808176279068,-0.03895466614748422
0,2005-08-23,1684.967530728118,2.337610637881517,-0.012346427887678146,-0.039229217878724576
0,2005-08-24,1667.7871304414782,2.30724918010895,-0.010196279734373093,-0.030361457772567046
0,2005-08-25,1649.5128174374217,2.275995999831669,-0.010957221500575542,-0.03125318027728108
0,2005-08-26,1621.7948151640805,2.226211877560576,-0.01680375076830387,-0.04978412227109308
0,2005-08-29,1649.8169574470462,2.2576075742304287,0.017278475686907768,0.03139569666985276
0,2005-08-30,1633.1578232676372,2.2366934145098196,-0.0100975651293993,-0.02091415972060906
0,2005-08-31,1657.4082455999612,2.2570923075249483,0.014848792925477028,0.02039889301512865
0,2005-09-01,1645.0923582649568,2.283285169668307,-0.007430810946971178,0.02619286214335892
0,2005-09-02,1621.8014206411472,2.286082081618792,-0.01415782980620861,0.002796911950484926
0,2005-09-06,1604.7299453315018,2.2807825774888144,-0.010526242665946484,-0.005299504129977706
0,2005-09-07,1612.485241636833,2.2831614238995024,0.004832773469388485,0.0023788464106879736
0,2005-09-08,1642.4198303106646,2.211281028331543,0.0185642559081316,-0.07188039556795944
0,2005-09-09,1622.9501383524964,2.170200192929214,-0.011854272335767746,-0.0410808354023291
0,2005-09-12,1599.7186760637414,2.101889761435563,-0.014314341358840466,-0.0683104314936509
0,2005-09-13,1600.6001713442424,2.1220378003726945,0.0005510314367711544,0.020148038937131574
0,2005-09-14,1621.0173232195057,2.1529034563697182,0.012755935080349445,0.030865655997023733
0,2005-09-15,1614.3642272135428,2.1199573219292613,-0.004104271996766329,-0.03294613444045691
0,2005-09-16,1601.461197901281,2.088362682898663,-0.007992638275027275,-0.03159463903059834
0,2005-09-19,1612.5247436017012,2.085725601393277,0.0069084069691598415,-0.0026370815053859964
0,2005-09-20,1627.0635275715713,2.1042784823260687,0.009016161784529686,0.018552880932791727
0,2005-09-21,1641.3207433568975,2.1457100489178647,0.008762544021010399,0.04143156659179592
0,2005-09-22,1622.5080607157886,2.0745585140018887,-0.01146191731095314,-0.07115153491597592
0,2005-09-23,1630.8288810826966,2.089156257878705,0.005128369200974703,0.014597743876816338
0,2005-09-26,1645.6111956921432,2.117050693061117,0.009064295329153538,0.027894435182411748
0,2005-09-27,1640.429407809534,2.0901656279044674,-0.0031488530803471804,-0.026885065156649457
0,2005-09-28,1650.2974407919016,2.015594915285013,0.006015518214553595,-0.07457071261945458
0,2005-09-29,1636.0041085112061,1.9457437168796992,-0.008661064319312572,-0.06985119840531362
0,2005-09-30,1663.8254497391003,2.021485871155366,0.017005667090415955,0.07574215427566666
0,2005-10-03,1667.6997152000254,1.994360102908952,0.0023285287898033857,-0.027125768246413884
0,2005-10-04,1656.249987668462,1.985952655496189,-0.006865581031888723,-0.008407447412762892
0,2005-10-05,1658.316376750385,1.9957637118176643,0.0012476311530917883,0.009811056321475276
0,2005-10-06,1660.0649922124967,2.002604872863758,0.0010544522665441036,0.006841161046093669
0,2005-10-07,1666.4638745033399,1.9424149809894673,0.0038545974530279636,-0.06018989187429069
0,2005-10-12,1669.3071039073416,1.942343290699744,0.0017061452381312847,-7.169028972331404e-05
0,2005-10-13,1681.7184310461132,2.002500262780717,0.007435017265379429,0.06015697208097315
0,2005-10-14,1669.3096923459618,1.961675937221378,-0.007378606591373682,-0.040824325559339236
0,2005-10-17,1661.8017960995485,1.9583481517884043,-0.004497605375945568,-0.003327785432973629
0,2005-10-18,1647.4393114783943,1.9504983960332503,-0.008642718195915222,-0.007849755755154009
0,2005-10-19,1691.4845102893844,2.015775055230872,0.02673555165529251,0.06527665919762171
0,2005-10-20,1674.7881526789051,1.9620654349505449,-0.009870830923318863,-0.05370962028032711
0,2005-10-21,1653.1634213048176,1.907126714696557,-0.012911920435726643,-0.05493872025398794
0,2005-10-24,1666.951494281233,1.9370801460733695,0.00834041740745306,0.02995343137681261
0,2005-10-25,1662.8882312333112,1.9355851874617642,-0.0024375412613153458,-0.0014949586116053126
0,2005-10-26,1602.5165364811705,1.831760428242343,-0.036305323243141174,-0.10382475921942125
0,2005-10-27,1598.4435106345977,1.8075484276711766,-0.0025416435673832893,-0.024212000571166348
0,2005-10-28,1627.4884187536059,1.8143664028129383,0.01817074418067932,0.006817975141761634
0,2005-10-31,1684.8247016667233,1.9002281692175613,0.035229917615652084,0.08586176640462306
0,2005-11-01,1656.956034338201,1.8629070183044811,-0.01654098927974701,-0.03732115091308019
0,2005-11-02,1668.066268009808,1.8961993627681952,0.006705207284539938,0.033292344463714096
0,2005-11-03,1650.0602445289926,1.8588862083533144,-0.010794549249112606,-0.03731315441488081
0,2005-11-04,1651.448728356487,1.8560536235857712,0.0008414746262133121,-0.0028325847675432225
0,2005-11-07,1634.7277161127402,1.8166110436614369,-0.010125056840479374,-0.03944257992433431
0,2005-11-08,1675.0497457904482,1.8805920650710026,0.024665899574756622,0.06398102140956574
0,2005-11-09,1671.3620974507303,1.8566551134095055,-0.0022015157155692577,-0.02393695166149712
0,2005-11-10,1680.5178319216768,1.8522332051360944,0.005478007718920708,-0.004421908273411157
0,2005-11-15,1728.3609260670453,1.916551128602881,0.028469257056713104,0.06431792346678655
0,2005-11-16,1728.3747329389691,1.9265175917420985,7.988419383764267e-06,0.009966463139217563
0,2005-11-17,1723.1319392925498,1.9102372404090844,-0.003033366287127137,-0.016280351333014087
0,2005-11-18,1719.2009318771961,1.8951220916333709,-0.002281315391883254,-0.015115148775713516
0,2005-11-21,1711.6728383150694,1.8966944172702056,-0.0043788328766822815,0.0015723256368347371
0,2005-11-22,1690.6298448631587,1.8394136803495995,-0.012293817475438118,-0.05728073692060609
0,2005-11-23,1673.689518228571,1.8223360820002088,-0.010020127519965172,-0.01707759834939071
0,2005-11-25,1682.0335104850074,1.8039135104040265,0.004985388368368149,-0.018422571596182324
0,2005-11-28,1677.25760294298,1.7867768180236934,-0.0028393652755767107,-0.017136692380333107
0,2005-11-29,1675.2717495756888,1.820920625344342,-0.001183988293632865,0.03414380732064859
0,2005-11-30,1657.244443237693,1.7867224700945434,-0.010760825127363205,-0.03419815524979852
0,2005-12-01,1665.2980782111563,1.7905129697920141,0.0048596542328596115,0.003790499697470695
0,2005-12-02,1691.1274489925593,1.8075267930290244,0.015510358847677708,0.017013823237010284
0,2005-12-05,1705.0896169235361,1.8302158835689244,0.008256129920482635,0.02268909053989998
0,2005-12-06,1711.633771325767,1.7849621051075433,0.003838011994957924,-0.04525377846138112
0,2005-12-07,1725.4252895352156,1.8540615049012663,0.008057516999542713,0.06909939979372304
0,2005-12-08,1737.4376858121661,1.8609669206142274,0.006961991544812918,0.006905415712961105
0,2005-12-09,1716.1063160551805,1.7998820531924664,-0.01227748766541481,-0.061084867421761
0,2005-12-12,1704.8505067812494,1.7554573060727594,-0.006558923050761223,-0.04442474711970701
0,2005-12-13,1732.5799657418204,1.7754143590091263,0.016265038400888443,0.019957052936366848
0,2005-12-14,1731.550443961348,1.7851361714486402,-0.0005942131392657757,0.009721812439513977
0,2005-12-15,1717.4670253772938,1.7744140898286638,-0.008133415132761002,-0.010722081619976453
0,2005-12-16,1712.577528272918,1.7619177055526252,-0.0028469234239310026,-0.012496384276038608
0,2005-12-19,1727.4432641884036,1.7489442023343418,0.008680328726768494,-0.012973503218283389
0,2005-12-20,1724.7996075199953,1.7337920222215415,-0.0015303869731724262,-0.015152180112800284
0,2005-12-21,1699.1338863290268,1.6934845816955826,-0.014880407601594925,-0.040307440525958915
0,2005-12-22,1694.1888990849038,1.6800956123178215,-0.0029102987609803677,-0.013388969377761128
0,2005-12-23,1704.345936689371,1.6861131416686168,0.005995221436023712,0.006017529350795359
0,2005-12-27,1686.0901043110034,1.6318425580639055,-0.010711342096328735,-0.054270583604711264
0,2005-12-28,1657.6185174101079,1.6009432676534239,-0.016886159777641296,-0.030899290410481672
0,2005-12-29,1655.6348335061925,1.5762978754753323,-0.0011967071332037449,-0.024645392178091585
0,2005-12-30,1640.9502776584845,1.5315853642371104,-0.008869441226124763,-0.04471251123822184
0,2006-01-03,1658.432950618435,1.5472784465758156,0.010653993114829063,0.015693082338705144
0,2006-01-04,1630.4841476740978,1.5247113478789651,-0.01685253717005253,-0.022567098696850474
0,2006-01-05,1608.3170036545491,1.4673816390068002,-0.013595436699688435,-0.05732970887216493
0,2006-01-06,1627.0030739178837,1.4840423425234166,0.011618399992585182,0.016660703516616415
0,2006-01-09,1631.3204812376161,1.4725966023442862,0.002653595060110092,-0.01144574017913036
0,2006-01-10,1671.9804256662892,1.5394909709345797,0.024924559518694878,0.06689436859029341
0,2006-01-11,1688.2140225035364,1.560073391909288,0.00970920268446207,0.020582420974708304
0,2006-01-12,1692.5005787318698,1.5558167093013717,0.002539107110351324,-0.004256682607916229
0,2006-01-13,1700.561229481236,1.565106689477676,0.004762568976730108,0.009289980176304224
0,2006-01-17,1736.1719860627968,1.5996809655380546,0.020940590649843216,0.03457427606037866
0,2006-01-18,1723.3870545275565,1.5863352436783869,-0.007363862358033657,-0.013345721859667758
0,2006-01-19,1707.0295463984808,1.5692209842122629,-0.009491488337516785,-0.017114259466123993
0,2006-01-20,1711.6892999785305,1.5533117889345034,0.002729743951931596,-0.01590919527775947
0,2006-01-23,1695.840774406683,1.5372955566856148,-0.009258996695280075,-0.016016232248888596
0,2006-01-24,1695.0900946047414,1.533485520532374,-0.00044265936594456434,-0.0038100361532407145
0,2006-01-25,1702.327002783931,1.5336431760395852,0.0042693354189395905,0.00015765550721114074
0,2006-01-26,1709.2989882317052,1.5236301841072206,0.0040955618023872375,-0.010012991932364601
0,2006-01-27,1715.3235907160802,1.5664019714002861,0.0035246042534708977,0.04277178729306552
0,2006-01-30,1694.5247579936595,1.5009922104001685,-0.01212531141936779,-0.06540976100011764
0,2006-01-31,1696.6169843112964,1.5547861250236978,0.001234697992913425,0.05379391462352934
0,2006-02-01,1735.0906314696708,1.5877356050117684,0.022676683962345123,0.03294947998807052
0,2006-02-02,1718.3017295154755,1.5720409117475531,-0.009676095098257065,-0.015694693264215243
0,2006-02-03,1720.179724384069,1.5779988902687385,0.001092936610803008,0.005957978521185403
0,2006-02-06,1741.960965308058,1.6180463237781677,0.012662189081311226,0.04004743350942919
0,2006-02-07,1727.4341559159159,1.6093452867304412,-0.008339342661201954,-0.008701037047726512
0,2006-02-08,1725.7355197730683,1.585759786668228,-0.0009833290241658688,-0.02358550006221316
0,2006-02-09,1703.958112999712,1.5796822732911964,-0.012619202956557274,-0.0060775133770316625
0,2006-02-10,1667.1150350176752,1.5003782573293738,-0.021622056141495705,-0.07930401596182257
0,2006-02-13,1678.464802559201,1.4960166596624997,0.006808029022067785,-0.004361597666874051
0,2006-02-14,1664.157458076656,1.4820325027665855,-0.008524065837264061,-0.013984156895914257
0,2006-02-15,1702.844681074202,1.535826310914786,0.023247333243489265,0.05379380814820056
0,2006-02-16,1724.2588514499816,1.558549908511318,0.012575527653098106,0.022723597596531864
0,2006-02-17,1709.0960637242615,1.5169148915176824,-0.008793800137937069,-0.041635016993635476
0,2006-02-21,1688.853495187853,1.4886387200207054,-0.011844020336866379,-0.02827617149697703
0,2006-02-22,1679.5244176445344,1.4743002135123728,-0.00552391167730093,-0.014338506508332571
0,2006-02-23,1671.4957902637755,1.4695505779026876,-0.004780298098921776,-0.004749635609685221
0,2006-02-24,1699.9597115024205,1.5132122787094835,0.017029011622071266,0.04366170080679588
0,2006-02-27,1736.49020581635,1.5689460418780388,0.021489035338163376,0.05573376316855527
0,2006-02-28,1748.721686374719,1.5839741206479787,0.007043794728815556,0.015028078769939945
0,2006-03-01,1726.3323442847675,1.5406397724022174,-0.01280326209962368,-0.04333434824576132
0,2006-03-02,1745.641435381837,1.5529731799728406,0.011185036972165108,0.012333407570623178
0,2006-03-03,1743.2863423091978,1.5644071699685917,-0.0013491276185959578,0.011433989995751181
0,2006-03-06,1749.2587439220538,1.5877901170625035,0.0034259441308677197,0.023382947093911755
0,2006-03-07,1774.18767345482,1.5951015996367073,0.014251139014959335,0.007311482574203776
0,2006-03-08,1769.168994905877,1.5829650672620867,-0.0028287190943956375,-0.012136532374620534
0,2006-03-09,1759.1106418526488,1.5643874024744557,-0.005685354582965374,-0.01857766478763101
0,2006-03-10,1768.2839261018685,1.5753590896694514,0.00521472841501236,0.010971687194995638
0,2006-03-13,1764.6258000903251,1.4915457450376353,-0.0020687435753643513,-0.08381334463181611
0,2006-03-14,1757.467214598713,1.4603674058876737,-0.004056715872138739,-0.031178339149961598
0,2006-03-15,1762.105754620495,1.438720521551994,0.0026393323205411434,-0.021646884335679628
0,2006-03-16,1774.6920988233896,1.4667954668064294,0.007142785936594009,0.028074945254435324
0,2006-03-17,1796.9495930180092,1.5374489445659676,0.01254160888493061,0.07065347775953823
0,2006-03-20,1815.4434955653273,1.5511285633990206,0.010291831567883492,0.01367961883305302
0,2006-03-21,1825.609220470559,1.5948545147252653,0.005599582102149725,0.04372595132624468
0,2006-03-22,1851.646957075335,1.6685637996945966,0.014262491837143898,0.07370928496933127
0,2006-03-23,1876.0092120159513,1.6844021488361622,0.01315707340836525,0.015838349141565677
0,2006-03-24,1883.0695668242759,1.6539319704252373,0.0037634968757629395,-0.03047017841092492
0,2006-03-27,1881.9433666824186,1.6261505811449077,-0.0005980661371722817,-0.027781389280329583
0,2006-03-28,1878.9415300117887,1.6204954802391485,-0.001595072797499597,-0.005655100905759269
0,2006-03-29,1864.2821256830866,1.618267586154736,-0.007801948115229607,-0.002227894084412485
0,2006-03-30,1873.6446999395503,1.614307399094128,0.005022080149501562,-0.003960187060608078
0,2006-03-31,1883.0673496419627,1.6480438935147828,0.005029048305004835,0.03373649442065485
0,2006-04-03,1854.1518871702958,1.6377734555306256,-0.01535551156848669,-0.010270437984157166
0,2006-04-04,1851.2478997112864,1.6495049494851648,-0.001566207967698574,0.011731493954539207
0,2006-04-05,1886.6740078819064,1.6555770430902708,0.01913633942604065,0.006072093605105966
0,2006-04-06,1926.6816833517967,1.683842690663686,0.021205399185419083,0.02826564757341532
0,2006-04-07,1918.3081147565513,1.6335355371348934,-0.004346108995378017,-0.05030715352879267
0,2006-04-10,1915.9958976270368,1.6173075494289144,-0.0012053418904542923,-0.016227987705978997
0,2006-04-11,1887.8227687932676,1.5471331053748807,-0.01470416970551014,-0.07017444405403372
0,2006-04-12,1887.06424374074,1.5638420946656053,-0.0004017988685518503,0.01670898929072462
0,2006-04-13,1928.7153367319236,1.6054322063463113,0.022071899846196175,0.04159011168070603
0,2006-04-17,1956.5334058109522,1.6681668200970037,0.014423107728362083,0.06273461375069234
0,2006-04-18,1956.1130043951755,1.6639938954823201,-0.00021487055346369743,-0.004172924614683549
0,2006-04-19,1979.7973400903793,1.7031876460426314,0.012107856571674347,0.03919375056031127
0,2006-04-20,1974.1717614235856,1.6702650039843392,-0.002841492183506489,-0.032922642058292206
0,2006-04-21,1996.206300517754,1.6899417833814132,0.011161409318447113,0.019676779397074018
0,2006-04-24,2022.4677130790167,1.7043588624079486,0.013155660592019558,0.01441707902653544
0,2006-04-25,2018.158521559473,1.727144826056729,-0.002130660228431225,0.022785963648780383
0,2006-04-26,2005.0538075571224,1.721568488909089,-0.0064934017136693,-0.005576337147640054
0,2006-04-27,1981.3180285975686,1.6848180849794547,-0.011837976053357124,-0.036750403929634246
0,2006-04-28,2019.280227158098,1.7316048556952055,0.01916007325053215,0.04678677071575077
0,2006-05-01,1998.9971489549748,1.7167638551356814,-0.010044706985354424,-0.014841000559524087
0,2006-05-02,2018.5633573008768,1.69566831935875,0.009788012132048607,-0.02109553577693135
0,2006-05-03,2013.4422357584106,1.7034077484673606,-0.002537013031542301,0.007739429108610585
0,2006-05-04,2017.2875665538963,1.7047621373585646,0.0019098292104899883,0.0013543888912039836
0,2006-05-05,2019.1473902193172,1.7331414196308141,0.0009219427593052387,0.028379282272249506
0,2006-05-08,2036.977890262613,1.72662864906841,0.008830707520246506,-0.00651277056240418
0,2006-05-09,2056.723520652344,1.74581359529295,0.009693590924143791,0.019184946224540145
0,2006-05-10,2067.680006354567,1.8048895774723293,0.005327155347913504,0.05907598217937915
