path_id,Date,sp500_abs,DGS10_abs,sp500,DGS10
0,1981-04-07,234.30632151001817,4.992655093765929,0.005225123837590218,-0.026233405047316083
0,1981-04-08,233.18831168267195,5.002232672553897,-0.004771573469042778,0.009577578787967944
0,1981-04-09,232.2956201228746,5.076419425111433,-0.003828200278803706,0.07418675255753548
0,1981-04-10,231.445698332723,5.107741568775371,-0.003658793866634369,0.03132214366393793
0,1981-04-13,233.59034665426478,5.117711225038677,0.009266313165426254,0.009969656263306703
0,1981-04-14,229.3074028936935,5.128795958081008,-0.01833527721464634,0.011084733042330264
0,1981-04-15,227.23547198977192,5.182131132677919,-0.009035604074597359,0.05333517459691173
0,1981-04-16,226.78885269120642,5.173481320387871,-0.0019654470961540937,-0.008649812290048686
0,1981-04-20,226.89579078588264,5.15385949573085,0.00047153152991086245,-0.01962182465702078
0,1981-04-21,222.4378232971065,5.129705922893747,-0.019647642970085144,-0.024153572837103177
0,1981-04-22,223.3020524558102,5.2269070984496535,0.0038852617144584656,0.0972011755559068
0,1981-04-23,226.0322403570218,5.240619282761438,0.012226434424519539,0.013712184311784448
0,1981-04-24,224.29558632862245,5.270860185704489,-0.007683213800191879,0.03024090294305104
0,1981-04-27,225.94572026752775,5.262241398918474,0.007356961257755756,-0.008618786786015242
0,1981-04-28,222.34452987057685,5.285260867246441,-0.015938298776745796,0.023019468327967196
0,1981-04-29,219.67865839885513,5.318863732300746,-0.01198982261121273,0.033602865054304765
0,1981-04-30,222.56518286489026,5.3111451392818925,0.013139758259057999,-0.007718593018853248
0,1981-05-01,225.65389251127615,5.330774394903076,0.013877775520086288,0.019629255621183894
0,1981-05-04,223.3352034054165,5.3241875573547475,-0.010275422595441341,-0.006586837548328894
0,1981-05-05,221.75452058164862,5.323054447791286,-0.007077625021338463,-0.0011331095634616872
0,1981-05-06,223.2240649545607,5.3202362831504635,0.0066268970258533955,-0.002818164640822296
0,1981-05-07,222.60911170357062,5.27184544661716,-0.002754869870841503,-0.04839083653330345
0,1981-05-08,223.27361195882682,5.266152879142566,0.002985054161399603,-0.0056925674745942345
0,1981-05-11,223.00160318394288,5.299977944130963,-0.001218275516293943,0.0338250649883971
0,1981-05-12,222.73317704382532,5.322328969818483,-0.001203696010634303,0.02235102568752012
0,1981-05-13,223.2413520759524,5.373757894274251,0.0022815417032688856,0.05142892445576841
0,1981-05-14,226.55111957086234,5.369130952161427,0.014825960621237755,-0.004626942112824217
0,1981-05-15,226.62769579061373,5.3520585648873915,0.00033800856908783317,-0.017072387274035705
0,1981-05-18,226.91143482371217,5.349153709787117,0.0012520051095634699,-0.002904855100274162
0,1981-05-19,227.82720277654198,5.3388537113255286,0.0040357946418225765,-0.0102999984615888
0,1981-05-20,228.24532125906407,5.308010095490251,0.0018352438928559422,-0.030843615835277838
0,1981-05-21,229.6639925297067,5.382548704874631,0.006215554662048817,0.07453860938438073
0,1981-05-22,230.24624609003408,5.256982329264648,0.0025352409575134516,-0.12556637560998318
0,1981-05-26,233.83353522226162,5.217278341610317,0.01558022852987051,-0.03970398765433103
0,1981-05-27,230.64025075088122,5.210996140006326,-0.013656229712069035,-0.006282201603990956
0,1981-05-28,230.3378753744491,5.2236132256402135,-0.0013110260479152203,0.012617085633887193
0,1981-05-29,228.25292599967025,5.293907718998681,-0.009051700122654438,0.07029449335846749
0,1981-06-01,227.71591547657664,5.237003817078443,-0.0023526994045823812,-0.0569039019202382
0,1981-06-02,228.80030119702644,5.224148424562836,0.004762011114507914,-0.012855392515606745
0,1981-06-03,230.25861382443517,5.255540469192943,0.00637373561039567,0.03139204463010703
0,1981-06-04,230.07752618864038,5.307726897798603,-0.000786453252658248,0.05218642860566014
0,1981-06-05,230.99708904818306,5.316229600164359,0.003996752202510834,0.008502702365755788
0,1981-06-08,232.0665781098236,5.30668103251078,0.0046298811212182045,-0.009548567653578921
0,1981-06-09,231.35448463255324,5.312968042490765,-0.003068487858399749,0.006287009979985214
0,1981-06-10,234.90718964216538,5.396890586149803,0.015356110408902168,0.08392254365903806
0,1981-06-11,232.63936512940816,5.426138294239285,-0.009654129855334759,0.02924770808948196
0,1981-06-12,233.20979913796228,5.476831064546356,0.0024520098231732845,0.05069277030707031
0,1981-06-15,230.64778531873284,5.579079464886799,-0.010985875502228737,0.1022484003404438
0,1981-06-16,231.34618858632794,5.565414402627762,0.0030280076898634434,-0.01366506225903752
0,1981-06-17,232.02994879152988,5.4634005363339355,0.0029555715154856443,-0.10201386629382636
0,1981-06-18,230.9448538512144,5.462262391741439,-0.004676529671996832,-0.0011381445924962819
0,1981-06-19,230.06654597858002,5.479736167070008,-0.003803106490522623,0.017473775328569197
0,1981-06-22,232.5491308628335,5.48282684888693,0.010790725238621235,0.0030906818169214034
0,1981-06-23,231.68056716048557,5.440464320584505,-0.003734968602657318,-0.04236252830242471
0,1981-06-24,233.77228198665296,5.435094831208386,0.00902844313532114,-0.005369489376119141
0,1981-06-25,236.31061958488368,5.372503343658325,0.010858163237571716,-0.06259148755006105
0,1981-06-26,238.39885020330627,5.4344890123852965,0.008836803957819939,0.06198566872697153
0,1981-06-29,236.77289993784598,5.381619282390501,-0.006820294074714184,-0.052869729994795556
0,1981-06-30,235.9567481768458,5.4064770945143525,-0.0034469813108444214,0.02485781212385163
0,1981-07-01,237.47537770124362,5.4351730969478735,0.006436050403863192,0.028696002433520995
0,1981-07-02,237.31026114084554,5.393029306784831,-0.0006952997064217925,-0.042143790163042816
0,1981-07-06,237.6927221656064,5.374260965921836,0.0016116497572511435,-0.018768340862994393
0,1981-07-07,237.24895311527982,5.383202033549197,-0.0018669862765818834,0.008941067627360688
0,1981-07-08,236.61788951588426,5.383162786167613,-0.002659921534359455,-3.92473815837846e-05
0,1981-07-09,233.7855710938901,5.3649343100168,-0.01197000965476036,-0.018228476150813577
0,1981-07-10,233.56592178095445,5.347355654902277,-0.0009395332308486104,-0.017578655114522945
0,1981-07-13,235.43764468936976,5.33275339143188,0.008013681508600712,-0.014602263470396615
0,1981-07-14,233.89590020354063,5.334860512326487,-0.0065484195947647095,0.002107120894606851
0,1981-07-15,234.19305465490854,5.36685651706684,0.0012704560067504644,0.031996004740353357
0,1981-07-16,234.88627928160236,5.373986187782302,0.002960056299343705,0.007129670715461778
0,1981-07-17,235.38541648041203,5.329331138089183,0.002125016413629055,-0.04465504969311951
0,1981-07-20,235.28771495012418,5.39490115659224,-0.00041507044807076454,0.06557001850305699
0,1981-07-21,236.81410716899984,5.43063842573402,0.006487343460321426,0.035737269141780104
0,1981-07-22,236.85044091884689,5.43719093453316,0.0001534273033030331,0.0065525087991407105
0,1981-07-23,238.00700702728335,5.370143103020601,0.004883107263594866,-0.06704783151255977
0,1981-07-24,238.65437256255802,5.4436794765352525,0.00271994317881763,0.07353637351465192
0,1981-07-27,237.32436512127182,5.475259976555852,-0.005572943948209286,0.03158050002059909
0,1981-07-28,237.93861835637858,5.541031711902684,0.002588243456557393,0.06577173534683212
0,1981-07-29,239.29245896230293,5.663690462901211,0.005689873360097408,0.12265875099852686
0,1981-07-30,239.27792483635395,5.658697158793557,-6.073791882954538e-05,-0.004993304107653529
0,1981-07-31,237.13603048386594,5.666822916577275,-0.008951491676270962,0.008125757783718157
0,1981-08-03,237.40647950528356,5.6601579807209825,0.0011404805118218064,-0.006664935856292686
0,1981-08-04,237.65402324701674,5.692924174215571,0.0010427000233903527,0.03276619349458887
0,1981-08-05,239.51563279031112,5.668279105591481,0.007833275943994522,-0.024645068624089994
0,1981-08-06,238.8790762522596,5.6720496492759604,-0.0026576826348900795,0.003770543684479044
0,1981-08-07,237.7939736626176,5.723208967185275,-0.004542476497590542,0.05115931790931416
0,1981-08-10,240.49551537233148,5.827245683083581,0.011360850185155869,0.10403671589830665
0,1981-08-11,240.5371530363187,5.840492901440952,0.00017313280841335654,0.013247218357371082
0,1981-08-12,240.18984946528977,5.916386439722632,-0.001443866640329361,0.07589353828167944
0,1981-08-13,240.99715120042964,5.8775152373251,0.0033610984683036804,-0.038871202397531945
0,1981-08-14,242.1015884490653,5.882115084260303,0.004582781344652176,0.004599846935203544
0,1981-08-17,242.69748222012112,5.880261329452206,0.0024613377172499895,-0.001853754808097463
0,1981-08-18,242.56014488495435,5.89167034964619,-0.0005658786976709962,0.011409020193983821
0,1981-08-19,241.36147332483148,5.931262010093497,-0.004941749852150679,0.03959166044730722
0,1981-08-20,240.79203270417813,5.9529407923235516,-0.0023592854849994183,0.021678782230054594
0,1981-08-21,240.27032506949527,5.910684626088664,-0.002166631631553173,-0.04225616623488726
0,1981-08-24,242.1320916770829,5.95696770515681,0.007748633157461882,0.04628307906814566
0,1981-08-25,239.81789921106355,5.943856295323741,-0.009557561948895454,-0.013111409833069132
0,1981-08-26,241.16109749790922,5.955018421649953,0.005600909236818552,0.011162126326212274
0,1981-08-27,244.30164890648368,5.955996322618846,0.013022628612816334,0.0009779009688930529
0,1981-08-28,242.62099502463042,5.94369359409463,-0.006879420951008797,-0.0123027285242161
0,1981-08-31,241.0286291669778,5.961882407690652,-0.006563182454556227,0.01818881359602198
0,1981-09-01,243.72739817374207,5.958548982460306,0.011196881532669067,-0.0033334252303456324
0,1981-09-02,245.8318401984582,5.986919002584055,0.008634408935904503,0.028370020123748674
0,1981-09-03,250.43986131422267,5.991837626042511,0.018744606524705887,0.004918623458455507
0,1981-09-04,250.12151105053076,5.981403586135156,-0.0012711645103991032,-0.010434039907354808
0,1981-09-08,253.464214652505,5.95024147972691,0.013364318758249283,-0.031162106408245904
0,1981-09-09,252.26018944467782,5.948882068400858,-0.004750276915729046,-0.0013594113260522178
0,1981-09-10,248.71935600241395,6.117431254573897,-0.014036433771252632,0.16854918617303927
0,1981-09-11,249.17243777876138,6.187922970574761,0.0018216586904600263,0.07049171600086446
0,1981-09-14,248.4773060125173,6.210017747011723,-0.002789761871099472,0.022094776436961894
0,1981-09-15,249.42234720676691,6.185643313416575,0.0038033300079405308,-0.024374433595148126
0,1981-09-16,249.44263718685443,6.196223348596008,8.134788367897272e-05,0.010580035179432734
0,1981-09-17,246.93781725158726,6.156323449580087,-0.010041667148470879,-0.039899899015920504
0,1981-09-18,244.11721740612387,6.084756677388576,-0.011422308161854744,-0.07156677219151142
0,1981-09-21,241.3858553990045,6.110680803915575,-0.011188731528818607,0.02592412652699938
0,1981-09-22,240.07165874101642,6.15576728129115,-0.005444381386041641,0.04508647737557503
0,1981-09-23,238.35308718024885,6.283931552771454,-0.0071585774421691895,0.12816427148030396
0,1981-09-24,238.68152042333054,6.325460086719671,0.0013779273722320795,0.04152853394821676
0,1981-09-25,240.29293760164376,6.281713204244378,0.006751327775418758,-0.04374688247529335
0,1981-09-28,240.0883638403795,6.294263943808433,-0.000851351534947753,0.012550739564055391
0,1981-09-29,240.56567460154415,6.349149383759431,0.0019880628678947687,0.05488543995099793
0,1981-09-30,242.02133642829335,6.286111281555784,0.006050995551049709,-0.06303810220364703
0,1981-10-01,247.18831255567287,6.102013274028699,0.021349258720874786,-0.18409800752708527
0,1981-10-02,246.54408633335996,6.133842844123534,-0.0026062163524329662,0.031829570094835447
0,1981-10-05,245.75817328623938,6.163849628446053,-0.003187718102708459,0.03000678432251913
0,1981-10-06,243.88354210160819,6.161023854121235,-0.007627950515598059,-0.00282577432481812
0,1981-10-07,245.22404800539348,6.219894083811895,0.005496500059962273,0.058870229690660025
0,1981-10-08,242.97832445622427,6.205538854153303,-0.009157843887805939,-0.014355229658591817
0,1981-10-09,245.19491350347593,6.113715767674489,0.009122579358518124,-0.0918230864788141
0,1981-10-14,247.36765955016173,6.1203019171115765,0.008861301466822624,0.00658614943708713
0,1981-10-15,245.79229522515942,6.079257394299457,-0.006368513684719801,-0.04104452281211923
0,1981-10-16,247.42057862713582,6.038914131361126,0.006624631583690643,-0.04034326293833157
0,1981-10-19,251.03347933162652,6.048726656324071,0.014602264389395714,0.009812524962945268
0,1981-10-20,249.02380794132876,6.069598451399718,-0.008005591109395027,0.020871795075646737
0,1981-10-21,249.62353129736476,6.13094762296359,0.0024082972668111324,0.06134917156387232
0,1981-10-22,248.0057299697849,6.0926504167696915,-0.006480964832007885,-0.038297206193898425
0,1981-10-23,246.65075365645248,6.1189343658683795,-0.005463487934321165,0.02628394909868792
0,1981-10-26,249.5897802749264,6.104531983928743,0.011915741488337517,-0.014402381939636832
0,1981-10-27,251.73251631189086,6.083901125587588,0.008585031144320965,-0.0206308583411543
0,1981-10-28,252.9041241164028,6.125787021096505,0.004654177464544773,0.041885895508916526
0,1981-10-29,250.55105796433043,6.177727956760535,-0.009304182603955269,0.05194093566402991
0,1981-10-30,249.98131533747318,6.224930449978914,-0.0022739581763744354,0.04720249321837944
0,1981-11-02,247.167255581909,6.33764422490809,-0.011257080361247063,0.11271377492917622
0,1981-11-05,244.550414517929,6.382573906448325,-0.010587329044938087,0.04492968154023469
0,1981-11-06,243.3546373574582,6.412702569588505,-0.004889695905148983,0.03012866314017959
0,1981-11-09,241.35412711309473,6.428918259173275,-0.008220555260777473,0.016215689584770487
0,1981-11-10,241.74913683192935,6.409200659210536,0.0016366395866498351,-0.01971759996273903
0,1981-11-13,242.01400502868367,6.493045851568499,0.0010956324404105544,0.08384519235796262
0,1981-11-16,243.0838504247088,6.550725333909953,0.004420592915266752,0.05767948234145415
0,1981-11-17,243.34828306908872,6.524098907103928,0.0010878248140215874,-0.02662642680602456
0,1981-11-18,244.6858536073243,6.499326324554057,0.005496527533978224,-0.024772582549871025
0,1981-11-19,244.56764232223262,6.494148849717442,-0.000483114505186677,-0.005177474836615126
0,1981-11-20,245.02244226396598,6.562728770866221,0.0018596079898998141,0.0685799211487792
0,1981-11-23,246.46644610049702,6.5536124142414485,0.005893353372812271,-0.009116356624772948
0,1981-11-24,245.52284657392272,6.5533597208221055,-0.003828511107712984,-0.0002526934193429753
0,1981-11-25,242.82871432533082,6.551521778360985,-0.010973040945827961,-0.0018379424611207895
0,1981-11-27,241.92201259233553,6.544975195764505,-0.0037339148111641407,-0.0065465825964796664
0,1981-11-30,244.25622371961865,6.4166593360555435,0.009648609906435013,-0.12831585970896153
0,1981-12-01,243.58943458158944,6.41702066738034,-0.002729875734075904,0.00036133132479676533
0,1981-12-02,238.64520404784366,6.473609089386496,-0.020297393202781677,0.05658842200615588
0,1981-12-03,235.70228254890526,6.608504609699921,-0.012331785634160042,0.13489552031342456
0,1981-12-04,233.8365035126641,6.595325575935752,-0.007915829308331013,-0.013179033764168402
0,1981-12-07,238.16694680073184,6.478492143869549,0.01851910725235939,-0.116833432066203
0,1981-12-08,239.33768128470354,6.492437477606413,0.004915604367852211,0.013945333736863574
0,1981-12-09,238.5561184975197,6.6949615260812365,-0.003265523351728916,0.20252404847482364
0,1981-12-10,226.0801643584787,6.777624787373624,-0.05229777470231056,0.08266326129238788
0,1981-12-11,227.13718818657784,6.839230611124139,0.0046754381619393826,0.06160582375051504
0,1981-12-14,227.75604733853964,6.817290889764402,0.0027246051467955112,-0.021939721359737874
0,1981-12-15,232.78938422423133,6.790274230214457,0.022099684923887253,-0.027016659549944144
0,1981-12-16,232.79377439715603,6.912310505844185,1.8858991097658873e-05,0.12203627562972752
0,1981-12-17,234.14414120127063,7.145519207896084,0.005800699815154076,0.2332087020518987
0,1981-12-18,230.9993862265356,7.144455990388346,-0.013430850580334663,-0.0010632175077374129
0,1981-12-21,232.97550480436018,7.17016179122641,0.008554648607969284,0.02570580083806373
0,1981-12-22,228.03593865679437,7.16709729744774,-0.02120208367705345,-0.0030644937786696858
0,1981-12-23,231.46770146749085,7.140196429380851,0.015049219131469727,-0.02690086806688896
0,1981-12-24,227.2881650881174,7.085862814599889,-0.01805667206645012,-0.05433361478096188
0,1981-12-28,232.77532017164677,7.060195881851718,0.024141842499375343,-0.025666932748171334
0,1981-12-29,236.47920510018162,7.076107804961946,0.015911845490336418,0.015911923110228265
0,1981-12-30,238.14983157988445,7.027200752605512,0.0070645809173583984,-0.048907052356434555
0,1981-12-31,239.70715880512006,6.995530448068803,0.00653927493840456,-0.031670304536708827
0,1982-01-04,240.60342455726789,7.0391354826096,0.0037390028592199087,0.04360503454079723
0,1982-01-05,237.4388482058679,6.992604868883111,-0.013152665458619595,-0.04653061372648892
0,1982-01-06,240.95712410611443,6.953161378730323,0.014817608520388603,-0.03944349015278803
0,1982-01-07,241.92889436387128,6.924622417026321,0.00403295923024416,-0.02853896170400194
0,1982-01-08,241.9637890281983,6.9314879423822315,0.00014423520769923925,0.006865525355910229
0,1982-01-11,243.83078051699158,6.8619215362450365,0.0077159954234957695,-0.069566406137195
0,1982-01-12,243.6742648155585,6.791094013216567,-0.0006419029668904841,-0.07082752302846984
0,1982-01-13,239.43314610933015,6.977844050694382,-0.017404869198799133,0.1867500374778155
0,1982-01-14,239.95109701936386,7.029432141116701,0.002163238124921918,0.051588090422319155
0,1982-01-15,240.47623391001034,6.999665889592964,0.002188516315072775,-0.029766251523737353
0,1982-01-18,239.65800950541217,7.00177668879942,-0.0034025167115032673,0.002110799206455738
0,1982-01-19,240.74442218628698,6.971928782516766,0.0045331791043281555,-0.029847906282653547
0,1982-01-20,238.04240773863592,6.949825894989714,-0.011223580688238144,-0.02210288752705214
0,1982-01-21,236.61445123688546,7.003701143607234,-0.005998748354613781,0.05387524861752002
0,1982-01-22,240.20027860309386,6.99597399814344,0.015154726803302765,-0.0077271454637939385
0,1982-01-25,239.24512876387794,7.105412243404632,-0.003976472653448582,0.10943824526119172
0,1982-01-26,236.6043415346526,7.032732544548275,-0.011037997901439667,-0.07267969885635672
0,1982-01-27,241.26536907203567,7.054017777186825,0.019699670374393463,0.021285232638549978
0,1982-01-28,240.62834848693228,7.043995281241742,-0.002640331629663706,-0.01002249594508342
0,1982-01-29,242.26846575866324,7.065266224096065,0.006815976928919554,0.02127094285432296
0,1982-02-01,245.13557259910937,7.035322261247894,0.011834420263767242,-0.029943962848170358
0,1982-02-02,242.1149396464917,7.087853626323547,-0.01232229545712471,0.05253136507565248
0,1982-02-03,243.19663828798406,7.05246126705536,0.004467707127332687,-0.035392359268186624
0,1982-02-04,242.33769389275994,6.922335796024475,-0.0035318925511091948,-0.130125471030885
0,1982-02-05,242.84595472415091,7.020646106231452,0.002097324701026082,0.09831031020697711
0,1982-02-08,238.60663880949713,7.118487178406449,-0.017456810921430588,0.09784107217499649
0,1982-02-09,234.93875051769135,7.262203750900539,-0.015372113324701786,0.14371657249408987
0,1982-02-10,234.76964504902136,7.3817539202236455,-0.0007197853410616517,0.11955016932310691
0,1982-02-11,234.49443263818685,7.218509129574471,-0.00117226573638618,-0.1632447906491743
0,1982-02-17,239.713430263234,7.116790104651804,0.022256381809711456,-0.1017190249226676
0,1982-02-18,241.28569287631615,7.128575204465355,0.006558925844728947,0.011785099813551803
0,1982-02-19,240.87511104886286,7.236546547389438,-0.0017016418278217316,0.10797134292408295
0,1982-02-22,237.66484938810333,7.281480052804659,-0.013327494263648987,0.04493350541522023
0,1982-02-23,238.6734977248854,7.301004010331304,0.004243994597345591,0.01952395752664504
0,1982-02-24,242.24569465082413,7.225669748851119,0.014966877177357674,-0.07533426148018485
0,1982-02-25,245.8237543141382,7.278032671087881,0.01477037463337183,0.05236292223676209
0,1982-02-26,244.78188315302853,7.407456542968906,-0.00423828512430191,0.12942387188102522
0,1982-03-01,244.8348994157606,7.565593889170027,0.00021658572950400412,0.15813734620112108
0,1982-03-02,244.52400386904014,7.567294121635609,-0.0012698171194642782,0.001700232465581486
0,1982-03-03,244.64176808821745,7.741752174122156,0.0004816059663426131,0.1744580524865471
0,1982-03-04,245.43494386482445,7.753712685141399,0.003242192789912224,0.011960511019243114
0,1982-03-05,246.04365304697234,7.728564599289978,0.002480124356225133,-0.02514808585142081
0,1982-03-08,250.00558844919874,7.707524754667573,0.016102571040391922,-0.021039844622404935
0,1982-03-09,246.4098117751915,7.729718838405251,-0.014382785186171532,0.02219408373767795
0,1982-03-10,249.19421221570204,7.894173806843348,0.011299876496195793,0.16445496843809693
0,1982-03-11,246.82122911951055,7.82339892766129,-0.009522625245153904,-0.07077487918205794
0,1982-03-12,248.15957538869594,7.7976240542866195,0.0054223304614424706,-0.02577487337467055
0,1982-03-15,248.55280499707524,7.765009665632333,0.0015845836605876684,-0.03261438865428623
0,1982-03-16,252.86656268882118,7.683135033215526,0.017355497926473618,-0.08187463241680693
0,1982-03-17,255.42217609188856,7.59224902794223,0.010106569156050682,-0.09088600527329671
0,1982-03-18,256.3049343427957,7.702342826983168,0.0034560752101242542,0.1100937990409383
0,1982-03-19,257.1194519658979,7.675168914199726,0.003177924081683159,-0.027173912783442056
0,1982-03-22,253.9073493142111,7.818284523754544,-0.012492647394537926,0.14311560955481806
0,1982-03-23,250.08795921786216,7.909414665295164,-0.015042455866932869,0.09113014154061982
0,1982-03-24,250.07250875925948,7.889682375425489,-6.178009789437056e-05,-0.019732289869675235
0,1982-03-25,251.54986443108655,8.060360811030892,0.005907709244638681,0.17067843560540297
0,1982-03-26,250.02450222995034,8.1207972091999,-0.0060638561844825745,0.06043639816900814
0,1982-03-29,250.7727537812378,8.19701073845359,0.0029927128925919533,0.07621352925369074
0,1982-03-30,251.462296699072,8.144192429228138,0.002749672392383218,-0.05281830922545261
0,1982-03-31,254.73163542989644,8.063683557912398,0.013001307845115662,-0.08050887131573958
0,1982-04-01,253.17178485097716,8.07324145167221,-0.006123505532741547,0.009557893759811975
0,1982-04-02,251.7580112028473,8.00647157859615,-0.005584246478974819,-0.0667698730760602
0,1982-04-05,252.75028658806113,7.999360162276174,0.003941385541111231,-0.007111416319975916
0,1982-04-06,251.389868849692,8.021390503109812,-0.005382457748055458,0.02203034083363775
0,1982-04-07,248.9086426036177,8.138754596476911,-0.009870032779872417,0.11736409336709919
0,1982-04-08,247.92072519779904,8.05715137895883,-0.003968995995819569,-0.0816032175180812
0,1982-04-12,254.70338453987844,8.035969387801268,0.027358178049325943,-0.021181991157561697
0,1982-04-13,254.26895460264248,8.037869239889297,-0.0017056307988241315,0.001899852088028453
0,1982-04-14,253.8968478321625,8.180847328029232,-0.0014634376857429743,0.14297808813993562
0,1982-04-15,252.28651641937824,8.207208189597777,-0.006342463195323944,0.02636086156854489
0,1982-04-16,254.07003155252426,8.207283537143951,0.007069403305649757,7.534754617388728e-05
0,1982-04-19,252.1481268505066,8.253806566470375,-0.0075644683092832565,0.04652302932642449
0,1982-04-20,253.0294327706022,8.31656617445421,0.0034951912239193916,0.06275960798383373
0,1982-04-21,254.4151010697522,8.324261015358504,0.0054763127118349075,0.007694840904294509
0,1982-04-22,252.48219738708286,8.289989061190852,-0.007597440853714943,-0.03427195416765194
0,1982-04-23,252.5483104273636,8.032394432707193,0.0002618522848933935,-0.257594628483659
0,1982-04-26,258.0170034292951,8.053347333431804,0.021654047071933746,0.020952900724610757
0,1982-04-27,261.8546950187455,8.047939136621306,0.014873793348670006,-0.005408196810497756
0,1982-04-28,264.7745437886074,8.107898115059037,0.011150645092129707,0.05995897843773079
0,1982-04-29,265.8983230746762,8.127946371786168,0.004244287498295307,0.020048256727131175
0,1982-04-30,265.1701217580198,8.134885075911127,-0.002738645765930414,0.006938704124959116
0,1982-05-03,264.331429754224,8.324986729876688,-0.0031628450378775597,0.1901016539655611
0,1982-05-04,261.94328548098775,8.3077817457386,-0.009034658782184124,-0.01720498413808791
0,1982-05-05,260.5547291035098,8.270900019341994,-0.005300980992615223,-0.03688172639660614
0,1982-05-06,264.51794194200636,8.207158934632377,0.015210673213005066,-0.06374108470961737
0,1982-05-07,266.6465113029119,8.114017638165272,0.00804697535932064,-0.09314129646710434
0,1982-05-10,268.32538962480737,8.108149625811965,0.006296269595623016,-0.00586801235330725
0,1982-05-11,267.9299771032427,8.162385163866846,-0.0014736306620761752,0.054235538054880905
0,1982-05-12,268.0267010917211,8.334603852993533,0.00036100472789257765,0.17221868912668725
0,1982-05-13,266.31734270375483,8.396866386998624,-0.006377567537128925,0.0622625340050913
0,1982-05-14,270.22757032050663,8.366493523177958,0.014682587236166,-0.030372863820666396
0,1982-05-17,273.304320429572,8.180369059251992,0.011385774239897728,-0.1861244639259656
0,1982-05-18,275.7753712290611,8.121129939720307,0.00904138945043087,-0.0592391195316857
0,1982-05-19,277.32294514652926,8.08432188068609,0.005611719097942114,-0.036808059034216356
0,1982-05-20,277.66370593717613,7.927371558384857,0.0012287507997825742,-0.15695032230123296
0,1982-05-21,273.813921511461,7.984173851895092,-0.013864917680621147,0.056802293510235025
0,1982-05-24,268.00230727512536,7.956788818554284,-0.02122468501329422,-0.027385033340808107
0,1982-05-25,271.6253057391009,7.926085657994965,0.01351853460073471,-0.030703160559319542
0,1982-05-26,268.7986851331048,7.881229573231201,-0.01040632277727127,-0.04485608476376335
0,1982-05-27,270.93827962884694,7.952958664759581,0.007959839887917042,0.07172909152837992
0,1982-05-28,266.5682671340543,8.004182821882203,-0.016129180788993835,0.05122415712262196
0,1982-06-01,266.8916756179509,7.984674527883565,0.0012132294941693544,-0.01950829399863796
0,1982-06-02,266.286195643189,8.052743997570323,-0.002268635667860508,0.06806946968675742
0,1982-06-03,261.79763539966046,8.085092210081504,-0.016856150701642036,0.03234821251118092
0,1982-06-04,264.6655334839787,8.007283190517004,0.010954637080430984,-0.07780901956449959
0,1982-06-07,267.16752462023373,7.863761830327864,0.009453407488763332,-0.14352136018914052
0,1982-06-08,266.7358589815298,7.822946558249942,-0.0016157114878296852,-0.04081527207792135
0,1982-06-09,262.43999899474636,7.9055083697637984,-0.016105296090245247,0.08256181151385622
0,1982-06-10,262.2214079388521,7.894429216655278,-0.0008329182164743543,-0.011079153108520146
0,1982-06-11,262.30189327654796,7.9008800498434555,0.0003069365629926324,0.006450833188177185
0,1982-06-14,260.07149575157405,7.946786101907918,-0.008503169752657413,0.04590605206446252
0,1982-06-15,257.92085922620913,7.933621728172119,-0.008269404992461205,-0.013164373735799373
0,1982-06-16,257.06331610261583,7.925955520234749,-0.003324830438941717,-0.00766620793736994
0,1982-06-17,257.79699661316295,7.94771723474886,0.0028540848288685083,0.021761714514111574
0,1982-06-18,256.66105192547803,8.014540311513421,-0.004406353458762169,0.06682307676456123
0,1982-06-21,254.81579251403943,8.0292309568231,-0.007189479656517506,0.01469064530967934
0,1982-06-22,258.2364453500931,7.957399534381709,0.013424022123217583,-0.07183142244139162
0,1982-06-23,260.6297823550354,7.9180995193193375,0.009268006309866905,-0.039300015062371685
0,1982-06-24,261.4471149591635,7.78621989229117,0.0031359908170998096,-0.1318796270281677
0,1982-06-25,262.9665763225508,7.784102355402953,0.005811735056340694,-0.002117536888216698
0,1982-06-28,259.2096922238313,7.919317396619921,-0.014286546036601067,0.13521504121696815
0,1982-06-29,259.5470579874797,7.914237843490368,0.001301516778767109,-0.005079553129553105
0,1982-06-30,258.6007361653462,7.894770831732682,-0.0036460510455071926,-0.01946701175768606
0,1982-07-01,260.56855198623856,7.877646666033331,0.007609474938362837,-0.017124165699351046
0,1982-07-02,260.2812227064835,8.00766935674108,-0.0011027012951672077,0.1300226907077482
0,1982-07-06,259.8903116335677,8.002423383479472,-0.0015018796548247337,-0.005245973261606807
0,1982-07-07,264.17963741200833,7.913273139854217,0.01650436967611313,-0.08915024362525514
0,1982-07-08,264.31142015273156,7.894576363451239,0.0004988376167602837,-0.01869677640297862
0,1982-07-09,263.31216854297725,7.916030158348192,-0.003780584316700697,0.02145379489695287
0,1982-07-12,262.85416888168595,7.841825827072876,-0.0017393790185451508,-0.07420433127531556
0,1982-07-13,264.67988154845386,7.792781049158336,0.0069457245990633965,-0.049044777914540205
0,1982-07-14,262.89146424024113,7.7575378155294175,-0.006756906863301992,-0.03524323362891835
0,1982-07-15,260.90958072923246,7.637602786703193,-0.0075387898832559586,-0.11993502882622487
0,1982-07-16,260.66981933991383,7.729022427998814,-0.0009189443662762642,0.09141964129562119
0,1982-07-19,258.7330700762221,7.76221051236727,-0.007429894525557756,0.03318808436845622
0,1982-07-20,259.81923567858394,7.836162952030955,0.004198016133159399,0.07395243966368525
0,1982-07-21,259.42043413105614,7.873077506335984,-0.0015349192544817924,0.03691455430502888
0,1982-07-22,261.3290957011915,7.258511704593007,0.007357406429946423,-0.6145658017429767
0,1982-07-23,267.0393362940633,7.288940585301113,0.021850764751434326,0.030428880708105233
0,1982-07-26,261.43631767389604,7.393287496288961,-0.02098199725151062,0.10434691098784832
0,1982-07-27,260.7332403660728,7.571471476692581,-0.0026892870664596558,0.17818398040362027
0,1982-07-28,260.2225512403376,7.540942620758527,-0.001958665205165744,-0.030528855934054633
0,1982-07-29,260.41590854982275,7.480109398083078,0.0007430459372699261,-0.06083322267544844
0,1982-07-30,262.4963434899109,7.436421390866316,0.007988893426954746,-0.043688007216761804
0,1982-08-02,263.1379463996339,7.3286256708699735,0.002444235607981682,-0.10779571999634285
0,1982-08-03,266.5322074243201,7.337064953341061,0.012899169698357582,0.008439282471087495
0,1982-08-04,266.5506248314926,7.356422037561363,6.910011870786548e-05,0.019357084220302134
0,1982-08-05,266.76682612396894,7.331168319184937,0.000811107805930078,-0.025253718376426093
0,1982-08-06,270.4947737642641,7.293637420373199,0.01397455483675003,-0.03753089881173821
0,1982-08-09,270.88451555264817,7.217621346769294,0.0014408477582037449,-0.07601607360390528
0,1982-08-10,272.4337643943758,7.302674984344848,0.005719222594052553,0.0850536375755544
0,1982-08-11,272.26804037327577,7.382010082960958,-0.0006083094049245119,0.07933509861611032
0,1982-08-12,271.5339553921333,7.509651146259218,-0.0026961849071085453,0.12764106329825964
0,1982-08-13,268.0207099190504,7.706308427120208,-0.012938512489199638,0.19665728086098966
0,1982-08-16,268.86875324752276,7.680342205201565,0.0031640962697565556,-0.02596622191864295
0,1982-08-17,275.03162406343336,7.638382537888016,0.02292148396372795,-0.04195966731354872
0,1982-08-18,275.4882632182859,7.704821121654371,0.0016603150870651007,0.06643858376635503
0,1982-08-19,274.782700781905,7.680298778990888,-0.002561134286224842,-0.024522342663482632
0,1982-08-20,275.1535333205867,7.607892881044463,0.0013495483435690403,-0.07240589794642549
0,1982-08-23,272.69538634135404,7.543291641686052,-0.00893372856080532,-0.064601239358411
0,1982-08-24,274.10951284392866,7.689403207424876,0.005185736808925867,0.1461115657388241
0,1982-08-25,268.08059445480166,7.718022491497207,-0.021994560956954956,0.02861928407233094
0,1982-08-26,273.1892910110016,7.699760343876024,0.019056569784879684,-0.018262147621182834
0,1982-08-27,271.48977607763334,7.775051129613955,-0.006221015937626362,0.07529078573793058
0,1982-08-30,264.59452042521536,7.7785960341493725,-0.02539784647524357,0.003544904535417892
0,1982-08-31,264.9893168142039,7.868472744982542,0.001492080744355917,0.0898767108331695
0,1982-09-01,260.15927761944744,7.668608291477925,-0.01822729781270027,-0.1998644535046168
0,1982-09-02,267.33897482805475,7.71466226406413,0.02759731374680996,0.04605397258620503
0,1982-09-03,263.8407369745551,7.69948124400994,-0.013085401616990566,-0.01518102005419042
0,1982-09-07,262.5582388516978,7.498314538814192,-0.0048608798533678055,-0.20116670519574775
0,1982-09-08,261.1957440250388,7.534306066648503,-0.005189305171370506,0.03599152783431059
0,1982-09-09,256.96511382439843,7.692557246654296,-0.016197163611650467,0.1582511800057933
0,1982-09-10,256.24511781952526,7.712690451541137,-0.0028019212186336517,0.020133204886841227
0,1982-09-13,255.22846046687576,7.702781799884483,-0.0039675189182162285,-0.009908651656654222
0,1982-09-14,256.02743574370174,7.655724673629367,0.00313043175265193,-0.047057126255116266
0,1982-09-15,255.30821170515867,7.859919542378212,-0.0028091678395867348,0.20419486874884551
0,1982-09-16,252.45378876248563,7.876511615382445,-0.011180302128195763,0.016592073004233043
0,1982-09-17,256.73563135774793,7.738863238470136,0.01696089655160904,-0.1376483769123089
0,1982-09-20,255.88081689924826,7.5207256265651665,-0.003329551313072443,-0.21813761190496983
0,1982-09-21,258.7006066053561,7.504251104719613,0.011019933968782425,-0.016474521845553092
0,1982-09-22,257.3877815605665,7.490561877120001,-0.005074688699096441,-0.01368922759961233
0,1982-09-23,260.1531714292235,7.349062041262834,0.010744060389697552,-0.14149983585716708
0,1982-09-24,259.1954516970771,7.146181832745026,-0.003681368660181761,-0.20288020851780786
0,1982-09-27,259.9889766185575,6.949666663426562,0.0030614924617111683,-0.1965151693184639
0,1982-09-28,257.58294536858034,6.959763258324786,-0.00925435870885849,0.010096594898223898
0,1982-09-29,256.5136032486212,6.960217594408895,-0.004151447676122189,0.0004543360841084976
0,1982-09-30,255.29015054017404,6.982585840278395,-0.004769543185830116,0.022368245869500036
0,1982-10-01,255.6054553865715,6.8665305182630885,0.0012350842589512467,-0.11605532201530622
0,1982-10-04,258.17639736297383,6.708251594428253,0.01005824375897646,-0.15827892383483544
0,1982-10-05,256.2467067546767,6.717289378645712,-0.0074743106961250305,0.009037784217459155
0,1982-10-06,254.7585856602024,6.6464233389494725,-0.005807376466691494,-0.07086603969623972
0,1982-10-07,254.85738431291145,6.625313697472096,0.0003878128482028842,-0.02110964147737615
0,1982-10-08,253.94471431936262,6.6456439271175665,-0.003581100841984153,0.020330229645470155
0,1982-10-13,255.91292015769793,6.692644391429147,0.0077505288645625114,0.04700046431158089
0,1982-10-14,257.59165162583923,6.66382849948732,0.006559776142239571,-0.028815891941827765
0,1982-10-15,257.3501460083924,6.634088850589107,-0.0009375521913170815,-0.02973964889821268
0,1982-10-18,256.26140794914073,6.575374321724849,-0.00423057097941637,-0.05871452886425832
0,1982-10-19,257.08921980427516,6.671184916747631,0.003230341477319598,0.09581059502278233
0,1982-10-20,259.05914243238436,6.743392690874832,0.007662408519536257,0.07220777412720114
0,1982-10-21,262.75052458733717,6.654221200751422,0.014249186962842941,-0.08917149012340975
0,1982-10-22,261.64859751261156,6.7043770521401935,-0.004193814937025309,0.05015585138877121
0,1982-10-25,263.92033236840996,6.844508464384119,0.008682388812303543,0.14013141224392545
0,1982-10-26,265.13296182051516,6.797422204562075,0.004594679921865463,-0.04708625982204406
0,1982-10-27,266.2665555357196,6.754834255838478,0.004275566898286343,-0.042587948723596725
0,1982-10-28,266.3737666433287,6.7793187203430785,0.00040264579001814127,0.02448446450460029
0,1982-10-29,278.3225490233535,6.7519655751321235,0.0448572039604187,-0.027353145210955
0,1982-11-01,284.13610811948627,6.7216761808085685,0.020887847989797592,-0.03028939432355493
0,1982-11-04,283.9100786879004,6.68165605179013,-0.0007954970351420343,-0.040020129018438766
0,1982-11-05,285.29530006050226,6.699937856371536,0.0048790848813951015,0.018281804581405936
0,1982-11-08,291.3630489509598,6.691293442530376,0.021268310025334358,-0.008644413841159881
0,1982-11-09,294.7835982280782,6.562096339202616,0.011739818379282951,-0.12919710332776013
0,1982-11-10,293.92480999112166,6.721556835553745,-0.0029132836498320103,0.15946049635112924
0,1982-11-15,291.71542025107186,6.695700925460351,-0.007516853511333466,-0.025855910093394385
0,1982-11-16,297.4482355094239,6.725067997040913,0.01965208165347576,0.02936707158056251
0,1982-11-17,296.3094505277254,6.705391838642671,-0.0038285148330032825,-0.01967615839824166
0,1982-11-18,294.9837319445414,6.680569700243015,-0.004474101588129997,-0.024822138399656524
0,1982-11-19,295.4174155218508,6.708847861571999,0.0014701948966830969,0.028278161328984197
0,1982-11-22,299.6940654896157,6.731223740904797,0.014476634562015533,0.022375879332797943
0,1982-11-23,300.1246312076149,6.861191665100374,0.0014366841642186046,0.12996792419557668
0,1982-11-24,298.71948939319856,7.017157633231008,-0.004681861028075218,0.15596596813063446
0,1982-11-26,299.6370692451167,7.036966883132671,0.0030717107001692057,0.01980924990166244
0,1982-11-29,300.06188776596025,7.032684222961057,0.0014177769189700484,-0.004282660171613273
0,1982-11-30,300.1007770870166,7.01884491321694,0.00012960433377884328,-0.0138393097441174
0,1982-12-01,302.51001788592754,7.0510548930098675,0.008028105832636356,0.03220997979292761
0,1982-12-02,304.5653027968838,7.032423029187978,0.0067941052839159966,-0.018631863821889638
0,1982-12-03,303.97732007578713,7.237515430950806,-0.00193056371062994,0.20509240176282795
0,1982-12-06,300.7132692822052,7.245922270312354,-0.010737810283899307,0.00840683936154818
0,1982-12-07,304.0933732193656,7.118541050039793,0.011240288615226746,-0.12738122027256082
0,1982-12-08,304.3512652322152,7.052055631809497,0.0008480685064569116,-0.06648541823029586
0,1982-12-09,301.2889276524915,7.0438555308932544,-0.010061852633953094,-0.008200100916242903
0,1982-12-10,301.7119295846298,7.132978333289579,0.0014039743691682816,0.0891228023963242
0,1982-12-13,301.3990298032123,7.227118692072811,-0.0010370812378823757,0.09414035878323279
0,1982-12-14,301.7465655305665,7.219296191813813,0.001153075136244297,-0.007822500258998666
0,1982-12-15,300.0357963110688,7.186532153216402,-0.005669556558132172,-0.03276403859741084
0,1982-12-16,295.3346607822669,7.214959569321763,-0.015668582171201706,0.02842741610536148
0,1982-12-17,295.61920238862507,7.278732209566177,0.0009634548332542181,0.0637726402444132
0,1982-12-20,304.02099067941515,7.194993155448185,0.028420982882380486,-0.08373905411799143
0,1982-12-21,301.50667985918227,7.230797458091361,-0.008270188234746456,0.03580430264317602
0,1982-12-22,304.44845218029417,7.194975805994212,0.00975690595805645,-0.03582165209714905
0,1982-12-23,302.83538027361135,7.244276783558854,-0.005298341624438763,0.049300977564642245
0,1982-12-27,301.03839940232274,7.314083804750685,-0.005933853797614574,0.06980702119183047
0,1982-12-28,296.6185607603527,7.340075615609796,-0.014681976288557053,0.025991810859110842
0,1982-12-29,297.6663616153197,7.40207430105404,0.003532485803589225,0.06199868544424447
0,1982-12-30,297.0830121919049,7.433459877301511,-0.0019597425125539303,0.031385576247470404
0,1982-12-31,295.73227729746986,7.4389827325696505,-0.004546658135950565,0.005522855268139892
0,1983-01-03,298.4328878356682,7.4466446516444,0.009131943807005882,0.007661919074749335
0,1983-01-04,304.5180339781745,7.265901749504411,0.020390333607792854,-0.1807429021399889
0,1983-01-05,303.90845534584486,7.265655831848686,-0.002001781715080142,-0.00024591765572523627
0,1983-01-06,303.0476343535536,7.238627190919003,-0.0028325009625405073,-0.02702864092968227
0,1983-01-07,301.57273269211277,7.266556561835535,-0.004866897128522396,0.027929370916531582
0,1983-01-10,298.2495502873476,7.269228560627414,-0.011019505560398102,0.002671998791878849
0,1983-01-11,298.08280731172147,7.244886134557814,-0.0005590720102190971,-0.02434242606959991
0,1983-01-12,301.740061218335,7.1292038896994425,0.01226925477385521,-0.11568224485837142
0,1983-01-13,300.4893348555282,7.159566814928084,-0.004145045764744282,0.03036292522864148
0,1983-01-14,298.08727016738817,7.171374079607091,-0.007993843406438828,0.011807264679006835
0,1983-01-17,295.5601246528805,7.20390712545291,-0.008477871306240559,0.03253304584581951
0,1983-01-18,292.5077667419098,7.176572151033067,-0.01032736711204052,-0.027334974419843228
0,1983-01-19,291.09396889141317,7.310132833073181,-0.004833368584513664,0.1335606820401143
0,1983-01-20,284.81015178419995,7.404922968033238,-0.02158690243959427,0.09479013496005617
0,1983-01-21,286.53233781498017,7.422793201841098,0.006046785973012447,0.01787023380786046
0,1983-01-24,289.7847190298109,7.3971121298828955,0.011350834742188454,-0.025681071958202573
0,1983-01-25,288.0289191418649,7.396292287954881,-0.006058980245143175,-0.0008198419280143199
0,1983-01-26,292.39760176567864,7.354414075423917,0.015167513862252235,-0.04187821253096402
0,1983-01-27,293.8982874124133,7.366607855676629,0.005132345948368311,0.012193780252712116
0,1983-01-28,291.72934929881905,7.350511592714452,-0.007379893679171801,-0.016096262962177477
0,1983-01-31,300.03215722463403,7.362450031450678,0.028460653498768806,0.011938438736225798
0,1983-02-01,299.9754565656275,7.31463665640945,-0.00018898193957284093,-0.04781337504122796
0,1983-02-02,298.89029250141806,7.309635950594955,-0.003617509501054883,-0.005000705814494744
0,1983-02-03,296.95948353187265,7.369147544801497,-0.006459925323724747,0.059511594206542284
0,1983-02-04,291.5977441615675,7.390574377059231,-0.01805545762181282,0.021426832257733786
0,1983-02-07,293.448551201633,7.45351073239228,0.006347123999148607,0.06293635533304887
0,1983-02-08,291.817121431527,7.52839015772179,-0.005559508688747883,0.07487942532951042
0,1983-02-09,293.13701971055093,7.446396101021632,0.00452303234487772,-0.08199405670015825
0,1983-02-10,292.1160486618987,7.463092837283187,-0.003482914064079523,0.016696736261555323
0,1983-02-11,293.230234684397,7.488881350101741,0.0038141896948218346,0.025788512818553322
0,1983-02-14,296.62253083985064,7.387478456354886,0.011568712070584297,-0.10140289374685452
0,1983-02-15,298.6724958507757,7.337669840258345,0.006911022588610649,-0.049808616096541414
0,1983-02-16,297.99242542971854,7.389927252239103,-0.0022769770585000515,0.05225741198075795
0,1983-02-17,295.1179237860354,7.390943439526378,-0.009646223857998848,0.0010161872872753719
0,1983-02-18,294.97323169143243,7.379683623462182,-0.0004902856890112162,-0.011259816064195682
0,1983-02-22,294.69243145083686,7.397946126921731,-0.000951951602473855,0.018262503459548718
0,1983-02-23,295.6532659091967,7.299081419442167,0.0032604653388261795,-0.09886470747956366
0,1983-02-24,293.6986689057419,7.2260930648464905,-0.006611112505197525,-0.07298835459567687
0,1983-02-25,295.5366755664074,7.206859839208774,0.00625813752412796,-0.019233225637716345
0,1983-02-28,293.007497063848,7.077914255223922,-0.008557917550206184,-0.12894558398485234
0,1983-03-01,293.59933769226336,7.125182589295766,0.0020198822021484375,0.04726833407184383
0,1983-03-02,293.22188870490385,7.248304522770897,-0.0012855920940637589,0.12312193347513123
0,1983-03-03,294.26762129660693,7.1675145110697125,0.003566352417692542,-0.08079001170118438
0,1983-03-04,292.96835675402434,7.099537806771287,-0.004415248055011034,-0.06797670429842562
0,1983-03-07,291.16447143110105,7.147706837706376,-0.0061572701670229435,0.04816903093508884
0,1983-03-08,290.3385766107278,7.150134259141309,-0.0028365233447402716,0.0024274214349331302
0,1983-03-09,290.6170987873801,7.1483401557776745,0.0009593013091944158,-0.0017941033636343917
0,1983-03-10,288.6001326937024,7.142630162971978,-0.006940287072211504,-0.005709992805696729
0,1983-03-11,295.6236471621427,7.0412072254631894,0.024336490780115128,-0.10142293750878828
0,1983-03-14,296.27878712221076,7.058087706550883,0.0022161283995956182,0.01688048108769369
0,1983-03-15,297.43627886228336,7.117382731832337,0.00390676548704505,0.05929502528145392
0,1983-03-16,299.36930072493885,7.115700972286826,0.006498944479972124,-0.0016817595455114187
0,1983-03-17,302.45646060924,7.077396359743178,0.010312212631106377,-0.03830461254364792
0,1983-03-18,305.0616661775425,7.005274167619667,0.00861348956823349,-0.07212219212351112
0,1983-03-21,306.7434843044106,7.0097111367176455,0.005513043142855167,0.00443696909797886
0,1983-03-22,307.5268999161249,7.011787621959205,0.002553976373746991,0.002076485241559567
0,1983-03-23,301.18663992697554,7.078695176284385,-0.0206169281154871,0.06690755432518003
0,1983-03-24,303.52133003163516,7.060025758995455,0.007751639001071453,-0.01866941728892968
0,1983-03-25,304.52651142957984,7.049145237055392,0.003311732318252325,-0.010880521940062948
0,1983-03-28,306.6412076991032,7.03343477726696,0.006944210734218359,-0.01571045978843255
0,1983-03-29,307.419123099213,7.012377599830276,0.00253689126111567,-0.021057177436683894
0,1983-03-30,308.52584996066065,7.047630228601988,0.003600058611482382,0.03525262877171187
0,1983-03-31,307.035897822844,7.089581775988659,-0.004829261917620897,0.04195154738667117
0,1983-04-04,307.6087216521011,7.053763743832978,0.0018656575120985508,-0.03581803215568069
0,1983-04-05,304.5252369416883,7.0700633579903664,-0.010024048388004303,0.01629961415738812
0,1983-04-06,308.6579423259247,7.038452123700386,0.013570978306233883,-0.03161123428998014
0,1983-04-07,307.5791807118158,7.015283258473587,-0.0034950068220496178,-0.023168865226799618
0,1983-04-08,309.2755427247598,7.027969489737187,0.005515204276889563,0.012686231263600689
0,1983-04-11,308.5108610796683,7.040249648252414,-0.0024724930990487337,0.012280158515226347
0,1983-04-12,305.8523124557922,7.094013052037515,-0.008617358282208443,0.05376340378510136
0,1983-04-13,306.80505920602786,7.2451845792327365,0.0031150549184530973,0.15117152719522142
0,1983-04-14,304.1897455331343,7.225373944749593,-0.008524349890649319,-0.019810634483143907
0,1983-04-15,302.6971958420643,7.235610872507935,-0.004906640388071537,0.010236927758342063
0,1983-04-18,299.88397250798846,7.2613375830013505,-0.009293853305280209,0.025726710493415794
0,1983-04-19,299.6913214576432,7.233064356373517,-0.0006424186285585165,-0.02827322662783338
0,1983-04-20,300.81512439402456,7.274844833840854,0.00374986813403666,0.04178047746733693
0,1983-04-21,299.3466103968876,7.261769645270557,-0.004881782457232475,-0.01307518857029688
0,1983-04-22,302.50910686865086,7.223560407163901,0.010564664378762245,-0.03820923810665633
0,1983-04-25,300.79836997875054,7.2409163978754325,-0.005655158311128616,0.01735599071153171
0,1983-04-26,297.45011727746174,7.16326680293338,-0.011131219565868378,-0.07764959494205215
0,1983-04-27,300.1769867477359,6.872010312467806,0.009167484939098358,-0.29125649046557456
0,1983-04-28,299.7207813134617,6.8681762530734005,-0.0015197881730273366,-0.003834059394405287
0,1983-04-29,297.9589870941992,6.905453581362547,-0.005878118332475424,0.03727732828914654
0,1983-05-02,298.96865354164436,6.8651151314722245,0.003388608805835247,-0.040338449890322536
0,1983-05-03,298.8247784975784,6.820304900837685,-0.0004812378901988268,-0.04481023063453993
0,1983-05-04,296.3345075924016,6.899122599291922,-0.008333548903465271,0.07881769845423747
0,1983-05-05,292.3476373404053,6.805886534278867,-0.013453952036798,-0.09323606501305548
0,1983-05-06,291.49479037092345,6.705764770624397,-0.002917235717177391,-0.10012176365447001
0,1983-05-09,289.1817456477259,6.700519943389016,-0.00793511513620615,-0.005244827235380889
0,1983-05-10,287.47767035596354,6.53931311046022,-0.005892748478800058,-0.16120683292879612
0,1983-05-11,291.16945899925696,6.650637662380665,0.012842001393437386,0.1113245519204451
0,1983-05-12,289.2270776280403,6.694912214933102,-0.006670965347439051,0.044274552552437285
0,1983-05-13,287.3939114749182,6.662226594459819,-0.00633815536275506,-0.03268562047328327
0,1983-05-16,291.0753161986153,6.8784916334204675,0.012809612788259983,0.21626503896064886
0,1983-05-17,286.5434790619729,6.912095084922186,-0.01556929387152195,0.03360345150171806
0,1983-05-18,286.9432229350512,6.907906802892969,0.0013950548600405455,-0.00418828202921695
0,1983-05-19,289.04924429187025,6.966513577531499,0.0073395054787397385,0.05860677463853037
0,1983-05-20,288.01501882644203,7.035066446357927,-0.003578025149181485,0.06855286882642808
0,1983-05-23,290.4708846595852,6.9768144659518905,0.008526867255568504,-0.05825198040603663
0,1983-05-24,291.69941799860294,7.008287896969483,0.004229454323649406,0.03147343101759237
0,1983-05-25,289.8121960057215,6.883586577068926,-0.006469748914241791,-0.12470131990055666
0,1983-05-26,293.9474177038644,6.825426981064965,0.014268625527620316,-0.05815959600396159
0,1983-05-27,293.7105127941679,6.72760006196725,-0.0008059431565925479,-0.09782691909771479
0,1983-05-31,293.01948814148653,6.756004838277397,-0.002352740615606308,0.02840477631014693
0,1983-06-01,292.78584906445144,6.9452161169707995,-0.0007973499596118927,0.18921127869340282
0,1983-06-02,288.9734540629988,6.9216394120015465,-0.013021104037761688,-0.023576704969253015
0,1983-06-03,293.2537229714714,6.916708832508002,0.014811979606747627,-0.004930579493544585
0,1983-06-06,291.2991036783331,6.9654313442779205,-0.006665283814072609,0.0487225117699186
0,1983-06-07,289.6176039316844,6.911130186785333,-0.005772416479885578,-0.05430115749258757
0,1983-06-08,292.1786743451013,6.779705163882244,0.008842937648296356,-0.13142502290308933
0,1983-06-09,291.4781752993469,6.8916239890746205,-0.0023975023068487644,0.11191882519237684
0,1983-06-10,287.53527174740435,6.914639318517317,-0.013527268543839455,0.023015329442696242
0,1983-06-13,285.7333484546313,7.102539557480221,-0.006266790442168713,0.18790023896290453
0,1983-06-14,282.9369826788742,7.119697701763205,-0.009786627255380154,0.01715814428298401
0,1983-06-15,283.24694191068033,7.097582281122936,0.001095506246201694,-0.022115420640269612
0,1983-06-16,280.88950140770487,7.0039318206625145,-0.008322915993630886,-0.09365046046042114
0,1983-06-17,281.63241022317686,6.965100195105026,0.002644843654707074,-0.038831625557488536
0,1983-06-20,281.0807028843449,7.055794548435583,-0.00195896252989769,0.09069435333055686
0,1983-06-21,281.5454504600586,7.043573851174303,0.0016534310998395085,-0.012220697261279945
0,1983-06-22,281.1953722475273,7.11444368223325,-0.0012434163363650441,0.07086983105894706
0,1983-06-23,280.2407641729575,7.143601585302716,-0.0033948214258998632,0.029157903069465974
0,1983-06-24,280.42759934002993,7.150991195104521,0.0006666951812803745,0.0073896098018053635
0,1983-06-27,279.1170095713429,7.2318301991596226,-0.0046735405921936035,0.08083900405510125
0,1983-06-28,275.26990046195016,7.2427845486141305,-0.013783141039311886,0.010954349454507906
0,1983-06-29,277.8848562461904,7.141427266380519,0.009499606676399708,-0.10135728223361173
0,1983-06-30,279.71578395338867,7.217427635113338,0.006588799878954887,0.07600036873281901
0,1983-07-01,279.0980351140207,7.225102774980695,-0.002208487596362829,0.007675139867357572
0,1983-07-05,280.6122412751298,7.198879918780865,0.005425355862826109,-0.02622285619982989
0,1983-07-06,284.60412094596245,7.172673634081988,0.014225607737898827,-0.02620628469887709
0,1983-07-07,286.0476109067334,7.427284159112125,0.005071922205388546,0.25461052503013626
0,1983-07-08,281.97147747122017,7.443559892889521,-0.01424984261393547,0.01627573377739644
0,1983-07-11,281.07442128806343,7.49280938789711,-0.003181372070685029,0.04924949500758924
0,1983-07-12,282.711469949978,7.497911534847875,0.005824253428727388,0.005102146950764386
0,1983-07-13,284.50797290816183,7.475267429151172,0.006354545708745718,-0.02264410569670261
0,1983-07-14,284.4058935185973,7.5014762057649556,-0.00035879272036254406,0.026208776613783513
0,1983-07-15,284.6138187876053,7.398170037969474,0.0007310863584280014,-0.10330616779548141
0,1983-07-18,284.5830005752703,7.369920710642144,-0.00010828080121427774,-0.02824932732733032
0,1983-07-19,282.2837565013238,7.467673953423828,-0.008079344406723976,0.09775324278168451
0,1983-07-20,281.4480248573537,7.613509908985821,-0.0029606083407998085,0.14583595556199302
0,1983-07-21,277.7097385902086,7.702927648354228,-0.013282332569360733,0.08941773936840658
0,1983-07-22,273.9470865789421,7.71638886238578,-0.013548865914344788,0.013461214031551982
0,1983-07-25,272.3478341999221,7.839352896303813,-0.005837814882397652,0.12296403391803334
0,1983-07-26,266.9719354090568,7.74997386182524,-0.019739091396331787,-0.08937903447857298
0,1983-07-27,271.93446369257265,7.629618773265574,0.018588202074170113,-0.12035508855966626
0,1983-07-28,271.6754633596221,7.6248543203058,-0.000952436588704586,-0.004764452959774346
0,1983-07-29,270.09429987018626,7.640377877400142,-0.005820045247673988,0.015523557094342166
0,1983-08-01,268.1221421776025,7.6882633658777015,-0.007301737554371357,0.04788548847755969
0,1983-08-02,267.27823432515765,7.712003670096753,-0.0031474754214286804,0.023740304219051822
0,1983-08-03,265.9845316073929,7.759781229325326,-0.004840284585952759,0.04777755922857274
0,1983-08-04,263.7886474142376,7.717621094397533,-0.008255683816969395,-0.04216013492779336
0,1983-08-05,265.5837109525457,7.798498186687935,0.006804930977523327,0.08087709229040208
0,1983-08-08,260.6393250400528,7.914409406663446,-0.01861705258488655,0.11591121997551124
0,1983-08-09,265.40861218219004,7.915117993803337,0.018298417329788208,0.0007085871398908594
0,1983-08-10,262.1036178813595,7.820834383830302,-0.012452475726604462,-0.09428360997303464
0,1983-08-11,266.2727792525595,7.7892689382513485,0.01590653881430626,-0.0315654455789538
0,1983-08-12,264.30508022232294,7.882097928497655,-0.0073897866532206535,0.0928289902463062
0,1983-08-15,263.0565900081587,7.88040031721044,-0.004723670892417431,-0.0016976112872146842
0,1983-08-16,265.63982906677586,7.809817624306234,0.009820088744163513,-0.07058269290420593
0,1983-08-17,267.75475952295795,7.794374569904052,0.007961646653711796,-0.015443054402181744
0,1983-08-18,266.21264968407,7.815384441601875,-0.005759411491453648,0.021009871697822646
0,1983-08-19,270.99677299993743,7.799782519266986,0.017971059307456017,-0.015601922334888663
0,1983-08-22,269.0981073243613,7.816457270705803,-0.00700622983276844,0.016674751438817026
0,1983-08-23,271.5750279659915,7.789888991244278,0.00920452643185854,-0.02656827946152518
0,1983-08-24,270.3615951975431,7.83419188710037,-0.004468130879104137,0.044302895856091595
0,1983-08-25,269.2431291512646,7.888118440818181,-0.004136926494538784,0.053926553717810854
0,1983-08-26,268.9133495688978,7.832898469186626,-0.001224839361384511,-0.0552199716315549
0,1983-08-29,271.1131408806612,7.955969423339543,0.008180297911167145,0.12307095415291691
0,1983-08-30,271.34367597862104,8.022522902580281,0.0008503280114382505,0.06655347924073851
0,1983-08-31,273.16781570393596,7.944343514426155,0.0067226174287498,-0.07817938815412617
0,1983-09-01,272.32141223377914,7.953677657285072,-0.0030984743498265743,0.00933414285891665
0,1983-09-02,268.29703287956926,8.019930066115784,-0.014778049662709236,0.06625240883071193
0,1983-09-06,270.74520478846705,8.073693520707558,0.009124856442213058,0.05376345459177401
0,1983-09-07,264.51820778376367,8.106144256190976,-0.02299947291612625,0.032450735483418924
0,1983-09-08,268.40600640228314,8.074404698319057,0.014697659760713577,-0.03173955787191929
0,1983-09-09,267.77340481154346,8.105302382824753,-0.0023568831384181976,0.030897684505696077
0,1983-09-12,269.83766980937634,8.116109643143458,0.007708999328315258,0.010807260318705048
0,1983-09-13,268.91241295404143,8.150659989750663,-0.0034289387986063957,0.034550346607204574
0,1983-09-14,270.49004424744146,8.147725590690836,0.005866710562258959,-0.002934399059826731
0,1983-09-15,271.32818421591907,8.137555889136447,0.003098598215728998,-0.010169701554389121
0,1983-09-16,273.9325487915825,8.083218094441508,0.00959857739508152,-0.05433779469493949
0,1983-09-19,273.82520831818886,8.119806278868984,-0.00039185001514852047,0.03658818442747602
0,1983-09-20,272.19924696965694,8.1520951660891,-0.005937953479588032,0.032288887220117246
0,1983-09-21,275.78750730790193,8.053463617601121,0.013182477094233036,-0.09863154848797961
0,1983-09-22,278.26182591164263,8.10426632163389,0.008971829898655415,0.050802704032768986
0,1983-09-23,274.5718342776716,8.127102690038258,-0.013260861858725548,0.0228363684043682
0,1983-09-26,275.42755781944396,8.101831775324873,0.0031165743712335825,-0.02527091471338494
0,1983-09-27,274.25014689754386,8.126834344299548,-0.0042748479172587395,0.025002568974674233
0,1983-09-28,272.1673053170115,8.105866789936574,-0.007594678085297346,-0.020967554362973928
0,1983-09-29,273.8209029113537,8.062451684518727,0.006075665820389986,-0.043415105417846434
0,1983-09-30,274.0104735942,8.035976441908812,0.0006923163309693336,-0.02647524260991574
0,1983-10-03,273.6139155038218,8.05134435418792,-0.0014472369803115726,0.015367912279108609
0,1983-10-04,272.2629201048606,8.0898198926164,-0.0049375975504517555,0.038475538428480505
0,1983-10-05,272.28986942637806,8.132670338094497,9.898270945996046e-05,0.04285044547809669
0,1983-10-06,271.9281587115175,8.115488781994376,-0.0013284031301736832,-0.017181556100121398
0,1983-10-07,270.98881343739305,8.121525299192763,-0.003454387653619051,0.006036517198387159
0,1983-10-12,270.4235342919395,8.059932852252437,-0.002085987012833357,-0.06159244694032573
0,1983-10-13,270.91719501645144,8.15455663080038,0.0018255094764754176,0.0946237785479429
0,1983-10-14,269.93621133299064,8.11322766802596,-0.003620972391217947,-0.04132896277442022
0,1983-10-17,273.0089414378653,8.244187114293025,0.011383171193301678,0.1309594462670649
0,1983-10-18,268.4734212448686,8.328843163893824,-0.016613082960247993,0.08465604960079887
0,1983-10-19,268.6452488557788,8.296314936348296,0.0006400172132998705,-0.03252822754552831
0,1983-10-20,267.9540528307833,8.218490091748299,-0.0025728950276970863,-0.07782484459999672
0,1983-10-21,270.18599744476245,8.2270393192433,0.00832957960665226,0.008549227495000977
0,1983-10-24,272.1779503546085,8.258507657220063,0.007372524589300156,0.031468337976763294
0,1983-10-25,271.17764757923936,8.282414598791851,-0.00367517932318151,0.023906941571787854
0,1983-10-26,270.4476312250518,8.285827832831067,-0.002692022593691945,0.0034132340392165617
0,1983-10-27,268.83045189263936,8.289077520390466,-0.005979639478027821,0.00324968755939814
0,1983-10-28,264.2376351103973,8.413699380280248,-0.017084436491131783,0.12462185988978192
0,1983-10-31,260.1308388794689,8.348498928633296,-0.015542056411504745,-0.06520045164695176
0,1983-11-01,264.42796705222463,8.374516477051934,0.016519103199243546,0.026017548418638015
0,1983-11-02,264.04677839857453,8.454355413618194,-0.0014415595214813948,0.07983893656625973
0,1983-11-03,264.9291159011481,8.442261861719075,0.003341595409438014,-0.012093551899118538
0,1983-11-04,263.1640522896978,8.535855992861388,-0.006662399508059025,0.09359413114231252
0,1983-11-07,262.8273109170587,8.401764695984824,-0.0012795872753486037,-0.13409129687656396
0,1983-11-10,264.3789042713441,8.45786148405729,0.005903470795601606,0.0560967880724661
0,1983-11-15,263.3109528521208,8.441711151629395,-0.00403947290033102,-0.016150332427894654
0,1983-11-16,265.8415371455023,8.39723113328204,0.009610630571842194,-0.04448001834735571
0,1983-11-17,267.4174898396038,8.340604954289436,0.00592816574499011,-0.05662617899260347
0,1983-11-18,269.8440925997507,8.366448584711334,0.009074211120605469,0.025843630421897856
0,1983-11-21,266.26235400482483,8.451549335454686,-0.013273363001644611,0.08510075074335255
0,1983-11-22,265.12212350373755,8.467768775120167,-0.004282357171177864,0.01621943966548045
0,1983-11-23,270.23818957094437,8.34755976569025,0.01929701678454876,-0.1202090094299173
0,1983-11-25,274.19593280418223,8.247169180726353,0.014645388349890709,-0.10039058496389686
0,1983-11-28,275.8378729425051,8.280836135796244,0.005988200195133686,0.03366695506989181
0,1983-11-29,270.97735862008165,8.431262426552186,-0.017620909959077835,0.1504262907559415
0,1983-11-30,267.5291272419052,8.536231405839368,-0.01272516418248415,0.1049689792871824
0,1983-12-01,268.05655717742496,8.555056283012027,0.001971486024558544,0.01882487717265846
0,1983-12-02,268.95606846526994,8.51697722462471,0.0033556772395968437,-0.03807905838731607
0,1983-12-05,272.4251512440402,8.542322802541452,0.012898324988782406,0.025345577916741746
0,1983-12-06,272.3208310258769,8.420684085962199,-0.00038293167017400265,-0.12163871657925363
0,1983-12-07,273.744601999668,8.427785201264392,0.00522828521206975,0.007101115302193151
0,1983-12-08,271.18739315370175,8.450873750341236,-0.009341586381196976,0.02308854907684399
0,1983-12-09,273.58453066419446,8.540077865752897,0.008839413523674011,0.08920411541166118
0,1983-12-12,274.00093586039355,8.517859970320872,0.0015220348723232746,-0.022217895432024903
0,1983-12-13,277.63984859531126,8.465186537406671,0.013280658051371574,-0.0526734329142009
0,1983-12-14,282.46810115154176,8.451919863439686,0.01739034429192543,-0.01326667396698511
0,1983-12-15,285.18011047102925,8.620664840431395,0.009601117111742496,0.1687449769917091
0,1983-12-16,283.366019164337,8.601813653969673,-0.006361212581396103,-0.018851186461722236
0,1983-12-19,286.0655455311454,8.572829150633295,0.009526641108095646,-0.028984503336378253
0,1983-12-20,284.7959243552186,8.612040787011614,-0.004438217729330063,0.039211636378318815
0,1983-12-21,285.4342814101911,8.580487667276392,0.0022414543200284243,-0.03155311973522146
0,1983-12-22,285.0855203627872,8.658099163014922,-0.0012218611082062125,0.07761149573853032
0,1983-12-23,281.65475397977997,8.887961975338712,-0.012034165672957897,0.22986281232378936
0,1983-12-27,278.2555398929319,8.853830427823837,-0.012068726122379303,-0.03413154751487468
0,1983-12-28,281.9742065999952,8.707970052024075,0.013364214450120926,-0.14586037579976185
0,1983-12-29,282.0247881682774,8.650023705064466,0.0001793836709111929,-0.057946346959608874
0,1983-12-30,280.23163714107915,8.630873690696152,-0.0063581326976418495,-0.019150014368314316
0,1984-01-03,276.4687387092771,8.574050360377827,-0.013427814468741417,-0.056823330318325205
0,1984-01-04,279.1056528615749,8.397304252122668,0.009537838399410248,-0.17674610825515913
0,1984-01-05,277.8486178429732,8.460619810925026,-0.0045037963427603245,0.0633155588023584
0,1984-01-06,275.28267414661366,8.493823106241653,-0.00923504214733839,0.03320329531662658
0,1984-01-09,278.512577345233,8.36910763522597,0.01173304207623005,-0.12471547101568348
0,1984-01-10,283.15771745911957,8.219159360693755,0.01667838543653488,-0.14994827453221404
0,1984-01-11,283.609420847024,8.314629414446156,0.0015952360117807984,0.09547005375240047
0,1984-01-12,284.2864883246615,8.258331451633822,0.002387323649600148,-0.05629796281233368
0,1984-01-13,281.7460256144717,8.15717499120198,-0.008936276659369469,-0.10115646043184157
0,1984-01-16,281.9046108360565,8.076328108118163,0.0005628658691421151,-0.08084688308381693
0,1984-01-17,283.207777232495,8.023784754904371,0.004622721113264561,-0.05254335321379244
0,1984-01-18,285.85872560513513,7.996594252453959,0.009360436350107193,-0.02719050245041199
0,1984-01-19,285.9731753585336,7.97543689787207,0.0004003717331215739,-0.021157354581888832
0,1984-01-20,285.4728646080521,8.026750567100967,-0.0017495023785158992,0.051313669228896686
0,1984-01-23,286.3231912584092,8.068287870908769,0.0029786601662635803,0.04153730380780196
0,1984-01-24,288.360543005632,8.009765383646366,0.00711556663736701,-0.058522487262402834
0,1984-01-25,290.4096377504667,8.065343348914123,0.007106016390025616,0.055577965267756824
0,1984-01-26,291.4220918235829,8.096929980286507,0.003486296394839883,0.03158663137238449
0,1984-01-27,289.2302851712616,8.16912398270398,-0.007521072402596474,0.07219400241747209
0,1984-01-30,284.8753417085011,8.232457676602806,-0.01505701057612896,0.06333369389882648
0,1984-01-31,284.077018814137,8.247026678199534,-0.0028023587074130774,0.014569001596727915
0,1984-02-01,282.0865232778587,8.282790096077354,-0.0070068868808448315,0.03576341787782056
0,1984-02-02,278.37342904582295,8.189238084549276,-0.013162962161004543,-0.0935520115280788
0,1984-02-03,278.57220415961064,8.180124378723185,0.0007140592206269503,-0.009113705826090168
0,1984-02-06,278.20726293999775,8.185289763405164,-0.0013100417563691735,0.00516538468197858
0,1984-02-07,282.08610567972187,8.132138789003012,0.013942277058959007,-0.05315097440215233
0,1984-02-08,281.4016651967316,8.15411214753216,-0.0024263530503958464,0.021973358529148612
0,1984-02-09,285.9349205452201,8.094438575768056,0.01610955409705639,-0.059673571764104594
0,1984-02-10,284.88641830062454,8.039704930736223,-0.0036669261753559113,-0.05473364503183298
0,1984-02-15,281.82418450232973,8.02999226613672,-0.010748963803052902,-0.00971266459950293
0,1984-02-16,281.57898795042144,8.12856529705586,-0.0008700337493792176,0.09857303091914105
0,1984-02-17,277.18608417601786,8.127313589381801,-0.015600964426994324,-0.0012517076740596877
0,1984-02-21,285.03918675721377,8.086750825727416,0.028331518173217773,-0.04056276365438549
0,1984-02-22,283.2453654172915,8.038117816564402,-0.006293244659900665,-0.04863300916301405
0,1984-02-23,283.58045953537845,7.977378924460714,0.0011830524308606982,-0.06073889210368755
0,1984-02-24,286.2494802486706,8.004350100922723,0.00941186398267746,0.026971176462009083
0,1984-02-27,285.7676602217564,8.075681925023789,-0.001683217124082148,0.07133182410106542
0,1984-02-28,287.5639609742743,8.172371652763433,0.006285878363996744,0.09668972773964413
0,1984-02-29,287.778418770663,8.155246784329442,0.0007457742467522621,-0.017124868433990414
0,1984-03-01,290.81087622797776,8.149997312367129,0.010537473484873772,-0.005249471962313734
0,1984-03-02,287.43494751466585,8.160439259827989,-0.011608674190938473,0.010441947460860135
0,1984-03-05,289.30685847425775,8.080776111155796,0.0065124682150781155,-0.07966314867219282
0,1984-03-06,291.38150944831693,8.076558920165391,0.007171108853071928,-0.004217190990404518
0,1984-03-07,291.9647035664204,8.137844183453714,0.0020014795009046793,0.06128526328832251
0,1984-03-08,293.66292854994964,8.168179032797148,0.005816542077809572,0.030334849343434556
0,1984-03-09,293.72884215767675,7.981800632560534,0.00022445328067988157,-0.186378400236614
0,1984-03-12,291.9341369230226,7.954117540311228,-0.006110074929893017,-0.02768309224930654
0,1984-03-13,293.3957975002435,7.977061337076334,0.005006816238164902,0.02294379676510605
0,1984-03-14,291.0432734718958,7.960289178492429,-0.008018260821700096,-0.016772158583904684
0,1984-03-15,294.2602955610037,7.924994810010002,0.011053415015339851,-0.035294368482427174
0,1984-03-16,293.40653169322957,7.824319096129841,-0.0029013899620622396,-0.10067571388016106
0,1984-03-19,300.1030097247956,7.769665139485793,0.022823207080364227,-0.0546539566440476
0,1984-03-20,300.6106027197751,7.69590095944606,0.0016913958825170994,-0.07376418003973306
0,1984-03-21,299.40801340990953,7.674101520652125,-0.004000488668680191,-0.02179943879393509
0,1984-03-22,300.03171384154166,7.9530608217236685,0.002083112020045519,0.2789593010715432
0,1984-03-23,294.1854962652736,7.974603248014104,-0.01948533207178116,0.021542426290435124
0,1984-03-26,297.5029237610388,7.780686353822399,0.011276652105152607,-0.19391689419170444
0,1984-03-27,299.8237637499356,7.6115445433673035,0.007801066152751446,-0.1691418104550957
0,1984-03-28,302.82041779212005,7.541778177309577,0.009994718246161938,-0.06976636605772679
0,1984-03-29,299.404035138556,7.613693374299088,-0.0112818768247962,0.07191519698951154
0,1984-03-30,300.1678960049693,7.585570419055615,0.002551271114498377,-0.028122955243473413
0,1984-04-02,305.7676114881733,7.679135061492145,0.01865527778863907,0.0935646424365304
0,1984-04-03,304.34952013344025,7.818934823990924,-0.004637807607650757,0.1397997624987788
0,1984-04-04,303.14791597761445,7.813640354892572,-0.003948105964809656,-0.005294469098352295
0,1984-04-05,307.2884844580967,7.808113875223485,0.013658574782311916,-0.0055264796690863704
0,1984-04-06,306.6451846754161,7.752069252499071,-0.002093471819534898,-0.05604462272441424
0,1984-04-09,309.23114013835306,7.738298320861913,0.008433054201304913,-0.013770931637157702
0,1984-04-10,306.8644378937356,7.734139002555686,-0.00765350554138422,-0.004159318306227178
0,1984-04-11,304.8446637899816,7.7686702265242005,-0.006581975147128105,0.03453122396851427
0,1984-04-12,303.389671645775,7.782387355628072,-0.004772896878421307,0.01371712910387135
0,1984-04-13,299.38534561604575,7.617304450790527,-0.013198623433709145,-0.1650829048375444
0,1984-04-16,302.86329631798344,7.68010237747828,0.011616970412433147,0.06279792668775297
0,1984-04-17,300.2767411462552,7.703647746056413,-0.008540338836610317,0.02354536857813283
0,1984-04-18,296.4530865869915,7.656773781108377,-0.012733768671751022,-0.04687396494803586
0,1984-04-19,295.6939990467521,7.579300333338502,-0.0025605654809623957,-0.07747344776987575
0,1984-04-23,293.3949971181488,7.557221163552973,-0.007774936035275459,-0.022079169785528485
0,1984-04-24,293.6803030070074,7.632068235519431,0.0009724292904138565,0.07484707196645779
0,1984-04-25,293.94779602118,7.631794659639955,0.0009108306257985532,-0.00027357587947562934
0,1984-04-26,295.29869511019666,7.54478099778248,0.004595710895955563,-0.08701366185747528
0,1984-04-27,295.1783327488394,7.47296228587656,-0.00040759530384093523,-0.07181871190592037
0,1984-04-30,296.78242085893226,7.446744124212701,0.005434301681816578,-0.026218161663858375
0,1984-05-01,296.54054804686035,7.499579479103172,-0.0008149836212396622,0.052835354890470754
0,1984-05-02,295.7618744164243,7.570881130715575,-0.0026258588768541813,0.0713016516124032
0,1984-05-03,296.09798483265445,7.526104275377209,0.0011364223901182413,-0.04477685533836606
0,1984-05-04,300.89376357127355,7.463213855538834,0.016196593642234802,-0.06289041983837507
0,1984-05-07,302.0765766447775,7.484345819520585,0.003930998966097832,0.02113196398175088
0,1984-05-08,301.8984007645781,7.502690284921968,-0.0005898367962799966,0.018344465401383125
0,1984-05-09,305.402080197712,7.492221116105842,0.011605491861701012,-0.010469168816126029
0,1984-05-10,304.0344027579856,7.482088297551837,-0.004478284623473883,-0.010132818554005496
0,1984-05-11,302.01462150365876,7.494592566819201,-0.00664326548576355,0.012504269267364698
0,1984-05-14,302.57928506712415,7.609317063000038,0.001869656378403306,0.11472449618083669
0,1984-05-15,302.5642477484443,7.58592096981298,-4.969711881130934e-05,-0.023396093187058042
0,1984-05-16,305.8833821085454,7.567074326873218,0.010970015078783035,-0.018846642939761793
0,1984-05-17,305.45758592240253,7.623179573529663,-0.0013920213095843792,0.05610524665644512
0,1984-05-18,303.7176022009293,7.680923229062005,-0.005696318577975035,0.05774365553234162
0,1984-05-21,296.6761280146793,7.733594936221566,-0.02318428084254265,0.052671707159561265
0,1984-05-22,295.8733827497463,7.687280627158144,-0.0027057966217398643,-0.04631430906342171
0,1984-05-23,297.2216638416954,7.695982087330615,0.004556952975690365,0.008701460172470199
0,1984-05-24,299.05113461971087,7.734615130054187,0.006155240349471569,0.03863304272357215
0,1984-05-25,302.4540407627427,7.714582736382182,0.01137901097536087,-0.020032393672004822
0,1984-05-29,303.37032031998933,7.681929711144886,0.0030294836033135653,-0.03265302523729563
0,1984-05-30,307.362130305289,7.546509558597334,0.013158208690583706,-0.13542015254755224
0,1984-05-31,305.08248509971514,7.568214309390281,-0.0074168057180941105,0.021704750792946648
0,1984-06-01,302.71479584856235,7.5609663538612075,-0.007760816719383001,-0.007247955529073202
0,1984-06-04,306.11513817406353,7.583144117441358,0.011232824996113777,0.022177763580150334
0,1984-06-05,301.16198903492034,7.595210722069905,-0.016180673614144325,0.01206660462854714
0,1984-06-06,302.65921909508154,7.589456475440298,0.0049715107306838036,-0.005754246629606996
0,1984-06-07,303.37854300546087,7.424490701621342,0.0023766793310642242,-0.16496577381895605
0,1984-06-08,303.36662219520315,7.597425161834486,-3.9293518057093024e-05,0.17293446021314374
0,1984-06-11,295.2855202756084,7.623658540953816,-0.026638071984052658,0.026233379119330102
0,1984-06-12,297.28966001867474,7.644655254694874,0.0067871250212192535,0.020996713741058493
0,1984-06-13,298.4341171540236,7.627466972321168,0.0038496365305036306,-0.01718828237370662
0,1984-06-14,299.3783212514251,7.631252738162307,0.003163861110806465,0.0037857658411395434
0,1984-06-15,298.73773082913596,7.682773231924366,-0.0021397355012595654,0.051520493762058805
0,1984-06-18,297.38110217538195,7.671752359857167,-0.004541202913969755,-0.01102087206719915
0,1984-06-19,299.28118012413074,7.681006876421137,0.006389370188117027,0.009254516563970583
0,1984-06-20,296.81050325976304,7.732283407592801,-0.00825536996126175,0.05127653117166364
0,1984-06-21,297.00493607528637,7.712317699299747,0.0006550739053636789,-0.01996570829305444
0,1984-06-22,300.99820483158925,7.749661717495406,0.01344512589275837,0.037344018195659245
0,1984-06-25,299.53723321896007,7.687657361957701,-0.004853755235671997,-0.062004355537705
0,1984-06-26,302.85631849956815,7.691168286937248,0.011080710217356682,0.003510924979547525
0,1984-06-27,301.08506883719804,7.682887193983054,-0.00584848178550601,-0.008281092954194769
0,1984-06-28,304.69099230493583,7.690172033857539,0.011976427398622036,0.007284839874484916
0,1984-06-29,307.05585905599975,7.636106726048377,0.007761524990200996,-0.054065307809161745
0,1984-07-02,310.83205804761786,7.611129311662504,0.012298084795475006,-0.024977414385872976
0,1984-07-03,312.23051754020776,7.5865537230890645,0.00449908385053277,-0.024575588573439333
0,1984-07-05,310.8387648909074,7.653747935793544,-0.004457452334463596,0.06719421270447956
0,1984-07-06,311.51530775548093,7.640666670818203,0.0021765073761343956,-0.0130812649753409
0,1984-07-09,312.4339667929138,7.804812554904625,0.002949001267552376,0.16414588408642228
0,1984-07-10,314.24079192757864,7.849939611129126,0.005783062428236008,0.04512705622450053
0,1984-07-11,318.4595945533652,7.7527570166538995,0.013425381854176521,-0.09718259447522648
0,1984-07-12,318.1530684644413,7.716051045572208,-0.0009625274105928838,-0.036705971081691935
0,1984-07-13,313.8653751359688,7.847432990415295,-0.013476825319230556,0.13138194484308752
0,1984-07-16,314.5306396045668,7.815160281553431,0.002119585406035185,-0.032272708861864174
0,1984-07-17,316.8399232758723,7.794853334385907,0.007341999094933271,-0.02030694716752368
0,1984-07-18,317.8778857845938,7.7409370689972175,0.0032759839668869972,-0.053916265388689766
0,1984-07-19,319.893089577404,7.731006056918842,0.006339553277939558,-0.009931012078375545
0,1984-07-20,319.1298362823306,7.761430945990333,-0.002385963685810566,0.0304248890714911
0,1984-07-23,317.414537131085,7.791959110753051,-0.005374925676733255,0.03052816476271758
0,1984-07-24,313.8860862228265,7.805540724710903,-0.01111622340977192,0.013581613957852845
0,1984-07-25,311.4754385105704,7.8204026483640385,-0.007680008187890053,0.0148619236531351
0,1984-07-26,311.84218930922316,7.867273029128628,0.0011774629820138216,0.046870380764589825
0,1984-07-27,308.56430840010154,7.893987446899081,-0.010511345230042934,0.026714417770453025
0,1984-07-30,312.32308911249396,7.866820848152986,0.012181514874100685,-0.027166598746095616
0,1984-07-31,313.6964395308799,7.972384459972095,0.004397210665047169,0.10556361181910923
0,1984-08-01,308.24842738064257,7.963916603847926,-0.017367146909236908,-0.008467856124169337
0,1984-08-02,310.7627621309629,7.946764061377688,0.008156845346093178,-0.017152542470237897
0,1984-08-03,308.76823521442947,7.962619141779139,-0.006418165750801563,0.015855080401451005
0,1984-08-06,307.9925924304044,7.947365164155841,-0.0025120549835264683,-0.015253977623297388
0,1984-08-07,310.76638953222346,7.977503828450083,0.00900605134665966,0.030138664294241835
0,1984-08-08,311.63951920607934,8.01521778442509,0.0028096013702452183,0.03771395597500682
0,1984-08-09,312.09889114603214,7.96680534357267,0.0014740490587428212,-0.048412440852420247
0,1984-08-10,314.82791974467654,7.9287148605829865,0.008744115009903908,-0.038090482989683316
0,1984-08-13,317.0618687384246,7.926793584866936,0.00709577789530158,-0.0019212757160502747
0,1984-08-14,318.2364199761706,7.851590566997327,0.003704485949128866,-0.07520301786960903
0,1984-08-15,318.1977766668995,7.880576985174649,-0.00012142956256866455,0.028986418177321838
0,1984-08-16,320.8221158842549,7.823068590816483,0.008247509598731995,-0.057508394358166015
0,1984-08-17,325.0552718653031,7.851354050904439,0.013194713741540909,0.028285460087955627
0,1984-08-20,322.7872200717187,7.858237399254766,-0.006977434270083904,0.006883348350327445
0,1984-08-21,321.1460569423537,7.819927207305491,-0.005084349773824215,-0.03831019194927521
0,1984-08-22,322.1007030550838,7.77116599069661,0.0029726228676736355,-0.048761216608880886
0,1984-08-23,320.8276126432109,7.7709026610042224,-0.003952460829168558,-0.000263329692387515
0,1984-08-24,322.0487908102715,7.785041319512482,0.003806337481364608,0.01413865850825946
0,1984-08-27,321.7208153989901,7.996358227880612,-0.0010184028651565313,0.2113169083681301
0,1984-08-28,318.66309456566927,8.011297424173113,-0.009504267945885658,0.0149391962925014
0,1984-08-29,325.8124857412419,7.972072789232195,0.02243557944893837,-0.039224634940918435
0,1984-08-30,324.1940563715892,8.012267606425333,-0.0049673644825816154,0.040194817193137666
0,1984-08-31,325.23061675194526,8.029016236510172,0.0031973454169929028,0.016748630084839178
0,1984-09-04,317.1849676278447,8.059824277605601,-0.024738289415836334,0.030808041095429672
0,1984-09-05,318.7818169695735,7.951516835171745,0.005034442059695721,-0.1083074424338566
0,1984-09-06,324.58421986585404,7.915463864216225,0.01820180006325245,-0.03605297095552018
0,1984-09-07,323.7358918030229,8.010224381084958,-0.0026135838124901056,0.09476051686873355
0,1984-09-10,321.13370535229814,8.14299026408689,-0.0080379918217659,0.13276588300193204
0,1984-09-11,315.8655998167477,8.290374922096058,-0.016404710710048676,0.14738465800916778
0,1984-09-12,320.7768335213502,8.17302131404049,0.015548491850495338,-0.11735360805556816
0,1984-09-13,325.1308014811058,8.330088929194133,0.01357319951057434,0.1570676151536432
0,1984-09-14,314.1365009395565,8.494996502464367,-0.03381500765681267,0.1649075732702343
0,1984-09-17,316.3508913756086,8.315297856104273,0.007049134466797113,-0.17969864636009447
0,1984-09-18,321.11390047671273,8.330749425666504,0.015056095086038113,0.015451569562230816
0,1984-09-19,316.3476379224314,8.296328583854718,-0.01484290324151516,-0.03442084181178551
0,1984-09-20,323.5787091032446,7.956648340244278,0.022857990115880966,-0.3396802436104407
0,1984-09-21,323.9898439207518,7.756718545131138,0.001270586741156876,-0.1999297951131398
0,1984-09-24,325.0762022843282,7.828528177346155,0.003353063017129898,0.07180963221501724
0,1984-09-25,318.802444475576,7.6071744231164296,-0.019299345090985298,-0.22135375422972547
0,1984-09-26,324.24051836945625,7.582122319887107,0.017057817429304123,-0.025052103229322498
0,1984-09-27,318.13200455239144,7.618292169336704,-0.018839452415704727,0.036169849449597
0,1984-09-28,318.0048486292365,7.590840245272872,-0.00039969547651708126,-0.02745192406383179
0,1984-10-01,318.74574700186395,7.516955089372954,0.002329833572730422,-0.07388515589991851
0,1984-10-02,322.4472238659172,7.409197536781051,0.011612631380558014,-0.10775755259190234
0,1984-10-03,318.87234687175845,7.528515983136277,-0.011086704209446907,0.11931844635522548
0,1984-10-04,315.18861073745467,7.524290575114814,-0.011552385054528713,-0.004225408021462762
0,1984-10-05,317.14165165690116,7.514842417699312,0.006196419708430767,-0.009448157415501868
0,1984-10-10,320.2858464348325,7.487370244278014,0.009914165362715721,-0.02747217342129815
0,1984-10-11,317.89506612559114,7.496018708259765,-0.007464520633220673,0.008648463981750787
0,1984-10-12,317.708349055261,7.519842923678993,-0.00058735441416502,0.023824215419228523
0,1984-10-15,318.74933737503756,7.514924375921057,0.003276553237810731,-0.004918547757936764
0,1984-10-16,318.0147243955165,7.5568133187330435,-0.0023046729620546103,0.04188894281198685
0,1984-10-17,318.93296428898014,7.533164028465916,0.002887413138523698,-0.023649290267127476
0,1984-10-18,320.8865446341689,7.4798622138445685,0.0061253635212779045,-0.05330181462134753
0,1984-10-19,319.59242258097424,7.524646454301816,-0.004032958298921585,0.044784240457247826
0,1984-10-22,320.67494713416085,7.486031452516657,0.0033872034400701523,-0.03861500178515964
0,1984-10-23,319.58865087396987,7.389864403764428,-0.0033875307999551296,-0.09616704875222837
0,1984-10-24,322.04770834665874,7.35512691981689,0.007694445550441742,-0.03473748394753873
0,1984-10-25,321.925790278512,7.417201341155347,-0.00037857145071029663,0.06207442133845742
0,1984-10-26,316.9775317907485,7.447022917663789,-0.015370804816484451,0.02982157650844197
0,1984-10-29,319.3167781040506,7.440710359068241,0.007379848975688219,-0.006312558595547912
0,1984-10-30,322.15938194440594,7.373550900394331,0.008902143687009811,-0.06715945867390971
0,1984-10-31,327.0954371182559,7.315202515923505,0.015321779996156693,-0.05834838447082635
0,1984-11-01,328.29382233109743,7.307120308313316,0.0036637173034250736,-0.008082207610189407
0,1984-11-02,328.01664296931943,7.309378412274891,-0.0008443027036264539,0.0022581039615756637
0,1984-11-05,327.18270765028694,7.249570775875224,-0.002542356727644801,-0.05980763639966735
0,1984-11-08,325.091661634951,7.248572613980702,-0.0063910651952028275,-0.000998161894521843
0,1984-11-09,325.0559549450085,7.225915543812059,-0.00010983576066792011,-0.022657070168643045
0,1984-11-14,324.66510094237077,7.2343719418612125,-0.001202420680783689,0.008456398049153435
0,1984-11-15,323.31358837561635,7.258811698891469,-0.004162789788097143,0.02443975703025636
0,1984-11-16,323.8800758848553,7.33732581795962,0.0017521302215754986,0.07851411906815109
0,1984-11-19,323.5920979659998,7.3352403877063095,-0.0008891498437151313,-0.0020854302533104274
0,1984-11-20,322.99594079696976,7.37422180967243,-0.0018423106521368027,0.03898142196612042
0,1984-11-21,322.5246206288885,7.356685917773628,-0.0014592139050364494,-0.01753589189880156
0,1984-11-23,322.1731193568869,7.413565949595766,-0.0010898432228714228,0.05688003182213741
0,1984-11-26,320.12238009825677,7.4262120838622385,-0.006365333218127489,0.012646134266472764
0,1984-11-27,326.0434695458327,7.358621786823814,0.018496330827474594,-0.06759029703842412
0,1984-11-28,321.20606080208495,7.452634373635471,-0.014836698770523071,0.09401258681165636
0,1984-11-29,319.09074595843987,7.575569787816542,-0.006585538387298584,0.12293541418107079
0,1984-11-30,320.47967898315846,7.545733937723547,0.0043527837842702866,-0.029835850092994498
0,1984-12-03,319.4291688908807,7.518804488715654,-0.0032779304310679436,-0.02692944900789307
0,1984-12-04,318.97727625604597,7.512821572998754,-0.0014146880712360144,-0.005982915716900017
0,1984-12-05,314.6958384136436,7.5531829892480244,-0.013422391377389431,0.040361416249270476
0,1984-12-06,315.0541573772664,7.4956351315315555,0.0011386199621483684,-0.057547857716468975
0,1984-12-07,316.30818634119487,7.402867223659655,0.003980359993875027,-0.09276790787190059
0,1984-12-10,318.3049199857473,6.867915065883096,0.00631262082606554,-0.5349521577765586
0,1984-12-11,325.02367224621725,6.74812365033224,0.021107912063598633,-0.11979141555085615
0,1984-12-12,320.34305326323863,7.211078921574383,-0.014400855638086796,0.46295527124214253
0,1984-12-13,311.67994690201743,7.225481162630895,-0.027043215930461884,0.01440224105651211
0,1984-12-14,313.710687623886,7.131176836380266,0.006515468005090952,-0.09430432625062846
0,1984-12-17,315.0956182991757,7.1104095644396095,0.004414674825966358,-0.020767271940656862
0,1984-12-18,316.69086675689414,7.174646807821835,0.0050627440214157104,0.0642372433822258
0,1984-12-19,316.08773436283786,7.090358667006387,-0.00190448306966573,-0.08428814081544811
0,1984-12-20,314.57827507386776,7.08905617566708,-0.00477544404566288,-0.0013024913393069326
0,1984-12-21,309.4791677718275,7.1490221721310965,-0.016209343448281288,0.059965996464016236
0,1984-12-24,305.3588121808562,7.049904288160404,-0.0133138382807374,-0.09911788397069277
0,1984-12-26,310.27662265485327,7.152640575434967,0.01610502228140831,0.10273628727456341
0,1984-12-27,307.650117907658,7.182070094803898,-0.00846504233777523,0.029429519368930457
0,1984-12-28,313.04703745263873,7.0950773187074745,0.017542393878102303,-0.08699277609642309
0,1984-12-31,315.30188979430045,7.060217054322031,0.007202918641269207,-0.03486026438544343
0,1985-01-02,313.7569075795071,6.975397356526525,-0.004900009371340275,-0.08481969779550624
0,1985-01-03,312.1608874547828,7.059335052551136,-0.005086804740130901,0.08393769602461099
0,1985-01-04,310.72341595995687,7.150820690854807,-0.004604905843734741,0.09148563830367085
0,1985-01-07,310.9635555152817,7.145181147462227,0.0007728402270004153,-0.005639543392579327
0,1985-01-08,311.37173362177253,7.179541071857346,0.0013126236153766513,0.034359924395118924
0,1985-01-09,311.7958577032826,7.244427408345696,0.0013621149118989706,0.06488633648834963
0,1985-01-10,308.4406761319538,7.2032831219602445,-0.010760827921330929,-0.04114428638545142
0,1985-01-11,304.0288024754871,7.274332076729862,-0.014303799718618393,0.07104895476961737
0,1985-01-14,305.2002367779832,7.1866069089679945,0.003853037254884839,-0.08772516776186734
0,1985-01-15,306.9206105309839,7.429472260403935,0.0056368689984083176,0.2428653514359409
0,1985-01-16,298.79318454591436,7.372425496092513,-0.026480548083782196,-0.05704676431142275
0,1985-01-17,303.7018033147631,7.140570480766758,0.01642814837396145,-0.23185501532575437
0,1985-01-18,305.97796405122875,7.192719909832723,0.007494722492992878,0.05214942906596498
0,1985-01-23,305.081492798637,7.124791315748344,-0.002929855603724718,-0.06792859408437923
0,1985-01-24,305.2422496476778,7.057183439750232,0.0005269308458082378,-0.06760787599811202
0,1985-01-25,308.8881926103731,6.927341588969624,0.011944424360990524,-0.12984185078060761
0,1985-01-28,314.6979492358389,6.902780309158985,0.018808607012033463,-0.024561279810638936
0,1985-01-29,313.4430936612857,6.948504419118571,-0.003987492062151432,0.04572410995958531
0,1985-01-30,315.7982633038476,6.955268746852984,0.007513866759836674,0.006764327734413378
0,1985-01-31,314.9817713015946,6.998804699183944,-0.0025854860432446003,0.04353595233096019
0,1985-02-01,315.461662151535,6.983017725415662,0.0015235511818900704,-0.01578697376828231
0,1985-02-04,315.83534883636526,6.983659819108074,0.001184570835903287,0.0006420936924120824
0,1985-02-05,314.4792421191588,6.9552086220064835,-0.0042937141843140125,-0.02845119710159061
0,1985-02-06,315.65573249298603,7.0695864333906435,0.0037410748191177845,0.11437781138416003
0,1985-02-07,312.26886106731905,7.056683697560424,-0.010729636996984482,-0.012902735830219392
0,1985-02-08,313.21126672923515,6.858494886751841,0.0030179303139448166,-0.19818881080858297
0,1985-02-11,313.38098907591984,6.821964320495761,0.0005418781656771898,-0.0365305662560802
0,1985-02-14,313.16241726880196,6.923519231534141,-0.0006974635180085897,0.10155491103837999
0,1985-02-15,310.7987280914107,6.926459830555796,-0.007547806017100811,0.0029405990216551103
0,1985-02-19,313.094295279911,6.891210902276733,0.007386025041341782,-0.035248928279062675
0,1985-02-20,313.4013302034192,6.877089767767579,0.0009806468151509762,-0.01412113450915431
0,1985-02-21,313.61044186473686,6.96105663080535,0.0006672328454442322,0.08396686303777123
0,1985-02-22,314.45891571698996,6.937917716265254,0.0027055025566369295,-0.023138914540096422
0,1985-02-25,314.2043002013665,6.915554948938633,-0.0008096940582618117,-0.022362767326621125
0,1985-02-26,313.7937682711944,6.966896731943033,-0.0013065764214843512,0.051341783004399844
0,1985-02-27,316.3447961626571,6.8844839514049285,0.008129632100462914,-0.08241278053810408
0,1985-02-28,317.60156428181574,6.874045288518648,0.003972779493778944,-0.010438662886280703
0,1985-03-01,319.1884136081277,6.792245049159096,0.0049963523633778095,-0.08180023935955205
0,1985-03-04,321.0844005333649,6.8627671360882525,0.005940024275332689,0.07052208692915674
0,1985-03-05,321.3613986038973,6.887204446078365,0.0008626955095678568,0.02443730999011251
0,1985-03-06,323.5052469715301,6.855903855724858,0.006671144627034664,-0.031300590353507296
0,1985-03-07,324.69817784950396,6.788185929943608,0.0036875163204967976,-0.06771792578124991
0,1985-03-08,325.1159027034761,6.876645263354333,0.0012865019962191582,0.0884593334107251
0,1985-03-11,322.4296897300194,6.946489956768032,-0.008262324146926403,0.0698446934136987
0,1985-03-12,323.95040929865047,6.948416186018377,0.00471643777564168,0.001926229250345024
0,1985-03-13,325.5722278190435,6.9409711831524845,0.00500637898221612,-0.007445002865892114
0,1985-03-14,323.551056703351,6.974281502101078,-0.006208057515323162,0.03331031894859304
0,1985-03-15,324.5012291323897,6.957669564831385,0.002936700126156211,-0.016611937269692234
0,1985-03-18,323.3840574109767,6.953477587201833,-0.003442734945565462,-0.004191977629552035
0,1985-03-19,326.6715440846968,6.907096424185341,0.010165889747440815,-0.04638116301649209
0,1985-03-20,328.36632622210885,6.967974764514554,0.005188031122088432,0.06087834032921258
0,1985-03-21,323.6543132256968,7.074179517594535,-0.014349866658449173,0.10620475307998145
0,1985-03-22,322.3404374664291,7.026311344722399,-0.004059503320604563,-0.047868172872136405
0,1985-03-25,322.8314829951251,6.998736232129088,0.0015233755111694336,-0.027575112593311246
0,1985-03-26,323.05290491118393,6.964630798954077,0.000685874605551362,-0.0341054331750108
0,1985-03-27,323.282739886257,6.946072938439881,0.0007114468608051538,-0.01855786051419539
0,1985-03-28,324.15027117069457,6.981227863587814,0.0026835063472390175,0.035154925147932836
0,1985-03-29,325.7585214399255,6.957733332026556,0.004961434286087751,-0.02349453156125847
0,1985-04-01,326.4918146128275,6.955007019402058,0.0022510329727083445,-0.002726312624497851
0,1985-04-02,325.72190874446574,6.89650004338276,-0.0023581169079989195,-0.058506976019297774
0,1985-04-03,330.39204052843496,6.8989643905592,0.014337788335978985,0.0024643471764402847
0,1985-04-04,329.65200403144667,6.8994365122889345,-0.002239873865619302,0.0004721217297340985
0,1985-04-08,333.28091184322244,6.850464618321334,0.011008298955857754,-0.048971893967600266
0,1985-04-09,330.7743491747222,6.875218678482337,-0.0075208707712590694,0.02475406016100301
0,1985-04-10,328.23052118614595,6.9363458470096555,-0.007690523751080036,0.061127168527318254
0,1985-04-11,327.34472075892165,6.9002573202981035,-0.002698714379221201,-0.03608852671155205
0,1985-04-12,331.33456608835513,6.98365023373044,0.012188512831926346,0.08339291343233679
0,1985-04-15,330.3287905416911,7.055825676123542,-0.0030355285853147507,0.07217544239310136
0,1985-04-16,329.1979508851122,7.181664955620887,-0.0034233760088682175,0.1258392794973453
0,1985-04-17,325.52310005053596,7.13653853019923,-0.011163042858242989,-0.04512642542165679
0,1985-04-18,323.802983177574,7.167181019109243,-0.005284162238240242,0.0306424889100132
0,1985-04-19,321.7067303324369,7.112682042180954,-0.006473852787166834,-0.05449897692828909
0,1985-04-22,324.60442776016475,7.124225238398787,0.00900726392865181,0.01154319621783273
0,1985-04-23,327.2768070022457,7.088140424831176,0.008232725784182549,-0.036084813567611285
0,1985-04-24,327.2116303204409,7.098840929750205,-0.00019914848962798715,0.010700504919029186
0,1985-04-25,326.605444485072,7.068878585767356,-0.0018525803461670876,-0.029962343982848694
0,1985-04-26,332.89047794072854,6.998872622561394,0.019243504852056503,-0.0700059632059622
0,1985-04-29,331.3375392444895,7.028875883103288,-0.0046650138683617115,0.030003260541893617
0,1985-04-30,328.6746109291441,7.048265597795996,-0.008036904968321323,0.019389714692708004
0,1985-05-01,331.24066853281215,7.0397725080350675,0.007807288784533739,-0.008493089760928108
0,1985-05-02,327.8512706695098,7.11383858970987,-0.010232432745397091,0.07406608167480222
0,1985-05-03,331.8065815668924,7.059790250426154,0.012064345180988312,-0.05404833928371566
0,1985-05-06,335.82329931310227,7.004711329407087,0.012105599977076054,-0.055078921019067195
0,1985-05-07,337.5415090294241,6.942619077060422,0.0051164100877940655,-0.062092252346665155
0,1985-05-08,344.81596981391505,6.942321186029582,0.021551307290792465,-0.0002978910308399918
0,1985-05-09,342.5309832684124,6.905980316874159,-0.006626684218645096,-0.03634086915542234
0,1985-05-10,340.68010145175504,6.940411720247138,-0.005403545685112476,0.03443140337297823
0,1985-05-13,341.67952281363216,6.932904127737538,0.002933606505393982,-0.007507592509599981
0,1985-05-14,339.9608365883514,6.958174874335579,-0.005030111875385046,0.02527074659804107
0,1985-05-15,336.9582675855254,7.0102080771150685,-0.00883210264146328,0.05203320277948986
0,1985-05-16,337.0676339707607,6.995666459516133,0.0003245695261284709,-0.014541617598935908
0,1985-05-17,336.7963943259189,6.994479858305461,-0.0008047039154917002,-0.0011866012106720447
0,1985-05-20,339.9283523811535,6.989115891903148,0.009299262426793575,-0.0053639664023128475
0,1985-05-21,337.76664043209604,6.970906166124396,-0.006359316408634186,-0.018209725778751462
0,1985-05-22,341.9390567200618,6.942209298799098,0.012352955527603626,-0.02869686732529786
0,1985-05-23,339.8444717824878,6.800128657886484,-0.006125608924776316,-0.14208064091261452
0,1985-05-24,346.57751191416656,6.7728475145638685,0.019812121987342834,-0.027281143322615442
0,1985-05-28,340.2464771832853,6.881866198284163,-0.018267298117280006,0.10901868372029444
0,1985-05-29,341.6584021258606,6.863416123218522,0.004149712156504393,-0.018450075065641336
0,1985-05-30,341.73374136024285,6.8629655049189235,0.00022051041014492512,-0.0004506182995980268
0,1985-05-31,339.99622441548456,6.901292546455761,-0.0050844172947108746,0.03832704153683775
0,1985-06-03,338.51937263877124,6.920595925313311,-0.004343729931861162,0.019303378857549625
0,1985-06-04,342.6255668121223,6.892507280146325,0.012129864655435085,-0.028088645166985948
0,1985-06-05,346.5718067296642,6.791939739343074,0.011517645791172981,-0.10056754080325092
0,1985-06-06,348.81283165545403,6.822804448806082,0.006466264370828867,0.030864709463007678
0,1985-06-07,351.2511105511325,6.759769138231399,0.006990221329033375,-0.06303531057468259
0,1985-06-10,355.9790260817554,6.758013149853237,0.01346021518111229,-0.0017559883781617103
0,1985-06-11,356.9024870490195,6.7578970009869845,0.0025941443163901567,-0.00011614886625288534
0,1985-06-12,356.2221702610928,6.858884022703986,-0.0019061699276790023,0.10098702171700147
0,1985-06-13,356.45456208535745,6.774030630699206,0.0006523788906633854,-0.0848533920047796
0,1985-06-14,357.58087263183086,6.733849016702577,0.0031597591005265713,-0.04018161399662912
0,1985-06-17,358.1746887301632,6.759607827170697,0.0016606483841314912,0.025758810468119897
0,1985-06-18,357.5474004042093,6.707279456379416,-0.0017513474449515343,-0.05232837079128139
0,1985-06-19,353.75239919589126,6.6827510614424375,-0.010613980703055859,-0.024528394936978337
0,1985-06-20,353.1074962488459,6.809281985171322,-0.0018230348359793425,0.1265309237288843
0,1985-06-21,347.6489011416195,6.96473072078783,-0.015458734706044197,0.15544873561650796
0,1985-06-24,347.379961748653,6.955243591789812,-0.0007735948311164975,-0.009487128998017624
0,1985-06-25,347.0343538261032,6.976783827360121,-0.0009948988445103168,0.02154023557030893
0,1985-06-26,347.4696926287279,6.964583895317983,0.0012544544879347086,-0.012199932042138428
0,1985-06-27,349.4239789960891,6.980162149700928,0.005624336190521717,0.015578254382945467
0,1985-06-28,352.02686071985335,6.8874042116852054,0.007449064403772354,-0.09275793801572263
0,1985-07-01,358.81245331125575,6.821696503487608,0.019275780767202377,-0.06570770819759719
0,1985-07-02,358.8986620430415,6.8499636409742495,0.00024026125902310014,0.028267137486641225
0,1985-07-03,359.291463826399,6.828740445807792,0.001094464329071343,-0.02122319516645721
0,1985-07-05,360.32334087351865,6.783276783356577,0.0028719776310026646,-0.04546366245121547
0,1985-07-08,360.3791020586917,6.768108558612319,0.00015475318650715053,-0.015168224744257941
0,1985-07-09,359.03369140721327,6.791426479680103,-0.0037333203945308924,0.023317921067784297
0,1985-07-10,354.751079179664,6.755176471086223,-0.011928162537515163,-0.03625000859388017
0,1985-07-11,362.59608594356314,6.666333318213381,0.022114116698503494,-0.08884315287284217
0,1985-07-12,360.6932342271226,6.623420549939046,-0.005247855093330145,-0.0429127682743351
0,1985-07-15,363.5579890330272,6.630468556672178,0.007942358031868935,0.007048006733132439
0,1985-07-16,352.1618269076515,6.837582202996743,-0.03134620189666748,0.20711364632456508
0,1985-07-17,341.85037991356353,6.806461789464466,-0.029280422255396843,-0.031120413532277347
0,1985-07-18,344.1144969730145,6.7955385418346,0.006623122841119766,-0.010923247629865962
0,1985-07-19,345.34635741422653,6.7610373098798515,0.0035797981545329094,-0.03450123195474841
0,1985-07-22,355.946618064657,6.735462108502056,0.03069457784295082,-0.02557520137779523
0,1985-07-23,350.1509243001794,6.758364256813739,-0.01628248021006584,0.022902148311683135
0,1985-07-24,347.8373547668634,6.807348633076402,-0.006607349496334791,0.04898437626266272
0,1985-07-25,349.51865995341643,6.811768114878163,0.00483359582722187,0.004419481801760661
0,1985-07-26,347.1965623622762,6.883536823496717,-0.00664370134472847,0.07176870861855456
0,1985-07-29,346.82362987468093,6.924443060415452,-0.0010741249425336719,0.04090623691873496
0,1985-07-30,347.323687787169,6.852425855257847,0.0014418219216167927,-0.07201720515760535
0,1985-07-31,354.1545892985388,6.871212137879652,0.01966724917292595,0.018786282621804595
0,1985-08-01,353.5518003632405,6.902331363589545,-0.0017020503291860223,0.031119225709893783
0,1985-08-02,354.205685238441,6.908803165103306,0.0018494740361347795,0.006471801513760589
0,1985-08-05,352.72231677771833,6.896041429429262,-0.004187873098999262,-0.012761735674043706
0,1985-08-06,353.67258347540684,6.911580501862502,0.0026940929237753153,0.015539072433239376
0,1985-08-07,350.66661306055425,7.007176878899738,-0.00849930290132761,0.09559637703723656
0,1985-08-08,345.6786007529908,7.000153926422562,-0.014224371872842312,-0.007022952477176325
0,1985-08-09,347.3914175390761,6.995727612020903,0.004954940173774958,-0.004426314401658971
0,1985-08-12,347.73215247419125,6.867745027845838,0.000980838667601347,-0.12798258417506503
0,1985-08-13,346.86970815207206,6.852609296963649,-0.0024801972322165966,-0.015135730882188447
0,1985-08-14,344.80908901462317,6.940640098222408,-0.005940614268183708,0.08803080125875873
0,1985-08-15,343.3588314954023,6.927894312124144,-0.004205972421914339,-0.012745786098264489
0,1985-08-16,338.71327024827855,6.963168322741979,-0.013529756106436253,0.03527401061783575
0,1985-08-19,337.58994354186115,7.027116756423044,-0.003316453192383051,0.06394843368106429
0,1985-08-20,338.90570576746194,6.935416269534481,0.003897516056895256,-0.0917004868885627
0,1985-08-21,339.2033859199694,6.99441730623971,0.0008783568628132343,0.05900103670522938
0,1985-08-22,334.29881479402303,7.021320085703091,-0.014459086582064629,0.02690277946338071
0,1985-08-23,337.4652282356312,7.073504461444386,0.009471805766224861,0.05218437574129453
0,1985-08-26,325.2319317764818,7.2291134381462205,-0.03625053912401199,0.15560897670183493
0,1985-08-27,322.75505450559496,7.280798767645509,-0.007615725975483656,0.05168532949928828
0,1985-08-28,321.9690354337298,7.2165727168707505,-0.0024353424087166786,-0.06422605077475829
0,1985-08-29,327.4451660668563,7.173779029370488,0.017008252441883087,-0.04279368750026258
0,1985-08-30,320.71281169396906,7.223900448975058,-0.02056024968624115,0.05012141960456962
0,1985-09-03,319.3024997065069,7.213801042309604,-0.004397429525852203,-0.010099406665453614
0,1985-09-04,316.6826529291783,7.293373158995762,-0.008204905316233635,0.07957211668615827
0,1985-09-05,314.2118589512992,7.249961374614382,-0.007802113424986601,-0.04341178438138016
0,1985-09-06,320.75739934143144,7.146875295123927,0.02083161473274231,-0.10308607949045534
0,1985-09-09,319.2877818534684,7.226403173073634,-0.004581710323691368,0.07952787794970728
0,1985-09-10,322.154407597144,7.2362223311274905,0.008978188037872314,0.00981915805385647
0,1985-09-11,321.79293514827475,7.204108119533319,-0.0011220471933484077,-0.03211421159417149
0,1985-09-12,325.98585244896987,7.170744631815464,0.013029861263930798,-0.03336348771785502
0,1985-09-13,324.63542736698787,7.20259135605159,-0.0041425880044698715,0.031846724236126
0,1985-09-16,322.5172659801227,7.34061277949833,-0.006524738855659962,0.13802142344674007
0,1985-09-17,324.58195013238776,7.172199311232291,0.006401778664439917,-0.16841346826603942
0,1985-09-18,327.25579089866267,7.100863372736364,0.008237798698246479,-0.07133593849592668
0,1985-09-19,327.9414788347182,7.134282030539219,0.0020952660124748945,0.03341865780285502
0,1985-09-20,326.25085441445464,7.121100570464479,-0.005155262537300587,-0.013181460074739526
0,1985-09-23,326.34225175207234,7.080999505444106,0.0002801443624775857,-0.04010106502037303
0,1985-09-24,324.56010388826263,7.1019687864251,-0.005460978019982576,0.020969280980994043
0,1985-09-25,326.1720096483585,7.068697499149189,0.004966432228684425,-0.033271287275911554
0,1985-09-26,329.7722318143807,7.128400249719242,0.011037802323698997,0.05970275057005292
0,1985-09-30,337.59412323714207,7.058299285645893,0.023719072341918945,-0.0701009640733492
0,1985-10-01,337.26523642009454,7.048923986499991,-0.0009742077672854066,-0.009375299145901295
0,1985-10-02,332.72950130528613,7.01024006281159,-0.013448569923639297,-0.03868392368840112
0,1985-10-03,333.237422528005,7.015334164296312,0.0015265289694070816,0.005094101484721669
0,1985-10-04,332.8961461314438,6.966154005820479,-0.0010241238633170724,-0.049180158475833124
0,1985-10-07,337.58443227604613,6.921865380460421,0.01408332958817482,-0.04428862536005784
0,1985-10-08,337.40106539131955,6.92162095188854,-0.0005431734025478363,-0.00024442857188056166
0,1985-10-09,338.9926469623683,6.802177954941645,0.004717180039733648,-0.11944299694689509
0,1985-10-10,342.63784220909406,6.737354937639442,0.010753021575510502,-0.06482301730220286
0,1985-10-11,343.4071835441756,6.767812572132421,0.0022453484125435352,0.030457634492978336
0,1985-10-16,340.5173166112032,6.817636910372543,-0.008415278047323227,0.04982433824012222
0,1985-10-17,335.7931572922772,6.856176071564019,-0.013873477466404438,0.03853916119147627
0,1985-10-18,338.8983020892361,6.885102274722024,0.009247194975614548,0.028926203158004427
0,1985-10-21,340.9325920780655,6.880218622533226,0.0060026561841368675,-0.004883652188797605
0,1985-10-22,340.8233302485429,6.622376833811748,-0.00032047927379608154,-0.25784178872147834
0,1985-10-23,348.89445382685665,6.750488759123742,0.02368125319480896,0.12811192531199467
0,1985-10-24,340.78588027130274,6.837489699556816,-0.023240763694047928,0.08700094043307338
0,1985-10-25,340.4548395763635,6.651627992649281,-0.000971403787843883,-0.18586170690753434
0,1985-10-28,346.47663819390823,6.59688483630272,0.017687510699033737,-0.05474315634656168
0,1985-10-29,347.1974649744628,6.572910723283311,0.0020804484374821186,-0.023974113019408883
0,1985-10-30,347.67615893947425,6.520707906211953,0.001378736924380064,-0.05220281707135754
0,1985-10-31,342.66258424917135,6.6117302254732495,-0.014420242980122566,0.09102231926129623
0,1985-11-01,343.2317986857743,6.66928174045917,0.0016611514147371054,0.057551514985920704
0,1985-11-04,339.1847966115075,6.704139548664995,-0.011790871620178223,0.034857808205824625
0,1985-11-05,338.87610661978715,6.637509863168718,-0.0009100938332267106,-0.06662968549627646
0,1985-11-06,340.9357527349597,6.62324620366876,0.006077873520553112,-0.014263659499958337
0,1985-11-07,342.28811315326146,6.718693787425416,0.003966613672673702,0.09544758375665552
0,1985-11-08,337.52538173825565,6.747439165648861,-0.01391439326107502,0.02874537822344525
0,1985-11-13,340.4611409235235,6.682241465880619,0.008697891607880592,-0.06519769976824197
0,1985-11-14,341.8234364384478,6.825287677918257,0.004001324530690908,0.14304621203763812
0,1985-11-15,335.47689888729246,6.820808854110864,-0.018566712737083435,-0.004478823807392729
0,1985-11-18,340.1034537716396,6.804063806350211,0.01379097905009985,-0.016745047760653442
0,1985-11-19,341.8233227592099,6.717975429245511,0.005056899506598711,-0.08608837710469963
0,1985-11-20,346.09053467588177,6.6015759100611024,0.01248367689549923,-0.11639951918440872
0,1985-11-21,343.17847112709734,6.523234156191907,-0.00841416697949171,-0.07834175386919551
0,1985-11-22,343.5423895376272,6.470116509302593,0.0010604348499327898,-0.053117646889313974
0,1985-11-25,348.95448445141653,6.45372531279914,0.015753790736198425,-0.01639119650345311
0,1985-11-26,346.59252753696956,6.42032377669339,-0.006768667604774237,-0.033401536105749585
0,1985-11-27,346.9920062264415,6.464999270136492,0.001152588869445026,0.04467549344310129
0,1985-11-29,346.51534852448737,6.327606499054974,-0.0013736849650740623,-0.13739277108151793
0,1985-12-02,347.65159770470206,6.288674589146352,0.0032790731638669968,-0.03893190990862205
0,1985-12-03,349.28694433180726,6.393132395975676,0.004703981336206198,0.10445780682932426
0,1985-12-04,347.3257920992668,6.386540243911231,-0.00561473099514842,-0.006592152064444967
0,1985-12-05,349.65391576893444,6.372504019708804,0.006702996790409088,-0.014036224202427228
0,1985-12-06,346.4050979952644,6.347852604860856,-0.009291524067521095,-0.024651414847947528
0,1985-12-09,348.0412519803417,6.30056129828908,0.004723238758742809,-0.04729130657177638
0,1985-12-10,349.94671317367676,6.399741866743179,0.005474814213812351,0.0991805684540994
0,1985-12-11,353.1302682539391,6.399061460603714,0.009097256697714329,-0.0006804061394651839
0,1985-12-12,355.48704685992766,6.40156213319426,0.006673963740468025,0.0025006725905463156
0,1985-12-13,360.70024922277065,6.261246298119078,0.01466495729982853,-0.14031583507518253
0,1985-12-16,357.66547377000967,6.1921874490188085,-0.008413566276431084,-0.06905884910026927
0,1985-12-17,360.99989503884507,6.2024417711493385,0.009322737343609333,0.010254322130530014
0,1985-12-18,363.17174813410594,6.1832117492978975,0.006016215309500694,-0.01923002185144096
0,1985-12-19,365.589787044652,6.17177689199148,0.006658114027231932,-0.011434857306417356
0,1985-12-20,366.9579353124806,6.1969731708796125,0.0037423043977469206,0.025196278888132362
0,1985-12-23,367.15500495073803,6.210044321917485,0.0005370360449887812,0.013071151037872042
0,1985-12-24,364.59472222340827,6.148592242798272,-0.006973301991820335,-0.06145207911921258
0,1985-12-26,365.9126999055894,6.0438312920242625,0.003614911576732993,-0.10476095077400949
0,1985-12-27,368.77368872704085,5.9979352343496775,0.007818774320185184,-0.045896057674585045
0,1985-12-30,370.1318868118363,6.081036238211797,0.003683012444525957,0.0831010038621196
0,1985-12-31,366.9079802650048,5.965990424645929,-0.008710156194865704,-0.1150458135658683
0,1986-01-02,367.55842037870264,6.0285861425889475,0.0017727608792483807,0.06259571794301877
0,1986-01-03,371.06368886915743,6.11052334127067,0.009536629542708397,0.08193719868172256
0,1986-01-06,363.9649464446993,6.1542505599510875,-0.01913079246878624,0.0437272186804174
0,1986-01-07,364.5491069626855,6.214452791862962,0.0016049911500886083,0.060202231911874904
0,1986-01-08,360.2404785299051,6.232410438847073,-0.011819061823189259,0.01795764698411073
0,1986-01-09,363.17923386176443,6.114530080524613,0.00815775990486145,-0.11788035832246013
0,1986-01-10,366.7350330551698,6.119160345015273,0.009790755808353424,0.004630264490660174
0,1986-01-13,368.11143725789583,6.198529385908329,0.0037531298585236073,0.07936904089305585
0,1986-01-14,368.9657223321804,6.26099011460673,0.0023207240737974644,0.062460728698400914
0,1986-01-15,369.33648210098613,6.183283557721347,0.001004862366244197,-0.0777065568853832
0,1986-01-16,372.1052651219623,6.194215437540894,0.007496641017496586,0.010931879819547241
0,1986-01-17,366.46946539819305,6.267554183581658,-0.015145713463425636,0.07333874604076396
0,1986-01-22,375.55627902875597,6.268018711792563,0.02479555457830429,0.0004645282109052573
0,1986-01-23,377.9637860661382,6.244775207629082,0.006410509347915649,-0.023243504163481532
0,1986-01-24,375.7484733751476,6.114377865344241,-0.005861177109181881,-0.1303973422848408
0,1986-01-27,378.29513185041566,6.145760697932652,0.0067775617353618145,0.03138283258841135
0,1986-01-28,380.67740699279057,6.10847443689423,0.00629739835858345,-0.03728626103842192
0,1986-01-29,380.7273046084589,6.123163474320401,0.0001310758525505662,0.014689037426170337
0,1986-01-30,382.66378529632686,6.071859273473026,0.005086266901344061,-0.051304200847374304
0,1986-01-31,382.46715586639664,5.985668724829721,-0.0005138438427820802,-0.08619054864330522
0,1986-02-03,379.18398008366717,5.997821568302473,-0.008584203198552132,0.012152843472751584
0,1986-02-04,380.7786384034323,6.022627539431854,0.004205500241369009,0.0248059711293811
0,1986-02-05,382.3435707327122,6.034660632846131,0.0041098217479884624,0.01203309341427694
0,1986-02-06,377.8591722576475,6.095269189850504,-0.011728714220225811,0.06060855700437351
0,1986-02-07,376.396137205991,6.0924231112106435,-0.003871905617415905,-0.0028460786398607496
0,1986-02-10,380.75010353718403,6.076620701313693,0.011567510664463043,-0.01580240989695092
0,1986-02-11,381.36587169891396,6.053954500562818,0.0016172501491382718,-0.022666200750874665
0,1986-02-12,379.7496533814823,6.0784040811207145,-0.004237973131239414,0.02444958055789659
0,1986-02-13,378.7337760663474,6.242033275238656,-0.0026751237455755472,0.16362919411794152
0,1986-02-14,371.0184374779247,6.559151179667573,-0.02037140354514122,0.3171179044289172
0,1986-02-18,367.5861167541989,6.584078666894494,-0.009251078590750694,0.024927487226920952
0,1986-02-19,371.4641347973421,6.619921041713593,0.010549957863986492,0.03584237481909902
0,1986-02-20,368.86712147129504,6.609504176947763,-0.006991289556026459,-0.010416864765829814
0,1986-02-21,372.4015615156469,6.6027973748361335,0.009581878781318665,-0.006706802111629884
0,1986-02-24,376.49776884040364,6.790850409718444,0.010999436490237713,0.1880530348823104
0,1986-02-25,365.967817295026,6.791776649688917,-0.027968164533376694,0.0009262399704734747
0,1986-02-26,366.61720507803744,6.7852620003574335,0.001774439588189125,-0.006514649331483824
0,1986-02-27,360.11431451266105,6.85557126148142,-0.017737548798322678,0.07030926112398639
0,1986-02-28,359.8385932149914,6.952506892487129,-0.0007656493689864874,0.09693563100570923
0,1986-03-03,357.1812320782255,7.006420553139679,-0.007384869735687971,0.0539136606525501
0,1986-03-04,358.89084636779467,7.0233087448069815,0.004786405712366104,0.016888191667302266
0,1986-03-05,358.56197162527536,7.024838622188874,-0.0009163642534986138,0.0015298773818921418
0,1986-03-06,361.72516881583584,7.168170983497866,0.008821898140013218,0.14333236130899252
0,1986-03-07,357.4737211592257,7.143519118133201,-0.011753253638744354,-0.024651865364664793
0,1986-03-10,358.02316519895027,7.1746268942643985,0.0015370193868875504,0.031107776131197085
0,1986-03-11,357.175384395677,7.209119583263284,-0.002367949578911066,0.03449268899888569
0,1986-03-12,355.0652395255905,7.155062413332796,-0.005907867569476366,-0.05405716993048859
0,1986-03-13,355.9818766447466,7.279848739498363,0.0025816019624471664,0.12478632616556773
0,1986-03-14,349.03921342383654,7.355522545443197,-0.019502855837345123,0.07567380594483364
0,1986-03-17,348.43421187512047,7.360597908763234,-0.0017333340365439653,0.005075363320036885
0,1986-03-18,348.28839058063204,7.21620223653733,-0.0004185045254416764,-0.14439567222590366
0,1986-03-19,347.72530638417646,7.12475525982012,-0.0016167182475328445,-0.09144697671721058
0,1986-03-20,351.46727919690477,6.989069186168371,0.010761289857327938,-0.13568607365174845
0,1986-03-21,355.18162088726467,6.951488049542397,0.010568100959062576,-0.037581136625973954
0,1986-03-24,350.4524442215414,6.938954837158815,-0.013314812444150448,-0.012533212383582182
0,1986-03-25,354.0276761478635,6.904854091722319,0.010201760567724705,-0.034100745436496105
0,1986-03-26,351.5451983647637,6.922171302103266,-0.007012100890278816,0.01731721038094669
0,1986-03-27,350.702029407076,6.978553725321799,-0.002398465294390917,0.05638242321853326
0,1986-03-31,349.82262157218025,6.894932156783718,-0.0025075641460716724,-0.08362156853808056
0,1986-04-01,355.5149134549468,7.015962841263539,0.016271937638521194,0.12103068447982057
0,1986-04-02,350.36637928860966,7.14701873846507,-0.014481907710433006,0.13105589720153077
0,1986-04-03,348.719436584972,7.144276802784436,-0.004700629971921444,-0.0027419356806337447
0,1986-04-04,351.95360039638126,7.043261437319439,0.009274400770664215,-0.10101536546499723
0,1986-04-07,353.35123394556314,7.009720772228561,0.0039710733108222485,-0.03354066509087783
0,1986-04-08,361.6847717337344,6.817890059895156,0.023584289476275444,-0.1918307123334051
0,1986-04-09,357.2781211525865,6.762082075584558,-0.012183677405118942,-0.05580798431059808
0,1986-04-10,356.4118430505822,6.774618555424552,-0.0024246603716164827,0.012536479839994286
0,1986-04-11,358.96190414734343,6.7658848145710255,0.0071548158302903175,-0.008733740853526406
0,1986-04-14,362.13386645744885,6.705368089386998,0.00883648730814457,-0.06051672518402729
0,1986-04-15,359.60374678504803,6.807864999533888,-0.00698669720441103,0.10249691014688977
0,1986-04-16,354.0577189101147,6.964857889722503,-0.015422608703374863,0.15699289018861506
0,1986-04-17,353.6918735180723,6.95062425491611,-0.0010332930833101273,-0.01423363480639317
0,1986-04-18,358.42232810738557,7.02147238677162,0.013374507427215576,0.07084813185551031
0,1986-04-21,358.5103615366352,7.042983872451109,0.0002456136862747371,0.021511485679488906
0,1986-04-22,354.0412059532475,7.128391001493502,-0.012465903535485268,0.08540712904239278
0,1986-04-23,353.193170241839,7.147291571338542,-0.002395302290096879,0.01890056984503996
0,1986-04-24,354.449398937142,7.181202814209041,0.003556775161996484,0.033911242870499514
0,1986-04-25,353.9147774762047,7.1790704809620225,-0.0015083153266459703,-0.0021323332470188916
