path_id,Date,sp500_abs,DGS10_abs,sp500,DGS10
0,1976-03-18,192.10720925523654,8.403932880574656,0.010569309815764427,-0.06363460940615617
0,1976-03-19,193.08608465822257,8.4834230284808,0.005095464177429676,0.07949014790614406
0,1976-03-22,192.61354910519162,8.577151963356204,-0.002447279170155525,0.09372893487540424
0,1976-03-23,193.61545124530474,8.56240106930273,0.0052016181871294975,-0.014750894053474184
0,1976-03-24,194.932327094713,8.485376553614056,0.006801501847803593,-0.07702451568867374
0,1976-03-25,197.55615344299602,8.399252402488923,0.01346019096672535,-0.08612415112513361
0,1976-03-26,197.21290354427686,8.518675597877394,-0.0017374801682308316,0.11942319538847102
0,1976-03-29,195.08716294404786,8.41239635947518,-0.010778912343084812,-0.1062792384022142
0,1976-03-30,195.99483134503947,8.46972377874146,0.0046526300720870495,0.057327419266281154
0,1976-03-31,195.19657185911845,8.49511383335425,-0.004072859883308411,0.02539005461278876
0,1976-04-01,195.66209200468447,8.413004375416024,0.002384878695011139,-0.0821094579382251
0,1976-04-02,196.450906249959,8.370399246233964,0.004031512886285782,-0.04260512918206061
0,1976-04-05,197.4362013575968,8.336374664544083,0.005015477538108826,-0.03402458168988076
0,1976-04-06,195.83147108843963,8.477897729590987,-0.008127842098474503,0.14152306504690415
0,1976-04-07,194.37123784071645,8.456921789601221,-0.007456581108272076,-0.02097593998976599
0,1976-04-08,196.6745050379802,8.51316147962878,0.011849835515022278,0.05623969002755835
0,1976-04-09,195.66504555800074,8.513507396421828,-0.005132640246301889,0.0003459167930479623
0,1976-04-12,199.00839778137444,8.423669589672446,0.017087120562791824,-0.08983780674938124
0,1976-04-13,201.60849904026728,8.41056365945901,0.013065284118056297,-0.013105930213436423
0,1976-04-14,200.0156094695616,8.49809530221748,-0.0079009048640728,0.0875316427584707
0,1976-04-15,199.72607719583957,8.49738738423018,-0.0014475483912974596,-0.0007079179873006325
0,1976-04-19,198.40486839296872,8.490933883084294,-0.006615104153752327,-0.006453501145886165
0,1976-04-20,201.79524694742767,8.478007867648195,0.017088182270526886,-0.012926015436098837
0,1976-04-21,201.40191800048757,8.511149061419022,-0.0019491487182676792,0.03314119377082747
0,1976-04-22,199.51382821412832,8.516529516313236,-0.009374735876917839,0.005380454894213571
0,1976-04-23,201.49777315292926,8.488285981629591,0.009943896904587746,-0.02824353468364471
0,1976-04-26,201.4237317573915,8.506373226587739,-0.0003674551553558558,0.018087244958147508
0,1976-04-27,202.88586157995675,8.508724265396472,0.007258974947035313,0.002351038808733108
0,1976-04-28,203.60398497985548,8.455226528215233,0.0035395438317209482,-0.05349773718123885
0,1976-04-29,204.88408478933957,8.433884619147515,0.006287204101681709,-0.02134190906771849
0,1976-04-30,204.7403210879933,8.324481675993631,-0.0007016831077635288,-0.10940294315388321
0,1976-05-03,205.9820827358314,8.338667818868409,0.006065056659281254,0.014186142874777374
0,1976-05-04,204.94864429364384,8.415201275051652,-0.005017127841711044,0.07653345618324359
0,1976-05-05,203.90108667769942,8.489751601699945,-0.005111317615956068,0.07455032664829275
0,1976-05-06,203.56512363375393,8.518860513166386,-0.0016476765740662813,0.0291089114664409
0,1976-05-07,204.70037501786638,8.589629854258938,0.005576846189796925,0.07076934109255184
0,1976-05-10,205.22207164598,8.543708957057689,0.0025485865771770477,-0.045920897201249034
0,1976-05-11,207.11590993753362,8.376842209102717,0.009228238835930824,-0.16686674795497147
0,1976-05-12,209.07608198687183,8.356612572923908,0.009464130736887455,-0.020229636178809685
0,1976-05-13,210.14782232189734,8.44207169391248,0.005126078147441149,0.08545912098857222
0,1976-05-14,208.66638642043938,8.576989772667421,-0.007049494422972202,0.1349180787549411
0,1976-05-17,207.6897668536701,8.525198435189608,-0.004680291749536991,-0.051791337477812505
0,1976-05-18,210.2111233808809,8.554899407641985,0.01214001327753067,0.029700972452376462
0,1976-05-19,207.60057442262627,8.556290114561788,-0.012418700382113457,0.001390706919803364
0,1976-05-20,210.40202083801825,8.52347483849846,0.013494405895471573,-0.032815276063328014
0,1976-05-21,211.058302168058,8.4414703160288,0.00311917788349092,-0.08200452246965995
0,1976-05-24,214.06045134016063,8.447035724091537,0.014224264770746231,0.00556540806273631
0,1976-05-25,211.46782471159696,8.453974280027147,-0.012111656367778778,0.006938555935610324
0,1976-05-26,212.0063496234785,8.467643087782037,0.0025466044899076223,0.013668807754889656
0,1976-05-27,211.89511383286964,8.53543667629132,-0.0005246814107522368,0.06779358850928396
0,1976-05-28,210.37220756416912,8.682987564806615,-0.007187075912952423,0.14755088851529408
0,1976-06-01,211.22034522639467,8.579904531529081,0.004031605087220669,-0.10308303327753343
0,1976-06-02,215.26576565130085,8.449512038594337,0.019152607768774033,-0.1303924929347442
0,1976-06-03,212.65736344046192,8.411065778457148,-0.01211712509393692,-0.03844626013718866
0,1976-06-04,213.554551833778,8.419268692110995,0.004218938760459423,0.008202913653846622
0,1976-06-07,215.24757747935203,8.430315052540822,0.00792783685028553,0.011046360429826763
0,1976-06-08,213.88032467997857,8.392367471517582,-0.006352000869810581,-0.03794758102323925
0,1976-06-09,213.67174074951373,7.807746158435098,-0.000975236645899713,-0.5846213130824847
0,1976-06-10,215.14142756435066,7.815413197549648,0.006878246087580919,0.007667039114550356
0,1976-06-11,213.281283486514,7.9511069988336045,-0.008646145462989807,0.13569380128395636
0,1976-06-14,212.10610718002545,7.998395160402947,-0.005509983282536268,0.04728816156934279
0,1976-06-15,213.96559310931005,8.00319663641565,0.008766772225499153,0.0048014760127026435
0,1976-06-16,213.50797107369002,7.992541466512191,-0.0021387645974755287,-0.01065516990345916
0,1976-06-17,217.82526297876885,7.8005737178470484,0.02022075280547142,-0.19196774866514232
0,1976-06-18,218.63828743342242,7.845420030519747,0.003732461715117097,0.04484631267269812
0,1976-06-21,217.31663666565453,7.780420640336356,-0.006044919136911631,-0.06499939018339074
0,1976-06-22,218.91166994401542,7.628297475545445,0.007339674048125744,-0.15212316479091115
0,1976-06-23,220.4287859543359,7.7650531541913645,0.006930265575647354,0.13675567864591986
0,1976-06-24,218.43589090810678,7.969660878067863,-0.009040992707014084,0.2046077238764985
0,1976-06-25,215.89090247876283,7.835380291723919,-0.011650962755084038,-0.13428058634394446
0,1976-06-28,220.95114267830596,7.913371869445047,0.02343887649476528,0.07799157772112864
0,1976-06-29,217.55444822194738,7.9928217642521,-0.015373056754469872,0.07944989480705278
0,1976-06-30,217.388235028642,8.142813016637254,-0.0007640073308721185,0.14999125238515365
0,1976-07-01,217.55001988763095,8.118750530394832,0.0007442208589054644,-0.024062486242421244
0,1976-07-02,221.80273687487235,8.299442501071704,0.01954822614789009,0.1806919706768717
0,1976-07-06,220.34875293501733,8.318058961727221,-0.006555302068591118,0.01861646065551703
0,1976-07-07,221.52406632264174,8.207914779859083,0.0053338780999183655,-0.11014418186813835
0,1976-07-08,221.43750922213567,7.990961999845021,-0.0003907345235347748,-0.21695278001406137
0,1976-07-09,223.30000557678702,7.966819132255278,0.00841093435883522,-0.02414286758974349
0,1976-07-12,222.2929854871008,7.97005470895373,-0.004509718157351017,0.0032355766984517587
0,1976-07-13,224.80200310860093,7.849963621088544,0.011286985129117966,-0.12009108786518574
0,1976-07-14,222.73663826588964,7.989992579455982,-0.009187484160065651,0.1400289583674379
0,1976-07-15,222.58986012125533,8.011112046883415,-0.0006589762051589787,0.021119467427433314
0,1976-07-16,220.19096227305968,7.854528631417998,-0.01077721081674099,-0.1565834154654171
0,1976-07-19,223.45977372637128,7.940155769523041,0.014845347963273525,0.08562713810504263
0,1976-07-20,222.3613154685905,7.951676965939466,-0.0049156867899000645,0.011521196416425461
0,1976-07-21,222.52116364126022,7.926446392653843,0.0007188668241724372,-0.02523057328562306
0,1976-07-22,220.8587131396819,7.5543699490553875,-0.007470977026969194,-0.3720764435984556
0,1976-07-23,225.34286760227053,7.471096818239911,0.02030327171087265,-0.08327313081547683
0,1976-07-26,224.66030263653184,7.427901395369896,-0.003029006300494075,-0.04319542287001443
0,1976-07-27,226.3713524868815,7.238931069339588,0.0076161646284163,-0.18897032603030794
0,1976-07-28,226.80854195995806,7.229478768871126,0.0019312932854518294,-0.009452300468462127
0,1976-07-29,227.0413017870749,7.209315263958895,0.0010262392461299896,-0.02016350491223129
0,1976-07-30,226.9133816864679,7.235363559628842,-0.0005634221597574651,0.026048295669947485
0,1976-08-02,228.79824562453484,7.272528507466533,0.008306534960865974,0.037164947837690754
0,1976-08-03,230.5729990260235,7.225503806027988,0.007756848819553852,-0.04702470143854498
0,1976-08-04,232.45131455508462,7.2547318659155895,0.008146294392645359,0.029228059887601354
0,1976-08-05,229.89063800355717,7.334950421923227,-0.011015969328582287,0.08021855600763761
0,1976-08-06,230.44712643839006,7.252782968183955,0.002420665929093957,-0.08216745373927203
0,1976-08-09,232.52641148209347,7.269619945078079,0.009022829122841358,0.016836976894124334
0,1976-08-10,229.35595950532627,7.236633066926476,-0.013634803704917431,-0.03298687815160317
0,1976-08-11,229.2411736098626,7.203826799185509,-0.0005004705162718892,-0.032806267740967066
0,1976-08-12,228.55198586396278,7.21253508227697,-0.0030063872691243887,0.008708283091460878
0,1976-08-13,230.94922294572532,7.2630994030788605,0.010488804429769516,0.05056432080189044
0,1976-08-16,230.39775544970792,7.183366955171794,-0.0023878300562500954,-0.0797324479070669
0,1976-08-17,233.5372466541261,7.2365532723348736,0.013626396656036377,0.05318631716307998
0,1976-08-18,231.6165225338476,7.246658028918157,-0.0082244873046875,0.010104756583283248
0,1976-08-19,231.1513159926954,7.201627370235377,-0.002008520532399416,-0.04503065868278
0,1976-08-20,232.37741885926437,7.25954655767779,0.00530433002859354,0.057919187442412756
0,1976-08-23,231.53389982742746,7.245309060069582,-0.0036299526691436768,-0.014237497608207583
0,1976-08-24,232.0583804486113,7.325056967409092,0.002265243325382471,0.07974790733951043
0,1976-08-25,229.34930283103282,7.339576472560272,-0.011674121022224426,0.014519505151179501
0,1976-08-26,231.55904097007274,7.3322617056743145,0.009634815156459808,-0.007314766885957447
0,1976-08-27,230.83625694219077,7.347298531374543,-0.0031213811598718166,0.015036825700228462
0,1976-08-30,229.02891363568435,7.241897452900426,-0.007829546928405762,-0.10540107847411662
0,1976-08-31,231.1268758392305,7.359719043279185,0.009160250425338745,0.1178215903787585
0,1976-09-01,227.1715477638665,7.41314180795583,-0.017113232985138893,0.053422764676644974
0,1976-09-02,226.30339527211223,7.4383804368886866,-0.0038215722888708115,0.025238628932856777
0,1976-09-03,225.7022369854914,7.4892447303502365,-0.0026564262807369232,0.05086429346154997
0,1976-09-07,225.08374193366436,7.459356679690319,-0.002740314230322838,-0.02988805065991773
0,1976-09-08,229.7176359037655,7.3931834105087155,0.02058742195367813,-0.06617326918160327
0,1976-09-09,228.82139259570957,7.27469811336627,-0.0039014997892081738,-0.11848529714244549
0,1976-09-10,227.34894006969705,7.325773136975402,-0.0064349425956606865,0.05107502360913152
0,1976-09-13,224.21261368711893,7.379285016520557,-0.013795210048556328,0.05351187954515524
0,1976-09-14,221.75534041258348,7.4600946746927335,-0.010959567502140999,0.08080965817217667
0,1976-09-15,220.83703242224243,7.478724863701705,-0.004141086246818304,0.018630189008971954
0,1976-09-16,219.44812103635064,7.459905058001054,-0.0062893046997487545,-0.01881980570065167
0,1976-09-17,220.74175931967767,7.456808599337824,0.005894961766898632,-0.0030964586632293845
0,1976-09-20,220.98248705664653,7.322663345801751,0.0010905400849878788,-0.1341452535360732
0,1976-09-21,220.89917543296752,7.285326844888685,-0.00037700554821640253,-0.037336500913066395
0,1976-09-22,218.25547717374886,7.356485288896448,-0.011967895552515984,0.0711584440077635
0,1976-09-23,215.201666986005,7.416134188374648,-0.013991906307637691,0.059648899478199624
0,1976-09-24,214.66116156187672,7.472028724684664,-0.0025116228498518467,0.055894536310016285
0,1976-09-27,214.5820073797091,7.42537514581113,-0.00036874011857435107,-0.04665357887353405
0,1976-09-28,216.6571505986335,7.417591055315754,0.009670630097389221,-0.007784090495376539
0,1976-09-29,214.3238034190185,7.410386395284115,-0.010769767686724663,-0.007204660031638888
0,1976-09-30,214.28712293065732,7.520984531146701,-0.00017114519141614437,0.11059813586258649
0,1976-10-01,213.3142048860665,7.538406702747765,-0.004540254361927509,0.01742217160106385
0,1976-10-04,212.68145103412164,7.515612189950566,-0.0029662996530532837,-0.022794512797198685
0,1976-10-05,216.03050097905944,7.565695789098662,0.015746789053082466,0.05008359914809546
0,1976-10-06,214.09110913193553,7.614811793870295,-0.00897739827632904,0.04911600477163347
0,1976-10-07,215.1661851687744,7.559401005187127,0.005021581891924143,-0.055410788683167844
0,1976-10-08,215.09209349388578,7.5971684040137175,-0.0003443462774157524,0.03776739882659008
0,1976-10-13,212.65674287306405,7.715818009580829,-0.01132236234843731,0.11864960556711157
0,1976-10-14,210.8314890704014,7.828481949071158,-0.008583098649978638,0.1126639394903286
0,1976-10-15,211.78701626712,7.86055721003197,0.004532184451818466,0.032075260960811924
0,1976-10-18,215.00373947924336,7.840865838586266,0.015188481658697128,-0.01969137144570343
0,1976-10-19,215.6951700887738,7.81443423538246,0.0032159003894776106,-0.026431603203806553
0,1976-10-20,216.0471496967676,7.787349047295024,0.001631838153116405,-0.027085188087435874
0,1976-10-21,213.65577897847453,7.915886833206913,-0.011068744584918022,0.12853778591188902
0,1976-10-22,211.43949911677154,7.994608344989373,-0.010373133234679699,0.07872151178245979
0,1976-10-25,214.41271950246815,8.012599519774115,0.014061802066862583,0.017991174784742547
0,1976-10-26,213.4100882384067,8.002323015585219,-0.004676174372434616,-0.01027650418889614
0,1976-10-27,215.25587268073096,8.038591026874572,0.008649002760648727,0.0362680112893532
0,1976-10-28,214.2378532004127,7.979372053926183,-0.00472934590652585,-0.05921897294838896
0,1976-10-29,214.9489166433309,7.884301355965343,0.0033190373796969652,-0.09507069796084
0,1976-11-01,218.39216206345867,7.775839946094767,0.016018901020288467,-0.10846140987057584
0,1976-11-03,216.71586858989613,7.804558298591861,-0.00767561187967658,0.028718352497093314
0,1976-11-04,216.13274658553448,7.899395028947783,-0.0026907213032245636,0.09483673035592233
0,1976-11-05,215.3604290072622,8.021878242496582,-0.00357334828004241,0.12248321354879899
0,1976-11-08,211.92213882902988,8.088498995184427,-0.015965282917022705,0.06662075268784484
0,1976-11-09,214.48723274527202,8.025028283187677,0.012103945016860962,-0.06347071199675014
0,1976-11-10,217.2163101717707,7.904280966756232,0.012723729014396667,-0.12074731643144432
0,1976-11-15,217.1029300059564,7.718821791817343,-0.0005219689337536693,-0.18545917493888897
0,1976-11-16,218.15149600963247,7.755949624575946,0.004829810466617346,0.03712783275860243
0,1976-11-17,217.19614304406866,7.651482907776462,-0.004379309713840485,-0.10446671679948416
0,1976-11-18,217.0222519088186,7.719538391150679,-0.0008006179705262184,0.0680554833742173
0,1976-11-19,216.79697280920055,7.5617432814373124,-0.0010380460880696774,-0.15779510971336652
0,1976-11-22,220.3028000816834,7.920207272231972,0.016171015799045563,0.3584639907946592
0,1976-11-23,217.8880085929676,8.059202184624722,-0.010961238294839859,0.13899491239275008
0,1976-11-24,218.96706174263545,8.031636792524441,0.004952329210937023,-0.027565392100280306
0,1976-11-26,218.4905022282936,8.294256092477017,-0.002176398178562522,0.2626192999525756
0,1976-11-29,218.00105403575674,8.346835074649551,-0.002240134868770838,0.05257898217253398
0,1976-11-30,221.12645504617683,8.26658970044208,0.014336632564663887,-0.0802453742074718
0,1976-12-01,223.25542013314342,8.18295461206412,0.009627817198634148,-0.08363508837795841
0,1976-12-02,223.6803483987393,8.27784376456889,0.0019033278804272413,0.09488915250476992
0,1976-12-03,220.5605675915208,8.371448591993707,-0.013947496190667152,0.0936048274248158
0,1976-12-06,218.70171067224229,8.27251658993336,-0.008427875116467476,-0.09893200206034614
0,1976-12-07,222.44503908120274,7.805335379804801,0.017116136848926544,-0.46718121012855907
0,1976-12-08,225.4084358198816,7.8603543143551216,0.01332192774862051,0.05501893455032025
0,1976-12-09,221.70505208833112,7.866064791909109,-0.016429658979177475,0.0057104775539871255
0,1976-12-10,224.61440552376746,7.866997088984527,0.013122630305588245,0.0009322970754181981
0,1976-12-13,222.16940277876012,7.768081401346448,-0.010885333642363548,-0.09891568763807879
0,1976-12-14,223.53741971535965,7.786121032554664,0.006157539784908295,0.018039631208216278
0,1976-12-15,221.86462707463733,7.822242657945465,-0.007483277935534716,0.03612162539080099
0,1976-12-16,222.05356760322567,7.829644400351285,0.0008516027592122555,0.007401742405819256
0,1976-12-17,220.54113894959403,7.9230746567422425,-0.006811098195612431,0.09343025639095792
0,1976-12-20,217.7185605867779,7.9240329362863955,-0.012798421084880829,0.0009582795441529512
0,1976-12-21,217.72930463600503,7.794434684469434,4.934833850711584e-05,-0.1295982518169616
0,1976-12-22,219.86743749075617,7.773836863193028,0.009820142760872841,-0.020597821276405526
0,1976-12-23,218.58856693422467,7.795566172181477,-0.00581655278801918,0.021729308988448715
0,1976-12-27,220.4873211805619,7.779194666555706,0.0086864298209548,-0.016371505625770943
0,1976-12-28,221.80157084060127,7.862823377744978,0.00596065865829587,0.08362871118927195
0,1976-12-29,217.45569895889645,7.871042007186026,-0.019593512639403343,0.008218629441048009
0,1976-12-30,222.88016907897588,7.798926003452141,0.024945173412561417,-0.07211600373388549
0,1976-12-31,222.30469339357123,7.853637772806651,-0.002581995911896229,0.054711769354510054
0,1977-01-03,220.37100816189587,7.826742611054838,-0.00869835540652275,-0.026895161751812502
0,1977-01-04,219.66183028388042,7.770747911459047,-0.0032181087881326675,-0.055994699595791175
0,1977-01-05,221.12692202048763,7.797807569537282,0.006669760216027498,0.02705965807823496
0,1977-01-06,220.88688292880553,7.83473870978768,-0.0010855263099074364,0.03693114025039801
0,1977-01-07,219.38758803742655,7.885001771720482,-0.006787613965570927,0.05026306193280217
0,1977-01-10,220.4630111968322,7.926204521049352,0.004901932552456856,0.04120274932887025
0,1977-01-11,220.88142658906102,7.982350177038993,0.0018978938460350037,0.056145655989640275
0,1977-01-12,220.67211029840175,7.9320655400419575,-0.0009476409759372473,-0.050284636997035115
0,1977-01-13,221.01237677267184,7.956740712848618,0.001541955047287047,0.02467517280666076
0,1977-01-14,219.99347828670457,7.865162081475944,-0.004610142204910517,-0.0915786313726743
0,1977-01-17,223.129970958113,7.656898783543676,0.01425720751285553,-0.20826329793226783
0,1977-01-18,224.84556828655144,7.707733062128248,0.007688780315220356,0.05083427858457146
0,1977-01-19,222.6155722230293,7.797707358534716,-0.009917900897562504,0.08997429640646804
0,1977-01-20,224.0641441809881,7.700861164883505,0.006507055833935738,-0.09684619365121083
0,1977-01-21,224.99318359052063,7.54208208654205,0.004146310035139322,-0.1587790783414551
0,1977-01-24,225.156799185368,7.496062244974177,0.0007272024522535503,-0.04601984156787253
0,1977-01-25,226.51045112090554,7.411549564491216,0.006012041121721268,-0.08451268048296079
0,1977-01-26,225.66991933705853,7.487668388517448,-0.0037107858806848526,0.07611882402623138
0,1977-01-27,223.74045300108122,7.5235989099510645,-0.008549949154257774,0.03593052143361675
0,1977-01-28,224.7886358807896,7.627406184243806,0.004684816114604473,0.10380727429274117
0,1977-01-31,224.7512654145062,7.526248248242291,-0.00016624713316559792,-0.10115793600151424
0,1977-02-01,226.81136993346115,7.473862691706216,0.009166153147816658,-0.05238555653607513
0,1977-02-02,227.57849085305457,7.379395774823888,0.0033821978140622377,-0.094466916882328
0,1977-02-03,229.61901360791978,7.3576072120579665,0.008966237306594849,-0.021788562765921782
0,1977-02-04,228.6690959853272,7.347135155492885,-0.004136929288506508,-0.010472056565081544
0,1977-02-07,228.44779396604363,7.299915354051226,-0.0009677828056737781,-0.04721980144165894
0,1977-02-08,227.46962827453467,7.313165938275377,-0.004281790927052498,0.01325058422415104
0,1977-02-09,225.60102037646442,7.252620232054761,-0.008214757777750492,-0.0605457062206165
0,1977-02-10,225.44500053504757,7.23911304743009,-0.0006915741832926869,-0.01350718462467082
0,1977-02-11,222.15988419537103,7.260488970501802,-0.01457169745117426,0.02137592307171232
0,1977-02-14,221.27663287513678,7.32418265974089,-0.003975746221840382,0.0636936892390878
0,1977-02-15,221.025149010815,7.171796902993068,-0.00113651342689991,-0.1523857567478215
0,1977-02-16,222.02565694216884,7.141803060602028,0.004526670090854168,-0.029993842391040637
0,1977-02-17,222.0798439182339,7.172890519325661,0.00024405727162957191,0.03108745872363361
0,1977-02-18,222.61903182475282,7.298073861359814,0.002427901141345501,0.12518334203415282
0,1977-02-22,219.49718037111714,7.442884202023714,-0.014023290947079659,0.14481034066389942
0,1977-02-23,218.6349656795439,7.458713700096387,-0.0039281356148421764,0.015829498072672976
0,1977-02-24,220.91477142608315,7.4447588007860155,0.010427452623844147,-0.013954899310371083
0,1977-02-25,219.37909027031543,7.4026836068512605,-0.006951464340090752,-0.042075193934755006
0,1977-02-28,219.06157505548393,7.26091814592393,-0.0014473358169198036,-0.14176546092733044
0,1977-03-01,220.2755111353737,7.227130897076249,0.005541529040783644,-0.03378724884768136
0,1977-03-02,218.04013925300714,7.373672067806778,-0.010148072615265846,0.1465411707305293
0,1977-03-03,216.46242178987032,7.445747158193106,-0.007235903758555651,0.07207509038632764
0,1977-03-04,216.06642776243933,7.439356047117105,-0.0018293892499059439,-0.006391111076000655
0,1977-03-07,219.65078489904695,7.364971095316815,0.016589144244790077,-0.07438495180029037
0,1977-03-08,217.84123896125763,7.424112176487235,-0.008238285779953003,0.05914108117042005
0,1977-03-09,215.332143434735,7.431625770110103,-0.01151800062507391,0.00751359362286852
0,1977-03-10,214.77550836294913,7.441598553277445,-0.0025850068777799606,0.009972783167341959
0,1977-03-11,216.3148799104039,7.435868474773165,0.007167351432144642,-0.0057300785042802005
0,1977-03-14,214.01632537426946,7.535137879065759,-0.010625965893268585,0.09926940429259368
0,1977-03-15,212.16096819389765,7.645957792269693,-0.00866923201829195,0.11081991320393403
0,1977-03-16,212.77005352951977,7.589312550990548,0.0028708642348647118,-0.05664524127914472
0,1977-03-17,213.65211482592937,7.449781065196224,0.0041456082835793495,-0.13953148579432373
0,1977-03-18,215.5050665223374,7.474491509481934,0.008672751486301422,0.02471044428571023
0,1977-03-21,215.69387578724235,7.475196858568047,0.000876124482601881,0.0007053490861128608
0,1977-03-22,215.6497214896729,7.411186865634072,-0.00020470816525630653,-0.06400999293397547
0,1977-03-23,217.5453149504353,7.362354067991022,0.008790150284767151,-0.048832797643049375
0,1977-03-24,217.62268584740082,7.351748177742306,0.0003556541632860899,-0.010605890248716499
0,1977-03-25,214.52029158548814,7.427058610894437,-0.014255840331315994,0.07531043315213104
0,1977-03-28,214.86631537567155,7.568592534184823,0.0016130119329318404,0.14153392329038628
0,1977-03-29,214.8443119265952,7.519311488961163,-0.0001024052980937995,-0.04928104522366006
0,1977-03-30,217.8392906514302,7.30806863924932,0.013940228149294853,-0.21124284971184348
0,1977-03-31,223.35552297714963,7.1304446636198735,0.025322485715150833,-0.1776239756294462
0,1977-04-01,223.87223991867538,7.1059809999151256,0.0023134280927479267,-0.02446366370474795
0,1977-04-04,224.39810349961138,7.048750930517754,0.0023489450104534626,-0.05723006939737196
0,1977-04-05,222.49963364853645,7.1903601448748535,-0.008460275828838348,0.14160921435709994
0,1977-04-06,221.5752451213807,7.151757276068512,-0.004154562018811703,-0.03860286880634156
0,1977-04-07,222.10788583518993,7.108916134527716,0.0024038818664848804,-0.0428411415407961
0,1977-04-11,221.73279617957982,7.219534158068149,-0.0016887723468244076,0.11061802354043326
0,1977-04-12,221.39706063977172,7.344794507476983,-0.0015141447074711323,0.12526034940883424
0,1977-04-13,221.74028416246404,7.384355483874521,0.0015502623282372952,0.03956097639753775
0,1977-04-14,224.84075549040531,7.111808097980489,0.013982445001602173,-0.2725473858940317
0,1977-04-15,227.59677593513936,7.262725293584507,0.012257655151188374,0.15091719560401717
0,1977-04-18,225.69307481289343,7.15157314433835,-0.0083643589168787,-0.11115214924615646
0,1977-04-19,227.50163955097688,7.097073206546449,0.008013381622731686,-0.054499937791900877
0,1977-04-20,228.4631352240291,7.063238982480462,0.004226324148476124,-0.033834224065987684
0,1977-04-21,228.30262452664383,7.08161288608857,-0.0007025671657174826,0.018373903608108755
0,1977-04-22,228.2152311181648,7.08645570297282,-0.00038279633736237884,0.004842816884250034
0,1977-04-25,227.79176114229645,7.027585912410581,-0.001855572802014649,-0.05886979056223929
0,1977-04-26,226.44723069203,6.9044757881135235,-0.005902454257011414,-0.12311012429705759
0,1977-04-27,228.91690629890886,6.8687650157264235,0.010906185954809189,-0.035710772387099965
0,1977-04-28,226.46458006346612,6.936594594486276,-0.01071273535490036,0.06782957875985218
0,1977-04-29,222.80846333074328,6.938174369080833,-0.016144320368766785,0.0015797745945569375
0,1977-05-02,224.30967985445525,6.846057409765969,0.00673769973218441,-0.09211695931486386
0,1977-05-03,227.00530004655195,6.784272714778148,0.012017404660582542,-0.061784694987820465
0,1977-05-04,227.8051869807018,6.776016010092975,0.003523648716509342,-0.008256704685173588
0,1977-05-05,227.7106417511942,6.7475931878839255,-0.0004150266759097576,-0.028422822209049237
0,1977-05-06,230.96712510175166,6.87127144772187,0.014300971291959286,0.12367825983794489
0,1977-05-09,229.07789320290308,6.923937325697312,-0.00817965716123581,0.052665877975441866
0,1977-05-10,230.96440193998635,6.970834181887074,0.00823522824794054,0.046896856189762026
0,1977-05-11,231.7012316913029,7.03047889005962,0.0031902308110147715,0.05964470817254597
0,1977-05-12,230.80858443552586,7.089972822910266,-0.0038525788113474846,0.059493932850645415
0,1977-05-13,231.8450672145635,7.129286582668779,0.004490659572184086,0.03931375975851292
0,1977-05-16,233.00145670598204,7.165288972660244,0.004987768363207579,0.036002389991465655
0,1977-05-17,234.70764198728597,7.17822474438424,0.00732263782992959,0.012935771723995515
0,1977-05-18,235.2205203976551,7.166539629532544,0.002185179851949215,-0.011685114851696099
0,1977-05-19,236.77173021356424,7.110711736960046,0.0065947044640779495,-0.05582789257249754
0,1977-05-20,237.66999673711166,7.16521112821097,0.003793808165937662,0.054499391250923956
0,1977-05-23,235.6800525447206,7.14938887772906,-0.008372719399631023,-0.015822250481909883
0,1977-05-24,238.2673879462169,7.186264784694355,0.010978168807923794,0.03687590696529508
0,1977-05-25,236.44423744370212,7.182540120581053,-0.007651699706912041,-0.0037246641133021896
0,1977-05-26,236.4007852130701,7.239027240845479,-0.0001837736926972866,0.056487120264425705
0,1977-05-27,235.18358083087224,7.3024995628895235,-0.005148901604115963,0.06347232204404474
0,1977-05-31,236.91841830503404,7.400137822160281,0.007376524619758129,0.09763825927075764
0,1977-06-01,235.37917779417077,7.42049774386341,-0.006496922113001347,0.020359921703128947
0,1977-06-02,235.92859479275964,7.458206740626352,0.002334178425371647,0.037708996762941815
0,1977-06-03,234.66735552533515,7.490859263258243,-0.005345851648598909,0.03265252263189122
0,1977-06-06,233.70230968414583,7.569926411750185,-0.004112399183213711,0.07906714849194163
0,1977-06-07,232.53249486024973,7.567925143148199,-0.0050055766478180885,-0.002001268601985906
0,1977-06-08,235.0333553531384,7.513235558669937,0.010754886083304882,-0.054689584478262
0,1977-06-09,233.46288061179317,7.5891235206837955,-0.006681922823190689,0.07588796201385861
0,1977-06-10,231.386372558382,7.560779141731601,-0.008894382044672966,-0.02834437895219466
0,1977-06-13,235.457881404566,7.440694040887744,0.01759614795446396,-0.12008510084385637
0,1977-06-14,237.63585082765846,7.4776310644813835,0.009249932132661343,0.03693702359363904
0,1977-06-15,239.62957403015156,7.408533073521678,0.008389825001358986,-0.06909799095970559
0,1977-06-16,239.47049393108077,7.400556093898978,-0.0006638583727180958,-0.00797697962269961
0,1977-06-17,237.93577957819505,7.476215775001246,-0.006408782675862312,0.07565968110226784
0,1977-06-20,236.90751003463086,7.4766977133042065,-0.004321626387536526,0.0004819383029603941
0,1977-06-21,239.35675453195813,7.475735154466161,0.010338399559259415,-0.0009625588380455241
0,1977-06-22,238.18897981954365,7.4626950795631,-0.004878804087638855,-0.013040074903060805
0,1977-06-23,237.9438488284425,7.485002591759149,-0.00102914497256279,0.022307512196048762
0,1977-06-24,236.0871349607212,7.4408721314500035,-0.007803159765899181,-0.04413046030914547
0,1977-06-27,235.88769381901045,7.416477552684424,-0.0008447776781395078,-0.02439457876557949
0,1977-06-28,235.88681169117731,7.376543788438733,-3.739609383046627e-06,-0.03993376424569117
0,1977-06-29,233.41833445663514,7.461599464543481,-0.010464668273925781,0.08505567610474785
0,1977-06-30,228.2900240576423,7.38453757107049,-0.021970469504594803,-0.0770618934729903
0,1977-07-01,227.0188395015927,7.475828260392949,-0.005568287800997496,0.09129068932245854
0,1977-07-05,222.7251778779652,7.500508384653397,-0.018913239240646362,0.02468012426044819
0,1977-07-06,224.49872972741403,7.662944001918881,0.007962960749864578,0.1624356172654835
0,1977-07-07,220.54279635522383,7.711536570793359,-0.017621183767914772,0.04859256887447838
0,1977-07-08,219.3419790804021,7.683413858154619,-0.0054448265582323074,-0.028122712638739777
0,1977-07-11,219.1180285250705,7.77360114086556,-0.0010210109176114202,0.09018728271094112
0,1977-07-12,216.37595147435243,7.756989269784532,-0.012514155358076096,-0.016611871081027907
0,1977-07-13,219.69155716404904,7.685242817102,0.015323355793952942,-0.07174645268253244
0,1977-07-15,218.40727279211134,7.851073228267841,-0.005845852196216583,0.16583041116584063
0,1977-07-18,212.65968812323987,7.882924707360601,-0.026315903291106224,0.03185147909276065
0,1977-07-19,215.3745038556303,7.846838006255049,0.012766010127961636,-0.03608670110555234
0,1977-07-20,211.81919662852494,7.857724646559676,-0.016507558524608612,0.01088664030462727
0,1977-07-21,213.6834430642431,7.899764537388554,0.008801121264696121,0.04203989082887816
0,1977-07-22,209.0043368534746,8.01374703872621,-0.021897373721003532,0.11398250133765586
0,1977-07-25,207.96852731742342,8.031261437307643,-0.004955923650413752,0.017514398581433
0,1977-07-26,209.8485054561505,8.014439380295954,0.009039724245667458,-0.01682205701168904
0,1977-07-27,210.03025834072932,7.854489299896205,0.0008661147439852357,-0.15995008039974934
0,1977-07-28,213.93004067661985,7.813151231025369,0.01856771670281887,-0.0413380688708358
0,1977-07-29,211.5739452012675,7.818472083046607,-0.011013392359018326,0.005320852021237776
0,1977-08-01,211.7824992171758,7.778898793949831,0.0009857263648882508,-0.03957328909677571
0,1977-08-02,211.5814222468243,7.817279129470571,-0.0009494503610767424,0.03838033552074016
0,1977-08-03,212.6052863879201,7.890536357333094,0.0048391022719442844,0.07325722786252253
0,1977-08-04,211.40847494368083,8.014718662564498,-0.005629264749586582,0.12418230523140394
0,1977-08-05,210.4472279902666,8.01165092484496,-0.004546870477497578,-0.003067737719538499
0,1977-08-08,210.67623424267273,7.998566717972801,0.0010881884954869747,-0.01308420687215861
0,1977-08-09,212.30234164709745,7.878351820846158,0.00771851371973753,-0.12021489712664302
0,1977-08-10,211.7319531787329,7.838588258733451,-0.0026866800617426634,-0.039763562112706374
0,1977-08-11,211.51719874966227,7.724572416548182,-0.0010142750106751919,-0.11401584218526928
0,1977-08-12,211.20144494850118,7.660965706595788,-0.0014928043819963932,-0.06360670995239381
0,1977-08-15,215.6878002385994,7.616757488964069,0.021242067217826843,-0.044208217631719116
0,1977-08-16,213.9246801098212,7.613715636703618,-0.008174408227205276,-0.003041852260451172
0,1977-08-17,217.15786422242442,7.64660900828788,0.015113656409084797,0.03289337158426253
0,1977-08-18,217.50273325543452,7.679437712645132,0.0015881028957664967,0.03282870435725194
0,1977-08-19,218.3812461953031,7.647232814612841,0.004039089195430279,-0.03220489803229132
0,1977-08-22,217.49753033947852,7.719177835839947,-0.004046665504574776,0.07194502122710578
0,1977-08-23,216.6690688992304,7.780430150251927,-0.0038090613670647144,0.061252314411980535
0,1977-08-24,216.5452944521437,7.8129609396224176,-0.0005712603451684117,0.032530789370490254
0,1977-08-25,217.61369905509915,7.83834543655475,0.004933862015604973,0.025384496932332468
0,1977-08-26,219.12091223268095,7.787717363721347,0.006926095113158226,-0.05062807283340298
0,1977-08-29,218.98203644797,7.823453961112606,-0.0006337860831990838,0.03573659739125912
0,1977-08-30,219.26447806024018,7.799692281179166,0.001289793523028493,-0.023761679933440583
0,1977-08-31,219.08632275820563,7.844726399689466,-0.0008125132881104946,0.04503411851030048
0,1977-09-01,221.32135652428204,7.855578302379416,0.010201612487435341,0.010851902689950066
0,1977-09-02,220.01416348267094,7.920763290694623,-0.005906312260776758,0.06518498831520692
0,1977-09-06,218.9748252575154,7.885357983783707,-0.004723960533738136,-0.035405306910916146
0,1977-09-07,222.16366627638348,7.854130130572735,0.014562591910362244,-0.031227853210971546
0,1977-09-08,222.82132797966082,7.896670182705925,0.0029602576978504658,0.04254005213319001
0,1977-09-09,221.0558354238542,7.892471347463641,-0.00792335532605648,-0.004198835242283927
0,1977-09-12,222.57341397249232,7.990210557128129,0.006865136791020632,0.09773920966448735
0,1977-09-13,218.96694268361304,7.9536566328218825,-0.016203513368964195,-0.036553924306246266
0,1977-09-14,221.8519380881482,7.996712249287893,0.013175483793020248,0.04305561646601053
0,1977-09-15,221.03223144616953,8.039065255681479,-0.0036948365159332752,0.042353006393585524
0,1977-09-16,220.17794190245854,8.130095286159044,-0.0038649998605251312,0.0910300304775653
0,1977-09-19,219.88914565125978,8.151379550751196,-0.0013116493355482817,0.02128426459215227
0,1977-09-20,218.69090174782912,8.213460236547384,-0.005449309013783932,0.06208068579618775
0,1977-09-21,220.77089464454536,8.16528403322428,0.009511108510196209,-0.048176203323103906
0,1977-09-22,220.76090693434233,8.117116576837347,-4.524015821516514e-05,-0.04816745638693298
0,1977-09-23,221.78683411331065,8.075885262994428,0.004647232126444578,-0.04123131384291945
0,1977-09-26,218.58186963895733,8.126220571715107,-0.01445065252482891,0.050335308720679706
0,1977-09-27,226.17624841006756,8.01994591191609,0.034743864089250565,-0.10627465979901807
0,1977-09-28,230.40477443183414,8.002912195677796,0.018695712089538574,-0.017033716238293195
0,1977-09-29,231.52872462406978,8.055079579452276,0.004878154955804348,0.0521673837744796
0,1977-09-30,231.04361677138417,8.00070119968652,-0.0020952383056282997,-0.054378379765756435
0,1977-10-03,230.38707511074233,8.056981524023492,-0.0028416351415216923,0.0562803243369725
0,1977-10-04,234.76516835786353,7.984574307279048,0.019003206863999367,-0.07240721674444384
0,1977-10-05,233.35172654181906,7.995619887711993,-0.006020662374794483,0.011045580432945457
0,1977-10-06,235.04393551759156,7.912910287000637,0.00725175254046917,-0.08270960071135658
0,1977-10-07,235.69569569718706,8.051185156249407,0.002772929146885872,0.13827486924876986
0,1977-10-12,233.34471535687507,7.938398843167159,-0.009974642656743526,-0.11278631308224796
0,1977-10-13,237.78200095779926,7.947829154385681,0.01901601068675518,0.009430311218522114
0,1977-10-14,237.73097938916385,7.83239734765603,-0.00021457287948578596,-0.11543180672965114
0,1977-10-17,233.0961147976158,7.827524131303519,-0.019496258348226547,-0.004873216352510923
0,1977-10-18,235.35805634101973,7.8434573226061035,0.009703900665044785,0.01593319130258486
0,1977-10-19,235.1186566051356,7.813454880768088,-0.0010171724716201425,-0.030002441838015592
0,1977-10-20,233.64787140642713,7.834171611814737,-0.006255501881241798,0.020716731046649173
0,1977-10-21,238.30462524924448,7.855513711505279,0.019930649548768997,0.021342099690541794
0,1977-10-24,235.59365451894942,7.967802314956242,-0.011376072652637959,0.11228860345096336
0,1977-10-25,232.63013958051485,8.009166851393125,-0.012578925117850304,0.04136453643688309
0,1977-10-26,231.88958646728713,8.107754962054749,-0.003183392807841301,0.09858811066162332
0,1977-10-27,231.76802102980142,8.171736546956662,-0.0005242384504526854,0.06398158490191364
0,1977-10-28,237.14079671788346,7.978463718892553,0.023181695491075516,-0.19327282806410917
0,1977-10-31,241.99687560767688,7.983039816907024,0.020477619022130966,0.004576098014470453
0,1977-11-01,240.4383201342686,7.9593374278978315,-0.006440395023673773,-0.023702389009192082
0,1977-11-02,239.23000352256477,7.893928062246858,-0.005025474354624748,-0.06540936565097333
0,1977-11-03,239.88464550968285,7.806021279179798,0.002736454363912344,-0.08790678306706035
0,1977-11-04,234.6467353941088,7.820042474238161,-0.021835120394825935,0.014021195058362856
0,1977-11-07,236.79457411477625,7.841000960851822,0.009153499267995358,0.02095848661366162
0,1977-11-10,237.19589771749088,7.898593885965869,0.0016948175616562366,0.057592925114046345
0,1977-11-15,238.34345457558825,7.870580128641816,0.004838013090193272,-0.028013757324052868
0,1977-11-16,238.60485623987284,7.905727589816148,0.0010967436246573925,0.03514746117433187
0,1977-11-17,238.15782405454414,7.899242067897707,-0.0018735250923782587,-0.00648552191844054
0,1977-11-18,238.2128462641286,7.924878884411324,0.0002310325508005917,0.025636816513617156
0,1977-11-21,241.07698759013013,7.9044784891149,0.012023454532027245,-0.020400395296424456
0,1977-11-22,243.66065252084223,7.864193573231584,0.010717177763581276,-0.04028491588331562
0,1977-11-23,244.274254964697,7.872247481964427,0.002518266439437866,0.008053908732843063
0,1977-11-25,244.90841100158406,7.8176965521306565,0.002596082165837288,-0.054550929833770745
0,1977-11-28,245.83903503821293,7.7953372654231865,0.0037998859770596027,-0.022359286707470005
0,1977-11-29,242.10409886197507,7.781482410613449,-0.01519260834902525,-0.013854854809737915
0,1977-11-30,242.0326599372174,7.773010694785052,-0.00029507523868232965,-0.008471715828396675
0,1977-12-01,241.8581605555298,7.771762423171801,-0.0007209745235741138,-0.0012482716132504734
0,1977-12-02,242.1266294939761,7.735043078085502,0.0011100263800472021,-0.036719345086299704
0,1977-12-05,241.13422713286437,7.720432579355194,-0.004098691511899233,-0.014610498730307953
0,1977-12-06,241.38521499384595,7.752222864400848,0.0010408636881038547,0.03179028504565462
0,1977-12-07,243.02624241328564,7.836657306458058,0.006798375863581896,0.0844344420572094
0,1977-12-08,243.3390921661091,7.9749279658827845,0.0012873085215687752,0.13827065942472672
0,1977-12-09,243.287367456186,8.006337187879302,-0.00021256227046251297,0.03140922199651719
0,1977-12-12,244.39012470178358,8.070185961076499,0.004532735329121351,0.06384877319719706
0,1977-12-13,245.5035381712507,8.04317633455396,0.0045558856800198555,-0.027009626522538355
0,1977-12-14,247.68484554340176,8.006609858230208,0.00888503435999155,-0.03656647632375254
0,1977-12-15,246.3941422000932,8.053819076955632,-0.005211071111261845,0.04720921872542405
0,1977-12-16,247.0072896563218,8.177433778029126,0.002488482277840376,0.12361470107349426
0,1977-12-19,247.11428055705838,8.261523476081502,0.000433148758020252,0.08408969805237554
0,1977-12-20,242.64026171478395,8.323580620961108,-0.01810505986213684,0.06205714487960634
0,1977-12-21,240.64490543006474,8.271765869232183,-0.00822351686656475,-0.05181475172892469
0,1977-12-22,243.93973634939857,8.28847078200839,0.013691671192646027,0.016704912776207337
0,1977-12-23,238.72238465002934,8.403665739407517,-0.021387871354818344,0.115194957399126
0,1977-12-27,239.23546960366892,8.521641061709522,0.0021492955274879932,0.11797532230200503
0,1977-12-28,234.4183434706216,8.668293010554383,-0.02013550139963627,0.14665194884486077
0,1977-12-29,234.94803973865942,8.632808986089767,0.0022596195340156555,-0.035484024464615516
0,1977-12-30,240.65657814674069,8.742675420739303,0.024297025054693222,0.10986643464953616
0,1978-01-03,235.22228464051398,8.83940546129083,-0.022581113502383232,0.09673004055152745
0,1978-01-04,238.34410584320506,8.925106279771478,0.013271791860461235,0.08570081848064781
0,1978-01-05,232.36730291394034,8.894755411808475,-0.025076361373066902,-0.030350867963003125
0,1978-01-06,234.41774102503203,8.865224979989446,0.008824124932289124,-0.0295304318190297
0,1978-01-09,233.45685773489308,8.794766948334145,-0.004099021200090647,-0.07045803165530096
0,1978-01-10,234.57367351302858,8.836649759138668,0.004783820826560259,0.041882810804523274
0,1978-01-11,233.36692788756343,8.841089236251667,-0.005144420545548201,0.004439477112999413
0,1978-01-12,230.2361237613057,9.04256328122973,-0.013415800407528877,0.2014740449780632
0,1978-01-13,226.28593695675696,9.239914388933482,-0.017157111316919327,0.19735110770375108
0,1978-01-16,226.0564215232427,9.33659810673398,-0.0010142717510461807,0.09668371780049867
0,1978-01-17,227.72540726539154,9.244836613923479,0.007383049465715885,-0.09176149281050172
0,1978-01-18,231.8574412185427,9.204895857626195,0.01814480870962143,-0.039940756297284
0,1978-01-19,230.01156121895676,9.063489272292985,-0.007961271330714226,-0.14140658533320938
0,1978-01-20,230.35226893367755,9.100242067752731,0.0014812634326517582,0.03675279545974597
0,1978-01-23,230.4175734678712,8.979992413690445,0.0002834985498338938,-0.12024965406228638
0,1978-01-24,234.02394206781284,8.9419012406835,0.01565144769847393,-0.03809117300694531
0,1978-01-25,235.3804785250654,8.883483543776364,0.005796571262180805,-0.05841769690713505
0,1978-01-26,237.19942590482472,8.759664705512092,0.007727690041065216,-0.1238188382642722
0,1978-01-27,238.20447806574978,8.724043498685736,0.0042371610179543495,-0.035621206826355944
0,1978-01-30,236.8921170219474,8.77356237691998,-0.005509388633072376,0.0495188782342435
0,1978-01-31,237.94515820977938,8.852923804612837,0.0044452352449297905,0.07936142769285759
0,1978-02-01,237.09876189022526,8.946225213215284,-0.003557106712833047,0.0933014086024464
0,1978-02-02,235.19279307005849,8.974193293349424,-0.008038712665438652,0.02796808013414065
0,1978-02-03,236.90120370543795,9.00482002373347,0.007263873238116503,0.030626730384046397
0,1978-02-06,233.94245756413235,9.066666234305275,-0.01248936727643013,0.061846210571804505
0,1978-02-07,234.86275825051135,9.118316184885856,0.003933876287192106,0.05164995058058075
0,1978-02-08,238.4930775382725,9.14266794341071,0.015457194298505783,0.024351758524854716
0,1978-02-09,238.7027712998198,9.123583448255644,0.0008792446460574865,-0.019084495155066605
0,1978-02-10,237.94603306884005,9.001939108875895,-0.003170211333781481,-0.12164433937974906
0,1978-02-15,238.18828921016953,9.007185500971941,0.001018113805912435,0.005246392096045938
0,1978-02-16,238.95108644296775,8.902823284978718,0.0032024967949837446,-0.10436221599322337
0,1978-02-17,240.13938917422018,8.879810001188218,0.004972995724529028,-0.023013283790499273
0,1978-02-21,238.19782948131189,8.919408415040156,-0.00808513630181551,0.03959841385193741
0,1978-02-22,236.3440499364084,8.873484621939316,-0.007782520726323128,-0.04592379310084027
0,1978-02-23,237.1985471573267,8.872392562204103,0.003615480149164796,-0.001092059735212203
0,1978-02-24,238.11567743577945,8.91102940623805,0.003866508835926652,0.03863684403394707
0,1978-02-27,235.70021627262773,8.777482355951337,-0.01014406606554985,-0.13354705028671354
0,1978-02-28,236.64428805262017,8.763460064984468,0.0040053920820355415,-0.014022290966869022
0,1978-03-01,239.2873199651215,8.74666402711189,0.011168796569108963,-0.01679603787257733
0,1978-03-02,240.0688165747144,8.716954932167894,0.0032659340649843216,-0.029709094943996206
0,1978-03-03,240.29635762772122,8.70956333558444,0.0009478159481659532,-0.007391596583454785
0,1978-03-06,236.7731227248055,8.76078993398132,-0.014662040397524834,0.05122659839688026
0,1978-03-07,235.13751902560463,8.721466715290752,-0.006907894276082516,-0.03932321869056743
0,1978-03-08,236.80340444190045,8.80171338073577,0.007084728218615055,0.08024666544501713
0,1978-03-09,234.83105690039775,8.805522163187211,-0.008329050615429878,0.0038087824514416724
0,1978-03-10,236.47408636085711,8.831020605834658,0.006996644660830498,0.025498442647446495
0,1978-03-13,237.97961717039288,8.831884925020637,0.00636657839640975,0.0008643191859789567
0,1978-03-14,236.93319127183585,8.820463828767167,-0.0043971240520477295,-0.011421096253469543
0,1978-03-15,236.88115429245394,8.79126521287014,-0.00021962722530588508,-0.02919861589702677
0,1978-03-16,239.0591699343933,8.598555725033291,0.009194550104439259,-0.19270948783684894
0,1978-03-17,240.19537500130645,8.447079750341823,0.004752819426357746,-0.15147597469146845
0,1978-03-20,239.68278320677064,8.49419477164602,-0.002134061884135008,0.04711502130419731
0,1978-03-21,237.72185037712077,8.551363661859076,-0.008181367069482803,0.057168890213056045
0,1978-03-22,237.76892597167966,8.633135625537921,0.0001980280503630638,0.08177196367884498
0,1978-03-23,235.04344023610406,8.565391705304522,-0.011462749913334846,-0.06774392023339892
0,1978-03-27,238.26904796026898,8.566322028123023,0.013723453506827354,0.0009303228185011392
0,1978-03-28,236.7883420629102,8.689055854524202,-0.006214428227394819,0.1227338264011788
0,1978-03-29,233.2084497434392,8.669389431895029,-0.015118532814085484,-0.019666422629173397
0,1978-03-30,235.97054799870054,8.686875837719585,0.011843902990221977,0.017486405824556073
0,1978-03-31,231.21220099308715,8.787129480047193,-0.020165003836154938,0.10025364232760836
0,1978-04-03,231.38116281611786,8.762063832461376,0.0007307651685550809,-0.02506564758581753
0,1978-04-04,231.6888423073104,8.774351186662244,0.0013297516852617264,0.01228735420086835
0,1978-04-05,232.5321008494049,8.706182500044463,0.0036396165378391743,-0.0681686866177813
0,1978-04-06,235.05770650492175,8.679366726350475,0.010861320421099663,-0.02681577369398802
0,1978-04-07,237.93959525601866,8.546206082020824,0.012260345742106438,-0.13316064432965113
0,1978-04-10,237.3415907736998,8.559216972461082,-0.0025132617447525263,0.013010890440257938
0,1978-04-11,237.47456949958044,8.541930496730505,0.0005602841265499592,-0.017286475730577067
0,1978-04-12,241.83623482107646,8.346243849992065,0.018366873264312744,-0.19568664673843905
0,1978-04-13,240.5949004149233,8.370132122313496,-0.005132954567670822,0.023888272321430648
0,1978-04-14,237.6577723620124,8.384895752689049,-0.012207773514091969,0.01476363037555295
0,1978-04-17,238.99221791148068,8.23310803451336,0.005614988040179014,-0.15178771817568837
0,1978-04-18,239.85681092209524,8.238538046984365,0.0036176617722958326,0.005430012471004275
0,1978-04-19,238.34317157083908,8.236577698955754,-0.006310595665127039,-0.001960348028610781
0,1978-04-20,241.9359999894775,8.288785666587032,0.01507418230175972,0.05220796763127744
0,1978-04-21,239.47904104408647,8.353712717119985,-0.010155408643186092,0.06492705053295289
0,1978-04-24,241.80855120340215,8.338267378263367,0.00972740724682808,-0.015445338856617141
0,1978-04-25,245.0022522498993,8.137019367326419,0.013207560405135155,-0.20124801093694877
0,1978-04-26,244.86826705619893,7.9881705003250545,-0.00054687331430614,-0.14884886700136413
0,1978-04-27,243.05514232987622,8.077995396320176,-0.007404490374028683,0.08982489599512178
0,1978-04-28,239.60320084945494,8.13595154015585,-0.014202297665178776,0.057956143835673046
0,1978-05-01,240.63890073996734,8.103977461939957,0.004322562832385302,-0.031974078215892376
0,1978-05-02,240.8872205177431,8.17567536024593,0.0010319186840206385,0.07169789830597217
0,1978-05-03,242.08874416341402,8.271777858593712,0.004987909458577633,0.09610249834778273
0,1978-05-04,239.81884689982485,8.203429203135503,-0.009376302361488342,-0.0683486554582089
0,1978-05-05,243.63528664368843,8.337166297002735,0.015913844108581543,0.1337370938672322
0,1978-05-08,235.63580445361708,8.352347619120039,-0.03283384069800377,0.015181322117303608
0,1978-05-09,241.1705240132573,8.309097409849594,0.023488448932766914,-0.043250209270444984
0,1978-05-10,239.9956522137995,8.31162754732771,-0.004871539771556854,0.0025301374781161456
0,1978-05-11,242.99818686652452,8.35522298546451,0.012510787695646286,0.04359543813679956
0,1978-05-12,243.36060184618165,8.3359473212668,0.0014914307976141572,-0.019275664197708764
0,1978-05-15,246.10051518502564,8.383032689809607,0.011258656159043312,0.047085368542806094
0,1978-05-16,242.62384810679072,8.298198529355249,-0.014127020724117756,-0.0848341604543581
0,1978-05-17,241.65640574122267,8.277763112590034,-0.003987416625022888,-0.02043541676521521
0,1978-05-18,240.60519000872137,8.216654824462271,-0.004350042901933193,-0.06110828812776248
0,1978-05-19,240.7374488177288,8.283236349153395,0.0005496922531165183,0.06658152469112366
0,1978-05-22,241.28951819252205,8.195762281408589,0.002293242607265711,-0.0874740677448056
0,1978-05-23,245.93779935891894,8.232186168601595,0.019264331087470055,0.036423887193006266
0,1978-05-24,246.04989479626434,8.254955602208906,0.00045578775461763144,0.02276943360731032
0,1978-05-25,246.6917690990857,8.341426165504911,0.002608716022223234,0.08647056329600566
0,1978-05-26,245.19877834009884,8.24681591940473,-0.006052049342542887,-0.09461024610018143
0,1978-06-01,248.1900611103637,8.266998545527192,0.012199419550597668,0.020182626122462466
0,1978-06-02,248.76890911386798,8.366649512460327,0.0023322771303355694,0.09965096693313491
0,1978-06-05,247.60493560473606,8.392984082596575,-0.004678934812545776,0.026334570136247848
0,1978-06-06,249.42343642671494,8.351056306049927,0.007344364188611507,-0.04192777654664859
0,1978-06-07,250.70914871081655,8.352368503697273,0.005154737271368504,0.001312197647346025
0,1978-06-08,253.46255409541664,8.362034836720227,0.010982468724250793,0.009666333022954277
0,1978-06-09,253.10414590221234,8.408939235608516,-0.001414047903381288,0.04690439888828912
0,1978-06-12,253.97667213320577,8.525367457558872,0.003447301220148802,0.11642822195035585
0,1978-06-13,251.5693698289772,8.633706643513694,-0.009478438645601273,0.10833918595482217
0,1978-06-14,250.0607619050875,8.636353089701203,-0.005996786989271641,0.0026464461875086442
0,1978-06-15,251.69555086330723,8.455960999130824,0.006537566892802715,-0.18039209057037908
0,1978-06-16,254.64442596761862,8.54210397996151,0.011716039851307869,0.08614298083068661
0,1978-06-19,255.18286358171216,8.566899534963255,0.0021144684869796038,0.02479555500174513
0,1978-06-20,254.51788001912257,8.52764482690465,-0.0026059099473059177,-0.0392547080586052
0,1978-06-21,252.93199055893749,8.546089716832666,-0.006230955012142658,0.018444889928016295
0,1978-06-22,249.95317009823816,8.519400748455398,-0.011777159757912159,-0.026688968377268196
0,1978-06-23,250.40495024620577,8.489581274383244,0.0018074591644108295,-0.029819474072153795
0,1978-06-26,250.75255268501547,8.505344952667853,0.0013881612103432417,0.015763678284608673
0,1978-06-27,251.36116698424104,8.591679496821442,0.002427150961011648,0.08633454415358877
0,1978-06-28,248.24104405537295,8.61168137689393,-0.012412907555699348,0.020001880072488376
0,1978-06-29,249.4590874596614,8.630014487367871,0.004906696267426014,0.01833311047394126
0,1978-06-30,251.61756192104238,8.595687246826888,0.00865261908620596,-0.034327240540983794
0,1978-07-03,251.7754539928724,8.652801449944771,0.0006275081541389227,0.05711420311788373
0,1978-07-05,252.26087525404358,8.548345853524323,0.001927992794662714,-0.10445559642044877
0,1978-07-06,250.8210773868785,8.637164959382487,-0.005707575008273125,0.088819105858164
0,1978-07-07,246.84608093662106,8.625000356358731,-0.015847936272621155,-0.01216460302375566
0,1978-07-10,250.50240925063198,8.58678160133921,0.014812178909778595,-0.03821875501952121
0,1978-07-11,248.7273755565507,8.534015358810343,-0.007085894700139761,-0.052766242528866414
0,1978-07-12,246.30429728847307,8.442402295834006,-0.009741904214024544,-0.09161306297633764
0,1978-07-13,248.41969145910457,8.491440428933291,0.008588539436459541,0.04903813309928573
0,1978-07-14,246.87073204768188,8.682311146583677,-0.006235252134501934,0.19087071765038566
0,1978-07-17,243.73875078538757,8.6892494257072,-0.012686725705862045,0.006938279123522406
0,1978-07-18,243.98052682580484,8.62367923279154,0.0009919474832713604,-0.06557019291565958
0,1978-07-19,241.6916984797412,8.619354524040757,-0.009381192736327648,-0.004324708750782946
0,1978-07-20,239.22174852804102,8.71680270747597,-0.010219424031674862,0.09744818343521366
0,1978-07-21,236.5828185751984,8.728362539325646,-0.011031312867999077,0.011559831849675462
0,1978-07-24,238.89685147682027,8.705638456997153,0.009781069122254848,-0.022724082328492656
0,1978-07-25,237.66698810513472,8.79642735035601,-0.005148093681782484,0.09078889335885698
0,1978-07-26,234.6718880177957,8.715751491223577,-0.01260208711028099,-0.08067585913243391
0,1978-07-27,238.62569107423948,8.550815235225802,0.016848217695951462,-0.16493625599777495
0,1978-07-28,240.08381871201595,8.540431798085574,0.0061105224303901196,-0.010383437140227159
0,1978-07-31,245.38957220694525,8.706156904890005,0.022099588066339493,0.1657251068044303
0,1978-08-01,241.32138594434846,8.697435196348362,-0.01657848060131073,-0.00872170854164267
0,1978-08-02,247.1018910718801,8.752513762221229,0.023953555151820183,0.05507856587286675
0,1978-08-03,241.93312589769457,8.878051875756096,-0.02091754600405693,0.12553811353486743
0,1978-08-04,244.67381456087887,8.829469894293622,0.011328290216624737,-0.04858198146247439
0,1978-08-07,242.3978848168651,8.90420750459943,-0.009301893413066864,0.07473761030580839
0,1978-08-08,238.95196365840218,9.036009828638536,-0.014215970411896706,0.1318023240391053
0,1978-08-09,242.51374743998952,9.282955350697442,0.014905856922268867,0.24694552205890652
0,1978-08-10,237.5687719258283,9.294128900412712,-0.020390495657920837,0.01117354971527007
0,1978-08-11,239.74742413883655,9.279261605586063,0.00917061697691679,-0.014867294826649058
0,1978-08-14,237.8890940446684,9.253023598019636,-0.007751199416816235,-0.026238007566426802
0,1978-08-15,242.1334462078231,9.218119008361699,0.017841726541519165,-0.034904589657937635
0,1978-08-16,240.0123742171632,9.441882337263065,-0.008759929798543453,0.22376332890136652
0,1978-08-17,232.3207772891742,9.59355949547353,-0.032046668231487274,0.15167715821046457
0,1978-08-18,232.95079979348867,9.754456153212356,0.0027118646539747715,0.16089665773882622
0,1978-08-21,230.67120672302622,9.69002962107825,-0.009785727597773075,-0.06442653213410665
0,1978-08-22,235.62983179645585,9.640848761634233,0.02149650640785694,-0.04918085944401618
0,1978-08-23,233.47339325892887,9.606762272212391,-0.009151806123554707,-0.034086489421842
0,1978-08-24,233.52998592805665,9.508469995291323,0.0002423945115879178,-0.09829227692106812
0,1978-08-25,234.5325811267429,9.54124657879003,0.00429321825504303,0.03277658349870727
0,1978-08-28,233.50035698941304,9.540799776142618,-0.00440119719132781,-0.00044680264741181475
0,1978-08-29,235.93013377737995,9.631821104213222,0.010405880399048328,0.09102132807060315
0,1978-08-30,232.43904060067658,9.551583853485033,-0.014797148294746876,-0.08023725072818877
0,1978-08-31,232.76567809022964,9.593604012766988,0.001405260874889791,0.04202015928195557
0,1978-09-01,232.68628978406713,9.696961411511696,-0.0003410653444007039,0.1033573987447074
0,1978-09-05,234.33672610531832,9.441000514135567,0.007092967629432678,-0.2559608973761289
0,1978-09-06,238.39498722577133,9.490355080450772,0.01731807552278042,0.04935456631520552
0,1978-09-07,234.98815426874992,9.56744197480532,-0.014290707185864449,0.0770868943545473
0,1978-09-08,235.6343003991739,9.525507234647149,0.002749696606770158,-0.04193474015817067
0,1978-09-11,235.93005691741817,9.474169472286897,0.0012551505351439118,-0.05133776236025156
0,1978-09-12,238.2609306942345,9.418963113144308,0.009879511781036854,-0.055206359142589534
0,1978-09-13,234.26037106088128,9.471731397770185,-0.016790665686130524,0.052768284625877016
0,1978-09-14,236.33880904113647,9.620818306766548,0.008872341364622116,0.14908690899636312
0,1978-09-15,234.90795842461844,9.633884644365097,-0.006054234690964222,0.013066337598548472
0,1978-09-18,238.78850949159016,9.618987020398372,0.0165194533765316,-0.014897623966724893
0,1978-09-19,238.97885471036946,9.68064397990981,0.0007971288869157434,0.06165695951143846
0,1978-09-20,237.61942290907044,9.78795184939075,-0.005688502453267574,0.10730786948093929
0,1978-09-21,234.22788687293786,9.77185706840908,-0.01427297480404377,-0.016094780981669388
0,1978-09-22,235.68100684652492,9.647789852319276,0.006203872617334127,-0.12406721608980398
0,1978-09-25,237.55452938622457,9.542667792408341,0.007949399761855602,-0.1051220599109346
0,1978-09-26,235.08069168450078,9.498826987669696,-0.010413767769932747,-0.043840804738644934
0,1978-09-27,235.81743383302114,9.396291934680244,0.003133996855467558,-0.10253505298945242
0,1978-09-28,235.571838400321,9.400332142524137,-0.0010414642747491598,0.004040207843893029
0,1978-09-29,234.07092337335501,9.504350286522445,-0.006371368654072285,0.10401814399830833
0,1978-10-02,231.4211848115039,9.529755447178495,-0.011320238001644611,0.025405160656049475
0,1978-10-03,233.0827373434474,9.912176087359262,0.007179777137935162,0.3824206401807668
0,1978-10-04,226.75746383849454,10.028029878642919,-0.027137460187077522,0.1158537912836568
0,1978-10-05,227.1062015491841,10.058218243100791,0.0015379326650872827,0.030188364457872652
0,1978-10-06,228.32426254895066,9.977182314192705,0.005363398231565952,-0.08103592890808642
0,1978-10-11,229.95567356977313,9.876488623911756,0.0071451496332883835,-0.10069369028094854
0,1978-10-12,230.00533438813363,9.890368590952972,0.00021595822181552649,0.01387996704121619
0,1978-10-13,228.9919935359744,10.033827859670637,-0.004405727609992027,0.143459268717665
0,1978-10-16,228.18702419435212,10.106072522119234,-0.003515272866934538,0.07224466244859684
0,1978-10-17,229.1328431818348,9.97858911096164,0.0041449288837611675,-0.12748341115759487
0,1978-10-18,229.45284465163937,9.987761209591405,0.0013965761754661798,0.009172098629765202
0,1978-10-19,227.91419962320006,9.984075981855097,-0.0067057134583592415,-0.003685227736307084
0,1978-10-20,225.92980036937294,9.98916900345839,-0.008706782013177872,0.005093021603292058
0,1978-10-23,226.06690717573292,10.048182063567012,0.0006068557850085199,0.059013060108622284
0,1978-10-24,227.6556377021374,9.961021280437027,0.0070277005434036255,-0.08716078312998476
0,1978-10-25,230.48898491038858,9.888785880931273,0.012445759028196335,-0.07223539950575386
0,1978-10-26,229.77311249533528,9.913902441084728,-0.0031058855820447206,0.02511656015345487
0,1978-10-27,228.95482456087584,9.915652883030553,-0.003561286721378565,0.0017504419458251874
0,1978-10-30,227.79266639649816,9.949632432559557,-0.005075927823781967,0.03397954952900406
0,1978-10-31,225.70524060789782,10.00188983293376,-0.009163709357380867,0.052257400374202234
0,1978-11-01,227.14620659698014,9.951418520243458,0.006384282372891903,-0.05047131269030203
0,1978-11-02,230.19366054120752,9.829079490551186,0.013416266068816185,-0.12233902969227195
0,1978-11-03,229.99749101133497,9.725792777660205,-0.0008521934505552053,-0.10328671289098068
0,1978-11-06,230.46445351961094,9.787367852531347,0.0020302939228713512,0.061575074871141666
0,1978-11-09,229.88825462262244,9.781370722280997,-0.002500163856893778,-0.005997130250349869
0,1978-11-10,233.16491310183255,9.922898670706948,0.014253266155719757,0.14152794842595107
0,1978-11-13,232.23994133700756,9.811331771044223,-0.003967028111219406,-0.1115668996627246
0,1978-11-14,233.86080029833747,9.616924193225342,0.0069792428985238075,-0.19440757781888074
0,1978-11-15,235.22482680730246,9.671983230698025,0.005832642782479525,0.055059037472682704
0,1978-11-16,234.29364672349084,9.677220777594716,-0.003958681132644415,0.005237546896690759
0,1978-11-17,235.73539693972188,9.593329539614135,0.006153603550046682,-0.08389123798058051
0,1978-11-20,233.7164529555292,9.698511446544355,-0.008564449846744537,0.10518190693021978
0,1978-11-21,233.11779276307792,9.661074316907282,-0.002561480738222599,-0.03743712963707324
0,1978-11-22,232.80699810803796,9.697346920423406,-0.0013332086382433772,0.03627260351612449
0,1978-11-24,230.94988899359143,9.648187169498799,-0.007977033033967018,-0.04915975092460734
0,1978-11-27,232.61014258277305,9.631793255564673,0.007188804447650909,-0.016393913934125592
0,1978-11-28,237.08957625701746,9.585672440468347,0.019257258623838425,-0.046120815096326595
0,1978-11-29,238.54001554601655,9.60194846601113,0.0061176847666502,0.0162760255427834
0,1978-11-30,238.23959410234164,9.664703074430387,-0.0012594173895195127,0.06275460841925629
0,1978-12-01,240.01727915795271,9.63139443358167,0.007461753208190203,-0.03330864084871621
0,1978-12-04,238.3492829448904,9.664836861911539,-0.006949483882635832,0.033442428329868434
0,1978-12-05,240.9976050453713,9.609772149825067,0.011111097410321236,-0.055064712086471346
0,1978-12-06,242.77735723761612,9.856778454736688,0.007384937256574631,0.24700630491162023
0,1978-12-07,240.83959231081872,9.982892257286094,-0.00798165425658226,0.12611380254940663
0,1978-12-08,241.8337718115396,10.021798011175983,0.004127973690629005,0.03890575388988893
0,1978-12-11,243.63788226568963,10.048853951190521,0.0074601261876523495,0.027055940014538038
0,1978-12-12,242.47660031709313,10.105972064852592,-0.004766426049172878,0.05711811366207087
0,1978-12-13,242.9235306056308,10.018118208216624,0.0018431893549859524,-0.08785385663596834
0,1978-12-14,246.66932368310813,10.034131674049505,0.015419638715684414,0.01601346583288077
0,1978-12-15,246.73473626257368,10.139998744515248,0.0002651832764968276,0.1058670704657434
0,1978-12-18,244.95235289225795,10.08489013219247,-0.007223885040730238,-0.05510861232277797
0,1978-12-19,244.40018399478336,10.12489845641093,-0.0022541889920830727,0.040008324218460345
0,1978-12-20,243.68253685252586,10.07484052988679,-0.002936360891908407,-0.05005792652413987
0,1978-12-21,244.92992395259677,10.071249426846627,0.0051189023070037365,-0.0035911030401631905
0,1978-12-22,244.1737311278994,9.954417345558323,-0.003087384393438697,-0.11683208128830458
0,1978-12-26,246.5464270115675,9.826492256196108,0.009717244654893875,-0.1279250893622148
0,1978-12-27,248.03996325393143,9.778629090374379,0.006057829596102238,-0.047863165821729226
0,1978-12-28,248.63197724514404,9.765751604066676,0.0023867685813456774,-0.012877486307703023
0,1978-12-29,247.80668298932574,9.819861848688044,-0.003319340758025646,0.05411024462136815
0,1979-01-02,248.40850141990694,9.832289016579553,0.0024285803083330393,0.012427167891509328
0,1979-01-03,249.0504497458741,9.8483520380662,0.002584244590252638,0.01606302148664618
0,1979-01-04,249.19238604062318,9.76792512064284,0.0005699098110198975,-0.08042691742335961
0,1979-01-05,250.78500765164782,9.715934383929971,0.006391132716089487,-0.05199073671286847
0,1979-01-08,250.38747728042622,9.681883624912288,-0.0015851440839469433,-0.03405075901768306
0,1979-01-09,250.40972727750108,9.695997180500013,8.886225987225771e-05,0.014113555587725202
0,1979-01-10,251.88369947973402,9.78314379320116,0.005886241793632507,0.08714661270114732
0,1979-01-11,249.30343787291142,9.842098348603137,-0.010243861004710197,0.058954555401976805
0,1979-01-12,247.82928444941072,9.861848598334934,-0.005913089029490948,0.019750249731796288
0,1979-01-15,247.47568228058256,9.868683894728592,-0.0014267973601818085,0.006835296393658652
0,1979-01-16,245.76458308775253,9.936228893040605,-0.0069142114371061325,0.06754499831201244
0,1979-01-17,242.47606015355606,10.005721171821872,-0.013380784541368484,0.06949227878126685
0,1979-01-18,245.2942859583459,10.023058227485249,0.011622697114944458,0.0173370556633774
0,1979-01-19,241.46603689640153,10.010592825123739,-0.015606760047376156,-0.012465402361510058
0,1979-01-22,245.11235271336386,9.662415658912053,0.015100739896297455,-0.34817716621168593
0,1979-01-23,248.4220295144545,9.609967532736665,0.013502692803740501,-0.05244812617538841
0,1979-01-24,247.5723546339224,9.63737862093557,-0.003420287976041436,0.02741108819890492
0,1979-01-25,248.11606582375077,9.67310134430026,0.0021961708553135395,0.03572272336469062
0,1979-01-26,247.11362595837167,9.686059350368495,-0.004040205385535955,0.01295800606823505
0,1979-01-29,246.98479123845746,9.793532008161769,-0.0005213582189753652,0.10747265779327364
0,1979-01-30,244.5378154397034,9.711087665256711,-0.009907394647598267,-0.08244434290505787
0,1979-01-31,245.83667606545757,9.650745427301686,0.005311491899192333,-0.06034223795502491
0,1979-02-01,243.03425696674336,9.480158019296566,-0.01139951590448618,-0.17058740800512062
0,1979-02-02,244.57129381491828,9.346817300231969,0.006324362941086292,-0.13334071906459677
0,1979-02-05,245.04833230382994,9.1391921894125,0.0019505089148879051,-0.20762511081946933
0,1979-02-06,245.91711906997332,9.039851670229607,0.0035453690215945244,-0.099340519182892
0,1979-02-07,245.15392851749573,8.92266717774653,-0.003103446215391159,-0.11718449248307827
0,1979-02-08,244.22330827146416,8.96135291712212,-0.003796064993366599,0.038685739375591055
0,1979-02-09,241.29112327813027,9.069530395013286,-0.012006163597106934,0.10817747789116616
0,1979-02-14,237.9360259535701,8.984844921192863,-0.013904768973588943,-0.08468547382042324
0,1979-02-15,238.99404549484566,9.069797605154791,0.004446655511856079,0.08495268396192834
0,1979-02-16,234.93857089745146,8.918284963877273,-0.01696893572807312,-0.1515126412775185
0,1979-02-20,239.6895063001787,8.81728447103024,0.020222032442688942,-0.10100049284703339
0,1979-02-21,237.63228097379087,8.92101064373327,-0.008582876063883305,0.10372617270303053
0,1979-02-22,234.8718585349286,8.913135072650983,-0.011616361327469349,-0.007875571082287536
0,1979-02-23,234.50403502922507,9.010010138758,-0.0015660603530704975,0.09687506610701746
0,1979-02-26,232.14567698472416,8.93088075783919,-0.01005679089576006,-0.07912938091880939
0,1979-02-27,237.48469591110086,8.734338596518722,0.022998571395874023,-0.19654216132046898
0,1979-02-28,241.48555092738482,8.728406129601535,0.01684679090976715,-0.005932466917187185
0,1979-03-01,242.31196575518715,8.681991963989168,0.0034222123213112354,-0.04641416561236689
0,1979-03-02,240.62132350989233,8.652565059679613,-0.00697713065892458,-0.029426904309554303
0,1979-03-05,240.28066722973452,8.663989938326514,-0.0014157360419631004,0.011424878646900893
0,1979-03-06,237.8388828180819,8.744408028671954,-0.010162217542529106,0.08041809034543945
0,1979-03-07,236.54562949987698,8.782527495170475,-0.0054375184699893,0.038119466498521604
0,1979-03-08,233.41550656362077,8.802381637339472,-0.0132326390594244,0.019854142168997058
0,1979-03-09,233.92468460277212,8.822181158008162,0.0021814233623445034,0.019799520668689397
0,1979-03-12,229.34687645192784,8.825272809990077,-0.019569581374526024,0.003091651981915078
0,1979-03-13,230.43643096625055,8.785466654367728,0.004750683903694153,-0.03980615562234924
0,1979-03-14,230.47063711394964,8.79697134179196,0.00014844071120023727,0.011504687424231719
0,1979-03-15,230.23967807369425,8.71381138991901,-0.001002119155600667,-0.08315995187294867
0,1979-03-16,230.81625129252168,8.63586408087617,0.0025042304769158363,-0.07794730904284108
0,1979-03-19,230.77726110603587,8.749848456182065,-0.00016892305575311184,0.11398437530589511
0,1979-03-20,228.04509673193363,8.909274409838162,-0.011838966980576515,0.1594259536560969
0,1979-03-21,225.47789617012165,8.987119615256193,-0.01125742495059967,0.07784520541803097
0,1979-03-22,228.35415485301846,8.983858848375228,0.012756277807056904,-0.0032607668809649937
0,1979-03-23,226.97698942597498,9.001829596378625,-0.00603083148598671,0.01797074800339793
0,1979-03-26,227.6517654454991,8.854161755968338,0.002972882939502597,-0.14766784041028735
0,1979-03-27,228.21278693655108,8.735480014907168,0.002464384539052844,-0.11868174106117024
0,1979-03-28,225.9621358256906,8.795744369659484,-0.009862072765827179,0.06026435475231651
0,1979-03-29,223.36784684203985,8.856435015518654,-0.011481078341603279,0.060690645859169834
0,1979-03-30,224.0065065089449,8.836531145625209,0.002859228290617466,-0.019903869893445503
0,1979-04-02,221.03360679004427,8.868364953716847,-0.01327148824930191,0.031833808091638716
0,1979-04-03,220.02285846930516,8.891593820255274,-0.004572826437652111,0.023228866538426374
0,1979-04-04,220.75438476921545,8.842096315467437,0.003324774093925953,-0.04949750478783699
0,1979-04-05,222.4700264869893,8.854730295873477,0.007771722041070461,0.012633980406040024
0,1979-04-06,222.00791698303578,8.923066741123924,-0.0020771764684468508,0.06833644525044669
0,1979-04-09,220.69916099111953,8.946028949970302,-0.005895087029784918,0.022962208846378118
0,1979-04-10,223.86541429426916,8.903638577397203,0.014346467331051826,-0.042390372573098745
0,1979-04-11,224.68261017278712,8.760878827419097,0.0036503891460597515,-0.14275974997810614
0,1979-04-12,224.41875602464077,8.55799706704289,-0.0011743416544049978,-0.2028817603762061
0,1979-04-16,225.57081855937574,8.617038817662602,0.005133539438247681,0.05904175061971095
0,1979-04-17,222.35686862692108,8.588579662506778,-0.01424807496368885,-0.02845915515582398
0,1979-04-18,223.93047754436714,8.651667896938811,0.007076952140778303,0.06308823443203337
0,1979-04-19,223.2988411347934,8.741139655960346,-0.0028206808492541313,0.08947175902153504
0,1979-04-20,222.07089767983658,8.777637070755869,-0.00549910357221961,0.03649741479552304
0,1979-04-23,221.90356303711857,8.737326348690695,-0.0007535190088674426,-0.04031072206517372
0,1979-04-24,222.68247449883341,8.637185317292076,0.003510134993121028,-0.10014103139861952
0,1979-04-25,221.04876719828803,8.575946536266159,-0.007336487993597984,-0.06123878102591718
0,1979-04-26,225.59726595932148,8.717230580606987,0.020576901733875275,0.14128404434082853
0,1979-04-27,224.6137558702403,8.935483818926865,-0.004359583370387554,0.2182532383198783
0,1979-04-30,223.67093446434012,8.956513717925827,-0.00419752299785614,0.021029898998961016
0,1979-05-01,225.4070832480648,8.901295103678427,0.007762067019939423,-0.0552186142473996
0,1979-05-02,222.82358036558963,8.644870206856233,-0.011461498215794563,-0.25642489682219427
0,1979-05-03,227.3289947839245,8.557996923628973,0.020219648256897926,-0.08687328322725918
0,1979-05-04,225.01491683228093,8.572897766546065,-0.010179422795772552,0.014900842917091595
0,1979-05-07,226.6325180600039,8.538175088549009,0.007188862189650536,-0.034722677997056195
0,1979-05-08,226.27293584197366,8.559398774434573,-0.0015866311732679605,0.021223685885564336
0,1979-05-09,226.68501832075765,8.531455298115505,0.0018211744027212262,-0.02794347631906824
0,1979-05-10,231.0427543595515,8.492270657566692,0.01922374963760376,-0.039184640548812766
0,1979-05-11,230.98223397060798,8.48236839164118,-0.00026194454403594136,-0.00990226592551302
0,1979-05-14,230.0327374560387,8.603554458666725,-0.004110690671950579,0.1211860670255458
0,1979-05-15,232.72164685763295,8.597352055543299,0.011689246632158756,-0.006202403123426237
0,1979-05-16,232.4533753293179,8.59840228635252,-0.0011527570895850658,0.0010502308092217305
0,1979-05-17,231.3763320012823,8.62637851561422,-0.0046333735808730125,0.02797622926170007
0,1979-05-18,230.3852398015833,8.560254131579812,-0.004283464048057795,-0.06612438403440812
0,1979-05-21,231.28028131165345,8.637309235657979,0.003884977661073208,0.07705510407816618
0,1979-05-22,231.87492268195368,8.702596163629922,0.0025710854679346085,0.06528692797194324
0,1979-05-23,231.70158630042278,8.387190976313976,-0.0007475425954908133,-0.315405187315946
0,1979-05-24,231.2683645037338,8.584605106721487,-0.0018697403138503432,0.19741413040751077
0,1979-05-25,229.29382421858037,8.637182263365455,-0.008537874557077885,0.05257715664396834
0,1979-05-29,230.523860898744,8.518222295054604,0.0053644562140107155,-0.11895996831085043
0,1979-06-01,232.93675915914912,7.962380855388682,0.010467021726071835,-0.5558414396659224
0,1979-06-04,236.38590989850994,8.03909243250185,0.014807241037487984,0.07671157711316745
0,1979-06-05,230.5758647813059,8.254869216824735,-0.024578643962740898,0.21577678432288572
0,1979-06-06,230.09068099010486,8.079120841350996,-0.00210422626696527,-0.17574837547373967
0,1979-06-07,236.88014671637745,8.051872919323651,0.02950778231024742,-0.027247922027344273
0,1979-06-08,233.56163917921498,7.986338273904431,-0.014009226113557816,-0.06553464541922072
0,1979-06-11,238.205525959799,8.158766081173265,0.019882917404174805,0.17242780726883478
0,1979-06-12,234.51311985265764,8.130434883876209,-0.015500925481319427,-0.028331197297056576
0,1979-06-13,237.10526098952988,8.13572114870711,0.011053288355469704,0.005286264830901999
0,1979-06-14,237.17746340357883,8.023445156053912,0.0003045162884518504,-0.1122759926531991
0,1979-06-15,239.67360319681123,7.8966694309653445,0.010524354875087738,-0.12677572508856727
0,1979-06-18,237.1474275318915,7.911968132654047,-0.010540066286921501,0.015298701688702288
0,1979-06-19,240.4281717800013,7.804289333644593,0.013834197074174881,-0.1076787990094541
0,1979-06-20,242.45263248220584,7.68521677470219,0.008420230820775032,-0.11907255894240265
0,1979-06-21,242.90775899743727,7.6276287228966355,0.0018771770410239697,-0.057588051805554485
0,1979-06-22,241.97414465467713,7.58022271879034,-0.0038434932939708233,-0.04740600410629536
0,1979-06-25,245.41757777091144,7.359022539568759,0.014230582863092422,-0.2212001792215812
0,1979-06-26,244.6731252217899,7.3395589765989175,-0.0030334116891026497,-0.01946356296984142
0,1979-06-27,244.1693025630052,7.036209683523134,-0.002059166319668293,-0.30334929307578395
0,1979-06-28,248.3240958571599,6.9827755881991935,0.017016034573316574,-0.053434095323940056
0,1979-06-29,246.2146325696999,6.979562535206294,-0.00849479902535677,-0.0032130529928995344
0,1979-07-02,244.3982782033634,6.919768691421406,-0.007377117872238159,-0.05979384378488817
0,1979-07-03,244.05616654712938,6.706754129370807,-0.0013998120557516813,-0.2130145620505992
0,1979-07-05,245.60974765193697,6.647586734315038,0.0063656703568995,-0.059167395055768957
0,1979-07-06,242.92376507575293,6.734031110613082,-0.010935977101325989,0.08644437629804447
0,1979-07-09,243.0999738429251,6.76535434222441,0.0007253665244206786,0.031323231611327884
0,1979-07-10,241.19460615123302,6.724172764957642,-0.007837794721126556,-0.04118157726676763
0,1979-07-11,239.66513834446357,6.796548350552147,-0.006341218948364258,0.07237558559450452
0,1979-07-12,238.66927774996017,6.738881286537002,-0.004155216738581657,-0.05766706401514465
0,1979-07-13,237.2609644724605,6.744895748652226,-0.005900689400732517,0.006014462115223829
0,1979-07-16,241.25991175370876,6.764352063266602,0.01685463637113571,0.019456314614376247
0,1979-07-17,240.72332326758558,6.819114564174339,-0.0022241096012294292,0.05476250090773682
0,1979-07-18,238.64494520107982,6.893819736532914,-0.008633887395262718,0.07470517235857521
0,1979-07-19,238.5384867695615,6.883516984005712,-0.00044609548058360815,-0.010302752527202585
0,1979-07-20,240.2638268440909,6.797961609930603,0.007232963107526302,-0.08555537407510894
0,1979-07-23,241.6853270771453,6.754263508059544,0.005916413851082325,-0.04369810187105916
0,1979-07-24,239.85450407391923,6.871789308132968,-0.0075752343982458115,0.11752580007342406
0,1979-07-25,238.78039492412046,6.868785268581712,-0.004478169605135918,-0.0030040395512553886
0,1979-07-26,241.57626856015602,6.814372956101527,0.011708974838256836,-0.054412312480184966
0,1979-07-27,239.66119570935098,6.788006899869977,-0.007927404716610909,-0.026366056231550417
0,1979-07-30,240.4393867267087,6.735314981179204,0.0032470463775098324,-0.05269191869077261
0,1979-07-31,239.19448857934248,6.687982894617358,-0.0051775965839624405,-0.04733208656184651
0,1979-08-01,242.14771147918125,6.686156368223684,0.012346534058451653,-0.0018265263936738663
0,1979-08-02,241.43558459224332,6.636222397244019,-0.002940878039225936,-0.0499339709796649
0,1979-08-03,244.74511344848344,6.6756191273460965,0.01370770949870348,0.03939673010207745
0,1979-08-06,244.9738811689338,6.703585613013116,0.0009347182349301875,0.027966485667019647
0,1979-08-07,245.52241449080205,6.759725901393706,0.0022391502279788256,0.05614028838058971
0,1979-08-08,246.2996970412707,6.605444730979445,0.003165831323713064,-0.1542811704142606
0,1979-08-09,248.2888670772799,6.562485385832601,0.008076217956840992,-0.042959345146844186
0,1979-08-10,249.82471577735592,6.560033463255631,0.006185733247548342,-0.0024519225769701336
0,1979-08-13,249.27727998680038,6.473265004783691,-0.002191279549151659,-0.0867684584719397
0,1979-08-14,247.25796983113892,6.425174959021316,-0.008100658655166626,-0.04809004576237541
0,1979-08-15,249.6641065204583,6.357907637256189,0.009731280617415905,-0.06726732176512673
0,1979-08-16,248.47777294098503,6.3416614454975715,-0.004751718603074551,-0.016246191758617634
0,1979-08-17,245.8544138478923,6.3306544058854906,-0.010557721368968487,-0.011007039612080938
0,1979-08-20,246.43390770362132,6.290009358127715,0.002357061021029949,-0.040645047757776
0,1979-08-21,247.85817846986166,6.310004438739457,0.0057795243337750435,0.01999508061174282
0,1979-08-22,248.72741483338447,6.318685314755091,0.003506990848109126,0.008680876015633388
0,1979-08-23,251.2227196108045,6.278101364328628,0.010032286867499352,-0.04058395042646268
0,1979-08-24,250.0068823505194,6.42209969208645,-0.004839678760617971,0.14399832775782162
0,1979-08-27,247.74328103157308,6.439867106750473,-0.009054156020283699,0.017767414664023207
0,1979-08-28,249.239132435614,6.432345144886507,0.0060379090718925,-0.00752196186396592
0,1979-08-29,254.3886450143032,6.435840857314564,0.02066093124449253,0.0034957124280570184
0,1979-08-30,252.18599571938063,6.474446591922468,-0.008658599108457565,0.03860573460790384
0,1979-08-31,251.35736517893835,6.421060983781638,-0.0032857912592589855,-0.05338560814082971
0,1979-09-04,252.95103755275855,6.380445475885615,0.0063402652740478516,-0.04061550789602286
0,1979-09-05,251.9043860359436,6.438983755180298,-0.004137763287872076,0.058538279294682916
0,1979-09-06,250.88840890831028,6.524657970430865,-0.004033185541629791,0.08567421525056673
0,1979-09-07,251.17028894282237,6.579655613845967,0.001123527530580759,0.05499764341510183
0,1979-09-10,252.3511898727835,6.5831594515508485,0.004701594822108746,0.003503837704881718
0,1979-09-11,251.77753484568663,6.636259534804103,-0.002273240825161338,0.05310008325325466
0,1979-09-12,253.1281511100114,6.588718730399453,0.00536432396620512,-0.04754080440465014
0,1979-09-13,253.52435534798917,6.542031923216745,0.0015652318252250552,-0.04668680718270757
0,1979-09-14,256.3497755279908,6.5358086815174525,0.011144571006298065,-0.006223241699292892
0,1979-09-17,257.68693192302743,6.508487930117283,0.005216140300035477,-0.027320751400169208
0,1979-09-18,260.12932394038427,6.539078754840325,0.009478136897087097,0.030590824723041976
0,1979-09-19,258.28373430587664,6.534160062618556,-0.007094892673194408,-0.0049186922217696605
0,1979-09-20,258.54165600144614,6.548488296337617,0.0009985982906073332,0.014328233719061778
0,1979-09-21,256.21290499557585,6.574646984867798,-0.009007256478071213,0.026158688530180996
0,1979-09-24,255.57120662679773,6.559479395763532,-0.0025045513175427914,-0.015167589104266632
0,1979-09-25,251.81946105709216,6.500238992635345,-0.014679844491183758,-0.05924040312818679
0,1979-09-26,252.54157982072562,6.459892536900217,0.002867605071514845,-0.040346455735128295
0,1979-09-27,252.80919396730084,6.422694764667584,0.0010596835054457188,-0.03719777223263243
0,1979-09-28,254.30476003474064,6.445746789521165,0.005915789864957333,0.023052024853580377
0,1979-10-01,253.82999637301654,6.4705402709989785,-0.0018669082783162594,0.024793481477813906
0,1979-10-02,253.899038066754,6.512541081632879,0.0002719997428357601,0.042000810633900265
0,1979-10-03,255.77482770325648,6.484480458942829,0.007387935183942318,-0.02806062269004972
0,1979-10-04,257.28466210740424,6.474200626049374,0.005902982782572508,-0.010279832893455243
0,1979-10-05,259.3273264273342,6.434111546751185,0.00793931633234024,-0.0400890792981885
0,1979-10-10,258.15286985069747,6.470990044755276,-0.00452885776758194,0.03687849800409104
0,1979-10-11,255.95731845205523,6.4901010604569045,-0.00850484985858202,0.019111015701628098
0,1979-10-12,254.34551225372797,6.525807902137516,-0.006297167856246233,0.03570684168061167
0,1979-10-15,252.12628285298177,6.563402110236979,-0.00872525479644537,0.037594208099462456
0,1979-10-16,250.47412284308135,6.6037594223324865,-0.006552906706929207,0.04035731209550786
0,1979-10-17,249.00228766698166,6.603638326586413,-0.005876196548342705,-0.00012109574607332974
0,1979-10-18,250.0388349779642,6.645293316705079,0.0041628023609519005,0.04165499011866558
0,1979-10-19,247.55043513326459,6.73911446658789,-0.009952053427696228,0.0938211498828112
0,1979-10-22,243.64296925433663,6.787751390799988,-0.015784524381160736,0.04863692421209809
0,1979-10-23,244.3997237256615,6.770693725534081,0.003105997573584318,-0.017057665265906685
0,1979-10-24,244.56097849710858,6.70975680507346,0.000659799319691956,-0.06093692046062138
0,1979-10-25,242.42762660181336,6.708960823008391,-0.008723190054297447,-0.0007959820650693672
0,1979-10-26,242.5301770768264,6.777025874442178,0.0004230148042552173,0.06806505143378772
0,1979-10-29,243.14553000528716,6.735450978547841,0.0025372221134603024,-0.04157489589433716
0,1979-10-30,245.84288171655973,6.667573380825316,0.011093568988144398,-0.067877597722525
0,1979-10-31,247.4825606735316,6.669637447949813,0.0066696214489638805,0.0020640671244969155
0,1979-11-01,246.07721642004176,6.702028132624892,-0.005678558722138405,0.032390684675078774
0,1979-11-02,244.36719042034915,6.735048092024237,-0.006949143949896097,0.03301995939934521
0,1979-11-05,242.75537642416637,6.754290733308552,-0.006595869082957506,0.019242641284314743
0,1979-11-08,243.16627442463619,6.7721471816655034,0.0016926422249525785,0.01785644835695166
0,1979-11-09,242.89914237704195,6.755158314395953,-0.0010985571425408125,-0.016988867269550845
0,1979-11-14,243.4857579433514,6.709451285338743,0.0024150582030415535,-0.04570702905720925
0,1979-11-15,244.89685771615876,6.649998134982419,0.00579540990293026,-0.05945315035632426
0,1979-11-16,243.49796690532412,6.74603267347595,-0.005712163168936968,0.09603453849353105
0,1979-11-19,244.2448052347183,6.727965793579928,0.003067123470827937,-0.01806687989602196
0,1979-11-20,241.8594405544004,6.75522630778131,-0.009766286239027977,0.02726051420138198
0,1979-11-21,242.12381819281117,6.847720166968736,0.0010931044816970825,0.09249385918742625
0,1979-11-23,239.2458693937802,6.886621647903714,-0.011886268854141235,0.03890148093497725
0,1979-11-26,241.12066933679836,6.957231103858166,0.007836289703845978,0.07060945595445212
0,1979-11-27,240.99576086149273,6.987061151122042,-0.0005180330481380224,0.029830047263875947
0,1979-11-28,243.10880713361692,6.943539185040143,0.008767981082201004,-0.043521966081899066
0,1979-11-29,244.68071910334723,6.876004914870761,0.006465878337621689,-0.0675342701693813
0,1979-11-30,246.70269939627505,6.829326459027288,0.00826375000178814,-0.04667845584347319
0,1979-12-03,246.83698526450863,6.865980171065525,0.0005443226546049118,0.03665371203823664
0,1979-12-04,247.16537486266068,6.858501776449398,0.0013303905725479126,-0.007478394616127204
0,1979-12-05,248.36220510400375,6.81607882867355,0.004842224530875683,-0.04242294777584732
0,1979-12-06,248.07675249944782,6.775181430193421,-0.0011493399506434798,-0.04089739848012908
0,1979-12-07,249.04019059597294,6.77683725422457,0.0038836291059851646,0.0016558240311486117
0,1979-12-10,247.944496100835,6.704215921988254,-0.004399669356644154,-0.07262133223631562
0,1979-12-11,247.90771899880096,6.722810810260855,-0.0001483279629610479,0.018594888272600585
0,1979-12-12,245.90058764222363,6.745130093436189,-0.008096284233033657,0.02231928317533427
0,1979-12-13,245.83146909821195,6.683525787050539,-0.00028108328115195036,-0.061604306385650176
0,1979-12-14,248.2428994526173,6.583186419251965,0.00980928260833025,-0.10033936779857378
0,1979-12-17,247.2271200358219,6.618739740778731,-0.004091877024620771,0.03555332152676627
0,1979-12-18,246.72425670514158,6.6012306254810005,-0.0020340136252343655,-0.017509115297730915
0,1979-12-19,248.01669586331047,6.592534123239132,0.005238395184278488,-0.008696502241868131
0,1979-12-20,252.3068332157752,6.664705735739047,0.0172977764159441,0.07217161249991477
0,1979-12-21,252.71041607773196,6.790557442947633,0.001599571667611599,0.12585170720858585
0,1979-12-24,253.21841471744256,6.920615620317331,0.0020102006383240223,0.1300581773696976
0,1979-12-26,250.426913657893,6.919112669101107,-0.011024083942174911,-0.0015029512162234582
0,1979-12-27,251.66107889537162,7.039248886248851,0.004928245209157467,0.1201362171477438
0,1979-12-28,246.99186700497256,7.182574913025177,-0.01855357177555561,0.1433260267763261
0,1979-12-31,247.38320053468914,7.162934402075134,0.0015843984438106418,-0.019640510950043044
0,1980-01-02,249.17428812798445,7.112450888412153,0.0072401342913508415,-0.050483513662981316
0,1980-01-03,248.2844036794287,7.193502282123082,-0.0035713333636522293,0.08105139371092918
0,1980-01-04,246.26661963984282,7.23215524651069,-0.008126906119287014,0.0386529643876079
0,1980-01-07,250.5922072331214,7.249975162776312,0.017564652487635612,0.01781991626562185
0,1980-01-08,248.2356799180592,7.260143520059653,-0.00940383318811655,0.010168357283341756
0,1980-01-09,251.52035435959016,7.099573737421085,0.013232080265879631,-0.16056978263856792
0,1980-01-10,252.12520445520767,7.117709051588148,0.0024047759361565113,0.018135314167062155
0,1980-01-11,251.17031039489643,7.090088821624925,-0.0037873804103583097,-0.027620229963222442
0,1980-01-14,249.9091777630148,7.075631658505938,-0.005021025892347097,-0.014457163118986927
0,1980-01-15,253.30698022069808,7.055100551972954,0.013596149161458015,-0.02053110653298429
0,1980-01-16,254.55569335204612,7.053186601495307,0.004929643590003252,-0.001913950477646864
0,1980-01-17,255.59377664762988,7.045627886811826,0.004078020341694355,-0.007558714683480794
0,1980-01-18,254.97239434492462,7.0419908274391405,-0.0024311323650181293,-0.003637059372685769
0,1980-01-21,254.77422412069873,6.9984611351172425,-0.0007772222743369639,-0.04352969232189796
0,1980-01-22,252.9958014314997,7.025719632650705,-0.006980387028306723,0.02725849753346221
0,1980-01-23,254.61712349836245,6.889622455477611,0.0064084939658641815,-0.13609717717309344
0,1980-01-24,255.56525380636873,6.845133471161113,0.003723749192431569,-0.04448898431649795
0,1980-01-25,257.1052641462384,6.820728932775395,0.006025898735970259,-0.024404538385718766
0,1980-01-28,257.87228269298834,6.826729498935938,0.0029832860454916954,0.006000566160543563
0,1980-01-29,258.50265535734155,6.783803068937383,0.0024445150047540665,-0.04292642999855545
0,1980-01-30,260.90214450799243,6.7501232500528285,0.00928226113319397,-0.03367981888455418
0,1980-01-31,264.1129543032637,6.714301902251053,0.012306567281484604,-0.03582134780177526
0,1980-02-01,263.0269710005939,6.4523830840942,-0.004111813846975565,-0.26191881815685303
0,1980-02-04,266.221839846099,6.463195977619057,0.012146544642746449,0.01081289352485637
0,1980-02-05,267.42168992581435,6.3931797242418815,0.0045069558545947075,-0.0700162533771751
0,1980-02-06,267.6781782319897,6.412524938489482,0.0009591155685484409,0.019345214247600495
0,1980-02-07,269.4618648246576,6.433932980327037,0.0066635487601161,0.021408041837554848
0,1980-02-08,271.511792591957,6.477272767674275,0.007607487495988607,0.043339787347238534
0,1980-02-11,270.1357908196323,6.515717707195416,-0.005067926365882158,0.03844493952114103
0,1980-02-14,269.49870061266995,6.562483963079237,-0.002358407247811556,0.04676625588382066
0,1980-02-15,267.96186337783143,6.6358965590156345,-0.005702577531337738,0.07341259593639737
0,1980-02-19,265.0417630784993,6.559174339255846,-0.010897447355091572,-0.07672221975978832
0,1980-02-20,266.9126462226367,6.570906131899361,0.007058823946863413,0.011731792643514538
0,1980-02-21,267.691989667255,6.7517034143851316,0.0029198445845395327,0.18079728248577087
0,1980-02-22,262.2822392755363,6.741974131098657,-0.02020886167883873,-0.009729283286474377
0,1980-02-25,269.3680418112869,6.686953504829331,0.027015944942831993,-0.05502062626932602
0,1980-02-26,267.65844585150455,6.792796847297169,-0.006346691865473986,0.10584334246783822
0,1980-02-27,267.3542874457204,6.864111449420528,-0.0011363676749169827,0.07131460212335838
0,1980-02-28,265.76088048584967,6.891806704230362,-0.00595990801230073,0.027695254809834147
0,1980-02-29,266.8031232691406,6.62605426411937,0.003921731375157833,-0.2657524401109921
0,1980-03-03,272.9409165316836,6.72648837118817,0.02300495281815529,0.10043410706879996
0,1980-03-04,271.0425816704866,6.626691688104155,-0.006955112796276808,-0.09979668308401468
0,1980-03-05,272.7022509527181,6.451816637306901,0.006123278755694628,-0.17487505079725452
0,1980-03-06,273.6937731564727,6.4870875611312515,0.003635914996266365,0.03527092382435093
0,1980-03-07,271.44871620034615,6.5967594525564195,-0.008202806115150452,0.10967189142516798
0,1980-03-10,269.8616143202689,6.613424174781548,-0.005846783518791199,0.01666472222512816
0,1980-03-11,268.5887711284682,6.683631698952619,-0.004716651514172554,0.07020752417107179
0,1980-03-12,271.10938168668764,6.549787312536161,0.009384646080434322,-0.13384438641645868
0,1980-03-13,272.99538364209405,6.435126868050085,0.0069566089659929276,-0.11466044448607615
0,1980-03-14,274.2590464997275,6.39049717747702,0.004628879949450493,-0.044629690573064984
0,1980-03-17,271.9853403394458,6.435399210420264,-0.008290359750390053,0.04490203294324413
0,1980-03-18,275.83923946270386,6.165237131290476,0.014169510453939438,-0.27016207912978807
0,1980-03-19,275.3968142302093,6.219911230212067,-0.0016039242036640644,0.05467409892159125
0,1980-03-20,275.7116118892267,6.205769161935105,0.0011430693557485938,-0.014142068276961517
0,1980-03-21,273.7185292749346,6.178624250027358,-0.0072288671508431435,-0.02714491190774737
0,1980-03-24,273.41696662274404,6.035183158727406,-0.0011017253855243325,-0.14344109129995175
0,1980-03-25,271.19003894372037,5.914015308963649,-0.008144804276525974,-0.12116784976375694
0,1980-03-26,271.86435062786353,5.975315018706981,0.0024864913430064917,0.061299709743331654
0,1980-03-27,272.03829603343894,6.189278715132539,0.0006398242549039423,0.2139636964255578
0,1980-03-28,271.86361588905805,6.207297286605789,-0.0006421160069294274,0.01801857147325059
0,1980-03-31,271.62298021197233,6.24620010723851,-0.0008851338061504066,0.038902820632720214
0,1980-04-01,274.8734928189436,6.215415681811688,0.011967001482844353,-0.03078442542682147
0,1980-04-02,274.117720763699,6.211424291783326,-0.002749526873230934,-0.003991390028362574
0,1980-04-03,272.0364299654891,6.13074924938246,-0.007592689711600542,-0.08067504240086532
0,1980-04-07,271.35732280474764,6.058630430728247,-0.0024963831529021263,-0.07211881865421343
0,1980-04-08,270.81872868935466,6.1716198453233515,-0.001984815113246441,0.1129894145951047
0,1980-04-09,271.82099519833764,6.155698214970354,0.003700875909999013,-0.015921630352997873
0,1980-04-10,271.989681535822,6.089340662372068,0.000620578764937818,-0.06635755259828535
0,1980-04-11,273.3969003698623,6.055422545368621,0.00517379492521286,-0.03391811700344771
0,1980-04-14,270.84676604866263,6.111718243874056,-0.009327590465545654,0.056295698505435254
0,1980-04-15,269.0334493492473,6.164930220649166,-0.0066949911415576935,0.053211976775109804
0,1980-04-16,268.47736644251717,6.231136134020939,-0.0020669656805694103,0.06620591337177295
0,1980-04-17,266.8529874951531,6.282600068784193,-0.006050338502973318,0.05146393476325439
0,1980-04-18,265.91564988855225,6.241343762076636,-0.0035125617869198322,-0.04125630670755687
0,1980-04-21,265.4433247787382,6.228557917825751,-0.00177622155752033,-0.012785844250885248
0,1980-04-22,266.8905063532743,6.260705039275262,0.00545194186270237,0.03214712144951104
0,1980-04-23,269.67955885905036,6.36178225392261,0.010450175032019615,0.10107721464734798
0,1980-04-24,267.115329141752,6.37941287305572,-0.009508431889116764,0.017630619133109704
0,1980-04-25,268.9869058838967,6.342580779654896,0.00700662424787879,-0.036832093400823496
0,1980-04-28,268.6284204531442,6.414890258343213,-0.001332724466919899,0.07230947868831716
0,1980-04-29,266.36822087893677,6.403370787090457,-0.008413851261138916,-0.011519471252756652
0,1980-04-30,266.7606945561471,6.400944773768098,0.0014734253054484725,-0.002426013322359033
0,1980-05-01,265.7790875987321,6.153696486597401,-0.003679728601127863,-0.2472482871706969
0,1980-05-02,265.9897153547218,6.026422118383861,0.0007924918318167329,-0.12727436821353955
0,1980-05-05,264.86127001206404,6.009045576510673,-0.00424243975430727,-0.017376541873187712
0,1980-05-06,266.11053313240205,5.9416025665619046,0.004716669674962759,-0.06744300994876884
0,1980-05-07,265.7440551214173,6.029179324328589,-0.0013771646190434694,0.08757675776668439
0,1980-05-08,266.124686787554,6.03933304214005,0.001432324294000864,0.010153717811460794
0,1980-05-09,264.209586539586,6.076636013928823,-0.007196251768618822,0.0373029717887734
0,1980-05-12,264.184356823344,6.067085074403988,-9.549129754304886e-05,-0.009550939524834767
0,1980-05-13,266.1048253983818,6.043384058177537,0.00726942578330636,-0.023701016226451266
0,1980-05-14,266.8688763474331,5.974357452899407,0.0028712404891848564,-0.06902660527812987
0,1980-05-15,266.9398776089258,5.9165466137703975,0.0002660529862623662,-0.05781083912900975
0,1980-05-16,268.0305228241089,5.889301822195409,0.00408573355525732,-0.02724479157498827
0,1980-05-19,265.3710152353635,5.92727858598689,-0.009922405704855919,0.03797676379148118
0,1980-05-20,266.99034979865155,5.982068199499555,0.0061021531000733376,0.054789613512664204
0,1980-05-21,267.2475315012721,6.044323610954655,0.0009632621658965945,0.06225541145510061
0,1980-05-22,262.75244730562173,6.044348455263795,-0.016819927841424942,2.4844309139737675e-05
0,1980-05-23,262.2879700583875,5.996650191903528,-0.0017677370924502611,-0.0476982633602665
0,1980-05-27,262.22328040590287,6.044976565671218,-0.00024663598742336035,0.04832637376769
0,1980-05-28,260.3604718443179,6.059064336138785,-0.0071039022877812386,0.014087770467566152
0,1980-05-29,260.7883372258233,5.975235848078881,0.0016433576820418239,-0.08382848805990317
0,1980-05-30,261.64356153507066,5.950548571189952,0.003279380965977907,-0.024687276888929688
0,1980-06-02,262.568902135114,5.9045871289206495,0.0035366457886993885,-0.04596144226930221
0,1980-06-03,263.64842959804696,5.972918426582194,0.004111406393349171,0.06833129766154489
0,1980-06-04,261.6360741449408,6.019200306418159,-0.007632723078131676,0.046281879835964546
0,1980-06-05,261.1730761636366,6.125148753910221,-0.0017696259310469031,0.10594844749206178
0,1980-06-06,261.62136282183377,6.108717442998524,0.0017164351884275675,-0.01643131091169714
0,1980-06-09,258.532148845601,6.093075001544211,-0.011807957664132118,-0.015642441454312817
0,1980-06-10,259.9996119719136,6.046851103758941,0.0056761340238153934,-0.046223897785269585
0,1980-06-11,259.8452705171356,5.998920897806496,-0.0005936218658462167,-0.04793020595244535
0,1980-06-12,259.2646084732877,6.072219837258302,-0.0022346454206854105,0.07329893945180643
0,1980-06-13,258.9250828866605,6.108633926882717,-0.0013095716712996364,0.03641408962441428
0,1980-06-16,256.8905948142948,6.118623356782799,-0.00785743910819292,0.00998942990008267
0,1980-06-17,256.7368896311094,6.060445585401763,-0.0005983293522149324,-0.05817777138103608
0,1980-06-18,254.4335705069674,6.062384875807945,-0.00897151604294777,0.0019392904061819038
0,1980-06-19,256.2264450113383,6.046700789818733,0.007046532817184925,-0.01568408598921245
0,1980-06-20,257.1686132293753,6.035170230775821,0.0036770920269191265,-0.011530559042912003
0,1980-06-23,257.07229147379235,5.9821112452725,-0.0003745470894500613,-0.05305898550332078
0,1980-06-24,257.8834864831258,6.106797987305105,0.0031555132009088993,0.12468674203260477
0,1980-06-25,254.1852129070805,6.190682184345428,-0.014340870082378387,0.08388419704032302
0,1980-06-26,257.91626194644306,6.355907029729089,0.014678466133773327,0.1652248453836611
0,1980-06-27,250.00935459420333,6.468321433209135,-0.030656877905130386,0.11241440348004605
0,1980-06-30,253.36502281664795,6.426692575535762,0.013422170653939247,-0.041628857673372544
0,1980-07-01,260.9173268764568,6.471415644239493,0.02980799786746502,0.044723068703730995
0,1980-07-02,261.7234263128708,6.3734068269908555,0.0030894821975380182,-0.09800881724863775
0,1980-07-03,264.0962434664374,6.42355422763997,0.009066124446690083,0.050147400649114715
0,1980-07-07,263.7756695988766,6.377121136064696,-0.0012138524325564504,-0.04643309157527398
0,1980-07-08,264.45291114126707,6.432121412298129,0.0025674905627965927,0.055000276233433176
0,1980-07-09,264.34174214139887,6.30373696002162,-0.0004203735152259469,-0.1283844522765092
0,1980-07-10,268.90288918838553,6.2750328924242424,0.01725473627448082,-0.028704067597377758
0,1980-07-11,266.4880960598112,6.116517498293427,-0.008980168029665947,-0.1585153941308155
0,1980-07-14,270.0351159859491,6.174960812734844,0.013310237787663937,0.05844331444141737
0,1980-07-15,266.8100143185746,6.216681649026475,-0.011943267658352852,0.04172083629163037
0,1980-07-16,267.5077155807672,6.2829878165536215,0.002614974044263363,0.0663061675271468
0,1980-07-17,263.0963181970908,6.35673782659326,-0.01649072952568531,0.07375001003963888
0,1980-07-18,259.95243573817555,6.36898531331365,-0.011949549429118633,0.012247486720389666
0,1980-07-21,261.98021078901985,6.354134200155346,0.0078005618415772915,-0.01485111315830423
0,1980-07-22,261.84233476943916,6.405278624869464,-0.0005262841004878283,0.05114442471411795
0,1980-07-23,262.0441919797652,6.30306052496522,0.0007709112833254039,-0.10221809990424369
0,1980-07-24,262.42892932069935,6.352734960649539,0.0014682154869660735,0.049674435684319285
0,1980-07-25,264.7218358108639,6.306874823390195,0.008737247437238693,-0.04586013725934457
0,1980-07-28,266.37796252546013,6.393942474573639,0.006256101652979851,0.08706765118344428
0,1980-07-29,268.2796247819241,6.452831035878836,0.0071389623917639256,0.058888561305196596
0,1980-07-30,266.8347472943878,6.395918542190137,-0.005385714583098888,-0.05691249368869844
0,1980-07-31,263.4455496724914,6.391362578619915,-0.012701485306024551,-0.004555963570222588
0,1980-08-01,265.5969017912712,6.33159601673315,0.008166211657226086,-0.059766561886764435
0,1980-08-04,268.7032975845251,6.313946994320856,0.011695903725922108,-0.017649022412293824
0,1980-08-05,269.4301266451948,6.299565125414544,0.0027049502823501825,-0.014381868906312434
0,1980-08-06,269.8344382655833,6.439390281517545,0.0015006177127361298,0.13982515610300084
0,1980-08-07,266.60474059133594,6.42155379093183,-0.011969182640314102,-0.017836490585715126
0,1980-08-08,265.4432820684771,6.4809529915054895,-0.00435648113489151,0.05939920057365988
0,1980-08-11,263.900806666359,6.332105499919792,-0.005810941569507122,-0.14884749158569743
0,1980-08-12,259.6186221212224,6.424586788455138,-0.016226492822170258,0.0924812885353461
0,1980-08-13,251.96969756359118,6.436900692150964,-0.02946215681731701,0.012313903695825523
0,1980-08-14,251.0257068767438,6.517279276437484,-0.0037464452907443047,0.08037858428652012
0,1980-08-15,246.82540545944386,6.461475881408841,-0.016732554882764816,-0.05580339502864273
0,1980-08-18,249.02678991336103,6.377293244422843,0.008918792009353638,-0.08418263698599837
0,1980-08-19,250.1931853131239,6.379777693014993,0.0046838149428367615,0.0024844485921500237
0,1980-08-20,251.3403293948737,6.418050579747272,0.004585033282637596,0.03827288673227969
0,1980-08-21,249.53382484095815,6.439507264370965,-0.007187483832240105,0.021456684623692546
0,1980-08-22,253.88842507706468,6.4244919245216225,0.01745094172656536,-0.015015339849342446
0,1980-08-25,254.3371015960931,6.390395120502409,0.001767219277098775,-0.03409680401921378
0,1980-08-26,256.46027675024925,6.363762987511729,0.008347878232598305,-0.026632132990680013
0,1980-08-27,254.19529525030669,6.383558284910068,-0.008831704966723919,0.019795297398339073
0,1980-08-28,251.57493242230922,6.4555799548255175,-0.010308463126420975,0.07202166991544967
0,1980-08-29,253.10258037868624,6.5643800385767985,0.006072337739169598,0.10880008375128103
0,1980-09-02,253.13908931905553,6.564010944354843,0.00014424562687054276,-0.0003690942219556348
0,1980-09-03,257.67674465799473,6.527305312488962,0.01792554184794426,-0.03670563186588094
0,1980-09-04,258.708711221501,6.539933127025915,0.0040048882365226746,0.01262781453695272
0,1980-09-05,259.47658970153776,6.48795139109642,0.0029681199230253696,-0.05198173592949473
0,1980-09-08,261.4823085065427,6.500899774990915,0.007729864213615656,0.012948383894495485
0,1980-09-09,261.55198111992314,6.489202508835087,0.00026645249454304576,-0.011697266155828778
0,1980-09-10,263.0613141574922,6.5529720122385235,0.005770680960267782,0.0637695034034369
0,1980-09-11,262.26968975230994,6.530504119158209,-0.0030092771630734205,-0.022467893080314383
0,1980-09-12,261.87935641876754,6.500848842946785,-0.0014882899122312665,-0.029655276211424386
0,1980-09-15,258.5004214101982,6.51989402495875,-0.0129026398062706,0.019045182011964812
0,1980-09-16,255.7518246635243,6.543052715879541,-0.010632852092385292,0.02315869092079126
0,1980-09-17,252.84899684165597,6.477535589522985,-0.011350174434483051,-0.06551712635655615
0,1980-09-18,253.98342454303923,6.525221211098685,0.004486581776291132,0.047685621575700665
0,1980-09-19,254.17874330491276,6.535232921948605,0.00076902168802917,0.010011710849919808
0,1980-09-22,255.94128456535827,6.695375967762881,0.006934259086847305,0.16014304581427563
0,1980-09-23,254.68983156292086,6.715860458298925,-0.004889609757810831,0.020484490536044397
0,1980-09-24,251.2588854180225,6.636129246914653,-0.013471076264977455,-0.07973121138427253
0,1980-09-25,254.08282793958705,6.693492604755031,0.011239174753427505,0.05736335784037827
0,1980-09-26,254.17569665981455,6.763786734982924,0.00036550569348037243,0.07029413022789299
0,1980-09-29,253.44989334870135,6.81907776496625,-0.0028555181343108416,0.05529102998332647
0,1980-09-30,249.38010453506172,6.939666410960354,-0.016057567670941353,0.12058864599410324
0,1980-10-01,243.71959082830998,6.943188507613478,-0.022698337212204933,0.003522096653123974
0,1980-10-02,244.75911506068832,6.922357953967997,0.0042652469128370285,-0.0208305536454807
0,1980-10-03,245.34072242406293,6.901779928089377,0.0023762439377605915,-0.020578025878619677
0,1980-10-06,246.44112821296625,6.8116207716653605,0.0044852145947515965,-0.09015915642401673
0,1980-10-07,248.2095726893084,6.838393377151793,0.007175930775702,0.026772605486432788
0,1980-10-08,244.53528898736494,6.875466389249794,-0.014803150668740273,0.03707301209800029
0,1980-10-09,241.50412762190962,6.944873690709538,-0.01239559892565012,0.06940730145974428
0,1980-10-10,243.14902324190726,6.86748900389174,0.006811045575886965,-0.07738468681779764
0,1980-10-15,245.96908244443227,6.8225347677854655,0.011598069220781326,-0.04495423610627469
0,1980-10-16,250.20278469610255,6.8237331819573805,0.017212335020303726,0.0011984141719150188
0,1980-10-17,248.76569890305396,6.830171671531699,-0.005743684247136116,0.00643848957431814
0,1980-10-20,249.34917828263124,6.865791480069057,0.0023454977199435234,0.035619808537358466
0,1980-10-21,248.26269044332517,6.87592861022518,-0.004357294645160437,0.010137130156122609
0,1980-10-22,248.0195341880284,6.943041541065955,-0.0009794313227757812,0.06711293084077496
0,1980-10-23,246.70453696246918,6.935941614693104,-0.005301990546286106,-0.007099926372850618
0,1980-10-24,249.33691543895213,6.763975148727867,0.010670166462659836,-0.17196646596523735
0,1980-10-27,249.31321942752314,6.779887443058878,-9.503611363470554e-05,0.015912294331011267
0,1980-10-28,248.67616926432268,6.904323059233537,-0.00255522015504539,0.12443561617465893
0,1980-10-29,246.5936887938675,6.923079034400935,-0.00837426632642746,0.01875597516739802
0,1980-10-30,247.45846482452836,6.927076684412056,0.0035068863071501255,0.003997650011121401
0,1980-10-31,248.9692065107212,6.904511184560059,0.006105031352490187,-0.022565499851997295
0,1980-11-03,249.73910098068677,7.0193075506697555,0.0030923280864953995,0.11479636610969646
0,1980-11-05,248.6811757651838,7.020193281948415,-0.004236121661961079,0.0008857312786592075
0,1980-11-06,252.56053298436748,6.951228014388258,0.015599722042679787,-0.06896526756015664
0,1980-11-07,252.97781984975086,7.023891039680392,0.0016522251535207033,0.07266302529213409
0,1980-11-10,255.12989398851693,7.023253322690971,0.008506967686116695,-0.0006377169894209445
0,1980-11-13,254.89220161577182,7.076009612315346,-0.0009316523792222142,0.05275628962437473
0,1980-11-14,256.27055270010624,7.08258281830272,0.005407584365457296,0.006573205987374209
0,1980-11-17,257.63281141034685,7.118098615830178,0.005315705202519894,0.03551579752745759
0,1980-11-18,257.82112010017545,7.1855137995882625,0.0007309188949875534,0.06741518375808475
0,1980-11-19,256.6915179945382,7.140532992442824,-0.004381340462714434,-0.044980807145438284
0,1980-11-20,260.6519037034692,7.093280046016392,0.015428580343723297,-0.04725294642643263
0,1980-11-21,259.9947192089715,6.950965744274252,-0.002521310932934284,-0.14231430174213955
0,1980-11-24,259.08830424933484,6.899246156840016,-0.00348628219217062,-0.05171958743423577
0,1980-11-25,260.13761794113236,6.924914800692059,0.004050023388117552,0.025668643852042372
0,1980-11-26,261.2778720058309,6.901834882754803,0.0043832724913954735,-0.023079917937256056
0,1980-11-28,263.09744649640515,6.9972898687466865,0.0069641354493796825,0.09545498599188385
0,1980-12-01,261.89368093710516,7.035886444155806,-0.0045753601007163525,0.03859657540911954
0,1980-12-02,263.94471883761656,7.072547671122731,0.007831566967070103,0.036661226966924865
0,1980-12-03,265.5076627678554,6.973442345203116,0.005921482108533382,-0.09910532591961463
0,1980-12-04,268.5609447645857,6.957619566273693,0.011499788612127304,-0.015822778929423187
0,1980-12-05,269.9446710795803,6.934798887076086,0.0051523735746741295,-0.022820679197606886
0,1980-12-08,267.0603493236206,6.905199884000013,-0.010684862732887268,-0.029599003076072883
0,1980-12-09,266.3151992623846,6.886843735784207,-0.0027901935391128063,-0.018356148215806556
0,1980-12-10,268.9604529416426,6.819412107953039,0.009932792745530605,-0.06743162783116752
0,1980-12-11,269.01297262924083,6.986227030206702,0.0001952691818587482,0.16681492225366323
0,1980-12-12,267.096890186447,7.0717219278980865,-0.007122639566659927,0.08549489769138408
0,1980-12-15,269.34744221282716,7.157955511846884,0.008425976149737835,0.08623358394879777
0,1980-12-16,267.93279032878894,6.977628755387323,-0.005252145230770111,-0.18032675645956164
0,1980-12-17,269.367470491596,6.858236263092807,0.005354627035558224,-0.11939249229451576
0,1980-12-18,268.25507998286645,6.7870535233810525,-0.004129639361053705,-0.07118273971175437
0,1980-12-19,266.1925675762143,6.644396786577786,-0.007688623853027821,-0.14265673680326607
0,1980-12-22,268.23810340172696,6.603633957885493,0.007684421259909868,-0.04076282869229342
0,1980-12-23,266.48770523377647,6.6988336253913126,-0.006525538861751556,0.09519966750581954
0,1980-12-24,265.6070010868726,6.667518755080714,-0.003304858459159732,-0.031314870310598764
0,1980-12-26,267.559908284316,6.629470482738692,0.007352619431912899,-0.03804827234202168
0,1980-12-29,264.2044073832321,6.6860939823002346,-0.012541119940578938,0.056623499561542445
0,1980-12-30,267.76576252393113,6.633123056296449,0.013479544781148434,-0.052970926003785834
0,1980-12-31,271.83629096046997,6.586423876333028,0.015201825648546219,-0.046699179963420434
0,1981-01-02,273.2406251480273,6.523372799430134,0.0051661026664078236,-0.06305107690289447
0,1981-01-05,276.8786234470753,6.524600812890182,0.013314265757799149,0.001228013460048416
0,1981-01-06,274.52035979371675,6.556014283005532,-0.008517319336533546,0.031413470115349895
0,1981-01-07,276.03171255872604,6.546612924187819,0.0055054305121302605,-0.009401358817712868
0,1981-01-08,275.2926588528268,6.598357179408556,-0.002677423181012273,0.051744255220736335
0,1981-01-09,276.6311561814002,6.560892349212402,0.004862088710069656,-0.03746483019615354
0,1981-01-12,281.63546027467544,6.557763020282263,0.01809016801416874,-0.0031293289301386196
0,1981-01-13,282.5981972793496,6.6024053089049355,0.0034183799289166927,0.044642288622672055
0,1981-01-14,281.4112163320813,6.554490767677615,-0.004200242459774017,-0.047914541227320306
0,1981-01-15,282.0490780076778,6.622568393732256,0.002266653347760439,0.06807762605464074
0,1981-01-16,281.6973283451497,6.586329244688081,-0.001247122185304761,-0.036239149044175356
0,1981-01-19,284.77673817318606,6.505179942627944,0.010931625962257385,-0.08114930206013682
0,1981-01-20,284.8142726629716,6.448961790963012,0.00013180321548134089,-0.056218151664931604
0,1981-01-21,281.067273979628,6.440747298809133,-0.013155937194824219,-0.00821449215387915
0,1981-01-22,284.9273314537034,6.270610420891936,0.013733571395277977,-0.170136877917197
0,1981-01-23,283.91479576250833,6.241589346533547,-0.0035536629147827625,-0.029021074358388965
0,1981-01-26,281.9588499975235,6.12377774594916,-0.006889199838042259,-0.11781160058438722
0,1981-01-27,281.6490092617501,6.096910611146897,-0.001098886365070939,-0.026867134802262882
0,1981-01-28,278.72059034219393,6.266455024834744,-0.010397405363619328,0.16954441368784678
0,1981-01-29,276.8564882973067,6.229544580807861,-0.006688067223876715,-0.036910444026882594
0,1981-01-30,273.7243590845443,6.196186912351026,-0.011313186958432198,-0.0333576684568353
0,1981-02-02,274.2046553074501,6.199410864617191,0.0017546711023896933,0.003223952266164787
0,1981-02-03,275.02135330993957,6.283764142266377,0.00297842500731349,0.08435327764918643
0,1981-02-04,276.3645520751094,6.2079050891904695,0.0048839799128472805,-0.07585905307590757
0,1981-02-05,276.3562312831546,6.264113985381689,-3.0108029022812843e-05,0.056208896191219715
0,1981-02-06,273.4920594127056,6.276651362432847,-0.010364057496190071,0.012537377051157428
0,1981-02-09,272.097780164193,6.285188700499625,-0.005098061170428991,0.008537338066778588
0,1981-02-10,273.0615768459678,6.318484516982507,0.003542096819728613,0.033295816482882046
0,1981-02-11,272.5614357104943,6.514971738718916,-0.0018316056812182069,0.1964872217364091
0,1981-02-17,270.831885378498,6.542598331350228,-0.0063455430790781975,0.02762659263131173
0,1981-02-18,272.552177464318,6.5253263664662216,0.00635188166052103,-0.017271964884006508
0,1981-02-19,268.53782506029756,6.554709841201268,-0.014728748239576817,0.0293834747350461
0,1981-02-20,265.57107460805327,6.484584449368899,-0.011047793552279472,-0.07012539183236832
0,1981-02-23,267.9927015617876,6.427279856861553,0.009118564426898956,-0.05730459250734654
0,1981-02-24,267.57023945476095,6.380715227444372,-0.0015763940755277872,-0.04656462941718065
0,1981-02-25,266.3891171132281,6.307561500779345,-0.0044142515398561954,-0.07315372666502729
0,1981-02-26,265.1590356860244,6.2970241900362565,-0.004617611411958933,-0.01053731074308839
0,1981-02-27,266.3072814620543,6.294659742611748,0.004330404102802277,-0.0023644474245081426
0,1981-03-02,265.3554944709493,6.296666520701417,-0.0035740179009735584,0.0020067780896688703
0,1981-03-03,268.2300979121665,6.294498273226,0.01083302777260542,-0.0021682474754172176
0,1981-03-04,268.14152195285493,6.30341004819836,-0.00033022378920577466,0.008911774972360398
0,1981-03-05,267.7550260008413,6.3877857972585215,-0.0014413879252970219,0.0843757490601611
0,1981-03-06,267.791360798184,6.412234335285022,0.0001357016444671899,0.024448538026500266
0,1981-03-09,269.3644567926031,6.366009337698145,0.005874334368854761,-0.046224997586876704
0,1981-03-10,273.3053631842212,6.444700183854293,0.014630387537181377,0.07869084615614774
0,1981-03-11,275.1580781412327,6.407759342325372,0.0067789191380143166,-0.03694084152892074
0,1981-03-12,277.52689626097083,6.4325336979001255,0.00860893540084362,0.024774355574753493
0,1981-03-13,279.47006844510497,6.433661866059042,0.0070017436519265175,0.001128168158916587
0,1981-03-16,278.0379404708319,6.363868470917171,-0.005124441348016262,-0.069793395141871
0,1981-03-17,279.43611361407153,6.411218870996266,0.005028713494539261,0.04735040007909497
0,1981-03-18,275.9171737998468,6.531414906022884,-0.012593002989888191,0.12019603502661802
0,1981-03-19,273.60840208348657,6.594334455473156,-0.008367625996470451,0.0629195494502719
0,1981-03-20,276.24634734504957,6.582639194018544,0.009641316719353199,-0.011695261454612194
0,1981-03-23,279.7720172415968,6.550960712791863,0.012762774713337421,-0.03167848122668104
0,1981-03-24,280.8787446226941,6.534049244580372,0.003955818712711334,-0.016911468211490366
0,1981-03-25,281.0915784007794,6.52095495765998,0.0007577425567433238,-0.013094286920392051
0,1981-03-26,281.2248946723658,6.517304865001966,0.0004742805613204837,-0.0036500926580140813
0,1981-03-27,279.2396394932968,6.546368577712575,-0.0070593152195215225,0.02906371271060859
0,1981-03-30,279.18682541562947,6.488032507557878,-0.00018913531675934792,-0.058336070154696884
0,1981-03-31,279.23609485516045,6.509412008450195,0.00017647480126470327,0.021379500892317438
0,1981-04-01,279.29177040541674,6.502125013935293,0.00019938522018492222,-0.007286994514902112
0,1981-04-02,277.7677111443377,6.456391305275173,-0.005456871353089809,-0.045733708660120165
0,1981-04-03,281.79472793072193,6.4133596862058,0.014497785829007626,-0.043031619069372695
0,1981-04-06,282.48789778547837,6.358610585968466,0.0024598396848887205,-0.05474910023733415
