sp500,DGS10
0.012968399,-0.042089723
0.00493051,0.018628933
-0.008862517,-0.020349482
0.017407054,-0.074576914
-0.0043877913,0.01378625
0.010351861,0.0071817404
-0.0015968678,-0.0025368505
-0.00907064,-0.023689516
-0.003650748,0.011317587
0.0015652915,-0.02625275
-0.0016660846,-0.01447877
0.012626782,0.0320183
0.00034737866,0.0565881
0.008645715,-0.02353201
0.015427852,0.023726413
0.008954901,-0.0035845363
0.006713248,-0.06829216
-0.0012069213,0.05202915
0.013068544,-0.060403872
0.018801175,0.06725185
0.04330179,-0.009992266
-0.015561837,-0.006304549
-0.015480226,-0.018443312
-0.0075567574,-0.003916737
-0.0076545933,0.009174093
-0.0008356364,-0.019540535
-0.0056748544,0.017775746
-0.00032605953,-0.0035833218
0.0028085099,-0.026854249
0.013857953,-0.04555079
-0.017153444,-0.02598097
0.0028823814,0.061737258
0.015419831,0.07083391
-0.013261605,-0.040525455
-0.0013081993,-0.053761538
-0.020073794,-0.084199786
-0.017220115,0.0057709287
0.000727434,0.03907654
-0.00584187,-0.005514261
0.010672896,0.010838156
-0.0043211123,0.012805437
0.0039178645,-0.01693491
-0.0035516121,-0.020332675
0.01099653,0.053801678
-0.0009163192,0.030393554
-0.0060134856,-0.021711817
0.00093189214,-0.017197246
-0.010603648,-0.059803538
-0.0039911317,-0.013449239
0.011139155,0.16108169
0.026328772,0.027366154
-9.824266e-05,0.0027368306
-0.0056122676,-0.019817002
0.0015431454,0.032222413
0.0025781067,-0.00038082906
-0.0017652749,0.009866792
0.004050313,0.1105022
-0.006236475,0.005634259
-0.013256043,-0.06742044
-0.014524078,0.023934435
0.0010189314,-0.029916601
-0.020871934,0.07498168
0.0054655643,0.09880357
-0.0009966407,-0.011039772
-0.0014320237,-0.047683883
-0.007845604,-0.083261795
0.004955082,0.04509589
0.0032911694,-0.14041786
0.00195483,0.007949216
0.003036535,-0.09585736
0.029200755,-0.052895147
-0.0067325085,-0.07145778
0.027368631,-0.06800253
0.0024992551,0.025726939
0.0037987113,-0.029297171
-0.01352426,0.11689539
-0.0013970544,-0.06806099
-0.023169834,-0.09400923
-0.0067018755,-0.024724152
0.00015759445,-0.013109591
0.015931338,0.010772673
-0.010954099,-0.04431369
-0.022511013,-0.0081876675
0.02209188,-0.025446985
-0.0028162804,0.052604493
0.013394545,0.015476104
-0.0044014137,-0.043221015
-0.00085323956,-0.025302052
0.0025615937,-0.013032623
-0.013940774,-0.027440017
-0.0029845773,-0.09409649
-0.016963873,-0.07066086
-0.00086567504,-0.027503517
0.003990786,-0.054193426
0.0007859103,0.11415054
0.010121482,0.070605464
-0.0109947715,-0.06836283
-0.009479385,-0.014238033
0.011858545,0.14712617
-0.004659104,-0.0212916
-0.017117355,0.056324366
-0.0031025182,-0.08108949
-0.01820248,-0.04370676
0.014050912,0.014268506
-0.009992763,-0.15994781
-0.0026314522,-0.045499187
0.0029577115,0.03831413
0.0072738305,-0.036442336
0.0082603125,0.029940553
0.021606945,-0.014517755
-0.008965068,-0.01060159
0.0079593975,0.011869589
0.009510681,-0.009858142
0.0070645134,-0.0011602173
0.0014976511,-0.005738197
0.012317354,0.030704742
-0.023626855,-0.020270761
0.015966637,0.031334948
-0.01836711,-0.014841711
-0.0086424425,-0.027509738
0.0043254644,0.0709434
0.0075740023,0.013153504
0.0053452794,-0.011407986
-0.0036318926,-0.057979323
-0.013688516,-0.0039142896
-0.013692278,0.0040662163
0.0077594235,0.026657209
-0.01497695,0.11265996
0.013139244,0.110550776
0.0029814239,-0.00946962
0.005646265,-0.052200098
0.01058928,0.059068415
-0.008910057,0.004157932
0.006778606,0.015960883
0.0068423767,0.008780982
-0.0068561914,-0.091583475
-0.01093688,-0.13600561
-0.0033468525,-0.083401255
0.0030225804,0.028509608
0.004144738,-0.021683596
0.0023834426,-0.034034196
-0.008621011,-0.025206627
-0.009555419,-0.023790954
0.005317591,0.0086980695
0.006945593,0.008311251
0.0130573,0.06469285
-0.0020155834,-0.042754482
-0.0058185533,0.0072970293
-0.011127491,0.009493478
0.004366357,-0.001746471
-0.004448911,0.047950152
0.005047208,0.035972197
0.0052001523,-0.0463527
-0.006267869,-0.015096346
0.01287733,0.056623522
0.009079566,0.024784094
-0.0010652598,-2.7525075e-06
-0.0042114267,-0.063663006
0.004164189,-0.079543725
0.017537534,0.03198818
0.009103472,0.036797546
-0.00044648716,-0.0039377036
-0.01677628,0.019345868
-0.016606392,-0.007982992
-0.002010851,-0.008416093
-0.013264797,-0.047587525
-0.008406583,-0.035654888
-0.0023614096,-0.009268693
-0.007083622,-0.049896464
0.0015774134,-0.0060903453
-0.0055010137,-0.020658191
-0.007699568,-0.011029213
0.0019127487,-0.013591279
0.00882967,0.03715606
0.017531998,-0.02845569
-0.008746182,-0.012687466
-0.0015775203,-0.010614333
-0.00833674,-0.023410423
-0.0021711043,0.010722467
0.008281272,-0.004131471
-0.006013274,-0.002307935
-0.006069783,-0.00019535892
-0.01117253,0.027288608
-0.005997349,-0.0127792135
-0.0017641505,0.015813293
0.00082452147,-0.028433764
0.0007344048,0.020275548
0.007597224,-0.013184735
0.0106142545,0.06295501
0.004309981,0.015218744
-0.002239965,-0.01250154
-0.00027635135,0.010957595
0.0095383115,0.0015975217
0.00051917206,0.02705868
0.0060697645,-0.014543725
0.0060303956,0.006695992
-0.015872695,-0.027109805
-0.007628372,0.016463289
0.0053540706,0.045795575
-0.0076433397,-0.0475558
0.00083027314,-0.005276925
-0.02753555,-0.08458747
0.00853049,0.08873425
-0.005449495,-0.033233117
-0.005540424,-0.01899507
-0.00031800824,0.012496818
0.0053049643,-0.012768493
-0.003574562,-0.023161668
-0.009230544,-0.030677928
0.004600579,0.0071584014
0.0028541887,-0.043372262
0.009447843,0.008122908
0.009698717,0.05079257
0.016735312,0.035661034
0.0008069156,0.010574707
0.002469502,0.0655364
0.0016401911,-0.071174376
-0.017710805,-0.033413727
-0.0017105535,-0.00095591816
-0.015062711,-0.057102364
-0.010703977,-0.0422854
0.0048288563,-0.090422556
-0.015378268,-0.037367463
0.013236888,0.056925185
0.014293529,0.06425094
-0.012489593,-0.016623054
-0.005138251,-0.003578238
0.008018486,0.025081536
-0.00044710818,0.006584947
-0.0007578635,-0.016560694
0.0015511902,0.049587052
-0.004408686,-0.001958276
-0.0018825987,0.044871822
0.0047465754,-0.0037728327
0.0063911616,0.017482277
-0.0060448037,-0.024328088
-0.011151887,-0.035349946
-0.0012617286,-0.030248422
-0.0004980126,0.011301144
0.00092309085,-0.022785397
-0.0015112637,0.019008158
-0.010319145,-0.054382082
-0.005625752,-0.03292
0.00034213884,-0.009374718
0.0047878744,-0.016472533
0.009806234,0.028751396
0.0067287823,0.023049222
0.005252933,0.0038071135
-0.0002629622,0.005253764
0.009942707,0.0191031
-0.00022808864,-0.012061677
0.011268916,-0.023021376
-0.004238578,-0.0020215686
0.010479087,-0.10599575
-0.002025304,0.0499005
0.013322162,0.027239107
-0.0030805317,0.030976873
-0.00023041118,0.014735325
-0.007863332,0.07450548
0.002032911,0.017136924
-0.0064091966,0.005951258
-0.006822004,0.00035024216
-0.0031198307,-0.07824029
-0.021556344,-0.06635284
-0.000728728,-0.040919546
-0.0019598226,0.041329194
0.008630521,0.10575363
7.925357e-05,0.0052986457
-0.016851831,0.006364183
0.008237805,0.0066314465
-0.01555086,0.041255247
0.017522369,0.034290615
-0.001460801,-0.075598665
-0.019045897,-0.056540363
0.021368384,0.016737174
-0.0097641405,-0.011169715
-0.0060666217,0.04316845
0.013574904,0.0653566
-0.00094166584,0.014703099
0.003479552,0.010241261
0.00018649723,0.037793387
-0.0023503457,0.11963594
0.005759063,0.043786097
-0.005656643,0.005290017
0.0053370334,0.05886899
0.001578327,0.031804156
-0.0015302945,0.014938157
-0.016395122,0.011835055
-0.0053825146,-0.007381103
0.0042532426,0.060760193
0.01618782,0.061021455
-0.0011053396,0.029078402
0.021512441,0.029061124
0.021884795,0.0718211
-0.006489198,0.016569052
0.0023608336,0.037296303
-0.017379204,-0.0062721414
-0.0003269122,-0.034068473
-0.013003606,-0.105999
-0.008119713,-0.02559023
-0.0072223945,0.010437468
0.0015696983,0.0145309875
-0.006270752,-0.032744713
-0.0065624695,-0.009573671
0.0109975,-0.023357619
0.0016593016,-0.003549032
0.0013599535,-0.0065577654
0.0072084586,0.03177794
-0.01049196,-0.024403183
-0.023061313,0.015375597
0.016973201,0.043364998
-0.009377309,-0.019811697
-0.0030143391,0.010232114
-0.003104092,0.003049614
0.013766864,-0.010714185
-0.001301935,-0.01949928
-0.0014627374,-0.015295012
-0.014628431,-0.08363343
-0.015917292,-0.026864681
0.0146409655,0.037050508
-0.002661705,0.011649891
-0.006273399,-6.776451e-05
0.001382251,0.002797477
0.020383872,-0.022457395
0.0015958954,0.016027344
0.00060059165,0.000519425
-0.0018505144,-0.020202808
0.008637281,0.01268867
-0.005453461,0.07862639
-0.0035485108,-0.0010220445
-0.0045816936,0.026242042
0.007326104,0.06297517
-0.0054965517,-0.10394026
-0.01636538,0.06542788
-0.0014811676,0.078226104
-0.0118529,0.11316425
0.0067289975,0.09264885
-0.0010073892,0.0062666577
-0.02394934,-0.039400663
-0.0040414976,-0.00785368
-0.014037557,-0.0008666035
0.004466761,-0.005748752
-0.0055565187,0.01124992
-0.015479744,-0.09317419
0.001546527,-0.011667762
0.0073848227,0.029523177
0.0040555806,0.0363492
0.001521862,-0.074717656
-0.0108936,-0.027005129
-0.010791284,0.06634181
0.009513912,0.065851055
-0.014851365,-0.015753975
-0.004102836,-0.043703735
-0.00734111,-0.026053127
-0.007590118,-0.07276456
-0.0053627994,-0.020009225
0.0069463733,-0.019144667
0.00730239,0.035807353
0.0060784817,0.036201183
0.010972833,0.021312747
-0.01182814,-0.089543134
-0.01523561,-0.025544947
0.0063042594,-0.006733331
-0.016210593,-0.017500572
0.014323532,0.026158081
0.013359447,0.04497541
-0.008810129,-0.019114248
-0.005442567,-0.003975887
0.008913048,0.08408845
0.0038234957,-0.007920633
0.0026878845,-0.008420738
0.005272115,0.03635389
0.0134413,0.061253734
0.0016335528,0.07787164
0.016878054,-0.03283967
-0.007947397,-0.03992119
-0.012118788,-0.08049891
-0.010417596,-0.03923358
0.008238748,0.058233522
0.018741172,-0.0025319145
0.0076462603,-0.05703063
-0.012384677,0.03688644
0.0074591856,-0.06712946
0.011865626,0.16703187
0.0066216295,-0.0069419593
-0.00041337073,0.051751398
-0.0010851582,-0.07552733
-0.011366831,-0.0034940564
-0.0045834235,0.019226568
0.0054595238,-0.052402966
-0.0043878937,-0.036007226
-0.0016667368,0.033508327
0.0034806472,0.030681986
-0.0069256118,-0.010004912
0.0039451243,-0.034626525
0.0057264175,0.015281018
0.005951563,0.037055515
0.0005452562,0.0035221656
0.013915586,0.054958332
0.005338938,0.010536039
0.008657689,0.0127165895
-0.00011048946,0.010960403
0.011550685,-0.025330376
0.0018145996,-0.00028420094
-0.0065990556,0.09629736
0.0151762655,0.072084434
-0.003299338,0.007925828
-0.0020788282,0.022626614
0.0045934655,-0.026190363
-0.0048507787,0.0027971468
0.00013162952,0.021733284
-0.00030957715,-0.016060717
-0.0112404805,-0.016860334
-0.0031753762,0.031427924
0.00943756,0.02457249
-0.00037830044,-0.011435613
-0.0059733866,0.018490272
-0.010384763,-0.019701857
-0.0075872885,-0.031449333
-0.01397457,-0.077308364
-0.0029234516,-0.010879063
-0.00972349,-0.032369696
0.0072739553,0.021991575
0.0050758626,0.04756205
0.0044682436,-0.035231903
0.0010112837,0.024006756
0.004823978,-0.030968525
0.008095405,0.013664512
-0.0063076047,-0.022046873
-0.0020250978,-0.04938705
-0.00057711103,0.004816497
-0.0021669178,-0.007751915
0.0066751232,-0.007786996
-0.00048234605,0.0024450172
-0.0029411763,-0.022942651
-0.0026136332,0.008569815
0.008905377,-0.016217768
-0.0077097695,-0.012298146
0.006083132,-0.000698583
0.0049511157,-0.006904524
-0.004571276,0.0026289322
0.0137827275,0.011805317
-0.015557213,-0.009441091
-0.009991061,0.021363055
0.003041604,0.0052537206
0.011178859,-0.0015537039
0.0037643379,0.016034994
0.013727287,0.01108645
0.007981662,0.008795095
0.011973884,0.027012594
0.0056307856,0.0062681795
-0.010415321,-0.025782175
-0.005391,-0.03674664
-0.009582304,-0.0101572275
-0.0006448882,0.04626429
-0.012860989,-0.034926068
0.0017048231,0.024230784
-0.004605821,-0.005148705
0.004751507,0.0038039407
0.0071091168,0.10355623
0.007566904,-0.006176435
-0.0033414247,-0.030307597
-0.002346084,0.018749364
-0.0018661388,0.06306222
0.0044543585,-0.038060274
-0.0060601034,-0.033525035
0.00032100928,-0.0032136245
0.0033772048,-0.014886274
-0.0030499338,-0.03786954
-0.0024398742,0.070421726
0.0014060631,-0.07958069
-0.0028126067,0.053083487
0.0057011917,-0.0028426887
-0.003743689,0.01289941
0.013359819,0.013356689
-0.0077005485,-0.029063633
-0.004225721,0.022040173
-0.0043612286,-0.017028432
-0.006042514,-0.018931132
-0.0039602276,-0.01480481
0.01538872,-0.031483542
-0.0049474942,-0.02770859
0.006334073,-0.019225836
-0.007568227,0.02555499
-0.00693104,0.0069700987
0.006622106,0.0174995
-0.0013862508,-0.050878603
-0.005100636,-0.024426816
-0.0032881133,0.010384353
0.004040606,0.012676242
-0.0014013973,-0.008486781
0.0072917095,-0.032074686
0.0046440824,0.013662057
0.005977114,0.013193533
-0.001410133,-0.021532554
-0.00672248,0.007831294
-0.004565187,-0.00026712258
-0.009426443,-0.033523448
-0.0068288255,-0.10250077
0.006049468,0.06472704
0.008186402,-0.08995567
-0.013613581,-0.01212856
0.0037376413,-0.03946106
-0.0042683077,0.021417068
0.01010855,0.022702651
0.0014317301,-0.027886804
0.0031237574,0.044223472
0.021386191,0.055619735
-0.0007224097,-0.018924788
-0.0037731787,0.015971262
-0.0045279786,0.01527823
-0.011200454,-0.015353436
-0.0029390582,-0.04284696
-0.019015674,-0.05706241
0.008888393,0.038711987
-0.0027286157,-0.05423289
0.0005737161,0.0017784892
0.004746113,0.005323193
-0.009145692,-0.032654863
0.0017713888,-0.014818316
-0.010428483,0.0016004209
0.0030973237,0.02826589
0.006601274,0.0022073006
0.0009052312,0.005348793
-0.0018182383,-0.0047758976
0.0048172586,-0.028310431
-0.0083998535,-0.03896381
-0.012645485,-0.040475123
0.004637682,0.004735527
0.005493627,0.03390212
-0.0032218262,-0.023290627
0.0013948327,-0.039046638
0.0153836375,0.094847426
-0.0017386511,-0.0027245563
-0.021820392,-0.042304073
-0.015937813,-0.06645931
-0.0122011695,-0.05465758
0.0007399939,-0.0008563947
-0.0004479352,0.0085688885
-0.008242562,-0.024643391
0.009369134,-0.004963257
-0.019194096,0.0025225456
0.0070627388,-0.06920614
-0.010725974,-0.0009179669
-0.0069522806,0.009163705
0.012342287,0.06313662
0.0025624975,0.028244805
-0.007693058,-0.037729476
-0.0072011445,-0.0040255454
0.007420649,0.0016702666
-0.0011123416,-0.12872325
-0.012510876,-0.041429587
0.013249576,0.020178137
-0.008311914,0.046059307
-0.004866464,-0.031642452
-0.00405444,-0.016873773
0.0018517869,0.017313082
-0.0044104727,-0.022488395
0.014359972,0.061361212
0.013032577,0.05053831
-0.0064819157,-0.013969474
0.0034097256,0.09832751
0.001073936,0.046100315
0.003713936,-0.07927795
-1.769897e-05,0.0103757465
0.010560144,0.06930586
0.0037269518,0.10242824
0.003147884,0.16493385
0.013750941,0.06462598
0.0019521415,0.23051094
0.004207589,0.13305905
-0.007625173,-0.038948216
-0.007027213,-0.19099173
-0.0049231024,0.110989235
0.014638174,0.07554134
-0.0062965997,-0.04233464
-0.006578586,0.069602594
0.009729599,0.12650195
0.005168935,-0.044070527
-0.0030135207,-0.04820955
-0.0064780535,-0.05509007
0.001847839,-0.05601763
0.0037047975,-0.03169839
-0.016375877,0.009293718
-0.0010770126,-0.019325083
-0.004640366,0.00913565
-0.0048090667,-0.020179942
-0.0006135158,0.05932774
0.0017920115,-0.060725622
0.00093491166,-0.021736503
-0.011500981,0.07640248
0.0033872633,-0.06366916
0.0063720164,0.0072985636
0.0030885735,0.06898227
0.008024039,0.0021410044
-0.004703437,0.4457085
0.008347651,-0.087016754
-0.00084528595,0.0049574613
0.0025422662,-0.16520275
0.006936977,0.022645354
-0.0029619492,0.008520043
0.003984114,0.08238683
-0.0003347181,0.027162142
0.0048532393,0.16763765
-0.009386142,-0.031106094
-0.011060645,0.016182052
-0.02078192,-0.23066756
-0.016102389,0.040003724
0.01482225,0.12910783
0.0060674027,0.009301222
0.007486635,0.25632095
0.005923991,0.10465507
-0.010617457,-0.012010107
-0.016364729,0.02691901
0.010998139,-0.07904035
0.008159709,0.044032797
-0.014005452,0.037451863
-0.0060058814,-0.14424473
-0.0045384616,0.02659612
0.0018622483,-0.063012786
-0.0047060046,-0.024091097
-0.0044505782,-0.104703404
0.0036196732,0.017729104
0.018770283,-0.09210963
-0.0005437965,-0.034746412
0.008815018,-0.14265524
-0.002809511,0.06879077
0.0041984133,-0.012531605
-0.0069632684,0.09895206
0.010315569,0.0021195093
-0.0025585752,-0.023618938
0.0034914846,-0.019241748
0.009882244,-0.02891808
-0.012047188,0.010702165
-0.013725359,-0.069600284
-0.004546976,-0.008395901
0.00939521,0.0138063785
0.011406392,0.081756584
0.022070562,-0.04234728
0.0010001026,-0.018337538
0.009028123,-0.0027386143
-0.012223012,0.067444436
-0.0063837715,0.032518547
-0.013005763,-0.006687899
0.0042460384,-0.06641869
-0.017712846,-0.03162491
0.0005575466,-0.09170359
-0.0051757363,-0.018279925
-0.0082549695,0.017367747
0.0108059365,0.06734652
0.00637069,-0.05504015
-0.006464728,-0.0017885998
0.010440386,-0.030311085
0.0048055137,-0.021945661
0.020285683,-0.003178971
0.0025912214,-0.054533463
-0.00458224,-0.01748887
0.008571615,-0.011206944
-0.0010525191,-0.020802837
0.00801612,0.048291065
0.014003695,0.03650996
-0.0089725405,-0.0042001624
-0.0016707843,-0.06061532
-0.00079229404,0.02874558
0.0011593513,0.018932844
0.003855265,0.009231734
0.0074803513,-0.029784009
0.010226397,-0.04348798
-0.0029510255,-0.019309318
0.0037095714,0.023271536
0.0010234531,-0.033200853
-0.009709091,-0.040853504
0.0047711693,0.010834428
0.0032200178,-0.012029779
-0.0032972307,0.023900475
-0.00040987684,0.02676248
-0.0004476195,0.05977434
0.00704239,0.053247407
0.0071170162,0.02317516
-0.0002705998,0.04354214
0.01037485,-0.063456304
-0.008102332,-0.01767493
0.010374889,-0.020525485
-0.00036905188,-0.03969233
0.003284678,0.053112775
-0.00550558,-0.011611473
0.007507774,0.06644591
-0.00023942819,-0.06123557
-0.0014524265,0.03061922
-0.00705004,-0.07968003
-0.0075590992,0.026076745
-0.015462277,-0.051499687
-0.012279635,-0.0010264365
-0.005340116,-0.09703442
-0.01304271,0.037389714
0.0022977134,0.00065681123
-0.0054455935,-0.07627052
-0.0021355802,-0.019251179
0.0044856067,-0.03298918
-0.00061064353,0.017804818
0.009911932,0.06560034
0.0012997608,-0.040723972
0.0029626756,0.039573763
0.012785702,0.027139792
-0.010098986,0.07087078
-0.0025158548,0.012339492
0.001803316,-0.014156865
-0.0030171836,-0.08269532
0.0024379808,-0.120357
-0.0038786416,0.045731466
0.0050551174,0.05470542
0.0004884193,0.018201953
0.004591589,-0.01671814
-0.007238886,0.007104187
-0.0056360625,0.0017601736
-0.006307115,0.00078747637
0.005900573,0.017585983
-0.0099947555,-0.029989524
0.0017728303,-0.0007196597
-0.001766877,0.083271004
0.012070956,-0.026864901
0.0123708155,0.051381096
0.017444812,0.046029776
-0.0050360598,0.07097242
0.013804813,0.10206538
-0.0022478611,-0.03687543
0.014966757,-0.0722388
0.0051117875,-0.056084882
-0.013678324,-0.024977867
-0.012120231,-0.014923529
-0.0071841497,0.013794767
0.010416568,0.027591802
0.00039094256,-0.0035084393
0.0063042333,0.08986409
0.011787776,0.036396958
0.004109002,0.057476856
-0.0019349578,0.05216808
-0.00840597,-0.023394186
-0.008460389,-0.027680824
-0.020634593,-0.019215168
0.0008905389,0.020967718
0.009078807,0.093150616
0.0059119724,0.037999634
0.010720759,-0.0072475523
0.0060103615,0.023019996
0.0012319083,-0.021230424
0.0065921033,0.030491635
0.0057534343,-0.03099091
0.0014802092,0.010528319
0.0108948285,0.0075770314
-0.0052152895,0.05418751
-0.0013971182,-0.018725043
0.0012014976,0.02459785
0.0046811574,0.008594167
-0.0033999104,0.039495554
-0.0027196417,-0.023281211
-0.005807127,-0.013356163
-0.0021808408,0.19808604
0.004053239,-0.030844402
-0.0031647026,-0.10158522
-0.0058631245,-0.12715401
-0.005035725,0.110255286
0.0047835023,0.07528212
-0.005807586,-0.005596719
-0.0056987284,0.04897713
0.01089748,-0.03260256
0.006161716,0.008745175
-0.011328427,0.092680015
-0.012820599,0.066506214
0.01493246,0.057524517
-0.0032090947,0.001771404
-0.0021886835,-0.025612656
0.0029431717,0.049084805
-0.0056629917,-0.041254755
-0.00641924,-0.033774305
0.004925089,0.027576897
0.010949418,0.057059754
-0.0053007444,0.045029603
-0.0037990226,-0.03208774
0.0015317202,-0.0152675165
0.0015881702,-0.051340338
0.005456658,-0.07089986
-0.012695404,-0.06636673
-0.0038410767,-0.015336571
-0.0019876687,-0.01777889
0.0024968113,-0.008416143
0.009022432,0.08467632
0.020593818,-0.054585867
0.005112756,-0.043511894
-0.015832966,-0.016637394
-0.002703756,0.0062380596
0.0035987808,0.024593467
-0.015575778,-0.07313328
0.0077095064,0.03943794
-0.008247324,0.009411296
0.0005722828,-0.056862287
-0.002705336,-0.018669765
0.012901291,-0.01701268
-0.00026219722,-0.023551516
-0.008297092,0.12938686
-0.0013646546,-0.083396554
-0.012846297,0.00948714
0.0029260102,0.011153742
-0.0005034738,-0.0042663566
-0.007658581,0.05554756
0.008368808,-0.004053599
0.0012682161,-0.015533194
0.003493912,0.03683406
-0.009708911,-0.022676336
-0.02150837,-0.029808115
0.007133285,0.02020588
0.0153684,0.013467044
-0.0029924654,0.06793338
0.0037231036,-0.09750495
-0.003566814,0.035613574
-0.0015491683,0.00440639
0.004738535,0.028779548
0.00680902,0.12159769
0.0044242977,0.08570462
0.0034979254,-0.16566831
0.00882945,-0.022551747
0.002196649,0.05129198
0.0143281,0.021680007
0.00036000498,0.12221481
-0.0033091954,0.069775924
0.0028947094,0.034614466
0.0021619059,-0.02838076
0.007955653,-0.040941082
0.010718467,0.062173825
0.006593497,-0.020784318
-0.011801575,-0.029048808
0.0042155366,-0.014921082
-0.0030932273,-0.04815291
0.006653424,-0.14520173
-0.0038581393,0.009115827
-0.0019804724,0.0093114795
-0.010274684,-0.11231293
-0.017795095,-0.090350404
-0.0120120775,0.0672607
0.006774255,0.035812706
-0.0138953,0.008158797
0.004643787,0.017475164
0.0061106696,0.010426996
-0.0058399905,-0.057061672
0.015497718,-0.044345476
-0.0040233037,0.025045281
0.012948217,-0.034028646
0.011140604,0.052112233
0.0074822106,0.014263349
-0.017301273,-0.07768734
5.254196e-05,-0.04877402
-0.0145997545,-0.05730065
0.0028955722,-0.006470279
-0.007797938,0.017041653
0.01220639,0.014648316
-0.0016719738,-0.05945059
0.0028379569,-0.017940797
0.006628491,0.019887764
0.00096899795,0.015837055
-0.010373617,0.019254591
0.00021771644,0.035003297
0.0045818333,0.055920947
0.0027041202,0.04458338
0.011835337,0.06674069
0.008612119,-0.027877234
-0.003124903,-0.09190356
-0.0014339142,0.0056835157
-0.0011285217,0.00813588
-0.0049676155,0.0022479903
0.011436224,0.012289186
0.016110709,0.023228882
-0.004863444,0.022614941
0.0031126628,0.022848975
-0.0043710764,0.08674949
-0.009228513,0.0504118
-0.0033062329,-0.009083532
-0.0065058423,0.011320955
0.0029881836,0.027278371
0.0043298244,-0.017294953
0.0042819525,-0.031928558
-0.00010135141,0.051842853
0.0030951395,-0.03538039
-0.0007524537,0.035367563
0.011484893,0.04196871
0.0071972343,-0.039775927
0.002956322,0.037876472
-0.008665378,0.03819046
-0.009487486,0.050877124
-0.0011356152,-0.0027999696
-0.00594398,-0.0051721795
-0.006541921,-0.013324552
0.0061340723,-0.06138266
0.002980246,-0.0016847869
0.008311705,-0.0067560873
0.008139718,-0.0012595373
0.012755234,-0.00046527825
0.0018418538,-0.02960957
-0.001126345,0.009778829
0.002229035,0.0044266237
0.0054280795,0.05536644
0.011377408,0.0015977125
0.0013726708,0.0073368098
-0.009447127,-0.022126073
-0.007499723,-0.003604507
0.0068930937,-0.03366123
-0.010333247,-0.014640633
0.0021227251,-0.049016874
-0.0072412724,0.029097736
-0.009686109,-0.030862248
-0.0031725666,0.025707608
-0.0074470094,0.04756321
-0.0030440046,-0.0054664686
0.010011872,-0.029113654
-0.00044059928,0.011194051
0.00755983,0.0051791384
0.0035042476,-0.014680316
0.011979722,0.0010538585
-0.00060765434,-0.011975652
-0.005374017,-0.02107998
0.0017908056,-0.047708746
0.0076617734,-0.12989801
0.007325391,0.04430811
0.0020370574,0.034364212
-0.009567833,-0.019417424
-0.01923907,-0.012384361
-0.0058548125,0.29716456
-0.005570042,-0.009752115
0.0007102493,-0.017477004
0.0002532252,-0.12638311
0.004473985,0.062039983
-0.00018082093,0.031965673
-0.0013763902,0.07910356
0.00562672,0.047167193
0.012743214,0.011142063
0.010335657,-0.032058336
0.0069023874,0.010757117
0.005062134,-0.03608911
0.004150058,0.033350743
-0.009631375,-0.021786256
-0.014350453,-0.030230243
-0.015231539,-0.117659114
-0.007534897,0.06995121
0.0069919615,-0.11258252
-0.0069369813,-0.037917085
0.00038504257,-0.004252911
0.0047203954,-0.011682653
5.1531475e-05,0.035042502
-0.0019707694,-0.103372976
0.0016570116,0.028232692
0.012349079,-0.046412535
-0.00055342773,-0.039029703
0.009823497,-0.011893312
0.0054606325,0.08496064
0.001607842,0.040823165
-0.0040467978,-0.062432855
-0.009925119,0.06600746
0.004227799,0.039848085
0.0035356802,-0.02031375
-0.0063903127,0.044005312
0.003568402,-0.02128587
0.010432815,-0.10004585
0.005588349,-0.056096356
-0.0003318835,0.067841664
0.01506496,-0.027748145
-0.003444804,0.04384251
0.0066177584,-0.021767437
-0.0031588771,-0.08359428
0.01653179,0.006513241
0.00832709,0.041820075
0.0031186994,-0.020069825
-0.014059277,-0.019495644
0.0038527367,0.061543927
-0.0091029955,-0.009782343
-0.00072861684,-0.02114306
-0.0088902665,0.041988067
0.013351221,0.062637515
0.008124357,-0.035477396
-0.0016656604,0.12069028
-0.006188686,-0.023249598
0.0037603849,-0.047920514
0.004408554,0.05605844
0.009874966,-0.032404464
0.0035164529,0.06663305
0.0048204698,-0.057773553
-0.0076243826,0.005973596
0.0054403353,-0.031616576
0.0054175323,0.031243976
-0.0070508267,-0.062109575
-0.015415939,-0.04546724
0.007981559,-0.025236268
-0.0107853,-0.051247478
-0.00892891,-0.0041894056
-0.01134301,-0.022599595
-0.0011323071,0.009197304
0.0021089306,-0.06367357
0.00089848926,-0.005786748
-0.0009832067,0.034695912
0.0024203316,-0.013587635
0.004942056,0.015461517
0.016966451,0.10098906
-0.0042476626,0.060233016
0.0037005949,0.0050171185
0.0014404318,-0.06002591
0.00084987486,-0.11013694
-0.0049329996,-0.018966435
0.006589629,-0.024162706
-0.0012251176,-0.08064554
0.008648321,0.026627926
0.0050392677,-0.0040979567
0.002630928,-0.0013794139
-0.0023714472,0.010911109
0.0014549342,-0.0873413
-0.0121246725,-0.00016805324
-0.006636599,-0.041117694
0.0014692672,-0.032944653
-0.007907868,-0.06638615
-0.016109489,0.005719213
0.0028111686,-0.04870609
-0.011959132,0.026033087
-0.00029567548,0.038813755
-0.0026002037,0.03907174
0.013734239,0.05411655
0.0115020145,0.044185817
-0.00363848,0.009699879
-0.0009291873,-0.014843339
0.0054177726,0.03800385
0.010532318,-0.04474515
-0.007937733,-0.03989381
-0.002172431,0.027348453
-0.01656366,-0.020235157
-0.0133532975,0.0051616263
-0.009138572,-0.01497182
-0.00062878523,0.07552988
0.015000313,-0.01800662
0.0024111534,0.00048003512
-0.01521121,-0.004368345
0.0015636587,0.002165398
0.0043391953,-0.0191456
0.012249449,0.035607018
0.0010590273,-0.13589297
0.010528209,0.011509563
0.01087168,-0.011372484
0.007469555,0.020012641
-0.0026131328,0.045703605
0.009270346,0.027932366
0.004762932,-0.0030376208
-0.0013722449,0.03751662
-0.00056150474,0.02575272
0.0009623806,-0.055252284
-0.010282254,-0.0016185228
0.005978133,-0.017071728
-0.0067317747,-0.018708818
0.00039097609,0.025890855
-0.004721966,0.07509252
-0.0032389183,-0.018144866
-0.0011089171,0.120774575
0.015908178,0.011739034
-0.004305004,-0.028972706
-0.004315085,-0.032806642
-0.010403682,-0.017343206
-0.005046145,0.0020671801
-0.008838775,-0.0002561681
0.0037342529,-0.017622443
-0.013783254,-0.10916283
-0.005222128,-0.056152694
-0.003747193,-0.03339232
-0.001582384,-0.008341378
-0.0013019502,0.020148274
-0.0030512295,-0.029680993
0.010724161,0.057564717
0.002638545,-0.062268924
0.009608904,-0.029163064
0.003775062,0.01598951
-0.00043924368,0.065072514
0.00878017,0.05131307
0.011303958,0.09541993
-7.8593905e-05,-0.016166307
0.009501705,-0.06233223
-0.006593601,0.028565545
0.0029830036,0.04604589
0.0038444307,0.03903722
-0.0027880457,-0.014491511
-0.008123752,-0.007117616
-0.0020294979,-0.031840384
-0.0050951904,-0.054522596
-0.009759635,-0.018228067
-0.010585403,-0.019716956
-0.0067900685,0.017671803
0.00032622938,0.14688788
0.006433945,0.003406138
-0.01856637,-0.03233539
-0.00014347892,-0.02025878
-0.0146453995,-0.07706447
0.0010625324,-0.030702788
0.0114035765,0.11408389
0.0023625474,0.025747946
0.006318627,0.0751946
0.012423602,-0.012484142
0.0049870806,-0.025581038
0.006731867,-0.010655222
0.008858567,-0.050573777
0.0026735933,-0.020263063
0.0018256567,0.061976485
-0.0015660854,-0.13345608
0.0075627533,-0.04261167
0.006448463,-0.012567261
0.009542386,0.046846543
0.020229407,-0.017288048
-0.012080096,-0.037972603
0.001460007,0.07699617
0.00715418,0.07684737
0.011296443,0.009796478
0.002243278,0.0066470723
0.0032700368,-0.04036351
-0.0064224936,0.020360956
0.018442769,0.028482875
-0.0041791056,-0.09514088
-0.005524464,0.05085522
-0.00038817746,0.036386605
0.009673323,-0.0118987635
-0.002004103,-0.049244296
-0.012814781,0.011574032
-0.013901222,-0.016372647
-0.0024757495,-0.0039241216
-0.0064171823,-0.07369204
-0.005645124,-0.0058847973
0.003115565,0.03515518
0.004968073,-0.016661443
0.006451711,0.1689664
0.0064309346,-0.03326077
-0.010697592,-0.09661964
-0.011435583,-0.15883014
-0.009747148,-0.02083132
0.013816566,0.0022413284
-0.0013891542,0.035085246
0.0026315888,0.08672597
0.010250131,-0.0054229787
0.0011275796,-0.20387833
-0.01540465,0.0046060374
0.02185119,-0.082765885
-0.012230466,-0.03650784
-0.0030567644,-0.020407205
0.0005300394,0.06935599
0.01427524,0.00018416069
0.014029211,0.14820942
0.009421,-0.01386561
0.00015816843,0.10355916
-0.0033728592,-0.021365227
0.0029385218,-0.025470652
0.0031690719,0.04391729
-0.00017699873,0.06494799
-0.0031860652,-0.080677554
-0.0040117884,-0.011721327
0.0065820096,0.074983254
-0.009417573,0.02602623
0.005461519,0.031341143
0.008087587,0.04573864
-0.006052397,-0.06566139
-0.0077706943,-0.017677585
-0.0020740046,-0.046236467
0.008862929,0.018339919
0.0052384487,0.098494895
0.008443516,-0.034783833
-0.0063682455,-0.020444416
-0.0007808433,0.018791791
0.014254095,-0.0023672243
-0.007088322,0.023339044
0.0048921346,0.009895957
0.0015871327,0.02602245
0.0043954905,0.03977802
0.0016207517,0.068466865
0.00018730678,0.0037447838
0.0013271538,-0.0039760163
-0.00087638525,-0.07428209
-0.002145281,0.10094475
-0.009411569,-0.027987016
-0.011973527,0.09909394
0.005415937,0.0033760986
-0.0049591623,0.02955412
-0.0007476938,0.00011611871
0.0041762264,-0.023831293
-0.00139206,-0.07417939
0.022359204,0.009539638
0.018751904,0.024223413
-0.0023877355,0.022962276
-5.2334595e-05,-0.08795145
0.008652188,-0.058411144
-0.005403567,0.042655565
0.004023631,0.033597473
0.004461817,-0.024946665
-0.0042388183,-0.06689664
0.006445244,0.053906787
0.004243999,-0.011736008
-0.0042779176,0.030245405
0.00025169412,-0.052536864
-0.010685131,-0.03661193
-0.007253955,0.021237541
-0.0056106886,-0.0029589373
-0.0099232625,-0.02546554
-0.005909123,0.012357259
0.016240396,0.011627838
-0.013144915,0.011332583
0.002559077,0.049320742
0.00272997,0.012704205
0.013370933,0.013901178
0.0123970425,0.034100346
-0.0040841745,-0.031106269
0.0061582103,-0.10270328
-0.0030633912,-0.021359377
0.00024107774,-0.012429725
-0.012307355,0.026448553
0.0010929882,-0.0015971883
0.0049199685,0.123645104
0.02177689,-0.041227832
0.0063141007,0.014609225
0.0043551573,0.024955979
0.0036514804,0.025113603
-0.006190071,0.022514123
0.008024925,-0.021188775
0.008273135,-0.031344213
0.016225073,0.028779712
0.0040655923,-0.00657033
-0.0027044099,-0.042820647
0.0008099192,0.14588901
0.003707355,-0.07146531
0.0063630897,0.06484675
0.00166574,0.17056355
-0.0010410456,-0.060972705
-0.005752276,0.0117710475
0.009792751,0.090110496
-0.007011986,0.016578838
0.0061606974,0.11951298
-0.005276645,0.07003301
-0.0047657024,0.019637583
-0.00072278024,0.09169565
-0.00937151,-0.015937544
0.007856323,0.009576986
0.007778705,-0.0975861
0.0058030672,-0.058850028
0.010781036,-0.016281849
0.0013050513,-0.00811742
-0.003635373,-0.0517501
-0.0064798486,0.060454164
-0.0037919548,-0.07090829
-0.008822845,-0.083236024
-0.0134049915,0.033070564
0.004432764,0.030700613
-0.0038091007,-0.029921755
-0.009075916,-0.038988095
0.0015723973,-0.0058982368
0.0015643073,0.018720228
0.007019406,-0.03316474
0.015702462,-0.06620077
-0.0009888632,0.009906366
-0.0045246547,-0.029463938
0.0009971042,-0.008438068
0.01321697,-0.017195169
0.015059946,-0.036440555
-0.008548679,0.025174106
-0.0059596263,-0.13455687
-0.007506346,-0.026589483
-0.013191186,-0.1261155
0.00421259,-0.05999003
0.013158981,-0.0031392942
0.0043923003,0.025986308
0.0041031907,-0.01681921
0.0018670189,-0.06733242
0.0055704284,-0.016549159
0.010749193,0.06853931
-0.013554655,-0.02161503
-0.007806209,-0.005297278
-0.012320754,-0.012046704
0.0023238475,0.093262136
-0.001775942,0.011999528
0.0055080876,0.035766356
0.004372863,0.023819067
0.01155596,0.18161301
0.015370903,-0.07866382
0.0051899166,-0.054878004
0.008612702,-0.045469902
0.0020212303,-0.06122968
0.011773344,0.014213471
0.0011925308,0.048132963
-0.0058155498,-0.08817285
0.0029633436,0.028342927
0.00821455,0.03374118
-0.004979712,0.052302986
-0.010943294,-0.007448514
-0.013746635,0.017367316
-0.004223606,-0.010788302
0.003204608,0.0053786025
0.0045123487,0.035913732
-0.00248392,0.056786925
0.0016342071,0.015136671
0.01740187,0.031169197
-0.008229818,0.0039106766
0.0010411479,0.043559283
0.0065807244,-0.03425878
-0.0016612621,0.025524402
-0.009809911,-0.04784075
-0.014736151,0.007663406
-0.011798515,0.017393105
-0.0024376716,0.028598325
0.0071103843,0.0075230105
0.0057451176,0.060348965
-0.0069169644,-0.047075443
0.0017032492,0.04896466
-0.00012531248,-0.009145449
0.009350542,-0.10618713
0.0070364294,-0.11705317
0.004399613,-0.09509548
-0.008292511,-0.005928697
0.0037764625,0.019263385
0.0018918613,-0.05187275
0.010451895,0.07779955
-0.009077054,0.04426135
-0.004044563,0.009536511
0.0032807144,0.05838133
0.0052843187,0.09497626
0.0039073518,-0.008191386
-0.0048603695,0.050247125
0.00899123,-0.04442787
0.0039276495,-0.0009685761
-0.0046915333,0.0056309407
-0.00770389,-0.052903406
-0.0074284486,0.05142801
-0.0077084694,-0.0054031503
-0.007895257,-0.00037968138
-0.00795198,-0.06379325
-0.014412864,-0.008731168
0.011234846,-2.3034152e-05
-0.0019640492,0.02442563
0.00023433729,0.021543892
0.013338555,0.05353025
-0.0049147615,-0.027025342
-0.0011169112,0.06513146
-0.0016281186,0.007274907
-0.00095975166,0.05445762
-0.00014355831,0.0786866
0.015099314,0.021229763
0.005011819,0.084287
0.0025378554,-0.03435639
-0.003570995,0.03102878
-0.0046780356,0.005704273
0.0034394735,-0.03163031
0.013131669,0.01735177
-0.00040769848,0.027713178
-0.0016332436,-0.044414476
0.0062583517,-0.106024936
0.0058205654,-0.06667862
0.003742378,0.0017055295
-0.0009025291,-0.021986354
0.00026789383,0.058117647
-0.0031264087,0.051964544
0.00064511545,-0.03485351
-0.003428284,-0.019311098
-0.002520257,0.020698309
-0.004576682,0.021888213
0.0056188838,-0.0139662195
-0.011328735,0.03257276
0.0023265004,0.046716332
0.0031060572,0.040395528
-0.01030652,-0.021309065
-0.0040420075,-0.0054670926
0.0018634414,-0.033705026
-0.0006983066,-0.032834403
0.012249349,0.0031611947
0.0039967736,0.02472073
0.0030167513,-0.0112325875
-0.00466209,0.0052276473
0.0013921808,0.031452708
0.018950006,-0.020538984
-0.0032379855,0.0068608797
0.0023888191,0.036484297
0.0026930976,-0.01933008
0.0036833955,0.024675341
6.30219e-05,0.008456514
0.005332538,-0.015293851
-0.013762395,-0.03702615
0.0018752301,-0.029354157
-0.011085413,-0.059081174
-0.0026605383,-0.013121177
0.0034170463,0.06896462
-0.0008247072,0.017091438
-0.013725676,-0.074053355
0.0105191525,0.028604783
0.005199893,0.0040484313
0.005555703,-0.09851673
-0.010809111,-0.02890191
0.0026873762,0.04191907
0.002474036,-0.02829582
0.0074771587,-0.038253143
-0.0022965036,0.010552076
-0.0020259772,0.0022352645
0.005891259,-0.00214965
0.015050632,-0.027666826
0.0111395735,-0.03074029
-0.00021174981,0.00897641
0.005475927,0.05799682
-0.009865847,-0.050752908
-0.010445006,0.01624139
-0.00781726,-0.009815333
-0.006204687,-0.11645531
-0.0016805431,-0.03510196
0.009240354,-0.056186162
-0.0027897845,-0.0100794
0.016552093,0.03213285
0.002762645,0.048250366
-0.005959934,0.0052136215
-0.0045393147,-0.015826182
0.0035185763,0.031340323
-0.012268442,0.012244877
0.00800822,-0.011815331
0.00037573883,-0.0069760936
0.0040898477,0.015826177
0.002956072,0.051871404
0.0018378145,-0.008064204
-0.0042087045,-0.027692236
0.011001538,0.02557264
0.0010164415,-0.028824842
-0.0018008172,-0.039051652
-0.010411829,0.007912487
-0.0066681886,-0.011931944
0.022656608,0.051328804
-0.0044401125,0.036580853
-0.002594082,0.072026044
-0.02893709,0.0026122264
-0.036023617,-0.08364996
0.016808754,-0.011043642
-0.0058886805,0.026413715
-0.0061767646,0.061466746
-0.016259167,0.006201145
0.0066008912,0.05024684
0.008938197,-0.028396422
-0.0016341561,0.028203228
0.009749901,0.00706029
0.007742231,-0.052634843
0.01594577,0.08706189
-0.0070881806,0.035405822
0.0014565696,-0.025982464
0.0021352763,-0.046158943
0.0014256588,-0.111433335
0.0072228354,0.060104717
-0.0023527772,-0.028319273
0.0073511684,0.025214598
0.012327598,0.001774122
-0.0064972304,0.030762134
-0.0048565418,0.03928027
0.006688174,-0.09613961
-0.015279173,-0.06506759
-0.01341416,-0.038868442
-0.013181881,-0.021771763
-0.0055787563,0.017945161
0.0043232813,0.044998884
0.010276362,-0.019393474
0.0017864353,-0.011027515
0.009441868,-0.030970082
0.010276487,0.024742823
0.0031435492,-0.015680976
-0.00467123,-0.0031104693
-0.002135463,0.04677617
0.007939367,-0.023673927
0.011172583,0.10824861
0.008096967,0.060382336
-0.0089841485,-0.04163702
0.0006414896,0.026770007
0.01068385,0.071504325
0.004610857,-0.011879615
-0.004500948,0.032563828
0.008756886,-0.061229065
0.003666672,0.017946381
0.009715778,-0.034484178
-0.0005899684,0.042712897
-0.0049632317,-0.015554954
-0.0076069348,0.055208795
0.007195969,0.032662142
-0.0010049128,-0.039307587
-0.0114356205,0.034139834
0.0021679038,0.06240145
0.0139238015,0.05173259
-0.0013696654,-0.06874939
0.008414645,0.04501384
-0.0034797087,0.009670972
-0.0032554872,-0.033617582
-0.0004444248,0.01032246
-0.0029882493,0.07201224
-0.0013596042,0.04783766
-0.0068309945,-0.014472958
-0.0024185535,0.06700146
0.0018753139,0.05470062
0.003946677,0.0009893689
-0.011455199,-0.073917165
0.0029590675,0.022723159
0.012703914,-0.13007207
0.013722577,0.021154547
-0.010903124,-0.028513491
-0.004720115,0.05417036
0.006659041,-0.030067164
0.011921529,-0.03436236
0.0029510628,-0.22520864
0.0122086685,-0.007799383
-0.009260294,0.40558815
-0.016514404,-0.048194505
0.0011753065,0.01939582
-0.0035742368,0.10926155
-0.016488114,-0.029469078
0.00045676506,-0.05507675
0.007998575,-0.03306079
-0.014672459,0.043194372
0.020201271,-0.038624376
-0.0014628903,-0.14836733
-0.010558318,0.025309967
0.0020385154,0.05130248
0.0066519305,-0.029297473
-0.00040225906,0.0007490609
0.008572299,-0.14821008
-0.0016398483,0.18184091
0.019431952,-0.11798666
0.011956343,0.06346943
-0.0015022618,-0.017891422
0.0022410685,-0.08331854
-0.0023422702,-0.027982378
0.0069821547,-0.051841207
0.0017488734,-0.06483179
0.011933431,0.06621903
0.0035689312,-0.0058978084
-0.0036631203,0.06251017
0.013116879,0.017027482
0.01375475,-0.095635146
-0.0020950357,0.005083604
-0.0023576787,0.07111767
-0.0017085494,0.003479384
-0.009705449,0.018694885
0.009372778,0.11564829
-0.0049269656,-0.062449552
0.0066603897,0.061585516
-0.0058190483,0.024313131
-0.0023236703,0.026541993
0.009080356,-0.038325932
-0.00068845204,-0.032949388
0.008415375,0.099438675
-0.00086943724,0.030824509
0.0015711114,-0.10296104
-0.00055008475,0.040718917
0.0074234996,0.030355701
-0.0011799012,0.05477789
0.018408937,-0.030534323
0.007061895,0.054031305
-0.0016198889,0.009497989
-1.7220387e-05,0.0785122
-0.00060781295,-0.021234823
0.014807979,-0.016787155
0.010227904,0.038153335
-0.007582,0.063548535
0.0029376275,-0.036011416
-0.004592345,0.017581282
-0.004976651,0.0058138203
0.0057969573,-0.017780608
-0.0072287545,0.061617233
0.0003026646,-0.039787132
-0.0019785217,-0.029384155
0.0070763174,-0.06440916
-0.0033933367,0.061394505
-0.0032355974,0.024511721
-0.014041871,0.010959884
-0.004968272,0.035236813
5.888508e-05,-0.08086005
-0.0013353513,0.02857547
-0.00064647454,0.057040893
0.0064219944,0.008387797
0.0031892485,0.017330475
0.00652606,-0.03249833
-0.0073599652,0.005671364
-0.008322056,-0.037311494
-0.019269116,-0.019801801
0.006006508,0.029231284
-0.0028363431,-0.03502302
-0.009996343,0.03711895
0.0040248837,0.008142071
-0.0041058306,-0.035477024
-0.011348825,0.014017792
0.00046017626,-0.02221592
-0.01045309,0.02921412
-0.0040880265,-0.021156834
0.0069526657,-0.0053522754
0.004269115,-0.018616889
0.006947237,0.023523591
0.0010151638,-0.03615415
0.0041911416,-0.030565476
0.005197472,0.013851772
0.0045000184,-0.07347519
0.0069474233,0.020247908
0.010169151,0.019675393
-0.0072797295,-0.075847074
0.0039052546,-0.008328538
3.4192577e-05,-0.015192949
0.0036883587,-0.031674985
-0.0037988678,0.016907716
-0.00019471586,-0.06643993
0.008182434,0.05969923
0.0031577814,4.3148375e-05
3.711754e-05,0.0039615543
0.0071673226,-0.06797463
0.009153036,-0.0003628084
-0.0015069579,0.037934013
0.00932808,-0.020838445
-0.001426076,0.06506934
-0.0022623674,0.042991538
0.0038953454,0.016741576
-0.0037590964,0.03457092
-0.00438119,0.030719543
-0.0028709653,-0.015254797
-0.007913805,0.034620706
-0.012126826,-0.038925573
-0.007964766,-0.035360802
-0.0023795227,-0.015245512
-0.009023143,-0.02039144
-0.009723459,-0.013483485
-0.012007315,-0.0113869235
-0.0021064812,0.009775532
-0.011853727,-0.02350841
0.0125181405,-0.007017453
-0.0058028754,0.008160766
0.0074034506,0.024716292
0.009141255,0.007722735
-0.0022943006,-0.004039091
0.00907672,-0.022177545
0.0079994295,0.002894764
0.005224094,-0.015544101
-0.00478545,0.0057070837
-0.0009851282,-0.022552485
0.0026359134,-0.066030495
0.0049128216,-0.04686207
0.0047082584,-0.017216768
0.0034795818,0.001329182
-0.00012801611,0.076099694
0.008178512,-0.00297877
0.0021588537,0.013236929
0.001058113,0.03018626
-0.0068219686,0.18087901
-0.015243266,-0.04958979
-0.0029788462,-0.10313072
0.003163009,0.040641323
0.007123828,0.09795888
-0.0074379635,-0.015921164
0.004933466,0.055356923
-0.0015929575,-0.11842649
0.006225167,-0.04597194
0.0073799677,-0.044574782
0.011954997,-0.017062021
0.0030241804,0.019170742
-0.008484539,-0.06118704
-0.008239161,0.022438819
-0.0035198773,-0.12789868
0.00030112616,-0.052322738
-0.0015269978,-0.02121587
-0.004113975,0.08040984
0.0030964862,0.013300758
0.0014309133,0.08252335
0.0075409627,0.084479265
-0.0067785904,0.015480832
0.0041568987,-0.00912309
0.008895102,-0.010279054
-0.00071692123,0.033096313
0.002042138,-0.0360873
-0.0015413353,-0.02312281
0.009112862,0.0030527161
0.00024362502,0.054204196
-0.011552621,0.04787453
-0.016957203,0.034497328
-0.0052841804,0.031224953
0.003675,0.03411644
-0.010001922,-0.04731463
0.0076581403,0.035225783
0.0028901966,0.042973477
0.00536018,-0.02419063
-0.0028119134,0.013830083
-0.007762371,-0.050637975
-0.0027369238,-0.030621564
-0.0025560043,0.049819596
0.0026666203,-0.037844002
0.018082894,-0.0022646103
0.023541538,0.013001252
0.0044228267,-0.02692297
-0.001020336,0.0485048
0.011460189,0.016802903
0.0011602519,-0.07742654
-0.0014501467,-0.0075218133
-0.004572963,0.034363523
-0.00024014292,-0.0057423236
-0.0068430314,-0.023162726
-0.013370851,0.0079532415
0.00080641825,0.0082947565
-0.0035207472,-0.038405206
0.003618598,-0.011896632
-0.011747602,-0.01898729
0.0020419662,-0.02442221
-0.011450632,0.003078042
0.0032539486,0.011230433
0.014286856,-0.017693345
-0.00024096202,0.026474925
0.020513043,-0.006178275
-0.0015521634,0.034708694
-0.0051778113,0.04620526
-0.0018839771,0.019371936
0.024294201,-0.046200916
0.013570216,-0.02524784
0.008996231,0.012791925
-0.017355194,0.014299926
-0.007627991,0.028166259
-0.0008957352,-0.09607651
0.012523361,0.0009067266
0.010712931,0.032918192
0.0064071985,0.010333574
0.0029913182,-0.013645977
0.0036032107,-0.009860196
0.011101002,-0.04006995
-0.0006739605,0.04606678
0.003175072,0.034913283
0.003119335,-0.010499385
0.0093153445,-0.032353263
-0.0010390044,-0.0052139414
0.00362674,-0.039424006
-0.0017466554,0.019151662
-0.005642475,-0.09553337
0.00043582832,-0.13310432
0.00521229,0.017812332
-0.013513107,-0.0649347
-0.016633397,-0.04278265
0.006427314,0.10221702
0.019239228,-0.017071152
-0.013335751,0.008327584
-0.019302962,0.05529217
0.0009987066,-0.016370757
0.0044587534,-0.03932128
0.005124627,0.029403603
-0.010549346,0.01008808
0.0007557606,-0.032735415
0.0065519647,-0.037286017
0.014696827,-0.023321833
0.0061879554,0.013427362
-0.011270255,-0.03118521
-0.0049478905,-0.03100435
0.0018055217,0.008342722
0.0013346167,0.008674797
-0.0034746295,-0.0026655307
0.0075095836,-0.05201864
0.021967076,0.06599325
0.0019464206,0.023279272
0.0063951924,-0.06034101
0.0019011006,0.0341158
0.011517247,-0.021466423
-0.006160491,0.037320856
-0.0026832393,0.0714574
0.022977475,0.0006873842
0.0019411573,0.15667737
0.003498428,0.03367576
0.0076224715,-0.00821165
-0.008771926,-0.005337252
-0.006197176,0.040892564
0.004117148,0.016190423
0.0032507575,-0.07131051
0.0039775264,-0.014507523
0.015353345,-0.0068500564
-0.0038548268,0.009760636
0.0059620747,-0.011155142
-0.0044772015,-0.07967157
0.0063904477,-0.043518372
-0.009178723,-0.20449641
0.0017007694,0.034441654
0.0064257216,0.0709492
-0.00057742995,0.029543132
0.0026563406,-0.05592067
0.015684549,0.068081886
-0.038105816,-0.10849122
-0.047268666,-0.09693996
-0.02382616,-0.059668604
0.025561772,0.12428987
-0.1065474,-0.44143477
0.040739294,0.14535998
0.04610622,0.2610393
0.01028955,-0.0924885
-0.004375835,0.05292756
-0.06298289,-0.30958295
0.0325455,0.010680024
0.027286768,0.072204344
0.008208469,-0.087742604
-0.00528616,0.0036004162
-0.016971808,-0.088002615
0.013864357,0.028343858
-0.013344476,0.016522529
0.030257095,-0.0010716391
0.003956453,0.004400697
0.007829369,-0.07806403
0.0016258146,-0.038046453
-0.008528233,0.009649083
-0.010646163,-0.044951007
0.0040715965,0.041328307
-0.012105129,0.01221193
-0.0051457575,0.052335203
0.0044002277,0.069293365
0.009983962,0.16549414
0.0057377173,-0.05294072
-0.0174794,-0.019057756
0.004937195,0.1018393
-0.0065739388,0.10779938
0.018521566,-0.019603983
0.020787459,-0.080155015
0.005877045,0.017252669
0.0040471884,-0.06347993
-0.013355357,0.009839472
0.0018577233,-0.014303094
-0.010976964,-0.04959948
-0.0007329288,0.012200222
-0.0007602988,0.10015834
0.009220848,-0.020757321
-0.0061052525,0.0008116065
0.00957815,0.04189064
0.013562603,0.034886498
-0.0028508164,-0.10747431
-0.012437757,0.060954157
-0.029509138,-0.059513282
-0.004808641,-0.052199572
0.0004453163,-0.04867994
-0.0021987767,-0.035465058
0.02836126,0.008307578
0.0025964943,0.012910341
0.02645957,0.06289027
-0.012797011,-0.025499744
0.017751407,0.05174821
-0.003052346,0.03159032
-0.0068065478,-0.14050823
0.0010936623,0.14622773
0.0027046844,0.11957858
-0.016905196,-0.19670457
-0.0029354955,0.011801496
0.023208693,0.002791147
0.0107005825,0.00080139475
-0.016005173,-0.0020836808
-0.008670876,-0.05181813
-0.00071680814,0.053126078
0.006305464,0.021570826
-0.016202092,0.11553098
-0.0064989394,0.01461431
-0.022770075,0.009566905
-0.017311756,-0.13724221
-0.010308549,-0.05771171
-0.004834854,-0.0011131048
-0.009342889,-0.012361701
0.002524082,-0.0232192
0.010330226,-0.026010545
-0.007316159,-0.04520024
-5.354965e-05,0.02508288
-0.0024570613,-0.03307807
-0.009088738,0.025473371
-0.011999069,0.015798211
0.00050533505,-0.022700496
-0.025025822,-0.030794958
-0.019916367,-0.02785671
-0.004191539,-0.0048926333
0.0024147932,-0.04966747
0.0032226262,0.06054079
0.0013902367,-0.04430495
0.0029799023,-0.0069667073
0.018386666,0.0028109518
0.01623336,0.015129904
-0.0028780932,-0.027136426
0.013989767,0.034591172
0.0036642514,0.041789927
0.001992102,-0.0031912911
-0.0040245615,-0.040129036
0.0026140464,0.009437502
-0.01404412,-0.014432002
-0.0069789346,-0.012316426
-0.003479132,0.0058015594
0.0006004324,0.012428989
-0.00047256984,-0.018066268
-0.0008372823,0.010784785
-0.0014603074,0.028098922
-0.0045360937,-0.038984902
0.0010793206,0.0049989247
-0.0059881145,0.00015715577
-0.0073910663,-0.013662862
-0.00012681953,0.018542867
0.0023245744,-0.029688017
-0.009261213,-0.004382839
0.0037129493,-0.023047164
0.02186804,0.116277896
0.0019767145,0.0057543404
-0.010030439,0.15175486
-0.0016469341,0.036601193
0.0027104637,-0.0023460288
0.015458723,0.026397642
-0.002165246,0.018084006
0.0011661724,0.028453216
-0.004795432,-0.037944194
0.003724868,-0.20647971
0.004253515,-0.06301137
0.000779825,0.073538154
0.0077525,-0.009471026
0.01718062,0.09662392
-0.008615579,-0.028490165
-0.0075665936,-0.041609563
-0.010629429,-0.051467855
-0.008285913,-0.005817255
0.01756081,-0.039100792
-0.0070962873,-0.0008452838
-0.009933233,0.20963058
0.002456964,0.09551615
0.0007077358,-0.31314382
-0.015929408,0.0744894
0.0134299975,-0.2534714
-0.017277442,0.12935738
0.0027799981,-0.07136803
-0.0028793882,0.008514056
0.02744434,0.031149007
-0.0028903498,-0.031834256
0.0029003206,-0.05619355
0.013945262,-0.088773556
-0.0011230954,-0.20149155
-0.00019774365,-0.0263554
0.010133472,-0.083737016
-0.0025599608,-0.004516838
0.004668394,0.037339527
0.014149984,0.013621235
0.0059676208,-0.012418601
0.0075334692,0.03325085
0.005491279,0.04558937
0.0023411969,-0.0013842571
-0.014987684,0.015691563
0.010074357,0.10080055
0.0023339519,-0.009539679
0.0033852342,-0.05596403
0.010380797,-0.21788135
-0.0066609,-0.054782536
-0.0037173831,0.0097532375
-0.0018900218,0.09583498
-0.004104141,-0.047586046
0.0015169065,0.042171404
0.0010851275,0.0056064087
-0.013414055,-0.045517262
-0.018833399,0.04789722
0.014009365,0.0048729344
-0.009395933,-0.08335336
-0.009499649,-0.03876566
-0.0034510228,0.033422578
0.0037039015,0.0048327083
0.009469257,-0.04570036
-0.041094773,-0.029677063
-0.0033635786,-0.10202912
0.0057331426,-0.009639501
0.010706054,-0.00315022
0.0039378703,0.010440556
-0.020925187,-0.04032042
0.011491969,-0.01540751
0.01160087,-0.005130604
-0.009876899,0.022698812
-0.004446361,-0.0312823
-0.01966171,-0.060701944
0.018258117,0.041599244
0.019756207,0.035633653
-0.0019767333,-0.05405841
0.010910953,-0.0016810212
0.010561334,-0.042570278
0.0011822226,0.13479507
0.017156716,0.04479164
-0.009714331,0.05445343
0.005342356,-0.037235457
0.0015439445,0.002794879
-0.0015534849,-0.09060785
-0.023204619,-0.010943824
0.0025704466,0.05939371
-0.0055373404,-0.018215612
-0.00028426677,0.049655773
0.0077353343,0.031385563
0.001375899,0.020406494
0.009493042,-0.011754575
-0.012084487,-0.020749785
0.004330848,-0.010401172
0.00137278,0.023395877
0.014106484,-0.02543587
-0.01315109,-0.023373468
0.0069062407,-0.036783576
0.002758612,0.044479713
-0.0019086811,-0.0318685
-0.005395133,0.009947503
0.009478021,-0.020756496
0.0040281466,0.022327632
0.00246976,0.008077813
0.00082202756,0.022848923
0.0008529718,-0.045097258
-0.019594865,0.071607694
-0.00634507,0.13738608
-0.0046730586,0.0028721509
-0.0050758477,-0.042616013
-0.0006284048,0.084985636
0.011584477,0.1325943
0.014694564,0.021705544
0.001760664,0.060304597
-0.0028890804,-0.048236568
-0.00088480074,-0.104366384
0.002226725,0.024298087
0.0006560427,0.024146136
-0.018724233,0.02154831
-0.002939721,0.050119482
-0.010903362,-0.109571785
-0.017331865,-0.019091034
0.0135527365,0.016861247
-0.011933713,-0.06926752
0.0027867684,0.10681325
-0.012109358,-0.030721603
-0.0051967036,-0.03274722
-0.0023302909,0.058407046
-0.0047204113,-0.0070637628
0.0051075146,-0.0038076483
0.005318957,-0.085542135
-0.0077812886,0.007891475
-0.008605145,0.029235227
0.002275718,-0.094840646
-0.012972553,-0.0009764893
0.013275122,0.028867692
-2.3215543e-06,-0.044401404
-0.005281412,-0.020181673
-0.0019794484,0.12081423
0.009050166,0.030649804
-0.0068073245,-0.038837764
-0.0029500658,-0.037875902
0.015725574,0.015725093
-0.024036292,-0.00975089
0.01415886,0.018645648
-0.00353969,-0.06537742
-0.014402053,0.071461916
0.014448684,0.013367983
-0.008875255,-0.011675263
0.0019523336,-0.04858286
-0.018516336,-0.06471517
0.002549611,-0.016236648
-0.00012284378,-0.02867855
-0.0042387997,0.104696274
0.012330083,0.02940825
0.00924753,0.004928298
0.0011191845,-0.017381962
0.0020773634,-0.015419197
0.007589813,-0.049161855
0.00988275,-0.012466313
0.007257425,0.073773615
0.0053512882,0.06812228
-0.0021560076,-0.043528046
-0.002868611,-0.00753469
-0.011728719,-0.017914692
-0.004257963,-0.031453833
-0.011357346,-2.464806e-05
0.015151424,0.012944963
-0.006659941,-0.010791215
-0.013093177,-0.03803943
0.001823935,0.021340318
0.009682879,-0.0025821538
0.00609386,-0.012740713
0.004861132,-0.003723679
-0.005596963,-0.023306666
0.008274518,0.04833429
-0.018744558,-0.048194144
-0.013806639,-0.012138739
-0.004088255,-0.059369937
-0.011194233,-0.09694266
-0.006542436,0.06696725
0.02170191,0.03955492
-0.006767112,-0.051935196
-0.019869197,-0.014203651
0.01974757,0.06897076
0.0011695154,0.005921207
-0.0024333487,-0.013280981
0.002855216,0.024885856
0.011444272,0.020763826
0.0059301034,0.019677697
0.006382604,-0.041155193
-0.0055741733,0.04359869
-0.004306328,-0.013778556
-0.0014781023,-0.08810005
0.015786253,0.006874393
0.0023889716,0.031786125
0.010989552,-0.04145076
-0.010325297,-0.068931684
-0.0062281983,-0.05270756
-0.003555647,0.017918345
0.011996593,-0.01649822
0.006361164,0.04341457
0.0005356055,-0.04028485
-0.015572561,-0.015901696
0.0073916777,0.04260952
-0.0023571441,-0.055166315
-0.004197526,0.022332342
-0.000696721,0.051566493
0.0035853423,-8.17487e-05
0.0007681765,-0.025656063
0.002304174,0.025997898
-0.005717578,-0.045291808
-0.0021504224,-0.054970734
0.0048402315,0.062349655
5.1741896e-05,0.026226928
-0.0026288307,-0.0063802046
0.0012670809,0.062886365
0.014027592,0.026342034
-0.024032023,-0.096785
-0.020455118,0.017314412
0.0065812417,0.024028376
-0.0010810236,0.02855363
-0.018374994,0.122263975
0.019878915,0.08602097
0.0001362199,-0.07650859
-0.021063924,-0.0349223
-0.0004997232,0.0324234
0.005773298,-0.043067887
-0.020974025,-0.03904807
0.0063510044,-0.015944216
0.005154066,0.0739176
0.0148640275,-0.0041764616
-0.0031479546,-0.011577292
0.0094333775,0.063236475
0.0052728364,0.006210895
0.004872865,0.037113868
-0.0061883084,-0.03931822
-0.008233607,0.0760177
0.017407894,0.022920905
0.009765734,-0.026521422
0.008154908,0.018780414
0.0071747475,0.0074088415
0.0071830843,0.0065202313
0.00830823,0.022903157
0.0036267778,-0.070201404
0.0111943055,0.038296662
0.0032468461,0.018278044
-0.009407954,0.029984282
-0.0020846815,0.037843313
0.0005061411,0.04816149
-0.010718399,0.011059311
0.007222838,0.033780288
0.0024956805,0.016106071
-0.0076408684,-0.016608864
0.00079151924,0.02247815
0.0007902263,-0.013012256
0.0026379023,0.0145619195
0.0031566143,-0.0010708327
0.010580818,0.03329522
-0.008181576,-0.034326933
0.0012752853,0.033472434
0.008458893,0.011740859
0.000848213,0.0075352374
0.002366609,-0.027059944
0.012762371,0.07419002
-0.0023649062,-0.012609193
0.0020767048,0.012034265
0.0057505965,0.026849916
-0.0005410326,0.07629606
0.0065939934,0.071914814
-0.0013138062,-0.012119437
0.0010158492,0.050714314
0.003784097,0.020667128
0.00026484046,0.017146314
0.0032947254,0.0019674832
-0.0022557382,-0.023526356
0.0061536194,-0.025454946
-0.016290428,-0.015814876
-0.0015728864,-0.010141956
-0.0019296873,0.050809257
-0.0043809274,-0.014230214
-0.012167698,-0.015109031
0.0070355916,-0.019760361
-0.002335914,-0.014575359
0.0068334388,0.026354862
0.01657755,0.01311644
-0.0034126395,0.036588337
0.0131189525,0.029730698
0.0013938306,-0.018558616
-0.0036481498,-0.043063298
0.0042922897,-0.018972298
-0.008095916,-0.01274532
-0.0025490485,0.037074674
0.006756557,-0.010971756
-0.0006992575,-0.0071417377
-0.0019068866,0.0048605474
0.01497187,0.0011936948
-0.004834481,-0.061100837
0.0013781398,0.022625232
0.011722421,0.016581982
0.0013575539,-0.008845886
-0.0012963521,0.012770603
0.0061380966,0.009835519
0.00017206906,-0.025422988
0.0048945006,-0.03832439
0.0012672737,-0.005481578
-0.01102943,-0.06726444
-0.013699613,0.011529716
0.003972452,-0.029069915
-0.0021483141,0.0027324979
0.012082057,-0.0039191796
-0.008167002,0.004353932
0.011325072,0.014555216
0.0036812576,0.008673346
0.008973311,0.040111132
0.007458265,0.063597694
0.0020371464,-0.0011046726
0.0050529074,-0.0078681195
-0.0038796426,0.010227848
-0.00043693703,0.017293997
-0.010137038,0.055387884
-0.011904726,-0.04220559
-0.008684907,0.025262596
0.008970995,0.004447151
-0.009582824,-0.002649905
0.0022468166,0.04630542
0.012051832,-0.04758519
-0.004089591,0.016877782
0.0028865393,-0.089305915
0.00023119897,0.047319993
0.009025399,-0.08085852
0.0039846743,-0.026188249
0.007494049,-0.009006498
-0.0018501059,0.0164611
0.005245975,0.025511395
0.005085322,0.11324795
-0.004801488,0.08123717
0.00599935,-0.014009273
-0.0060308124,-0.012641494
-0.01816863,-0.050767552
-0.010174176,-0.044726517
-0.00088295015,0.072546475
0.007958021,0.15958874
0.0064633363,0.0021488091
0.0028011599,0.25293496
0.010543518,0.1072217
-0.0052675107,-0.087269716
0.0022398569,-0.10620299
-0.009126633,0.06510989
-0.01049828,0.01615179
0.011089136,0.16147678
-0.0061379448,-0.011916743
-0.015505463,0.0049238196
0.005157372,-0.0058980607
0.0072785504,-0.047765277
-0.010538132,-0.0012228893
0.00519501,-0.2326744
-0.011538165,0.025376536
0.022265323,-0.022947244
-0.0015724499,0.021951174
0.012229204,0.007702398
0.010851267,-0.082350135
0.00085219194,-0.009071416
0.008636329,0.020694647
0.0020393312,0.019566664
0.012486128,-0.02231265
-0.0066479794,0.045542188
-0.004279635,0.0116474265
-0.0056300927,-0.017740758
0.0070658103,-0.010336074
0.0022048557,-0.016755655
0.005620967,-0.08099507
0.0020009477,0.010315362
0.0071693812,-0.014951726
0.005520003,0.010779975
0.005694487,0.05844871
0.008708095,0.008384285
-0.0039465907,0.06915765
0.008965708,-0.0106431395
0.004592689,0.016970087
0.0057561477,-0.020601634
-0.008114276,0.018865896
-0.00027333025,-0.013143317
0.0029634766,0.02928855
-0.00549617,0.053321317
0.0038910338,-0.11059574
0.00020635955,0.026109397
-0.00053440244,-0.046663884
-0.006801587,-0.006282506
0.016474236,-0.004428419
0.001754462,-0.04809503
-0.010821199,-0.00042400387
-0.0020101494,0.037171416
0.008429964,-0.0050231717
-0.0025488865,0.010360282
0.0071454803,-0.0013110291
0.0067804297,-0.041601118
-0.016084407,-0.01634068
-0.009125361,-0.016244331
-0.004052686,-0.0002462645
0.0015509118,0.010491811
0.0035510275,-0.0038843811
-0.005326876,0.023490379
0.003049089,0.031213257
0.005956021,-0.015315662
0.0069261687,0.035795975
0.0071513467,-0.014414836
-0.0057767117,-0.03649013
-0.0048018964,0.077795826
0.0049900813,-0.15366997
0.011166927,-0.031747203
0.023272473,0.044803403
0.002346572,-0.013002357
0.0043111136,0.041287962
0.0024483271,-0.032992426
-0.007506169,-0.016888695
0.0020281512,-0.002819644
-0.0027172377,0.015632097
-0.004642872,0.012290304
0.0057848804,0.040407807
-0.002235015,-0.110304125
0.0058320146,-0.014430611
-0.0010813116,-0.018113429
-0.004550493,-0.055666406
0.000395159,0.01235847
-0.0009976425,0.057075035
0.012439188,0.020489212
-0.011204204,-0.053150382
-0.014695849,-0.012006446
0.0058767223,0.0022490027
0.009487512,0.059996955
0.0040067136,0.011174386
0.006327736,0.04057742
0.0041080783,0.10933345
-0.0014627844,0.035926733
-0.0003111583,-0.007376042
0.00014453498,-0.0002589277
-0.0002543896,-0.06432058
0.003946824,-0.0044326764
-0.0049662413,-0.021148391
0.0060607847,0.0745933
0.0011748192,0.06843689
-0.0021728147,-0.049386915
-0.0027902713,-0.005260791
-0.0026880638,0.035951428
-0.0028642633,0.025666462
0.0076699797,-0.060736995
0.0043179295,-0.023076842
-0.004141202,-0.06161834
-0.00036483625,0.00781352
-0.007445384,-0.03508193
-0.019385256,-0.10084007
-0.004229308,0.12760985
0.016695011,0.022692956
-0.006630309,-0.06313278
0.0062987027,-0.035003807
0.011398223,0.043561038
0.019931333,0.026801229
0.0114430105,-0.041970193
-0.0071554333,-0.022519715
-0.0085942615,-0.01891958
0.0017684188,-0.0013420024
0.020276971,0.07541844
0.0035459858,-0.0390619
-0.0031648697,-0.06072887
0.011700571,0.039050974
-0.012183827,-0.0675111
-0.0011621026,0.044100523
0.006141504,0.0010188665
0.0066535147,0.021527749
-0.0055161035,0.00063438923
-0.0049127107,0.03238029
0.008852253,0.047384184
0.004410935,-0.05144812
-0.0032502948,0.041483518
0.0020303093,-0.0034738684
0.001075653,0.10349221
0.012933912,0.0665284
-0.0132566355,0.013715075
-0.01670403,-0.016927933
0.003368659,0.04509624
0.0062743574,0.0034500582
0.004568736,-0.018380841
-0.013183436,-0.024624106
-0.009389462,-0.0071734306
0.02094679,-0.0061705126
-0.0049740486,0.02983569
0.014199623,0.018303491
0.0058404496,0.002908684
0.007861925,0.021664718
0.005118247,0.010933059
0.00043753383,0.026544511
0.0012660209,0.014435508
0.010372528,0.053539954
0.004071207,-0.0047098766
-0.008090267,0.07432913
0.0010182182,0.06736042
0.0020092253,-0.011799743
-0.01054177,-0.052534707
-0.015174894,-0.057260048
-0.007742691,0.037392568
-0.00092237873,-0.08819299
0.0037881276,0.10046557
-0.010067934,-0.12803657
-0.0035316753,0.05120035
0.010548531,-0.0039705485
0.008409548,0.04586384
0.0037611877,0.024836188
0.016202025,0.052562095
-0.0022504171,0.0969793
0.013082684,-0.06954207
0.00612007,0.045679297
0.00063209224,-0.057180278
-0.013464226,-0.011557068
-0.011654994,-0.059329387
0.0030565844,-0.0097069675
0.002934659,0.013087085
0.011325093,0.060700793
0.0011580043,0.0028471139
0.0010303328,0.07665946
-0.0054958262,-0.01838371
0.0013539521,-0.029268717
-0.004805408,0.057161137
0.00014684408,0.028080562
0.0009649199,-7.80102e-05
0.0027776163,0.15766473
-0.011243244,0.06070251
-0.0035433532,0.018822214
0.009254525,-0.018042618
0.009806399,0.0017872255
0.010752832,-0.03092355
0.004292574,0.02021822
-0.017995995,-0.00808432
-0.014687611,-0.013097707
-0.004250017,-0.07254513
-0.000669613,-0.04143014
0.0027109976,0.0026933444
-0.013961153,-0.10769863
0.013593635,0.015765512
0.013083346,0.0011057116
0.0037449312,-0.02834773
-0.005715414,0.005493067
-0.00037300924,-0.01779455
0.0074106073,0.005913819
0.0046466757,-0.041043658
0.01364881,-0.1035426
-0.0052691363,-0.00021883227
-0.005886388,-0.05387059
0.005612367,0.051465113
-0.015625589,-0.027247727
-0.0065431595,0.11183324
0.0002158639,-0.07355891
-0.002785784,-0.114477985
0.0014046185,0.036735933
0.002978383,-0.08767416
0.007725764,-0.018732911
-0.00029391336,-0.072027124
-0.009577546,-0.040559098
-0.0047926065,0.007874695
0.010551963,0.092484206
0.005185092,0.05442228
-0.0023216158,0.020408314
0.011853827,0.039965335
0.0019415854,-0.035190605
-0.00030292588,0.066860795
0.010502614,0.041062217
0.0017710157,0.10051151
6.259885e-05,0.03560526
-0.0004058811,0.021730062
0.0050055105,-0.0009587881
0.009054054,0.005636607
-0.0074774437,0.07076993
0.00089904596,-0.015209008
0.0014218681,0.1153422
0.008132948,0.08128316
0.0016268604,-0.17160434
-0.0021776697,0.02764185
0.004266254,-0.017111296
-0.002487106,0.036551926
0.007344218,-0.019381633
0.0044346717,-0.026158275
-0.0023790929,0.049829945
0.0057965685,-0.019007085
0.00023441139,-0.014756703
-0.008191101,-0.002206306
-0.011559023,0.0309876
-0.0008742978,-0.04969339
-0.0067896927,0.019311927
0.00834898,-0.032755878
-1.8487684e-05,-0.16327514
-0.0065112617,-0.017772907
-0.0065875957,-0.07742831
0.0040927636,-0.0026573557
0.015050372,0.02999454
0.010173052,0.013562016
0.0043520024,-0.01132587
-0.0014510566,0.076176256
0.0074974922,-0.046607852
0.0028303885,0.02212667
0.004290511,-0.005178476
0.0013121403,0.021577759
0.0040718894,-0.023590378
0.0038897432,0.025980005
0.008425593,-0.043468352
0.002383588,-0.09116463
-0.008281862,-0.07692564
-0.0066599054,-0.027655827
-0.009154196,-0.0020912217
-0.00013725832,-0.022381727
0.008222036,0.009199471
-0.0023940916,-0.04543471
0.011656435,0.026184056
0.0121012,0.002137746
-0.005123546,-0.045788106
-0.0048510777,-0.025012262
-0.0063203564,0.023135588
0.004176141,-0.009161857
0.0041149845,-0.034439255
-0.004020042,0.022255575
0.0057584047,0.10587471
0.006937979,0.11247024
0.00035950055,-0.040253025
-0.0031786305,0.079618685
0.007421946,-0.067093275
-0.0075891125,-0.035145655
-0.016254943,0.045991037
-0.004740172,-0.026531143
0.0010267289,-0.043344717
-0.016059473,0.0071558086
-0.0021230201,-0.021837104
0.008906474,-0.11148633
-0.0065621575,-0.105507195
-0.0006822718,-0.12929998
-0.0020943638,0.07616747
0.010477023,-0.05904695
0.0047994163,-0.035701845
0.0058099,0.13872838
-0.00069030956,-0.03626318
0.008137338,0.059252765
-0.00067210494,-0.05940914
-0.010134617,-0.012718729
-0.0096615525,0.5495133
0.002018136,0.039846487
0.004416572,0.045780655
0.0063974224,-0.074912995
0.0043557948,-0.10022445
-0.003214024,0.003606625
0.0063443505,0.062254593
0.00022394303,-0.058948822
0.00798331,0.20220862
-0.0069872746,0.055824574
0.007128398,0.06630586
0.018279081,-0.01763026
-0.001132217,-0.094574325
0.017376535,0.058563124
-0.006551231,0.07940966
0.0074372864,-0.08665828
0.0044166627,0.2167711
-0.004211867,-0.009834975
-0.0038515818,-0.010540893
-0.006786594,0.065681376
-0.00846223,-0.06693307
-0.005581819,-0.033405177
0.003646878,0.08002366
-0.0027543856,0.16412835
-0.0070186523,-0.06775912
0.005744483,0.08959475
0.0067382324,0.16569895
0.0013846763,-0.063445576
0.013510098,-0.025727836
0.0059432024,-0.06302625
0.009298073,-0.05610896
0.0058299853,-0.037007995
-0.0041309074,-0.102402166
-0.0067881374,-0.077851094
-0.010737004,0.025259225
-0.005466832,-0.009045968
-0.015077403,0.07257238
0.0038896173,0.046646412
-0.0014401735,0.035583943
-0.0015150594,-0.076512285
0.029030401,0.088622436
-0.0060099806,-0.05207252
0.012461448,-0.0056128516
0.010080247,-0.012983852
0.00031068275,0.032805223
0.007047875,0.09243017
0.009819757,-0.020904101
0.0074302196,-0.10602729
-0.004164109,-0.04284568
-0.00876494,-0.0795091
-0.0061420426,0.014100597
-0.008242086,0.03467719
0.0016557847,-0.014931938
0.0060901595,-0.014473812
0.012249559,-0.013706031
-0.009469414,0.035375964
-0.0025333054,-0.074979424
0.0015047146,0.019756129
0.0070249205,0.01830253
0.00011532192,0.029603073
0.0068158247,0.034989316
0.0019376478,-0.055171266
0.0050267433,0.050797984
0.000772926,0.0070071025
0.0009768878,-0.0032302956
-0.002619721,-0.14544187
0.0021317566,-0.031339344
0.00850171,0.0066210506
0.011551311,0.05612412
0.002980019,0.04149682
0.002438656,-0.012475747
-0.0034380495,-0.106582314
-0.009132087,-0.09342406
-0.020064816,0.02233757
-0.0077965176,0.025824036
-0.009916371,-0.0065791626
0.0050716996,0.024518868
0.0041300724,0.04470657
-0.002137728,-0.025833301
0.006522264,0.008321676
-0.0023797778,0.13777049
0.009314895,0.04802397
0.008569187,-0.065924436
0.0063179405,0.027869362
-0.00013068912,0.087788135
-0.010149103,0.012843178
-0.005342582,0.02517547
-0.0077183032,0.071212366
-0.010879865,0.00010417893
0.0047766045,0.08000842
-0.002976966,0.025312074
-0.008045909,0.1053667
-0.0043798815,0.07248723
0.0029679742,-0.13157885
0.019551363,-0.062400926
0.025360089,-0.0149689885
0.0043783626,0.051701188
0.005617244,-0.10908744
-8.267467e-06,0.089144334
-0.00040845908,-0.0029996766
0.00046573818,0.025505042
0.0029905776,0.0006024367
-0.0093374085,0.07145805
0.0025565438,0.036470816
0.003701848,-0.03560859
0.0023819162,0.039175812
-0.008847978,-0.016637627
0.0005025136,0.018251173
0.0035290709,-0.04055472
0.0067282245,0.17052247
-0.0014962762,-0.0077863433
0.0032351739,-0.01400559
0.0036247624,0.015289174
-0.00021922683,0.028008994
-0.0069909394,0.046724126
0.0011432215,0.018954935
0.001670712,0.063332595
-0.009623088,0.066712275
-1.2644043e-05,0.19706091
-0.019471295,0.12805355
-0.00888693,0.042844128
0.010792801,0.0027149427
0.0014158135,-0.0029126233
0.013903489,-0.06428198
0.00066663837,0.029357996
-0.0067361034,0.057331014
-0.0013767243,0.003276192
0.0063304673,-0.016668133
0.00963004,-0.1184948
0.0024985399,0.029890014
0.00055550097,-0.0091232415
-0.00075941556,0.06949964
0.001035861,-0.08733024
0.0060575465,-0.063581
0.002970364,0.036222886
-0.006237075,0.0013226296
-0.0038266638,0.04961883
-0.010864441,-0.011936091
-0.0011876493,0.07918954
-0.025956929,-0.014071398
0.013215482,-0.07511235
0.011792532,0.12794727
-0.022554826,0.07441338
-0.0046993783,0.009999254
0.01155379,-0.031519383
-0.0017062537,-0.015167572
0.007351826,0.04925697
-0.00904627,0.040075935
-0.00014438666,-0.039421804
0.01618929,-0.04680325
0.014347853,0.015567151
0.00046952977,-0.025420649
0.011807578,0.0077189603
-0.00061655324,0.035152264
-0.011980966,0.082239695
-0.015218932,0.015001867
0.0083893975,-0.038538918
-0.0077465093,0.046604704
-0.0048718406,0.05906936
-0.009058077,0.000464932
-0.008735327,-0.06392618
0.005930301,0.008383245
-0.0005763465,0.030685224
0.0043619117,-0.01660717
0.015229633,-0.08331138
-0.013851229,0.03563189
-0.02471981,0.026577253
-0.006751035,-0.003343335
-0.003470966,0.045752525
-0.014954664,0.07299548
-0.0016404844,-0.0050581014
-0.0011646035,0.07069693
-0.013313025,0.037791412
0.0060462244,-0.08317344
0.016337754,0.11048429
-0.022220815,0.09792565
0.01134874,-0.10161358
0.011122647,0.016035816
-0.008751074,-0.014984664
0.008575478,-0.12401521
0.008295074,-0.011254968
0.0002813181,0.006647395
-0.014193086,0.03395396
-0.011669907,0.01764739
-0.011064989,0.0016969111
0.0023190612,-0.07744362
0.011691288,-0.035726573
0.013535025,-0.032502078
0.0064595276,-0.05890979
0.007925516,0.028347958
-0.005261046,0.007105656
-0.012889551,0.065680854
-0.0095276795,-0.09444975
0.009167281,-0.029083421
0.011753981,0.0855511
0.0036604917,0.13078803
-0.0021562455,-0.03118101
0.0076511195,-0.05541645
0.003840318,-0.029973762
0.0030053766,0.040164832
0.0021842604,-0.013185086
0.0053476933,-0.0071684965
-0.0074697975,0.17175402
-0.005418555,0.07117216
0.0005931809,0.050472554
-0.0003455581,0.027922006
-0.005540821,-0.019182896
0.0036444915,0.0830591
-0.0015413552,0.010131143
0.0061551807,-0.0567795
0.0133018335,0.1200613
-0.003530438,0.020044263
-0.0087117795,-0.017139748
0.005732184,0.025117557
-0.006396176,-0.13891129
0.0010605619,0.03798371
-0.017890539,0.0059255403
0.0041369023,0.06717922
0.0010929898,0.031671263
0.008713761,-0.04740385
-0.0016468354,-0.063860774
0.0057025957,-0.0447639
0.0049714176,0.013956301
0.011108735,-0.07476041
0.007617834,-0.07958924
0.0022843962,0.06279287
0.0027765583,0.027331455
0.0036850432,-0.089319274
0.01216477,-0.017063227
0.0005342571,0.110210635
-0.0017741965,0.029828051
-0.00048811367,-0.18381612
0.012942318,-0.023101266
-0.00018947902,-0.01776571
-0.021185284,0.060297567
-0.013033209,0.12651922
-0.027277175,0.0688172
0.0072879,-0.07098083
0.018165044,-0.06714097
-0.00090906606,-0.039551213
-0.0028908253,0.038543016
-0.01168762,0.049012307
-0.0033415202,-0.049744334
0.0043666554,-0.046938036
0.010507457,-0.036978263
0.008129769,0.0043324404
0.011822047,-0.13009566
0.0046353983,-0.048850056
-0.0041864407,0.12262295
-0.008429008,-0.12771997
0.0111268265,-0.061117217
0.0026240442,0.030702883
-0.011160265,0.1457089
-0.0076441388,-0.010829334
0.004928267,0.057945002
0.005613744,-0.001655037
0.0016754898,-0.067519635
-0.0025788061,-0.06928506
0.006559902,0.06791448
-0.009034973,0.036129247
0.0032325308,0.008141256
0.0039235074,0.021487324
0.010386525,0.029968064
-0.008501973,-0.015998408
0.008201113,-0.037783723
-0.0024957769,-0.023484753
0.009864164,-0.04311258
-0.0035223358,0.026446318
-0.0029339031,0.078240976
0.0012171572,-0.07455497
0.011898968,-0.0658129
0.002850396,0.07913945
0.0020345673,-0.003960912
0.008842577,-0.020606091
-0.001192236,-0.037294786
0.00087134907,0.012151483
0.0010813376,0.03583259
-0.00395656,0.0447266
-0.009190241,-0.021992825
-0.0043212906,-0.0618979
0.0017886695,0.019732451
0.005431222,0.0053340676
0.008254989,0.07510717
-0.010617233,-0.08024656
0.01699349,-0.013065497
-0.0083651235,0.017713265
0.005651177,0.08284702
-0.013578943,-0.0089450395
0.0008036661,0.024728552
-0.02193476,0.12693837
-0.0050531384,-0.030760422
0.007185261,0.014671852
-0.005458135,0.032448787
-0.0051325033,0.007415662
0.010980483,-0.04028429
0.015425013,-0.052122287
-0.005317875,0.026513444
-0.0035894178,-0.023104288
0.010441946,0.010798024
-0.009799526,0.015634466
-0.018069435,0.051865257
-0.013664956,0.07439808
0.003704776,0.010460119
0.0022073495,-0.053632725
0.010568899,0.04216807
0.00037034845,-0.009876915
-0.008523942,0.014812813
-0.006162302,0.025478488
-0.015134828,0.063912354
-0.004597041,0.1255491
-0.014572178,-0.01785609
0.018236315,-0.058144696
0.0033670913,-0.060321793
0.003631435,0.12136736
-0.01985074,0.032380745
0.009211177,-0.07942199
0.01270199,0.012484314
-0.0034184798,0.008587795
0.0049145753,0.020601295
0.005658635,-0.050137114
0.008443517,-0.03614197
-0.002552721,0.044432007
-0.010087813,0.03211252
-0.007764347,-0.018067341
-0.006636411,0.1482394
-0.02609206,0.05321043
0.0031231588,-0.04735041
0.0015910895,-0.011729909
-0.0019386627,0.039342165
-0.010315634,0.0024679452
-0.007359074,0.2688793
-0.033035412,-0.056798577
0.03444056,-0.11407499
-0.0047487714,0.08218893
-0.023292808,0.08860128
-0.003916138,0.05591423
-0.0019086502,-0.1036721
0.025071478,0.015033707
-0.016827842,0.014534097
0.010430005,0.012976059
-0.009905299,-0.014196742
0.0020430067,0.062625326
0.0016554336,-0.07179415
0.019869674,-0.034527626
0.0036762836,-0.0030424753
0.008087015,-0.055081375
0.00628519,-0.06469908
0.02594135,-0.15463892
-0.005201182,0.016074188
0.012761788,0.048833814
-0.011920585,0.027435394
0.008080015,-0.06378311
0.0006759239,-0.0010942123
0.009023932,0.10695294
-0.02331381,-0.02959003
0.023663323,-0.01932192
-0.020644786,0.04400823
0.009399792,-0.008916332
-0.0017067115,-0.0029859645
-0.002126622,0.04271748
0.0041264235,0.078785576
-0.017817901,0.06236523
0.001259554,0.083384275
0.0057269214,-0.020527268
0.0036881883,0.046334665
0.0037175764,-0.22022131
0.003075248,-0.2169228
0.02205822,-0.057077173
-0.009636014,0.042220037
0.0050257845,0.014925795
-0.0026211955,-0.047474198
0.017353382,-0.09805657
0.013522446,-0.032385156
-0.007065798,0.010616743
-0.0039029147,-0.010582515
-0.00093757117,0.24107027
-0.023323517,0.08466654
0.013191448,-0.17582169
0.01763837,-0.099730104
-0.00078128674,-0.045172326
0.012514396,0.04427361
-0.007998306,-0.08341163
-0.007024764,0.033991285
-0.006950762,0.0182477
0.008773036,-0.1026542
0.0037387784,0.0119290855
-0.013360483,0.09849529
-0.019502178,0.05916154
-0.0024865593,0.05185235
0.0032788948,0.08276241
0.0007879933,-0.02752351
0.0132824015,-0.006722495
0.0040799654,-0.05934564
0.0015599097,-0.012329993
0.0029723556,0.01797014
-0.00814141,-0.052825708
0.011471911,0.0003916798
-0.0056751915,-0.028252786
0.004314461,-0.034398414
0.0073136454,-0.0050671306
0.002927504,0.0103452485
0.010687074,-0.06914257
-0.01204357,0.05898483
-0.005927986,0.0141506065
0.004415532,-0.01969409
0.0015275988,-0.12101707
0.021958914,-0.19195975
0.010658014,-0.01621414
0.0109122805,-0.0374009
0.00904406,-0.050737698
-0.0079708425,0.05626356
-0.010436427,0.020746272
-0.0036325403,-0.07346375
0.0015452616,-0.003417283
0.0022516693,-0.19208963
0.018320542,-0.004706532
-0.007359048,-0.25031602
0.013497994,-0.07796717
-0.0022931409,-0.0651763
0.010547183,-0.04924836
0.007873177,0.04382578
-0.0065924535,-0.08750773
0.015777603,-0.038137708
-0.0027037603,-0.032725725
0.005498921,0.003545163
-0.0040616128,0.045743715
0.011710387,-0.06830064
0.00086138514,0.028753832
0.012830483,0.041089267
-0.012841438,0.06668212
0.002101291,-0.012678407
0.012769164,0.08286983
0.0007593179,-0.03183959
0.010382925,-0.035998814
0.0061473907,-0.029453063
0.0016424144,-0.011644796
-0.0035742358,-0.087768145
0.0046089557,0.00023532397
-0.0013352993,-0.090602875
0.0072218413,0.034752354
-0.013528304,0.0048934147
0.0027991068,0.015241563
0.00023583323,-0.0006156753
0.0113086505,-0.09784258
-0.00037508982,-0.2066686
0.014201952,0.08143085
-0.00073144346,-0.0023086464
0.0047476287,-0.08043651
0.006754107,-0.005061487
-0.0027447073,0.07444715
0.013306458,-0.0037216851
-0.0060878806,-0.0029403982
0.0062827975,-0.07893906
-0.006343474,-0.026498942
0.0069014803,-0.012886959
-0.006887147,0.047334876
0.0023985142,0.010023948
-0.0023178505,-0.01167903
0.0020165555,-0.0047748927
-0.0069037694,0.023548098
-0.0032502657,-0.16875067
0.0064934236,0.04478919
-0.0006565248,-0.017047048
0.004084969,-0.13277018
0.011555907,-0.09460005
-0.008122867,-0.063923255
0.00011632108,-0.096529774
-0.00027727947,0.11733202
-0.00833072,0.009744293
-0.016183201,-0.027624426
-0.007693516,0.07230063
-0.0038120714,-0.0045417924
0.0076583857,-0.04787946
0.0029164723,0.04131978
-0.0027223919,0.019565104
-0.002922821,0.019735904
0.013776602,-0.037436277
0.0064173546,-0.0405202
-0.0006223988,0.050376244
-0.0037438343,-0.07821518
0.001729237,0.03406778
-0.012285828,-0.022802755
0.002919339,0.035230998
-0.012373071,-0.03006318
0.0037064564,-0.01612995
-0.0048162965,0.017022813
-0.011948791,0.018264724
-0.0033157433,0.0344266
0.008212235,0.06196812
-0.017305696,0.019213276
-0.0072094896,0.006678907
-0.016220901,-0.1053751
-0.0007754902,0.025036708
-0.0018322084,-0.059855375
0.011498453,0.012320013
-0.010347719,-0.029388778
-0.00166033,-0.11519899
0.012007293,0.08044269
0.0018912803,-0.07175325
0.016152214,0.016982516
0.00011189247,-0.011251673
0.0010726007,0.058174323
0.0020471595,-0.049373217
-0.0006741278,-0.008218944
4.2746542e-05,0.0738295
0.003970444,-0.055766843
0.0011744766,0.045730855
-0.005623311,-0.0072196904
-0.002427447,0.028129255
0.0047840634,0.0015848419
0.0047195666,-0.036955778
0.004318493,-0.030016273
-0.0014454627,0.044612754
-0.0045461133,-0.0440161
-0.0056605255,-0.012019455
-0.005145788,-0.038298715
-0.005917643,0.04028565
0.0038167853,0.0073778164
0.008827284,-0.012116095
-0.0018566427,0.017899023
-0.003424828,-0.00074609945
7.618917e-05,-0.023452675
-0.0019810838,0.003387341
0.0077438136,0.030291822
-0.015461877,0.041548137
-0.0117461905,-0.040063072
0.0013233284,-0.03822045
-0.007456224,0.064665034
0.0020618383,-0.032228686
0.0006182593,0.02875484
-0.0023210237,-0.0021222015
-0.0012675615,-0.094845615
-0.0007070272,0.073093735
-0.006254731,0.050925978
-0.0013297801,-0.07403983
-0.012351422,0.029924612
-0.0039863377,-0.040458348
-0.0025610402,-0.014155527
0.0064775688,-0.0145511255
-0.011514733,0.0050298776
-0.008321354,-0.023978088
-0.0066941096,-0.042569697
0.004878032,-0.00042834782
-0.006532108,0.007566492
0.008930263,0.0085356375
-9.135582e-05,0.0095249135
-0.002182217,-0.032899607
-5.532743e-05,-0.03057803
0.01733937,0.0011558369
-0.00019869156,0.011446436
-0.0055636847,-3.2564571e-06
-0.0040679406,-0.023920584
-0.005794671,0.009441098
-0.008701367,0.0043469793
-0.005281463,0.022340886
-0.0040903417,-0.018468697
-0.007015733,0.03368389
0.0044317637,-0.031818774
-0.0032294476,-0.012778624
0.0036452773,0.00043523926
0.0048230817,0.008251832
0.005582121,0.029155886
0.015486028,0.03608314
0.008211128,0.013840059
0.0075352695,0.012288262
-0.007083477,0.013733015
-0.008502973,-0.026713053
-0.0030268962,-0.010105485
0.0016496787,-0.020304076
-0.007725165,0.031614322
0.009494947,-0.00033460584
-0.0033410592,0.026407747
-0.0019383805,-0.08417054
0.008016555,0.0075304415
0.008318348,-0.030518394
-0.0042528072,0.0068013906
0.0016818483,-0.02630151
-0.0078029204,0.0050933077
0.010360365,-0.030322809
-0.0038034637,0.042817842
0.0049977703,0.01801714
0.0074163703,-0.009620292
-0.0022348445,0.0042332774
-0.006291258,-0.034850203
0.0014896528,0.037900515
0.014174631,-0.03822891
0.0005410856,0.039613213
0.002718878,0.1813447
0.001215318,-0.05272994
-0.008716265,0.030922944
-0.012007266,0.054270115
0.0005232595,-0.04227914
-0.01576887,-0.080019325
-0.009656012,-0.009447009
-0.008845352,0.07566208
-0.008291871,-0.018381774
0.0063211564,0.0659069
0.0013316708,0.010844606
0.012863372,0.0126123065
-1.2887642e-05,0.13366449
0.0005003399,-0.022847842
0.0005124217,0.03149908
-0.0013589412,0.02030059
0.00076830224,0.05070059
-0.011489258,-0.014108193
-0.0033557578,0.02408716
-0.017556133,0.047825195
-0.0051045534,-0.0032245263
0.020021949,0.05770581
-0.00027032162,0.04036407
0.0098389555,0.04553372
0.0002732168,0.03674766
-0.0038717836,-0.053975787
0.017473182,-0.03911242
0.00017492182,0.031538453
0.004802759,0.06529922
-0.0036785493,0.04469504
0.00733099,0.009397129
0.004385677,0.081215814
-0.004219482,0.00072073226
-0.0056249388,-0.050881494
-0.005325477,0.030890225
-0.0024904795,-0.0043324265
-0.0008691891,0.12015421
-0.004698515,-0.2149766
0.01857057,0.011355353
0.00542071,0.013057815
0.012270535,0.05692678
0.013790987,-0.053027913
0.0052842116,0.0031782936
0.0025528492,-0.05792029
0.006855468,0.12742238
-0.0037618265,0.009767058
-0.009494314,0.15022446
0.007413152,0.03490989
0.0038460095,0.14867698
-0.0016612944,-0.07026278
0.012698718,-0.006847198
0.0002936558,-0.0655604
-0.0010599524,-0.035701394
-0.0032444098,0.01294534
0.0018526714,-0.14403154
-0.0040277387,-0.013719406
0.00944283,0.20160764
-0.012217631,0.032048844
-0.0056561623,0.059656832
-0.006344326,0.053682648
0.010808128,0.005137268
-0.011041805,0.008689117
0.0040737423,-0.07026238
-0.0008064756,-0.042210523
0.0007315733,0.03362547
-0.0060998644,-0.020917842
0.009676419,-0.104177326
0.005166678,0.035897255
8.377424e-05,0.028627027
-0.007702211,0.050611187
-0.011992054,-0.026878256
-0.0015892303,-0.1414966
0.01341841,-0.01949186
-0.009134072,0.18612556
-0.02202341,0.05113067
0.009778348,-0.03770469
0.016711459,-0.019326545
0.0050960397,-0.041432224
0.0074478756,0.04494831
-0.007225629,0.014160486
0.0007302831,-0.017289642
0.0117891915,-0.084552035
0.020630255,0.019094346
-0.008922042,-0.053201266
0.009045968,-0.099825084
0.005173444,0.096340105
-0.015138563,0.042189572
-0.0026655516,0.005747306
0.010201607,-0.05042992
0.005554323,0.06400086
0.004898647,0.07133395
0.00050848967,-0.03865857
0.008490469,0.02399623
0.003983973,0.08159296
-0.009467673,-0.06648821
0.018711686,0.0027065845
-0.0022155424,-0.018836183
-0.0082156975,-0.021196075
0.009105011,0.04126072
-0.0004933459,-0.05232192
0.008809658,0.036663298
0.004304155,-0.015471527
0.009464189,0.004372885
-0.0060464493,0.021885913
0.0019559702,0.00048480774
0.010085025,-0.032313053
0.0066926465,0.053820357
-0.00035423168,-0.16098826
-0.0049062567,0.06495086
0.00012112681,-0.036714844
0.0010725753,-0.08778631
0.0039195763,0.23469658
-0.0061179325,-0.040683366
0.013931853,0.091349535
-0.015594837,0.06734569
-0.019923745,-0.02479587
0.0036914297,-0.013217509
-0.012657702,0.057807684
0.009269161,0.021515287
-0.0058818846,-0.03514128
0.004191423,0.029357277
-0.01866812,0.17384303
-0.01192009,0.10340409
-0.0030258417,-0.07738697
0.0014603634,-0.014622013
-0.0008255192,-0.06448431
0.021336839,-0.1252926
0.02189603,-0.103815764
-0.011663459,0.13232407
-0.032346062,0.10885358
0.00048764562,-0.038244527
0.023467489,-0.010054249
-0.00072326965,-0.038799424
-0.0072745886,-0.02135477
0.00083374896,-0.0008181256
0.004676531,-0.044932663
0.02278054,-0.06305915
0.0010485386,-0.050836988
-0.004042172,0.06620561
-0.009480376,0.048070107
-0.0019932897,0.01039539
0.008663934,0.051177993
0.0046862597,0.05741752
0.0014766112,0.043939933
0.00054604537,-0.07408981
0.0033718455,0.123905204
-0.012903456,-0.023797967
0.013516715,0.020373
-0.004148485,-0.027696813
-0.0045414176,0.043591157
-0.0024833025,-0.08121585
0.009926132,0.038746085
-0.020260941,0.05649547
-0.021431401,-0.12060793
0.013018502,-0.129718
0.009277046,-0.03936362
-0.017886173,-0.082771495
0.007300341,0.08568364
-0.0056527853,0.014280456
-0.006254766,0.007181837
0.0017702132,-0.0028580725
-0.0013893819,0.027206322
-0.0063292254,-0.13867643
0.014640255,0.0076068495
0.0012728885,-0.002192264
0.01063948,-0.018498266
-0.0010843091,0.123589456
-0.00049439387,0.004958709
0.0124361245,-0.01487774
-0.0028174706,0.02317841
0.0038677917,0.06090731
-0.0063090557,0.089460395
-0.007970348,-0.002513734
0.007846881,-0.13676035
0.000634467,0.04884315
-0.00016904599,0.021725316
0.0059973686,-0.082990624
-0.0028245086,0.018112592
0.0049468013,-0.01802585
0.0040231007,-0.06435877
0.0050844606,-0.0465348
-0.0014895496,0.112030186
0.0026004575,0.03308862
-0.008268196,0.153303
-0.014199231,0.03012997
-0.009051895,0.040606216
-0.005180857,-0.025154157
0.011560606,0.036110066
0.007873517,-0.011637993
-0.015116092,0.066552624
-0.0003746003,0.041236132
0.011724565,0.059275817
-0.012257198,0.03563344
-0.007436608,0.06988682
-0.003095768,-0.021685986
0.0049559614,0.04329697
0.009529537,-0.061134797
0.01762786,-0.006776733
0.0047201565,-0.034014508
-0.0047853533,0.038706582
-0.00148506,0.025417432
-0.0070444318,0.0717786
-0.0061469683,0.04710467
0.01706538,-0.04249499
0.0033548465,0.0029658352
0.0015182951,0.0014536582
-0.014469157,0.019941976
-0.011959483,0.035378844
-0.006244477,0.088363044
-0.016398668,0.16720578
-0.004048416,0.0018541653
0.016537998,-0.15025032
0.011806784,-0.00011738778
-0.017898383,0.10318472
-0.0071298815,-0.1504776
0.023927797,-0.05919787
-0.013392423,0.06308796
-0.0075359456,-0.0098746875
0.0046348004,-0.034720607
0.0023707403,-0.04225859
-0.0012360245,-0.12984559
0.02769452,-0.052241836
0.0060779974,-0.03493441
-0.005586272,0.018050544
-0.0037025209,0.0045885686
0.010750582,0.020678453
-0.006119498,-0.05095192
-0.0023100465,-0.019644761
0.006925898,0.009547503
-0.0023483103,-0.029143587
0.011777535,-0.061632514
-0.0028241,0.093111396
-0.0042032665,0.05355022
0.0023348983,-0.07969861
0.011053937,-0.0042757676
-0.005775229,0.044273734
0.008042639,0.027371028
-0.0048573385,-0.034355
-0.0011118297,0.075980335
-0.012363173,0.00728157
0.009704747,-0.020664517
0.0064055882,-0.02879215
0.005633246,-0.11117771
-0.004590126,0.07830596
-0.0030359565,0.0049359207
0.0046216613,-0.123119496
0.003890668,0.044372972
0.0009073104,0.004353686
-0.0024019266,0.046512228
0.0016726329,0.037699845
0.008008949,-0.061426435
-0.0036923443,0.067940824
-0.002586466,-0.006880567
-0.0002654853,-0.059040293
-0.0033428255,0.067614235
-0.0065981243,0.00878901
0.0019977435,-0.12283374
-0.00034071092,0.06860614
0.0029116226,-0.006361012
0.0045046406,0.018349627
0.013940388,0.102652945
-0.008768855,-0.0012046917
-0.012150912,0.019556642
-0.0043393956,0.01922481
-0.004227341,-0.044472408
0.0082219895,0.010278186
0.0023662183,0.08945608
-0.008534774,0.0042221732
0.0031134826,-0.09993284
0.0071003325,-0.057382554
0.010405326,0.019450977
-0.0032005592,0.03336773
-0.010476004,0.01925498
-0.014198113,-0.028376244
0.005442647,-0.0052902023
-0.0051947297,0.06265609
0.005580363,0.027563175
-0.0071345484,0.0075133783
0.015304657,0.006066593
-0.006053566,0.0020537986
0.005629002,-0.06357163
0.014057502,-0.09052409
0.008514831,0.057216547
-0.0052562174,-0.04350356
0.002513259,0.04319467
0.0040108226,0.0021854774
0.0026912345,0.03505757
-0.004779113,0.038979646
-0.0019614012,-0.015236771
-0.009407836,0.05867249
-0.0071227667,-0.020538615
-0.0030529923,-0.0033575161
0.017327912,-0.02716841
0.011657549,-0.02689263
0.017756995,0.054846432
0.0035053857,-0.031667966
0.004177705,0.04326663
0.0036971322,-0.03049735
-0.009845184,0.20100808
-0.021828402,0.09660342
-0.0131093785,0.022587592
0.002165934,0.016357433
0.008524337,-0.05905423
0.009194922,0.01711963
-0.0036125304,0.014780241
0.007032261,-0.011697671
0.00094469404,0.04162583
-0.000612929,-0.0045366017
0.0056488505,-0.012129377
0.0012447085,0.117405176
-0.016076948,0.08664706
-0.018171798,0.05038005
0.005437473,0.124054305
-0.017981477,-0.04983881
0.0148234395,0.045593683
-0.020554632,0.0850321
0.006102969,0.025657931
-0.012936993,0.058182508
0.0050599156,-0.07563814
0.010497921,-0.018678397
-0.007968221,-0.026030555
0.0026936093,0.02942763
-0.009624146,0.01707236
0.011436208,-0.059543386
0.0038347924,-0.008297595
-0.0061833533,0.037941355
-0.0018357898,-0.029652346
0.0064123836,-0.010176169
0.01935336,0.045097634
-0.01661589,0.041540477
-0.0028006732,-0.0011674875
-0.0022900684,0.12240652
-0.0114776045,-0.022360811
0.026123676,-0.039118562
0.003931541,0.015678916
0.00904385,-0.13251242
0.023044813,-0.117287
0.0066021523,-0.0057431664
-0.0072887493,0.0125272935
0.0031783043,-0.0038623232
0.0021542124,-0.020348916
-0.0040174844,0.05375021
-0.006418733,0.05189224
-0.012826476,-0.0037480213
-0.007845046,-0.023208817
0.007268822,-0.017363392
-0.0022451114,0.032189388
0.0072326437,-0.0022548316
-0.0032669718,-0.044321407
0.0037654943,-0.020711636
-0.005685241,-0.14169091
0.006193132,-0.0370787
-0.0011696547,0.017934227
-0.00785375,0.04523673
0.0010517212,0.12943251
-0.010680947,-0.012913395
-0.009474868,0.01877092
0.005912214,-0.024008498
-0.011426986,0.19564182
-0.017189581,0.06881025
0.010220628,-0.017413309
-0.007174312,-0.0018173282
0.018236998,-0.16494274
0.014700571,-0.04959636
-0.012048932,-0.013479858
-0.0012782651,-0.06697055
0.00270831,-0.0023750472
0.0019332687,0.07033184
-0.0034431415,0.058339793
-0.0004434936,-0.039591275
0.017224617,0.096211195
-0.004165313,0.14896628
-0.0052265236,0.12183523
0.002328971,0.11194894
0.0023821841,0.10705086
0.004432794,-0.01977044
0.0025184671,-0.03185034
0.01182634,0.04324144
0.00018543044,0.10618746
0.0016516078,0.022545148
-0.0020676288,-0.028889103
-0.0143366195,0.050667178
-0.012945127,-0.013904199
0.016490953,-0.058298673
-0.0060236906,0.093224674
-0.015320025,0.13968052
-0.014902541,-0.10813206
0.03266094,-0.1295938
-0.003976308,-0.018424602
0.001837496,0.068624586
-0.009229949,0.035353214
-0.008077352,0.010769685
-0.011153885,-0.058181882
0.009813334,0.014851709
-0.011418715,0.031031435
-0.010851073,0.0029873878
0.00044731027,0.045014765
-0.0020012734,-0.02589545
0.004106566,0.022424422
-0.0042949216,-0.04006533
0.013281431,-0.02448501
-0.014151189,0.019389503
-0.0090996865,0.011773964
-0.0014780115,0.02526358
0.012246447,-0.018435625
0.005544209,0.0039088805
0.013834852,-0.10984472
0.008039803,-0.027007204
-0.003258543,0.015330284
-0.00019813841,-0.09637146
-0.011563484,0.049236115
-0.017069057,0.104965374
-0.008296894,0.0018671476
0.0016466487,0.020015404
-0.0012110402,-0.023343794
0.0049376125,-0.0712702
0.01847045,-0.009690982
0.0033477403,-0.07134366
0.014175419,-0.120507024
0.012639347,-0.0095634265
0.009606792,0.056079265
-0.016454909,0.121775895
-0.012381123,-0.095008336
0.01479356,0.013986076
-0.015474468,0.005194547
-0.0069920244,0.060891714
-0.008016166,-0.01154826
0.021087285,-0.11153521
0.017282823,-0.01973659
0.0013810098,-0.16205664
0.014728655,0.061008707
-0.001913941,-0.025469976
0.015328041,-0.03520559
0.00498778,-0.03655421
0.0045128833,0.039117012
0.00013188849,-0.055110905
0.002673469,-0.04429599
0.0053853,0.06964927
-0.003600854,0.04052384
-0.003387627,0.062016215
-0.0041682944,-0.072231434
0.010457126,-0.114004835
0.0036031962,0.0147685185
-0.008510201,0.020824017
0.0014357645,-0.057347946
0.0030498481,-0.005622733
0.0030954008,-0.05905084
-0.032352746,0.29086983
-0.03575726,0.24597372
-0.011575401,0.10500274
0.014466,-0.06229784
0.025499038,-0.14653751
0.02101399,-0.2692226
0.01044262,-0.04172656
-0.0021970747,-0.056549985
0.0013178424,0.011023606
0.0073612668,0.0025463777
-0.004509858,-0.01701246
-0.0015597038,-0.05235743
0.00055205054,-0.04416705
-0.005637737,0.0058584586
-0.007964918,-0.24608374
-0.0016840976,-0.068043336
-0.0032614404,-0.036737755
0.0032051723,-0.018814135
0.0027475515,-0.052934907
-0.0061052935,0.0538114
-0.0047324155,-0.044802986
0.00035369938,0.01674668
-0.0016826905,0.037524085
-0.004825496,0.00878253
0.0005585794,-0.082881995
0.008258222,-0.08871965
-0.009578798,-0.11854196
0.0069309156,-0.041479338
-0.003931066,0.13689189
-0.008190995,-0.02007112
-0.0030361519,0.008878216
0.007905164,-0.07627173
0.0041738064,0.024951141
-0.013586067,0.0017529895
-0.012184756,0.1340602
-0.0068656183,-0.017582253
0.010485605,-0.08484559
-0.0004486898,-0.022745147
0.0034092509,0.012782993
0.061914686,-0.065432884
-0.010070693,-0.071419165
0.009800805,-0.10014328
-0.0020840368,-0.071941346
0.019406112,-0.17074597
0.0011970352,0.00027040142
0.010993002,0.15609272
-0.009352185,-0.0026812945
-0.0030278647,0.09625634
-0.023744747,0.032751303
0.0088247415,0.27987066
-0.046178572,-0.09312979
0.03777707,-0.049613576
-0.009155758,0.054648478
-0.003209467,-0.0061241384
0.00014098501,-0.046430856
0.004859208,-0.120184466
0.030225836,-0.06417077
-0.006033715,0.06534971
-0.0024998714,0.11437503
0.0046696723,0.00021254375
-0.0057627256,0.02387327
-0.008134636,0.03935418
0.005164441,-0.06700445
-0.005204235,-0.04336659
-0.0077553024,0.11289016
-0.016316429,0.0012940292
0.0021488357,0.014187362
0.0027055347,-0.033409286
0.0091579985,0.030217074
0.004975841,-0.10938103
0.0072140615,0.020386346
-0.0006550057,0.17051154
-0.008087257,0.0030811946
-0.0036220374,-0.07292672
0.016612288,-0.06416622
0.015611295,-0.038790666
0.01122801,-0.09922856
0.0025517195,0.04372866
-0.008726547,0.098004155
0.016313247,-0.031324793
0.00021817794,0.08952878
-0.009705871,0.07308537
-0.002308643,-0.070564
0.0036732396,-0.06253581
-0.0050721625,0.011466477
-0.0007142873,0.079075836
0.0084930565,-0.016093351
-0.011638941,0.03046121
0.0043995245,0.11271473
-0.0067337495,0.05770919
0.0026276691,0.042440917
0.010445192,-0.024569586
0.022025514,-0.09409216
-0.004939725,0.05388864
-0.005185717,0.00010050964
-0.0060596024,-0.0051348926
0.0076711467,-0.044116065
0.010257542,-0.09197199
-0.0043053273,0.03474769
-0.0015949468,-0.01590466
0.0069466243,-0.04560476
0.0047038803,0.18573982
-0.014471266,0.042179555
-0.0012448884,0.0072398977
0.002217859,-0.17649046
0.02195162,-0.055412766
-0.00019418688,-0.0605407
-0.016936561,0.06214637
-0.030987797,0.07817898
-0.007879264,-0.038743746
0.014869625,-0.15853639
0.011771014,-0.04364143
0.008716165,-0.36678848
0.02793039,-0.024404053
-0.007252846,0.0500952
0.0073030293,-0.06520763
0.012188023,-0.16996256
-0.00088809984,0.017176418
-0.008604886,0.024239289
-0.011621853,0.044416614
0.002045644,0.0055212434
0.0048175864,-0.10391554
-0.0012810886,0.035064727
-0.012090405,0.01575595
0.008549226,0.019441979
-0.002500429,-0.042581238
-0.00066904497,0.04660677
-0.003464383,0.012462598
0.005755368,0.07271759
-0.016667683,0.051221102
-0.0063414215,0.12478648
0.012207567,0.08646395
0.0020064623,0.020799914
0.0046921577,0.04013971
0.0011935928,-0.045687694
0.0027794605,0.03211375
-0.008821282,0.062276755
-0.001191342,0.04198918
-0.006282389,0.025988188
-0.0020623882,-0.020850427
-0.0102790315,-0.00016983337
0.0011100739,-0.014465643
-0.008164691,-0.07186629
-0.0029060827,-0.025917612
0.0044225464,0.024538336
-0.008027897,0.11519525
-0.001172355,-0.013054316
0.0029351793,-0.08829184
0.01351882,-0.023798067
0.0068029775,-0.023965225
0.008482521,-0.0043742475
0.0036007077,-0.16798602
-0.0063469093,-0.0076549095
-0.0012086821,-0.061544284
-0.008349236,0.08858918
-0.011107612,0.013813904
0.00061525125,-0.11791287
0.0070576463,-0.016974289
0.0025775824,-0.040633
0.004351966,-0.05955693
0.007847483,0.04087986
-0.0063689644,0.07839408
-0.014959639,0.04597198
-0.006707825,-0.0014976013
0.008963771,-0.016920304
0.0011159966,0.057373118
0.0030375915,0.059555855
0.0007627635,-0.0020224617
0.0056840517,0.041603733
-0.0073106457,-0.02062995
0.005582843,-0.008289504
0.016576588,-0.032790694
0.0058778655,-0.0007528366
0.0043611927,0.085019395
0.0017269042,-0.026223347
0.00086145825,0.05889291
0.009788731,-0.049179107
0.00496855,-0.059155203
-0.0084908465,0.06307752
-0.0015897747,-0.053517018
0.011448677,0.049305614
0.007232436,0.052890625
0.0060434393,-0.038358055
0.00502533,0.02702233
0.0011904297,0.06630685
-0.00087221875,0.04714588
0.009052092,-0.06929733
0.02438939,-0.0530922
5.1977055e-05,0.08082795
0.0002280212,0.018762711
0.0067719957,0.051526245
0.004618611,0.07443741
0.011805519,0.0046928497
0.013941922,-0.0575251
0.012066325,-0.054314464
0.010950779,0.01776691
-0.006905987,0.023783414
-0.0033858065,0.010999144
0.0020703177,0.02384416
-0.00952422,0.046670653
0.0005870315,0.00921279
-0.0019147797,-0.057780422
0.0075483257,-0.018479535
0.0022902717,0.038774434
0.00083923363,0.0030558112
0.0019050407,-0.06931212
-0.002174181,-0.098499134
0.0047221193,-0.038818
0.006311316,0.031827074
-0.01114791,0.045245793
-0.021018593,0.057713624
-0.009366758,0.016740058
-0.01613564,0.0701829
-0.017019875,-0.013797842
0.006355459,-0.020208335
0.004491659,0.01362097
-0.009942634,-0.026202185
0.0061895484,-0.09707641
-0.0033376287,-0.0016529718
0.01293502,-0.02675126
-0.0006842492,0.00041691854
0.00026276242,-0.0071132667
0.003458102,0.020974934
-0.0076968824,0.052858673
-0.011960683,0.048591845
0.0047120377,0.007957118
0.01093889,0.015042974
-0.0043591065,-0.1008995
0.016231325,-0.07569755
0.0033323846,-0.01362335
-0.003677507,0.059596986
0.005465979,-0.032363635
-0.004913328,-0.08027545
0.010960581,-0.022458425
0.0010217295,-0.062177565
-0.0034531222,-0.058815375
0.0056408644,0.07512841
-0.0053090686,-0.020171791
-0.0020263442,0.07757424
-0.004682023,0.0044051865
-0.0024304101,0.010712059
-0.008360358,-0.0329595
0.003593965,-0.05280818
-0.00084838923,-0.005808965
0.009584246,-0.02314449
0.002123586,0.053597566
-0.00339211,-0.03993381
0.026152488,-0.010305662
-0.017713279,0.035447758
-0.0010678283,-0.01695232
0.009857962,0.044641428
-0.0071695726,-0.039205413
0.0006308553,-0.12723623
0.013001196,-0.021816779
0.009431206,-0.002357471
-0.0028786901,0.03653809
-0.00971136,0.07090423
-0.0031931924,-0.011028036
0.012306773,0.033767663
-0.009341857,0.000967091
-0.002347962,0.11133135
-0.011100037,0.0050464403
-0.003153673,-0.018348882
0.00021543741,0.047882073
-0.009032649,0.053637408
-0.0036652742,0.026678994
0.0061745285,0.006819466
0.010338451,0.019443052
-0.0056752264,0.06167895
0.0043684393,0.01882386
-0.003307549,-0.011347501
0.013221332,0.0254393
0.0068154586,0.007241362
0.0072271014,-0.050510474
0.01081695,-0.03166593
0.0011140583,0.021563279
-0.012154264,0.06797457
0.0013491865,0.0044554006
0.006653242,-0.06927174
0.011920749,0.03644552
-0.0012003859,0.028054612
0.005406421,-0.075562105
-0.00070265005,0.021263424
-0.002314144,-0.02023927
0.011826406,0.03874732
-0.0017874186,0.06687012
0.0019328019,0.020091303
0.005071146,-0.02205259
-0.0037202789,-0.017465834
0.0010705802,0.0032551913
-0.0005454506,0.03539788
-0.0025224332,0.019982759
0.009529853,0.011928894
-3.292295e-05,-0.0051794644
0.006931875,-0.045287482
0.00325127,0.07953494
5.888086e-05,-0.0019706476
0.0063022384,-0.02614574
0.015814492,0.0032462848
0.011742259,-0.054693636
0.005377207,0.018906623
0.004780461,0.005855145
-0.0033363926,-0.024845934
-0.0021193866,0.0017118613
0.0059957337,-0.03163845
0.01350132,-0.025070485
0.002540438,-0.08160537
0.011817856,-0.036862493
-0.0039104265,0.04296039
0.005731197,0.0039965743
-0.01192295,-0.050018296
7.437801e-05,0.0065069436
0.0004986047,-0.07580367
0.015158348,0.012073295
-0.0049457536,-0.0013136197
0.0013394939,-0.08397686
0.016415447,-0.015973885
0.00048996496,0.024378324
0.00054570293,0.010038108
-0.0009612791,0.059493713
0.0049002515,-0.013403386
-0.0012935258,-0.0045825085
0.0023408222,-0.042077117
0.00812327,-0.09036777
0.009451238,0.0005563639
-0.0025084552,-0.03257755
0.0006175838,0.06914467
-0.00040603688,-0.040097084
-0.0039211614,-0.09603746
-0.0005978946,-0.022430226
-0.0053855944,-0.072054826
0.011406966,-0.10040148
0.003486729,-0.0049155415
-0.0014738191,-0.03550133
0.019323695,-0.10638599
0.010903038,-0.073115565
-0.01011233,0.0017169152
-0.011021706,0.012341004
0.006375471,0.055443883
-0.012191236,0.07570544
-0.004560445,0.013143932
0.005706919,-0.030361207
0.0062553613,0.016425041
0.0078286715,0.019473454
0.0021436943,0.020960711
0.00089632,-0.0055766297
0.002505675,0.002145488
-0.0027449166,0.005724489
-0.0024608986,0.01069442
0.011571994,-0.029747128
0.0022230644,-0.06341867
-0.008112361,0.18313554
-0.028145563,0.12644105
-0.01548163,0.052540045
0.011759964,-0.03261066
0.00235618,0.031895917
-0.021057885,0.12882811
-0.023699833,0.07740289
-0.0022693193,0.03090329
-7.3984265e-06,-0.048900597
0.0048406795,-0.008743314
-0.008923499,0.019762624
0.01013908,0.040643755
-0.0013114787,-0.04740275
0.008143313,-0.082802
0.01772448,-0.0780425
-0.0060973475,0.049015746
-0.004899371,0.06697907
-0.010093726,0.0042473483
0.012646072,0.0674293
-0.0087212585,-0.0050438764
0.014171604,-0.092576064
0.0028141742,-0.09881062
0.0067891763,-0.007691416
-0.0071180672,0.09545978
-0.0065701855,0.0024005496
-0.0033208062,0.0030954094
0.014214234,0.021115119
-0.00071066164,0.034015235
-0.0024633685,0.025257103
-2.1347485e-05,0.041176405
-0.00065253366,0.10248692
0.017920412,-0.028976303
0.01619618,-0.025515942
0.0017061369,-0.0031487793
-0.0004466332,0.025133297
0.009091295,0.018517187
0.010292303,0.0179698
-0.0010276095,0.041225053
-0.008513346,-0.07072589
0.007324717,0.06508519
-0.011121754,0.31812227
-0.0034067328,0.0032180287
0.0058594747,-0.14974059
0.0059699267,0.08122198
-0.021800613,0.086138025
-0.032286786,0.02118426
0.00892697,0.017894201
-0.02438468,0.027078617
0.008029995,-0.1473084
0.0057458417,0.014002275
-0.013640942,0.032694504
-0.0018638667,-0.029062185
-0.004699948,-0.111917645
0.027466232,-0.16157922
-0.009028004,0.0006720713
-0.009470356,-0.07890926
0.014218524,-0.0911048
-0.0041668713,-0.01617655
-0.0022115102,-0.04798724
0.0066656563,-0.22939782
0.0070669428,0.061098877
-0.026222216,0.022409182
-0.01094785,0.102816716
-0.011403402,0.03158663
0.013926728,-0.006951223
0.0048223906,0.00413573
-0.011220526,0.079195604
0.0011823508,0.040006224
0.0056287744,-0.06190713
0.0055454127,0.04751722
-0.01144769,-0.006162427
0.010284837,-0.0070048957
0.013303107,-0.1297947
0.015529997,-0.05329651
-0.0008155782,0.042345755
-0.004745435,0.23770611
-0.007969968,0.014760017
0.030655654,-0.036817234
0.010234123,0.028776519
-0.0012920613,0.0010734337
0.003059073,-0.018488089
-0.0039537563,0.094827294
-0.00060458377,0.10171808
-0.00014570839,0.019948425
0.0077690836,0.0051902407
-0.008342294,-0.03506183
0.0074923635,-0.0479704
-0.011125398,-0.09520427
0.014011435,-0.15072396
-0.00394272,0.040751286
-0.008863496,0.0037588726
0.001140966,-0.091621935
8.10636e-05,0.037389718
0.01754073,0.05485841
-0.02153128,0.016742887
-0.020348517,-0.091118574
-0.0018717991,0.27418023
-0.028626684,0.063724995
0.010376712,-0.09150002
0.0068331854,-0.014377073
-0.018293217,-0.028039651
0.0062992666,-0.014201762
-0.004447854,-0.04771405
0.0081715565,0.018122373
-0.005002969,0.0924125
-0.017240185,-0.025153143
0.020623745,-0.19518003
0.0071790894,0.008546141
0.0041914727,-0.06650401
0.01869246,-0.02758549
-0.00158285,-0.18354765
0.022021726,-0.10979131
0.0074156933,0.01937143
0.0056059156,0.009929637
-0.0089373,-0.010304963
-0.009278484,0.043056745
0.0038935954,-0.05630549
0.0011501212,0.015864085
0.008165641,0.026885852
0.0039817826,-0.089811906
-0.002737903,-0.03436327
-0.009853894,-0.15922701
0.005450966,0.02822057
-0.01309869,0.0467043
-0.013175414,0.078987114
-0.007289859,0.12899193
-0.027548723,0.08918902
-0.010405517,0.01868762
0.02226175,-0.059657257
0.0016665643,-0.15331452
0.02606294,-0.016623039
-0.00887155,-0.023380248
0.0037948005,0.06028331
-0.003258227,-0.017436093
0.0045412574,0.054840144
-0.009146614,0.031376097
0.00028007897,-0.0067206956
0.00294369,-0.009214055
-0.011869337,0.10379937
-0.009051972,0.021490388
0.00859505,0.02745122
-0.0021625427,0.027686073
-0.011384923,-0.10883109
0.005849038,-0.14416488
-0.0009998574,-0.0058558155
0.004721474,-0.010793497
0.00466245,-0.032941215
0.010098947,0.13680136
0.0010747362,0.04489708
0.0002361734,-0.02561574
-0.0067706853,-0.11393824
0.0068153003,-0.13727796
-0.0048873965,-0.12696803
-0.004666157,-0.08084861
-0.007242579,-0.004932528
-0.0028046463,0.08762538
-0.0021697045,0.0117929885
0.0027958634,0.020190492
0.0092431335,-0.0589093
0.001266669,-0.031086609
0.014878073,0.030010436
0.005816267,-0.00069402985
-0.004225135,-0.02220763
-0.0048804516,-0.0656636
0.0042713755,-0.04889548
-0.008541493,0.01836787
-0.00039277342,-0.04902809
0.0071512526,0.051848587
0.0072487975,0.042099163
-0.007790685,0.07838638
-0.010549141,0.01689153
-0.015157362,-0.036798213
0.0068752486,-0.030618392
0.0008989007,0.0114134345
0.002184294,0.091954716
-0.009036619,-0.015414992
0.010752461,0.040156264
-0.008089405,0.058889635
-0.0016563656,0.012700694
0.0020301205,0.10631917
0.00045486295,-0.068223394
0.016343668,0.028827833
-0.01635677,0.041206423
-0.016047942,0.050694034
-0.009536387,0.024581565
0.0010116913,-0.016148869
0.0012237919,0.022420045
-0.003968058,0.04340047
-0.011512782,0.054476008
0.0022883422,0.051308993
0.01363137,-0.07115899
0.008097245,-0.053717237
0.008332896,-0.015032258
0.0046580015,-0.0097073205
0.0031023633,-0.0436524
-0.0035132142,-0.05328493
0.0118055325,-0.028979087
-0.008780053,-0.0044465144
0.0034585549,-0.015059228
-0.0047765924,-0.0069879554
0.0069022663,-0.08355685
0.0053660953,0.020767374
-0.015868139,0.06633094
-0.0057361573,-0.019094769
-0.0031172442,-0.021037431
-0.0055565024,0.0023173124
-0.0065212226,0.06913713
-0.0052189715,0.04051209
-0.007107822,-0.035244137
-0.0029877862,0.0881524
9.8281336e-05,0.03369411
0.014198307,-0.03525342
-0.0013292015,0.011400052
0.0026670163,0.006605418
-0.0028067979,0.012664223
0.008387731,0.025712438
0.00057681376,-0.022148613
0.016628256,0.023179
-0.005328747,-0.0010075921
-0.0010445868,0.053926855
0.0049191825,0.015788414
0.008895872,0.06543961
-0.0068501267,-0.022941768
-0.010138684,0.028653674
-0.020289762,0.021533787
-0.0004352646,0.014870626
-0.0031097766,-0.0012606833
-0.0075961193,0.057825778
-0.010080843,0.00016918102
0.0061930018,-0.023750275
-0.007328509,-0.025269538
-0.004987006,0.003078325
0.0024312506,0.020955553
0.0055814167,-0.0931695
0.017606854,0.036866516
0.00761763,0.085049674
-0.0056217564,-0.0072636693
0.018004963,0.035574246
-0.0016781888,-0.05582561
-0.0027882527,-0.10978717
0.0129916705,-0.10288609
0.009269022,-0.03955677
0.0011562313,-0.00886632
0.0024070072,0.030708894
0.003765935,0.023694973
-0.008827144,0.06685093
-0.013291188,0.07950523
-0.02492798,-0.0030559674
0.015661571,0.030647604
-0.005180125,0.06554053
-0.0035011938,-0.05578465
0.01661089,0.014650144
-0.0070224404,-0.04241754
0.011219623,0.008838519
-0.0050837724,0.095274396
-0.0059378245,0.03960556
0.009509927,-0.047428615
0.00852528,-0.0804469
-0.0031030097,0.06411137
-0.004755092,0.0692142
-0.0035340823,0.02255081
-0.0010614493,-0.005082579
0.0013014962,-0.16355708
0.013399297,0.005767149
-0.010832047,-0.049184874
0.010322458,-0.047417793
4.4912915e-05,-0.03248423
0.0021835011,-0.03310882
0.00278008,-0.014063792
0.0058209384,-0.09048731
-0.0019490474,0.13701573
0.0009492739,0.05010562
-0.002831217,0.03338236
0.0016621817,0.036905438
0.0012934154,0.026325569
0.008864469,0.063295215
-0.0047157938,0.016129838
0.010698913,-0.049358983
0.011146345,-0.0688801
0.026181955,-0.0805078
-0.01598142,0.003678099
-0.0146336965,0.04758006
-0.014252887,0.038058877
-0.002686019,-0.0390553
0.0034665687,0.019549645
-0.0009812114,-0.026447313
-0.007879745,0.10617756
-0.016187945,0.06179952
0.008536035,0.047100417
-0.010844845,0.011005236
-0.00034042262,0.0019662792
-0.016040927,0.007956363
-0.00031310332,-0.09171961
0.008973355,-0.0150316255
0.012735084,-0.12448206
0.017420474,-0.07362149
0.011121171,-0.07144945
0.02310601,-0.038156323
-0.0029280137,0.0055838143
0.0016355988,0.013205113
-0.007570974,0.1082518
-0.01877665,-0.022802703
-0.010577386,0.043401074
-0.016426113,-0.11458992
0.002372101,0.09546528
-0.0052667465,-0.08537362
0.01031415,0.034109753
-0.022625959,0.022873381
-0.0052663344,0.0011936668
0.00092091085,-0.020244792
-0.0019498088,0.10875228
-0.0063737473,-0.029258803
-0.008653066,0.059023976
-0.007001258,0.09121879
0.0021288055,0.037957165
-0.0053263595,0.027330108
-0.0014867368,0.02761436
-0.0058198627,0.022362044
0.013936299,-0.1546547
0.007472248,-0.0030853637
-0.007869762,-0.0831516
0.0035541048,0.05440443
0.0018552778,0.046433847
0.004204465,-0.036632817
0.0034637316,0.04035995
-0.0067952806,-0.009845726
0.009779867,-0.09026153
0.0056124744,0.011188618
-0.0036087623,0.010148574
-0.008386724,0.09082256
-0.0071460553,0.004281789
-0.008776417,-0.014897704
0.009037035,-0.006117456
-0.0014150972,-0.18981454
0.0236725,0.06404789
-0.022633782,-0.06098054
0.0098474575,0.07343716
-0.018749319,0.02544001
0.0051885154,-0.12702005
0.011249572,-0.010977152
-0.0039821807,0.053234264
-0.012011669,0.059640985
-0.012384739,0.11090317
-0.02087554,-0.12644872
0.01943622,-0.03702721
0.010557457,0.014209087
-0.007342193,0.11781668
0.00745254,0.01625243
0.0023202999,0.0004630213
0.0023430511,-0.0602676
0.007509609,-0.043204747
0.005100762,-0.22394219
0.0114699965,0.06883746
-0.009860907,0.015715387
-0.008412243,0.14334883
-0.025612682,0.084275775
-0.002361383,0.046520866
-0.009583953,-0.0077326847
-0.01758001,0.08189198
-0.013140008,-0.03022385
0.009904629,-0.0019173946
-0.007598398,-0.021644542
0.00011108292,-0.06518006
0.0072373007,-0.105504684
-0.0042014336,0.072156616
-0.004712316,-0.0667674
0.020168077,-0.059770968
0.0076986114,0.07515548
-0.01508887,-0.18524462
0.0090290345,-0.09348517
-0.0011141553,0.009135046
-0.007906737,-0.07490749
-0.0065831207,-0.082964316
-0.0057772854,-0.025769468
0.008424345,-0.032716706
0.0034579004,0.0771636
0.0029443004,-0.10163104
0.005406882,-0.01816367
0.009601397,-0.008579155
-0.004080956,-0.02039849
-0.011214636,0.08888857
-0.010750407,0.02553067
-0.0049857562,0.0022242104
0.0026272237,-0.06855959
-0.0029396384,-0.0107447505
0.010779785,0.016883777
0.01658572,0.008702087
-0.0072522475,-0.053932074
-0.0007206459,0.06511704
-0.010589075,0.047455337
-0.00067255896,-0.10206162
0.0037140576,-0.029867865
0.020515982,-0.07715479
0.01449613,-0.003502668
-0.0044959486,0.1389371
-0.013581655,-0.025141886
-0.0059924386,0.055758078
-0.0053205667,0.034041516
-0.0016324938,0.09991907
-0.00787593,0.045449458
-0.0060122903,0.09213691
-0.014214531,-0.041753773
0.016781913,-0.013679493
0.0032080146,0.0021644076
0.00079226354,-0.023620047
0.00044779596,-0.10890665
0.010026507,-0.020730054
0.016515138,-0.014604069
0.00078398525,0.061815172
-0.0027732772,-0.0014982041
0.01033443,-0.1059395
0.0010712111,0.058459926
-0.0034477757,0.058181435
0.008429192,0.00790229
0.00045767982,-0.043428343
-0.003997595,0.033680998
0.002302463,0.07665623
0.004700764,-0.0064781005
0.008179292,0.06192436
0.012526818,0.029408595
-0.0043836283,0.020638261
-0.010995021,0.04155842
-0.007601898,0.07732918
-0.012486388,0.08487114
0.008706795,-0.07682458
0.020525787,0.013198019
-0.021779507,0.3033029
-0.024183901,0.14591053
-0.010165279,0.2418995
-0.017374156,0.17973435
-0.006785045,0.045426216
0.012360727,-0.10630956
0.0096121,0.021441163
-0.00985124,-0.06451619
0.018488213,-0.13386036
0.0026950368,-0.06701803
-0.006047601,0.11936345
-0.008934949,0.0742424
0.0152889695,-0.028608749
0.0047723656,-0.041864846
0.0042506475,1.9359146e-05
0.005650884,0.006818333
0.015781987,-0.18271026
0.005890415,0.1363089
-0.007149177,-0.01113484
0.0039809225,0.07242068
-0.021294959,0.13278908
-0.0038461273,0.08447323
-0.009400258,-0.04311904
0.024977848,-0.47109798
0.038999643,-0.06214008
-0.007921609,0.04824066
-0.008963715,-0.060144868
0.010342857,0.053762514
-0.012103837,0.077272944
0.0001651572,0.021004446
0.0041346904,-0.01564916
-0.0089647425,-0.054842044
0.0012087055,-0.013747347
0.0060621826,0.15459806
-0.0013043373,-0.042172894
0.005584068,-0.025063042
-0.0047163875,-0.071065135
0.0050862115,-0.111820064
0.0029810057,-0.005551748
-0.0042293207,-0.16224843
0.0069684517,0.01663557
0.00674081,0.11026642
1.2335251e-05,0.11114511
-0.009181786,0.106838055
0.009001219,-0.034794472
-0.0047555547,0.07680996
-0.0040052924,0.004637347
0.0029976112,-0.033164494
0.0035874,0.018002462
-0.004554518,-0.045732234
0.0043405155,-0.040434204
0.0007094082,-0.043544076
-0.011902338,0.17130615
-0.025211507,0.05767542
-0.004823722,-0.025172176
0.008421909,-0.09294573
0.00653213,-0.012446674
-0.010780525,-0.17482564
0.025456298,-0.05864242
-0.006004906,0.006564175
-0.0037773233,-0.05446625
0.014955272,-0.065576926
0.004140919,0.0319443
0.005683023,-0.049708672
0.011347816,0.072398596
-0.0048010377,-0.08607599
0.004073334,-0.06158699
0.0050787386,0.055985257
0.0045860875,0.03114037
0.000869632,0.045121875
0.0068842,-0.088817604
-0.000104934676,0.01315347
0.003496986,0.49003723
-0.018194027,0.034133617
-0.0037526754,-0.06888027
0.0050438293,-0.058589663
0.0062690354,0.022789279
-0.0072963834,-0.06450969
0.0017414982,-0.09036132
0.012827937,0.06328905
-0.0076683178,0.01531036
0.00964598,-0.01404029
0.005943112,-0.053064603
0.00604327,0.001619564
-0.0045633176,-0.042576116
0.016429856,-0.08193153
-0.004059309,-0.019349381
0.0019106022,0.08866849
-0.0016473753,0.11717542
-0.00014833125,0.119909495
-0.004516628,-0.05548533
0.021977575,0.038345404
-0.004531703,0.025320595
0.0014840945,0.022342484
0.009557235,-0.04845261
-0.0050128205,0.03027027
-0.0060297404,-0.03444661
0.00893062,-0.07157699
-0.005044546,-0.011104606
-0.0028651536,-0.05656752
-0.0011586745,-0.10705863
0.0065870616,-0.0074449573
0.00013965042,-0.085418195
0.0048599043,-0.064557336
-0.005168064,-0.0004085576
-0.0035056206,-0.104407735
0.018894669,-0.014358291
-0.012597565,0.059131924
-0.025890097,-0.043992475
0.0050874427,-0.007185457
0.01032355,0.019400699
0.01187259,0.022978041
8.6925924e-05,-0.02586097
0.007862194,0.045646094
-0.011826599,0.011253822
0.0015404213,0.054758076
0.003976582,-0.018638058
0.007835263,-0.07754625
0.007399994,-0.1859727
0.019547358,-0.016590714
-0.0066587497,0.06730341
-0.0077647604,0.050413564
0.01202441,-0.04069314
0.005688601,0.03501001
-0.011846914,0.099444546
-0.008974127,0.0155973835
-0.008179773,-0.021853147
0.0056250677,0.03479033
0.00760593,0.051103808
-0.013494692,0.12770951
0.0063957195,-0.03142452
-0.0025996622,0.06457206
-0.021332396,0.06425743
-0.004145539,0.062310345
-0.01578866,0.10061796
-0.008852562,-0.035750225
0.005278065,0.1024119
-0.016411994,0.017283276
0.015230536,-0.105906405
0.016901478,-0.051537957
-0.001847341,0.05244089
0.005853931,-0.018720556
0.009996083,-0.14553839
0.009590176,0.031838298
0.012599891,-0.20703377
0.012221231,0.050669674
-0.011382273,0.063388266
0.0020523714,-0.039914127
0.011550507,-0.00831062
-0.0042383573,0.011836481
-0.0025661443,-0.04674125
0.012126718,-0.029229056
-0.009917229,0.12699689
-0.01959968,-0.02807621
-0.012252469,0.036454428
-0.007203983,0.039484575
-0.0008930529,-0.010644964
0.014225064,-0.055250213
0.012294825,-0.013783341
0.00025535724,0.010069551
0.009667856,-0.12445215
0.0055760974,0.0794759
-0.015423743,0.094709866
-0.017245099,0.06757584
-0.0055335565,0.04363115
-0.010245148,-0.07544105
0.02800451,-0.06573405
-0.0015376057,0.0220271
-0.0018297269,0.001063701
0.007896028,0.09296142
-0.0023465455,0.0026655183
0.0041296883,-0.060943957
-0.0025816325,-0.012972647
0.007196864,0.021501763
-0.00030947328,0.061769757
-0.0022845515,0.0742201
0.0019743969,0.014056098
0.0025653555,-0.04589122
-0.00042588115,-0.06412694
0.002117869,-0.108522296
-0.009047758,-0.0059394664
0.004759378,-0.103568204
-0.0020781767,-0.04337829
0.0128986295,-0.012071685
0.0018504108,-0.05201036
-0.011174703,-0.022440277
0.00012840517,0.054718822
-0.007155888,-0.015419582
-0.00700932,-0.039818984
-9.658001e-05,0.047371484
-0.010372708,0.052399926
-0.002381594,-0.068172656
0.009398668,-0.0003633302
0.0008400462,-0.5292828
0.032187667,-0.11319704
-0.0040282556,-0.26405263
0.005834329,-0.02107264
0.0030246114,0.06451671
-0.0033453684,0.073621504
-0.007946967,-0.21733718
-0.008644424,0.055713594
0.0037545601,-0.01866176
0.008788509,0.13922597
0.016261682,-0.08806481
-8.6114625e-05,-0.07691777
0.008313835,-0.05235354
-0.0032822727,0.021482892
0.00058546383,0.014160415
-0.003007684,0.03822832
0.010305947,-0.08886552
0.0028365247,0.036772434
0.0044819294,0.019561717
-0.00562924,-0.055551928
0.006351318,0.069538906
0.004913532,0.08798813
-0.0019233037,0.033648793
0.0068116756,-0.05182316
-0.0044332705,0.05382478
-0.0046461397,-0.0719876
0.0078423815,0.05348393
-0.0025059762,0.08460722
0.006803886,-0.08819504
0.0003790434,0.056957487
0.0019038196,-0.018617358
0.013504366,-0.031128544
0.0018640026,-0.0016794689
0.003568921,-0.067330584
-0.009244312,-0.014509339
0.003909385,0.06408567
-0.011910891,0.03530402
-0.015009402,0.005750248
0.0072742654,0.034957856
0.0007976233,0.032688104
0.012091491,-0.023227062
0.0004583319,-0.06329712
0.016632952,-0.03220417
0.005224141,0.058862533
-0.004957391,-0.031660393
0.013441401,-0.15727685
-0.0022324529,0.11340216
-0.0063663595,0.031640273
0.008303862,-0.018100554
0.0007051078,0.02834182
-0.008815049,-0.039274115
-0.013049307,0.031922333
-0.0049394555,0.029534869
-0.005131647,-0.061309136
-0.008743482,0.022646632
0.009677049,-0.064313605
0.0031270573,-0.16664214
0.011828433,-0.05242192
0.01307833,0.049869075
-0.0055230698,-0.06354956
0.005592374,0.040468205
-0.00506473,0.0979366
-0.008076516,0.02409553
-0.0013720993,-0.008837865
0.015765134,-0.00991634
-0.0064602876,0.033389144
-0.013039265,-0.0066542756
-0.0016291903,0.0089020645
-0.0029949658,-0.14372839
-0.0032697672,0.041694645
0.012159133,-0.067575574
0.006444926,-0.070994146
0.005881601,0.028144151
-0.00041732824,-0.04912246
0.01002327,0.04765155
0.008344684,0.0021148021
0.003755269,0.051592566
-0.0032995807,-0.040096063
0.00401799,-0.084099054
-0.011780744,0.023475952
0.002973046,-0.062561564
-3.2038894e-05,-0.014802977
0.0018645566,0.01690853
0.0035217507,-0.017312458
0.0040276833,0.0056984075
0.0099558765,0.021693138
0.0017145263,-0.04003958
0.006067318,-0.025130145
0.0060799164,-0.13285133
-0.0059886468,0.20365225
-0.0017231833,0.08679701
-0.00034009333,-0.032578256
-0.0008986909,0.0005059378
-0.007762987,0.009106533
-0.01907235,0.17132945
0.00045818026,-0.047325037
0.0028302607,-0.11781879
0.00391928,-0.07845206
-0.0040623867,-0.0051796134
-0.0024692635,-0.08467229
0.0022535468,0.01679431
0.011211168,0.053333767
0.014068602,-0.0013115657
-0.0023838156,-0.009255428
0.0014244665,0.010223953
-0.012772608,0.07659963
-0.0058618165,-0.085624985
0.002754398,-0.107301004
-0.002055495,-0.0929406
0.020729415,-0.04529072
0.008420985,0.033317704
0.001226634,-0.008272284
-0.0068446985,-0.04813359
-0.00823928,-0.060156696
-0.007956313,-0.010172142
-0.0045110593,0.04772448
-0.008653947,-0.029093647
-0.006888761,-0.021744307
0.013741012,0.051441878
0.008333053,-0.036771767
-0.00751505,-0.050117247
-0.0062681055,0.009403859
-0.0021535924,-0.0019177705
-0.005198935,0.061252546
0.017966665,0.010178204
0.0035206256,0.01086398
-0.002254325,-0.035543326
-0.004798711,0.06518534
0.0022211494,-0.028574008
-0.003223712,-0.00039734473
-0.0055502323,0.015755754
0.0027706516,0.08156111
0.0079558585,-0.047384832
0.011556564,0.050806474
-0.0078088404,-0.003130495
-0.0077776993,-0.03285631
-0.006520345,0.020445904
-0.014382371,-0.03135034
0.0032589869,0.009047529
0.0051566483,0.010030766
-0.0074166097,0.10241418
0.0054144687,0.03319917
-0.002850601,0.03527576
0.0046178144,0.019329064
0.003249938,0.016997464
0.011692749,-0.04880609
0.017687129,0.0027950022
-0.009772627,0.04575077
-0.011330539,0.038791735
-0.015566038,0.004179367
-0.0041061626,-0.033758298
-0.007694136,0.002704424
0.0041380804,-0.045768637
-0.008348256,0.0017156207
0.00369532,-0.034908075
0.013038823,0.008190474
0.009193861,-0.1861867
0.00026586629,-0.077362105
-0.0014902516,-0.037027076
0.00719,-0.048042074
-0.0032452173,-0.002745771
-0.00088418176,0.23789822
-0.003001336,0.23822717
-0.0061335303,0.041233588
0.004572382,-0.061474334
0.0032399981,0.13574074
0.003346793,0.035509776
0.0076865517,0.0007160313
0.0043959226,-0.016441945
-0.00013272179,0.13443767
-0.003062781,-0.20853025
-0.006245371,0.03932629
0.0055924268,0.13849744
-0.009948955,-0.014739196
3.2711541e-06,-0.1129349
0.0069086915,0.016718443
0.0018961466,0.016263748
-0.009115828,0.0968567
-0.009400576,-0.094291516
0.0018272018,-0.0100660585
-0.0074971206,-0.11812255
0.0035419492,-0.006941098
-0.0024719369,0.034694314
-0.0040188367,0.059972055
0.0022132779,0.04982702
-0.01564166,-0.018685719
0.008164462,-0.0058051567
0.00070418837,0.010050299
-0.0035966597,-0.037308015
-0.00075111736,0.023632508
0.0028422326,-0.050379455
0.0007088401,-0.075390674
0.013096761,-0.003359325
0.016138677,0.06338118
-0.0017296241,0.022740453
-0.0018214837,0.015824253
0.006599074,0.06503845
-0.013273489,0.13092978
-0.007816797,-0.004808767
-0.0011193678,-0.017240074
0.031926923,-0.056818247
0.0018332128,0.046633538
0.016973415,0.034310255
-0.0065062763,-0.036242172
-0.0013885836,-0.0071353363
0.008645674,-0.014306594
0.010050688,0.02905096
0.004252387,-0.020498157
-0.0024128808,0.04450976
-0.017612832,-0.010694376
-0.0061371676,-0.0667256
0.0016599684,0.04426182
0.0020964458,0.031985205
0.01524559,-0.051634498
0.000113984046,-0.04140155
-0.00017889238,0.122757554
-0.008431092,0.22865896
-0.00063871767,0.008625347
0.016577914,0.0066502024
0.0034778202,-0.07952156
0.016145514,-0.1985265
0.0017181819,0.0022600228
-0.009328329,0.062333252
-0.006361529,0.12885098
-0.01908272,0.014261295
0.0022809617,0.074847035
-0.008069436,-0.16283311
0.0037753074,0.056017093
0.00018160266,-0.03847068
0.0018806988,-0.036683027
-0.007010729,0.010510216
-0.003676626,0.060124576
0.005321436,0.08853996
-0.0016465068,0.18516631
0.0059538335,-0.09508642
0.012814455,0.12939197
-0.0015316417,-0.14801377
0.0066412287,-0.11695334
0.010484918,-0.023800027
-0.0031965931,0.01886182
0.0044353865,0.050722234
-0.003367743,-0.060637474
0.0021225577,-0.00067324564
-0.0089949705,0.015164141
-0.0016489131,-0.029084986
0.0016938704,-0.06098502
-0.0015881045,-0.009996483
-0.0072443397,0.04151997
-0.003991235,0.027213573
-0.013685693,0.0772696
-0.012003383,0.16042173
-0.02155428,0.022654379
0.0015275787,0.008093911
0.004873353,0.16985647
-0.018201968,-0.22749324
0.021968387,0.035839763
-0.017514482,0.13685258
-0.0152922245,-0.035470743
0.006619416,-0.03085832
-0.0035232138,0.03271173
-0.0060880105,-0.021873927
0.00091569894,-0.0033653774
0.0070359437,-0.0072601447
-0.0064493697,0.06642197
-0.005328973,-0.058277756
0.0028171628,-0.004101757
-0.0032759171,0.023032414
-0.007603173,-0.0071337204
0.012845136,-0.020419678
0.0045663705,-0.008933582
-0.010554397,0.07499757
-0.021023527,-0.043075345
-0.004397955,0.011639187
0.0019252778,-0.00086262403
-0.0075545376,-0.018169954
-0.010013986,0.08065362
-0.0014687555,0.06970058
-0.0143497605,-0.05643261
0.0037847753,-0.0066480497
-0.0112880785,0.0017042195
-0.0023864019,0.13178097
-0.013350086,0.045235824
-0.0012211897,-0.0050016525
-0.0068698344,-0.050969012
0.0037084417,-0.11370958
0.008537955,0.03259185
-0.010562294,-0.009394923
-0.003564603,0.029565724
0.0014627306,-0.009835258
-0.0040578265,-0.0018780028
-0.009977082,0.11554248
-0.01753937,0.018140467
0.012158658,0.017841471
-0.009499308,0.095157236
0.0021827223,0.040276997
0.013994745,-0.07699482
0.027160143,-0.047473516
0.0016613342,6.717423e-05
0.013230792,0.06426014
-0.0009248861,0.034294326
-0.0069558313,-0.036145806
-0.00012659785,-0.06178249
-0.0026898964,-0.06434868
0.004499136,0.1957179
-0.004731322,0.0773752
-0.0066955453,0.069893114
-0.0015949982,0.06767075
0.004029801,-0.039290726
0.002474506,0.019650605
-0.0066310517,6.875285e-05
-0.0011713887,0.049180947
-0.007958217,0.3059653
-0.012621479,-0.065293565
0.004165142,-0.00484694
-0.00642755,0.039026987
-0.00012993999,-0.031944655
0.006483078,-0.12641299
0.0054120254,0.015320364
-0.009961585,-0.06170609
-0.0027582792,-0.0032026987
-0.0045959917,-0.105847076
0.0109743625,-0.0974557
0.008158194,0.027941832
-0.00012334308,0.04681035
0.002486066,-0.05729972
-0.001927228,0.005684348
-0.013308984,-0.031160807
-0.01337407,0.041977454
-0.018417794,0.10153806
-0.0020291205,-0.005726447
0.0054847375,0.13791382
-0.036090605,0.08886838
0.014785007,0.051439
0.012395843,-0.03198811
0.0059650135,-0.06356558
0.023548573,-0.06283307
-0.0060658334,0.044516664
-0.0012354534,-0.018967697
0.010643093,-0.05734512
0.021811392,-0.022710647
0.0050119637,-0.017620362
0.0035315482,-0.011011382
-0.00037542783,0.013867855
-0.005584876,-0.049358476
-0.0063881725,0.016688317
-0.001217901,-0.011550454
0.009476709,0.054286454
-0.00052796025,-0.047493614
-0.0011080677,0.081443764
-0.0036509356,0.006493302
0.000518373,-0.03479658
-0.0048403307,-0.0025922176
0.0014321889,-0.04470545
0.005853438,0.048599064
-0.008628817,0.047992956
0.015351931,0.01924079
-0.0005096693,0.013151382
-0.00027188892,0.0011173192
0.0036223596,-0.07449292
0.002728569,0.046154846
-0.0059359707,-0.009344647
0.00034765864,-0.017657109
0.0005990172,0.051810928
0.0045949947,-0.025237216
0.0063234065,-0.1304115
0.008253715,0.029328814
-0.0034556107,0.02069419
0.0119887795,-0.043742005
0.013151947,-0.006141971
0.005576981,0.0059497785
0.0023435494,0.016192297
-8.4555126e-05,-0.0038497408
-0.0065178173,0.21992797
-0.00039853685,0.08338514
0.010612007,-0.054655593
0.0012132174,0.075772755
-0.0044962578,0.025409762
0.0039363205,0.004612634
-0.00031103822,0.059793193
-0.0056173983,0.1016914
0.009290414,0.005800053
0.020131035,-0.38126087
0.014273893,0.0055500004
-0.002386962,0.2177503
-0.008214982,-0.27405906
0.023594316,0.036482282
-0.014916487,0.06932759
-0.009587172,-0.01726005
-0.0062204706,0.07124884
-0.01636627,0.020244064
0.0048011304,-0.02204039
-0.0054715965,-0.040850066
-0.0040469733,-0.014704686
0.007545893,-0.11185854
0.0062489244,0.09826717
-0.008267781,0.058646783
0.0041951905,-0.061245624
0.020121004,-0.025033342
-0.0040799077,-0.027669083
-0.008966863,0.05230613
-0.013516922,0.046251282
0.002085755,-0.03320763
-0.004054262,0.08980966
-0.0106439935,-0.001619778
0.003954501,-0.034940403
-0.008254366,0.036805388
-0.0034801117,0.022897132
-0.0031046574,0.08811464
0.0035999343,-0.15296084
0.03163727,-0.05643123
0.0042624115,-0.05941104
-0.0023968413,0.014025954
-0.0030995535,0.023313992
-0.0031511043,0.030046731
-0.00055062544,0.10784646
-0.006196264,0.04882571
0.007645052,-0.0054402454
0.0013920926,-0.0040345807
0.0081666745,0.04432989
0.008012525,-0.05529351
0.006814147,-0.008064882
-0.0028352814,0.026647836
0.01268356,-0.009831232
0.016644645,-0.034001585
-0.0024783364,0.061159946
-0.010101533,0.01084738
-0.00090409396,0.02691029
0.0033355784,-0.01388409
0.0050454163,-0.026955463
0.0034278661,0.0031524948
-0.006318542,-0.037248176
0.015342064,-0.02020393
-0.004827756,0.02739671
-0.013008552,0.03543717
-0.00081579003,-0.017013507
0.0111140935,-0.040300652
0.007661573,0.0071736705
0.00040714303,0.012589026
0.00039408903,0.014711514
0.005921889,-0.08019933
0.0032216418,0.024443908
-0.002460613,0.00600866
-0.003740315,0.037956797
-0.0074466933,0.027243236
-0.0014231144,-0.048812028
-0.00136017,0.027939653
-0.0032872506,0.04300059
-0.012565457,0.029139575
-0.009361633,0.020958995
-0.009812313,0.02562745
-0.0055394648,-0.03521785
0.016260989,-0.026676746
-0.0005472002,-0.11793961
0.0122593865,-0.0028332483
0.0052278824,-0.053606216
0.010662315,0.17505716
-0.019112347,-0.0038837753
0.014598714,0.0069809905
-0.006503277,0.0026035195
-0.0071020713,-0.033961035
0.007593257,-0.027565192
-0.007711874,-0.010319161
0.002426406,0.11528644
-0.014308352,0.049419153
-0.001589928,-0.034749623
0.018164823,-0.029731756
0.004418916,0.06525179
-0.020074995,0.1806795
-0.007205263,0.17700815
-0.011033831,0.023852147
0.0018186136,-0.008939882
-0.0063762786,-0.065228425
0.015172264,0.08280257
-0.02203672,0.050232384
0.0155320335,-0.050715677
0.006153511,-0.07787458
0.012731461,-0.106514946
0.006999586,-0.003492365
0.0029653115,0.034153137
0.025209483,-0.023782976
0.009988189,0.0017004166
-0.01050451,0.0027495483
-0.0029580893,0.06952826
-0.0045729075,-0.045881696
0.0042151688,0.03245241
-0.0029582467,0.013874955
-0.01232649,0.047663607
-0.005771054,0.0034870524
0.0031468603,0.0029150217
0.025279742,0.028164519
-0.017117789,0.03873983
0.0035581007,-0.03499158
0.010746757,0.024840096
0.0030219285,-0.061655104
0.007235825,0.06975167
-0.00439142,-0.0147360535
0.003891192,0.062302403
-0.007011876,0.00894471
0.0066464897,-0.09487158
-0.010892794,0.020750662
-0.00926351,0.07999015
-0.013188416,0.025711266
0.000930466,0.103392534
-0.015460515,0.015700074
-0.010980843,0.03227514
0.007168174,0.0075723357
0.0053950953,0.089262396
-0.009831302,0.0016705875
0.012640515,-0.015254022
-0.0057603847,-0.0063133617
0.012330553,-0.11264448
0.021794315,-0.021025786
0.0029887408,-0.0682285
0.017017577,-0.011310165
0.0022040505,-0.03911141
0.019695025,-0.074074015
4.2089086e-05,0.028002936
-0.0074540665,0.013444284
0.007973162,-0.009333378
-0.0038941014,0.028233146
0.004747974,0.044915162
0.011475673,-0.13095516
-0.007212397,0.031796508
0.00015476556,0.08617805
-0.0015659668,-0.035040844
0.005167433,-0.058210358
0.008671029,0.054348625
0.003384524,0.048864074
0.014718905,0.03716491
-0.014102978,0.055642195
-0.002623863,-0.05152099
0.010293607,-0.035617407
0.0041189725,-0.09217362
-0.0018871506,-0.003950287
-0.00417339,0.021837039
-0.015202047,0.043477383
-0.01615475,0.03501291
-0.0042360597,0.06784041
-0.0076257307,-0.04117311
0.016788518,0.031583924
-0.012272695,0.053826496
0.014643505,0.020555595
-0.006409299,0.036997236
-0.016000174,0.02955364
0.015566774,0.00025725644
-0.0042811153,0.042897105
-0.013753964,0.08158431
-0.017554408,0.032621074
0.0027843537,-0.17908604
0.0032197777,-0.08432885
-0.017260473,0.08916442
-0.012490373,0.032042533
0.006033978,-0.014555655
-0.0071556955,-0.00949362
0.0013488019,0.004863362
0.011952357,-0.015779734
0.0040689893,-0.12402378
0.011169592,0.01176416
-0.0016268104,0.03853199
0.0088182725,0.065567724
-0.0072207116,-0.06985599
0.007659737,-0.41784707
0.024402546,0.090217285
-0.010131471,0.09754089
-0.006680241,0.13874537
0.002769275,-0.11793023
0.020210177,-0.09564208
-0.005120521,0.09506632
-0.004683043,0.1427538
-0.0023205387,-0.11729051
0.0053179385,0.01970336
-0.008238619,0.13363118
-0.0067683132,-0.09924819
0.004845773,-0.10054742
0.010217582,-0.065213464
-0.004497408,0.033790853
0.008009888,0.027060816
-0.017688543,-0.012615407
0.010546803,-0.0713937
-0.0020697003,0.033970155
-0.013071599,0.07848708
-0.0021787896,0.22762807
-0.010888919,0.056208804
0.019065212,-0.019332118
-0.0003905918,-0.104890645
0.026399473,-0.0024809537
0.004557629,0.0033277948
0.0050934767,0.096112914
-0.008324822,0.06396693
-0.0148665905,0.010387942
0.0043333564,0.0753076
-0.007364261,-0.17303507
0.022060424,-0.07076545
0.007910575,-0.0875467
0.005077164,-0.05592211
0.0045780237,-0.014196698
0.008023478,-0.071573496
0.010408967,-0.03292977
-8.758012e-05,-0.07722306
0.002378249,-0.15216132
0.009338464,0.12060483
-0.009537043,0.047617305
0.011897873,-0.1842172
0.01780572,0.018678935
-0.0064201467,-0.064149216
0.0047424934,0.0017558729
-0.014838619,-0.049483128
-0.015525366,0.091669
-0.00844365,0.11039134
-0.0070447684,-0.08668362
0.025292827,-0.02638048
0.0052152066,-0.09296433
0.0142504405,-0.12711315
0.01799395,-0.13047646
-0.012223154,-0.121264294
0.022056747,0.014566879
-0.0111850295,-0.099160194
0.014427239,0.076427944
-0.0316273,0.10669271
-0.0076456172,0.026696147
-0.0008518745,-0.10137608
0.0025374233,0.0338351
-0.007635045,0.051662993
-0.0051443996,0.14801104
-0.015562538,0.03802119
0.011654726,-0.08494851
0.02155054,-0.053306006
0.0085998215,-0.100624114
0.008617582,0.00018782946
0.0076209484,-0.041837893
0.005859347,0.0062529678
-0.022741701,0.08248048
-0.010447729,0.22105719
-0.031044476,-0.018491719
0.025411768,-0.19822149
0.013741348,0.0047395984
-0.021625603,0.02375991
-0.009736493,0.061291464
-0.005798096,-0.04427355
0.007956216,0.018548606
-0.009043546,0.00781793
0.014135584,0.0040513943
-0.00046752917,0.39952493
-0.027158573,0.13187815
-0.01563316,0.10297632
-0.023302723,0.04870152
-0.0050897333,-0.0047520134
-0.00829188,0.0026863874
-0.003702099,-0.08511366
0.019646568,-0.1566281
0.016795214,-0.004072664
0.0010032477,0.123503834
-0.014226858,-0.031784255
0.010032546,-0.09970439
-0.0012987356,-0.16865107
0.0018658357,-0.061252482
0.009612243,0.060211632
-0.0022579897,0.020329738
0.0047737625,0.019674074
-0.007428894,-0.05070208
-0.01190669,0.026392218
0.0044062813,0.017653285
-0.012896366,5.130366e-05
0.01237488,-0.012306343
-0.0035246843,-0.036991227
0.009165027,0.021403376
-0.0150900325,-0.1657015
0.024351409,-0.04433232
-0.0030056392,-0.006888037
0.012122674,0.000348795
0.007815046,-0.07055878
0.0049382225,-0.13864034
0.016074304,-0.08095047
-0.0079854,0.1028715
-0.0075919656,-0.18373957
0.016857684,-0.06063432
0.00836953,0.02120687
-0.002485488,-0.016656335
-0.00060477306,0.1873955
-0.0017625445,0.050136436
0.003939686,0.04120254
0.00495783,0.055553503
0.0035121206,0.028893797
0.0024852366,0.090704076
-0.008191306,0.09671779
0.0031111634,0.0013167395
-0.0013637468,0.16579315
-0.0007607668,0.016218942
0.012540306,-0.077156134
-0.007256365,-0.07493425
0.012736397,-0.068688095
0.007590118,-0.012852119
0.0061257347,-0.07165229
-0.003397941,0.009151373
0.0043682484,-0.025589442
-0.0011813595,0.018660946
0.006725333,-0.0821646
-0.0069087553,-0.014904087
-0.002646492,0.030652989
0.0061886357,0.042308982
-0.0052750334,-0.008984553
0.0006503885,0.047220513
-0.0013873847,0.019126771
-0.00828574,-0.032768615
0.0025583853,-0.032161813
0.0028667254,0.10371801
-0.007676259,-0.014840931
-0.005224154,0.052765775
-0.019537285,-0.0041976357
0.01278391,-0.10608172
-0.05392106,-0.09064163
-0.01887811,0.017271673
-0.017611219,-0.031533603
-0.04737073,-0.13612054
0.053210318,0.09188666
0.053214904,0.03926676
-0.058262274,-0.027757619
-0.01334014,0.018872872
0.012527085,0.028828815
0.062426154,0.00487008
-0.050419897,0.14442824
0.017380597,-0.055499233
-0.057724718,-0.017196745
0.008313324,0.079587236
-0.025724247,0.028570652
0.06350274,-0.08036376
-0.016322773,-0.041893817
0.032718502,-0.093829915
0.020867668,0.05262457
0.0055479547,0.1163331
-0.03549962,-0.01962995
0.014528555,0.039128754
-0.011185271,0.1665304
-0.026193261,0.19981465
-0.008951983,0.048514687
0.0026396483,-0.09364323
0.023579214,-0.14442061
-0.030220075,0.08529534
-0.063473344,0.08240685
0.03470886,-0.27503014
-0.0059618684,-0.075989656
0.0009544883,0.086999424
-0.0362192,0.08975834
-0.003626671,0.022818228
-0.023648415,0.032219376
-0.0071005872,0.071218394
0.007871326,-0.043328904
0.04161566,-0.14766306
0.023928834,-0.016775794
-0.0028982973,-0.054664515
0.003105946,0.02489913
0.009092371,-0.17526492
-0.02496624,0.018497432
-0.017787969,0.054605518
-0.024480995,-0.0148111265
-0.0011575904,0.09356847
-0.0021937927,0.024323815
0.0041576824,-0.05962107
-0.014090001,0.013095391
0.008069014,-0.042191997
-0.0014049414,0.001292944
-0.010649597,0.08371441
-0.005012669,-0.04357727
-0.0049398243,-0.09494418
0.015020356,0.03836485
-0.021693937,0.056317694
0.013909698,-0.07209598
-0.0020662642,0.05432708
0.0076683545,0.07606001
0.001684147,-0.043796115
0.008309367,0.010220558
-0.003305531,0.05846983
-0.004222977,-0.021771364
0.007344616,0.05850728
-0.0025090417,-0.18117763
-0.0006063317,-0.09457632
0.008162398,-0.12895052
-0.003231552,0.030239217
-0.008810041,-0.22858913
-0.015036648,0.07402789
-0.017287467,0.10054017
-0.0030888217,0.07157125
-0.02461391,0.06449125
-0.027379211,0.17835394
-0.030422669,0.12688886
0.0041257814,-0.19466017
0.023552796,-0.10096512
-3.5169418e-05,0.06963715
-0.023360513,0.00082702946
0.01845578,0.0149883665
0.0011235412,-0.00032589535
0.00029650517,0.056934
0.00403432,0.014245723
0.0058545414,-0.013559762
-0.004254762,0.032572184
-0.0034248056,-0.014459103
0.01194205,-0.06662447
0.0050439993,-0.30521294
0.008478544,-0.1110881
0.0128479805,0.016260758
-0.015243258,0.058074635
-0.0006641616,-0.19605154
0.00849053,0.025302975
-0.012055713,0.076171175
-0.008322943,0.028474063
-0.004335771,0.14095844
-0.015547479,0.038866445
-0.0016323132,-0.024935003
0.027503641,-0.016255463
0.005522066,-0.02297654
0.009018619,-0.048720453
0.003561154,-0.010361426
0.0059361598,-0.013995351
-0.0062636086,-0.02095809
-0.0015148418,0.060560387
-0.0030958694,-0.06529433
-0.0055856784,-0.00080573774
-0.0010771481,0.07703844
0.017857987,0.14684606
-0.0052703694,0.5027628
-0.011916768,0.06070592
0.009973052,-0.14222774
0.008311927,-0.11455209
-0.010604319,-0.0004159784
-0.010867004,-0.07774461
0.015761446,-0.27961242
0.005423691,-0.03381834
-0.0019587302,0.074622065
-0.003087399,0.097193465
-0.011129461,0.17977038
-0.02185461,0.21519291
-0.02125673,0.20432772
-0.026373012,0.111172006
-0.008228823,0.03490794
0.017670011,-0.054543372
-0.003164244,0.03317022
-0.016630743,0.009508567
-0.006226372,0.0741524
-0.0046124374,-0.13433027
0.015713774,-0.10686735
0.0042011775,-0.08700241
0.0065726843,-0.06636414
0.015329117,-0.12567842
0.008827144,-0.059575044
0.006120808,-0.005250446
0.0064379787,-0.0118902335
0.0034410665,0.020090537
1.4744874e-06,0.0004814485
-0.0006593806,0.051514756
0.0028733271,-0.0012902997
0.00016912079,0.045739
-0.017286561,0.047636203
-0.0011416784,0.06211857
-0.00946868,0.09571623
-0.0071976734,-0.012647645
0.015615235,-0.12171984
-0.00066047395,0.07142391
-0.004839356,-0.13087171
0.019446846,0.1229685
-0.02518193,0.12866908
-0.007389264,0.015495222
-0.008209877,0.023978444
-0.0054150885,0.13150981
-0.011298528,0.100750126
-0.016707603,-0.02302027
0.02579502,-0.06958854
-0.015459054,0.07641335
-0.0072957682,-0.011240817
0.028014556,0.0018625001
0.006648445,-0.001166408
0.0060494468,0.005778519
0.007081736,0.023868589
0.010795335,-0.07565958
0.008509906,-0.106668055
0.005081115,0.061356086
-0.0036834776,0.026198508
0.0018364312,0.12412236
-0.010789343,-0.03304643
-0.00651078,-0.024944752
0.006236956,-0.028195528
-0.014357347,0.038042996
-0.015706956,0.07914408
-0.006977224,0.0869114
-0.005261682,0.010013008
-0.0056364583,-0.07485804
0.013306169,0.03617227
-0.00096881925,0.036863618
-0.020774417,0.1277332
-0.0030541508,0.12138008
-0.011151742,-0.024633773
0.0062757293,-0.05710516
0.028869912,-0.15086976
0.017496247,-0.15659711
0.013365265,-0.04989783
0.016940156,-0.069943905
0.0020636227,-0.05233639
0.0041226572,-0.1662904
0.001198425,-0.015365493
-0.016714226,0.038300674
-0.0086955475,0.0036732513
0.004067894,-0.07568931
0.004694528,0.04091939
0.001386153,0.0030276962
0.011585865,-0.08645282
-0.0037280824,-0.0065094386
-0.013145402,-0.07764903
-0.0014058441,0.0443314
-0.0062769866,0.11320375
-0.0029590763,-0.014303865
0.0071400395,-0.058945734
0.008801841,-0.055914205
0.0065560923,-0.05633626
0.014290918,-0.08152838
-0.0041478267,0.019694924
0.007563243,-0.05153844
-0.013614375,-0.024396844
-0.02860254,0.020106839
0.0033374366,0.0067968145
-0.004168839,-0.02752852
0.012947925,-0.063599534
0.0017837419,-0.0135122975
-0.006135035,0.09378303
-0.010891827,0.032999415
0.01809097,-0.11964767
0.019869357,0.06767997
-0.00688859,0.01170525
-0.001976606,-0.012683731
0.0050509237,0.030072263
-0.014111279,-0.01899392
-0.003279352,0.0023545937
0.0028959108,-0.019267906
0.026675127,-0.0037702904
-0.0017886327,-0.052982766
0.0042159525,-0.046706527
-0.0036136778,-0.03220668
0.020730121,-0.118882045
-0.0001560708,-0.039907925
-0.0022654305,0.036453225
-0.008505693,0.036794446
-0.0043079588,0.013967041
-0.0055774236,-0.05744238
0.0048363013,0.053091973
-0.004186554,0.02032887
1.1573255e-05,-0.14621988
0.01873143,-0.031074204
-0.0046433373,0.040844653
-0.0072891405,-0.11461238
0.008540234,-0.0042909514
-0.004788288,0.000824455
0.0035572331,0.0026302692
0.0025103614,-0.010421798
-0.007641764,-0.016835531
0.004210503,-0.057528697
0.010539347,0.040812172
-0.003923323,-0.077134356
0.009472127,-0.07645258
0.0033249753,0.008519051
1.0626973e-06,0.06632445
-0.008621133,0.09273795
0.0054909815,-0.027483936
0.012120549,-0.035714407
0.0005929469,-0.042731244
-0.005262115,0.018916689
0.005715023,0.026603539
0.017084647,4.5291117e-06
-0.001889752,0.033621278
0.005128119,0.009068227
0.0107277045,0.1517942
-0.017207041,0.11705989
-0.021955606,-0.0047744145
-0.0016214756,-0.007663727
0.002085646,-0.00441214
-0.0014187461,-0.017321024
-0.018372979,0.03675453
0.0020281023,0.09999581
-0.02220075,-0.06349551
0.0013179979,0.037802994
0.0007087063,-0.044223614
0.04338633,-0.22498429
0.019554282,-0.0106511805
-0.011359414,0.018835587
-0.009179814,-0.010967688
-0.0010372623,0.016725274
-0.0031702206,-0.022620749
0.001732508,-0.09890317
-0.0075557986,-0.010145692
0.0013455758,0.12655814
-0.014016758,0.016482769
0.0094236825,0.1406899
-0.0075428686,0.071257085
-0.0123722665,0.0060627735
0.006341289,0.14686945
-0.01207033,-0.0027438984
0.0036064717,0.10074841
-0.004172056,0.00020910034
0.011831493,-0.18523757
0.018479362,-0.06617401
0.00550163,0.15613364
0.0031178207,-0.013623824
0.01163619,0.12280072
-0.008351666,0.19520934
0.008967231,-0.06679134
0.013780466,-0.14952096
0.0019354796,-0.25045574
0.0018974529,-0.09112308
-0.0144872945,-0.1343193
0.008955981,-0.06002094
0.0035215765,0.06048777
-0.002248191,-0.14672922
0.007400859,0.017622521
0.00853255,-0.03223644
0.0060345377,-0.25496677
0.007067964,0.04047776
-0.007406267,0.012595621
0.011628946,0.1588875
0.0038870366,0.0078672515
0.0060187215,0.068397924
-0.0024516368,-0.024050932
-0.015188691,0.065500356
-0.022293346,-0.006043478
-0.015898667,0.026750633
-0.011947578,0.07967948
-0.0057281456,0.0914505
-0.0021580388,0.028270908
0.0062309364,-0.04708608
0.008245624,0.00071625534
-0.0068458533,-0.040931016
0.0069819205,-0.001909176
0.021531861,-0.0019416561
0.0019003488,-0.02641883
0.013822532,0.0062893922
0.026110245,0.09657862
-0.0009796254,-0.09092675
0.002527848,-0.01635934
0.0029430506,-0.05165904
0.0014787226,0.05190432
-0.00020476163,0.0039286283
-0.0022011874,-0.04251169
0.014160639,0.019352352
-0.00015311167,0.029903596
0.014586054,0.0073303324
0.0008001679,0.002767395
0.0075911335,-0.060923237
-0.0073061916,0.019476652
0.0015557121,0.009761845
-0.0016789333,-0.08568782
-0.01131758,-0.1584657
0.005760733,-0.027057653
-0.002613534,-0.043740094
0.0019868119,0.054857794
-0.006277181,-0.0003320122
0.008389655,-0.03928566
0.0071163927,0.03836913
0.00033462993,0.021230675
-0.0062874807,0.04584434
0.0017373951,0.01642421
-0.0010165963,-0.09216103
-0.0025941613,-0.02940531
-0.0023871635,0.04096031
-0.007837561,-0.009537949
-0.006484205,0.07810631
-0.013710555,0.01443909
0.015821692,0.038469505
-0.017991234,0.010212542
0.017498411,0.0057849097
-0.010691804,0.031591143
-0.0039483495,0.0113554485
-0.0034938937,-0.038766954
0.008344108,-0.0592245
6.9490634e-06,0.07959233
0.0032594365,-0.08039012
0.028874448,-0.09595016
0.0030679193,-0.031558435
0.005763069,-0.0070504905
0.0032854737,0.018893648
-0.0098460475,-0.0463238
-0.00046117086,-0.040363785
-0.02145492,-0.089005746
-0.07291504,-0.07012644
-0.05373567,-0.19390014
0.026013147,0.08298086
-0.0017242777,0.034416504
-0.046654746,-0.09314337
0.04712066,0.106684506
-0.049547054,-0.2017079
0.08252531,0.1108504
-0.010117082,-0.01160913
-0.0065711015,0.034364156
0.043185856,-0.08131823
0.04434983,-0.009538938
0.030078696,-0.115489505
0.040130187,-0.053562198
0.014502123,-0.010292033
0.008550028,-0.0358726
0.0061990498,0.021340836
-0.008376658,-0.005202934
0.010629948,-0.03476553
-0.0058951774,0.0035497132
-0.020813715,0.0360874
0.004675364,-0.05125503
0.0036789645,0.039191753
0.010690741,0.050027963
0.012218852,0.029962186
0.0012773268,0.070896715
-0.008378012,0.052133955
-0.009494296,0.008832059
0.017895717,-0.048920162
-0.022125896,0.07863192
-0.008945081,0.083674915
0.010493144,-0.0030980608
-0.003945755,0.0038570983
-0.0048771203,-0.053582188
-0.005807434,-0.0054847132
-0.0046467967,0.03810898
-0.013689105,0.07187174
-0.003756607,-0.0008191458
0.010911319,-0.057096552
-0.0004916433,0.11097461
0.009320086,-0.014628318
-0.02115805,0.051340453
-0.0053880466,-0.027472066
0.0040021148,-0.054747432
-0.0029008128,0.062317494
-0.0071750316,-0.06344447
-0.003270113,-0.06471603
-0.0069590854,0.022024192
0.0077863326,0.018462548
-0.014400723,0.0108416155
0.007771936,0.030764524
0.0026273776,-0.09939822
0.0006809684,-0.02225978
0.0061916267,-0.044059616
-0.013928145,0.01687578
0.00051067857,0.037598588
-0.0140584,0.041816294
0.0002683174,0.04696828
0.027565788,-0.0157381
0.0033014668,-0.010167096
0.0089164525,-0.11389261
0.006668402,-0.045781035
0.0024886378,0.020167645
-0.00612173,0.1308832
-0.0068729892,0.03149843
-0.009474112,0.053715467
-0.0070733638,0.1687169
0.0038591947,0.047697283
0.012461247,-0.13062964
0.01658744,0.028887767
-0.011191757,-0.15141729
0.01710277,-0.050618246
0.005161288,0.01989607
-0.020747501,0.015234844
0.012459367,0.10459714
0.010636781,-0.041294206
0.012453901,0.10085
-0.00039729854,0.121534124
-0.00041520677,0.08348854
0.011326717,-0.043446187
0.0181757,-0.050244085
0.0059951013,-0.006505415
0.0067239366,-0.066158816
0.006055646,0.17620616
-0.0016484224,0.09247516
-0.002531238,-0.028882027
0.014365805,0.006608581
0.0013875195,-0.033984438
-0.011128625,-0.019934462
0.0011239104,0.010889966
0.005848903,0.15737021
-0.0045836736,0.014164188
0.0033992599,-0.096991576
0.009447437,0.032565452
-0.009714993,0.0722974
0.010711166,0.03589559
-0.011193832,-0.047889784
0.0010905865,-0.16870308
0.03750506,-0.25794262
0.007189429,-0.027928792
-0.0012223743,0.03717175
0.0020952486,0.033648368
0.011901487,0.061870217
0.01016416,0.03424027
-0.004089251,-0.0674985
0.009621704,0.040198006
0.0044031893,-0.13462292
0.0037188185,0.04413734
-0.011099035,0.10911193
0.0022130988,0.23515072
-0.010220855,0.07136507
0.0006026702,0.029867763
0.0068862615,-0.050434705
0.0022780325,-0.028364282
0.009886909,-0.20667808
0.005577082,0.05718455
0.003999633,-0.035127856
0.011414915,0.17788307
0.00021927309,0.03598307
0.013311861,0.0017122871
0.0022343488,-0.0070934156
0.002315851,-0.11533658
0.01543983,-0.06657973
-0.036574226,0.0504774
-0.005086693,0.10363805
0.005125709,-0.04215406
0.020645604,0.02907688
-0.00061519165,0.11056326
-0.004043628,-0.026015999
0.0041245273,-0.026304284
0.0021197237,-0.04684966
-0.0030107514,0.04936373
0.011940875,-0.058388
0.00038002082,-0.024268905
0.012951893,-0.05654428
0.007984398,-0.039145872
-0.010917206,0.06446172
0.0071999454,-0.037299745
-0.0028799416,0.35738757
-0.01923116,-0.026479399
0.03599236,-0.24902335
0.0039512906,0.06024252
-0.017753366,-0.08307852
0.012587911,0.0033067844
-0.0017044228,0.029923376
-0.009545065,0.048608035
0.015368743,-0.093001395
0.0058198273,-0.12769708
-0.0063529364,0.0013932387
0.0021039126,-0.025632044
-0.018914627,0.06575183
-0.024816442,-0.002274632
-0.008699015,0.094295435
-0.031096172,0.09860969
0.002589267,0.025261817
-0.0075974176,0.15680538
-0.010485939,-0.029740078
0.0030110772,-0.05216086
0.0006320749,0.03217996
-0.0010127961,-0.11569085
0.025559356,-0.061065692
0.0067551923,0.0033590437
-0.0055431295,0.061284438
0.006964904,-0.0055083907
0.017671425,0.027246796
0.007240142,-0.059599355
0.0029212204,-0.0041474598
-0.002223546,0.04577249
0.00077671115,-0.064746395
0.00897052,0.03132398
-0.0017209895,0.067674994
-0.021650743,0.05353318
-0.017291913,-0.044914313
0.019191902,0.07413686
-0.008990092,0.09153791
-0.018521328,0.016568432
0.009324681,0.14460324
-0.013737328,0.08420891
-0.001423066,0.0262951
0.0071009267,-0.081460945
0.015377763,0.053912546
-0.006793366,-0.0019012864
0.004638548,-0.016792288
0.01037123,-0.023725295
0.003999604,0.025539652
-0.009583419,0.0079603875
0.009277448,-0.07745253
0.0028551836,-0.07553522
0.0053463383,-0.051572092
-0.012447024,0.1293039
-0.0055742073,-0.001189187
0.013772795,0.020827336
-0.014278834,-0.00882664
-0.0049377186,-0.010961532
-0.0036914567,0.039871603
0.0032168617,-0.033155743
-0.008845233,-0.1683772
0.023038808,-0.1340628
0.004296636,0.06751665
0.000522303,0.091894835
0.019125242,-0.006275619
-0.0021023364,0.0008480882
0.00369841,-0.054949734
0.0020570902,0.064772874
-0.004262609,0.016774014
0.008182995,0.05592493
0.0035316888,-0.031545162
0.009184525,0.025075365
0.0045404276,-0.06897898
-0.00086301,-0.0065090894
0.0062683327,0.06114379
0.0031462007,-0.034835875
0.0008475495,-0.027351307
-0.0068129795,-0.05008484
0.0068605985,0.002991279
0.014482789,-0.087691575
0.0046255253,-0.0355061
3.5142642e-05,0.021054743
-0.0015021609,0.023917561
-0.004208075,-0.053402506
0.007561898,0.011855224
0.001191859,0.012757581
-0.0055246307,0.27905086
-0.014086984,0.08924644
-0.007143071,-0.03614381
0.009982076,-0.12030448
0.0007271806,-0.11081449
0.009554455,0.06104245
-0.014422109,-0.04793796
0.008498056,-0.07946263
0.002436447,0.026673498
-0.00090880657,-0.011741972
-0.0059675113,0.10729524
-0.024259705,0.026939042
0.0025577394,0.037173115
-0.00058719236,0.021052592
0.0010428397,0.078507885
-0.0056870067,-0.16103886
0.027114283,-0.08479851
0.0059949895,0.0045700734
0.012834734,-0.07546898
-0.003419744,0.13854338
-0.012272581,0.024933785
0.0146503635,-0.073795535
0.021424523,-0.08179316
0.0058320602,-0.04828935
-5.44067e-05,0.007812806
-0.020762358,0.13238955
-0.026086764,-0.00085274637
-0.0013463555,-0.046011534
0.0014849459,-0.11557625
0.003912706,0.091992304
-0.015586399,0.011028459
-0.0078096376,-0.04851662
0.008977196,-0.063725755
0.013064808,-0.018834723
0.0032968721,-0.04001707
0.023301993,-0.07095421
0.008698726,-0.012563348
-0.006463996,-0.03204762
0.0049223425,0.07680362
-0.0077142827,-0.022598308
0.0146269305,-0.045501266
0.0015800721,-0.047052912
0.008896848,-0.0056779594
-0.011545112,0.06649646
-0.0006541701,0.0013797662
0.0063158474,-0.043569833
-0.011789885,0.06025944
-0.013581049,0.10678067
0.00051050214,-0.02044459
0.006502209,-0.001980927
0.0048511126,0.042327527
0.011821084,-0.10552713
0.01937483,-0.019685166
0.011568619,-0.07299823
0.0011685451,-0.0021311531
0.0043128254,-0.10531492
-0.008513501,0.041178465
-0.0028405867,-0.038502846
0.000945972,0.0766255
-0.0025764694,-0.00021715423
0.018072989,-0.11080354
0.006172264,0.061426494
-0.005007148,-0.08737066
-0.0041723833,-0.15032077
-0.006205511,0.015482815
0.0057272897,-0.021098178
-0.005134683,0.03592321
-0.029297106,0.112364404
-0.026961066,0.10801343
-0.0014436261,0.010054012
-0.0028709108,-0.052726183
0.011392327,0.036234498
-0.016023882,-0.081055336
0.019730482,-0.05994896
0.008411678,-0.059015837
-0.0068307384,-0.04310141
0.003988457,-0.009011174
0.0104001,0.052924443
0.004359462,-0.29661092
0.02284217,-0.15689923
0.0022418576,0.04603554
0.00592143,0.3725383
-0.0023236447,0.045238923
0.002512862,-0.120140046
-0.00035883987,0.26898283
-0.006531996,0.094956994
0.0041327197,0.094418496
-0.0029903594,0.06138059
-0.004818802,0.17768343
-0.0062093623,0.06380768
0.0062311087,-0.038918186
0.005304603,0.1010656
0.0055861147,0.02631045
0.0063746152,0.13015826
-0.018819246,0.087382026
-0.016362002,0.20883639
-0.01549993,0.008106322
0.015805412,-0.09137409
0.014467315,-0.050332725
-0.013768643,0.15650862
-0.014056113,0.10127345
-0.015080707,0.1300329
-0.003201983,0.2048368
-0.012149863,-0.0533053
0.022059485,0.42558107
-0.04813755,0.14356464
0.01547336,0.06935948
-0.0034677286,-0.10688383
0.02193722,-0.16534029
0.005924986,0.13896379
-0.02593807,-0.03696794
0.020590771,-0.06857094
-0.01097056,0.11994513
-0.020905975,0.024207832
0.016296376,-0.07459107
-0.007856159,0.0369182
-0.005871676,-0.009666434
0.01946596,0.026329948
-0.011078481,-0.009229254
0.012181011,-0.11281041
0.010030141,-0.107956626
0.005798271,-0.044838242
0.0024733376,0.055079695
-0.00052089815,-0.03183913
0.009770071,-0.06784808
0.0059820483,-0.024371168
-0.009235751,0.11542301
-0.014718115,-0.05528253
0.012659538,-0.055399235
-0.0027312315,-0.04697154
0.008347444,-0.053635806
0.0037320694,0.008024541
3.4571975e-05,0.014164362
0.013848689,-0.0371442
-0.0077020694,0.038122874
0.010269696,0.07803421
-0.014213603,0.020063568
0.0077492697,0.0068082516
-0.016001131,0.000974848
0.00983482,0.010451551
-0.01893016,0.12733388
-0.014904154,0.06510611
-0.008097214,-0.020435916
-0.013269106,0.060012404
-0.005229064,-0.079748824
0.023584422,-0.08059508
0.0016193927,-0.061613724
0.01664793,-0.030722471
0.0019132519,-0.0061513656
-0.001901577,-0.073665075
0.0018776102,-0.07604983
-0.0056923153,0.001751987
-0.0043649804,0.042961452
-0.011330972,0.036729146
0.010435194,-0.0723244
0.012079568,0.07315191
-0.008584487,0.21042243
-0.005752868,0.07843335
0.0077885953,0.052834317
-0.008846266,-0.07707219
0.0055019343,-0.039945822
-0.0062983353,-0.04849784
0.0018612484,0.100762755
-0.008391764,-0.09540142
0.009895153,0.10237481
-0.0031162107,-0.015831832
0.0060604033,-0.16672792
0.00023082824,-0.08828651
-0.007914208,0.024476763
-0.011945334,0.053755336
-0.00459327,0.018167563
0.004986838,0.009588434
0.026751138,-0.22382255
0.029183665,-0.06729717
0.013053419,-0.05096579
-0.013466867,0.09074242
0.00073714205,-0.13625318
0.015181346,0.02897324
-0.023061287,0.06219936
-0.011082635,0.050848622
-0.024401292,0.049721863
-0.0042562243,0.0072442223
-0.0033111512,0.029649308
0.0014351847,0.0010030913
0.0015414907,-0.020243846
0.0067756847,0.07708373
-0.010688047,0.0366698
0.02144299,-0.039979074
0.01658453,0.2619996
-0.013023368,-0.27581924
0.015222641,0.08270804
0.0006348301,0.0993596
-0.0048248405,0.02139409
-0.00057029794,0.015996506
0.010653859,0.0046060104
0.0129747465,-0.025066458
0.0062904954,-0.14316684
0.0005952335,-0.040526755
-0.008974156,0.16436927
-0.00040482165,0.056646846
0.016125998,0.04420786
-0.011723179,0.0010576947
-0.004234341,-0.10561407
0.009091412,-0.023070687
-0.0041496814,0.016451241
-0.010599243,0.053102177
-0.01702328,0.05972576
-0.0063855015,-0.018031044
-0.010320749,0.018230334
0.0073150005,0.10234361
-0.013373915,-0.09368497
0.02817123,-0.057757962
-0.00843589,0.020136341
0.0020249514,0.027646903
-0.012496134,0.090358295
-0.0054419492,0.15652324
-0.0075207977,0.09095927
-0.000450272,-0.08976133
0.006322094,-0.013117551
0.0004414694,-0.017327748
0.013903996,-0.020292232
-0.004531434,-0.043670688
0.013510808,-0.13248992
0.006886513,-0.05640883
-0.002579079,0.009139255
0.005578832,0.0703485
-0.013010963,0.0062159994
-0.0070060994,0.074547015
-0.01826032,0.13834856
-0.013412208,0.025440112
0.01188218,-0.036894813
-0.003305072,0.017128952
-0.013926209,0.21677177
-0.022989897,0.08357114
0.010851505,-0.042853214
-0.011313383,0.016921522
0.00751843,-0.055646673
0.0063013835,-0.027739264
0.013465302,-0.06100666
0.0059714057,-0.003102806
0.0101763,-0.07286362
0.010162853,-0.023803007
0.0030564074,-0.02929979
0.0062008547,0.01489157
-0.00786139,0.08105174
0.0061239405,-0.013509842
0.0040735058,-0.05822032
0.0077360654,0.007158559
-0.017698502,0.13782932
-0.00988845,0.004052109
0.016697925,-0.056793943
0.02286315,-0.016701281
-0.0030988967,-0.042582307
-0.003457593,-0.013612591
0.0014595077,0.021655496
-0.0017204515,0.0215027
-0.0022440134,-0.05449706
0.0014388675,-0.041283984
0.009122403,0.008560381
-0.009468861,0.12837948
-0.017919675,0.024468532
0.004857646,-0.16057926
0.005013462,-0.033937365
-0.0040537408,-0.017757608
0.00023456034,-0.09269406
0.005934992,-0.029585613
0.0024757413,0.03788465
-0.006954489,-0.07875929
0.01930795,-0.12994115
0.0059194127,0.00039534777
-0.021976821,0.08056659
-0.007383948,0.21061422
-0.02778536,0.0553727
0.015745142,-0.085321754
0.018818751,0.011088911
-0.013048599,-0.21093164
0.026607692,-0.07737135
-0.0061922995,-0.028745083
0.017211568,0.0002120337
0.00418815,-0.04529698
0.023562966,0.0026960473
-0.0066277287,0.08057998
0.006203127,-0.03873249
0.0049961437,0.08435173
-0.0044861594,0.012378951
0.008866546,-0.11683785
0.013054039,0.13203725
-0.020356257,-0.043098673
0.01346945,-0.0291233
-0.004797955,0.042467345
0.00861042,0.10704802
-0.007360822,0.044190593
0.007197377,-0.07214193
0.010598177,-0.004849508
-0.0048356755,-0.09881037
0.0027741175,0.21915752
-0.009517208,-0.13345659
0.024063278,0.01372382
-0.021310655,0.12258787
-0.008466117,0.14115328
-0.037689634,0.21388048
-0.022380482,0.06402524
0.00787317,-0.020727184
0.009547251,-0.0061831847
0.010298842,-0.13264082
0.018779151,0.0744216
-0.03137474,0.07968041
0.00667626,0.20522635
-0.020907685,0.108488806
-0.002878259,0.026252376
-8.079852e-05,0.006336209
0.006936223,0.21218519
-0.0182502,0.05179543
0.005261448,0.18452913
-0.024446817,0.3144509
-0.028560491,0.020915054
0.022691168,-0.24088232
0.024078738,-0.22848287
0.011293296,-0.06703699
0.014699833,-0.07756654
0.0051451363,0.024506828
0.009141392,-0.18223697
0.013906407,-0.06781214
0.0066617094,-0.023805302
0.008265782,0.022561772
-0.014478676,-0.09963216
0.02898911,-0.08451722
-0.011169141,0.030483231
0.00036817318,0.03034897
-0.004721733,-0.03352305
-0.009673225,0.04248791
0.0064532845,-0.09593573
0.008330131,-0.05384606
-0.011930833,0.17000657
-0.02190867,0.11098021
-0.021565897,0.033584744
0.008107304,0.014932196
-0.011100969,0.05401147
0.003707553,-0.079866335
0.01669787,-0.04270838
0.0074505806,0.008962194
0.009634779,-0.026881902
0.009880355,-0.007894701
-0.009128136,0.18867742
-0.0057630013,0.046677712
0.0038659133,-0.08597035
0.0009946411,-0.11347558
0.008178289,0.01869297
-0.004538483,0.11423682
0.0037900235,-0.23587528
0.0023103114,0.026117412
-0.0036069835,0.080933414
-0.007452435,0.14778586
-0.0070018535,-0.00679039
0.0062035127,0.09241131
-0.0064048767,-0.009980738
-0.0015827448,-0.06691513
0.011761105,-0.012215794
-0.01640226,0.07017335
-0.010561608,0.095078506
-0.0151003245,0.039188784
-0.007010548,-0.021806663
0.01553422,-0.15713352
0.0011439429,-0.0020546196
-0.006209149,0.043488346
0.018490074,-0.05577626
-0.00032662653,0.054924972
-0.014224047,0.06422518
-0.007999689,0.05351149
-0.005543873,-0.047201723
0.011566636,-0.24605396
0.01232418,-0.06975117
0.0009419969,0.07208278
-0.0054257177,-0.08949386
0.014223007,-0.04429398
0.0031582492,-0.07758574
-0.0012119657,-0.034326814
0.005683926,-0.0268319
0.005308793,0.010165724
-0.0021249708,0.047819674
0.004383267,0.15677215
-0.0055109,-0.4221296
0.023720235,-0.13641787
-0.0027425129,0.3760217
-0.016486587,0.09827196
-0.0036687455,-0.009795705
0.01260042,0.12339628
-0.012047971,-0.0076618874
0.010890445,-0.09817596
0.014437521,0.034586057
-0.011328277,0.028436402
-0.009388458,0.052825198
-0.00365241,-0.121149585
0.017819703,-0.2016979
0.015089897,0.029320695
-0.015561136,0.024967538
0.0014578846,0.017307086
0.00043255842,-0.036351543
0.00983768,-0.013895498
-0.0028669,0.057287924
0.006014215,-0.04864628
0.0054303715,-0.0685187
-0.00093983085,-0.055716023
0.007220975,-0.034478996
8.304563e-05,-0.06422357
-0.0036033937,-0.02651812
0.007717326,0.0439515
-0.0013655652,0.27474308
-0.008077554,0.02824268
-0.002944405,-0.050386656
0.008446099,0.03719713
-0.011583716,0.05329083
-0.0035304148,0.0018452358
-0.003448224,-0.022518283
0.0007476319,0.12821496
-0.009645937,0.15798512
-0.0018256826,0.036767215
-0.00069169747,-0.14197704
0.023070272,-0.01221795
-0.0026674555,-0.08824212
0.0022908885,0.03757839
-0.011051156,-0.08551201
0.018643063,-0.007428338
-0.019171074,0.08072987
-0.00087305205,-0.04642749
-0.00022621581,0.035585057
-0.0062484555,-0.07624144
0.011888873,0.026920544
-0.00089497137,-0.004469932
0.010814609,-0.12170365
0.022601109,0.015426122
-0.015609624,0.077641
-0.0027450817,0.13081537
-0.009236609,0.004101529
-0.002194265,-0.008185659
0.010661096,0.004607621
0.021662697,-0.035909493
0.0006383596,0.051793978
-0.010913108,0.049364034
0.0064568985,0.024483886
-0.006073849,-0.10711251
0.022194367,-0.15788905
0.0013653355,0.10731796
-0.017833278,-0.10868405
0.015786272,0.08287716
-0.02353007,0.00019150894
0.001216816,0.04813359
-0.0076790135,0.10305856
-0.016015423,0.072835445
0.010244004,-0.032279395
0.013519151,0.0049707144
-0.005123987,0.13850255
-0.006618648,0.018183343
0.009261643,-0.2393132
0.03297689,-0.05146776
-0.007550412,-0.19578312
0.008086579,-0.060874455
0.0050529605,0.006117499
-0.0049180523,0.022287821
0.006645197,0.06405642
-0.0016270161,0.0014930276
0.013760651,-0.05207468
-0.0022410618,-0.117761254
-0.011148281,0.05802323
0.004638115,-0.04714151
0.008820698,-0.09411319
0.007669189,0.036764346
-0.011546148,-0.12239116
0.007096508,-0.04005254
-0.015693028,0.018677928
-0.0032569314,0.078947455
-0.005939838,-0.07625014
0.008491211,0.024454178
-0.010301737,-0.1272965
0.00805915,0.06900116
-0.010141069,0.22082365
-0.025569096,-0.15769437
0.03119537,-0.070987925
-0.025454642,0.12911215
-0.0059805955,-0.26489344
0.044358574,-0.11483295
-0.014140125,-0.057086527
0.009557895,-0.021505017
0.0014704328,0.010188509
0.0041457647,0.22511452
-0.017114464,0.03456472
-0.0057570604,-0.0047676577
0.009942956,-0.016639076
-0.0013264912,0.047351975
0.002875387,0.027701795
0.0066600274,-0.09681538
0.014178494,-0.08255778
-0.01422491,0.033438697
-0.013117749,0.35740182
-0.043840885,0.11018557
0.006129889,-0.01691136
0.0047966056,0.043311536
-0.008349458,0.21728338
-0.025063902,-0.022561777
0.016962245,0.007865199
-0.020288926,0.13860825
-0.0054916563,-0.016071487
0.011016168,0.014931123
-0.0052139307,-0.019371836
0.019716091,-0.021966191
-0.011532474,0.007210893
0.010671392,-0.05339454
-0.0066041234,-0.07958154
-0.0008606189,-0.03258597
0.009301475,-0.06834747
0.004217974,-0.07335133
0.013003196,0.0007390884
0.00042322848,-0.030242572
0.0071194214,-0.031202791
0.005521117,0.022258442
0.001701197,-0.041840855
-0.007322106,-0.041212652
0.0025396328,-0.16204847
0.011306327,-0.049106553
-0.0012037801,-0.011014741
0.0066219806,0.05674662
0.008941812,0.062925346
-0.0035385834,0.10895947
-0.004171901,0.03985585
0.0073036,0.06057226
-0.0037470206,0.014866699
0.0008002425,0.0009826917
0.0031836624,-0.08474078
0.005441487,-0.010825436
-0.012274787,0.106307864
-0.019039545,0.07795934
-0.00014637224,-0.058882255
0.008106638,-0.048307113
-0.006208455,-0.07859635
0.028054453,-0.10581371
0.0047416724,-0.1333029
0.010243202,0.032613993
-0.005342652,0.09048179
-0.01270295,0.09166975
-0.014460066,0.1116464
-0.023094984,0.0055000978
-0.00090869074,0.10800996
-0.020582661,0.17751607
-0.014403667,-0.015585581
0.013683263,-0.06777534
-0.011539772,0.08992148
-0.008239684,-0.10730493
0.011971198,-0.049317393
0.01721102,-0.086723335
0.01348591,-0.03640563
-0.0067162337,0.07577686
-0.012897466,0.0959983
0.0005319343,0.052752446
-0.01675189,0.001912832
0.0019251466,-0.03768984
0.0009265812,-0.088625364
0.01308381,-0.07107228
0.014584,-0.08884157
-0.0036937688,-0.09231346
0.00459256,0.062105548
-0.006458423,-0.06593368
-0.0006811843,0.038950384
-0.0066171093,0.06637353
0.015692595,-0.015684186
-0.0034237902,0.011789554
0.014298381,-0.0026151498
-0.00014913635,0.024302533
0.0027790177,0.0035756906
-0.007365823,0.002088457
0.0039394307,0.0068042437
-0.010073414,0.073181786
-0.010022441,0.0723205
-0.0012716281,0.07830443
0.002666061,0.030331185
-0.005515655,0.023761423
-0.009013371,0.016551739
-0.008277158,-0.08037362
0.015388084,-0.1150783
0.01211704,-0.026950216
-0.008201234,-0.0037662233
-0.014150747,0.08770602
-0.004159942,-0.084314354
0.0008148479,0.021671344
-0.008587003,0.06782425
-0.0025545266,-0.091942266
0.019050669,-0.11220863
-0.0013239031,-0.09634467
0.010025085,0.061802194
-0.015078765,0.07078538
-0.0011461605,0.03261894
0.0038243239,-0.00453694
-0.001099639,0.04999318
-0.0045443587,0.040152226
0.009485815,-0.01783764
0.0016620066,-0.13368337
-0.0011540094,-0.02228623
0.004818964,0.0057215183
-0.00039009703,0.01916165
-0.015190246,0.052867293
-0.020116413,0.08266846
-0.014394604,-0.009650983
-0.0014963965,0.05560055
-0.018114999,0.09418199
-0.002542441,0.06369967
-0.0025034668,-0.027812801
0.006355945,0.06603364
-0.016039869,0.044536594
-0.0001953789,-0.065705374
0.013692211,-0.104933046
0.0061206846,-0.0027621754
0.005030215,0.023602651
-0.0018142936,-0.05479987
0.002846239,0.013042159
-0.0068874722,0.034753043
0.01138597,-0.01381989
0.005090287,-0.018177131
0.0016339144,-0.05371639
-0.010402368,0.052722886
-0.0009409832,-0.18526536
0.008038497,0.002007361
-0.012529343,-0.10761727
0.010278806,-0.101521246
-0.00027365913,0.031674754
-0.015686005,-0.14824225
0.0119611,0.03693093
-0.018580252,-0.0088307075
0.015633672,-0.07088889
0.005227153,-0.029476328
0.009367689,0.03174367
0.007935185,0.017957335
0.0055852495,0.03236924
-0.00303711,0.20385842
-0.0052641896,0.027315734
-0.0020198214,-0.14217262
0.015142027,-0.16119127
0.002322697,0.0757669
-0.0058904355,0.025865085
-0.011428828,-0.03424653
-0.0025716373,0.0042779245
0.0014625707,-0.06059433
0.013161325,0.0012076709
-0.0040436694,-0.02701006
-0.0020897458,0.013193081
-0.0019742306,0.012244086
-0.0072528585,0.028315425
0.0068070497,-0.049208373
0.013323748,-0.0076133125
0.0031789208,-0.028971318
0.0051490795,-0.03307766
-0.004597054,0.05869664
-0.009446365,0.10249072
-0.01494047,0.067598864
-0.008666786,-0.061703123
0.008438708,-0.04468029
-0.0028002812,-0.040914543
0.008672472,-0.09756381
0.012894238,-0.073867574
0.0030196353,-0.08354436
0.015681062,-0.05433665
-0.0005420939,-0.014695086
-0.0018338268,-0.08763723
0.0073836027,0.08230829
-0.0022603069,0.02815983
0.0027358157,0.03401755
-0.005084402,-0.17372644
0.02268171,-0.08423211
-0.008357894,-0.0711946
0.0049907817,-0.08353466
0.0052265637,0.0014790677
0.003565315,-0.026877342
6.326288e-05,-0.03602006
-0.0035969582,0.0691284
-0.006889201,0.038562562
0.0048109815,0.03313559
-0.0015729711,-0.117056
0.0065259878,0.08036972
-0.010005442,-0.0406094
0.0066845343,-0.15933995
0.011402667,0.02162422
-0.004093148,0.032169178
0.0025392626,0.052876096
-0.010136422,0.11676116
-0.010533869,-0.047998868
0.015746329,-0.07372909
-0.0104911905,0.028287118
-0.002889607,-0.00061396754
0.00964184,-0.013059771
0.018452596,-0.02887582
-0.0049200724,-0.012685712
0.0058986982,-0.013042589
0.015233675,-0.09538947
-0.007189336,0.016512388
0.01365229,0.11737404
-0.012601797,-0.05791488
0.0034765182,-0.0052764383
0.0024465169,0.036717623
-0.00014914689,-0.15290184
0.015411759,-0.044307426
-0.0024005293,-0.054306563
0.015890937,-0.042415883
-0.00041890994,0.06498392
-0.0018754842,-0.093307815
0.012025216,-0.052274734
-0.011128072,-0.028841536
0.00050570833,-0.048922263
-0.0010373213,-0.03510985
0.0035739623,-0.15649033
0.0111378655,0.0072101643
0.0030611828,-0.03521877
-0.006547625,-0.021660458
-0.004229682,0.09045257
-0.013405824,0.23949899
-0.014894637,-0.023987599
0.0033113076,0.0925474
-0.011138138,0.030753756
0.013971547,-0.04652305
0.0008963358,-0.034652814
0.004739119,0.013915547
0.00012836163,0.026845172
0.007531204,0.031961557
-0.0022889122,0.13155168
-0.016654786,0.08009493
-0.002335387,-0.047127247
-0.0005731719,0.39688644
-0.045411676,0.109611265
0.0042021535,0.11752856
-0.01634752,0.05975962
-0.0030600228,0.1001283
-0.034140073,-0.02913446
0.041920993,-0.12068147
0.010449906,-0.050113592
-0.002781575,0.10375377
-0.02322207,0.23407358
-0.016149327,0.17279005
-0.008695876,0.02091337
0.01517112,-0.02515508
-0.016009273,0.07797125
-0.004333806,0.037001215
0.006168058,-0.033857435
0.014992561,-0.044330887
-0.009371327,0.10232703
-0.0026137931,0.020452384
0.013009768,0.035738852
-0.005697347,-0.012117654
0.006821159,0.057069328
-0.00843619,-0.073279776
0.029185854,-0.091376044
0.0011228253,-0.01075266
0.005767914,-0.008894243
0.003058054,-0.03541007
0.010313302,-0.0038103787
-0.0044148336,-0.055520557
-0.0023468197,-0.10222974
0.0066227117,-0.043242715
0.006704384,-0.00045707563
0.0029981718,0.012839939
-0.007345056,-0.012109192
0.00014301855,0.013584852
0.015765175,0.015923372
0.007846724,-0.028213866
0.0010265962,0.04154908
-0.0015361634,-0.019465933
0.014685746,-0.18143456
0.0036528292,-0.11494788
0.008520788,-0.02897373
-0.0133506525,0.09544601
-0.013951257,-0.03124238
0.0034568515,0.044673104
-0.0056336373,-0.022964763
0.016497124,0.07950934
-0.016125742,0.14402781
-0.011095103,0.049414713
0.0034516193,-0.0045383554
0.0074137566,-0.11695053
0.008047435,0.01982901
-0.007110699,0.19039275
-0.019935362,0.002716092
0.002487978,-0.032836575
-0.011047186,0.11499435
-0.029285252,0.10458536
-0.0021302146,0.17012846
-0.01909287,0.16664122
-0.007522496,0.042359658
0.0050996356,0.041357175
-0.00865837,-0.045062527
0.012993224,-0.059850387
0.016890574,-0.042867433
0.010844544,0.14622667
-0.020241011,-0.0012526971
0.008950601,0.07499424
-0.016133992,-0.12391594
0.0194856,-0.081676304
0.008247865,-0.008746126
-0.011973573,-0.14776675
0.008324369,-0.06299103
-0.010237363,0.001579147
-0.016567001,-0.032987583
0.004413714,-0.075746045
-0.004336982,-0.03972655
0.007373766,-0.017129537
0.014007736,-0.037606943
0.008531163,0.040501546
-0.0116844075,0.07766423
0.0124744065,-0.11282739
0.010988804,-0.11838412
0.010148104,-0.036120832
-0.0055849995,-0.07020961
0.018059105,-0.09662808
0.008738492,0.03592736
-0.0049286806,0.0034495245
-0.00239234,-0.06896333
-0.009741174,0.011108282
-0.003901104,0.017410932
0.0036359392,0.056761082
-0.008821452,0.019933121
0.008881833,0.013718105
-0.007348759,0.023586083
0.0028057657,-0.060989723
-0.00016102719,0.042265277
0.0037631188,0.012566856
0.0050694984,0.3292701
-0.0044088056,-0.11131956
0.01506608,-0.1054201
-3.8236845e-05,0.05506633
0.014247373,-0.11276601
-0.0010986624,0.010979868
0.0012250291,0.06937395
0.0014805346,-0.00847945
0.008226047,-0.17674658
0.002979568,0.00754469
-0.002759063,-0.02213314
0.006885263,0.015052847
0.0068862913,0.018024473
-0.004107506,0.11194005
0.0021189125,-0.23603319
0.006106912,-0.023620892
0.0014111632,-0.04031872
-0.004099341,-0.014911589
0.003332407,-0.17749077
0.0057458817,-0.017213667
-0.0012047682,-0.020553812
0.009227356,0.020901004
0.0063556517,-0.11115577
0.01403753,-0.023604391
0.009265959,-0.04015173
-0.0036247955,0.07985358
-0.002743102,0.016843831
-0.0017261198,0.084722064
0.009114524,0.00804904
0.00037501962,-0.010629702
-0.0023006739,0.008439427
-0.017193949,0.00071603386
0.0041048997,0.100019366
-0.02109014,0.085699774
-0.0039781844,-0.028424814
0.0011125254,-0.011583836
0.00077043363,-0.018692173
-0.0016081524,0.019847628
-0.0030645365,-0.012889214
-0.0077684727,0.0011373664
-0.0052942997,0.014657579
-0.013062927,0.12843806
-0.027142357,0.13306911
-0.0027258568,0.05148334
0.015835498,-0.049226657
0.0066812485,-0.08479756
0.006809777,0.05379157
-0.008623101,0.0011224719
0.0063383314,-0.04665826
-0.0031773038,-0.17051429
0.025956647,0.14081724
-0.0039886236,-0.04057218
0.010658238,0.10086895
-0.006764271,0.034779917
0.009182798,0.26569638
-0.012465212,0.43049604
-0.029262505,-0.0050922213
0.023882044,-0.033053957
-0.006800439,0.04208358
-0.006132949,0.13053004
-0.010253124,0.0036116359
0.0062439484,-0.19321282
0.0151271215,-0.2383897
0.021092672,-0.18041986
0.0038613207,-0.025282862
0.0015261169,0.008522187
0.006049183,0.026175238
-0.0023991987,0.0802943
-0.006892132,0.005551289
0.01495019,-0.016592672
0.00022724783,-0.09172408
0.00582683,0.07651082
-0.006444115,0.014056233
0.004884622,0.03684802
-0.0021535726,0.048067044
0.0016559465,-0.176235
0.011370304,0.043062363
-0.0077169947,-0.014277751
0.014528739,-0.078753166
-0.005106511,0.025505323
-0.007729845,0.08390739
-0.0012576234,0.21163638
-0.010052265,0.104411155
0.007979412,-0.0036455668
-0.006025385,-0.17234594
0.025902975,-0.05116755
-8.9319656e-05,-0.048324563
0.0048034173,-0.023434123
0.0074134334,0.08506771
-0.0027252652,0.091197655
-0.00081227586,0.041760083
0.005730957,-0.10690783
0.0012892083,-0.014725708
-0.0010187759,0.012237416
0.00024908863,0.10376228
0.0008867953,-0.020147057
0.0044772876,0.013130627
-0.009007206,-0.0006790107
0.00841066,-0.09006831
0.0031931386,-0.030263303
-0.0025487617,0.0074686296
0.0010968703,-0.036860198
0.013252605,-0.15752184
0.0053063314,0.029910158
-0.00920625,0.041665073
-0.0042986823,0.0028501896
0.00035173504,0.067507096
-0.010507152,0.09361719
-0.013939694,0.055345435
-0.012535568,0.021727895
-0.0011589739,-0.038951207
0.021273602,-0.07692738
0.008028193,0.032410502
-0.013934342,0.002268793
0.016847985,-0.016580727
-0.009875572,0.06519512
-0.0022576146,0.033241265
0.00391228,0.024782566
0.00082112756,-0.035180636
-0.0044893096,-0.0061351997
-0.0067883795,-0.029551657
0.0140302805,-0.046830658
0.010843448,-0.08724493
0.0018863427,0.015577567
-0.0055938363,-0.0021764927
0.009390576,0.029844586
-0.002500183,-0.039117407
0.017203767,-0.071426466
0.0063726064,0.007713688
-0.0010811121,-0.048001833
0.009187954,-0.0044086985
-0.0005220753,0.07637805
-0.008760171,-0.0316317
0.001445763,0.0019929474
0.006404073,-0.05336283
0.009158519,-0.0119781075
0.0062598996,0.011671666
0.0056971423,0.04465383
0.0049499488,-0.05184542
-0.0006879729,0.014694772
0.008734493,-0.020038843
-0.004096114,0.048790857
-0.0074990066,-0.030207824
0.009880365,-0.016102286
0.005744589,-0.041561455
0.008681732,-0.042830866
-0.010604786,0.037273057
0.0019402716,-0.050969947
0.009645281,0.0056215157
0.008217186,0.048148315
0.0007673289,-0.01600411
0.01761162,-0.010479753
0.0065000653,0.022652233
-0.0008375875,0.023897259
0.0010752741,0.024967866
0.0053194948,0.033572827
-0.0052817184,0.0018036267
0.0003046048,-0.11366707
-0.0017696023,-0.012136545
0.0028839847,-0.024481222
-0.006905725,0.014353851
0.011173863,0.014603462
0.0017411631,0.09310604
0.0009360766,-0.029394679
0.0010092697,0.03176294
-0.0035505537,-0.023164103
0.010854265,-0.059247483
-0.0058363033,-0.13462955
0.0012361357,-0.05017393
0.00044418022,-0.079292804
0.0034051985,0.062815726
-0.0010017506,-0.099310584
0.016609367,0.03200848
-0.0060443403,0.003863958
-0.0009953645,0.049218517
-0.0076393806,-0.11202856
0.005699437,-0.099020004
0.008453383,0.018560467
-0.0018761964,0.047504105
-0.0005971385,0.0138071235
0.014328182,0.114251874
-0.009049619,0.08508309
-0.0017002182,0.1610889
-0.001494507,0.037269283
0.0011225021,-0.02455974
0.0002544534,0.034025554
0.0050175423,0.100791365
-0.0008087261,-0.0011376766
0.0020076632,-0.016823145
0.009264683,-0.063608184
0.002553932,-0.0429055
-0.0014080304,-0.14319417
-0.0025972156,-0.025193041
0.002342512,-0.10925968
0.007908046,0.17699276
-0.012381434,0.022919348
-0.002706497,0.09310125
-0.013191574,-0.16755936
0.029307343,-0.16320863
0.010953959,-0.10251172
0.0058095134,-0.003424136
0.00032164756,0.1514913
-0.006585761,0.0054076836
0.0099495975,0.045666173
-0.016368264,0.030432492
-0.0010710808,0.11194641
-0.03181023,0.30147365
-0.025480062,0.04146608
0.023402002,0.14655025
-0.026487574,0.021534864
0.00974293,0.12787442
-0.029921893,-0.06912472
0.030698556,-0.04507583
-0.008521036,-0.066552795
0.006191457,-0.086161025
0.015113639,-0.07758074
-0.0063801645,0.0024426386
0.0063376757,-0.013445933
0.00056254514,-0.050530013
0.022270627,-0.0047211815
0.0018266529,-0.12639889
0.01087991,-0.113764726
0.010271781,0.03766337
-0.00041864289,-0.10163219
0.0037835897,-0.02531756
0.006980515,-0.18142566
0.010180132,-0.08115181
-0.0008572533,-0.053221148
0.008578379,-0.036659613
0.0017457833,0.10062894
-0.006090586,0.13808173
-0.007609077,0.019709093
0.008388404,-0.13184778
0.0060578347,-0.06502203
-0.005724908,0.09814193
-0.0045077065,0.09413512
-0.0024297186,0.08246721
-0.00034233613,0.09931898
0.014446439,0.036082756
-0.00018682488,0.043065958
0.00059749896,0.0052861967
0.017337488,-0.04290289
0.0013649416,-0.0021076829
0.008659964,-0.025706224
0.009746213,-0.04188782
-0.0010409713,0.13129348
-0.0003716927,0.052541606
0.0066668647,0.053048555
-0.004637249,-0.014460282
-0.004723397,0.1073976
-0.000248136,0.034336746
-0.017673137,0.09544933
-0.007216028,0.06718991
-0.007600395,0.00845473
-0.0002947608,-0.08640642
0.0047410405,-0.026178222
0.0011619411,0.0381311
-0.00030909514,0.0051254295
0.004946992,0.013002461
-0.00029996806,0.064592585
0.0044039832,0.007467088
-0.0035004637,0.010973928
0.0038141888,-0.028043361
0.0019751093,-0.019565824
0.007945012,0.069378875
0.0043816725,-0.22837462
0.0135441655,-0.17052528
0.0061979215,0.041187707
0.0016101288,0.065622136
0.0033554754,-0.13708398
-0.0028885128,-0.23047492
0.00424843,-0.06875924
-0.0033052512,0.09957612
0.01264132,-0.0018889025
0.0004461754,-0.13506898
0.002838022,-0.1429562
0.0012413037,0.064141825
-0.009954412,-0.009191444
0.0082544135,-0.07914893
0.0015409004,0.09137385
-0.005087271,-0.1261771
0.01524619,-0.089467384
0.0102571985,-0.039433725
-0.0012761133,0.04857932
0.011054345,0.053993177
0.028464591,-0.26354736
0.023602683,-0.020859813
-0.0027890778,-0.03761289
0.011700001,-0.04720816
0.008168519,-0.12395465
0.017328074,0.025330193
-0.0128894765,0.008741139
0.009208737,0.05605686
-0.003262282,-0.019894442
0.0025449796,-0.028993383
0.016662152,0.026940031
-0.014624152,-0.027707528
0.016094621,0.034150667
-0.01125758,0.039146923
0.004476318,-0.10386571
-0.00745401,-0.0040580565
-0.01650444,0.20171586
-0.03480699,0.0072366768
-0.00046236208,0.04552236
-0.013470306,0.21946095
-0.033657633,-0.00879415
0.013546448,-0.016021779
-0.01037814,-0.0900843
0.014720251,-0.042962037
-0.016343733,0.059687886
-2.5008718e-05,0.013545573
0.004271375,-0.12990198
0.011900639,0.08139463
0.004249478,-0.06470258
0.012091973,0.008031295
0.026961643,-0.08346686
0.006928824,-0.03209233
-0.005888542,-0.07470337
0.0120015815,-0.15442407
-0.0030412157,0.11926363
-0.007712567,-0.44586948
0.009201307,-0.102180816
0.00916533,0.060182538
-4.191138e-05,-0.088682555
0.015916575,0.023829883
0.00037389348,-0.09895573
-0.0005517734,0.04579402
-0.009680498,0.42022547
-0.031066565,0.024525167
0.009444513,0.037698597
-0.013666808,0.039054923
0.004931289,-0.028060142
-0.0014250688,-0.07664981
0.028904483,-0.15581232
-0.007885044,0.062280644
-0.0022554582,-0.06265685
0.013242342,-0.027321352
-0.0018309243,0.068440154
-0.000234025,-0.016974598
-0.005071123,-0.02832937
-0.006894943,-0.048378527
0.018652633,-0.06944214
-0.00325306,0.038919106
-0.0022419174,-0.01980385
0.008207297,0.014514822
-0.002684228,0.05370916
0.004210174,-0.09014177
-0.0029805317,0.011329146
-0.0036385274,0.24336553
-0.009623026,-0.0001386194
0.02051701,-0.03519049
0.010967677,0.20031996
-0.01852861,0.030555991
-0.004171506,-0.08436213
0.005716251,0.24613677
-0.01766168,0.22321038
-0.022198746,0.017311484
0.0053674877,0.0511011
-0.0005037193,0.10675276
-0.014063276,0.18718833
-0.012831127,-0.010302598
0.023206897,-0.14015597
0.0065087248,-0.10744629
0.0032434843,0.017298851
0.006488523,-0.005961744
0.0113867875,0.07066318
0.0024201176,0.034136936
-0.003496117,0.030093867
-0.0064777294,0.07208213
-0.010225458,0.04694972
-0.0058949706,-0.009698894
-0.003211143,-0.2008764
0.007069354,-0.055364773
-0.022153094,0.00013913137
-0.00088624726,0.08285446
-0.026606228,0.29244387
-0.016791545,0.38170448
-0.030268244,-0.055979308
0.02429328,-0.08025338
-0.007596058,-0.06174454
0.016360097,-0.008418156
-0.017811822,0.08160901
-0.010367062,0.032419197
0.0044198427,-0.021640027
-0.0056790737,-0.28704455
0.027548237,-0.23317306
0.012858927,-0.10125614
0.019239753,-0.05560692
0.004153809,0.096165694
-0.0109432,-0.090607084
0.021611594,0.13889173
-0.01879946,0.09424703
-0.0076861237,0.038189773
0.012527565,-0.00067329267
0.0004446624,-0.0015078922
-0.0033262195,0.053374734
0.0027221637,-0.01147288
0.016845671,0.14654504
-0.0070099276,0.08691578
-0.0065260455,0.020446237
-0.00088838465,0.035309248
0.008131184,-0.02952541
0.005651773,-0.010530555
-0.00092365325,-0.13734385
0.005253615,0.03818967
-0.008011292,0.07116726
-0.0011695725,-0.07393465
0.009085406,0.10727272
-0.011937823,0.056937464
0.0038780142,0.15022379
-0.0024735,-0.08374065
0.011513397,0.05006079
-0.0030096548,0.0008826237
0.004872841,0.008339152
-0.00902793,-0.06863785
0.01698303,-0.00029469968
-0.014141556,0.04491672
-0.0030439936,-0.036888838
0.009078822,0.1951911
-0.020079054,0.022471035
0.011311393,-0.044087913
-0.020417223,0.08593453
0.004462806,0.004363829
-0.0020997343,-0.06259492
-0.0035173981,0.062052555
-0.0024810273,0.009868206
-0.0003051522,0.18681288
-0.021572713,0.1370662
-0.0042967056,-0.09349803
0.021780634,-0.11632316
-0.0019361626,-0.06554845
0.013674156,0.0040351525
-0.007258577,-0.066256
0.016334293,-0.07269897
0.003149534,-0.016002532
-0.008118294,0.07394364
0.0006314968,0.04285422
-0.009396261,0.28247368
-0.028992929,0.08492573
0.005648909,-0.15468767
0.022412613,-0.07790987
0.0033510735,0.03136863
-0.01778384,0.0637569
0.003373031,0.038244355
-0.0006724363,-0.017173333
0.017822482,-0.116944104
0.0045114434,0.17412326
-0.01598803,0.14204988
-0.018505959,0.110614695
0.0015172663,-0.0037082252
0.023741214,-0.048451778
-0.01510695,0.050193492
-0.015246154,0.040403154
-0.006994387,0.0034928748
0.015056482,-0.18608601
0.020312129,-0.019372744
-0.007172436,0.05317103
-0.00079979363,0.12806836
-0.010097873,0.1121651
-0.004760064,-0.049029384
0.0182328,-0.05088686
-0.0011000414,-0.021858547
-0.008703509,-0.017882144
0.005083594,0.027614556
-0.0008328639,-0.0062691746
0.008705577,0.05619608
-0.004058029,0.09441432
-0.0014392838,-0.2808989
0.022289988,-0.04189193
-0.012326235,0.06889576
0.0051928097,0.016717594
-0.0041543934,-0.0026651754
0.01355483,-0.058021557
-0.0059084394,0.00398
-0.0025508073,0.020032661
0.0043138433,0.040490728
0.0076919254,-0.017940614
0.0040944596,0.041071586
-0.011715697,0.086804986
-0.0015977027,-0.022952972
0.010652255,-0.093229756
0.017232696,-0.017478207
0.00220925,0.0011962124
-0.007798022,0.035304025
-0.0039320816,-0.0066532423
0.004667117,0.029281793
-0.00017806864,0.093171395
-0.0065549887,0.169891
-0.011139201,-0.0010510981
0.005824505,-0.056411885
0.013744114,-0.02364026
0.005661941,-0.24317504
0.004702242,-0.0134374155
-0.004446823,-0.036582425
-0.0009035892,-0.03336717
-0.0025861305,0.037487105
-0.0051179393,0.03235755
-0.010436841,0.10579622
-0.020043747,0.10913805
-0.008198543,0.14069067
-0.007993087,0.033551674
-0.000356748,-0.17142697
0.012474936,-0.015813997
-0.017840113,0.05907066
-0.005522759,0.012915642
0.010699155,-0.111221455
0.012676447,-0.14257775
0.009875948,-0.0055009564
-0.0014495947,-0.046674576
0.020666733,-0.058276273
-0.008536106,-0.056333184
0.0016631775,0.03648311
-0.012610526,0.09806134
-0.0029944202,-0.05141895
0.009807059,-0.0515686
0.012208039,0.05535925
-0.008172077,0.007292177
-0.0040311357,-0.017048333
-0.015694745,-0.0018891835
-0.002662173,0.044552088
-0.016621357,0.09461298
-0.0014679253,-0.04281658
0.011738122,-0.019772507
-0.0013388827,-0.022785991
0.009149359,0.102641076
-0.003983862,0.1416699
0.0041537415,-0.02437075
0.015788263,0.019601276
-0.0033478683,0.24295868
-0.006439352,0.016189905
0.011600618,-0.07200593
0.0002585862,0.059463967
-0.0025694703,-0.001145848
-0.00342941,-0.08492122
0.0060603623,-0.7623164
0.019710105,-0.014576602
-0.0023351337,-0.0076038283
-0.0042644157,0.10853405
-0.015854832,0.068875685
-0.018169185,-0.27345383
0.033542294,-0.31297255
0.026509771,-0.0068267966
-0.01096251,-0.0053390926
0.019542513,-0.00413174
0.0040574954,-0.12875886
0.014100596,0.26454994
-0.019030761,-0.01863408
0.017441658,-0.13045199
-0.002873224,0.09220817
-0.0138977,0.14026113
-8.5394364e-05,0.09984251
-0.010889448,-0.16338895
0.019903818,0.1460937
-0.024261717,0.2385106
-0.016907211,0.024119271
0.0044047893,-0.14043221
0.021426622,0.089347795
-0.019347401,0.34748223
-0.03093946,-0.22451244
0.032634623,0.14484024
-0.035346817,0.17492197
-0.0014704263,-0.39841926
0.038005043,-0.060552645
-0.0014397923,-0.004964974
0.010076604,0.10196315
-0.009785533,0.103389494
0.0041696094,0.04503456
-0.000995697,-0.05772954
0.0037038943,0.021309847
0.0003113991,-0.19195308
0.0062257648,0.0013419876
-0.0047553214,0.21788892
0.00421827,-0.024710735
0.00870056,0.066086344
-0.0036867764,-0.1953765
0.013450747,0.028065225
-0.013106611,0.04329947
-0.0033728315,-0.025064647
0.0012188171,-0.009752463
0.016823146,-0.11574799
0.011663478,-0.06463658
-0.0015216,-0.034461193
-0.003497478,0.04729676
-0.009259842,0.013315951
-0.0031860422,-0.014460886
0.0062371683,-0.078731105
-0.011542574,0.04416647
-0.008926835,-0.036622457
0.010429937,0.12411754
-0.020779632,0.12067151
-0.010655589,-0.032602113
0.012695368,-0.05020581
-0.008532846,0.027327642
-0.013896234,0.12894723
-0.010867194,-0.03688047
0.011764078,-0.07587059
0.0001432905,-0.036802538
0.018713715,-0.0017295122
-0.004888967,-0.11033351
0.021969097,-0.049068518
-0.00644659,-0.009450676
0.015016768,-0.12177818
0.000118784665,0.10098798
-0.013990138,-0.031466346
0.012072712,0.041684072
-0.0036532814,-0.07584218
0.007886473,0.08884783
-0.012944661,0.08037152
0.022262726,-0.1498208
0.028435457,-0.10161168
0.011737039,-0.09005393
0.003626617,-0.013444057
0.014227519,-0.030852333
0.0010174962,-0.078037836
-0.014083133,0.02648471
-0.0006940302,0.1382484
-0.01171096,-0.06743039
0.019405328,-0.074981965
0.01358502,-0.037362274
-0.0020229968,0.0010264232
-0.01228986,0.18285657
-0.011370118,0.01877014
-0.01538711,0.048654065
0.0016010243,0.07266603
-0.0081467675,0.0399629
0.004572079,-0.032178733
-0.003232767,0.032864608
-0.0004538789,0.025558157
-0.0055637313,0.08232321
0.0071596038,-0.05091032
-0.00065786927,-0.038042817
0.001081628,-0.0067528426
-0.0034027447,-0.0115584815
0.004104727,-0.08432556
-0.003877271,0.07265693
-0.0031205863,0.01721388
-0.0011111238,-0.11602536
0.0027835798,-0.07962718
0.0026828754,0.031508394
-0.0024179886,-0.12513548
0.006085963,0.028848505
-0.009877335,0.06415558
-0.0041715777,-0.026885837
0.012419245,-0.053120073
0.007530819,-0.041254316
0.0018646898,0.12264924
-0.020316407,0.04674071
-0.0062416,0.059428193
0.0038011307,-0.057179607
0.01844655,-0.07981123
-0.015983768,0.05964858
-0.0034520952,0.05023406
-0.0064317426,0.047469452
-0.007868808,0.026424626
0.003827275,-0.050381076
-0.00070521864,0.029105725
-0.00052574417,-0.04644097
0.010729026,0.04988285
0.0053598196,0.034883
0.008378467,-0.069810174
0.00336012,-0.03595163
0.005579184,0.036216073
-0.003367167,0.0042308397
0.0010532348,0.12788221
-0.008849404,0.038063165
0.00684477,-0.112617895
0.019790808,-0.05197532
-0.004543956,-0.0032361213
0.0006187792,-0.014175809
0.0018344097,-0.06206084
-0.004154262,0.08193471
-0.017121442,0.05784894
-0.0074648634,0.015214418
9.766e-05,-0.044956416
-0.0024905996,0.01846353
0.0038086423,0.15946952
-0.021317946,0.14932886
-0.008417072,0.044442102
0.0025404627,0.0064626294
-0.016063413,0.085730694
-0.006901022,0.020288805
-0.0040471284,-0.08914166
0.007689575,-0.03262754
0.007441396,-0.002659985
-0.021453086,-0.11351276
0.002413636,-0.057163525
-0.0039209393,-0.04852592
0.026197368,-0.14392847
-0.002525705,-0.06264653
0.0059949253,0.030724455
-0.004781343,0.013506516
0.014879577,-0.044155236
0.010470493,0.14470102
-0.003754329,0.07436499
0.00031389866,-0.00046175186
-0.00063103996,0.0027682201
-0.005700805,-0.019477395
0.013108384,-0.042363845
0.00237845,0.056586433
-0.004595073,0.06026653
-0.0014280594,-0.2053627
0.012798525,-0.02019519
-0.006383437,-0.04860379
-0.0032052794,-0.011352366
0.0090201795,-0.039044518
-0.0018286788,0.01704115
-0.0020943503,0.42345858
-0.009338412,0.089618415
-0.0013466527,-0.054041002
0.0016964958,-0.07191818
0.009516792,-0.0962737
0.009359719,-0.042276762
-0.016919551,0.013266088
-0.002405899,-0.36417216
0.030801807,0.025429793
-0.010212777,-0.11317615
0.023034746,0.0004403523
-0.0063327383,0.015762532
-0.0053554364,0.103020206
-0.005375711,-0.07235547
0.02392285,0.20296751
-0.017940111,0.11297671
0.0017647035,0.012029824
0.0095846355,-0.057594158
0.017161978,-0.049043585
0.0038505592,-0.010242479
-0.008761024,0.065400414
0.002997569,0.052370586
0.01562306,-0.055741373
0.0048293676,0.023183737
0.015468763,-0.09395881
-0.003541571,0.009333633
-0.01415882,0.0020231176
0.014543888,0.011724593
0.012579644,0.07224793
-0.014444713,0.1303267
-0.005783949,-0.012379073
0.0011442027,0.09217025
-0.013753332,0.14284131
-0.017957717,0.140866
-0.008927871,0.17321458
-0.02413996,0.19894665
0.0010617536,-0.023286248
0.005471231,0.009153564
-0.011340903,0.056401
-0.005715115,0.3879623
-0.0434182,-0.07295751
0.02709998,-0.06706594
0.0022281664,0.02005298
-0.0014479907,0.0023620392
-0.006921776,0.0601349
-0.0036581373,0.13424759
-0.018545987,0.10128123
0.0034952597,-0.029786326
-0.005469635,0.1337781
-0.0139960395,-0.09057286
0.01878254,-0.14306292
0.009182494,-0.19381872
0.016248992,-0.10470225
-0.013936762,-0.11884153
0.013839396,-0.13706072
0.010674847,0.071501665
-0.009357313,-0.061164998
0.007464054,-0.11127342
0.020573635,-0.08029665
0.0011684506,0.023565501
0.0325408,-0.038549483
0.009684217,-0.12516463
0.011862798,-0.06440644
-0.004920218,-0.021130279
0.005561826,0.05134249
-0.02026857,0.055163216
0.023169257,-0.062561736
-0.0043880315,0.0041847704
0.0095829945,-0.052675284
0.0071109245,0.09014488
-0.013885351,0.21620388
-0.010888107,-0.020165257
-0.0036579093,-0.12761353
0.017455706,-0.002182053
-0.00025868014,0.051156096
-0.005190898,0.18324332
-0.0013450264,-0.157485
0.026973829,-0.03024083
-0.006608521,0.0043505607
-0.0062435595,0.031870563
-0.0021097441,-0.10904916
0.011385999,0.04271768
-0.0060839234,-0.006217452
0.013530293,-0.052765653
0.008013163,0.11018838
-0.0067844396,0.07574903
-0.0009636866,-0.04254856
-0.010153722,0.104514584
-0.00054913515,-0.025601856
0.0027808724,0.03977613
-0.019751552,0.06139391
-0.010606216,0.108441934
-0.028454818,0.08328322
-0.012221277,0.11524982
0.0045939786,0.05175625
-0.013166697,0.06366865
0.0035875551,-0.016570216
0.02598514,-0.037852246
0.0005698587,0.0027833853
0.022243422,-0.060657427
0.027136315,-0.038160414
-0.0049451957,0.12909847
-0.0070572975,0.056019347
-0.0037152837,0.002718053
0.008979462,0.006552147
0.014130076,-0.0031065017
0.00292231,-0.123855196
-0.005961581,0.13331649
-0.0025457996,0.030643733
-0.0010756305,0.06869087
0.012879329,0.041404977
0.0011727572,0.04730614
-0.005487482,0.018620359
-0.0076246485,0.07582236
0.0072368393,0.28623366
-0.024467628,0.018449215
0.013127349,-0.027279723
-0.011227049,0.19871749
-0.020172024,0.097005256
0.0013278888,0.023541428
0.0065501346,-0.6738874
0.060904387,-0.08510204
-0.028903536,0.11047014
-0.013664767,-0.044907857
0.010904707,-0.14465107
0.013278014,-0.28634313
0.026678,0.036388952
-0.012705569,-0.016703943
-0.0062887813,-0.05036964
0.01737168,-0.11911759
0.0056492104,-0.30637082
0.0120236,0.017010974
-0.009338779,-0.033311296
-0.0024141422,-0.06802847
-0.002650407,0.16507527
-0.0025396275,-0.011923468
0.0009154531,0.07281473
-0.015045104,0.1379232
0.0013615938,0.10043993
-0.00611821,-0.016878616
0.012538194,-0.010491575
0.00046169246,-0.116779104
-0.0027333507,-0.0009227806
-0.0056571774,0.006596938
-0.008148146,0.038523562
-0.0018060756,0.06070058
0.010216959,0.099341154
0.0009842347,-0.18375893
0.012143789,0.07527664
0.00044867463,0.09533584
-0.0101429,0.10394989
-0.012354822,-0.08233861
0.019852793,-0.0572555
0.0029332777,0.12412018
-0.014628889,-0.042039957
-0.007368661,0.013200319
0.0011774364,-0.04396898
-0.0017831628,0.09233337
-0.0068360446,-0.038435385
0.006465166,-0.07731177
-0.0028301969,0.07314562
-0.0043512597,0.019788437
0.006201908,-0.13966127
0.0020911044,-0.002909984
0.005428938,0.087867305
-0.014408691,-0.10727085
0.00096787116,0.06728005
-0.010627563,0.09883239
-0.015172036,0.033963937
0.009720806,-0.033272367
0.0058405213,-0.080415316
0.010701267,-0.0033076985
-0.006415629,-0.017753977
0.0051112478,-0.09381306
0.01478242,-0.1260446
0.008035151,0.05542459
-0.021915954,0.17654344
-0.010887447,0.15273567
-0.013059629,0.1332219
0.007460968,0.09595376
-0.013861713,0.013945489
0.008686922,0.05976395
-0.010305792,-0.048432387
0.014392765,-0.06704936
-0.0032279529,-0.034413412
0.003985731,-0.11054717
0.004876604,0.31264943
-0.018271776,-0.03496967
0.017123275,0.0121668605
-0.018710066,-0.1636729
0.0306037,0.106586434
-0.021994965,0.010050614
0.008594405,0.004487534
-0.0037318314,0.30960506
-0.033576615,0.07899455
0.0012526317,-0.13473861
0.007906383,0.0381931
-0.020517718,-0.063890934
0.011591891,-0.15068492
0.015792677,-0.022043783
-0.001086441,0.07930959
-0.0033032084,0.07712759
-0.005495294,0.050123394
0.0026801957,0.095892094
9.656686e-05,0.12739256
-0.004636201,-0.058152463
0.013290614,-0.0030233455
0.0070342002,0.06037348
-0.0019653407,0.22723722
-0.019629525,0.077176794
-0.006364263,-0.20514697
0.018097013,-0.108910166
0.0001562587,-0.043449853
-0.004476646,-0.009790893
-0.00013673684,0.05321334
-0.00016389391,0.10271759
0.0067024957,-0.0413388
0.009421838,-0.17123589
0.0052168155,0.04031757
-0.007252206,-0.02586546
0.0013249505,-0.0018384211
-0.011801977,0.03645987
0.0073620593,0.028551944
-0.012408592,0.1480611
-0.0046172417,0.07510636
-0.009166844,0.06039612
-0.00032527046,-0.07146436
0.023346152,-0.088714324
0.00023963605,-0.12180744
0.004835697,-0.09011966
0.0020625358,0.014058228
-5.0930423e-05,0.035862077
0.010130363,-0.3450758
0.021660332,0.1559802
-0.012297474,0.14408882
-0.016199125,0.029409705
0.004331278,-0.06276381
0.009268611,0.08573784
-0.007168167,0.13696954
-0.005663776,-0.014401215
0.009180274,-0.034580097
-0.0047338083,0.094976395
-0.008555945,0.063154116
-0.013365835,0.117681675
-0.0048470995,-0.020419054
0.006907519,0.002017525
-0.009342442,0.0019837662
0.0068617593,-0.009509288
-0.00069127756,0.01990334
0.0057041477,-0.12315702
0.011211407,0.049784325
-0.002987374,0.0456593
-0.0091946125,-0.032675005
0.010011793,-0.23664163
0.01974046,-0.17063926
0.003850235,0.08949599
-0.003706039,-0.06817863
0.0004281773,-0.06260161
0.0038417492,-0.073196754
-0.0029320524,0.05250795
-0.0021137346,0.015623052
-0.0053179255,-0.0071381847
0.00095477415,-0.098402314
0.0021623927,-0.12586537
0.011039916,0.11107103
-0.006464034,0.037129093
0.0027995217,0.2527344
-0.01500649,-0.013192129
0.014132453,-0.054025356
-0.0072586555,0.14001662
-0.0151351895,-0.11897396
0.021960046,0.034469843
-0.0101421485,0.03478527
0.012341376,-0.03694938
0.00607856,-0.026913226
0.006318425,-0.12613346
0.017575499,-0.052977223
-0.012450129,0.112424575
-0.016154507,-0.07284451
0.014525645,-0.15382482
0.008780336,-0.12586115
0.0027973875,0.06066674
-0.0043263887,0.29356232
-0.028965238,0.17262967
-0.0005843679,-0.11765701
0.0120454915,0.026577227
-0.027786344,0.031891283
0.013362391,0.048607916
-0.017211683,-0.1183462
0.029788235,-0.17051572
0.014485419,-0.07052743
-0.009593112,0.106963545
-0.0031165937,-0.08162736
0.021157911,0.12913515
-0.0102734165,-0.03079409
0.008913998,0.09194093
-0.00960198,0.12833986
-0.009788871,0.0068229954
0.005115773,-0.048057456
-0.008366067,0.15804765
-0.028201176,0.24059026
-0.01939084,-0.042130798
0.026692983,-0.041370947
-0.017389284,-0.12773347
0.024193263,-0.15664348
0.015754985,-0.051873427
0.0025284644,-0.0020096777
0.0032192196,-0.117527224
0.008316458,0.057583835
-0.00810938,0.0401589
-0.008828642,-0.21037136
0.011681741,0.15620114
-0.021875061,-0.062432423
0.020751368,0.012899907
-0.016203847,0.0847212
-0.008136334,0.20720604
-0.0027330015,0.13713272
-0.0062654964,0.0335645
0.0029409227,0.015071024
0.014775446,-0.024934486
0.008344948,-0.050202325
0.005619119,0.19549938
-0.008759749,-0.028167576
0.015238387,-0.019521518
-0.004351124,0.040777896
0.008672281,-0.11341179
-0.0032492764,0.044428106
-0.016479123,0.22319739
-0.016702164,0.2068088
-0.0071663526,0.107560456
-0.015031601,0.08937085
-0.011862135,0.13508573
0.0049524084,-0.07997181
0.0012802081,0.028346717
-0.007389427,-0.021808365
0.0019459154,0.0501238
-0.019528873,0.02031937
-0.0006282069,0.023713544
-0.017455805,0.4733687
-0.04316639,0.016311787
0.014030807,-0.12981898
0.032174572,-0.13295057
0.022436677,0.12771805
-0.046676725,0.0050295116
0.017600281,-0.097987115
-0.00657956,0.3687646
-0.020722572,-0.020615283
0.013630768,0.17830116
-0.01907019,-0.06945348
0.015899353,0.15514016
-0.032446038,0.14190242
-0.0025157705,-0.4042351
0.03867168,-0.28270698
-0.016546244,0.1901747
-0.027395805,-0.02111333
0.022752892,0.011626519
-0.0058249007,-0.06276724
0.0058940463,0.14244209
-0.011102243,0.01232554
0.012015201,0.01074277
-0.0041550025,0.01852274
-0.00064976513,0.052955337
-0.008320528,0.09062802
-1.3803365e-05,0.09442215
0.008436762,-0.12910464
0.008595327,-0.011660225
-0.009296423,0.013705069
0.006111179,0.017161118
-0.010472219,0.018730031
0.006543379,-0.0100294165
-0.0012866004,-0.074761644
0.003733323,0.03806725
-0.012395598,0.1518618
-0.0029182485,0.27649954
0.0018754827,-0.015290321
0.0043589715,-0.10496932
0.015416307,-0.067513295
-0.005386929,0.08556058
-0.0024053142,-0.0031752214
0.002950693,0.100962825
-0.0007455779,-0.008583106
0.0029275098,-0.051389422
-0.005844349,-0.055897214
0.000730817,-0.06735574
-0.0019499499,0.039793424
-0.010272733,-0.07714555
0.008553836,0.03986055
-0.0043744077,-0.015117079
0.008751724,-0.18438484
0.0035371906,0.055283777
0.0030962778,-0.022032939
-0.008124329,0.16393805
-0.003207434,-0.13708812
0.023903461,-0.23568036
-0.0011441846,-0.038852837
-0.003675127,0.22258024
-0.0024841186,-0.021189172
0.003867603,0.03645295
0.005610601,-0.040855825
0.0036385243,0.124003954
-0.015028926,0.001970583
0.0048394613,-0.07612672
0.0068353824,0.029820206
-0.0080207335,-0.032226108
0.016856652,-0.18914853
0.015341358,0.011655274
-0.015912712,0.05682675
-0.017545957,-0.036528118
0.004493309,0.044494957
-0.025117408,-0.15928848
0.030947074,-0.21590732
-0.0040974594,0.20431823
-0.019392911,0.025728367
0.020299152,0.005926627
-0.005251145,-0.15994667
0.02126902,0.03135307
-0.01930957,0.05196353
0.0004844449,0.029966848
-0.001370233,-0.12074485
0.020518757,-0.15907004
0.0043909173,-0.11894276
0.008628459,0.100387245
-0.006706645,-0.031943355
-0.0020389976,0.18452327
-0.011059885,0.13824484
0.004186073,0.06529052
0.0015311923,-0.03764719
-0.003592317,-0.11325486
0.00081907853,0.03628124
-0.014181336,0.082387485
-0.0025418699,-0.116824396
0.014401135,-0.10398478
0.00134384,-0.03332442
0.0022228363,0.16891931
-0.008978762,0.037268184
0.0062830774,0.18902107
-0.0078011174,-0.01999366
0.014360065,-0.061833445
0.0018981819,0.046041276
0.001540019,0.10910523
-0.007468866,0.07694117
-0.003940014,0.05359856
0.014715811,0.08883716
-0.013842041,0.11926404
-0.004852462,-0.034337394
0.019776769,-0.05224556
0.014785691,0.09875929
-0.009782165,0.042767085
0.020658622,-0.027060794
-0.00724813,-0.15405563
0.00768674,0.1370181
-0.013279576,0.0011228197
-0.007844228,-0.013964109
-0.0010866323,0.053838734
0.0017234301,-0.08074207
-0.00050811097,0.07317336
-0.013155188,0.01516502
0.00395687,0.23409022
-0.022288803,0.0061600856
0.008524032,0.049485482
-0.014360487,-0.11100638
0.0180884,-0.061102793
-0.019417755,0.28415203
-0.035604157,0.004684693
0.019908233,0.12020428
-0.019687023,0.11228591
-0.0067358976,0.106770895
-0.0234518,-0.038611818
0.01036948,-0.13720235
-0.0055474355,0.025136715
0.012166768,-0.14974436
0.028150175,-0.13815165
0.0104302075,-0.05392535
-0.007646627,0.041942082
0.0017769078,-0.008357353
0.021788333,-0.113856204
0.0028518285,-0.11852802
0.0013472672,0.030563153
-0.02732365,0.16909055
-0.017603504,0.020876702
0.007918812,-0.03006356
0.029470898,-0.003784068
-0.01700357,0.11573034
0.017263385,-0.0692896
0.008198467,-0.1146367
0.010602462,-0.21403766
0.014096416,-0.07271772
0.010169123,-0.01880092
0.015702516,-0.09671013
-0.00090981385,-0.07468021
0.0065900963,0.020233877
-0.0075235902,0.14655219
-0.015439889,0.11778295
-0.003546108,-0.118985295
0.004648705,-0.03720353
0.0043510376,0.10203161
-0.0041621285,-0.109503895
0.012749996,-0.06691887
0.010098759,0.03138936
-0.013248109,0.06660332
-0.0021208888,0.052098785
0.0062708263,0.018767158
-0.0010897319,-0.04722085
0.0011217298,0.028135203
-0.0060489117,0.008676113
-0.012693379,0.041495077
-6.187073e-05,0.013770135
-0.0022160327,-0.0734743
0.013642916,0.0019199015
0.0011395143,-0.010215317
0.0012651153,0.11474349
-0.0018522319,0.011993285
0.013533233,-0.010494611
-0.0072794994,-0.15935442
0.01555174,0.01385789
-0.005896759,-0.008149462
0.015155204,-0.26364473
0.019040827,-0.1075924
-0.010924737,0.39307773
-0.03608494,0.18293767
-0.017140139,-0.14643526
0.024367038,0.080436595
-0.016455567,0.11334631
-0.010867655,0.00466621
0.001725941,-0.24208786
0.017576076,-0.06433994
-0.0008978562,0.27264398
-0.022035114,0.047606308
0.008758329,-0.05513446
0.009142818,-0.053744934
0.002451849,-0.018306686
-0.0027363133,-0.004772617
0.010602914,-0.17930298
0.0056964993,0.028334707
0.0021907527,-0.04383259
0.013104074,0.035427693
-0.014009213,0.16385938
-0.010675066,-0.21616879
0.023427106,0.000100439844
-0.016945248,-0.019072348
0.006679299,-0.025381636
-0.0052025067,0.06270728
-0.003794987,-0.04463327
0.009263858,-0.054409772
0.0049609295,-0.20181589
0.0048287204,0.0999288
-0.007410736,0.027888088
-0.0119804535,0.060047984
-0.0043200874,0.14867243
-0.010827296,0.08961758
-0.010290629,0.008682484
0.01576106,-0.044379782
-0.0020114915,0.01558685
0.0074532414,0.056333616
0.0017899657,0.058347497
-0.0010508613,-0.12687421
0.009746678,-0.021295521
0.00047511846,0.0671782
-0.0065700756,-0.17051598
0.010242065,0.068227105
0.00039403827,0.079449765
-0.0027266298,-0.061133422
0.0015686445,-0.075970784
-0.003951468,0.02851958
0.001761812,-0.075777605
-0.0028959801,-0.10578801
0.0038284066,0.21363571
-0.013863653,0.12937626
-0.014980122,0.015415558
0.0075468943,-0.0070756925
-0.0047755777,0.24415736
-0.038262453,0.11592672
-0.022877239,-0.05176155
0.0162552,-0.021412006
-0.02201609,0.035282582
-0.002908476,0.018286485
0.003384059,-0.015793867
0.017334033,-0.124852635
0.016519418,-0.010513003
0.0030120062,-0.022955943
0.020272763,-0.041626632
-0.0040738485,0.11033011
-0.0061510475,-0.079164095
0.017288221,0.36228868
-0.011218546,0.12969066
0.01346295,-0.17555907
0.027375706,0.07878741
-0.016790973,0.007653728
0.012774717,0.0628146
-0.009371518,0.089926615
-0.007708165,0.15276931
-0.011330863,-0.027991207
0.02259463,0.058133125
-0.025317553,-0.039848443
0.012052383,-0.02728922
-0.0008317267,0.10484686
-0.0014396857,-0.11774106
0.02842562,0.019315373
-0.0072353017,-0.039095312
0.0047869873,-0.0144677935
0.010251763,-0.027160255
-0.011789493,0.033970095
-0.0024654907,0.17914687
-0.014401178,0.009657796
0.014021609,-0.10827582
0.014590103,0.07358749
-0.0010778632,-0.3705108
0.020292237,-0.033107724
-0.010669663,-0.03246817
0.008079226,-0.10751249
0.0035688595,0.069425985
-0.008111666,0.120209455
-0.006173529,0.0020503094
0.01378097,-0.072576426
-0.0009407061,0.04697653
-0.0034005288,0.004272875
0.0030092103,-0.17070903
0.010062866,0.113509536
-0.011494234,0.058549445
0.0071058525,-0.12061174
0.022384515,-0.09901213
0.007838776,0.021264123
-0.016084673,0.09955377
-0.012361772,0.15785359
-0.015246061,0.10066473
-0.0104431575,0.035179652
0.0013810748,-0.047987062
0.0060601514,-0.04071766
-0.0006546641,0.055418257
-0.00977576,-0.04558886
0.0038249819,0.118566886
-0.005362434,0.0074682715
0.011076898,0.1963484
-0.021942666,0.008232789
0.0060437704,0.1081828
-0.02746554,0.02073868
0.0120853,0.0248934
-0.005038941,0.20204501
-0.012499398,0.089892454
0.012751909,0.077566735
0.008214569,-0.23315926
0.03100805,-0.12906991
-0.021460135,-0.012643739
-0.006099831,-0.14998321
0.020922143,-0.03619479
-0.026610862,0.1299439
-0.018815013,0.012945383
0.0023581802,-0.020551873
-0.00046941452,0.06893368
-0.008394864,0.10083903
-0.0043466007,-0.065941945
0.015980478,-0.115566865
0.019655295,-0.09410625
0.018938057,-0.13880537
0.018565435,0.16395421
-0.009858375,0.12432069
-0.0021805451,-0.010748282
0.01561477,-0.1671291
0.005321159,0.042339485
-0.0009758576,-0.048468795
-0.0019141044,0.11177484
0.0050006043,-0.086633
0.014690669,-0.21840118
0.016072677,-0.118892275
-0.013162343,0.032043263
-0.00938237,-0.18570903
0.025331108,0.09233143
-0.023795709,0.39862385
-0.05801401,-0.109338336
0.034346752,-0.12936889
0.01585599,-0.11792887
0.0013847452,-0.31319427
0.013126435,0.074549235
-0.03352239,0.11807641
0.0044289394,0.027552668
-0.007578647,0.21873422
-0.018267186,0.03778507
0.022567965,-0.39791888
0.021691136,-0.20244688
0.00066657196,-0.22725789
0.02368201,0.04180569
-0.014636855,-0.04270238
0.021626547,-0.08723138
0.010011469,0.04375772
-0.002781101,-0.15829505
0.008917132,0.39420393
-0.02027129,-0.18125483
0.028988604,-0.11610235
0.006838789,-0.19718012
0.006744598,0.10287356
-0.014876278,0.039191794
0.010856984,-0.17136113
-0.01026291,-0.073532544
0.006130919,-0.14554954
-0.006563391,0.082641065
-0.011538327,-0.13448152
0.014204056,-0.036298063
-0.01366629,-0.17014861
0.01644282,-0.10700075
0.004532066,0.09538485
0.00022849109,-0.13208358
0.013727577,-0.13835686
0.007636234,0.1559453
-0.012585143,0.09375179
0.00840026,0.0044672103
-0.008035316,0.03505525
0.0027012993,-0.20542172
0.002008278,0.007900706
-0.0016646193,-0.2553723
0.0042952234,-0.06619791
-8.525973e-05,-0.052021082
-0.009713514,0.081161514
-0.004148686,-0.11199733
0.00622687,0.16181673
-0.018400423,0.16599296
-0.02183353,0.08677686
0.0020283258,0.0131757725
0.01628942,-0.1129734
0.007086606,0.22148496
-0.025375754,0.058290653
-0.002345753,0.06169262
-0.0035221656,-0.031457383
0.02599236,0.06262379
-0.019176785,0.039518874
0.0011955211,-0.08631558
0.007180145,-0.01933637
-0.013403422,0.09929167
-0.0046836,-0.13096303
0.02449072,-0.20176639
0.009251032,-0.0020697007
-0.009345963,-0.016345885
0.0039499104,0.014247025
0.0012123978,-0.00019865784
0.0044526607,0.017644245
0.0029707188,-0.13028094
0.0064538033,0.031057563
-0.011858655,0.03149576
-0.01039219,-0.07558487
0.014110592,-0.0068267738
0.0016633098,-0.10445999
0.010628744,-0.11404924
0.00348808,-0.072146386
0.011505091,-0.057026282
0.0016493624,0.13754487
-0.010715487,-0.24951163
0.02483258,-0.060347196
-0.0001886643,-0.091816016
0.0026120737,-0.10909969
-0.0059751063,-0.13282457
0.0109184235,-0.023940912
0.004699328,-0.020855095
6.827689e-05,0.13629368
-0.006412305,-0.0050486964
-0.003625793,0.03669403
-0.005887351,0.060549684
0.0003076254,-0.017229242
-0.0045542056,0.10261325
-0.005976601,-0.06671037
0.007545704,0.052425142
-0.012936539,0.13982755
-0.019805882,0.06105227
-0.007502525,0.043301318
-0.00029489864,0.15091176
-0.023121849,0.09529373
-0.005007868,0.15869027
-0.018613871,0.112907186
-0.00013523502,-0.072170444
0.0009138242,0.02448822
-0.0040299855,0.01400727
0.012713562,-0.07592075
-0.011441799,0.085430816
-0.013971044,0.108227775
-0.011792613,0.10481101
-0.008836259,0.034528542
-0.0027974942,0.07681089
-0.013840664,-0.2460741
0.024300963,-0.38058668
0.02678376,0.13934535
-0.03429662,0.20249872
-0.009865567,-0.13801773
0.038693238,-0.12118334
-0.013416155,-0.1786513
0.018488927,-0.03222472
0.01238095,0.048767895
-0.017858613,-0.044873077
0.018447006,-0.16063932
0.006789739,0.07779384
-0.018221838,-0.121147156
0.022272874,-0.087957524
0.004592194,-0.071038105
0.01396518,-0.06264476
-0.00041289232,0.07591488
-0.011245909,-0.06839912
0.009559384,0.026903704
-0.001293608,0.020113586
0.00016561896,-0.093914814
-0.002631607,-0.045671836
0.018041681,0.011044846
-0.0044727745,0.12860353
-0.00080448744,-0.13310507
0.017768674,-0.09705141
0.0023646613,0.036545496
-0.0043904646,-0.02078607
0.016773023,0.039146446
-0.0070386683,-0.24695815
0.003757814,-0.062450476
0.0048960536,0.16367348
-0.005813373,-0.11352983
-0.0016805634,-0.20384456
-0.002201733,0.07360696
0.0017222513,-0.5538927
0.026734322,0.20109987
-0.017273055,0.07677787
0.0073059257,0.0011450592
0.0033580677,0.05327556
-0.0045346767,-0.05297949
0.0036808518,-0.02401648
-0.004114923,0.07690059
-7.814029e-06,-0.07585102
0.010273617,0.061284393
-0.0021825521,0.027911538
-0.008503314,0.27021664
-0.012888357,-0.4186853
0.04057141,-0.009782162
-0.011389248,-0.019862395
-0.005687331,0.049988236
-0.008217651,0.16045418
-0.013145728,0.008168162
-0.011292003,-0.114287525
0.0048802746,-0.067620344
0.00088941294,-0.046958003
0.015702832,-0.00229892
0.0019675875,-0.08547792
0.0057570976,0.038005993
-0.01968321,0.07362672
-0.048968993,0.43064633
-0.056455478,0.020387195
0.054049157,-0.12788856
-0.006802289,0.044932477
-0.017379194,0.08031262
-0.019821025,-0.016362356
0.021420468,0.06607791
-0.023936272,0.077888265
-0.009702836,-0.112036355
0.0073411083,0.16017126
-0.040369153,0.07381643
0.003863828,0.030241586
-0.009445972,-0.018617032
0.0049652304,0.0238399
0.0014549291,0.038012546
0.019332998,0.3456991
-0.025879541,0.08128389
0.0006118384,0.02844409
-0.0053201932,-0.017170994
-0.00043582416,-0.3270126
0.03093252,0.069663756
-0.03051572,0.14076969
-0.017786952,-0.063772455
0.02405075,-0.11909578
0.0038470188,0.120700926
-0.010669581,0.1311898
-0.0015185946,0.20039514
-0.008029386,-0.03787007
0.01907833,0.024333721
0.0025132026,-0.051145773
0.013212378,-0.080899104
0.013892645,-0.041282736
-0.011430854,-0.08987482
0.0033741076,-0.14047916
0.010453822,0.14412794
-0.008254749,0.008512162
0.009070452,0.02183154
-0.009791113,-0.04103433
0.0073169814,-0.06525032
-0.007149562,0.110620216
-0.01231509,-0.12194354
0.025476439,-0.0744418
-2.1920889e-05,-0.03841367
-0.0030350173,-0.061301783
-0.008892369,0.037280366
0.0002591526,-0.09149121
0.009878948,-0.017472602
-0.0008040218,0.06252717
0.000339768,0.44765884
-0.006316497,0.11284118
-0.0022843853,0.105193794
0.0014781476,0.19040966
0.0042113364,0.09001582
0.0063089044,0.2520183
-0.0029096552,-0.048235428
0.021775741,-0.30904034
0.008132137,0.13784836
-0.0068379273,-0.0314475
0.011599863,0.0126114795
0.0032476631,0.15534607
-0.02024309,0.1271526
0.016495196,-0.17549409
0.025615567,-0.19291595
0.004216425,-0.033743892
0.011832813,0.03336625
-0.008195482,0.0677022
0.012570578,0.12710644
-0.018750029,0.015880559
0.012059755,-0.047683768
-0.0025085981,-0.022834422
0.008178538,-0.120424464
0.00965566,0.27340388
-0.01964722,-0.14342579
0.02920434,-0.055956144
-0.015726319,0.15952897
-0.018367402,0.16867022
-0.01792261,-0.07299007
0.009782389,-0.060692467
-0.007975185,-0.012621168
-0.0020891153,-0.07431615
0.002875152,0.14527391
-0.04182681,0.1491736
0.006921961,0.070201986
-0.03231066,0.3241623
-0.026732609,-0.24265578
0.030257719,-0.26334137
0.021579158,-0.069201894
-0.02101408,-0.07559023
0.01564094,-0.02581478
-0.010765805,-0.07370181
0.00031824107,0.1305552
-0.0054913224,-0.083548024
0.008438416,-0.14899914
0.018337395,-0.01825623
-0.017601479,0.1794052
-0.010634923,0.036874715
0.015283898,-0.22724262
0.024595367,-0.010914237
-0.009197494,0.019643024
0.01578895,0.23928991
-0.023440037,0.09471598
0.00015458837,-0.018399179
0.00034229076,0.0799088
-0.0050637806,-0.07682462
0.00791002,-0.04699085
-0.001286807,-0.09151921
-0.0037685449,-0.03194528
-0.008463999,0.013820505
0.007104759,-0.043853633
-0.0077079516,0.08559287
0.009883231,0.026230657
0.00670432,-0.06782145
-0.0050582374,-0.07654912
0.011972199,0.067059964
-0.0067759478,-0.0027600576
0.009190207,0.006918715
-0.002040333,0.0037314969
-0.010137315,0.06676524
-0.006083221,0.016605861
0.009546872,-0.2483919
0.011544348,0.05948088
-0.0012184181,-0.051574416
0.0067057554,-0.036804847
-0.0075073703,0.004254333
-0.009851908,-0.13981912
0.021658186,0.018593416
-0.0052909213,0.10275496
0.007973122,0.101588234
-0.0068487907,0.009684956
0.005773493,-0.042241808
0.010848574,0.019388672
0.014277409,-0.022617534
0.0055608256,0.032911837
0.002984782,0.032478217
-0.0122190965,0.0371709
0.0030671451,-0.06920592
0.0024206764,-0.11873526
0.017013906,-0.0360368
-0.0030045677,-0.013277114
-0.012031043,0.039561193
-0.0029352736,0.09347164
0.0024452412,-0.0067801117
0.009788334,-0.10580494
0.0175878,-0.037146326
-0.004576318,0.006816552
-0.0051822844,0.18760659
-0.017087841,-0.007983493
-0.0011979688,-0.047837075
-0.0072652614,-0.0049828766
0.005519965,0.15427744
-0.012292151,-0.07206387
0.01170506,-0.04622263
-0.0070281723,0.0031347696
0.011191098,-0.045223396
0.004489092,-0.14890562
-0.008417335,0.024342328
-0.009558031,-0.011070651
0.002659075,0.019835843
0.0031389822,-0.17311695
0.019744258,0.002612903
-0.0021544881,-0.025702987
-0.00020451692,-0.08000177
-0.0040594195,-0.050085213
-0.0033919709,0.051483616
-0.007903643,-0.12304356
0.015653068,-0.05541091
-0.0005010187,0.12322338
-0.012620164,-0.041713435
0.017180853,0.067074224
-0.00624542,-0.091759786
0.011098962,-0.1776982
0.0103052,0.06552827
0.0051948735,-0.0014461526
-0.0003072311,0.12575437
-0.009948106,0.1983898
-0.014490105,0.15976034
-0.0019431186,-0.016817428
-0.011973552,0.038383704
0.007353472,-0.027309943
-0.011003926,0.22157013
-0.018759541,0.0147533985
0.014965814,-0.09214474
0.0067308336,0.05106562
-0.009738558,-0.009305518
0.014430848,-0.0472762
0.00829293,0.10955692
-0.00870312,-0.08822445
0.025739897,-0.061137144
-0.01590132,-0.10191972
-0.00014814292,-0.05915743
0.020151496,-0.02933732
-0.01036267,0.017735979
-0.004766566,0.025799766
-0.027438644,0.14931946
-0.01492181,0.058345832
-0.004845479,0.016964586
-0.0064811,0.04362421
0.001979875,-0.07731093
0.006695531,0.02681746
0.0025314619,0.09286417
-0.0043780673,0.06472289
0.0046851616,-0.0456079
0.006455132,-0.050015308
-0.0090425555,0.11774193
0.011691764,-0.08302434
0.009758377,-0.106347755
0.0032786797,0.030842457
-0.0037223483,-0.10312922
-0.0013849651,-0.055172734
0.05500891,-0.19348279
0.012194866,-0.031921584
-0.009432362,0.012753477
0.0032084652,0.027307205
0.011438888,-0.054325197
8.025911e-05,0.021572279
0.007067167,0.054086987
0.009754784,-0.09795315
0.010103307,0.022048665
0.0050371783,-0.015931092
0.0018843752,-0.05465695
0.003365479,0.14256021
-0.00017447316,0.026378147
-0.00426267,-0.03089113
0.008686382,-0.12650137
-0.0005914419,0.078713
0.00050330244,0.05839099
-0.0032507458,0.09912393
-0.011794201,0.14944725
-0.008049684,-0.08850276
0.011712151,0.05143641
-0.0051109456,0.056645606
-0.0023281132,0.021088557
-0.001922942,0.004634637
-0.013158329,0.049257267
-0.0052713472,0.03262819
0.0038346802,0.13644618
-0.024559312,-0.018916558
-0.0018073772,-0.016157346
0.0011053532,-0.044530865
-0.0010319581,0.21387511
-0.012948737,-0.12045349
0.016944151,-0.05754579
-0.013208465,0.0007198862
0.004770131,-0.042252887
-0.0073897876,0.113165595
-0.0106407795,-0.01523812
0.020563852,-0.099295095
0.02468812,-0.038794175
-0.0117269745,-0.038709626
0.0028592688,0.06669465
-0.014050794,0.06851892
-0.0009615845,0.037753552
-0.0035734586,-0.08921785
0.007339395,-0.03942374
-0.018405946,0.11552893
0.0033366648,0.002184584
0.01560156,0.20114383
-0.021456169,0.057459366
-0.0018527646,-0.14514239
0.022945182,-0.17736849
0.0052330494,-0.13255799
0.0046208054,0.09647892
-0.011459993,-0.0033867722
0.011816932,-0.16922615
0.024718957,-0.079356
-0.014989902,0.07659223
-0.021734256,0.032258663
0.018955804,0.04555218
-0.023228284,0.024747418
-0.0032754564,0.08030735
-0.010094084,0.0006174712
0.018569533,-0.106461585
0.01574551,0.01543302
-0.008729966,0.06871382
-0.020609738,-0.006037489
-0.0023505008,-0.15898697
0.013837468,0.23634784
-0.020840367,0.12766911
0.014299608,0.006166985
-0.0042470586,-0.10962136
0.020028992,-0.08544764
0.010876782,0.06692138
0.0038817555,-0.105957605
0.017042402,0.14504407
-0.02278492,0.15161422
-0.023219768,0.0767341
-0.010371,0.10089515
-0.0070639933,0.12956114
-0.0020912797,-0.083278485
0.022146057,-0.08129798
-0.0007748641,0.18382601
-0.01132967,0.051104277
0.024694955,0.106296174
0.0050042877,-0.0010159462
-0.0065421676,0.006253884
0.0045105657,-0.04501088
-0.010517765,0.019442417
-0.003601705,0.028175121
0.0030276922,0.061710503
0.0050970865,0.09365277
-0.008847956,0.07214771
0.0065637054,-0.010896447
0.010536563,-0.07215978
-0.002965686,-0.0009023836
-0.004420303,0.11894682
-0.003131028,0.008966355
0.013464927,-0.1460154
0.008583274,0.06718673
0.00963567,0.054608673
-0.0054981145,0.011288234
0.008923758,0.0205137
-0.0007503602,-0.00861097
-0.0023650117,0.11325694
-0.002203134,0.026114443
-0.0010069166,0.03144053
-0.008487585,0.04660351
0.0033964165,-0.0548111
0.010344108,-0.07155164
0.020297853,-0.23838945
0.016987745,-0.16569965
0.0074430276,0.20688243
-0.0069792964,0.021664005
0.010213513,0.062911764
0.006334779,-0.0015234507
-0.0054074004,-0.0426971
0.0044434974,0.07913889
-0.00090899866,-0.028207796
0.0067811976,0.10984466
-0.010510956,0.041499216
-0.005273332,0.031373322
0.0036797747,0.05756887
-0.009916437,0.16319661
-0.01284107,0.09481012
0.0017026928,-0.22440732
0.029908188,0.005789424
-0.016065232,0.034511346
0.00017632905,0.0999528
-0.020587467,0.10248527
0.0047167502,0.003132105
-0.012061679,0.16464801
-0.011996349,-0.02331111
0.0027168605,-0.10095372
0.018493552,0.042350024
-0.004754627,0.060649205
-0.008832118,-0.11881169
0.0365537,-0.10786798
0.0027357792,0.31287968
-0.021530608,0.16006409
-0.0073491866,0.10477944
-0.010616594,-0.014355593
0.0062430874,0.23523857
-0.04255391,0.042189278
0.0165982,-0.021451743
-0.0015034433,-0.009929268
0.019586464,0.09014321
-0.02244075,0.22776641
-0.027672444,-0.05564456
0.02157021,0.08815819
-0.035648014,0.10595285
0.004024916,-0.027363107
0.010116672,-0.12042298
-0.00334297,-0.0037617655
0.0033318738,0.02118431
-0.0056540878,-0.085205115
0.011686808,0.07688042
-0.02472606,0.06305036
0.005610505,-0.10876797
0.021052012,0.009208859
-0.021415848,0.2143649
-0.02115746,0.063439965
0.008814301,0.097775005
-0.019874148,0.13560063
-0.023585977,-0.03247081
0.009730021,-0.15952308
-0.013230983,0.04246004
0.0049478137,-0.04134492
0.01849407,-0.050597377
-0.00050030806,-0.12848397
0.004843776,0.16822703
-0.017649414,0.053478587
0.00627949,0.122395
-0.0037878102,0.0041871304
0.009715659,0.09636286
-0.013496872,-0.10273783
0.012979338,-0.42254993
0.020376526,-0.012907713
-0.012050648,0.10196587
0.0052112937,-0.07854953
-0.006161455,0.14792901
-0.008592365,-0.05382514
0.015586669,-0.12322093
0.013544473,0.008445369
-0.0049695796,0.090047516
-0.0016157134,0.06841324
-0.0027540182,-0.09815181
0.010654492,0.10405369
-0.0062078456,0.021782158
-0.0065532154,-0.009022153
0.0044921674,0.03137394
0.007475782,0.07989678
-0.0014791229,-0.24224964
0.0044353264,-0.014541662
-0.0027329614,-0.16065092
0.0044866884,-0.08924887
0.010053027,-0.028572623
0.0019701608,0.07867091
0.0053213793,0.01027857
-0.0016431955,0.2040313
-0.00875904,0.17642634
-0.008701552,0.114008054
0.0008037817,-0.07676108
0.012987189,0.104378566
-0.022624942,-0.03270888
0.009897767,-0.105415165
0.0072860057,-0.093694486
0.018171163,0.09097519
0.0072614495,-0.019713756
0.009456351,-0.02354235
0.00569722,0.04743761
-0.025804933,0.034631755
0.004658282,-0.23549004
0.019581072,-0.06381612
-0.02806702,0.11187203
-0.0040666074,0.04310348
-0.007945468,-0.0010708678
0.0005831681,-0.072517
0.014783635,-0.082038864
0.00095787505,-0.05592327
0.024453217,-0.097574346
-0.009277685,0.04918701
-0.012930894,-0.10324596
0.013152236,-0.13150571
0.0063190195,-0.0002196716
-0.0010361418,0.019823754
-0.0016521666,0.06556185
-0.021130782,0.17194743
-0.020310223,0.097898155
-0.005374441,0.05706575
0.0022817599,-0.014450316
-0.0074228263,0.26495296
-0.03093544,0.119432196
0.008672452,0.1444142
-0.0285336,0.117172316
-6.408803e-05,-0.021269657
-0.0066283136,-0.38080442
0.048233703,-0.28605425
0.0048756176,-0.00049716525
0.0092219645,-0.083829656
0.006856057,-0.082213886
-0.005889724,0.0059891664
0.0056162924,-0.14788973
0.016617903,-0.17652526
0.01170026,0.096731
-0.0008222773,-0.30920935
0.018551784,-0.06254895
-0.00901945,0.23273723
-0.012510987,0.20796579
-0.0066998303,-0.02595349
0.0120142065,0.024248537
0.007886825,-0.11415916
0.004241649,-0.06360484
0.0034729396,-0.04547295
-0.0035895968,0.37826517
-0.0077036535,-0.055666402
0.008590842,0.002086791
-0.01136009,-0.06898097
0.00634193,0.47648597
-0.023840489,-0.06004955
0.015937127,-0.33305195
0.031244235,-0.04463705
-0.026274031,-0.060749367
0.023807956,0.4100604
-0.023957878,0.19367732
-0.0018129635,-0.030204207
0.002919264,0.34025905
-0.035102375,0.18320723
-0.024724973,0.0
0.016608141,-0.084705316
0.00085559604,-0.0044326377
-0.0031634858,-0.063170195
0.007933371,0.047258563
-0.012312364,-0.103008896
0.011655575,0.20805848
-0.050693914,0.0
0.0029191382,0.0
0.00233982,-0.0670175
0.0012697125,0.025690932
0.0024778652,0.041326568
-0.002242474,0.0
-0.026423369,-0.115405194
0.021326102,-0.07363513
-0.022018436,0.14126411
-5.799759e-05,-0.033545915
-0.0013305483,0.057944052
-0.010614796,0.023378076
-0.023519123,0.0
-0.0036627026,0.0
0.019920584,0.0
2.5904737e-06,-0.16941215
0.020835124,0.017658105
-0.007363345,-0.2018884
0.008265294,-0.07445264
-0.005604906,-0.22015662
0.020807937,-0.09416267
0.0025428669,-0.03374864
0.011703769,0.029310167
-0.005741231,0.13565634
-0.001536971,0.16551992
-0.014440243,-0.04145211
0.0069073928,-0.04817428
0.006519773,-0.012667962
0.003964939,-0.15776196
0.012746548,-0.042211585
-0.0031964444,0.11876742
-0.010429511,0.009656269
-0.0037635998,-0.069155134
0.010584752,-0.083067566
-0.004610309,0.08872587
0.0027870454,-0.014313106
0.011628358,-0.20289157
0.007712783,0.010958313
-0.0016304511,0.045159847
0.0003158598,-0.18208656
0.0054676244,0.05147362
-0.0033770744,-0.07036622
0.010584283,0.020653596
-0.0160254,0.033004005
0.0038849772,0.035248008
-0.0066766487,-0.068203494
0.00751338,-0.13693984
0.004023249,-0.019411972
-0.006963073,0.099047564
-0.00046249083,0.05251954
0.011841975,-0.05176553
-0.00026724092,-0.04321163
0.013289917,-0.24407773
0.017119775,-0.064560376
0.0008008837,-0.124915384
0.012596006,-0.051277693
-0.0026150248,-0.045065153
0.0022540963,0.14783444
0.015956651,-0.16858375
-0.0010240597,-0.018061468
0.0071680974,-0.21478729
-0.002644958,-0.011046572
0.019316731,-0.06339533
0.0044624167,0.049721666
-0.00089295715,0.009733697
0.002082711,-0.05766332
0.011987905,0.03622873
-0.0046364325,-0.015377535
-0.007494444,0.14870006
-0.012140732,-0.048403207
0.0104571525,0.059135564
-0.009905639,0.08674007
-0.00446165,0.38147298
-0.017292265,0.0070756422
-0.001494831,0.19283356
-0.0226839,-0.052873664
0.023453955,-0.04050227
-0.01879995,-0.4719281
0.051239304,-0.31825277
-0.006518484,-0.10996613
-0.0042067254,0.15170276
-0.008170669,-0.028115284
0.0060411864,-0.35136735
0.017784702,-0.10533395
-0.0037912915,0.043429513
-0.0031523348,0.22109553
-0.013336187,0.054324396
0.015122087,0.11125626
-0.014858922,0.06845006
0.012395309,0.053290132
0.0002319286,0.1355562
-0.0075204,0.044717044
0.01570296,-0.09914691
0.006407266,-0.09028176
0.0030274126,-0.23926106
0.01044777,0.0046656653
-0.00080477895,0.09117074
0.00557586,0.026509926
0.0058089215,-0.02223791
-0.0030091633,0.056323066
0.0016340996,0.033281934
-0.0021756024,-0.0647007
-0.005194337,-0.038400713
0.0036059185,0.14859279
-0.0060940282,0.00873134
-0.0017398526,-0.006994082
-0.013221746,0.01000133
0.008387304,0.032107636
-0.007908245,0.0739869
0.006041207,0.11647349
0.0020188089,-0.08408097
0.029160095,-0.13558026
-0.00081134925,-0.008338489
-0.0032457206,-0.036811426
0.01654098,-0.21279763
0.0046884245,-0.024620924
-0.002824698,0.034945577
0.0012875765,-0.048379246
0.006056441,0.063421376
-0.0072124237,0.087871544
-0.004902923,0.067770384
0.005094354,-0.107948646
0.007647045,0.0036522653
-0.0038005034,0.05180738
-0.0014327927,-0.100021556
0.0072500776,0.0020671345
-0.00083388283,0.032817047
5.127437e-05,-0.001155896
-0.017082691,0.058914997
-0.005127088,-0.013369754
0.004244284,0.010632846
-0.001831454,0.121595584
-0.008987628,0.01772763
0.0188857,-0.29249218
-0.0060144803,-0.040755145
0.0071296906,-0.03467749
0.0032972996,0.047143683
-0.020309437,-0.09003855
0.03331756,0.04409764
-0.0029946459,-0.077089384
0.018029723,-0.14162375
0.026077524,-0.116157584
0.00798603,-0.019500064
0.003124241,-0.04407051
-0.008510999,0.035304673
0.0013863235,-0.17855291
0.019490816,-0.058037594
0.005181804,-0.10759099
-0.0016796389,-0.02658823
-0.0011899531,0.034005206
0.0020579195,-0.07449607
0.013033383,0.17957622
-0.017569004,0.028595809
0.021595875,0.015102223
-0.010352394,0.0034898024
0.007162021,-0.039548416
0.014810644,0.08301993
-0.0068025296,-0.09475731
0.013841178,-0.07428462
-0.0052921902,0.043289106
0.0044077937,-0.09386616
0.0004881199,0.09650412
-0.0032122196,-0.044961337
0.015559043,-0.11720925
0.003608007,0.022740876
-0.013624998,0.068406396
-0.0181653,0.15685526
-0.027292091,0.014755358
0.012982541,-0.26692688
0.009243006,-0.020737315
0.001951607,-0.12362925
-0.005867711,0.005749665
0.0021138575,0.024119757
0.0008590274,0.018828787
-0.0026480746,-0.18765637
0.012674548,0.030152505
-0.00030661002,-0.035283856
0.006424756,0.006428633
0.0023286222,-0.005883351
0.009713577,-0.024912043
0.0073167793,0.035056703
0.0013887214,0.13599469
0.0015871084,-0.026737783
0.005490227,0.021158284
0.0063948594,0.045890722
-0.007073004,0.036477264
-0.014673294,0.036959093
0.002593826,-0.2637357
0.016766315,0.05586868
-0.0061332923,-0.0027024264
0.010246399,-0.1473114
0.005813213,0.012865053
0.0020035803,0.1964715
-0.010488319,0.09732931
0.012035608,-0.22278361
0.029623339,-0.014676071
-0.013610255,-0.01147546
0.012426272,0.06824176
-0.0056335987,0.1040545
-0.006151979,-0.013523783
0.0008565157,-0.06277935
-0.004421773,0.021659393
0.0014245152,0.074154206
0.0020511416,0.055439472
0.0072674896,0.03118041
-0.009868102,-0.009457296
0.0070340037,-0.016414214
0.0033964373,-0.048187617
0.010999435,0.026684882
-0.0109992325,0.10511031
0.0044626785,0.14414622
0.009582573,0.011981088
-0.0050259316,-0.11612482
0.024699088,-0.0915845
0.0054143644,0.11823113
-0.011413849,0.03628934
-0.016465392,0.18043336
-0.013351437,0.101244174
-0.0070579685,-0.02305648
0.03190484,-0.15160742
0.020570798,0.027075266
0.010539094,0.056849934
0.0061250874,0.080169156
-0.0059153214,0.054822706
0.0064577297,-0.07057669
-0.006748744,-0.027459694
-0.00079706684,0.025445925
0.0017760007,0.031562924
-0.0027020024,0.046112895
0.005834117,0.040430076
-0.0116750905,-0.022157872
0.017410887,-0.09399649
0.008271115,0.071424186
-0.009118075,0.016675726
0.006117219,0.055511836
-0.01523854,0.09121649
-0.0068978895,0.06688215
-0.009852653,0.13577825
-0.016611613,0.14115646
0.005882014,-0.08761346
0.0074913567,0.021902606
0.0044453572,0.16804588
-0.026526302,0.2110861
-0.015827581,0.047920115
0.004108771,-0.016854428
-0.0151013145,-0.05800651
-0.0043239947,0.3947811
-0.04260382,0.13912298
-0.008717975,-0.03698209
0.001377566,-0.20773236
0.0021464778,-0.07412919
0.005159748,-0.1699472
0.0017669117,-0.21286727
0.013093285,0.20071676
-0.037519794,0.1910764
0.0066844854,-0.013861554
0.0093874475,0.3230296
-0.053678855,0.16845742
0.00558363,-0.013750766
-0.010160892,0.043761015
-0.012337695,0.45823926
-0.041721642,-0.1507547
0.049586594,0.21363509
-0.026904438,-0.10392258
0.03192332,-0.22117
0.01915645,-0.1175863
-0.007562519,0.12451574
0.0069374335,-0.103801996
0.016017241,-0.08900881
0.028189402,-0.1857818
0.027753264,-0.13860978
-0.0060351402,-0.08405719
0.0019678855,-0.26754296
0.0043060686,0.06817346
-0.022773933,-0.013195283
-0.0007479773,0.09929212
-0.0002045026,-0.08816251
0.007899892,-0.088238634
-0.0010089045,-0.03301943
-0.01752928,0.002283836
-0.0069695255,-0.103962824
0.012143707,-0.0370232
0.0019727354,-0.0101425415
-0.0003584067,0.22205138
-0.014798558,0.12735465
-0.0042240275,-0.07722902
0.011824716,-0.069468185
0.008660357,0.06587956
-0.015159981,-0.0003349639
0.011709137,0.104547486
-0.011556,-0.006636252
0.015146217,-0.094468534
-0.01065,0.04548693
-0.0099326,0.1951502
-0.019411283,0.0072421203
0.007136401,-0.06696044
0.0006993981,-0.012537489
-0.0030856966,0.029118711
-0.005834778,-0.05598399
0.009607929,-0.110389665
0.018727865,-0.08417537
-0.0067250063,-0.08499489
0.0017892977,0.003625927
0.005045847,-0.010223694
0.00069567154,-0.095324405
0.00013892312,-0.013191983
0.004957381,-0.30021623
0.0055366154,0.035220727
-0.010585526,-0.067148305
0.0033937858,-0.2987208
0.0091528,0.069330074
-0.017118614,0.30399078
-0.03227735,0.13171472
0.01048162,-0.70267147
0.046347417,-0.55092233
0.008310178,0.24792878
-0.018807834,-0.037898876
0.020863494,-0.12449346
0.012056655,0.07245799
0.005791244,-0.009298352
-0.013143226,-0.15394682
0.017435318,-0.061063547
0.010119816,0.1547009
-0.012331693,-0.17716813
0.022956748,-0.14697686
0.006857338,-0.15072717
-0.0069119623,0.0609625
-0.0037286715,0.10464837
-0.008768579,-0.02216914
0.003852884,-0.18918845
0.0023080474,0.0041287
0.00030895555,0.15584093
-0.0062337974,-0.028597448
-0.00029684856,0.0374701
-0.0071672583,-0.06316
0.0022631024,0.12628499
-0.014013294,0.027721923
-0.010173786,0.07298183
-0.017517619,0.052708097
0.014917656,-0.12088214
0.012061425,0.022138748
-0.012376158,0.048255667
0.0041885558,-0.1258364
0.007646704,0.021164192
-0.0092452485,0.068286315
0.011093106,0.076385826
0.0052426234,0.020573212
-0.0051222173,-0.03667423
0.019697627,-0.07822923
0.0051706024,0.006938725
-0.018949063,0.12103183
-0.0022821059,0.07431122
-0.006625417,-0.082288414
-0.008983071,0.024390886
0.011787,-0.046431776
0.004527075,-0.10263597
-0.007795205,0.02976046
0.004230267,0.092304684
-0.010142727,0.33445364
-0.036800884,0.02125837
0.029084865,-0.054398887
-0.0009657927,-0.027441926
0.011297368,0.09839396
-0.011170799,0.08161809
0.0033294829,0.018087434
0.0011713521,-0.10248013
0.010581888,0.03938414
-0.007606281,-0.16686283
0.02518571,-0.07405445
-0.011400986,-0.24562943
0.030581849,-0.070977576
0.004674683,-0.5565957
0.020169552,-0.064895116
-0.006593203,-0.010149009
-0.0003023987,0.15847543
-0.015037807,0.076654315
0.0027501034,-0.3848806
0.021817202,-0.09067976
-0.010776732,-0.0058100605
-0.00598959,0.119168326
-0.009919951,0.20002702
-0.014290222,-0.011883808
-0.0012084427,0.07236039
-0.0035544538,0.061428405
-0.008611925,0.030004978
0.00435018,0.0592117
0.0005945107,0.17885435
-0.008771917,-0.082958445
0.0066706464,-0.20224872
0.018091934,-0.06306
-0.002212383,0.0057272934
0.0040796474,-0.081485085
-0.005153779,-0.0007049335
0.0013255393,0.024633545
-0.0075929686,0.014648492
-0.0031023666,-0.026466148
0.008913219,-0.2484594
0.019411827,0.056922417
0.0012905073,-0.0045327456
0.0018520333,0.078837894
-0.0049532093,0.030308858
-0.008569283,-0.020588448
0.005174759,0.050868466
-0.005031039,-0.008327094
0.010353336,0.021191629
0.0027368567,-0.025319023
0.0017838307,0.102793574
-0.008668593,-0.3009366
0.037129354,-0.05935145
-0.008195734,-0.055893783
-3.198278e-05,0.09928149
-0.012006484,-0.020079127
0.012287583,-0.07111569
0.007662583,0.03575884
-0.0056988923,-0.15771644
-0.016072005,-0.051820464
-0.010630561,-0.008250068
0.0022277683,-0.1286086
0.016981978,-0.069395356
0.0011907733,-0.07000183
0.010149839,-0.0051443567
0.014566969,-0.06740527
0.006233848,-0.040904492
0.013563985,-0.10653807
0.0054266485,-0.03992942
-0.0052107885,0.02630577
-0.0061733336,0.063106686
-0.005828402,0.105401054
0.0089340415,-0.010911918
0.00068237504,0.010784394
-0.006671261,0.12873779
0.0003266232,-0.048442304
0.0025835864,-0.008977109
0.0046685813,-0.024002152
0.0086135855,0.064778894
-0.0059753563,-0.048703145
0.0050775283,0.04465817
-0.001323072,0.011408652
3.5364763e-05,0.028322041
-0.0033233683,0.055471823
0.0021640507,0.03805978
0.00026065487,-0.14290322
-0.002088118,0.05758841
0.0015280916,-0.09549325
0.0075248247,-0.13180988
-0.002292878,0.17484951
-0.0033612093,0.052915268
0.016317923,-0.09946799
0.005730466,0.096754305
-2.1302607e-05,-0.025416646
0.0015638473,0.02887526
-0.006272073,0.057928562
0.008767614,-0.11049779
-0.0075467993,0.04524392
-0.023401352,0.07386502
0.0153528685,-0.10730348
-0.00092351006,-0.04522465
-0.013177827,0.15740113
-0.009893106,-0.07061899
0.020110149,0.08318371
-0.01732744,0.078393
0.0066011194,-0.056892548
0.0014046188,-0.056242283
0.0075993617,0.097514875
-0.009352123,-0.04781445
0.016965855,-0.09574383
0.0154938735,-0.014520522
-0.021793615,-0.01573932
0.009616282,0.050231464
-0.010210291,-0.031636916
0.034112696,-0.023497706
-0.01567822,-0.049561575
0.0057306094,0.15629096
-0.025696239,0.033381302
-0.0036276327,-0.0063115885
-0.010274527,-0.014618707
-0.0003875721,-0.08268291
0.0179929,-0.06198831
-0.011288593,-0.1014062
-0.0010123709,0.021164335
-0.010442729,0.13978876
-0.015022592,0.079221785
0.006046788,0.009474445
-0.0025424706,-0.028692294
0.00987822,-0.19007477
0.014305766,-0.06740969
-0.0022636047,-0.15711722
0.0056772484,-0.06370933
-0.0032078342,-0.041102923
0.008121078,-0.020943157
-0.0035317042,-0.012172689
0.0025872365,0.012554857
-0.0076984367,0.07340008
-0.01325129,0.15132913
-0.019260272,0.021904588
0.011571869,-0.15450571
0.013631466,-0.08891351
-0.004881895,-0.07290496
-0.008112566,0.0060580885
0.029284952,-0.13752066
0.008400963,0.122222304
-0.01753579,0.09963629
0.0049854666,0.084701926
-0.0021539393,-0.07746807
0.014720884,-0.06273548
-0.01265415,0.09179276
-0.014768279,0.09630802
-0.028009215,-0.12880586
0.03418579,-0.090437226
-0.036161248,0.010264691
-0.0036283778,-0.09998048
0.0046713203,0.03261833
-0.017315272,-0.040480025
0.022772796,-0.19926526
0.014270059,-0.17334326
0.009943678,-0.048987508
0.02477919,-0.073614985
-0.0009278259,0.07912736
-0.00268533,0.019437896
-0.0059982426,0.07844408
0.0044636447,0.03672624
-0.008978978,0.054778196
0.008782543,-0.11436787
0.01665009,-0.008512832
-0.011259041,-0.006495527
0.01816196,-0.10071759
-0.005323421,0.02187695
-0.012410928,0.057089686
0.0099466285,-0.008363395
0.016824128,0.054440465
0.0046115434,-0.06557084
0.011686903,0.058982905
-0.0057155527,0.021104768
-0.006019572,0.040224314
0.0020679,0.20546886
-0.005226705,0.0753862
-0.0040470734,0.021900633
0.000414107,0.05949681
0.0056471736,0.041731626
-0.0041718255,0.01573205
-0.0077162995,0.11932326
0.0062021674,0.015309723
0.012268003,-0.16582674
0.00911783,-0.048142944
-0.00030354247,0.08937892
-0.004337242,0.09472566
-0.01610491,0.27676195
-0.025640596,0.1278907
0.0012198808,-0.061865173
0.015496314,-0.0012174848
-0.010214121,-0.022980934
0.0033975942,-0.06643426
0.0026220928,-0.13676654
0.0024224543,0.08953602
-0.010526044,0.044477448
0.0055626445,-0.034121808
0.004776139,-0.016166734
-0.008616906,-0.037924062
0.0210163,-0.13366134
0.011919113,-0.021778164
0.0040145083,0.03473745
0.0050288686,-0.055561345
-0.0010097893,0.14065419
-0.00205799,-0.11117746
0.003564357,0.038683902
0.002350047,0.12332293
-0.013016442,0.18060537
-0.01761674,-0.016836602
0.014725315,-0.14709389
-0.0063241594,0.07245804
-0.00018452806,-0.018605156
0.02365657,-0.12361692
0.004069811,0.19666873
-0.015750473,-0.09705494
0.008306977,0.026135633
-0.0154264495,0.024132583
-0.0020431387,-0.08915475
0.011151399,0.11999443
-0.012632709,0.028399976
0.025339112,0.13632485
-0.033771526,0.15019546
0.0075973426,-0.032495603
-0.0038607018,-0.017641088
0.004498446,0.028180962
-0.01374744,0.024276424
-0.0067999107,-0.012360603
0.00759332,-0.10748323
0.009724989,-0.19522351
0.0100676585,0.012922147
-0.01363614,-0.08338464
0.021922244,0.03564282
-0.010199552,-0.061468452
0.023110013,-0.09478272
0.007250681,-0.029481558
0.0074410858,0.24161886
-0.011121723,-0.0034329114
0.021409715,-0.19714199
0.0054092784,-0.07839714
-0.010081127,0.03258634
-0.0015694762,-0.023554495
0.009713358,-0.31498608
0.025801372,-0.01908557
-0.00064594485,-0.041831356
0.011851349,-0.011533063
-0.005943437,-0.21646808
0.0077150576,-0.111305654
-0.0044827187,-0.011009115
-9.925803e-06,-0.07347115
0.00884647,-0.037928995
0.010090548,-0.041867666
0.0038356804,0.012968011
0.002977284,0.13484478
-0.012096357,0.10522807
-0.006054367,-0.010787762
0.004201202,0.06670063
-0.0044520684,0.017646624
0.024252724,-0.040635064
-0.0011730287,-0.15204757
0.0044351975,0.0050362484
-0.00075726345,0.051943585
0.001266266,0.028530417
-0.0024551158,0.12689656
0.001512603,0.025995493
-0.011105241,0.028322093
-0.004823273,0.14721434
0.0012168199,0.2540185
-0.017618772,0.15167218
-0.0038721166,-0.0058213286
-0.005091302,0.008252303
-0.0037324443,0.07498624
-0.018410245,-0.034911264
0.012575332,0.018575072
-0.017885117,0.08563312
-0.008407664,-0.036428567
-6.8075955e-05,-0.0978464
0.020392517,-0.05572268
0.00439356,0.014060113
0.0023418851,0.0745307
-0.0026330643,-0.09589839
0.018372476,-0.27340046
0.00030311325,0.13338302
-0.023061458,0.10296925
-0.006524249,-0.051408056
0.011886718,-0.1023479
0.0052569155,0.018634658
-0.002154272,-0.026951548
0.021958664,0.05543533
-0.015439577,0.09667447
0.004533792,-0.13522321
0.0042614806,0.119592026
-0.021773852,0.13924688
-0.008943673,0.13934544
-0.00049336266,0.025502242
0.0003561671,0.16829622
0.0043509174,0.07600324
-0.00013613934,-0.016195966
-0.0076034195,0.17296983
-0.012917565,-0.06559973
0.01106328,-0.06742884
-0.022983134,0.003550649
0.021853719,-0.094648935
-0.015108581,0.12459387
-0.022294482,0.09884226
0.01721941,-0.04807863
0.008819275,-0.07394007
0.012594568,-0.020717565
-0.003606528,0.0049387435
0.015388792,-0.0388433
-0.012511208,0.18850228
-0.007932921,0.092086025
-0.0056747664,-0.007898617
-0.0027054474,0.021318426
-0.009472962,0.047503922
-0.002887026,0.020960607
-0.008106522,-0.06156661
-0.014712892,0.11228282
-0.011284109,0.05003674
-6.7373854e-05,-0.05533412
0.012247831,-0.04452232
-0.0112782065,0.009882851
0.0003033264,-0.07294833
0.003287829,-0.12480794
0.0077767954,-0.38642046
0.038924858,-0.29556224
-0.014030712,-0.14593536
0.0075690914,-0.049564682
0.004649444,0.038573463
-0.008293908,0.039725848
0.0012648256,0.09262655
-0.0124275405,0.07863944
0.002673396,0.13593689
-0.0073799687,0.16332847
-0.000994537,0.015730808
-0.0049914354,-0.0368548
0.0021402128,0.1868732
-0.00580454,0.12774108
0.00917471,-0.08988151
0.014968749,-0.055227842
0.010819746,0.7352963
-0.0024794561,0.031399284
0.0051893513,-0.15251198
0.0036990936,-0.35604915
0.02204619,0.016154954
-0.008506927,-0.005356807
0.0040178453,-0.3055927
0.009520467,-0.06357808
-0.0062108263,-0.012593771
0.0034992867,-0.28347832
0.009943528,0.1623142
-0.0082050655,-0.36993387
0.007381648,-0.030005733
-0.010459656,0.015507116
0.0081691705,-0.34937263
0.017586388,0.056868657
-0.018635835,-0.08189695
0.03988166,-0.010136786
-0.00994503,-0.0639474
0.020216046,-0.14144589
0.0012827363,0.016320698
0.019099563,0.102804884
-0.017871842,-0.12042637
0.012000365,-0.0807744
0.00028850394,0.050758243
-0.011920095,-0.0316035
0.0011276898,0.08949545
-0.01105804,-0.046063993
0.020652665,0.021216176
-0.0014396027,-3.601733e-05
-0.0016092607,-0.16246569
0.0111937085,-0.06586665
0.0004960783,-0.026063485
0.002552215,0.057275213
-0.0028499283,0.10664212
-0.0018125393,0.056410488
-0.0069170063,-0.15736449
-4.682492e-05,-0.045527294
-0.0065681846,0.033030044
0.0038868624,-0.021207336
-0.0015574335,0.024471477
0.009270101,-0.22202347
0.009835109,-0.024617078
-0.018677134,0.02251939
-0.0032098012,-0.05434845
-0.0010980545,-0.10982687
0.023576159,-0.03521159
0.0031804242,-0.019889569
-0.0038222426,0.030158192
0.0049224515,0.06893352
-0.009193438,0.032555867
0.008995159,-0.09808271
-0.008567082,0.14594728
-0.023413165,0.066944905
-0.007678983,-0.21411094
0.03338477,-0.19506143
-0.024320524,0.039694928
-0.027502388,-0.13094486
0.03459544,-0.10497576
-0.0071168034,-0.043349635
0.03827264,-0.25849444
0.027680762,-0.028300365
0.007195388,-0.03669367
0.01739889,-0.022872614
0.0029244453,0.002976309
-0.004076192,9.380801e-05
-0.00055555,0.08246314
-0.017279541,-0.017015455
0.012852008,0.13328154
-0.001705617,0.08370863
0.0022287508,-0.029911604
0.014846889,0.10070615
0.011999926,0.056086686
-0.00094578613,-0.035789236
0.008749363,-0.21621563
-0.0016201579,-0.06656656
0.001632001,-0.07322856
-0.0027044015,-0.06536047
-0.009944556,0.03949989
-0.0030336073,-0.079101816
0.015185365,-0.068367176
0.009468541,-0.041645296
-0.0009361097,-0.05031486
-0.008381234,-0.025795765
0.0011618831,-0.03423409
0.0031243842,0.017174503
0.005726749,-0.0073478823
0.007875135,-0.013240449
-0.004636394,-0.050881267
0.0037377917,0.13100263
-0.009807799,-0.038838223
0.0059720175,-0.022695249
0.003600954,-0.09612847
0.008229816,-0.03768712
0.0020740503,-0.011838788
-0.0041259252,0.032613076
0.006523042,0.08374855
0.0051626195,-0.046553947
-0.018864546,-0.056046598
0.010734931,0.06797046
-0.008047984,0.050437197
-0.01305731,0.08331443
0.012598044,-0.062355068
0.0014055788,-0.007836848
-0.0008635549,0.061732225
-0.010108857,-0.057830058
0.018522494,-0.04713954
-0.011986505,0.05000021
0.003949004,0.10796699
-0.03897903,-0.046587285
0.034346074,-0.052025646
-0.0063229282,-0.061676327
0.016087228,-0.025864718
-0.012529838,0.0067446777
0.02537858,-0.12142344
0.026816774,-0.09560348
0.011923693,-0.05125166
0.004394945,-0.10427551
0.015677487,-0.09658994
0.0070503987,-0.042086016
0.006686963,-0.014039391
0.0027988884,-0.025363766
-0.011436056,0.10190874
-0.012040761,0.03006304
0.0070778495,0.1360891
-0.008300755,0.0061674556
-0.0057072383,-0.043486077
0.014675876,-0.14940934
0.013229597,-0.117383905
0.009114075,-0.047989525
-0.00035712053,-0.053952932
-0.0047766017,0.045337193
0.015711987,-0.034695476
0.0001787788,0.0300097
0.01240731,0.02047131
-0.0042808466,-0.004693198
0.011860435,-0.03992277
0.0031070476,-0.040654875
-0.0033768173,0.030488655
-0.008740848,-0.07450642
0.001616193,-0.045315485
-0.0066898754,-0.050987177
-0.0021632863,-0.026397584
-0.0133832805,0.016660534
-0.013284066,-0.01116003
-0.007280818,-0.019916197
-0.008282252,0.056684107
0.008606373,0.053239472
-0.019368663,0.096511476
-0.015184435,0.0035517327
-0.0045401193,-0.017113611
-0.015286757,0.015177976
-0.0009886785,-0.037145436
0.0040025366,0.043466266
-0.0034750989,-0.024464296
-0.013374034,-0.018064778
0.003026366,-0.062383696
0.008503634,0.0047553303
0.015576786,0.003758579
0.0008832654,0.102039546
-0.021475907,-0.029500335
-0.00089360634,0.03826698
-0.01984819,-0.018703777
0.010953962,-0.027490616
0.017663695,-0.077504694
0.008007823,0.07091315
-0.010639127,-0.027129177
0.01264954,-0.019391293
0.002555207,-0.007125052
0.0022595571,0.020806545
0.013289522,-0.08107062
-0.002375815,-0.033091415
0.014648026,-0.06078952
0.0031460447,-0.045852795
0.0011394292,-0.0029581613
-0.009752116,0.07828809
-0.011260498,0.015694771
0.006298764,0.0052063335
0.017545762,-0.07748799
0.022004206,-0.063770466
0.00744321,-0.050999153
-0.00023389485,-0.009799351
0.005235115,0.015218745
0.0050147027,0.056346677
0.006030249,0.0608256
-0.021870818,0.11664102
-0.010000337,-0.023083715
0.002576414,-0.0037697302
0.01356599,-0.050091844
0.015894048,-0.09392941
-0.00196823,0.05885866
-0.0078120474,0.018680008
0.0219142,-0.12056594
0.017735666,-0.043050546
-0.011372825,0.021726409
0.0028114102,-0.027171677
0.017500592,0.009841821
-0.0022031502,0.05204416
-0.0012482558,0.01595836
-0.0038602552,0.07943848
-0.002042877,-0.07532775
0.0025486378,0.046965472
-0.013656838,-0.05633042
0.003441917,0.16158843
-0.006092398,-0.058155622
0.0010969825,0.13377091
0.005449206,-0.056764062
0.010549221,-0.07407892
-0.0020679673,-0.057960723
0.0060922843,-0.060388718
-0.007932016,0.1446067
-0.0035335121,-0.30760297
0.014918014,-0.03535559
-0.010991273,0.12991796
0.0011672915,0.0024011661
-0.0005850871,-0.056597304
0.009455719,-0.019585134
0.0041291765,0.01975581
0.0013796752,0.0051857373
0.0004075854,0.058470514
-0.006885156,0.059720583
-0.010436788,0.15527247
-0.014121581,0.022225687
0.0056799212,0.042653427
-0.007870396,0.015625928
0.011166552,0.075781986
-0.01269,-0.102776796
0.015414965,-0.16756979
0.026520027,-0.15822205
0.0053633363,-0.21435338
0.006570083,0.009623215
0.0027722917,0.07814175
-0.0021206453,-0.038396418
0.0047335634,0.08003472
0.00056837604,0.0054629142
-0.0025149025,-0.29872942
0.01232942,0.34327996
-0.013508944,0.08242022
-0.003868912,0.11695066
-0.016051551,-0.039275423
0.006933336,-0.06911504
0.024548516,-0.17343321
0.00021706393,0.0594739
-0.010845947,0.097531125
0.00035730284,-0.02870176
0.007891431,-0.03096968
0.011522204,-0.042748753
0.0012772108,0.004249679
0.003965226,-0.1017278
0.008952705,0.15421864
-0.0044940673,-0.21453303
0.009919491,-0.017141068
0.00088500074,0.047753472
-0.01465979,-0.0009990132
0.010470901,-0.036035884
0.016864939,-0.07010563
-0.00047494145,-0.12984635
0.0017296121,0.017594632
-0.0037252097,-0.05358975
-0.0052651577,-0.00064816885
0.0004027522,0.028157255
0.012841567,0.007469056
0.0024486429,0.06329252
-0.006230982,0.03786821
-0.01117719,-0.0105110165
-0.0049781715,-0.08764525
0.005084021,0.022100287
0.0027529167,-0.057852305
0.01828324,0.02508607
0.012980968,0.0054987767
-0.0041816,0.07357899
0.011071796,-0.11105703
-0.00482625,-0.0265692
0.0079947505,-0.0029458613
0.0007280874,0.03628504
-0.0028645894,0.031688593
-0.015983906,0.054043252
-0.005657859,0.028691415
0.01674522,-0.014946387
-0.0055804616,-0.011550911
-0.00050136773,0.17496549
-0.009611136,0.017864149
0.010769412,-0.06719666
-0.0051063695,-0.07348721
0.019214798,-0.06058593
-0.011565972,-0.030533671
0.0025684093,0.03110609
0.012993203,-0.022288278
-0.008692529,-0.014240304
0.0057069333,0.03630466
0.0036068987,-0.01031268
0.005438629,0.059007056
-0.014866309,0.08963743
-0.01233714,-0.034327287
0.014433943,-0.04867127
0.0038001174,-0.14965416
0.0045251194,-0.31337
0.014111863,-0.16479157
0.0106840115,0.020672018
0.0027636776,-0.09094596
0.004899529,-0.020482091
-0.0039998596,-0.06992081
0.002193466,-0.07794333
0.0014619601,0.065575495
-0.006884656,-0.06449272
0.014204638,0.026415521
0.0019037678,0.040306937
-0.008056436,0.040755942
0.0013020496,-0.050138853
-0.0034189632,0.09431557
-0.0045720455,0.045111354
0.0053753774,-0.007419155
0.0069748694,0.09067257
0.005558942,0.103980534
-0.007519859,0.04841279
-0.0028601976,0.1352319
-0.00157535,-0.011373314
0.00309142,0.04234421
0.0027994963,0.09794588
-0.004008892,-0.0012976405
0.002118269,-0.0015510654
0.007821126,-0.04986864
-0.005937215,0.033128873
-0.0024718526,0.0059154476
-0.011541894,-0.0055804164
-0.009422925,0.01792099
-0.010787827,-0.085513584
-0.0039501535,-0.042375002
-0.015817488,-0.13384444
0.024032319,0.04203194
-0.0016913074,0.07250255
-0.009097894,0.11703617
-0.01117833,0.07836225
-0.005531295,0.038619105
0.018430125,-0.12193609
0.023475628,0.056940895
-0.0057490207,-0.0036123637
0.020169262,0.049881697
0.003478188,-0.018603072
0.0071152016,-0.03273023
0.0005933072,0.03241158
0.0014355966,0.020328594
-0.017291278,0.019593751
-0.024548745,0.057497356
0.014118051,-0.16898125
0.023320196,-0.11022695
0.005398188,-0.048530735
-0.016967343,0.10374961
-0.020425014,0.08058977
-0.007519351,-0.013362569
0.017128028,-0.0023864836
-0.0019750912,-0.09776397
0.009167545,0.081026286
-0.004332833,-0.070654884
-0.0026289255,-0.09318489
-0.004046306,0.033274323
0.0072364695,0.02189546
-0.008375775,-0.037633426
0.012158802,-0.12627491
0.003858287,0.036684945
-0.00905721,0.033033155
0.011770697,-0.04160691
-0.0045244917,0.016525088
0.010372266,-0.053221714
0.008841559,-0.019085303
-0.0058723134,-0.022187885
0.0044463784,0.010398049
0.0005602287,0.012686913
-0.009280262,0.082094334
-0.0005327412,-0.0403096
0.019311678,0.03486395
-2.3495872e-05,0.010242946
-0.00871645,0.006889074
0.024482181,-0.09921852
-0.010543609,-0.010598704
-0.010394927,-0.022497311
-0.0015334231,0.0028825456
0.00747729,0.05493632
-0.01437627,0.017945224
0.011498405,-0.03462615
-0.018555935,-0.028924746
0.013371046,-0.04863227
-0.0007362849,0.04664099
-0.0053888606,-0.06692004
-0.004602672,-0.013631647
0.0011905192,-0.0099469125
0.009519565,0.0128432065
0.014899887,-0.024076598
0.0052248,-0.026745927
0.013659572,0.08956982
-0.00925844,0.005277049
0.000120894285,-0.025076685
-0.0063251406,0.023888493
0.00022952337,0.0014857166
-0.009611014,0.022175727
-0.0019052096,0.15823917
-0.010196146,0.007960593
0.0036115493,0.121218204
-0.00653593,0.09125387
0.0051631522,-0.13431375
0.009586708,-0.033713855
-0.012268322,-0.020797074
0.0056581553,-0.0020677631
0.005366546,0.009161986
0.009551166,0.0258067
-0.007956378,-0.04043768
0.011221555,-0.16113713
0.008024901,0.051338214
-0.0014284588,-0.021121886
-0.0048684897,0.122550935
-0.017667608,0.050737035
-0.0074449573,0.011854443
0.002448792,-0.062025238
-0.001797792,-0.047205474
0.0024613468,-0.08982815
0.019273216,-0.010601609
0.01209644,0.075929955
-0.01121791,0.14114495
-0.010089808,0.014242163
-0.016666796,0.009626488
-0.00658872,-0.037469894
-0.008608471,0.11927296
-0.011822285,-0.009797936
0.023214912,-0.065275796
0.022484211,-0.07729517
-0.0073295673,-0.08085551
0.012425887,-0.0268072
-0.0125068035,-0.015332586
0.015568985,-0.018668808
0.0019738593,0.042076103
0.010982578,0.008946323
0.0022455503,-0.038690373
-0.015742218,0.08405138
-0.014189474,-0.013650763
-0.007349081,0.09702141
-0.0073582213,-0.027941065
-0.005043013,0.091121994
0.0076724766,-0.049261086
-0.006031923,-0.05959397
0.008651885,0.003205058
0.007924503,-0.011812091
-0.005483282,0.10683677
0.011541069,-0.037548717
0.004027797,-0.035776913
0.0016879109,-0.1121913
0.0012843141,0.05846093
-0.0010135521,0.025553452
-0.010164304,-0.004986085
0.020398635,0.019034512
-0.017972928,-0.008945898
-0.0008536191,0.19170815
-0.049635325,0.014586789
0.016427236,0.041792076
-0.0008312275,0.011883497
-0.010323422,-0.0039476333
-0.006234942,0.037549768
-0.0030717654,0.017894149
0.018360604,-0.08603669
0.011014383,-0.02965437
-0.007887364,0.06461867
-0.021400582,0.06140879
0.0014058286,0.027686099
0.0139130335,0.117719755
-0.001442834,-0.012546902
0.019318735,-0.02511665
-0.007687531,0.00903236
1.1084252e-05,-0.0039176163
-0.004060936,0.07076933
0.0052856524,-0.016911887
0.0045199445,-0.093219824
-0.011896192,-0.045431744
-0.013060292,-0.045952585
0.0002683996,-0.044805415
0.0036784718,-0.0037807056
-0.00611073,5.938261e-06
0.01105919,0.015383776
0.0012629096,-0.039928634
-0.0069860043,0.009723789
-0.0011770811,-0.02788278
0.0091853365,-0.029121319
0.0049585337,-0.08877755
0.005252688,0.008968494
-0.0042992323,0.066713065
0.003864515,0.0034336855
-0.0037370413,-0.025290571
-0.0022388035,-0.0068783495
0.0016455592,-0.051639915
0.003299513,-0.16030376
0.004144472,0.021259332
-0.0041081803,-0.028406354
0.00843346,0.035505734
-0.005755898,-0.042663712
-0.0016901956,0.079243846
-0.00038179941,0.007752279
-0.016879754,0.12810837
0.004643367,-0.039001435
0.008744245,-0.3689695
0.001709525,-0.012145554
-0.016652023,0.08673893
0.009051254,0.121276505
-0.019506935,-0.056848247
0.010585936,0.10865814
0.00061276206,-0.036129214
0.0074084485,0.020643609
0.006972835,-0.111791305
0.0027123431,0.0066848802
0.004532801,0.033814948
-0.009155822,0.062414806
-0.010131285,0.030079242
-0.01310824,0.07241415
0.0100939665,0.03404829
-0.001111479,-0.03493251
-0.010391164,0.025489753
-0.019540243,0.09064809
0.0065820175,0.10999242
0.0055758012,0.036633622
0.007869807,-0.059291117
0.0091460245,-0.0772569
0.0044025574,-0.057125106
0.009933558,0.015655683
-0.028750587,-0.054267615
0.010269942,0.0093051
-0.0044869822,-0.0048728
0.012513652,-0.055653382
0.004495329,0.089149825
0.009086463,-0.066603824
0.010965395,-0.005090733
0.011511362,-0.083554454
0.012948189,-0.0950954
0.015988931,0.12168558
0.018114809,-0.02551058
0.012764163,-0.0399085
-0.0005514072,0.09389506
-0.0026965882,0.09084295
-0.007007045,0.018097607
0.0047102794,0.24567099
0.0031548603,0.052855115
-0.005114418,0.05561987
0.0052740993,-0.06579043
0.0031013605,-0.10155035
0.006453042,-0.04654669
-0.0062668603,0.112919234
-0.020851688,-0.036340553
0.022021051,0.08381347
0.008257898,0.15369987
-0.032140538,0.0727206
-0.017018192,-0.024373032
0.001960624,-0.024155837
0.02732151,-0.062097047
0.006053421,-0.04060642
-0.0056218933,-0.023350008
0.010190349,-0.048327334
0.0054647685,0.14086297
-0.018720316,0.013335006
0.00095098466,0.1820602
-0.021078609,0.1682295
-0.0009767845,0.1290905
-0.0058716643,0.16079934
-0.013088359,0.03376088
-0.014370763,-0.014322555
0.006362085,0.010603163
0.0071301493,0.015559077
-0.016117578,0.049966604
-0.01911464,0.021135744
-0.013639642,0.09903714
0.00081361854,0.060625847
0.001727938,-0.07378564
0.0037185233,0.08404789
-0.03714161,0.04470777
0.014874105,-0.14828236
0.0150736235,-0.038881123
-0.01374873,0.12114901
-0.018904349,0.022247136
0.020319749,-0.074204795
-0.0017527258,0.020605933
0.009774054,0.03825767
-0.014415396,0.10841775
-0.016598005,0.14123829
0.0040196064,-0.07299328
0.005833434,-0.029521206
-0.0015916236,-0.090524144
0.027045595,-0.08265452
0.0058773533,-0.03372288
-0.0033510055,0.08060009
-0.01555392,-0.009215638
0.015006549,-0.108635455
0.023506245,-0.11130008
0.00442933,-0.028921274
-0.009693276,-0.044156354
0.012015934,-0.010565213
0.0046343165,0.17922838
-0.0084475875,0.037824266
0.0034530596,0.016504427
-0.004800024,-0.060391244
-0.01213947,0.013236797
-0.0055614742,0.025536038
0.0022117295,0.0036131523
0.0026366136,-0.015142477
0.00880989,-0.102149114
0.025901798,0.12627973
-0.0047147237,0.076695025
0.0034650888,0.028448272
-0.006837547,0.0069011482
0.013334112,0.010800119
0.009441095,-0.034723476
-0.010914606,-0.018873882
0.018172057,0.012836792
-0.0034510312,-0.011072216
0.002645268,-0.01609322
-0.006661485,0.117402084
-0.01461117,-0.0053758807
0.012980628,-0.002634166
-0.015372421,0.013791669
-0.004740414,0.09424621
-0.00076437043,0.016599178
0.0080846455,0.055837538
-0.015717864,-0.011222612
-0.009966229,0.04417056
-0.012315663,0.029137107
-0.0014269617,-0.0020884636
-0.00279056,0.014776218
-0.018643018,0.0664756
-0.012301093,0.005508781
0.0051685097,-0.0193693
0.012265836,0.019803375
-0.0068632374,0.027628139
0.03419502,-0.053126276
-0.012331502,-0.0091473805
0.010973299,-0.031724583
-0.0054676514,-0.0139840385
-0.00870623,-0.055664662
0.0033985493,0.041629415
-0.0069201933,0.04030084
0.009177573,-0.0018802222
0.0053981217,-0.0051271967
-0.01097649,-0.07730974
0.009413194,0.017952304
0.00640184,-0.02821966
-0.009128485,0.021499041
-0.00788684,0.10086238
-0.017599357,-0.06029077
0.018794158,-0.029485216
-0.010479154,-0.05575372
0.010913403,-0.061122306
0.0051996475,0.041377958
-0.004679837,-0.009940776
0.014936795,0.11200325
-0.012273054,0.034203973
0.006380476,-0.08417787
0.0019602994,-0.06408323
-0.0044195903,0.052243732
-0.008253825,0.020226708
-0.0041518407,0.013960939
-0.012572823,0.026615687
-0.012808504,0.05463623
-0.028956901,0.08894154
0.02541009,-0.0088797
0.021852609,-0.039658256
-0.008673652,-0.03347487
0.01607402,-0.06277576
-0.009673478,0.01730414
0.009041055,-0.015350315
-0.0023245355,-0.0773849
0.000937412,-0.14922668
0.010268921,-0.021158157
0.009145993,-0.050400514
-0.0034680557,-0.0072128507
-0.0039815367,0.044277474
-0.006952814,0.09489035
-0.017873026,0.054241106
0.0020365336,-0.035617538
-0.0024313913,0.0024012136
-0.0061663864,0.0085454155
0.00659153,-0.05515861
-0.0060758987,0.017141564
-0.011061019,-0.059660535
0.0039325263,-0.027834104
-0.0026629423,-0.0012902012
0.0012624352,0.112076096
-0.015187508,0.05856695
-0.0043379343,0.0023583164
0.00735554,-0.036350224
0.0036829198,-0.058233157
0.02689481,-0.03652311
-0.00059827423,-0.02089456
-0.0059560337,0.055616885
-0.0020667491,0.0805852
-0.0123961335,0.08614884
-0.0072937207,-0.040271003
0.019456659,0.034474522
-0.0003937874,-0.025244782
0.00056989305,-0.03408263
0.013145668,-0.0082540745
-0.007397528,0.044459123
0.022819247,-0.023155639
0.0006901722,-0.02600012
0.005522303,-0.0060276426
-0.012389093,0.062678196
-0.0021073867,0.023092598
0.013246991,-0.039909396
0.0095487535,0.026766192
-0.01012064,0.031153202
-0.011497047,0.008394089
-0.006317864,0.004413328
0.0005186668,0.0067023695
-0.0018145603,0.11967875
0.004055034,-0.058861654
0.005887178,-0.020584712
0.0019841855,0.036472205
-0.00383441,-0.01392491
-0.0031006555,-0.0016479129
0.028197195,0.02429458
-0.019875247,0.062640116
0.00065075094,0.08300821
0.012977076,-0.07010686
-0.009055563,-0.02235398
0.020704558,-0.04845641
-0.0017860874,0.016719563
0.01735651,0.014336383
-0.019009385,0.06981781
-0.021170132,0.2966143
-0.007846437,0.1833876
-0.016395962,-0.021626458
-0.009305835,0.028151985
-0.0076406514,0.109518506
-0.0059494735,0.25529873
-0.03846786,0.12558779
0.011684388,0.11981578
-0.027686734,0.118084095
0.0052977316,-0.08365287
0.01046224,-0.088698946
0.013891168,-0.018861514
-0.01778399,-0.04674981
-0.014968159,-0.06410498
0.010250311,0.061046205
-0.024863439,0.12694485
0.0072167222,-0.34288314
0.002858643,0.004851189
0.0049532233,-0.08997188
0.03233207,0.101860344
-0.03468765,0.0012868585
-0.0038239188,0.083544396
0.008573823,-0.018453764
0.011132456,-0.15984055
0.040404517,-0.11227648
0.016462598,-0.16024445
0.010297062,-0.0015746683
-0.0092589855,0.08334817
-0.003805265,0.03932921
-0.0017809346,-0.027438361
-0.0049860715,-0.014517153
0.0043668845,0.14560401
-0.014827177,-0.13740055
0.01236367,0.044443287
0.0005034738,-0.02652179
-0.008054955,-0.055462636
-0.011169044,0.09289105
0.0036483526,-0.052277453
0.014660999,-0.022523088
-0.0045451545,-0.057797167
0.010027417,0.018965064
-0.009452488,0.046430476
0.00048063137,-0.17060032
0.010505514,-0.3832829
0.009257111,0.096120775
-0.011603048,0.025183586
0.008052484,-0.03611253
-0.011386415,0.14920934
-0.0063446322,-0.002512697
-0.0044334107,0.0147703765
-0.00076889945,0.06082612
-0.008556384,0.015777884
-0.008003969,0.042344607
-6.17546e-05,0.009806245
-0.0047664903,0.17775409
-0.013296902,-0.008675794
-0.0048258677,-0.1067673
-0.005389719,0.04797813
-0.0046269502,0.1381554
-0.015620543,0.0036714897
0.0018066936,-0.0866829
0.016179778,-0.13604552
0.00023507886,-0.046169296
-0.015257705,0.060240284
-0.0071973596,-0.034393564
-0.0056565804,0.021388277
-0.004414249,-0.034622107
-0.010850056,0.11595042
-0.022225099,0.0651013
-0.01203433,0.05168742
0.015247869,0.015221113
0.0045270966,0.041013
-0.015136831,-0.07831168
-0.0034216307,0.09921185
-0.0031628716,-0.04311129
0.025898846,-0.15653631
0.0046687815,-0.15556936
0.0048486316,0.09067084
-0.007716789,0.047944993
0.01406864,-0.046284616
0.0011786101,0.083287746
-0.0055741123,0.16997015
-0.011848938,0.05954086
0.00087806676,-0.13708855
0.0003705566,0.23643787
-0.010746621,0.06659957
0.008265165,-0.00034830347
0.00033701002,0.1536087
-0.016098928,0.026370784
-0.01644281,-0.072898045
-0.00097470824,-0.008900481
0.0009172335,0.0910103
-0.0057705455,-0.28687006
0.04553306,-0.10167864
-0.007457722,-0.0095444
-0.005670585,-0.03936304
-0.00049763266,0.04332951
-0.026257996,-0.014105726
0.030133324,0.23582092
-0.025704375,0.078346275
-0.001833071,-0.057574235
0.0036143512,-0.03507007
0.02685728,-0.03649216
0.0028968637,-0.10907015
-0.014881743,0.018952569
0.01016402,0.07280638
0.0022137645,-0.07587357
0.020015622,-0.12072988
0.009733701,-0.077689916
0.013039323,0.028953394
-0.0008121107,-0.12961805
0.017478202,-0.082534686
-0.0024908076,0.08986745
-0.0045214742,-0.035401393
0.0012439608,-0.054180518
-0.0055252854,0.044777572
-0.0055149305,-0.040957887
8.121808e-05,-0.012387248
0.0009455539,0.02004825
-0.010130836,-0.011323514
0.0024349294,0.061386157
-0.0089473855,0.057911515
0.0039454494,0.1394792
0.0024528154,-0.1748636
0.006619587,-0.016136186
-0.013465397,-0.005785438
0.0035553235,-0.015958281
-0.0010321513,0.00019542426
0.00034248107,0.0089620305
0.008878817,-0.10112299
0.0071530263,-0.07407548
0.008876871,-0.06840715
0.0017645104,0.041213896
-0.005695269,0.10362956
-0.008789687,-0.047382973
0.012836194,-0.18291253
0.0047803023,0.13040265
-0.016697794,0.0031192834
-0.015514171,0.2979971
-0.031334706,0.018878993
0.0032988815,-0.02917462
-0.025396293,0.052758276
0.019715028,-0.042703412
0.0018652285,-0.0015103582
-0.0105048325,0.024780897
-0.00679788,0.091641776
-0.0068830145,-0.054504972
0.025308767,-0.06525398
-0.010446517,-0.015498837
0.0041611395,-0.104347676
0.015829083,-0.09400465
-0.0018205321,0.114424534
0.00041687908,0.21249779
-0.014001289,0.036806926
-0.001223945,-0.015849888
0.0035339594,0.069856055
0.0057388777,-0.0879074
-0.0012047559,0.13153343
-0.0034399973,-0.11917448
0.006310418,0.045998335
-0.0020743469,0.019239469
-0.007201549,0.07171687
-0.005305168,0.0076432615
-0.013845731,0.0067686355
0.0062116347,-0.006681718
0.013315449,-0.08223137
0.019147066,-0.1157498
-0.0035871507,-0.011212088
0.005943152,0.010861124
-0.010736326,0.005346796
-0.00031099422,-0.060031116
0.01289615,-0.026186913
0.006537868,-0.009553126
0.004695742,-0.046001814
-0.000917976,-0.13716942
0.01412738,0.1386694
-0.010271328,-0.10013573
0.028740255,-0.1574124
0.0062922174,0.013514202
-0.0062814294,-0.009847782
0.0017816152,-0.00021564966
0.007676024,-0.05450318
-0.012964976,0.0017517736
-0.012073956,0.05576895
-0.0017111334,0.056240782
0.009518972,-0.03541045
-0.008205156,-0.035304647
0.0075003123,0.03072199
0.0055101104,0.064766765
-0.0054908437,0.04162853
0.0040089632,-0.031638864
-0.0067836447,-0.009937233
0.009424488,-0.05235825
0.00073305366,0.016257267
0.0077027846,0.0076366286
0.006450308,0.113552466
-0.006814272,0.031537026
0.00451305,-0.025302244
0.0072219553,0.18868314
0.0057354737,-0.07246983
0.012519844,-0.22033757
-0.004719552,0.03096404
0.0076177698,-0.064016536
-0.008710857,-0.09133831
0.0022398736,-0.02692391
0.00078896387,-0.008137982
0.004185783,-0.121652946
0.0036928963,-0.03500459
0.010829717,0.062410958
-0.010163116,-0.013527544
0.0130964,0.043863367
0.0020056278,-0.02998248
-0.009719351,0.01780354
-0.0037947972,0.100270875
-0.0055006985,-0.021359943
0.013957772,0.10085269
-0.0023960224,-0.05889082
-0.0010690751,0.057970244
-0.015217196,0.043926917
-0.0030668788,-0.042366955
0.016239323,0.09200927
-0.012661955,0.09621117
-0.010408474,0.032047343
0.007706493,-0.118854426
-0.008612532,-0.038897824
0.016453618,-0.022983592
-0.012336623,0.27368507
-0.02038062,-0.21089871
0.021032432,-0.032620076
-0.031954076,0.056066252
0.020612115,0.003487937
0.0050542797,0.18742053
-0.017927863,0.05324876
0.014626142,-0.07960754
-0.023857286,0.007929423
-0.03397076,0.069667935
0.014252131,-0.05360289
0.012272872,-0.08417531
0.0062466525,0.05535791
-0.025574652,0.053516082
-0.0030367894,0.00029031164
-0.0096157435,0.26804376
-0.013808418,0.009855337
0.0042745196,-0.06713471
0.01692021,0.0073210197
-0.02206964,0.11767224
-0.0064557856,-0.104166485
0.007689281,0.0490528
-0.00042053452,-0.10007513
0.025101202,0.14676279
-0.023852652,-0.03985255
0.02309708,-0.10645531
0.0012912061,-0.028616823
0.002989865,-0.123694666
0.0068642963,-0.1209453
0.0008653316,-0.15321791
0.0035270024,-0.02489981
0.0074750665,0.043728944
-0.007040417,0.083066754
-0.0008048919,-0.13761583
-0.0025255526,-0.0042490093
0.0059466115,0.11239523
0.0123659,-0.041410625
0.0074006096,0.009882096
-6.976561e-05,-0.12961355
0.0068158624,-0.10206562
-0.0032683853,0.01841367
-0.0008000317,-0.040420074
0.014132319,-0.058131885
0.005265657,0.045549423
-0.005694403,-0.010121343
0.01194338,0.045771886
-0.01024868,0.04048233
0.0009947845,-0.04675569
0.007798954,0.027726628
-0.00049531483,-0.00358484
-0.0026952364,0.073572814
0.003513827,0.021866625
-0.009262735,-0.108738996
-0.0045770397,0.051664013
-0.00062416214,0.03875255
-0.010163522,0.13884573
0.0010173095,-0.13973545
0.02959414,-0.104626216
0.008086132,0.04758471
0.006997965,-0.0507946
-0.0015370742,0.03516971
-0.0082919,-0.015206087
-0.0042564897,-0.039072372
0.01722473,-0.042268537
-0.0014195894,0.0006651077
0.008602598,0.017214764
0.0043555987,-0.06165516
-0.014213359,0.09941142
-0.014299916,0.017767018
-0.0012600424,-0.016186442
-0.006503977,0.06560872
0.0033804753,-0.062467404
0.01609076,-0.045661792
0.0063580903,-0.085199095
-0.0015486081,0.09864306
0.009097722,0.115676664
0.012397817,0.02165082
-0.016271828,-0.01466047
-0.0020328048,0.050102044
0.0037943437,0.030135196
0.021820735,-0.10918156
0.012508381,-0.17838274
0.020457927,-0.15131164
0.00781977,-0.017678317
0.0038883113,0.026636375
-0.011313188,0.015647199
-0.002804182,-0.022736011
-0.010183025,0.011186343
-0.0039012637,0.013542432
6.827118e-05,-0.008265665
0.010695386,-0.0316792
0.006987824,0.019500237
-0.0018775038,0.042311683
-0.006739209,-0.040683117
-0.0019839641,-0.024704421
-0.0017589601,0.007446913
-0.0031732235,0.028854482
-0.019862793,0.043608125
-0.012482891,0.1346242
-0.007582726,-0.0030122322
-0.00076209893,0.02728619
0.02957717,0.012277586
-0.00979822,0.042507775
0.021595329,-0.09007866
0.015724529,-0.0424913
-0.022220302,0.043334834
0.011096609,-0.040784623
0.01726384,-0.11661328
0.017750476,-0.21398368
0.0206234,0.01712339
0.010439692,-0.16253553
0.0077179517,-0.03130957
0.0029242875,-0.04161023
0.0042230515,-0.007020728
-0.004499427,-0.0066239065
0.005699111,-2.5891788e-05
-0.008332608,0.0024299282
0.0007655909,-0.034040958
-0.0008091294,0.071655236
-0.008167464,0.051706575
0.0061306334,0.015531383
0.0010558346,0.041720185
0.010164175,-0.047683418
0.01238062,0.052087687
-0.0069969366,0.0949133
-0.010705927,0.15427457
-0.009707931,0.116862126
-0.0041284477,-0.16063942
0.02045371,0.032913156
-0.0067659053,0.091632105
0.0053849346,-0.030196056
0.011679532,-0.01851156
-0.009009775,0.0010780932
0.0050218273,0.026411863
-0.011598237,0.051273976
-0.0015494595,0.064984374
-0.006978101,0.026352026
-0.005155393,-0.013397177
-0.009915878,0.010987168
0.003742824,-0.070023544
0.009833589,0.07163762
-0.010309096,-0.1017998
0.023471156,-0.0033254921
-0.0017620311,0.011298954
0.004446579,0.040392805
0.0044980785,-0.08438173
0.006076856,-0.36477557
0.013236234,0.10289043
0.005253936,-0.14287412
-0.0063405763,0.05447136
-0.008959885,-0.044787407
-0.0067796903,-0.083120465
0.010963816,-0.007921168
0.0008844902,0.060087077
-0.016751776,-0.059166707
0.0064218706,-0.012865415
-0.0010449351,-0.15288307
0.017191898,-0.105614334
0.016343316,-0.1846055
0.014965348,-0.12246417
-0.009430357,0.024521586
-0.0030756746,-0.052227344
-0.010849062,-0.10672407
0.010763582,-0.15757301
0.0016916081,-0.060302984
-0.0001529078,0.038604125
0.008220262,0.020917758
0.004085986,0.009819046
0.004495722,-0.026028037
-0.0003549403,-0.09264067
-0.0049061277,-0.021094782
-0.01449165,-0.11364566
0.022056177,-0.07767677
0.0045660185,0.16367514
-0.0063488223,0.025306763
0.010245378,-0.028113473
0.012685104,-0.029855613
0.008244556,-0.09580464
0.014219848,0.058938675
0.005029662,-0.016487427
-0.007498075,0.050448887
0.003866212,0.060826708
0.0037663428,0.027874231
0.009966702,-0.08912147
0.009024267,-0.041069865
0.003353027,-0.10373424
0.007381347,0.032963626
-0.012573091,0.1378336
-0.021187935,-0.010781293
0.003907065,-0.010990389
-0.0041044876,0.017795922
-0.013285567,0.010410214
0.012806982,0.020262767
-0.018254561,-0.23257884
0.025245642,-0.0069505903
0.011673203,-0.017763274
0.01365063,-0.078683086
0.0022696513,-0.09422333
0.008117866,-0.044380907
-0.0033302614,0.038192414
-0.0012572006,0.03508158
-0.011604141,-0.08324603
0.015220204,-0.047376018
0.00782964,0.027152928
0.012099961,-0.056928016
0.004230506,-0.007919526
0.0059983963,-0.079259515
0.0038737396,-0.066669874
-0.0019702907,-0.018245006
-0.013583741,0.021906603
-0.0052477065,-0.31527513
-0.018289719,0.059716772
0.0007706927,0.005063551
0.01039653,-0.034492854
0.01564775,0.0479745
0.0044076424,0.040661406
0.006986834,0.12922522
0.0036261585,0.06079022
0.004982371,0.06658349
0.015449641,0.084072426
-0.00620632,-0.04646164
0.014668452,-0.052036688
-0.019879892,-0.11694415
0.038618006,-0.11900138
-0.004896619,0.057234768
-0.001494986,0.037551317
0.013315685,-0.16619284
-0.0033271443,-0.060616028
0.0058480464,-0.04157329
0.0039527807,-0.03004215
-0.0032595259,-0.0034414555
-0.00050282315,0.03163228
-0.026149761,-0.0756025
0.0021503,0.016556894
0.010203325,0.058271237
0.00519251,-0.06284725
-0.008924084,0.0009331201
0.00018254481,-0.043458853
0.006134635,-0.005454817
-0.0021834495,-0.15813749
-0.012686301,0.010298878
-0.015758172,0.011417058
0.0024506738,-0.10361141
0.019089643,-0.05560313
0.0022363816,-0.042851686
0.004643246,-0.00906204
-0.012417057,-0.031800777
0.0026970878,-0.019465763
0.00037784502,0.012068218
0.006408227,0.018130975
-0.007238089,-0.045146126
-0.0013244106,0.05282857
0.0059589776,0.030643944
0.00093108416,-0.008365895
-0.0062997593,-0.025538517
0.0017801039,0.019641776
0.0014153118,-0.017956205
0.018364126,-0.08176046
-0.011120137,0.03161176
-0.010198073,-0.09235981
-0.0060283174,0.01414378
0.0035473416,0.06360031
0.016323984,-0.021646863
0.020803966,0.04876185
0.0074901134,0.022859309
0.0073185246,-0.06496482
0.0037167314,-0.004221069
-0.004440046,0.020275274
-0.014874731,-0.03260515
0.008079582,0.05048478
-0.00079651223,0.019136785
0.026608054,0.0038156726
-0.008948473,0.017157933
-0.005140294,0.07524377
0.016662717,-0.03011738
-0.0055538653,0.008429466
-0.022179684,-0.0086808875
0.021470243,0.055255193
-0.00015900005,0.031733476
-0.011025982,0.10067373
-0.01140642,-0.01775807
-0.0208945,-0.006749017
-0.0025791563,0.013990676
0.014798333,0.0658191
-0.00017982163,0.037189897
-0.0320809,0.026732052
-0.0046806154,-0.009224463
0.011439655,0.01557719
-0.007848059,0.030509498
0.01216994,0.045364376
0.0035239197,0.043442443
-0.0041345563,0.016482027
-0.0024899961,0.015153802
0.0022838688,-0.017998174
-0.0057003023,0.06094414
-0.010418661,0.018841041
0.02213485,-0.022218661
0.0069144256,0.0783323
0.008996913,-0.06274906
-0.0074613686,-0.053581007
-0.0013357193,-0.022937723
0.0129764555,-0.04460278
0.0025477372,-0.04064295
0.00069457834,-0.0033286284
-0.015133482,-0.008400376
0.010561226,0.014741921
-0.003941031,-0.010147341
-0.0035500573,-0.020425517
-0.0007099671,0.037371088
-0.008176155,0.0227426
0.001926429,0.036409456
-0.0057505188,-0.04874881
-0.0015335844,0.072871
-0.011746085,-0.008258537
-0.022349603,0.10967672
-0.008046068,0.053305358
-0.0038846345,-0.015464737
0.00010994729,-0.052993502
-0.021589361,0.009141101
-0.029953364,0.040355593
0.0042020474,-0.009953636
7.589185e-05,-0.013949679
-0.0048547573,0.053496294
-0.014948011,-0.036210902
0.01230633,-0.024182322
-0.01669785,-0.022225
-0.0057234187,0.0024671971
-0.025852839,0.00873313
-0.00042211078,-0.0035210915
0.00040151924,-0.035745192
0.014126645,-0.021024441
-0.0012064278,-0.1002296
0.0067290883,-0.011874316
-0.0203267,0.024185428
0.017320635,0.0625636
-0.017690457,0.06978615
0.01575092,-0.05828921
0.012065585,0.00021919332
0.017117701,0.008885396
-0.0059098075,-0.0666656
0.016927652,-0.032641903
-0.009884501,-0.0036939827
0.010244334,0.046871036
-0.011820661,0.012791566
0.014780024,-0.00796626
0.0014529595,-0.019905746
-0.0017839896,-0.08712549
-0.0013059033,-0.016843256
-0.013471451,-0.08230269
0.0026114427,-0.0330765
-0.003433776,0.037991747
-0.0032178038,0.001460683
-0.0016359468,0.052118335
0.008626272,0.0146021005
0.009820707,-0.02590592
-0.009896312,0.020342141
-0.007271571,0.012104934
0.003449361,0.009128417
-0.0005307074,-0.048199706
-0.021005979,0.041919578
-0.015891794,-0.0700763
0.0041397926,0.081635565
0.005489706,0.02346103
-0.0010658903,-0.005724865
0.009977081,-0.023745012
0.017566387,-0.009197804
-0.0028999588,-0.01382429
0.0024392414,-0.012781413
0.00015521562,-0.04761714
0.0058333813,-0.078845225
0.0034027933,-0.034650568
0.0003257756,0.048016407
-0.004807432,-0.031985607
0.0046800068,-0.01019106
-0.0077760965,-0.017530376
-0.011270948,-0.01835948
0.006606996,-0.0095278425
-0.00090842915,-0.023310628
0.0043266793,-0.03201098
0.0037128998,-0.015681677
-0.013064267,0.101256266
-0.0054226033,0.017547145
0.004010889,0.022180593
0.00997133,0.109119475
0.004364477,-0.09741517
-0.0008637919,-0.047458656
-0.0021338025,0.11606723
-0.009749976,0.01771149
-0.0045571188,-0.008155912
-0.0092467535,-0.04047689
-0.0024259835,0.0049343184
-0.0021191046,0.010374871
0.00096553215,-0.017019162
0.0009448965,0.08275437
0.009102164,-0.006582479
0.0026698997,-0.085299015
5.225651e-06,0.0023851015
-0.0096129365,-0.016712971
0.009270245,-0.0011705148
-0.016745081,0.034003202
-0.0072103166,-0.03345503
-0.010933155,-0.02811028
0.03380432,0.06748156
-0.0038760053,0.12993956
-0.01880353,-4.1803105e-05
0.0022536325,0.0022825727
-0.011545004,0.015257657
0.013121273,0.14021137
0.0054452424,-0.029661885
-0.011277585,0.030279348
0.0065338877,-0.059764866
-0.03578767,0.048228607
0.0040693358,-0.00023788886
-0.008635823,0.084168
0.014422371,-0.0067970157
-0.010991284,-0.0477365
0.0102913035,0.07535213
0.0074409144,0.056244824
-0.015163848,-0.0107417535
0.017728247,-0.12035624
0.024785224,-0.057129167
0.024877623,-0.006003822
0.0052127573,0.04166732
-0.00057507865,-0.008766653
-0.010280844,0.0033651215
0.002291154,0.1792249
0.006637488,-0.058222774
0.0013602105,0.03347862
-0.0033115812,0.08447335
0.007976606,-0.035216436
0.0047485586,-0.06518576
-0.0034622906,0.07413823
0.0027210603,-0.096051134
-0.008652328,-0.099484
0.0033998576,0.02733332
0.00047645578,0.06881945
-0.005144744,-0.022955077
0.009896939,0.02583363
-0.013118453,0.05927183
-0.0208889,0.05014342
-0.010353498,-0.08880018
0.008635001,-0.03573149
0.0048640175,0.1041834
-0.014773429,0.036217336
-0.0031047473,-0.034423836
-0.0063548996,0.00405379
0.017848233,-0.064389735
0.007252882,-0.023603013
0.013954262,0.004620325
0.007383923,0.028563114
-0.004285952,-0.012547124
0.005036678,-0.026934711
0.009861282,-0.026445374
-0.004202354,-0.081857935
0.00029965956,-0.004796705
0.0123646185,-0.017848516
-0.0017617203,-0.02932697
-0.0050151153,-0.0016199994
-0.002827533,-0.0029206544
0.0065201903,-0.0136113325
0.014228088,0.0010647156
0.00022687635,-0.02176274
-0.0036654389,-0.032999847
-0.001660677,-0.067125894
-0.009912618,0.026316779
0.009550471,-0.07667339
0.0045048306,0.00544912
-0.0035797623,0.023977008
0.02511146,-0.023422964
-0.0059922375,0.074815
0.0050923685,-0.08488069
0.016636813,-0.049384788
0.015420209,-0.01247347
-0.0086281095,-0.0040867175
-0.0038543788,0.023292027
0.0009960432,0.021352584
0.0032649809,-0.027160794
-0.011470818,0.039342854
-0.0145284105,0.018855354
-0.0006401994,0.014615772
0.00034950068,0.03249696
0.0034364606,-0.004979655
0.009239256,-0.031090036
-0.005116568,0.032831382
0.0012648274,0.03763274
-0.0044943932,0.09539113
0.014523088,-0.039692305
0.00330731,0.0179599
-0.002507985,0.044087477
0.0054193805,-0.06689612
-0.01693157,-0.006744413
0.0018935553,-0.0309297
0.0076190215,-0.023949288
0.0010087618,-0.018383121
0.017014584,0.02702497
0.012519195,-0.022970058
0.006384372,-0.091711976
0.005727322,-0.0338846
-0.013808589,0.11807152
-0.015211369,0.023998488
-0.014782993,0.039683025
-0.0060920594,0.00067078945
-0.007635216,0.041272663
-0.013760105,0.09475429
0.017493747,0.1372783
0.012405954,0.07530088
0.0024815274,-0.03341942
0.0110076945,0.077596374
0.0034967146,0.067474015
0.021391673,-0.04997152
0.026857143,-0.004118775
-0.008673759,0.06916357
0.010886041,0.030573448
-0.007097479,-0.013870626
0.019384187,-0.08322867
-0.003806078,-0.010742079
-0.004197798,0.0026221785
-0.024888016,0.08930061
-0.034247838,0.05034812
-0.013120746,0.015584027
-0.012855207,0.066202916
-0.037830457,0.1771613
0.013348507,0.04631048
-0.013034458,0.093583256
0.0103621865,0.0214379
-0.006845523,0.10140174
-0.015172365,0.016596092
0.006793893,0.01619489
-0.0056472896,0.16031325
-0.01543629,0.04911018
-0.018152986,0.022487128
0.0004379321,0.04970941
0.011015039,-0.105462395
0.016096126,-0.03638023
-0.007573644,-0.046918835
0.008167483,-0.027915627
-0.020033829,0.10208294
-0.012208263,-0.057016525
-0.01632156,-0.004326882
-0.0028403932,0.12368926
-0.008363888,-0.018028658
0.005624188,0.17243811
-0.036945235,0.11729709
-0.0021705022,0.024564013
0.003317541,-0.11166126
0.004626275,0.013168608
-0.012813902,-0.02829275
-0.017182268,-0.032972526
0.0058191465,0.03152399
-0.003509142,0.06718187
-0.026312875,0.04677478
0.018545823,-0.07313988
0.00090837805,0.043698024
0.004192583,0.09230492
0.0027324269,-0.094536275
0.028097821,-0.043322764
-0.010951686,0.119419605
-0.0015760545,-0.003776102
0.028244965,-0.12101439
-0.0059316307,0.011945368
-0.0027447788,0.17858073
-0.018452525,0.15285294
-0.008271916,-0.046491716
0.0046813004,0.30964023
-0.04029543,0.22797875
-0.020184629,-0.00026091296
0.015971184,-0.026456976
-0.0034615202,-0.06244523
0.022161845,-0.050206497
-0.00937636,0.06833646
-0.006683212,-0.2876366
0.018649988,-0.0715011
0.0054621417,-0.060302727
-0.011142564,0.00020040903
0.002407379,0.03018016
-0.01845757,0.004441855
0.0062468606,-0.057822578
-0.0085252635,-0.098505296
0.011567019,-0.018753484
0.011705168,-0.06682867
0.016973663,0.0015555685
-0.00956054,0.03678241
0.00618727,-0.07281033
-0.00036886195,0.07119965
-0.0025992817,0.060928274
0.0024437525,-0.13464601
0.0025722322,0.013883135
-0.006874919,-0.038501013
0.0065540476,0.07138513
0.0024487022,-0.025498826
0.011726607,-0.0071687074
-0.009499415,-0.030219743
0.01740224,-0.077742
-0.0012536424,-0.024237467
0.015057322,-0.0017639219
0.0053864997,0.047597513
0.007867201,-0.07279872
0.0014074679,0.038212836
-0.0044386904,-0.1393281
0.011806313,-0.18029729
0.009126458,0.11803151
-0.0062045655,-0.05336622
0.0072021144,-0.063417956
-0.017806925,0.04757296
0.008629557,0.032073103
0.009356305,-0.050636485
-0.0068753567,-0.07012065
0.027983485,-0.035719495
-0.0074634245,-0.014656482
-0.0018358603,0.07307096
0.009165017,-0.029853927
-0.005854271,0.03274774
0.004137993,0.022669882
0.026045755,-0.12770236
-0.00015732553,0.09343702
0.0001539996,0.07778042
0.00012887176,-0.080715284
-0.0050963517,-0.014716718
0.005691707,-0.11739497
0.008889026,0.011240115
-0.007666963,0.019219397
0.002090945,0.01199296
0.005007603,-0.093044646
0.0048732636,-0.010580588
-0.0055688987,-0.056276422
0.0028198846,0.029249545
-0.006525944,-0.02380744
0.0034765638,0.070388846
-0.013008593,0.070668615
-0.010460742,-0.06941984
0.008097173,0.006733642
-0.0003243573,0.111839384
-0.012112223,0.04862362
0.005198055,-0.06930914
-0.0020086223,-0.004292063
-0.017647672,-0.00808412
0.002681626,-0.08136632
0.022554804,-0.07251426
0.016684283,-0.034855414
-0.014689257,0.049138665
0.011021924,0.016856043
0.011545212,0.049266227
-0.0026668143,0.033312194
-0.0032276846,0.003897132
-0.004312578,0.039014373
-0.011885157,-0.27808025
0.03249965,0.06940287
-0.00038056262,-0.017597966
0.015155297,-0.08328366
-0.0076112375,0.09693745
-0.0112608,0.2803529
-0.021819698,-0.10644458
0.03089126,0.19600648
-0.022179443,-0.029775303
0.01762139,-0.10258331
-0.0009232918,-0.1785165
0.018053172,-0.035618927
-0.009418527,0.025636064
0.0019110279,0.14851958
-0.014746897,0.07920375
-0.005000704,0.020466821
-0.01308376,-0.060755223
0.013360786,-0.4591933
0.03752218,-0.046519287
-0.017583393,0.10079556
-0.0023518754,0.4083616
-0.03530555,-0.011678805
0.004439857,0.009591868
-0.009607055,-0.08284577
0.026783563,-0.0062693832
0.0083995825,0.00020025673
-0.0032394377,0.034923177
-0.0013085594,-0.031137595
0.0008402469,-0.074989066
0.005988944,-0.06268651
-0.004414464,0.018251503
0.0025491875,0.0145753855
-0.004082652,0.044718083
0.019408938,0.046189625
-0.014535517,0.0725623
0.009456664,0.072331324
-0.0121368235,0.059371077
-0.0054532494,0.20236306
-0.0048128217,0.020314444
-0.0031976304,0.12155257
0.0018723705,0.014827912
-0.0011200238,0.25051516
-0.01973598,0.09110312
-0.0036433076,-0.023621788
-0.006717965,0.09260286
-0.016436223,0.11083895
-0.007594227,-0.0198315
0.015705498,-0.014332817
0.0015101931,0.044908322
-0.15623003,0.38691673
-0.07644709,-0.005349668
0.043779805,-0.12019328
-0.025262138,-0.0100103
0.042232417,-0.09641956
0.005336822,0.017328614
-0.0020378754,-0.3110398
0.015156224,-0.15911432
0.004507906,0.071091205
0.005688634,0.08640962
0.019410249,-0.29441604
0.04606831,-0.03896804
-0.018914202,0.020008318
-0.014884646,-0.07251454
-0.010636551,0.019369127
-0.004535961,-0.021703891
0.011100697,-0.14932896
-0.002945317,0.27284023
0.0021879156,0.03959397
0.0073920926,-0.02126507
0.0069913156,0.08193848
0.011394452,-0.002842236
0.007004251,-0.008595494
0.012846958,-0.0774314
0.0102883,0.01503104
0.01634275,-0.06834699
-0.0027712616,0.032613408
-0.0133603355,-0.0757763
0.0037014561,-0.031492274
0.005586558,0.030171797
-0.0066997968,0.0013279123
-0.011332206,0.07257691
-0.0045649773,0.06689431
-0.025027618,0.049822878
0.0047503784,-0.064078905
0.022033917,0.08862872
-0.011430895,0.07767748
-0.0025378885,0.16191484
-0.0059928466,0.11476317
0.035805643,-0.11787255
0.022796964,-0.054000802
-0.01376968,0.041907948
0.008860007,-0.0024715208
-0.0047400002,-0.007992558
0.0037595667,-0.009461839
-0.020755026,0.037603773
0.006541675,-0.15108319
0.02348747,-0.17470954
0.00683256,-0.04242187
-0.013225488,0.073610656
-0.009344563,0.04813042
-0.008278224,0.0151599515
-0.013199006,-0.009541847
0.014848227,-0.07501569
0.0118813235,-0.0053042914
-0.0095934905,0.14988083
-0.025754599,0.045319404
0.0049626613,-0.05194471
0.013346171,0.07838956
-0.0022177412,0.020947991
-0.004003543,0.04842898
0.013229409,-0.012532052
-0.0063481433,0.12534526
0.009664671,-0.006232463
-0.010846257,0.072876886
0.0033369514,0.03860889
-0.008499679,0.07307465
0.0017101408,0.01726499
-0.00876761,0.0871118
-0.008252993,0.052740403
0.019736217,-0.008808306
-0.03862954,0.10365566
0.006379651,-0.020933036
0.015485926,-0.16168827
0.018005256,-0.113954894
0.007933869,0.035217136
0.002685002,0.010095969
0.002651594,0.07581137
-0.010003677,-0.05417989
-0.0010985609,0.07560861
-0.009532603,-0.07138233
0.009699662,-0.05292749
0.01624828,-0.12263133
-0.004239859,-0.046363182
0.0024952726,-0.06552994
0.005194043,0.2171308
-0.032022525,0.018968984
0.031690575,-0.07250553
0.011154649,-0.071695045
0.037755363,-0.09561414
-0.0023917516,0.074528515
-0.01329506,0.018384002
0.005862538,-0.016924627
0.020295301,-0.057717342
0.019729236,0.0030104346
-0.016443701,0.05412256
0.003933735,0.047424905
-0.022132128,0.16305922
-0.040548444,0.0104566105
0.0035181392,0.028778851
0.005307275,-0.052458186
0.003914863,0.016208792
-0.026278106,0.22661029
0.007654945,-0.029958703
0.044891536,-0.14782129
0.018198693,-0.07390613
0.005602288,0.007837044
0.0006954614,0.040176652
0.0019947677,0.01791655
-0.00088104024,0.09662635
-0.01099061,0.042754836
0.013957318,-0.054213013
-0.008550718,0.033801254
0.0002545747,0.022068668
-0.0025813929,0.06663618
-0.0048012054,0.033677913
-0.01617139,0.021119595
0.008304967,0.034300737
-0.0049752654,0.05060849
0.011973522,-0.049455676
0.013974109,0.028165875
-0.013600708,0.01117524
-0.0046270248,0.112482026
-0.0034896373,-0.08544508
0.025108205,-0.00030650324
-0.021441136,0.08127992
-0.0149730565,0.054180037
0.024664693,-0.27616382
0.027472097,-0.07164465
0.012412127,-0.036375802
0.0024767588,0.02553771
-0.013106097,0.06486848
0.0051384103,0.021713093
0.0144421365,-0.08950598
0.013569847,-0.040880304
0.01076916,-0.048098873
0.0028304532,-0.046076458
-0.0038884887,-0.041204467
-0.018053822,-0.03663788
-3.160932e-05,-0.016335798
0.023581246,0.027339583
-0.00802338,-0.0015452204
-0.016384918,0.031945385
0.0063615767,0.032180406
0.01861749,-0.15503669
0.021467553,0.15543008
-0.009204881,-0.09627446
0.010061959,-0.1286055
0.008503925,-0.19960195
-0.007058926,0.02758995
-0.011720066,-0.08549942
0.009459473,0.009615382
-0.0062563224,-0.05064332
0.0049162004,-0.10404563
0.013955288,-0.119114354
0.003999494,0.039333936
-0.006711049,-0.076320775
-0.0006801592,0.03300112
0.0032176713,-0.012094776
-0.009470137,0.025952393
0.012785468,-0.008083659
0.0031566846,-0.028682962
-0.0025026626,0.06858011
0.004377084,-0.0341095
0.0020386716,0.2426852
-0.0013048116,-0.09260851
0.003933305,-0.07893056
0.00034194533,0.04309997
0.005600402,-0.045346968
-0.0032541452,0.0017614859
-0.0017361927,0.12891728
-0.0017256488,-0.009966734
0.0058640093,0.44064966
-0.0093574785,0.08449424
-0.008418059,-0.023855405
0.004997726,-0.119754955
0.0049781795,-0.008133705
0.018365085,0.12488265
-0.009148262,0.03138639
0.0071723824,0.015897501
-0.0010480459,0.02497884
0.008798039,-0.07321939
-0.0019839616,0.036591273
-0.009791348,0.013966178
-0.004291581,-0.0058510136
0.014229974,-0.028294934
-0.018069083,0.11831601
-0.020424737,-0.018116895
0.0364976,-0.11949825
0.0012004466,0.07177354
-0.00065288646,-0.012357393
0.018958682,-0.14430211
0.013655314,-0.15566479
0.008673299,0.045698274
-0.019944126,-0.050910465
0.011073314,-0.11105986
-0.019346569,-0.17985967
0.0064966492,0.030519893
5.2588992e-05,-0.02000526
0.03306841,-0.10696957
0.02136342,-0.20699161
0.031363875,-0.05986551
-0.026392639,0.10072667
0.008825523,-0.08805255
-0.012255669,-0.14474547
-0.00036290754,0.110101886
0.007765861,0.02415672
-0.01057264,0.077790774
-0.02097538,0.010852018
0.0074648806,0.042014435
0.0011195424,0.11434284
0.009576108,-0.04492249
0.014413048,-0.086476736
0.013088811,-0.02392489
0.007576261,0.0075902697
0.0028423702,0.06399928
0.017421339,0.0014675715
0.012358793,-0.11242761
0.0025041378,0.028440997
-0.004077312,0.015305227
-0.0005044141,0.032375608
-0.005981074,0.07982886
-0.009179935,-0.00799906
0.015973838,0.07010582
-0.014736933,0.029166587
-0.020456921,0.08074262
0.008698031,-0.04359036
0.0075120325,-0.09048355
-0.0051091867,-0.00024600138
-0.005980675,-0.041812543
0.010458571,0.016185252
0.017659336,-0.034046214
0.007876739,0.09398046
0.0068623624,-0.01841848
-0.0017005026,0.027484495
-0.011539403,-0.018581372
-0.0032047406,-0.0076199416
-0.010776103,0.057151202
0.00053684646,-0.04002074
0.013958765,-0.07055163
-0.0045645544,-0.087312035
-0.0045596613,-0.024946231
0.0057289493,0.078248076
0.002059545,0.01968028
-0.009745369,0.04410107
0.016409257,0.004820814
0.018742025,-0.024534684
-0.001593279,0.010745691
0.009367098,-0.0373798
0.009091149,-0.022240054
0.01091679,-0.062608115
0.0074322866,-0.013498976
0.00438565,0.020533258
0.003628828,0.039963756
-0.011233894,0.025728371
-0.015887253,0.04857893
-0.002064377,-0.01126501
0.020854305,-0.04942092
0.0029203147,-0.14738256
0.010248425,-0.095310874
0.005137331,-0.029978406
-0.003216539,0.10421019
-0.0027018772,0.022233386
0.010963084,0.024568558
-0.018168934,0.099716134
-0.017069727,0.0035159008
-0.012763849,-0.05134886
0.0075506414,0.0073707374
0.007923862,0.016489498
-0.0142262895,0.059739366
-0.004328641,0.058146488
-0.02049748,-0.03302519
-0.005045316,0.030908873
-0.008789981,0.051987007
-0.004100378,-0.006836074
0.011219356,-0.04783142
0.01633314,-0.014308569
-0.008528888,-0.05343251
-0.0062070983,-0.06646134
0.0077026226,-0.118500076
0.022484735,-0.06692015
0.003672461,-0.052461673
0.0003549694,0.0278135
0.0062059974,-0.049059007
0.011530396,-0.012170394
-0.01051186,0.015930563
-0.016796758,0.013716771
0.0054420065,-0.051809624
0.025059365,0.028903924
-0.010988032,0.024170503
0.012088586,-0.005738252
0.02842873,-0.09450149
-0.0024121199,0.009708588
0.013021432,-0.027017465
-0.002249589,-0.040665124
0.0013000027,-0.050176304
-0.009158089,0.11909258
0.0159874,-0.0031347952
-0.015542069,-0.011596087
-0.001705551,0.029055733
-0.020588102,0.029398497
0.0012846049,-0.014363775
-0.02143428,-0.000867907
0.032012746,0.41229612
-0.041733142,-0.012254641
0.036979347,-0.020518444
0.026901376,-0.1265035
0.013928942,0.28612053
-0.040323533,0.21505569
-0.0005234061,0.038408257
-0.017938852,-0.064688265
-0.0015874323,-0.04993029
0.010245858,-0.047576543
0.022868017,0.027193453
0.0061118957,-0.25447452
0.024425909,-0.099881135
-0.012089936,0.128993
0.02248317,-0.06623674
0.012893966,-0.015788874
-0.004913138,-0.044260252
0.00238523,0.020272622
0.0023944178,0.06024316
-0.007265605,-0.018787807
-0.008743592,0.07482093
-0.019389242,0.048759736
0.01239421,0.030139921
0.013048243,-0.032456886
-0.012697216,0.079325266
-0.0038911728,0.063743025
-0.01554615,0.0904843
0.0014677714,0.07931184
0.004322268,0.01279265
0.015215443,-0.0016982196
-0.01337656,0.09436453
-0.02969835,0.025326613
-0.027622946,0.034570344
0.008451252,-0.09388516
0.01386476,-0.0026863832
-0.011176776,-0.054454345
0.021841621,-0.16400845
-0.016931016,-0.26876763
0.022824628,-0.059534658
-0.007819262,0.10016548
-0.020536173,-0.13166791
0.024357155,-0.25991192
0.030770749,0.025008766
-0.012968552,-0.00597585
0.009865478,-0.015258435
0.00066042086,-0.031320542
-0.01949622,-0.019118056
0.0067001088,-0.06970464
0.0044064713,0.061734483
0.0018539517,0.16123876
-0.011525733,-0.015833423
0.00763997,0.095199086
-0.017971307,0.048601203
0.018752035,0.021896042
0.0013827126,0.0056569157
0.014590055,0.011062188
0.018208662,-0.0055612465
-0.0063707093,-0.017187053
0.004107699,0.004914447
0.001431529,-0.0365665
0.011985614,-0.14118773
0.005486519,-0.1614553
0.011114368,-0.010363581
-0.00541317,-0.040523138
-0.009286801,-0.049131863
0.010552639,0.07417717
-0.010265655,-0.07739998
-0.0075994795,0.05472484
-0.008788329,-0.07036007
0.021351444,-0.010081159
0.00042464008,-0.036556236
-0.0012702972,0.20648588
-0.0011275664,0.016894447
0.0026557476,0.037394363
0.0065534464,-0.008427524
-0.0013128407,0.0049620075
-0.00026020384,0.13691713
0.0005496929,-0.036196906
0.0030186977,-0.07064567
0.0035647452,0.0008877882
0.0022926691,0.036709778
0.0025244406,0.051550135
-0.0022586617,0.11162198
0.0014807137,0.048889402
-0.00369848,0.0975647
-0.009360484,0.015093011
0.022262277,-0.057004694
-0.003923484,0.0901713
-0.024270818,0.08829706
0.017244989,-0.0457781
0.035972662,-0.039819293
-0.001109377,-0.025258945
-0.01468065,0.02451081
0.01715266,-0.032308895
0.032129392,-0.13698505
-0.007866803,-0.033572678
-0.024472393,0.0858045
0.0066428473,-0.042293742
0.007950643,-0.0002766631
0.01580039,0.0023537222
-0.001216956,-0.041876286
0.011963619,-0.0011763482
-0.011571624,-0.004223003
0.009241773,-0.08326158
0.0023593726,0.016786011
-0.008948615,-0.079132676
0.033654913,-0.055585586
-0.01598988,0.051198404
-0.004631187,-0.005095639
-0.0071606296,-0.039397664
9.662751e-05,0.0105741415
0.027062442,-0.00018124227
-0.013231235,-0.031128742
0.015557349,-0.0064240573
-0.008999933,-0.097555146
0.008980539,-0.011310175
-0.0018564274,-0.09294735
-0.002270405,0.06591714
0.006613523,0.031887226
0.0063796854,-0.04335125
-0.0002971714,0.012055347
0.0075069983,-0.051088277
0.0005695367,0.029343333
-0.0037849336,0.019748075
-0.00020821858,0.025988769
0.010068189,-0.051047947
-0.008097528,0.08823238
0.00950947,-0.04118243
-0.0014537857,-0.033257216
-0.004936883,0.05700244
-0.0010913202,0.12844361
-0.002998922,0.033814892
0.0004960133,-0.029081129
-0.0024318786,0.041081447
-0.015582818,0.0366085
0.024116661,-0.07988357
-0.00960294,-0.05132612
0.0030975873,-0.059902806
-0.019640457,0.11324962
-0.04443164,0.12340325
0.02902079,-0.093424894
-0.0093089,0.049766317
0.019147925,-0.03348409
-0.015097997,-0.04020227
-0.021089893,0.08925758
0.009073806,-0.04237405
0.017414939,-0.079665035
0.03103704,-0.0680096
0.012452446,-0.06864492
0.017521024,-0.032743163
0.021207595,-0.013192986
0.008777862,-0.021244692
0.01271691,-0.024019552
-0.027843047,0.025037948
-0.025386123,0.0283544
0.02248701,-0.020558733
-0.024548398,0.027790315
0.010449809,-0.12141515
-0.024870588,0.00039014107
-0.011135381,-0.052402496
0.035605606,-0.12321224
0.0036754375,-0.052279517
-0.003213697,-0.04970348
-0.0016748495,0.027348772
0.008544939,-0.030895453
0.01859864,-0.00324558
0.0035726512,-0.021884901
-0.011956282,0.03770257
-0.00661841,-0.0012109105
-0.007769545,0.039523564
-0.012071891,0.01957802
0.016423702,-0.030416163
-0.0026751873,0.0010509184
0.008662061,-0.017578676
0.010367968,-0.05494452
0.010552138,-0.024745854
0.0002949098,0.021853548
0.0040843873,-0.010491406
-0.008586177,-0.0084101
-0.0085594095,0.040946636
0.01640302,-0.0050880304
-0.0049201683,-0.01193964
-0.0023685314,0.036018502
-0.00075288303,-0.012944026
0.019765776,-0.05503443
-0.009936345,0.0049528996
-0.02079251,0.014867295
0.0183193,0.024124784
0.018187497,-0.06511998
0.022077784,-0.030973352
-0.009418393,0.040448815
-0.01560916,-0.022223491
-0.005583289,0.0010895387
0.015434793,-0.015251343
0.019312087,-0.027136452
0.01752374,-0.06302922
-0.0022073342,-0.034745157
0.0042690895,-0.00067239825
-0.010050456,-0.047355648
0.021731656,-0.035671335
-0.0027109897,0.043083195
0.0004485976,-0.017690571
-0.0076627256,0.03787694
-0.0045383875,-0.2280503
0.004961158,-0.08941361
-0.0037057556,0.030178536
0.013565723,-0.1215328
-0.016978677,-0.05985599
-0.009308386,0.095580965
-0.012258739,0.011202622
-0.0042623235,0.09607028
0.011414126,0.035046473
-0.009392131,-0.17700168
-0.012341187,0.022254156
-6.798841e-05,0.030231435
-0.008264154,0.058918897
0.0270763,-0.08579619
0.008329228,0.08543106
-0.0029080422,-0.055027466
-0.008727162,-0.008863781
0.020969119,0.052025482
-0.0006275652,0.030891413
-0.006727435,0.023819374
0.0042606704,-0.026510123
-0.0041590445,-0.027465729
-0.018509377,0.09754572
-0.02254961,0.073059134
-0.008840253,-0.15079114
0.009550113,0.016049048
0.006419695,0.13749185
-0.001310138,0.11318432
0.020755474,-0.038886413
-0.006270008,-0.07151124
0.0065015936,0.019212019
0.012420174,-0.018491987
0.0044890735,-0.05176918
-0.012387399,-0.10632312
0.0074229287,-0.042759348
-0.0064533437,0.074438
-0.002856746,0.0046960483
-0.011194147,0.10051862
-0.013154516,-0.05057268
0.02960545,0.009575763
-0.01945097,0.085423246
-0.008097172,0.08637297
-0.015109889,-0.019085746
0.007295541,0.0074729794
0.018334068,-0.025893549
0.040523104,0.005023144
-0.005003703,0.044086646
0.007912667,0.0058044815
0.030775059,-0.031153562
0.02494106,-0.028501041
-0.008458891,-0.007844461
-0.014015349,-0.05026011
0.023890682,0.006329998
0.0076385434,-0.026010267
-0.02438793,0.04021576
0.011840759,0.014474094
-0.030217912,0.03352301
0.036369205,0.06315928
0.015362725,0.0010787774
0.02825727,-0.030722672
0.0075241895,0.008303756
-0.003619177,0.054879107
0.0013355529,0.1446254
-0.0011762418,0.01634529
0.01760807,0.03609065
-0.0051091337,-0.009574072
-0.014292264,-0.015550551
0.00663104,0.0018225774
-0.028787041,0.14837146
-0.030242747,0.11440658
-0.00026082783,-0.021315157
-0.026491676,0.06022079
-0.014258826,0.03469912
-0.02349554,0.031020178
-0.0026067398,0.01836204
-0.03441241,0.036901537
0.021449981,0.11387955
-0.016427236,0.08328218
-0.012595788,-0.020957537
0.021174671,-0.091172405
-0.0046931445,0.03182911
0.03715119,-0.055943947
0.01570168,-0.014910448
-0.010676873,0.078010365
0.0064717345,-0.028767785
-0.009082882,0.015872512
0.005284783,0.07559055
-0.006768247,0.018200018
-0.003920917,-0.06736351
0.021236328,0.12055344
0.0021961208,-0.0577926
-0.0029117954,0.025272958
0.01526187,-0.03972719
-0.005558963,-0.08538859
0.012931383,-0.058979604
-0.0042551844,0.037262216
-0.0001358554,0.12755825
-0.016557697,0.17033775
0.0006656782,0.033582993
0.0060105445,-0.03532919
-0.0056372634,-0.041726653
0.0004529946,-0.04694736
0.0050013075,-0.019881634
0.009755241,-0.009718292
-0.007552127,-0.004504708
-0.011580626,0.059006806
-0.0125170145,0.008905254
0.007374717,-0.062078174
0.01642916,0.01213209
0.012882402,0.0050116912
0.001126708,-0.037737172
0.0071902857,-0.06779047
0.0026888824,0.002973285
0.005303234,-0.007655005
-0.01722873,0.021644345
0.007166068,0.107742235
-0.04477687,0.07887561
0.014393076,-0.09553785
-0.0026117545,-0.0013728387
0.035843305,-0.096778594
-0.013811052,0.080376595
-0.016811654,0.052596517
-0.00894329,-0.04965047
-0.022421459,0.054618664
-0.0076878057,0.07415285
-0.03650628,0.04763656
0.03653401,-0.08996185
0.020462267,-0.117647715
-0.0049067386,0.027602725
0.015825294,-0.09984594
0.000802069,0.004188823
0.024587872,-0.065500565
0.0075609423,0.03895032
0.024026614,0.18071206
-0.025436698,0.10993436
0.016081963,-0.077446215
-0.017677115,0.13661939
-0.035749495,-0.024459155
-0.022613306,0.06362466
-0.017893841,0.031884976
0.016369697,0.025337398
0.021292202,-0.040824424
0.005253466,0.07510226
0.014868249,-0.01924687
-0.0019256859,-0.00045334102
-0.016769221,-0.027233444
0.0020452368,-0.07848057
-0.013175245,0.056216083
-0.032860294,0.059649713
-0.006019553,0.09391781
-0.008155029,-0.014002435
-0.03345702,0.053026635
0.0018887464,-0.023669478
0.013110388,-0.15116383
-0.007569655,0.03978244
0.020410245,0.014704109
-0.008090859,0.027862426
0.014870781,-0.084562786
0.015854456,-0.041698374
-0.01615419,0.04687152
-0.018347843,0.0153648155
0.008075705,-0.050325297
0.027870798,-0.12612462
0.009582152,0.037276916
0.005758323,0.012711814
-0.006949679,0.022623455
0.019633666,-0.038387563
0.0011825588,0.018833475
0.012618756,0.07038374
0.008947469,-0.019896353
-0.0025458569,-0.056470968
0.015467377,-0.00076498586
0.007467356,-0.119484715
-1.6758248e-05,-0.07147938
0.0070999167,0.030575562
-0.014411698,-0.013953156
-0.0065647187,0.045393087
0.0031976337,-0.0047295154
0.013342449,-0.07638444
0.0025003157,-0.036669802
-0.018766232,0.041575324
0.019155242,-0.060945015
-0.001360551,-0.0059394
-0.0013543039,0.054696895
0.031517074,-0.09887744
0.0017074863,-0.016603325
0.020472819,0.027859598
-0.010504178,0.072713114
-0.010676618,0.011328911
-0.019369816,0.036605153
-0.014497362,0.09139282
0.004902402,0.09343329
0.013652386,-0.05741773
0.016016152,-0.07173612
-0.023341896,-0.012942263
-0.023351135,0.014200206
-0.020431176,0.12759258
-0.031009555,0.08237106
0.026157163,-0.044220194
0.012806211,-0.076939896
0.023123045,-0.15948944
-0.0079324525,-0.026043424
0.0026515806,-0.07766334
-0.00067153666,0.005220085
0.0154844355,0.020578716
0.008383094,0.023424726
-0.015191615,-0.0053047906
-0.00074916147,0.038048342
0.009308375,-0.0046490766
-0.00076233386,0.05161687
0.002401877,0.06256538
0.008981176,-0.014047171
0.014253333,-0.07749664
-0.0231793,0.033645976
0.006803186,-0.060684316
0.024868932,-0.052029263
-0.015938217,0.109598085
0.012369356,-0.030783918
-0.012839382,-0.0070389938
0.03353153,-0.054630775
0.01670592,-0.10301822
0.004761262,0.04663912
-0.019744465,0.0016500975
0.015349661,-0.007927652
0.039315064,-0.11494547
0.014027508,-0.0055645965
0.006876724,-0.063656054
0.0030614245,0.001681227
0.01842647,0.056397785
0.009059114,-0.04842894
0.009601228,0.01729055
-0.004937402,0.019030135
0.005389509,-0.0036756154
-0.0080354195,0.042334538
-0.006051844,0.034176078
0.00870167,-0.029437711
-0.00822022,-0.04031477
0.01638639,0.03046445
-0.010561346,0.027552556
0.021515109,0.03923121
-0.014314588,0.03711303
0.0017233253,0.058244247
-0.009549605,0.0263023
0.019159997,-0.0983397
0.01657508,-0.014940335
-0.02058554,0.12668349
-0.003778568,0.028297406
0.031989943,-0.06774655
-0.019490667,0.024348088
-0.021705167,0.034649312
0.015080897,0.019061567
-0.0038462551,0.08116112
0.03802166,-0.10184669
0.013308456,0.03332231
0.003311179,-0.019030595
0.010563756,-0.0625947
-0.02089679,9.109746e-05
-0.0057986286,0.047054183
0.0144121,0.05351218
-0.0097773755,-0.0058083115
-0.03691136,0.02192678
-0.009681368,0.029638175
-0.04381453,0.13596584
0.022196187,0.003416992
-0.015294316,0.0044897688
0.031089678,-0.060421027
0.03100692,-0.0739825
-0.03298158,0.01965535
0.012769328,-0.024534272
-0.03463951,0.038388282
-0.018290266,0.10935965
0.014214441,-0.0578447
0.045597196,-0.16248347
0.027380867,-0.055877253
0.029380132,-0.101698115
0.016638927,0.041832328
-0.0036854604,0.049486507
-0.0072403206,-0.0128783835
0.03244532,-0.061473005
-0.025275078,-0.00040707237
-0.03789905,0.109611385
0.0377489,-0.0730491
0.024496613,-0.022513501
-0.025632642,0.085301474
0.029022446,-0.061092127
0.029234197,-0.028612718
-0.022643443,0.045616962
-0.025042363,0.029956762
0.023637911,-0.038598027
-0.025935687,0.06910052
0.03884525,-0.101198696
-0.006226334,0.047771223
0.0095738,-0.01397104
-0.02306169,0.0049403626
0.034191493,-0.052775998
-0.041256655,0.07042516
-0.026513042,-0.01606577
0.022494815,-0.19448438
0.034436975,-0.071760766
0.020730443,-0.084796526
-0.016457088,-0.07990506
-0.03167537,0.04304761
-0.031552076,0.009207744
-0.01918634,0.044872984
-0.01504847,0.0028697648
0.042402953,-0.10594754
-0.01308706,-0.11290712
-0.008947423,0.072998144
0.017733928,-0.0067229313
0.024524653,-0.058551136
-0.022376869,0.018367583
0.007763344,-0.093949206
-0.018998869,0.09048837
-0.010450144,0.083810605
0.010857692,0.06766667
-0.0149166025,0.06137291
-0.022552375,-0.01847956
0.018112082,-0.049701527
0.0028779062,0.10124787
-0.018963091,0.040794447
0.024761379,-0.032213073
0.022436842,-0.0666961
0.015948243,-0.016468754
0.008263903,-0.06064155
-0.030395135,0.004737874
-0.0063676136,-0.047401275
0.0231096,-0.017007638
-0.0004179444,-0.010341515
0.0144577995,-0.048358575
0.020020237,-0.08925677
-0.025590569,0.01759477
-0.002431795,-0.027639905
-0.017470982,0.06993463
-0.014860125,0.109788544
-0.034158427,0.056637507
0.008464353,-0.058181543
0.01910474,-0.032279186
0.0034981156,0.0076824003
0.025678886,-0.04534897
0.015678065,-0.09266736
0.023640946,-0.024383003
-0.02021022,-0.023326872
-0.027315974,0.05694991
-0.024919163,0.04976656
-0.040267855,0.015013517
0.014043544,-0.123989485
0.027128778,-0.14239848
-0.010657327,0.043885577
0.005973962,0.045334347
-0.039316855,0.034553006
-0.025058284,0.04928441
-0.034024052,-0.04879014
0.04762711,-0.08256529
-0.026488991,0.07111918
0.024797915,0.04573709
-0.016441563,0.027092012
-0.03359489,0.028584564
0.022750843,-0.0769543
-0.018538231,0.07957259
-0.040967792,-0.103606075
0.021783076,0.00019736234
0.021637885,0.050819013
-0.01134064,-0.13018487
0.020715898,0.0644706
0.00962607,0.010130599
-0.012448294,0.07275322
-0.0039353548,-0.04371515
0.01936494,-0.071612865
0.0029923613,-0.065050006
-0.024842374,0.04195779
0.03312423,-0.100100376
0.015358382,0.020078974
-0.010523394,-0.0641212
-0.00034521613,-0.050995093
-0.013840094,-0.025871366
-0.021350011,0.020537417
0.045682896,-0.07184684
0.006662481,-0.030286038
0.012119632,-0.012778049
-0.01981603,-0.011328704
-0.027245115,0.028564135
-0.0056265304,-0.030460091
-0.022636041,-0.06976294
-0.028241225,0.06573639
0.0057093683,0.0052978336
-0.035243414,0.013890876
-0.025668386,-0.0665243
0.00033213943,0.0051174713
0.02208922,-0.060217842
0.04405849,-0.02414216
-0.021296028,0.046941523
-0.033391383,0.038793415
0.031859994,0.08725499
0.022608655,0.10625602
0.0046265908,-0.04153848
-0.01873608,0.028104307
0.01806051,-0.10587611
0.023823924,0.0054637007
-0.00737636,-0.0078034424
-0.0036934621,-0.031403944
-0.006354774,-0.070349686
0.016877236,0.02115097
-0.003629697,-0.03323423
-0.0012233942,0.059635818
0.008411041,0.0125909
0.010160392,-0.04763629
0.011725816,-0.01638182
0.008163292,0.042666677
0.023901563,-0.02838411
-0.0028528532,0.011480726
-0.013508609,0.008272151
0.006764544,-0.03279499
0.017257461,0.039873686
0.0068934616,-0.0006382299
0.008137353,-0.019759664
-0.028376482,-0.004719189
0.039251063,0.0020645685
0.014293119,-0.1648564
-0.016245164,-0.00873225
0.03281196,-0.06631113
-0.00029656308,0.043355715
0.010228095,0.05636665
0.008892931,0.068910345
-0.0068695983,-0.03389442
-0.004216726,0.08086879
-0.02841938,0.0042709936
-0.02570765,0.03754695
-0.02973671,0.013309014
-0.03068663,0.023300488
-0.02935582,0.09118411
0.02098839,-0.103659704
0.031520233,-0.048173137
0.030597499,-0.055657983
0.013926426,0.05097157
-0.0189129,-0.05296126
-0.0072471397,-0.06352973
-0.010331597,0.0069263536
-0.0038080206,-0.00787974
0.04381612,-0.054435544
-0.012670425,0.010312279
0.0023918482,-0.0016960549
0.01410498,0.040529966
0.009363437,-0.17449157
0.02091792,0.025703805
-0.0017263086,0.036401633
-0.0012177392,0.013380921
0.013448926,0.035338067
-0.011360922,-0.08303317
-0.010079603,0.056199845
-0.003967194,0.082158394
0.0143779265,0.07902698
-0.0007245317,-0.007041762
0.0024495362,-0.08035719
0.019127462,-0.030596837
-0.004155687,0.1000965
0.016888686,0.032877713
0.015823893,0.027071873
-0.003560907,-0.04424882
-0.023096412,0.031101169
0.021880822,0.0051497645
-0.024443526,-0.029947678
0.021103414,-0.027693544
-0.018848026,0.0034516305
-0.007761124,0.0398059
0.03028677,0.07064494
0.012603997,-0.017964737
-0.01408552,0.007481467
0.0067366487,-0.122014314
0.02727415,0.025346164
0.005719471,0.0028228655
-0.017628605,0.055671595
-0.021943524,-0.024926385
0.024029309,-0.004011431
-0.012928448,-0.019592104
-0.026297051,0.0925245
0.009744561,0.035379417
0.014648927,-0.045616824
0.037872996,-0.046871636
0.010439873,0.0122792935
0.023757081,-0.0034719023
-0.013833467,-0.002479436
-0.043533396,0.026505925
0.0324559,0.0021813
0.016021159,0.035264056
-0.016060805,-0.020276554
0.022532988,-0.0135507565
0.009872089,-0.029766051
0.015450537,0.015261423
0.032604516,-0.0158185
0.019776203,-0.033974007
-0.01748198,0.0039100507
-0.025002366,0.06809876
-0.01666088,0.10200639
0.02008432,5.468209e-05
-0.010203177,-0.07023191
-0.01982349,-0.052693114
-0.019831033,0.0061294655
0.031020608,-0.025046902
0.02155564,0.023279533
-0.022242412,0.024108043
-0.04053616,0.020956445
0.027287832,-0.047060143
-0.034800697,0.011278825
-0.023691047,-0.046539314
-0.026991757,-0.038450997
-0.019473445,-0.005995449
0.0313175,0.0012135499
-0.02392579,-0.0013352055
0.019011866,0.0016435459
-0.026276939,0.016913854
-0.010122378,-0.025349382
0.03268055,-0.034539986
-0.017775841,0.018542606
-0.036318235,0.07543967
0.026372598,-0.0038743261
0.013231447,-0.0061834394
-0.0250201,-0.025816325
-0.03321691,0.036467034
0.031662334,-0.029510248
0.0475439,-0.08115288
0.04119996,-0.065164454
-0.026763182,0.030008286
0.033817314,-0.027643323
-0.018997181,-0.032428466
-0.017008103,-0.018872878
0.032863706,0.029138288
-0.011666023,0.03403091
-0.0040984936,-0.049498778
0.017002191,-0.03441028
0.012992258,-0.04631477
0.014408367,0.05269728
-0.018724564,0.0011797096
-0.021609772,-0.017523794
-0.02218375,-0.017458308
-0.009765873,0.022968423
-0.025599178,-0.002297944
-0.022941701,0.04132202
0.024867848,0.0044459733
-0.02839756,1.1905589e-06
0.009736564,-0.01308723
-0.026885735,-0.007004852
0.022673553,0.025444426
-0.024404075,0.027659742
-0.028921949,0.02722513
-0.022783455,-0.04531386
-0.009931391,-0.033258356
-0.035503183,0.00053697824
-0.011083961,-0.004777547
0.038080648,-0.024534844
0.019748013,-0.1340052
-0.03529983,0.04307557
0.015169252,0.07839084
0.030680582,-0.034112673
0.0042856894,-0.004508287
0.006011388,-0.039045036
-0.0008654231,-0.02459066
0.016567424,-0.03246577
-0.0028856397,-0.008007225
-0.005530535,-0.05821491
-0.00068556285,0.009062943
-0.00023365696,0.020571351
-0.010575398,-0.041759677
0.014908368,0.045743737
0.0074285567,-0.044866774
0.016494345,-0.063226186
-0.014825724,0.0028470587
-0.01569501,0.08286087
0.019699784,0.06335234
-0.010815492,0.019281289
-0.004129325,-0.031487
-0.019321311,0.04890069
-0.028419442,-0.016711438
-0.023828108,0.00011835881
0.0134878,0.026443714
-0.01329266,0.009073181
-0.015583703,0.06610535
-0.03487163,0.12021218
-0.02490555,0.012766756
0.018492945,-0.025645606
0.022911174,-0.06426453
-0.018774739,-0.011079405
0.030736784,-0.02529776
-0.028723126,0.031630818
-0.020455997,-0.043530855
-0.04491441,0.009076503
0.013349846,-0.017111735
-0.018224752,0.019714056
-0.01488854,0.009585469
-0.034761492,0.057557613
-0.0046918187,-0.010791288
0.01585977,-0.0571919
0.012700209,-0.04100442
-0.0191496,0.006753625
0.021528114,0.019408513
0.03160295,-0.02324506
-0.030770982,0.0023500645
0.026263764,-0.020485148
-0.021301083,-0.0024060511
-0.030227311,0.017087404
0.03790109,0.005911795
-0.0041538663,0.024896262
-0.008636594,-0.025914079
0.0048295627,0.024950026
-0.011467469,-0.022167701
-0.010808245,0.014476752
0.00783083,0.009330553
-0.019453175,-0.023507781
0.0024673007,0.034410823
0.01142036,-0.024751065
0.017507292,0.049154658
-0.0091964975,0.07858618
-0.00060038106,-0.000324485
-0.000334627,0.013747353
0.015845826,-0.005383312
0.015598582,-0.016256982
0.02527252,0.10663248
0.0152834635,-0.09524959
-0.018001858,0.022973716
-0.018255915,0.051296268
-0.015242911,0.012125331
-0.03639611,0.042831782
0.0076133045,-0.04654886
-0.0032299086,0.036025077
0.0061763274,0.031575512
0.007495468,0.010250401
-0.017819427,0.00042671413
0.014415795,0.02885371
-0.00559888,0.062418375
-0.029372752,0.0047185947
0.00045320345,-0.04429658
0.020913152,0.030506965
0.044939023,-0.18505602
0.028288014,0.034530506
0.020363795,0.01928291
-0.0054667927,0.055179097
0.010447934,-0.010463639
-0.00071767194,-0.009235651
0.017140066,-0.047650646
0.0012459084,-0.094135374
-0.0016457797,0.019866766
-0.007973659,0.04822611
-0.0037147633,-0.096967936
0.004858532,0.09409422
-0.017139506,-0.057163395
-0.0069671376,-0.002783429
0.0110869855,-0.014467004
0.0012877086,-0.032355286
0.008104533,-0.023642326
0.01342635,0.040403027
0.019137431,0.070062175
-0.0004925423,0.020331422
-0.00021326565,0.014955389
-0.017621499,-0.014311252
0.0005586222,0.019971756
0.0009564926,-0.0049894364
-0.0087022595,0.052523952
0.017232463,0.006209993
6.098661e-05,-0.034037054
-0.019970635,0.037653692
0.029134482,0.06775827
-0.0058770804,-0.1369662
0.013174332,0.0025598838
-0.019196078,0.036913592
-0.019747514,-0.028949572
-0.025549898,0.02817754
-0.008909924,-0.13386218
0.008146588,0.01340928
-0.02665534,0.03095029
0.033788048,-0.0041721677
-0.0024287645,-0.01093688
0.014371268,-0.0004965921
-0.014521223,0.040930282
-0.024479188,0.060571447
0.022985013,-0.04009534
0.0203536,-0.042916685
0.025351109,-0.031486887
0.021195922,-0.0012255155
0.0139743555,-0.05758573
-0.008194647,0.035876974
0.0207621,-0.09340706
-0.02705457,-0.017286716
0.027779985,0.03808052
0.021581706,0.0587969
-0.02729673,-0.045493983
-0.008490367,0.022558758
0.04038451,0.18753211
-0.01947495,-0.016009724
-0.019927176,0.047199685
0.0056629344,0.029430848
0.03154669,-0.06309855
-0.0134116355,-0.0058397907
-0.00468317,0.04043165
-0.019631125,-0.023274455
-0.008270698,0.12396213
0.005258718,0.13133416
0.01581269,0.008863853
-0.0058462587,0.020953499
0.008608621,0.121629305
-0.022747375,-0.040289447
0.03176931,-0.06159303
-0.021563366,-0.02119686
-0.0167322,0.029551812
0.00022433628,0.043829802
-0.037550855,-0.03195235
0.016191304,-0.007860712
0.027069215,-0.064390294
-0.019932196,0.11520235
0.029139284,0.14864299
-0.026499981,0.02769232
-0.02309428,-0.030871063
0.024139196,0.05392534
-0.026832025,0.09245387
-0.007841058,-0.109282665
-0.022248033,0.00023467481
-0.017793875,0.013800997
-0.008276008,-0.020052172
0.027151493,-0.0006676293
-0.022065219,0.01576178
-0.010411986,0.00030511586
-0.0008708085,-0.32155672
0.01754822,-0.04119858
0.012336263,-0.1342813
0.008261155,-0.047932893
0.013756333,0.054019522
-0.0007993202,-0.038760003
-0.011071777,-0.007168721
-0.0205036,-0.10916199
0.025993638,-0.021126648
-0.008885652,-0.014665467
-0.023448458,-0.010898142
0.014805794,0.0023424325
0.023593616,0.0060858163
0.023798764,0.0064947265
0.015154805,-0.035700615
-0.014117567,0.05491285
0.019825213,0.031089794
0.0032004896,0.02964219
-0.021584699,0.04477385
-0.003932514,-0.14202791
0.028521115,0.09262474
0.0117095895,-0.031207368
-0.019459907,0.045985386
0.020365547,0.12950058
-0.026197627,-0.0032211898
0.022235531,-0.0058697164
0.029988145,0.08374847
-0.023364598,0.03434386
-0.01897334,0.022443283
0.01418804,0.023313815
0.015111455,0.020026583
-0.013819937,-0.03138188
0.025280267,-0.04578543
0.016351322,-0.006983263
0.008051779,0.032772742
0.0017572683,-0.008878344
-0.025623897,0.091701865
-0.008084916,0.03692042
0.0048447424,0.036317416
0.004692124,-0.021206528
-0.00634655,0.04735838
-0.0064369086,0.028610267
-0.01439152,0.060564075
0.010795634,-0.0075562885
-0.02160765,0.16687976
-0.027493436,0.056892656
-0.002550756,-0.03824347
-0.012775537,0.0681425
-0.022807192,0.058532424
-0.00038684043,0.03628861
-0.030256625,0.009559876
-0.010929996,-0.017976439
0.019949665,-0.045152534
-0.015625512,-0.023179056
0.016863689,-0.028649326
-0.0008196477,-0.034620706
0.03445335,-0.031850602
-0.022762015,0.017657425
-0.0124032935,0.008376632
-0.03408988,0.10076328
0.007362794,0.0077422643
-0.042258725,0.02301035
0.022213195,-0.03479187
-0.032270852,0.08880112
-0.012134832,0.049305126
-0.007343527,-0.119939946
0.046558492,-0.091250524
-0.018496161,-0.070814505
0.015374276,0.0463639
-0.017299365,-0.025224237
0.026154986,-0.046180494
0.03275836,-0.11879193
-0.007866228,-0.008738537
-0.015807733,0.08635724
0.008247415,-0.066841096
-0.0010137442,-0.10826977
0.008224044,0.0063436683
0.020070368,-0.07257805
-0.014797127,-0.009014711
0.025189422,-0.0130432155
0.010357007,-0.0019435271
0.004261386,-0.013827059
-0.01003413,0.009448815
0.011869571,-0.007904255
0.0006693725,-0.022635456
0.012622056,-0.010783393
-0.01711073,0.16616438
0.011891781,0.11053152
0.009440768,-0.14386204
0.012972268,0.06672087
-0.014381877,0.05145073
-0.0013020053,0.020186605
-0.018412527,-0.084589325
0.02076218,0.02911069
-0.02759375,0.07010032
-0.0023598631,0.13901915
-0.031670876,0.13685516
0.012655873,0.024672514
-0.006666023,-0.020374622
-0.011191333,-0.034947775
-0.016954549,0.043102704
-0.011739723,-0.010795708
0.033930693,-0.07637756
0.02969035,-0.09199327
0.0129947625,-0.055280905
-0.018611167,0.09435519
0.0074519697,0.11621235
-0.004636269,0.09723342
-0.0052472884,-0.026299404
0.009436775,-0.08567894
0.0048500346,0.025237411
-0.011898119,0.115536034
0.0026165675,0.065467045
-0.008379182,-0.0019213582
-0.0035842108,-0.027741931
-0.006355101,-0.020341048
0.010301039,-0.046718314
-0.028976422,0.12066211
-0.00858219,0.035970118
-0.029130753,0.0944586
0.0033138804,-0.280766
-0.015296064,-0.037335306
-0.0067251003,0.023919346
-0.011231942,0.07043254
-0.034201603,0.013562014
-0.022202723,0.05697929
0.018362273,-0.105062716
0.0058810036,-0.0583912
-0.007892615,0.017723091
0.00737377,-0.013792806
0.01745265,-0.062138166
-0.013133295,0.0071364976
-0.031729702,0.016440287
0.01655731,-0.07629401
-0.023194801,0.061016772
-0.010468563,-0.124607064
0.03440165,0.020996276
-0.025793009,-0.20603362
-0.007331906,0.03917898
-0.008125694,0.070903406
0.01917265,-0.07018814
0.023158744,-0.043186884
-0.0013855846,0.02378417
-0.022082988,0.017292904
0.014525503,-0.008733038
-0.023070853,0.025225043
-0.033514526,0.028459547
-0.00782008,0.036742758
0.030124387,-0.025251262
0.03363265,-0.0010852064
0.008853324,0.07515053
0.00059365854,0.01358976
0.0020702407,0.0015855858
0.03143055,-0.0689044
-0.010686883,0.16770169
0.001785521,0.15554017
0.009481689,0.016466506
-0.0130133,-0.05016083
-0.014476598,0.052461464
0.005160886,0.0019426267
-0.020556075,-0.056372523
-0.029348988,0.00305456
0.008453512,0.009414643
-0.030363174,0.0058797477
0.028035296,-0.06574287
0.020571074,0.010798662
-0.022020204,0.10737167
0.01721191,0.018049585
0.018845007,0.044195708
-0.024785798,-0.0026814118
-0.021202669,0.038510166
-0.033232406,0.058205135
0.027614051,-0.0826437
0.018750723,0.027633524
-0.013139558,-0.044148702
0.010951797,-0.11596459
-0.012272685,0.050331946
-0.00018090248,0.01942482
-0.02248836,0.067678645
-0.012587474,0.006092818
-0.017050892,0.0066398
-0.0011557862,-0.068748824
-0.011728129,-0.0081202835
-0.00182263,0.04892873
0.010578948,0.03563765
0.008649443,0.20973551
-0.01068408,0.07164598
0.0072918427,-0.07900317
-0.0011358815,0.048293553
0.0043680076,-0.018499408
0.0064132405,-0.08122342
0.013597093,0.14283904
0.0023618082,0.03349843
-0.004453824,0.09703959
-0.011161258,0.030332565
0.0011671066,-0.070205845
-0.004667536,-0.06404415
0.00544542,-0.046688132
0.020553574,0.074925385
-0.005467005,-0.02127565
0.0074510984,-0.01723502
0.018208878,-0.1212601
-0.000855254,0.029665759
-0.021468777,-0.026298197
0.02242315,0.04555928
-0.02162542,0.123785324
0.008137177,-0.057830255
0.003309418,0.052432563
-0.032059867,0.1317743
-0.016055815,0.061542276
0.011461576,-0.06669853
-0.008677142,0.05751234
0.026228625,-0.06546939
-0.025962364,0.0045736795
-0.007375002,-0.014034331
0.023065828,-0.033484295
0.006685821,0.0075463247
-0.003557273,0.15935786
-0.01732278,0.020827085
-0.022147339,0.11268297
0.012954652,-0.051153604
0.013866317,0.08656217
-0.0060635246,-0.19031179
0.0135306055,-0.106970154
0.0039549065,0.020828797
-0.0015120199,0.035242103
0.0071016466,-0.044916064
0.001476036,1.9728934e-05
0.012637379,-0.022398053
0.0033145826,-0.044782083
-0.0031025228,0.06613589
-0.014909339,0.13471976
0.022760164,-0.053836506
-0.0049024737,-0.03415609
-0.0023637617,0.050759222
-0.013798187,-0.031352174
0.013252092,-0.049780175
-0.0046701683,0.058609925
0.009846505,-0.026359767
-0.0072813663,0.10505643
0.009830579,0.09141534
-0.008027882,0.039657347
0.0047375583,-0.01673367
-0.006024273,-0.090100594
-0.011015495,0.09187561
0.012648287,-0.027541153
0.015309468,-0.07738549
0.010881111,-0.03179633
-0.017620048,-0.037682246
0.012511761,0.019823981
-0.0013113115,0.07918772
-0.016099084,-0.016599163
-0.0153189525,0.08703443
0.031200383,-0.09008645
-0.014939889,0.016742555
-0.007116298,-0.061678343
-0.0049905973,0.0669083
-0.008714,-0.028702937
0.015564639,-0.1678208
0.010515336,0.050038945
0.0015451724,0.099046044
0.00662819,-0.0538513
-0.003489168,0.032049954
0.002529995,-0.042189326
0.0040872954,0.05313981
0.0051734494,0.019584272
-0.010728393,0.01244306
-0.011305889,0.04216849
-0.013603246,0.09206485
-0.0064110365,0.020955434
-0.006644681,0.027504183
0.009302374,-0.026733361
0.026468646,-0.1528295
0.0015810754,-0.06616676
-0.0016229192,-0.012036797
-0.0051728757,0.009115732
0.014966664,-0.0867517
0.014259635,-0.15059724
-0.014856236,0.11634353
-0.0139116775,0.034882963
0.0037113004,-0.015849099
-0.01751544,-0.0016031846
0.025216263,-0.03961089
-0.031230073,0.05644473
0.0026721219,-0.19361392
0.048954234,-0.032112777
-0.008510118,0.09933505
-0.0042179436,-0.14344592
0.019317687,0.03866911
-0.00154281,0.0475392
0.021515684,-0.18589215
-0.0024964907,0.047778327
-0.0027568988,0.020029968
0.00072712475,-0.053085458
0.018422533,0.0062589403
0.012800325,0.023618909
5.3765252e-05,0.0547661
0.0049691782,0.0054823356
-0.009411432,0.023358436
-0.0060002995,0.061478227
0.0027467299,0.016515428
-0.01622248,0.04316687
0.0068715843,-0.031851135
0.006134818,-0.036846958
0.009657651,-0.0008541039
-0.013947456,0.024014799
-0.007850251,0.082720846
-0.0121206725,0.02583439
-0.010935258,0.04472177
-0.015861923,-0.011173526
0.0076409765,-0.013392303
-0.017869791,0.17898957
-0.013951272,0.020424308
-0.016185222,0.30412048
-0.027699593,0.18161279
-0.02422988,0.11882488
0.0060953144,-0.045535482
0.018152982,0.19935553
-0.013845914,-0.013578269
0.0019132518,0.05993131
-0.008839953,0.03919444
0.038266048,-0.1138498
-0.0043906723,-0.03518676
0.029282892,-0.14104368
0.0025377434,-0.043855432
0.006269631,-0.049307767
0.0030688732,-0.04633013
0.0005284896,-0.034583542
0.0051666726,-0.021100158
0.011051815,0.07217841
-0.008708294,-0.100656085
0.006512381,-0.06745422
-0.007179579,0.0018053788
-0.009987397,0.07718597
0.008761226,0.008612569
-0.001250542,0.04632383
0.014946279,-0.0042785527
0.0004181892,0.05977609
-0.0062095197,-0.039059054
-0.007206114,-0.11085341
0.02559046,-0.07666191
-0.0015453482,-0.017712587
0.008195709,0.010556754
-0.015774058,-0.060876723
0.013371471,-0.022812635
0.0074882964,-0.008147193
0.007736914,0.0020089122
-0.00035154587,0.0067761135
0.0015725531,-0.09037175
0.0048604547,0.09823037
-0.008568783,0.13180278
-0.0013732656,-0.010415881
-0.0035031107,-0.06564448
0.008014422,-0.0195554
0.008657474,-0.027088799
-0.008670137,0.07243547
6.899331e-05,0.00015308986
-0.003324787,-0.014684776
-0.011347648,0.058981467
-0.006907041,0.011770274
-0.013218031,-0.02292504
-0.017553523,0.066856615
-0.013688762,0.084573984
0.02565275,0.0030486777
-0.003236298,-0.026731903
0.00548178,-0.04729067
0.024334252,0.003575597
-0.010378414,0.12910779
-0.0032570674,0.038397804
-0.0034253367,-0.098619916
0.0077163116,-0.07427418
-0.012665483,0.031580925
0.00927587,-0.06806146
0.006129005,0.01584864
0.002820703,-0.047312435
0.015173512,0.020473013
0.006526808,-0.035523333
0.0019141706,-0.020420263
0.015820798,-0.007530957
0.007732075,0.11000073
-0.003830636,0.16638802
0.0028533905,-0.024164887
0.0007348405,-0.031893842
-0.0032458906,0.04770944
-0.003769697,-0.032723367
0.011992622,-0.055380933
-0.007836268,0.047037482
-0.011460535,-0.13587269
-0.0022326196,-0.0486249
0.0046222117,-0.088403456
0.018462105,0.07029133
-0.016806656,0.038224254
-0.004223114,-0.02582382
0.01883761,0.07563728
-0.013099787,0.05357293
-0.01883866,0.023522925
0.0034592804,-0.03797202
-0.024107927,0.08030153
-0.006494268,0.03493445
0.06454489,0.07339039
-0.013516542,0.027369987
0.15594521,0.2246911
0.07370587,0.029633248
-0.051049806,0.01874169
-0.018896826,0.0017337137
-0.026803056,0.07537091
0.0086452495,0.11522303
-0.11790999,0.11273822
-0.007420612,0.107308954
-0.050166827,0.34616676
0.0067663984,-0.16841778
0.0034900592,0.07382963
-0.10618447,0.14510898
0.057576798,-0.19652513
0.03701449,-0.060791276
0.0016737767,-0.03387981
0.0032452084,-0.004318299
0.021303736,-0.08501944
0.051115137,-0.11370775
0.025086686,-0.111785084
-0.04698271,0.050224088
0.05469538,-0.0009289078
0.0025246514,-0.1397655
0.011520209,0.02728248
-0.01915519,0.1291029
0.0014597655,0.07163746
0.0046435795,0.032834306
0.0038888846,0.033939708
-0.0011123829,0.010839884
-0.011564338,0.03332128
0.0027937868,-0.035096128
0.033772998,-0.15412772
0.01357035,0.021795701
0.020733729,0.009768618
-0.034191653,0.062303577
-0.03554493,0.1668366
-0.0055896486,-0.026060307
0.049184904,-0.12031663
0.002317137,-0.021834053
-0.024004968,0.110405155
0.00017612823,-0.028956247
-0.0022830009,-0.045700237
-0.0072406046,0.122413255
-0.0070755407,0.09956816
0.0042934977,-0.0055267066
0.0053140726,0.0071917726
-0.004671066,0.08515564
0.006423269,0.1361661
-0.011899507,-0.123118654
0.012496479,-0.02775575
-0.004544423,-0.09569712
0.0009169836,0.005459595
-0.017143028,0.012755176
-0.0045228084,0.23363145
0.007911327,-0.042713024
0.012579674,0.049321752
-0.020862764,0.08649558
-0.0014421197,0.08440323
-0.0075291293,-0.03894112
-0.0022751712,0.018870337
0.0053671133,0.021121321
0.009467529,0.020853635
0.006093456,-0.009856722
-0.00039267296,0.12873153
-0.003785762,-0.078487344
0.0007251662,0.061855465
-0.005837277,0.06340904
0.0034989542,-0.19518352
-0.0013595514,0.08774021
0.010004435,0.0066976724
0.028591264,0.022832742
0.044109926,-0.06888092
-0.006257606,0.1106881
-0.002766352,-0.11890663
0.024352124,-0.051536243
-0.0025684284,0.11716192
-0.022335285,-0.08908877
-0.011551315,-0.16707708
-0.00473216,0.15601763
-0.038659006,0.036131345
-0.011809991,-0.08611256
0.003003106,0.00026099815
0.0395783,-0.057050303
-0.024723282,0.131324
-0.022748513,0.17801479
-0.02427257,0.15300666
0.0011963686,-0.19268197
0.054589905,-0.3241692
0.020127654,0.00079796166
-0.0005553174,0.053174205
-0.0008844822,-0.067705415
0.026441252,-0.051189307
-0.017625298,0.10546504
0.007778933,-0.14827117
0.026835151,0.014781936
0.0245976,0.09853966
-0.023900695,-0.0013950784
0.001580684,0.038639862
0.0047818376,0.061501287
-0.022674259,0.03636129
0.0071719796,-0.14316103
0.0049006026,-0.0039258944
0.0044745244,0.12125369
-0.012187902,0.15094985
0.011413518,0.0046983026
0.013728216,-0.10959864
-0.007813413,0.06931831
-0.0020241556,-0.087412424
-0.007088078,0.074967846
-0.012719752,0.11549684
-0.00014314963,0.0868533
-0.026315566,0.0483704
0.0067621707,0.031733435
-0.014347823,-0.02003203
-0.016228821,0.045045864
-0.017709648,0.033565804
-0.0109175695,0.03638862
-0.017000522,0.06658525
0.00091280835,-0.035550717
-0.007357494,-0.11604813
0.0049203252,-0.009000514
0.01438853,-0.13059285
0.007817,0.051624805
-0.0069863102,-0.057626497
0.01649391,-0.1260121
-0.015044286,-0.24659656
0.027792921,-0.12971495
0.0086218715,-0.11153199
0.0017085343,0.043811057
-0.015449392,-0.0077551105
-0.008788322,0.03749587
0.01475288,-0.04374673
-0.0048043546,0.11988178
0.004024881,-0.018392203
0.0004785331,0.08858132
-0.014074863,0.03139004
0.019007416,-0.02369247
-0.012573266,-0.10223347
0.018769065,0.02196378
-0.0016669931,-0.029996034
-0.011518596,0.10348744
0.0024553407,-0.0625642
0.01235054,-0.03461546
-0.0005635801,0.055088136
0.0040988503,-0.050604716
-0.001925907,0.078711726
0.0012351376,-0.023774099
-0.009849131,-0.052441183
0.020139258,0.08345272
-0.011219107,0.056971475
-0.0010545566,0.04152205
0.012092662,0.22878866
-0.011073813,0.02295323
0.0029402552,0.05149264
-0.020336708,-0.036537305
0.009706628,-0.0110209035
-0.023563983,0.03891621
-0.022069491,0.04669335
0.00769421,0.020534214
0.026127711,-0.2381652
0.025054239,-0.032705553
0.010807335,-0.013182626
-0.021447146,-0.026627906
-0.018220622,0.06392344
-0.008322654,0.13025014
-0.017202068,0.123471
-0.021596212,0.046724495
0.017447546,0.17905955
-0.030897899,0.09248325
0.03350213,-0.07748643
0.013915196,0.17073447
0.00813956,-0.053283405
-0.022051286,0.04547152
-0.015773516,0.0050697206
0.019945705,-0.15004918
-0.0013696942,0.06507546
-0.007395572,-0.10846902
0.016442582,-0.08961994
-0.014157239,0.050218157
0.029540224,0.0068893847
-0.023159642,0.025578063
0.019464653,-0.109410346
0.02050263,-0.11189647
-0.013667029,0.03656239
-0.034811687,0.05724044
0.017269202,-0.060590502
-0.015392526,0.05570593
0.02197764,-0.018825924
-0.039033446,0.22771622
-0.002492153,-0.045759942
0.018980762,-0.032716963
-0.023273792,0.105938755
0.019503497,-0.019459248
0.009188554,-0.12680493
0.028216373,-0.052856956
0.014278364,-0.012120466
-0.006942244,0.013508569
-0.025513375,0.15486076
0.033991247,-0.15039694
0.03593363,0.007854285
-0.028862357,-0.034963075
0.017005116,-0.113811426
0.036019366,0.07534108
-0.015764426,0.0130317705
0.05509693,-0.3011037
0.036324587,0.14619623
-0.004130991,0.02492625
-0.008784607,-0.021004785
-0.0015574973,-0.032386955
0.0036439002,0.040580016
-0.0071998416,0.052674312
0.013027518,0.12755176
-0.0056255315,-0.01327285
-0.004577977,-0.015574695
-0.0048996797,-0.119110115
-0.0024269805,0.11823619
0.0036939261,0.054439344
-0.012211516,0.18378215
-0.0006222514,0.12851314
-0.0051227356,0.16070385
-0.0019607237,0.043274526
0.0069348672,0.055927027
-0.016385768,0.003610141
-0.000473415,0.010335367
-0.005239634,-0.06019931
0.0063606272,0.11150578
-0.0019223309,0.04150534
-0.009838596,0.10131272
0.003955858,-0.13790242
-0.006429028,0.033992544
0.00022014277,0.07056241
-0.013665205,-0.0076419283
-0.0044597937,-0.13439292
0.006048239,-0.09428063
0.0176003,-0.082290895
0.021235868,-0.02507203
-0.004068007,-0.086340375
-0.003247736,-0.09878081
0.0029067758,-0.00976426
-0.010873446,0.02684766
-0.018682227,-0.034563463
-0.010384545,-0.0011238472
0.011229954,-0.04533218
-0.016758753,0.0317214
-0.009435262,0.05331098
-0.0407003,0.04941972
0.031034198,-0.13506924
-0.013473692,-0.08830956
0.035001732,-0.16653648
0.00043370435,-0.045368202
0.022690186,-0.1095327
0.0034327654,0.0006510372
0.016803991,-0.04686805
0.022705523,-0.09712448
0.028206214,-0.14519224
-0.0064039673,-0.0070300773
0.0018624621,-0.1127769
0.0037615772,-0.011203484
0.0029723372,-0.032505356
-0.020758957,0.0031103394
0.020617962,-0.03050701
0.005872137,-0.10048609
0.009487925,-0.048687052
-0.014636986,-0.07142722
0.007498932,-0.03452827
-0.014133217,0.063765265
0.005748092,0.10710799
-0.02467345,0.08953866
-0.0016568974,0.083408676
-0.0011538034,-0.011994963
0.0027980506,-0.052266262
-0.0056897593,0.17135498
-0.023878781,-0.1910286
0.03519885,-0.03271966
-0.019241381,-0.029248377
0.03428136,-0.073016845
-0.02426865,0.12698229
-0.024083685,0.08099987
0.00078838505,-0.15850015
-0.0037876368,0.12104643
-0.04560097,0.030553337
-0.010436239,0.048514627
0.022547683,-0.051487856
0.03231201,-0.14336498
0.02273207,-0.059287246
0.018000238,-0.03079416
0.0044137565,0.019279033
0.018068375,-0.07917774
-0.016453872,-0.025200361
0.035266917,-0.027036095
0.0021460042,-0.041448146
-0.0131155625,0.029818363
-0.010333998,0.13320808
-0.011996156,-0.05258387
-0.016236767,0.37059146
-0.027567482,0.047494017
-0.0021607168,0.036799766
0.017143974,-0.06352944
-0.007795602,0.037432093
0.022854041,-0.014961994
-0.0049205893,0.25469682
-0.0021583098,-0.095314495
0.005897264,0.10597096
-0.005231972,-0.04716098
-0.011793995,-0.02391995
-0.0070922677,0.16789155
-0.00889965,0.18120368
-0.007961918,0.19634561
-0.022959057,0.00815931
0.019512122,-0.08334201
0.0068117557,-0.1436497
0.014002854,0.17121963
-0.0050655073,-0.08248396
-0.005392927,-0.042506162
-0.002586284,0.036112092
-0.0009370886,-0.0714292
0.021297684,-0.0027834103
0.0045960653,-0.00031359476
0.0075788847,0.019575566
-0.009564779,0.022118941
0.009115001,-0.027664484
0.015904633,-0.14953469
-0.0007924099,-0.12458206
0.0023179732,0.13227294
-0.0063426057,-0.08265478
-0.002028849,-0.032670077
-0.011935111,0.11622485
-0.024791911,0.10383493
-0.015468343,-0.086280175
0.010586529,-0.047625504
0.021204378,-0.09613436
-0.010657948,-0.08977595
0.022117266,-0.07684966
-0.0075414423,0.061246715
-0.015131707,0.09123198
-0.016010916,0.1675407
-0.0009430605,-0.012996497
0.02559843,-0.08345293
-0.016563248,0.04867212
-0.005337514,-0.021220585
0.0066355974,0.05986401
-0.021835737,-0.083678745
0.04729552,-0.15537632
0.011937769,-0.124155596
0.034623988,-0.06396043
-0.019874457,0.056799117
0.016414205,-0.1830587
0.024591772,-0.29254466
0.0046792165,0.076795496
-0.0043621887,0.078761555
-0.016429128,0.30949634
0.013803505,-0.058725532
0.0020215705,0.07184521
-0.013723343,0.06834697
-0.012273649,-0.15701348
0.009825068,-0.033744596
-0.015869247,0.10401489
0.009121182,0.10095881
-0.018461552,-0.04159283
0.026965294,-0.0142549025
-0.0073443027,0.2664916
0.029216278,0.16596484
-0.0018628635,0.0748996
0.003523094,-0.072147325
0.024179172,-0.11028712
0.0028950311,0.066785835
0.010947096,-0.042397417
-0.0012454643,-0.09005325
-0.005072289,0.06448826
-0.009031899,0.03477637
-0.00044343236,-0.06182097
0.005959875,-0.004502308
-0.0051390035,-0.10675037
0.010380546,-0.0678468
-0.0033541862,-0.018432476
0.0033922985,-0.0391297
-1.6621896e-05,0.05798235
-0.01199369,0.13423432
-0.0104579395,0.06565532
0.0027259248,0.01218061
-0.0047484906,-0.04648362
0.0017947238,-0.02455638
0.012745544,0.0011466789
-0.006589121,-0.086016014
-0.014385782,0.1448165
-0.009957684,-0.07911761
-0.0063923234,-0.07686288
0.0064804666,-0.07632601
0.009285579,-0.20368582
0.01883889,-0.08240226
0.016816147,-0.063663
-0.00249606,-0.01808094
0.0057002283,0.044873595
-0.005386073,0.019758059
0.011201374,-0.009245324
-0.0035985236,-0.043269612
0.011105102,-0.010725936
0.006788103,0.025774185
0.0033192362,0.07294522
-0.0151972715,0.11651001
0.015124316,-0.048204765
0.0033534453,0.06164556
0.008077847,-0.09381667
0.00018548057,0.010014307
-0.012857731,0.28388909
-0.038450845,0.20753393
-0.0036834157,0.005098554
0.008056773,-0.004359316
-0.008483285,0.030932473
0.014530732,-0.09884554
-0.0034888145,0.05380983
-0.02518659,0.11785897
-0.020927873,0.28381005
-0.01789992,-0.0025687348
-0.009225717,-0.014010763
-0.0088253915,0.11290669
0.0023479424,-0.14816138
-0.0098995175,0.04604273
0.0005094325,0.029200038
-0.017856693,0.08551908
-0.0062244777,-0.019475136
0.020500023,-0.09101407
0.035732385,-0.10515136
0.007428536,0.053375117
0.00039494084,-0.06818118
0.004550269,-0.06778001
0.019573212,0.14784075
-0.017243478,-0.017502712
0.009162856,-0.14848574
0.0028150566,0.17224067
-0.018265266,-0.10633555
0.035748467,-0.08369284
0.008780091,0.012320741
0.010473157,0.12945996
0.0017661536,-0.031338703
-0.0059391623,-0.0011781411
0.017613828,-0.15116093
0.013626635,-0.023966758
0.009363361,-0.034741983
-0.008280214,0.14899808
0.0003282808,0.0032311156
0.012344897,0.019275133
0.0049731657,0.008585106
-0.0005546587,0.067685924
-0.0076629855,0.04232766
-0.005792256,0.061214086
0.001369596,0.07030515
-0.02038361,0.06445535
0.014998097,-0.13360205
0.012768503,-0.054963205
-0.007351119,0.07954452
-0.0048583746,0.14338283
-0.0089614345,-0.008527369
0.013182328,-0.039357536
0.011704497,-0.18350405
0.0055659916,0.0544815
-0.016842779,0.19772777
-0.033998303,0.11399428
-0.019761091,0.03802251
-0.010310713,-0.07966569
-0.011148127,-0.01809954
-0.037252024,0.14222339
0.0070833955,-0.00024888455
0.0167218,0.03188233
0.00238865,-0.18535407
0.026833713,-0.15328792
-0.0067454856,-0.050136346
0.016366675,-0.12680107
0.016644616,-0.040388007
-0.008073412,0.21723212
-0.016028658,0.033718556
-0.026505616,0.1280688
0.010960979,-0.108274944
0.03912869,-0.098137446
-0.012562407,0.07144208
0.0044395626,-0.15316845
0.0011009718,-0.2770713
-0.005448639,0.03747412
0.00997805,0.0059151305
-0.0013736405,0.13621499
-0.004886625,0.08402833
0.014720017,0.04331928
-0.0065598898,0.16716637
0.010657013,-0.050029397
0.0060964962,0.019709323
-0.0013864401,-0.08197543
0.008891727,0.07012246
0.0056935926,0.11813861
-0.006876422,-0.10979362
0.0013166285,0.04942226
0.011619318,-0.12546314
0.007684248,-0.008507435
-0.0019046634,0.07180946
-0.0028250613,-0.012848376
0.0036292423,0.02673434
-0.019599732,-0.13836312
0.027164174,-0.089167714
0.012296023,0.08941531
0.0029416713,0.13054244
0.0027897172,0.056945764
-0.009929324,-0.008411529
-0.002871023,0.0069487076
-0.01402007,-0.32173616
-0.016044633,0.12916015
0.0005171299,0.055608183
-0.012095826,0.07167813
-0.014586495,0.23084758
-0.010354757,0.07925428
-0.010479717,0.123682834
0.019006459,-0.095694326
-0.0070240735,0.08790604
-0.02633683,0.05467262
-0.0061926236,-0.098865755
-0.020019954,0.07781327
0.012142888,0.3766601
-0.00393703,-0.10383218
0.0065307803,0.0913339
0.009044675,0.15938365
-0.0024880553,0.039391596
0.0092082955,0.03144475
-0.01309314,-0.05309558
0.03739868,0.0068031107
0.02212919,-0.18887848
-0.0045686443,0.04658563
-0.013237679,0.08215727
-0.00057855283,0.052343734
0.014540759,-0.1793788
3.600726e-05,-0.06658649
-0.0054242816,0.1868175
0.0051662712,-0.20732348
-0.008930873,0.07200293
0.013069792,-0.15067412
0.0015033178,-0.021539742
-0.0054134894,0.060312897
0.007195159,0.09247208
-0.00018264446,0.064707816
-0.0049170945,-0.04886834
-0.0016993815,-0.14092538
0.005787339,0.036330223
-0.012477237,-0.103578836
0.025572767,-0.054229848
-0.029104864,0.1479323
-0.04268766,0.034943555
0.012059113,0.14337032
-0.014591547,0.031122075
0.0015899001,-0.07570826
0.020242851,-0.009434036
0.026331756,0.00849511
-0.0112829,0.19708101
0.0021334076,0.057268053
-0.012935429,0.051877763
-0.020138014,0.10817577
-0.014033588,0.089363776
0.0015992085,0.036070157
-0.020336945,0.0751316
-0.010646624,0.11227689
0.0038541248,0.10604329
-0.000454857,-0.05713583
-0.0035180175,-0.18858433
0.00914737,0.10155716
0.005857328,0.06353486
-0.016555576,-0.04472269
0.012345463,0.11363157
-0.0038423752,-0.052743092
-0.020333512,0.08769252
-0.051606126,0.12998396
-0.027182851,0.06403131
-0.021627516,0.052828107
0.019098055,-0.07641962
0.004944885,-0.11084064
0.01045043,-0.06841019
-0.005431221,-0.111885905
-0.018915854,-0.036397394
0.00076130265,-0.17034137
0.021928258,-0.08637322
-0.00065300404,0.03013833
0.007738994,-0.25748113
0.009674247,0.0052561956
0.010115627,0.0004227812
0.029467711,-0.07842337
-0.016914558,0.0970126
0.008257364,0.018144485
0.020533727,-0.035672136
-0.008563195,-0.026706325
0.014430477,-0.093529575
0.008770845,-0.01221945
0.002781925,0.047485713
0.005730913,0.0044219554
-0.0044456655,-0.03779058
0.008018991,0.015188123
0.008238452,-0.35361576
0.010823655,-0.034461897
-0.0062399455,0.08839745
0.0005423544,-0.022179848
0.015726939,-0.06063961
-0.004167451,0.20526142
-0.01605144,0.2046803
-0.006979664,-0.019379767
0.022674311,-0.034659162
-0.0066596447,0.032406166
0.0141597,0.03643099
0.00286525,-0.080610916
0.011820266,-0.19591917
0.0008164034,0.18430303
-0.009274312,0.09611004
0.0075660557,-0.036904436
0.0059406664,0.017782189
0.0064603603,-0.027415905
-0.0050316323,0.13424627
-0.0026095444,-0.011169477
-0.005161103,0.341283
-0.01060449,0.18658617
-0.035806846,0.1384769
0.01832363,0.1530356
-0.025276782,0.19990858
-0.015128134,-0.1007401
-0.004999811,-0.095858365
0.014822256,-0.09838936
0.027336052,-0.060059942
0.0050858534,0.017224127
-0.007125764,0.09632434
-0.011496043,0.14523906
0.002812533,0.25047582
-0.031721912,0.074234806
0.012006439,-0.23845707
0.02846784,-0.045073383
-0.0011439216,0.5358534
-0.048320748,0.115944184
0.008552366,-0.11955695
0.029797604,-0.045767378
-0.0245712,-0.07662045
-0.023165016,-0.28621364
0.04236428,-0.07069149
-0.0014223587,-0.04256735
0.026022593,-0.15840559
0.028737463,0.022374386
0.01297069,-0.1801031
0.011717318,-0.010145484
-0.0068993485,-0.21175648
0.0048657684,-0.10218147
-0.00065235957,0.06094355
-0.0013601352,0.004985454
0.0047695097,-0.038427494
-0.004754672,0.15514587
0.0014671474,0.046135653
-0.010601544,-0.12326229
0.011530718,-0.4053257
0.009502209,-0.0016288674
-0.0054709306,-0.033942685
-0.0069692116,-0.00084604055
0.007140383,0.10071289
-0.0024347112,-0.14273384
-0.00082687987,-0.046149813
0.0049482835,0.08648286
-0.016047474,0.16097192
-0.008068971,0.0025540376
-0.012039683,-0.0005115809
-0.008484857,0.08264717
-0.013686389,-0.06927397
0.01652632,0.08309743
-0.0059098573,-0.010824606
0.0011789994,0.16602401
-0.026807595,-0.100259066
0.04620318,-0.1556383
0.018734243,-0.05485662
-0.006474212,0.042008005
0.026229318,-0.12244012
-0.0014753514,-0.122912064
0.008391559,0.22219124
-0.0077903,0.119073756
-0.0012343028,0.0012279302
-0.021613428,0.075581394
-0.012280161,0.047904424
0.016015708,0.11858547
-0.013760403,0.12440999
0.0051524127,-0.06754065
-0.009477453,-0.07772551
-0.020100608,0.012639495
0.017797278,0.1013058
-0.0019231453,-0.036738105
0.017626118,-0.0652783
-0.003642194,0.083686285
0.0012256757,0.01741344
-0.034291342,0.19791028
-0.01864248,0.0888826
-0.04285543,-0.011330912
0.0052515473,0.07957527
0.0016674222,0.021672862
-0.0020508012,0.012205887
-0.019544572,0.04993229
0.0049806884,0.02647457
-0.0038027847,0.1126299
-0.020507809,-0.06884453
0.048245303,0.0022411176
-0.03223526,0.11536495
0.0001933705,-0.045789193
0.008939723,-0.033896353
-0.014346163,0.104615554
-0.020136606,0.110499516
0.009905821,0.13924125
-0.017928772,-0.039859947
-0.022712473,0.0025883748
-0.021079445,0.055862643
-0.011108889,0.070478715
-0.024341961,0.052372564
0.0023819748,0.047090948
0.008205799,0.018520216
-0.025036894,0.16044743
0.0015605846,0.045146994
0.0013538077,0.03515755
-0.010898169,-0.063708514
0.030087033,-0.08943913
-0.028475903,0.1893889
-0.035229336,0.15070844
0.023010936,-0.020202037
0.007484227,0.030431785
-0.015163494,0.044822745
0.016288694,-0.042322982
0.014504916,-0.07664607
-0.009418946,0.045402993
0.017457055,-0.08359735
0.0009601689,-0.06365293
-0.00031617458,-0.009821346
-0.009698676,0.034138273
-0.010884584,-0.057603136
-0.0058754147,0.054642405
-0.022452062,-0.05540875
0.0006542243,-0.054915663
0.021856923,-0.10643516
-0.0046507223,-0.03416068
-0.021580596,0.034297146
0.017904364,-0.016830076
0.005884298,-0.06264389
-0.008162994,-0.03890051
0.023278486,0.05327373
0.0045025423,0.058398098
0.0025044922,0.13182968
0.010881861,-0.04443373
0.0025500394,-0.09154729
0.013957634,-0.008592068
0.0021443185,-0.032938574
0.004511689,-0.04166805
0.007361603,-0.10462587
-0.017502554,0.11592675
0.0070628994,0.01576569
-0.008457299,0.037655532
0.0114994235,0.04478712
-0.018250896,0.044278175
-0.020041734,-0.14856699
-0.00015454879,0.08053924
-0.0206771,-0.046044283
0.0040488457,-0.098289125
0.005909612,-0.052075673
0.0014657874,-0.072106145
-0.0028601931,-0.04978336
-0.01423129,-0.08134326
-0.0022756797,0.053209882
-5.1547308e-05,-0.046927348
0.002731563,0.03163856
-0.0092886835,0.024654206
0.013450279,-0.22466846
0.0123216985,0.16852587
-0.013973728,-0.099450774
0.040540136,-0.12760468
0.014029532,-0.09495304
0.0076154564,-0.20410834
-0.0043633007,0.07060846
0.00034306222,-0.018237783
0.01407874,-0.352938
0.0067533934,-0.14510417
-0.011678708,0.022290114
0.016712908,0.0065060756
-0.017930895,0.0018978874
0.022324909,0.0712895
-0.033266693,0.0021550853
-0.0035878294,0.10614531
-0.0024303086,0.11364221
-1.6965088e-05,0.082062855
-0.010700048,-0.11651388
0.025056088,-0.0988228
0.02558238,-0.09255471
0.015998177,-0.024144616
0.009056268,0.11860502
-0.0101564005,0.053640906
0.00016167527,-0.061131813
0.01608741,0.0569966
0.010699083,0.10753088
0.0007751873,0.14537682
0.0004979097,-0.030126132
0.009909079,0.122329816
-0.0021298986,-0.07307025
0.013008023,-0.05460078
0.005634334,0.13377666
-0.006834577,0.0008644423
0.011543566,-0.04907138
-0.013020283,0.049190413
0.00084461714,-0.04467474
0.005512437,-0.08602023
0.0077748476,-0.05669109
-0.0028886073,0.07747839
-0.017865792,0.17824353
-0.0054479754,0.082743734
-0.021429213,0.03155831
0.011825773,0.036347978
-0.013367728,0.09125697
-0.0064730514,0.008197709
-0.010083709,0.053845387
0.019136418,0.17126341
-0.023013508,0.08538482
0.019531352,-0.19509904
0.021098606,-0.19449511
-0.009254724,0.0052138823
-0.017901745,0.1023582
-0.014447466,0.09397258
0.010225952,0.02489371
-0.0030849809,0.05983901
0.0014329499,-0.035798956
-0.009110995,0.026975354
0.0017421963,0.008734134
0.0014241049,-0.05204895
-0.010405978,0.07437463
-0.013403734,0.09965729
-0.015570015,0.048215758
0.0026481198,-0.009467927
0.019515935,-0.09241636
-0.009122385,0.02066619
0.016787669,0.11097999
-0.02005087,0.036817957
-0.008156424,0.43693393
-0.04392563,0.22375764
-0.008350607,0.22061542
-0.032821428,-0.010221181
0.016255738,0.086252205
-0.00040817366,-0.1393962
-0.014560896,0.041892175
0.02159191,0.19548796
-0.0518582,0.26745972
-0.006455363,0.026951056
-0.022876687,0.10688458
0.0027491394,-0.41949484
0.040469307,-0.1387848
-0.006080471,-0.07300958
0.0021879505,-0.08822419
0.010652475,0.10327403
-0.036049847,0.09240053
-0.027517974,0.13876487
-0.021606386,0.051371176
0.004657766,0.08944078
-0.017880647,0.15050954
-0.017723085,-0.00038909595
0.004458223,0.046563927
0.017488662,-0.08522694
0.0142055135,0.025667425
0.01586183,0.09733637
0.0036852586,-0.17596939
0.014944432,-0.17624214
0.02372619,-0.020087706
0.0013132633,-0.066454686
0.0030667046,-0.06727183
0.013319645,-0.025365071
0.00065937836,0.24615277
0.0089375945,-0.19815354
0.00080168014,0.07374346
-0.0045382185,-0.0653791
0.013650098,-0.13049743
5.0442643e-05,-0.056302227
-0.0012386055,0.15945162
-0.0046061743,0.0078038955
0.0035012232,-0.02664884
-0.016982827,0.19191328
-0.0013929184,-0.11806657
-0.009430293,0.27972996
-0.030726418,-0.27632508
0.023662698,0.17904332
-0.027531462,0.20545343
-0.004545682,0.054663353
0.034463696,-0.14758548
0.00276251,0.037062034
-0.003106038,0.04142581
0.0028627757,-0.13140625
0.01489618,-0.06463724
-0.01273812,0.05805014
-0.0071014846,-0.03402982
-0.009738782,0.031277847
-0.0039425287,-0.013908701
0.0134541495,0.026990743
0.013562264,0.008038786
-0.017427314,0.0044292267
0.009034903,-0.025232453
0.0077016973,0.083653614
-0.0009058914,0.22135131
0.001523436,0.2579104
-0.016600035,-0.14250831
0.031029172,-0.3430851
0.00034493278,0.10865537
-0.0039881193,0.041893758
0.0013441395,0.12642586
-0.004689469,-0.21014097
0.004890062,-0.07648784
-0.0041217473,0.39957798
-0.011414867,-0.20713069
0.014861558,-0.038135175
-0.009880384,-0.06696456
-0.0016391536,-0.1899412
0.0053860946,-0.23076192
0.021111183,0.1774579
0.0032336155,-0.013617043
0.0052762795,0.07380491
-0.0028851836,0.011730618
-0.008534186,0.08088282
-0.013161477,-0.22404996
0.013418735,-0.20642085
0.008856047,-0.08252673
0.00627709,-0.05135345
-0.0019086432,0.10180243
-0.021993145,0.09418425
0.028545028,-0.2791332
0.0035832329,-0.017666183
0.012140583,-0.17355111
-0.005941099,0.25500956
-0.024130072,-0.01539542
0.020881832,0.08351663
-0.012678368,0.063469686
0.022818659,-0.042801477
0.011426713,0.37230802
-0.0025649425,0.0976103
-0.00020739646,0.044939186
0.0068856524,-0.17019144
0.003875261,-0.09996585
0.005586532,-0.06999598
0.009257459,-0.05217102
0.00017006346,-0.2883858
-0.0076840087,0.36461565
-0.026408527,0.007013019
0.033010542,-0.01978416
-0.00053536566,-0.06914642
0.020763194,-0.066764235
0.0076892716,-0.014675741
-0.0064924574,0.13840996
-0.00621591,0.06865453
0.0017217193,0.100895934
-0.0027716649,-0.016449997
-0.019706175,0.039156653
-0.020605478,-0.04288222
0.024088262,0.027381392
0.018213393,-0.0552259
0.008392062,-0.019325318
0.0044645485,-0.043574914
-0.008292872,0.0037408266
-0.0069402615,-0.03171145
0.009360934,-0.07969166
-0.009835063,-0.06337764
0.017514614,-0.023018472
0.010101492,0.008925039
-0.011303078,0.041086487
-0.0041270014,0.07097712
-0.0026273984,0.033273052
-0.0028108768,-0.0015210959
0.0027617584,-0.0018154006
0.010761604,0.06014776
-0.0056089703,0.058027025
-3.2422133e-05,-0.09860318
0.006982415,-0.08583408
-0.0027139836,0.09123413
0.0025757044,-0.0721632
0.0040311413,-0.083840914
0.009369779,-0.06465484
0.01347259,-0.020743331
0.008640809,0.008792021
0.009349771,0.14684573
-0.013495082,0.08230009
0.002097603,0.010172866
0.012799551,0.004561067
-0.016464327,-0.025147531
0.0036294889,-0.0124005545
0.008495497,-0.01843505
0.010311635,-0.112804316
-0.0018550102,0.023115851
-0.008802161,0.13185817
0.0004774921,-0.04906156
0.0159095,-0.16729167
-0.00011102727,0.12678358
0.012946162,-0.015685523
0.008776164,-0.10587153
-0.0081930645,0.30804175
-0.012360644,0.21580514
-0.01726468,0.014277611
-0.0008943924,-0.14755325
0.03531401,-0.10194687
-0.002260197,0.2944677
-0.021438614,0.01619928
0.007969025,0.06195952
-0.008748563,0.092677526
-0.004328436,-0.03275171
0.0019183485,-0.18837728
0.024923347,0.18761627
-0.01363457,0.016632369
-0.0012039703,0.08964905
0.011544976,-0.025410185
0.020053592,-0.227337
-0.0020915354,0.0026214137
-0.0019241977,0.005101765
-0.0052791927,0.024453642
-0.004633361,0.051912196
-8.45599e-05,0.053299725
0.020331468,0.18215446
-0.018076012,0.099465944
-0.0013988484,-0.43958437
0.026228413,-0.33014488
0.0011088343,0.115504004
-0.008906349,0.106498756
0.003921007,0.064670086
-0.010014454,-0.21422912
0.025544556,-0.047890894
-0.008649065,0.12905414
0.002029851,-0.055275142
-0.005357867,-0.042426392
-0.0079789795,0.1477111
-0.01684096,-0.16560385
0.005255225,-0.031017482
-0.0046574976,-0.050955568
0.010140346,-0.04420953
-0.006265186,0.17559256
-0.0025029993,0.05208953
-0.014428982,-0.0050135576
0.013914942,-0.063827306
-0.0016635193,0.26252133
-0.02760988,0.12823999
-0.017757714,0.062037457
-0.011217995,-0.15929128
0.017184969,-0.13497776
0.008033432,0.010010438
-0.0346834,0.08329486
0.017924914,-0.042773377
-0.0034506144,-0.106943816
-0.01045236,-0.050178844
0.0027168551,0.017339248
-7.165689e-05,-0.0041657323
0.01828485,-0.008889805
0.021398995,0.18221584
-0.01917243,0.117363
0.014024967,-0.34719455
0.010130872,-0.07948849
-0.009233052,-0.10215691
0.024992814,-0.039908532
-0.00029542763,-0.08372474
0.003824586,-0.03547333
-0.0074870777,0.04471935
-0.013005147,-0.032012053
-0.016242951,0.10239128
-0.006268882,0.04782128
0.025404245,-0.19413643
-0.012227876,0.032482702
-0.0031764545,0.13730787
-0.012154857,0.042014282
-0.0069972505,-0.06860141
-0.00484949,0.099767536
0.011943249,0.004816156
0.00065179146,0.060072362
0.016878754,-0.089093976
0.0034972352,-0.035085417
0.006823903,0.07501922
0.012504739,0.004505375
0.0020800973,-0.05688448
-0.0007321676,0.043495327
0.0017525421,-0.030834164
0.010698471,-0.113056146
0.016507491,0.063128114
0.0129568465,0.036596984
-0.0076009026,0.09582536
-0.005449054,-0.0042422432
0.0066665597,-0.14951436
0.009811357,-0.10558267
0.010516773,-0.06098598
-0.009046863,-0.10961076
0.021951776,-0.14064981
0.005251077,0.078033306
0.0071461177,0.0851062
-0.008235743,0.031899787
0.0050314367,-0.16941115
0.010165006,-0.29729763
0.0227381,-0.15776028
0.0019462886,0.21568999
-0.0022186597,-0.07705684
0.0004996492,0.17505147
-0.0061361054,0.07191233
-0.007693914,-0.08196747
0.0067818575,-0.01279198
0.0063840137,0.09931048
0.0068485783,0.14552382
-0.007710457,0.1189491
-0.008118421,0.019993221
-0.0025493153,-0.1436348
0.0021888535,0.006662109
-0.014045842,-0.01325687
0.036592893,-0.06715786
0.0146610625,-0.06018587
0.0077113425,-0.012261215
0.008838313,0.04630319
-0.0060423557,-0.044482384
0.0011009705,-0.48063296
0.018802755,0.007633543
-0.013266917,0.023117758
0.005040915,-0.06647597
-0.003799046,0.19887495
-0.010336003,-0.097144745
0.018952476,0.2180417
-0.014189346,-0.030943666
-0.00018208055,0.34937355
-0.026857521,0.20848206
-0.0004928196,-0.007434719
-0.0035768854,0.011618644
0.002939222,0.02601953
-0.00860543,-0.25107634
0.031312518,-0.12721333
0.001461735,-0.2077556
0.013084507,-0.1518341
0.008374725,-0.05051053
0.012058452,0.056525182
-0.012140879,0.035681672
0.016896099,5.036022e-05
0.008575085,-0.05425261
-0.0030475159,0.06292968
-0.02156553,0.02887005
-0.0033415835,-0.06307611
-0.028719038,-0.08945211
0.03326862,0.00030264916
-0.028898017,0.05521174
0.013382696,-0.04595501
0.049318403,-0.028774973
-0.0036225547,0.1772183
-0.027591258,0.12841457
-0.012397999,0.047379903
0.027477257,-0.06900381
0.003764892,0.121638775
0.003799242,-0.04961173
0.014927696,0.0053614057
-0.005667232,-0.040493783
-0.010908407,0.0023349212
0.017319523,-0.11844388
0.013954081,-0.012539656
0.0046093613,0.30000153
-0.023040248,0.058359277
0.024894334,-0.049897354
0.0062984317,-0.06659513
-0.0024174529,0.035020526
0.0048506884,0.04120896
-0.01110593,0.025975626
-0.008177677,-0.013427046
-0.0036439865,0.034197863
-0.010086785,-0.028740082
0.004235397,-0.104395494
-0.008708885,-0.03543943
0.011029214,-0.06671828
-0.01573548,0.17372635
0.016922366,-0.089042515
0.029176462,0.044777874
-0.006395243,0.07862525
-0.011143345,0.1118613
-0.010708325,-0.05170728
0.024123974,-0.05229836
-0.0029982505,0.03822246
0.0074044736,-0.057468824
0.00084425503,0.10107217
-0.016080895,0.018537879
-0.017012615,0.11264304
0.0018721598,0.074989304
-0.0056288536,-0.054778207
0.00027514435,0.04627888
-0.026886838,0.123527735
-0.005899931,0.25281078
-0.037963364,0.09378038
-0.00017923303,-0.10944502
0.007020997,0.115552895
0.006995461,0.116844736
-0.038074024,-0.05779197
0.009517604,0.5327592
-0.045689672,0.14107415
0.0033064801,-0.036287516
0.013608058,-0.08680805
0.0045649568,-0.0031862399
-0.024567913,0.21235225
-0.04145799,0.07792492
0.031558704,-0.20579621
-0.0069763972,0.025989499
-0.0056727687,0.3123639
-0.024100075,0.1062614
0.005410675,-0.05453263
0.01975167,-0.35928565
0.049407493,-0.06430421
-0.02944586,-0.013942288
-0.007701085,-0.051537964
0.0331781,-0.115111135
0.034307614,0.37900648
-0.03773945,-0.009338198
0.025645394,-0.15638834
0.017357469,-0.47022668
0.0348008,0.45866156
-0.023530092,0.21573117
-0.032938607,0.22499181
0.013035202,-0.12967175
0.013716424,-0.117205426
-0.015692597,-0.13916914
0.018607652,-0.062065165
0.018192504,0.1818974
-0.025203435,0.28979516
0.0062320875,-0.06307342
-0.011183209,0.20786487
-0.026183538,0.10447286
0.016881851,0.03655687
-0.0031206335,-0.1611662
0.012069044,-0.2335054
0.025970131,0.047464874
-0.016834455,0.1613286
0.004212573,-0.02397774
-0.00057536457,-0.096002065
0.021038428,-0.12000413
0.017931975,-0.057332464
-0.014367841,0.044970345
-0.012203257,-0.025613513
0.007963438,0.11582684
-0.009911831,-0.12203658
-0.0046257107,-0.14236677
0.029152885,-0.29332224
0.004954513,-0.1434964
-0.005416848,0.054073453
0.007325921,-0.14648473
0.0003548218,-0.095683604
-0.0066406513,0.14844497
0.012418034,-0.2235086
0.018418998,-0.1108638
0.0035547768,0.02342884
-0.010371571,0.045662105
-0.0014938449,-0.1811676
0.010000309,-0.028635804
0.016153453,-0.12906721
0.003266642,-0.07756153
0.0043358337,0.058235884
0.003330926,-0.13469243
0.015980784,-0.13384484
-0.0007873727,-0.13128643
0.0040479824,0.1045844
0.0011534533,0.064107336
-0.0032267398,0.20055334
0.010181571,-0.06708914
0.0003190512,-0.020126322
-0.014755715,-0.026035827
-0.00977074,0.002477167
0.0031477297,-0.19077295
0.015657311,0.010601728
-0.018732727,-0.090081915
0.018470168,0.10371808
-0.0037376592,0.06684255
0.02088055,-0.014880868
-0.016015766,0.0033626824
-0.010645608,0.12681167
-0.014830207,-0.05642027
0.006620104,0.016339084
0.00236521,0.077680595
-0.016381487,-0.031603206
0.030437056,-0.2084523
0.014400778,0.002330093
-0.001649485,-0.19672062
0.010676399,-0.19311093
0.010242552,-0.054226797
0.014277753,-0.08903411
-0.0014276351,0.11181556
-0.0035461378,0.019421572
0.010085619,-0.029029956
0.0015015949,-0.041438434
-0.007980994,0.015391146
0.014555609,0.06283745
-0.002134144,-0.00029806318
-0.0017059828,-0.037915584
0.0070421933,0.03908751
0.000942984,0.017198414
-0.00704896,0.0050328732
0.010201922,-0.08085512
0.013277182,0.08420187
-0.0013308523,-0.05870546
0.0029779556,-0.21038364
0.0025688251,-0.2847242
-0.005355893,0.028471582
-0.006291294,0.048236463
0.0016691568,0.030553643
0.014124635,0.09678028
-0.013664355,-0.056798037
0.0097007165,0.07529201
-0.014306201,-0.07657222
0.016934648,-0.44917297
0.02787562,-0.140038
0.015747765,-0.2752665
0.031467646,-0.15020072
-0.009449238,0.02309036
0.0051122326,-0.14529788
-0.0054954956,0.108393796
-0.0042313915,0.015822375
-0.0077958778,0.0134881325
-0.009638,0.05806855
0.005439111,-0.024097892
0.010257307,-0.060715903
0.009885393,-0.1518023
0.009463076,0.094121106
-0.005816196,-0.055760395
0.0106856655,-0.0019440716
-0.021380514,-0.10509648
0.009558327,-0.26045614
0.012043849,-0.15138593
-0.016876804,0.119646356
-0.026186246,-0.03429465
0.033162035,-0.014508338
-0.013696769,0.024917737
0.0021271994,-0.12922913
0.035102002,-0.31529287
0.028234845,-0.07930734
0.0067027486,0.06812887
0.0018190122,0.07670381
-0.0019336054,0.051654734
-0.0014220262,-0.10658607
-0.009202749,-0.0004618694
0.014644672,-0.15582548
0.00013782084,0.044716142
0.0095472215,0.16019002
0.00321382,0.24575317
-0.007059857,-0.14265525
0.0033155289,0.05343759
-0.01944995,0.5191085
-0.056193568,-0.018517012
0.0058661615,0.062461484
-0.026919791,0.039126433
0.018602643,-0.23408082
-0.0031744465,-0.22548208
0.02153911,-0.1625098
0.0064875786,0.11214667
-0.02760225,0.012340503
0.0087237125,-0.22296591
0.028012559,-0.36124176
0.0025790762,-0.029312152
0.027729504,-0.016757006
0.063882574,0.14991707
-0.07548727,-0.0053380285
0.021085767,0.40645152
-0.11273447,-0.16901591
0.06486498,0.041747954
-0.013125395,0.14497864
-0.053297564,-0.040499218
0.018296665,-0.13255781
-0.011430007,0.016661571
-0.08421349,0.1409884
0.05001183,0.13671182
0.004518764,0.06647101
-0.06332117,0.10674976
0.052582994,0.16060092
-0.054828715,0.097312026
0.036090598,-0.10358184
-0.025190204,-0.020467594
0.005378659,0.022338562
-0.011950022,0.09642373
-0.002576034,0.025631063
0.03550705,-0.05993921
-0.028090972,0.04316558
0.038696352,0.03232733
-0.014959017,-0.17349108
-0.010351103,-0.1514748
0.039137505,-0.10517834
0.032384217,0.04878845
0.026084254,-0.14028135
0.0032599927,0.11477586
-0.03135047,-0.112972565
0.0064403294,-0.0076867417
-0.0031970812,0.08500345
-0.010063617,0.11739154
-0.0017398552,-0.1416845
0.020777866,0.06716461
-0.0007215692,0.046743847
0.018220017,-0.15849215
0.0016837711,0.036215004
-0.00285827,0.027508995
-0.0038748663,0.047057457
-0.014393098,0.21764025
-0.008702448,0.026962718
-0.017854035,0.1561583
-0.016442223,0.0056491424
-0.0048226304,-0.046250675
0.021525698,-0.029385526
-0.02518681,0.039252438
-0.0007609725,0.03471799
-0.0048428252,0.040767305
-0.006657157,0.24896848
0.008671923,-0.044447977
-0.0021272202,0.18783115
-0.022647783,-0.060668413
0.0066840607,-0.11900822
-0.013110504,0.1512048
-0.016710114,0.09958899
0.0036344123,-0.05938216
-0.0051786536,0.104729414
0.017558912,0.033922907
-0.0012058312,0.118461885
-0.008299538,-0.3454661
0.0152882915,-0.103089966
-0.02471123,0.14262983
-0.018437931,0.10136446
0.0025530495,-0.19533655
0.027626494,-0.14426604
0.034519613,-0.4891267
0.00581223,-0.054107178
0.016759992,-0.33944276
0.017313436,0.010097232
-0.0075171227,0.037454225
-0.00442628,-0.10620906
-8.363463e-05,0.08756934
0.0036536064,-0.032250404
-0.0076680556,0.03392618
0.0014196355,0.13638526
-0.015475247,-0.026433356
0.014559513,0.019578421
0.0096377125,0.15047882
-0.018400809,-0.009759351
0.023347933,-0.023667498
-0.011679501,0.11796281
-0.0133047085,-0.0398991
-0.012602721,-0.09650203
0.038881175,-0.2722676
-0.0052966354,0.07788741
-0.038581282,0.06900979
-0.012376016,-0.04537948
0.005599899,-0.26246506
0.034268472,-0.06887249
-0.023547465,-0.03180441
-0.032325387,0.03630348
0.011838872,-0.08982223
-0.009728828,-0.06160587
-0.026816165,-0.06558282
0.023862153,0.1640742
-0.037486337,0.040508058
0.028782662,-0.08157986
0.041586805,-0.15499817
-0.00018372643,0.27113557
-0.016952299,0.17204045
0.0007878151,-0.01123732
0.012335715,0.06370854
-0.0001289146,-0.032844767
-0.0028214357,-0.059754156
0.0071668066,-0.0777278
0.0061282073,0.0064648883
0.009286594,-0.026197242
-0.0019714301,0.081691846
-0.01704811,-0.08036125
-0.0012532617,-0.061272286
-0.0040081358,-0.15183435
0.0075112246,-0.0842646
-0.007894582,0.15876071
-0.005014853,0.081122704
-0.0050248867,0.019405829
-0.005588881,0.017800855
0.006340698,0.07810904
-0.011513274,0.18242504
-0.00586821,-0.15326145
0.0068687825,0.048209164
-0.0020235418,0.28641674
-0.020296182,0.202435
-0.010749515,0.053968485
-0.012796458,-0.019998886
-0.0045447405,0.035267998
0.0015682506,0.10833345
-0.011570082,0.052661337
0.008402411,-0.18730132
0.01859928,-0.101306126
0.015104691,0.087672584
-0.011363981,0.02681902
-0.0067986003,-0.020717982
0.010863097,-0.111754335
0.008329957,-0.065945566
-0.009060078,0.0621987
-0.025760736,0.11528511
-0.009384212,0.012344982
-0.021443447,-0.007854289
-0.002638606,-0.020809082
0.0074045234,-0.044298846
0.023700515,-0.09700986
-0.0010317708,0.085597776
-0.0052855294,-0.13653915
0.016819404,-0.017246796
-0.00051672524,0.07836441
0.008519356,-0.037070196
0.008587169,0.027128967
0.0024146587,-0.10265358
0.0025054263,0.037608903
-0.01076194,-0.0039022947
-0.0152951395,0.20541017
-0.019594185,0.06521561
0.014688175,-0.052403957
-0.00027730642,-0.068719156
0.033814657,-0.06827129
0.012717685,-0.08507243
0.015859718,0.010110615
-0.008124379,0.08334222
0.026189744,-0.12823159
0.02784893,-0.12050593
0.0107945455,0.049940683
0.011238169,-0.0689307
-0.003682881,0.07051503
0.0022763347,-0.015346045
0.0021709104,-0.01821239
0.007112735,-0.07498156
0.00090174726,-0.069348566
0.010001943,0.031960253
-0.0067028757,0.3320979
-0.0025662046,0.114021756
0.004693218,0.04961396
0.0028565915,0.07440394
-0.0040431083,-0.081778705
0.020082237,-0.015233192
0.008539089,0.11489947
0.006938591,0.23129
-0.008310251,-0.043963283
-0.0007118434,0.03540859
0.011384727,0.06722275
-0.014210322,0.094058655
-0.007720654,0.05722386
-0.020166313,0.124195606
-0.01007127,0.12719528
-0.0010352116,-0.10757069
0.0066552986,-0.03909571
0.036355987,-0.11242582
-0.014882301,0.25754943
-0.03315278,-0.04481988
0.043906208,-0.077862054
-0.014618469,0.071352854
0.020302039,-0.06586574
-0.015227456,-0.03164839
-0.0049737897,-0.05134172
0.043114774,-0.029536799
-0.0009857062,0.020653337
0.023887172,0.013649252
0.014219286,0.003765381
0.006001563,-0.10414713
-0.000991405,0.07100581
0.014668287,0.033789966
0.0022870265,0.007207832
-0.006098547,-0.0042893477
-0.0030985866,0.067219466
-0.014020124,0.042993646
-0.008646956,0.01206593
0.0038113957,0.020497734
0.00051741535,-0.11508491
0.011520848,0.015006
-0.010895687,0.09825071
-0.011327943,0.008465969
-0.00095913094,-0.13231066
0.0009842133,-0.07316108
0.008368837,-0.086059086
0.01127262,-0.025757115
0.008576026,-0.0165502
0.0041611437,-0.026018145
0.01221499,-0.08978237
-0.013604497,-0.07612781
0.0025605913,-0.083146535
0.0077763563,-0.057724193
-0.017951218,0.10059321
0.003322089,0.09365624
-0.0015385286,0.019458823
-0.017332781,0.05395433
-0.03092466,0.06890743
0.033754043,-0.07325194
-0.04416801,0.1710198
0.015428748,-0.088492714
0.019219667,-0.059313454
-0.019486785,-0.007607566
0.0042462386,-0.0027546894
0.02194509,-0.09749316
0.022094585,-0.08893595
0.021178868,0.038138427
0.005974476,0.03024333
-0.01866561,0.07708229
-0.00937865,-0.05032791
-0.0091858795,0.07960583
-0.013463113,-0.040650427
0.0009665638,0.05903179
-0.024703609,0.007731503
0.0045393053,-0.12489782
-0.028311025,0.01727939
-0.00022012787,-0.033905633
0.04239069,-0.11750496
-0.016613225,-0.034590382
-0.027545717,0.039065566
0.016717853,-0.062660724
0.0047238246,0.011161342
-0.0021875054,0.019241912
-0.018091915,0.033170387
0.023095965,-0.19393927
0.0215913,-0.18492784
0.027685195,0.0076614763
-0.0017216476,0.08484132
0.005240869,0.005333961
0.0022350585,0.047749437
-0.0022190684,-0.07871064
-0.004494074,0.05228041
0.0030799506,0.050440364
-0.0028994475,0.042511035
0.0060751494,-0.011113284
-0.0035141322,-0.05413583
0.0030278545,-0.051509965
0.00037431804,-0.07338927
0.004008877,-0.020730667
-0.006061112,0.07463885
0.0110980775,-0.056443997
0.006938102,-0.0070077893
-0.015580374,0.034941092
0.010887934,-0.087607004
-0.01131862,0.09856679
-0.02398371,0.04125506
-0.011418933,-0.0012925228
-0.0090877395,-0.021615779
0.01233259,0.0063450923
0.016075574,-0.0045291143
0.021940513,0.07703838
-0.028296266,0.059724137
0.010420881,-0.017835109
-0.010465482,0.17302391
-0.004517272,-0.0445443
-0.009379613,0.16872926
0.006258862,-0.043862533
0.010220202,0.033302616
0.015196374,-0.062127832
-0.0031415962,0.015146773
0.0131614795,-0.029448846
0.00078468747,-0.03926227
0.017202549,-0.11733
-0.005404316,0.31969994
-0.0038611253,-0.18189283
8.165845e-05,-0.024220375
0.0066143293,-0.05585315
-0.005414943,0.030437244
0.007538151,-0.02714909
0.0063922605,0.02166528
0.015051088,0.102640934
-0.006483736,-0.34111774
0.0042931177,-0.069484815
-0.00057203404,-0.052490033
0.009689812,-0.15154193
0.005635755,0.16615903
-0.018536534,-0.10021529
0.0014972445,-0.0030990988
0.00996428,0.006001153
0.017679472,-0.11592161
0.011381282,-0.12439308
-0.005590503,-0.0008497235
0.020342529,-0.015873557
0.00022507925,-0.050670166
0.0115816,-0.0964939
-0.003989524,0.12713155
1.781003e-05,-0.15082744
0.0027610338,-0.0017471149
0.011597445,-0.092553824
-0.0016568375,-0.052762214
0.010971501,-0.13300657
0.004617808,-0.2129288
0.014265008,0.07516193
-0.015929459,0.060874444
0.0029930202,-0.036171567
-0.0062768315,0.018015986
-0.024783261,0.02907711
-0.0013070628,0.13318232
-0.01547955,0.056098867
0.012746602,-0.023356225
-0.03229315,0.04230711
0.026919974,-0.07903392
-0.0023532137,-0.059661545
0.029086195,-0.07362978
0.010853532,-0.03176718
6.045215e-06,0.0369494
-0.0042204317,0.08235482
0.0031216545,0.017781857
0.0048158006,0.0036022868
-0.008190526,-0.01768597
0.005419984,0.16614936
-0.014436641,-0.07070854
-0.02158396,0.07730365
-0.0036306186,0.4334497
-0.038449757,0.1532049
-0.030619428,0.36812767
-0.03463022,0.3912672
-0.025363475,0.058012735
0.013780838,0.071688294
0.0082989475,0.06890119
0.0024228222,-0.02701912
0.03211254,-0.22823319
0.024748243,-0.04244955
-0.0056474423,-0.034436423
0.008560668,-0.18746866
0.026677672,0.06428442
0.026397316,-0.037333783
0.016033929,-0.04174624
-0.014450142,-0.021165196
-0.0038564987,0.025448497
-0.012992235,-0.105420075
0.017127654,-0.10888639
-0.013368551,0.045834426
-0.0085041355,0.08734376
0.0039746743,0.023299655
-0.021699578,-0.09824859
-0.008633893,-0.11486615
0.00018864032,0.17595004
-0.005042231,-0.09859949
0.035068564,-0.12723374
0.015140792,-0.12712128
0.005020002,0.13563131
-0.0059673605,0.04656175
0.00018808153,-0.033408437
0.0053271567,0.02318425
-0.010565138,0.0024691725
0.012539528,-0.061258752
-0.014678933,0.01360115
0.017331026,-0.07221749
0.00481443,0.03993456
0.008390753,-0.16744378
0.022165047,-0.05349126
0.00094163,-0.009037697
-0.012817778,-0.01764483
0.00032097846,-0.080676995
0.010961236,0.06279694
-0.0074505773,-0.07156849
0.004095596,-0.0026943162
0.019109905,0.0006476641
0.01323811,0.048039775
0.0054345485,-0.04650735
0.0052800854,0.05482196
0.0052278703,0.036864694
0.015082504,0.0980355
-0.015608922,0.026904767
0.025834413,-0.12200316
0.009098524,0.07132283
-0.016208401,-0.12925476
0.012441795,-0.11213491
0.00913221,0.015589212
0.00886315,-0.007464439
-0.010957716,0.03644951
0.002549434,0.1072233
-0.0006402044,0.013827984
-0.03200599,0.062161647
-0.001730252,0.11022811
-0.008077057,0.03114931
-0.008306449,0.030131891
0.021753842,-0.15973465
0.011201061,-0.10334527
0.00043407595,0.04133253
0.001503071,-0.12623371
0.0110184485,0.022705657
0.015429363,-0.04433376
0.020050464,-0.07106562
0.002759933,0.059083927
-0.0133939665,0.10171182
-0.024407288,0.14328125
-0.019338898,-0.021013893
0.012173703,0.074519604
-0.010257203,0.037709996
-0.013049791,0.086369894
-0.010703377,0.106467284
0.00046232808,0.020498754
0.00508018,0.029200282
-0.027429273,0.17273751
-0.041252896,0.08611934
-0.0013888134,-0.02995589
-0.0075855907,0.07503782
-0.011470352,0.1953018
-0.0046631503,-0.0867124
0.034832563,0.032462057
0.009407128,-0.0418389
0.01997396,-0.008048839
-0.031720877,0.21696049
-0.0011855476,0.13539802
0.0044290796,-0.008212635
0.027180023,-0.06280136
0.010781879,-0.15142597
0.023571929,-0.08555379
-0.011549186,0.07068771
-0.025535319,-0.047691736
0.0215036,0.0039671813
-0.0057546124,0.07989814
0.024653513,0.22353408
-0.030482614,0.010150153
0.029311117,0.04923533
-0.023108307,-0.0993739
-0.01506952,-0.13513657
0.01896565,0.0009556474
-0.014247302,0.026371302
0.005838461,0.046343993
-0.0065066027,0.42122102
-0.0488416,0.212353
-0.010056626,0.9
-0.045737863,0.11846875
0.013734035,-0.2209526
0.027467117,0.040770702
-0.02092874,-0.082256325
0.02788107,-0.0030780414
0.024569802,0.2306794
-0.06946096,0.09191538
0.022301886,0.17489862
-0.03444899,0.50671726
-0.039148286,-0.13972035
0.023667518,-0.35341096
0.02252283,-0.13352977
-0.038366992,0.33408555
-0.03134007,0.15168206
0.0039479174,0.28192946
-0.04069531,-0.08472255
0.019346196,-0.1701355
0.014569204,-0.105765104
-0.03289011,0.07655938
-0.027441882,0.10449327
-0.012782258,0.093908116
0.009539685,-0.11104833
0.008656232,-0.053314533
0.0054919343,0.33735952
-0.034547098,-0.10250207
0.03671965,-0.22275575
0.0020029389,-0.03831742
-0.009952406,0.1464386
0.017280754,-0.22357745
0.027807187,-0.19205798
0.012267237,0.35911617
-0.010274979,0.06269344
0.017072402,-0.15404262
0.0068684523,-0.01981335
0.014778915,-0.20224066
0.011809191,-0.04722852
0.00014982861,-0.32139024
0.0053865863,0.19869694
-0.008943416,0.16218442
-0.002912719,0.06952672
-0.009231941,0.09140402
0.00034591294,0.23999566
-0.027129767,-0.06383557
0.011017271,-0.18550393
0.0016814587,0.07795064
-0.019353623,0.110744335
-0.02691851,0.069832854
-0.012463076,-0.17228423
0.011093374,-0.102949336
0.024963975,0.086464964
0.015473882,0.052682504
-0.012941349,0.20523278
-0.01783894,0.12631066
-0.010485561,0.06852568
0.002614595,0.027690653
0.0034414618,0.022977423
0.0052582677,-0.06456551
-0.0067881267,0.042855084
-0.005915733,0.004669399
-0.015458278,0.25421044
0.0020783676,-0.038359094
-0.00081260223,0.09585569
-0.005364441,-0.041121703
-0.016553072,0.08561858
-0.019472763,0.118579306
0.0021859705,-0.014548594
-0.02721728,0.07399291
-0.0077164853,-0.0026878736
0.0049296306,0.028995814
-0.0017523279,-0.045267828
0.002027779,-0.065049104
0.022962688,-0.11497795
0.01679318,-0.045159608
0.007480909,0.008533489
0.00015203469,-0.026255015
-0.013126247,0.040004686
-0.012048843,0.12091556
-0.0028599584,-0.06025285
-0.013857821,0.15792939
-0.0098615475,-0.0014741615
-0.015363716,0.057886817
0.017677994,-0.10743412
0.014040498,0.0040431162
0.00067844195,-0.039465453
0.0044440506,0.0067759682
0.021967083,-0.021506166
-0.006803142,0.036456537
0.016195828,-0.042341277
0.0064027924,0.058275178
-0.012638312,-0.057101406
0.021492124,-0.102946624
0.000581353,-0.06439956
-0.015619579,0.00389408
-0.019816168,0.02443042
0.005388041,-0.0986695
-0.007809677,-0.028764613
0.033173233,-0.13996644
0.01977287,-0.22023077
0.010162656,0.1531209
0.013354155,0.06777972
-0.0041474532,0.16502282
-0.010605495,0.010201063
0.022851553,-0.030872282
-0.0012212645,0.06464499
-0.008929528,0.14545979
0.001581537,-0.103087924
0.02593802,-0.1812927
-0.0120731,0.0132544385
-0.0002789367,-0.0038079892
-0.008094557,0.041451115
0.034777317,-0.13358812
0.011558478,0.008207764
0.012591227,-0.06526204
-0.0071199997,-0.008936518
0.0013536941,0.07922539
-0.011870444,0.08783014
-0.018849893,0.09776533
0.022118248,0.018021043
-0.0016192205,0.08959231
0.014559267,0.021826936
-0.0164123,0.015258629
-0.008013828,0.055584274
0.012798859,-0.035473317
0.0047061304,-0.009149174
-0.013969084,0.15489908
-0.031649124,0.04609003
-0.009818815,-0.0018123238
-0.01384875,-0.16853875
0.02703426,-0.04399289
-0.020485789,0.015697539
-0.0077042705,-0.06514649
0.0040982077,-0.08246764
0.017016966,-0.0018951639
0.010517545,-0.007316427
0.023517217,0.14305794
-0.026596833,0.07093313
-0.022699492,-0.10134796
-2.449844e-05,-0.071816616
-0.00040627457,-0.32961008
0.02627201,-0.04741598
-0.0077762646,0.00020796877
0.014700803,-0.19307685
0.017991241,-0.13109706
0.013577746,-0.17363273
-0.0039374945,0.10829393
-0.013521061,0.09319754
-0.021516323,0.23797193
-0.036187094,-0.053148776
0.042322006,0.036305815
-0.027742641,0.16724376
-0.016525008,-0.40675214
0.016314447,-0.039169975
0.006040916,-0.04036505
0.0068139425,0.00731399
-0.019424772,-0.118981704
-0.022644969,-0.20507728
0.02289237,0.3067274
0.0067860587,-0.037335295
0.026813399,-0.31963286
0.038725264,-0.15737773
0.006741807,0.043137126
-0.012225262,0.035279762
-0.00035686477,-0.07840658
0.0006863467,0.017218368
0.004487805,0.036094464
-0.007289243,-0.007101128
0.0030463608,-0.16454074
-0.003811299,-0.19761741
0.007977637,0.20764557
-0.0019242873,-0.12897499
0.0056025553,0.1088706
-0.005416691,0.021256119
-0.0045054522,0.15521903
0.0056637404,-0.03922598
0.0011562225,-0.026953442
-0.0037909737,-0.040388707
-0.0069108848,0.11878422
0.00068009156,0.077376924
0.0114289755,0.08105464
-0.013144525,0.034034505
0.0010408186,0.17293786
-0.02349247,0.13814202
-0.024623696,0.07023953
0.025889063,-0.10363638
0.021617135,-0.12804404
-0.009412904,0.31823042
-0.0497112,0.29838783
-0.027746394,0.10434573
-0.010061612,0.17113806
-0.008669004,-0.12308205
0.022813369,-0.37187544
0.03675106,-0.083776444
-0.02625508,0.22081393
0.011416351,-0.049383774
0.004942945,0.00043625303
-0.01322612,0.21797921
-0.024320977,0.4459933
-0.036483295,-0.019874277
0.00900422,-0.14793412
-0.0013786769,-0.12339145
0.010857113,0.2487927
-0.051958367,0.2287011
0.009473395,-0.050192956
-0.012437931,-0.20367013
0.03809969,0.0460553
-0.022378823,0.036032822
0.0113664465,-0.01234999
0.008097754,-0.10322291
0.024105135,0.17256352
-0.02248886,0.057341866
0.017983902,-0.013461993
0.0045268033,0.086612836
-0.0075802687,0.03218461
-0.006864329,0.10149582
0.0107755745,0.23231353
-0.013626847,0.0
-0.009282722,0.0
-0.010347219,0.0
-0.022917401,-0.0077384007
0.016354972,0.0077384007
-0.020566795,0.0
-0.027074415,0.0
-0.01784304,0.0
-0.021394365,0.0
0.008082172,-0.06725003
0.0047677266,-0.14373946
-0.0025857962,0.013342126
-0.016579023,0.04016578
0.0189806,-0.15994808
0.01774542,-0.12839997
0.006109999,-0.037889946
-0.005511779,-0.1997608
0.019667339,-0.102602735
-0.0053234994,0.11317504
7.9605496e-05,-0.35175878
0.013408816,0.2716541
-0.012185737,0.0006880188
0.013019686,-0.06168168
-0.0031258492,0.040992793
0.0099974135,-0.10380882
0.006940061,-0.14334686
0.0043425085,-0.08546925
0.009086338,-0.23606883
0.004303386,0.3596764
-0.032923184,0.08170854
0.0018254997,0.16530077
0.012897263,-0.080629386
0.013810548,0.10400743
0.019242791,-0.1957484
0.0041931164,0.098815955
-0.0042203534,-0.21808566
0.017343467,-0.043672714
0.017421385,-0.29556307
0.021449981,-0.10271298
0.014758166,-0.059772845
-0.0029912689,0.10050402
-0.02497829,0.14833398
-0.002145452,0.02547433
-0.011690929,0.09860435
0.004571963,-0.04076055
0.03165329,-0.17610937
0.013614985,-0.035529792
0.0083589405,0.17552063
-0.0056854836,0.028264586
-0.021003036,0.9
-0.056596905,-0.09988345
0.040224396,0.06280176
-0.019651048,-0.056205776
0.0317542,0.17259781
-0.023243783,-0.009629143
0.027650485,-0.1898599
-0.0002028551,-0.08257412
0.027283927,0.1301373
-0.009731467,0.30694646
-0.022421096,-0.06485504
0.0118782185,0.0020425855
0.0011593415,-0.074614525
0.019914433,-0.034923643
-0.003992926,-0.055015955
0.019305296,0.19914871
-0.015381558,0.0979681
-0.028690193,-0.2205475
0.024567017,-0.45162162
-0.021974543,-0.08399579
0.013620701,0.03667897
0.00036113942,0.30710208
-0.03836354,0.17805414
-0.018903663,0.21882586
-0.020260872,-0.13869803
0.018138709,0.028495524
-0.029038303,0.12570637
-0.027876865,0.0
0.0021735886,0.0
-0.02593781,-0.6992575
0.05777493,-0.1688571
-0.019425936,-0.5270043
0.059960425,-0.17850666
-0.01417951,0.09580301
-0.007972759,0.0120412335
0.018503468,-0.11061482
-0.010428504,-0.005028785
0.019841626,0.029197818
-0.014500855,0.13296276
0.003799343,-0.039770324
0.00895804,-0.14705849
-0.01999247,0.08863237
0.0012853662,-0.14014927
0.01744058,-0.15515341
0.0131025575,-0.08358291
0.0026434204,-0.32534578
0.010223366,-0.05377253
0.00045702304,0.072523855
0.015715972,0.011297856
0.006506291,-0.07726404
-0.0058385422,-0.19907318
0.0014680461,0.0572046
-9.373773e-05,-0.03781204
0.0069153295,0.3896834
-0.0101858275,0.16070043
-0.0051163216,-0.09873659
0.018451883,0.045207914
-0.0056795655,0.26243058
0.0010671818,-0.073478475
0.003323047,0.3785583
-0.027979095,0.1177112
0.025732938,-0.21014175
0.0019727326,0.06206926
-0.02128034,0.4655513
-0.04784376,-0.08082416
0.034390643,-0.15152487
0.0033375258,0.2651534
-0.044327803,0.2935161
-0.042824402,-0.011048569
0.03129976,0.10175135
-0.026591254,0.33784577
-0.035796832,0.004707191
0.022828735,0.028073672
-0.0022655118,-0.07112471
-0.00157132,0.0074434304
-0.019713726,0.02423927
0.016142908,0.20082414
-0.070154935,-0.037155796
-0.07001649,-0.19308311
-0.0016099424,-0.05635109
0.021884058,-0.01851609
-0.057204895,-0.18022586
-0.014720016,0.23022012
0.029145861,-0.09215092
0.080460384,-0.15562166
-0.007348964,0.003798932
-0.03878387,0.3817795
-0.048492663,0.083759874
-0.018316273,-0.042980388
-0.0021359473,0.07652649
-0.065527014,0.0
-0.04931005,-0.05474681
0.029209804,-0.062321264
0.020167427,-0.28058112
0.011214723,-0.030248176
0.021285849,-0.18378395
0.039400183,-0.07705968
-0.020025164,0.07895352
0.0246829,-0.06878156
-0.00248146,0.03157307
-0.022295134,0.08496124
-0.015920226,0.19226101
0.017150454,-0.1734458
0.027418107,-0.13700117
-0.00012975815,0.19865373
-0.028389515,-0.09919114
0.010729708,-0.14950827
0.0009978584,0.037286352
0.01409392,-0.26127246
0.023169633,-0.015324877
-0.002550223,-0.12547298
-0.009784792,-0.18248107
-0.008124705,-0.107118756
-0.004169187,0.039616324
-0.0032717884,-0.016471082
-0.0117739,0.041455623
-0.01627749,-0.10803944
0.0029131088,-0.09479324
0.0074431547,-0.079515554
0.00087664276,0.11288882
0.017486317,-0.12015893
0.029162548,-0.24874562
0.0033348189,0.016416654
0.0070900237,0.007868148
-0.021799285,0.052047633
0.014718909,-0.26862514
0.014791062,-0.021094328
0.030107643,-0.12957022
0.017722638,0.040164597
0.006984984,0.05407315
0.014244602,-0.0016296196
0.005498634,0.032892793
-0.008101632,0.082970366
-0.018986369,0.22089158
-0.011405257,0.0651615
0.0014125726,0.03393172
0.007634813,-0.078385524
-0.0005660916,-0.08378616
0.012905683,-0.09121951
-0.002793203,-0.17352754
-0.0028099292,0.027117966
0.009798148,-0.083522685
0.002504572,0.091066934
0.0039067944,0.12097599
-0.015164726,-0.0010374311
0.019341284,-0.32847148
0.015451628,-0.04857106
0.008432953,-0.057494864
0.0077107297,0.19742659
-0.0033349395,-0.04890846
0.00795435,-0.091742024
-0.01035909,0.048651904
-0.010271154,0.13661805
0.017522343,-0.041646145
0.0021027862,0.13263378
-0.0012074034,0.0014827574
-0.017297123,0.0012676116
0.0015314361,-0.021771617
0.0206336,0.04340756
-0.0026093423,-0.120658845
0.017904066,-0.026262179
0.018003058,-0.037703738
-0.009963053,0.08562453
0.0016245071,-0.25717974
0.0024312413,-0.13453206
-0.008884609,0.35613537
-0.011800986,0.13814418
-0.022978472,-0.22217625
0.019149778,-0.08118348
-0.021376684,0.007297354
-0.012781953,0.13979882
0.019383691,-0.03974573
-0.0023791245,-0.026312202
-0.008237291,-0.07863837
0.006222955,-0.17365284
0.013102626,-0.051749412
-0.023463612,-0.03886059
-0.008010737,-0.019989563
0.0079563325,-0.16035292
0.02956079,-0.18413763
0.00489988,-0.33054316
0.008497722,0.011176131
-0.014176623,-0.18887308
0.01720383,-0.06609434
-0.008900536,0.15190293
0.005013765,-0.12991261
0.0028160699,-0.14398892
0.0049955873,-0.21906239
0.01604199,0.00512874
