mask1_sp500,mask1_DGS10,mask2_sp500,mask2_DGS10,mask3_sp500,mask3_DGS10,mask4_sp500,mask4_DGS10,mask5_sp500,mask5_DGS10,mask6_sp500,mask6_DGS10,mask7_sp500,mask7_DGS10,mask8_sp500,mask8_DGS10,mask9_sp500,mask9_DGS10,mask10_sp500,mask10_DGS10,mask11_sp500,mask11_DGS10,mask12_sp500,mask12_DGS10,mask13_sp500,mask13_DGS10,mask14_sp500,mask14_DGS10
0.032525,0.050000,-0.009959,0.020000,0.001368,0.040000,0.008379,-0.040000,0.015190,-0.010000,-0.001199,-0.040000,-0.012381,0.040000,-0.021242,-0.020000,0.000135,0.020000,0.007879,0.050000,0.012419,0.010000,0.018232,0.040134,0.025317,0.010000,0.002369,-0.008285
-0.008845,0.240000,-0.014906,0.000000,0.007923,0.110000,-0.007060,-0.080000,-0.013777,-0.000000,0.001228,-0.050000,-0.026682,-0.020000,-0.015402,0.020000,-0.002086,-0.030000,-0.002301,-0.030000,-0.014552,0.010000,0.008621,0.072327,-0.006361,-0.000000,-0.002681,0.013688
0.012014,-0.040000,-0.001861,0.020000,0.001001,-0.010000,0.003533,0.010000,0.014683,-0.000000,-0.006085,0.030000,0.008140,-0.010000,-0.023350,-0.000000,-0.003657,0.010000,-0.002085,0.030000,-0.008072,-0.000000,0.020238,0.025464,-0.007229,-0.000000,-0.004029,0.044698
-0.087287,-0.140000,0.012141,-0.020000,0.003894,0.050000,-0.002803,0.020000,-0.032093,-0.020000,0.002220,0.010000,0.025690,-0.030000,-0.057897,0.000000,0.014442,0.060000,-0.009327,-0.140000,0.002210,0.030000,-0.012411,0.007017,-0.006366,-0.010000,0.002692,-0.061448
-0.023276,-0.080000,-0.042564,-0.010000,0.001328,0.030000,0.004902,0.040000,0.016317,-0.010000,-0.000517,0.000000,-0.005965,0.040000,-0.021643,0.010000,-0.009304,-0.000000,-0.007694,-0.050000,-0.003288,-0.010000,0.000883,-0.004290,0.011380,-0.010000,0.002048,0.000488
-0.019098,-0.000000,0.035095,-0.000000,-0.000234,0.020000,0.006655,-0.020000,-0.019136,0.020000,0.001940,0.030000,-0.008590,-0.050000,0.001594,0.010000,0.005999,0.040000,-0.010818,-0.060000,-0.002586,0.030000,-0.009720,-0.087613,-0.010289,-0.010000,0.009512,-0.023231
-0.049522,0.120000,0.013265,-0.010000,0.004842,0.060000,-0.002855,-0.020000,-0.007254,-0.000000,0.006340,0.050000,-0.018988,-0.050000,0.043607,0.010000,-0.003113,-0.000000,-0.023410,-0.150000,0.005291,0.000000,-0.001051,-0.032647,0.013127,-0.010000,-0.017745,0.081399
0.025670,0.010000,0.019564,-0.000000,-0.004179,0.090000,0.006976,0.020000,0.034710,-0.010000,0.004853,0.030000,0.024864,-0.030000,-0.038655,-0.000000,0.005182,-0.020000,0.002674,0.010000,0.004696,0.020000,0.002064,0.002471,0.015454,-0.000000,0.012326,0.072358
-0.016558,0.000000,0.016425,-0.000000,-0.002317,0.070000,-0.001515,-0.030000,-0.009636,0.000000,0.000818,-0.020000,0.046974,-0.030000,0.009565,0.010000,-0.006659,-0.020000,0.028098,0.170000,-0.017204,-0.000000,-0.008987,-0.012603,-0.002353,-0.010000,-0.005854,0.017080
-0.088640,-0.060000,0.020681,0.030000,0.002123,-0.020000,0.001870,-0.030000,0.014252,0.010000,-0.000894,0.040000,0.002456,-0.060000,0.019102,-0.010000,0.002624,0.010000,0.000242,-0.040000,-0.018990,-0.000000,0.011715,0.012392,0.000593,-0.000000,0.018558,-0.139855
0.067119,0.020000,0.009383,-0.010000,0.004777,-0.010000,0.008367,0.020000,0.011753,0.020000,-0.002971,-0.040000,-0.004760,-0.020000,0.023192,0.010000,-0.010957,-0.000000,-0.002397,0.030000,-0.002984,0.010000,-0.007026,-0.010412,-0.013898,0.020000,0.005184,-0.049212
0.013493,0.020000,0.008101,-0.010000,-0.001229,-0.010000,0.003862,0.030000,-0.006383,0.000000,0.002895,0.030000,0.025775,-0.050000,-0.000402,-0.010000,0.010517,-0.020000,0.012151,0.040000,0.018610,-0.010000,-0.005129,-0.031285,-0.031127,0.010000,-0.005075,0.122767
0.014565,-0.170000,0.009163,-0.010000,0.006228,0.000000,-0.002652,-0.060000,0.022053,0.010000,-0.005278,-0.020000,0.005031,0.010000,0.012280,-0.020000,0.008234,0.010000,-0.003942,-0.080000,0.000540,0.000000,0.006065,0.064204,0.020360,-0.020000,0.000839,-0.047344
0.014349,0.170000,-0.020987,0.000000,0.001604,-0.010000,0.000289,-0.010000,-0.008302,-0.000000,0.003542,0.050000,0.019397,-0.050000,-0.004532,-0.010000,-0.000657,-0.010000,0.008242,0.000000,-0.023759,-0.010000,-0.000600,-0.004898,-0.022233,0.010000,-0.005104,0.011576
0.001112,0.070000,-0.019718,-0.010000,-0.001016,0.080000,0.001141,-0.030000,-0.046588,0.030000,0.008501,0.000000,0.001031,0.110000,-0.041454,0.020000,-0.010078,-0.030000,0.003048,-0.070000,-0.006516,0.010000,0.003338,-0.098160,0.002323,-0.000000,0.002803,0.073226
-0.049260,-0.100000,-0.025063,-0.020000,-0.006572,0.010000,-0.009042,-0.040000,-0.001348,-0.010000,-0.011270,0.060000,-0.002849,0.000000,0.037074,0.010000,-0.000175,-0.030000,-0.013681,0.040000,-0.011423,-0.000000,-0.009930,-0.038553,-0.021962,-0.010000,0.004280,-0.086064
0.046941,-0.050000,-0.009900,-0.000000,-0.006468,0.070000,-0.015731,-0.090000,-0.039836,-0.010000,-0.001208,0.010000,-0.009768,-0.030000,0.024626,0.000000,0.007238,0.020000,-0.018545,0.100000,0.024731,0.010000,-0.005881,-0.019051,-0.021597,-0.010000,0.018272,0.032164
-0.025451,-0.000000,0.006950,-0.010000,0.004887,0.100000,0.010054,0.040000,-0.002464,-0.020000,-0.001097,0.020000,0.001689,0.010000,-0.026482,-0.000000,-0.002580,0.030000,-0.012135,-0.020000,0.031256,-0.010000,0.004179,-0.022786,-0.029480,0.000000,0.002042,-0.032012
0.005150,0.050000,-0.000958,-0.000000,-0.000279,0.010000,-0.000867,-0.050000,0.007332,0.000000,0.005772,-0.020000,-0.013245,-0.120000,-0.001092,-0.010000,0.001953,0.020000,-0.015795,0.010000,-0.009691,0.010000,-0.002704,0.021486,-0.015234,0.000000,0.002897,-0.111676
0.020342,-0.420000,-0.028965,-0.010000,-0.005254,0.020000,0.003134,-0.030000,-0.010450,0.000000,0.006593,-0.050000,0.007375,-0.040000,0.017762,-0.010000,0.001775,-0.000000,-0.014345,0.050000,-0.009180,0.010000,0.011354,-0.012208,-0.048479,-0.000000,0.010459,0.066515
0.028922,0.080000,0.013904,0.010000,-0.003390,-0.030000,-0.017706,-0.060000,-0.003650,0.010000,0.005354,0.010000,0.003618,-0.030000,0.002047,-0.010000,-0.000315,0.040000,0.022948,0.020000,0.005920,0.020000,0.002818,0.020128,-0.007393,0.010000,0.000365,-0.121562
-0.039660,-0.070000,-0.017192,-0.010000,-0.004981,-0.030000,0.007255,0.030000,-0.010310,-0.020000,0.001694,-0.010000,-0.006854,-0.090000,-0.001651,0.010000,-0.012980,0.020000,0.003494,0.010000,-0.018349,-0.010000,-0.003929,0.009212,0.025924,-0.010000,-0.016187,-0.072573
0.021743,-0.010000,0.015319,-0.000000,0.002612,0.040000,0.014980,0.070000,0.014370,-0.020000,-0.000967,-0.020000,-0.003881,0.010000,0.003824,0.010000,-0.010715,-0.010000,-0.031703,-0.110000,0.003922,0.000000,0.004349,-0.008432,-0.007984,0.010000,-0.014648,0.030804
0.008532,-0.220000,-0.006504,0.020000,0.002612,0.090000,0.011251,0.050000,0.000790,0.010000,0.000698,-0.040000,0.008626,0.040000,-0.011575,-0.000000,0.000977,-0.040000,-0.016953,-0.060000,-0.017860,0.010000,-0.000533,-0.003471,0.017555,-0.010000,0.000229,0.037527
0.029237,0.070000,-0.000206,-0.000000,-0.001993,0.120000,0.003326,-0.010000,0.001173,-0.010000,0.001395,-0.030000,0.011454,-0.080000,0.034631,-0.000000,-0.002590,0.000000,0.028807,0.040000,0.008005,0.040000,-0.011007,-0.107190,0.009542,-0.030000,0.005464,0.044699
0.001712,-0.070000,0.024993,-0.010000,-0.004921,0.020000,-0.005401,-0.060000,-0.009818,0.010000,-0.001179,-0.010000,-0.006544,-0.050000,-0.010843,0.010000,0.005095,-0.000000,0.006664,-0.030000,0.011753,-0.010000,-0.008229,-0.016518,0.021363,-0.030000,0.005889,0.007212
-0.024025,-0.040000,-0.021590,0.000000,-0.014842,0.080000,0.007326,-0.030000,-0.030923,0.000000,-0.007077,0.060000,-0.002240,0.080000,-0.005250,-0.000000,-0.001763,0.040000,-0.007251,0.060000,0.016295,0.010000,0.004091,0.040481,-0.027822,0.030000,0.017234,-0.079911
-0.006630,0.100000,0.012756,-0.000000,0.001544,0.080000,0.001688,0.030000,0.000742,-0.000000,-0.003261,0.010000,-0.022567,0.090000,0.002616,0.010000,-0.008153,0.010000,0.011909,0.040000,0.034054,-0.000000,0.012987,-0.004807,0.015727,0.000000,-0.022749,0.036107
-0.004641,-0.190000,0.019942,-0.010000,0.002431,-0.050000,0.006463,0.030000,0.014931,0.010000,0.007597,0.020000,-0.017692,-0.030000,-0.035112,-0.020000,0.000164,-0.010000,0.008877,0.080000,0.014086,0.000000,0.002673,-0.081724,-0.010657,0.000000,-0.035481,-0.108661
-0.043650,-0.110000,0.005176,0.000000,0.002618,-0.110000,-0.001630,-0.010000,0.001420,-0.020000,0.007644,-0.080000,-0.057647,-0.090000,0.021497,-0.000000,-0.005783,-0.020000,-0.018798,0.080000,0.001349,0.010000,-0.013487,-0.031626,-0.001211,-0.010000,0.007358,0.022746
-0.048924,-0.060000,-0.009071,0.000000,-0.002935,0.040000,0.001844,-0.020000,0.020100,0.010000,0.001038,-0.040000,0.033741,0.160000,-0.040109,-0.010000,0.005278,0.040000,-0.028826,-0.080000,0.014356,0.000000,0.002914,0.045604,-0.025671,0.020000,0.002101,0.068486
-0.040303,-0.160000,0.006973,-0.010000,-0.008574,-0.040000,-0.002920,-0.040000,0.003760,0.040000,-0.000872,-0.010000,0.028103,0.040000,0.001551,-0.010000,0.001102,0.020000,-0.010661,0.010000,0.008785,-0.010000,0.004648,-0.044976,-0.066213,0.000000,0.002597,0.110825
0.006496,0.080000,0.015464,-0.010000,-0.006421,-0.050000,0.004706,0.010000,-0.016781,-0.020000,0.002844,-0.010000,-0.010377,-0.060000,0.027988,-0.010000,0.005850,-0.020000,-0.004721,0.030000,-0.007171,-0.000000,-0.004928,-0.097035,0.128655,0.020000,0.008243,0.062616
-0.090275,-0.030000,0.015603,-0.010000,0.001161,-0.070000,-0.003816,-0.040000,-0.027691,0.020000,-0.001404,0.010000,0.005135,-0.000000,0.008076,-0.010000,0.007736,-0.040000,0.000916,-0.010000,0.008644,-0.000000,-0.004853,-0.015342,-0.041113,0.000000,0.004133,-0.031388
0.034956,0.040000,0.004190,-0.010000,-0.001895,-0.020000,-0.010518,-0.060000,0.039862,-0.040000,-0.000858,0.040000,-0.004570,0.010000,-0.029312,0.020000,-0.004954,-0.000000,0.015744,-0.010000,-0.012537,0.010000,-0.001131,-0.008886,0.038857,-0.040000,0.006235,-0.046368
0.049457,-0.180000,0.005247,-0.010000,0.002197,0.030000,-0.033514,-0.080000,0.027408,-0.010000,-0.003564,-0.050000,0.033031,0.130000,-0.026952,-0.030000,-0.003004,0.020000,0.001499,-0.040000,-0.012970,-0.000000,0.003697,-0.012402,-0.023740,0.050000,0.015331,0.005555
-0.052890,-0.010000,-0.009158,-0.020000,0.005555,-0.020000,-0.030280,-0.050000,-0.021212,-0.030000,-0.001254,-0.050000,-0.013899,0.000000,-0.015475,0.020000,-0.004943,0.030000,0.007057,-0.020000,0.006075,0.000000,0.001685,-0.038477,-0.023966,0.010000,0.007493,0.058766
-0.069868,-0.090000,0.010344,-0.000000,0.007563,-0.120000,-0.003779,0.000000,0.014509,0.000000,-0.034725,-0.130000,0.002410,0.090000,0.005101,0.030000,-0.004202,0.010000,0.009638,-0.060000,0.004227,0.020000,-0.001721,0.015129,-0.072982,0.000000,0.012565,-0.028646
-0.058719,-0.000000,-0.010120,-0.030000,0.000717,-0.050000,-0.044163,-0.030000,0.015630,0.030000,0.005561,0.060000,-0.010286,0.010000,-0.039511,0.010000,-0.004781,0.020000,0.001841,0.090000,0.003359,0.000000,-0.002000,-0.042889,-0.051018,-0.000000,-0.023043,0.055140
-0.025605,0.240000,-0.008768,0.010000,0.002792,0.070000,-0.008238,-0.170000,0.011601,0.000000,-0.002595,0.000000,0.011543,0.070000,-0.031093,-0.030000,-0.007166,0.040000,0.014139,-0.080000,0.003722,-0.010000,-0.003965,-0.023093,0.003740,0.010000,-0.014477,-0.013581
-0.038087,-0.060000,-0.004379,-0.020000,-0.002098,0.080000,0.046039,-0.030000,-0.002813,0.000000,-0.011403,-0.040000,-0.016653,0.030000,-0.006331,0.010000,0.007355,0.060000,-0.009249,-0.040000,0.010890,-0.010000,-0.007105,-0.020116,-0.060506,-0.010000,-0.000366,-0.000253
0.007550,-0.150000,0.002720,-0.030000,-0.007707,0.040000,-0.028108,-0.080000,-0.030166,-0.000000,-0.009408,-0.010000,-0.024031,0.080000,0.008563,0.000000,-0.010960,-0.030000,-0.007043,0.120000,-0.007269,0.000000,-0.003210,-0.007496,0.007565,0.010000,-0.013417,0.008826
0.010137,0.110000,0.004407,-0.010000,-0.000301,0.060000,0.042203,0.000000,-0.028208,0.000000,0.015494,0.020000,-0.002864,0.060000,-0.003211,-0.010000,0.006997,0.020000,-0.012184,-0.050000,-0.008642,0.010000,0.010090,0.013926,-0.070431,0.020000,0.002345,-0.148548
0.059186,0.030000,-0.005684,-0.010000,0.003469,0.040000,-0.033922,-0.100000,-0.015852,0.030000,-0.002465,-0.030000,0.018461,0.060000,0.040538,0.020000,-0.002376,0.050000,0.001217,0.010000,-0.014006,0.000000,-0.001873,-0.027891,0.034154,0.010000,-0.003164,0.014796
0.022669,0.110000,0.003398,-0.000000,0.004230,0.020000,-0.017054,-0.180000,0.011174,-0.050000,0.007127,0.010000,-0.006432,0.060000,0.005999,-0.000000,0.001915,0.020000,-0.001380,-0.000000,-0.011140,-0.030000,-0.001088,-0.026661,-0.091267,-0.000000,0.003506,0.128642
-0.071714,0.080000,-0.003362,0.000000,-0.008246,0.130000,-0.075970,-0.200000,-0.005448,-0.030000,0.000678,0.080000,-0.007939,-0.040000,-0.031352,0.010000,-0.007823,0.000000,0.001755,0.040000,-0.008058,0.000000,0.002386,-0.035904,-0.102596,0.050000,0.014635,-0.040184
0.043028,0.070000,-0.004994,-0.010000,0.000858,0.100000,0.049396,0.220000,0.001170,0.010000,0.002680,-0.030000,-0.021413,-0.050000,0.009121,-0.020000,-0.002912,-0.030000,-0.002713,0.060000,-0.028019,0.010000,0.001766,0.014526,0.007875,-0.030000,-0.003824,-0.022441
0.078383,0.070000,-0.013481,-0.010000,0.001955,-0.050000,-0.048868,0.060000,0.001556,0.050000,-0.020368,-0.060000,0.018022,-0.040000,-0.014611,-0.030000,-0.007356,-0.010000,0.020751,-0.020000,-0.024313,0.020000,-0.000428,0.066783,-0.042760,0.020000,-0.013198,0.053315
-0.020735,0.090000,-0.016874,0.020000,-0.000318,-0.000000,-0.095113,0.060000,-0.018582,-0.050000,0.006691,0.030000,0.009576,0.080000,-0.008780,-0.000000,-0.000476,-0.010000,-0.001450,-0.030000,0.002513,-0.010000,-0.003713,0.000035,-0.011644,-0.020000,-0.000882,-0.042201
-0.005193,0.010000,-0.017843,-0.010000,-0.015393,-0.100000,0.092871,0.060000,-0.013199,0.010000,0.003684,0.010000,0.021680,-0.040000,0.045746,0.020000,0.002558,-0.020000,-0.004971,0.030000,0.009549,-0.010000,-0.015289,0.023346,0.004564,0.050000,0.009746,-0.016387
0.061558,0.060000,0.027938,0.010000,-0.011050,-0.050000,-0.119841,-0.210000,-0.015250,0.030000,-0.003828,0.010000,0.009267,-0.040000,-0.004986,-0.010000,0.011440,0.020000,-0.002504,-0.060000,-0.003162,0.010000,-0.015976,-0.013142,-0.076646,0.000000,-0.009916,0.002277
-0.034968,-0.040000,0.004133,-0.000000,-0.002824,0.090000,0.059955,0.290000,-0.020894,0.000000,0.010894,0.030000,-0.013763,0.050000,-0.020298,-0.010000,0.010056,-0.070000,-0.004321,0.010000,0.012188,-0.000000,-0.008128,-0.026475,0.015208,0.050000,-0.005860,0.061530
0.000140,0.110000,0.017538,-0.060000,0.008387,-0.010000,-0.051831,0.160000,-0.024054,0.000000,0.006334,-0.020000,-0.007567,0.070000,-0.051597,-0.020000,0.000013,0.070000,0.003579,-0.030000,-0.038056,-0.000000,0.006176,-0.006076,0.029647,-0.030000,0.024069,0.014185
0.030364,-0.110000,-0.017903,-0.010000,-0.003035,-0.000000,0.004708,-0.060000,-0.008524,-0.000000,0.017081,-0.030000,-0.021077,-0.050000,0.023734,-0.020000,-0.006806,-0.020000,-0.006440,0.040000,-0.017329,-0.010000,0.008782,0.053771,-0.059323,0.030000,0.000409,-0.005515
0.000437,-0.070000,-0.008235,-0.010000,-0.001285,0.010000,-0.043360,-0.200000,0.010003,-0.010000,-0.000348,0.070000,-0.003846,-0.080000,0.029514,0.020000,-0.007340,0.040000,-0.002568,0.040000,0.006826,0.010000,-0.000839,-0.005016,-0.025126,-0.000000,-0.001511,0.054707
-0.049803,0.010000,0.014000,0.000000,-0.002710,0.020000,-0.029294,-0.160000,-0.028114,-0.040000,0.001094,0.020000,-0.019737,0.020000,-0.034618,0.020000,0.010033,0.050000,0.005378,-0.090000,0.009102,0.010000,0.000267,0.020157,-0.050367,0.000000,0.002789,-0.073872
-0.032827,-0.090000,-0.007720,0.000000,0.011016,0.030000,0.093828,0.080000,-0.009231,0.010000,0.000968,-0.020000,0.019155,0.010000,0.015009,0.030000,0.010375,-0.000000,0.004904,-0.050000,0.004100,0.010000,0.006910,0.147092,-0.027603,-0.040000,0.008896,-0.001905
-0.000997,-0.090000,-0.015445,-0.040000,-0.001310,0.030000,0.011535,0.040000,0.038019,-0.010000,-0.006184,0.020000,-0.011763,-0.070000,0.008262,0.040000,0.004607,-0.000000,0.013009,-0.120000,-0.014528,-0.000000,0.015146,-0.016436,0.019855,0.020000,0.011229,-0.057734
0.034331,0.250000,-0.044148,-0.000000,0.010899,-0.010000,0.062414,-0.050000,0.007591,0.020000,-0.007966,0.000000,-0.004372,-0.070000,-0.021971,0.020000,0.001888,-0.010000,0.007497,0.010000,-0.011709,-0.000000,-0.001970,-0.004566,0.000306,0.000000,0.020447,0.098339
-0.026632,0.040000,0.029780,-0.010000,-0.000147,-0.000000,-0.033687,-0.110000,0.006081,0.050000,0.003740,0.020000,0.031963,0.050000,0.038425,0.030000,0.000372,0.030000,-0.006547,0.040000,0.009277,-0.020000,-0.006293,0.029116,-0.047798,-0.010000,-0.018961,-0.019665
0.027415,0.030000,-0.012642,0.010000,-0.000581,-0.010000,0.033516,-0.020000,-0.028436,0.020000,-0.001174,0.010000,-0.002064,-0.080000,-0.033509,-0.020000,0.003312,0.050000,-0.002124,0.010000,-0.023015,0.000000,0.015908,0.009800,0.038320,-0.020000,0.008286,-0.111526
-0.017211,-0.150000,0.015818,-0.030000,0.002679,-0.020000,-0.016013,0.000000,-0.015947,-0.030000,0.002597,0.000000,0.019866,-0.080000,-0.032363,0.030000,0.006863,-0.020000,0.001451,-0.040000,0.001109,-0.010000,-0.012782,-0.042389,-0.051195,0.040000,-0.002073,0.060326
0.011657,0.070000,0.005401,0.010000,0.003191,0.010000,-0.044142,-0.080000,-0.006736,-0.000000,0.009280,0.020000,0.021929,-0.040000,-0.024897,0.020000,0.002821,0.070000,0.009268,-0.120000,-0.008995,0.010000,0.002363,0.021047,-0.004626,0.010000,0.014235,-0.173201
0.022385,-0.090000,0.019252,0.020000,0.003698,0.010000,0.022829,0.010000,-0.005928,-0.000000,0.001113,-0.010000,-0.007757,-0.030000,-0.044093,-0.000000,-0.010783,-0.040000,-0.005039,-0.070000,-0.053381,-0.010000,0.022676,0.079758,-0.023098,0.010000,0.005768,-0.032760
-0.081392,-0.020000,-0.010801,0.000000,0.001267,-0.080000,-0.015137,-0.010000,0.018741,-0.010000,0.003050,0.020000,-0.007650,0.020000,-0.132757,-0.010000,-0.008802,-0.000000,-0.006308,-0.070000,0.008839,-0.010000,0.010521,-0.036456,-0.060407,0.040000,-0.007126,0.047565
0.008997,0.210000,0.013346,0.010000,-0.012833,0.010000,0.070331,0.050000,-0.053360,0.020000,0.000589,0.070000,0.009367,-0.010000,0.082875,-0.010000,0.001796,-0.000000,0.000821,-0.110000,-0.066505,-0.020000,-0.014383,-0.008904,0.069519,0.030000,0.005719,-0.052344
-0.013643,0.260000,-0.006642,0.000000,-0.002861,-0.010000,-0.001603,0.080000,-0.008923,0.010000,0.002617,-0.020000,-0.005891,0.010000,-0.014500,0.030000,0.007966,0.020000,0.001401,0.070000,0.024309,-0.010000,0.013983,-0.021179,-0.004871,-0.010000,0.004586,-0.072079
-0.028909,-0.120000,-0.010395,0.000000,0.000740,-0.010000,0.034056,0.020000,-0.018951,-0.040000,-0.006573,0.010000,-0.003388,-0.000000,0.034146,0.020000,0.002717,0.010000,0.018271,-0.110000,0.011055,0.010000,-0.008687,-0.061877,0.047880,-0.030000,0.021446,-0.034473
-0.006809,0.060000,-0.016166,0.030000,-0.001773,0.070000,0.014487,-0.040000,0.014971,0.010000,0.006206,0.000000,-0.007493,-0.040000,-0.020257,-0.020000,0.002498,-0.110000,0.005470,0.000000,0.001283,-0.000000,-0.007210,0.021679,-0.033446,0.020000,-0.015752,0.095044
0.033098,-0.040000,-0.002117,0.020000,-0.001597,0.050000,-0.010105,0.030000,-0.008561,-0.030000,0.003488,0.020000,0.016913,0.030000,-0.005231,-0.010000,-0.000651,0.020000,-0.000225,0.140000,-0.017166,0.000000,0.007438,0.086246,-0.016538,-0.020000,0.007628,0.141918
-0.013076,-0.020000,0.003937,-0.020000,0.003747,-0.010000,0.030573,0.000000,0.010869,0.070000,0.010655,-0.020000,0.000375,-0.060000,-0.004021,0.010000,0.011217,0.010000,-0.000491,0.020000,0.004737,0.010000,-0.006915,-0.054970,-0.000083,0.020000,0.006321,0.127189
-0.003808,-0.040000,0.001432,0.000000,-0.000101,-0.000000,-0.022030,-0.130000,0.011517,0.050000,0.002145,-0.050000,0.006010,-0.010000,-0.003286,-0.010000,-0.003098,-0.020000,0.005616,-0.090000,-0.039508,-0.010000,-0.011757,-0.043475,-0.021828,0.010000,-0.010537,-0.073106
0.019545,-0.090000,-0.033341,0.000000,-0.001565,0.090000,0.005817,-0.020000,0.046822,0.020000,0.000693,-0.030000,-0.009766,-0.060000,0.010819,-0.000000,0.014371,0.000000,0.009787,0.150000,-0.044642,0.030000,-0.014861,-0.058296,-0.023906,-0.020000,0.003355,0.063940
-0.006575,0.050000,-0.008269,0.000000,-0.001741,0.050000,0.026794,0.040000,0.022061,-0.010000,-0.001202,0.020000,0.015330,0.010000,0.007932,0.020000,0.005997,0.000000,-0.014699,0.060000,-0.030737,0.000000,0.001918,-0.035951,0.041264,-0.010000,0.007657,0.012273
0.044831,-0.100000,0.024835,-0.050000,-0.007724,0.020000,-0.017881,-0.020000,-0.016466,-0.010000,0.009261,0.000000,-0.008198,0.010000,0.017001,0.030000,0.014942,0.010000,-0.001468,0.060000,-0.061964,0.010000,-0.001760,0.006380,-0.027717,-0.020000,-0.003722,-0.101535
-0.014499,-0.050000,0.060918,0.000000,-0.003501,0.050000,-0.030675,-0.050000,-0.004283,-0.010000,-0.002304,-0.020000,0.001734,0.080000,0.030532,-0.010000,0.006645,-0.050000,0.009314,-0.030000,0.006716,-0.030000,-0.010904,-0.111798,0.046110,0.010000,0.000610,0.075662
0.004503,0.050000,0.003603,-0.010000,-0.007330,0.040000,0.022930,0.050000,-0.016166,0.030000,-0.000351,-0.030000,-0.018008,-0.000000,-0.032240,-0.030000,-0.011559,0.030000,-0.003080,-0.070000,-0.002151,-0.020000,-0.004552,0.012781,-0.012496,0.010000,0.009258,-0.105282
0.036797,0.050000,-0.013873,-0.000000,-0.010691,-0.070000,-0.000539,-0.020000,0.015836,0.020000,0.010139,0.030000,-0.008588,0.080000,-0.040661,-0.000000,-0.001648,0.010000,0.002601,0.020000,-0.015414,0.000000,0.014995,0.040973,-0.036342,0.020000,-0.006291,0.186053
0.000516,-0.130000,-0.018891,-0.010000,-0.004876,-0.030000,0.013918,-0.010000,-0.086816,-0.000000,-0.000782,0.030000,0.008700,-0.080000,0.009709,-0.010000,0.004530,0.080000,0.002606,0.020000,0.018689,-0.010000,0.004023,0.089412,0.006839,-0.000000,0.010105,0.030543
-0.005220,-0.100000,0.009044,0.010000,0.003996,0.010000,0.014714,0.070000,-0.047434,-0.030000,-0.000120,0.020000,-0.004019,-0.000000,-0.007368,-0.010000,-0.004622,0.010000,-0.006500,-0.050000,-0.026421,-0.010000,0.005426,0.018416,0.046873,-0.030000,-0.000988,0.213746
-0.011931,0.190000,-0.014581,0.010000,-0.015184,0.050000,-0.005242,-0.050000,0.024005,0.010000,-0.007831,-0.080000,0.001037,0.000000,-0.012711,0.010000,0.002473,-0.010000,0.000094,0.010000,0.012103,0.040000,0.006610,0.065864,0.044787,-0.010000,-0.007068,-0.063018
0.031952,-0.080000,0.012652,-0.030000,-0.006516,-0.020000,0.026584,0.010000,-0.007366,0.030000,0.002651,0.010000,-0.010064,-0.070000,-0.015255,-0.030000,0.005852,-0.010000,0.001605,0.020000,-0.001015,0.000000,-0.006898,-0.001742,-0.016683,0.030000,0.003113,0.233080
0.001762,0.140000,0.007813,-0.010000,0.001828,-0.030000,-0.009212,0.010000,-0.023450,0.040000,0.006472,0.010000,0.008723,-0.000000,-0.001265,-0.040000,0.000383,-0.020000,0.007995,-0.160000,-0.025394,0.020000,0.005338,0.089648,-0.019603,0.010000,0.010178,0.019612
-0.012195,-0.160000,-0.005985,-0.010000,0.001731,-0.000000,-0.028059,0.000000,-0.010243,0.030000,0.004325,0.030000,0.011615,-0.030000,-0.000633,-0.020000,0.015475,0.010000,0.000818,-0.000000,0.018195,-0.030000,-0.010086,-0.032411,0.018540,-0.040000,0.012489,0.008704
0.012316,-0.010000,-0.009630,-0.040000,-0.007632,0.020000,0.004250,0.000000,0.002743,-0.010000,0.002150,-0.030000,-0.015564,-0.010000,0.008042,-0.010000,0.014378,0.050000,0.008580,0.070000,0.045769,-0.020000,-0.011174,0.006339,-0.016359,-0.030000,0.015583,-0.022145
0.046126,0.100000,0.002461,-0.010000,0.000209,0.010000,0.009041,0.020000,0.050399,-0.010000,0.002564,-0.010000,0.007128,0.060000,-0.005627,-0.020000,0.002704,0.040000,0.009676,-0.040000,-0.038682,-0.010000,-0.000327,-0.015857,0.016591,0.010000,0.002298,0.002301
0.021365,0.080000,0.010199,-0.000000,0.011929,-0.030000,-0.006979,0.060000,0.017927,-0.030000,-0.001166,-0.010000,0.016036,-0.050000,-0.003678,0.000000,0.003716,-0.000000,-0.002739,-0.010000,-0.041080,0.000000,-0.005914,-0.037529,-0.034769,0.040000,0.004995,0.131991
0.032575,0.080000,0.001190,0.050000,0.014094,-0.060000,0.011505,-0.090000,-0.025113,0.000000,0.003223,0.040000,-0.003804,0.020000,0.003926,-0.040000,-0.007101,0.060000,0.005932,0.020000,0.021999,-0.020000,0.002859,0.011141,0.017160,0.010000,0.013548,0.039278
-0.058295,-0.000000,0.037936,0.020000,-0.003245,-0.120000,0.016872,0.060000,0.008853,0.060000,-0.013956,-0.020000,0.003924,0.020000,0.003445,0.010000,-0.001644,-0.010000,0.008780,0.010000,0.013681,0.000000,0.014000,0.045458,-0.030466,-0.020000,0.004379,-0.021439
-0.038107,-0.120000,-0.002241,-0.020000,0.032252,-0.270000,0.000133,0.040000,0.004864,0.060000,0.009641,0.020000,0.007152,0.020000,0.007851,-0.010000,0.001371,0.040000,0.011729,-0.050000,0.006833,-0.010000,-0.003523,-0.026624,0.039576,-0.030000,-0.001561,0.015125
0.007390,0.100000,0.002552,0.000000,0.012308,-0.110000,-0.020500,-0.040000,0.036930,-0.020000,-0.001793,0.020000,0.003708,-0.080000,-0.044232,0.040000,-0.000095,0.070000,0.006755,-0.040000,-0.028789,0.040000,-0.005533,0.031173,0.001605,-0.010000,0.003394,0.006554
0.020692,-0.090000,-0.002761,-0.000000,-0.013886,0.050000,-0.017463,-0.050000,-0.025742,0.010000,-0.001304,0.020000,0.007972,0.090000,-0.012346,-0.040000,-0.012197,0.020000,-0.006267,0.020000,0.035441,0.010000,0.016404,0.010527,0.001945,-0.020000,-0.005251,-0.045989
0.033041,0.060000,-0.005093,-0.020000,-0.004299,-0.010000,0.011525,-0.010000,0.028554,-0.020000,0.008626,0.000000,0.001578,0.070000,0.014445,-0.020000,0.000109,-0.050000,-0.002798,0.010000,-0.046069,0.030000,-0.002125,0.005507,-0.006761,-0.070000,-0.003059,0.042340
-0.012570,-0.040000,-0.039095,0.020000,0.001726,0.030000,0.003926,0.010000,0.004236,0.020000,-0.000918,0.050000,-0.010123,-0.010000,0.013790,-0.080000,-0.000978,-0.080000,-0.001149,-0.050000,0.022778,-0.010000,0.002283,0.006720,-0.003800,0.010000,0.003561,0.049272
-0.000805,-0.160000,-0.018689,0.020000,0.009127,0.110000,0.031501,0.090000,-0.010979,0.030000,0.006610,0.050000,-0.008179,0.000000,0.009613,0.020000,0.003461,0.040000,-0.005840,-0.020000,0.019020,-0.010000,0.007573,0.012169,0.021596,-0.030000,0.005033,-0.003729
-0.010508,-0.110000,0.018414,0.000000,0.011503,-0.100000,-0.010484,-0.030000,-0.104072,-0.080000,0.001543,-0.020000,0.008116,-0.150000,-0.013662,0.040000,-0.002346,0.080000,0.000466,0.020000,-0.013589,0.000000,0.003764,-0.030952,-0.092180,0.040000,-0.019500,0.143188
-0.000078,0.060000,0.007690,-0.020000,0.000094,0.020000,0.016651,-0.020000,0.007873,0.010000,-0.000643,0.040000,-0.010949,-0.010000,-0.005394,-0.010000,-0.003954,0.150000,0.022594,-0.150000,0.001333,-0.010000,0.012236,0.074216,0.061766,-0.010000,0.009062,0.083878
-0.000781,-0.040000,0.008491,0.000000,-0.001639,-0.030000,-0.007774,0.000000,0.022310,0.020000,-0.001207,0.030000,-0.011965,0.020000,0.005155,0.000000,0.005723,0.020000,-0.001789,-0.060000,-0.009360,0.010000,-0.002975,-0.007542,-0.018550,0.020000,0.002560,-0.138410
0.009611,0.060000,0.001660,0.020000,0.002475,-0.040000,0.002354,-0.020000,0.008162,-0.060000,-0.009703,0.000000,0.007395,0.000000,0.000728,0.000000,-0.001380,-0.090000,-0.002427,-0.070000,0.029564,0.020000,0.006985,0.115452,-0.010116,0.010000,0.002226,-0.056673
-0.010181,-0.010000,0.033483,0.000000,-0.009392,-0.010000,0.012289,0.030000,0.005774,-0.060000,0.005453,0.000000,-0.015007,-0.000000,0.006604,0.000000,0.009439,0.010000,-0.003709,0.020000,-0.021460,-0.020000,-0.001293,-0.000447,0.026137,-0.000000,0.005498,-0.016483
-0.005323,0.030000,-0.013469,0.010000,-0.004964,-0.040000,0.014827,-0.010000,-0.001496,0.010000,0.001570,0.020000,-0.002684,-0.010000,-0.009152,0.020000,-0.001670,-0.050000,-0.003777,0.030000,-0.002027,-0.030000,0.004309,0.058212,-0.001039,0.020000,-0.004287,0.004084
0.037864,-0.010000,-0.003518,0.030000,0.000300,-0.060000,-0.002108,0.020000,-0.032531,0.020000,0.007984,0.000000,-0.019465,0.010000,0.007601,0.030000,0.001040,0.000000,0.006534,-0.120000,0.002651,-0.030000,-0.002116,-0.009191,0.005654,-0.060000,-0.020979,-0.170581
0.012642,-0.020000,-0.033245,0.010000,0.002367,-0.050000,0.004812,-0.050000,-0.014645,0.000000,0.000255,0.020000,0.006197,0.010000,0.008267,-0.010000,-0.002930,-0.060000,-0.007344,0.030000,-0.019469,-0.000000,-0.000332,-0.241387,0.011468,-0.020000,0.013573,-0.058705
-0.019525,-0.010000,-0.005660,0.020000,0.014209,-0.050000,0.003751,0.010000,-0.000567,-0.040000,0.003737,0.050000,0.004661,-0.040000,-0.002344,0.030000,-0.007955,-0.050000,-0.014771,0.020000,0.039752,0.000000,-0.017155,-0.107193,0.036178,-0.010000,0.005183,0.021970
0.007293,0.040000,-0.016711,-0.020000,0.004601,-0.050000,0.008211,0.020000,-0.045231,-0.030000,0.001849,-0.020000,0.000471,-0.020000,0.006907,-0.000000,0.002734,0.040000,0.002885,0.020000,0.001335,-0.000000,-0.002642,-0.001823,-0.011241,0.050000,0.010245,0.016565
0.007820,-0.040000,-0.001083,0.010000,0.001922,0.010000,0.013649,0.090000,-0.024033,0.010000,-0.005347,0.050000,0.009809,-0.020000,0.002438,-0.010000,0.007851,0.070000,-0.007652,-0.060000,0.024178,-0.010000,0.011673,-0.042469,-0.025179,-0.000000,0.018334,-0.100443
0.010620,0.080000,0.013684,0.010000,-0.005160,0.050000,-0.003369,0.050000,-0.005311,0.010000,-0.008864,-0.010000,0.006488,-0.040000,0.000605,0.040000,0.007818,-0.120000,-0.011154,-0.060000,0.019567,-0.000000,-0.001796,-0.060578,0.013772,0.010000,-0.004888,0.047909
0.007431,-0.010000,-0.011595,0.000000,-0.003665,-0.010000,0.026212,0.090000,-0.018340,0.030000,-0.017570,0.140000,0.010492,0.060000,0.000824,-0.030000,0.003620,-0.070000,0.001192,-0.040000,0.004350,-0.010000,-0.009274,-0.011868,0.006700,-0.030000,0.013387,0.136626
0.004000,0.000000,0.005992,-0.010000,-0.003515,0.080000,0.012042,-0.030000,-0.023879,0.040000,0.011370,0.010000,0.003161,-0.040000,0.002331,-0.040000,0.009418,-0.000000,0.003764,0.070000,0.000631,0.010000,0.012724,-0.007060,0.009594,0.010000,0.010281,0.074164
0.024551,-0.040000,-0.001035,-0.010000,-0.006963,-0.020000,-0.007799,-0.040000,0.004203,-0.040000,0.000962,0.020000,-0.007745,-0.120000,-0.010473,0.000000,0.006221,0.020000,-0.005969,0.000000,0.000200,0.020000,-0.009001,-0.026232,0.006807,0.010000,-0.007970,0.054734
0.022660,0.120000,0.008431,-0.020000,0.004771,-0.010000,-0.005313,-0.090000,-0.037121,-0.000000,-0.010682,0.120000,-0.009967,-0.050000,0.003413,-0.020000,-0.000769,-0.020000,0.002733,0.030000,0.002829,0.020000,0.003314,-0.060542,0.026833,-0.030000,-0.008007,0.032983
-0.008315,-0.170000,0.008084,0.010000,-0.001140,-0.030000,-0.058944,-0.090000,-0.022170,-0.060000,0.015184,-0.060000,0.007040,0.030000,0.011396,-0.030000,0.018668,-0.020000,0.002370,-0.010000,0.004280,-0.010000,-0.012329,-0.033747,0.007834,0.010000,0.023844,-0.042156
0.000588,0.080000,0.015750,0.020000,0.003115,-0.010000,0.013061,0.050000,-0.026971,0.020000,0.004816,0.030000,0.012410,-0.010000,0.002274,0.010000,-0.002926,-0.010000,0.001750,-0.000000,-0.023471,-0.020000,0.006487,0.012033,0.011454,0.010000,-0.017409,-0.122247
-0.016788,0.070000,-0.025299,0.020000,-0.002725,0.020000,0.008312,0.000000,-0.043831,-0.010000,0.006527,-0.070000,-0.005208,0.020000,-0.013548,-0.040000,0.001870,-0.030000,-0.001241,-0.010000,-0.017337,0.040000,-0.013647,-0.012048,0.005847,-0.010000,-0.014296,-0.064777
0.032641,-0.050000,-0.013451,0.030000,-0.003693,0.020000,0.018962,0.040000,0.016996,-0.010000,-0.001213,-0.010000,-0.003694,0.020000,-0.013354,0.040000,-0.004661,-0.020000,0.003750,-0.020000,0.029558,0.010000,0.016328,-0.001359,0.005386,-0.000000,0.003714,-0.000504
-0.002324,0.110000,-0.005864,0.020000,-0.008713,0.020000,-0.003600,-0.010000,-0.053215,0.070000,0.001731,-0.060000,0.011083,-0.020000,0.003506,-0.040000,0.003075,0.040000,0.011302,0.030000,0.007977,0.030000,0.005824,-0.000268,0.002129,0.010000,-0.001446,-0.194706
0.022142,0.070000,-0.012401,-0.010000,-0.000982,0.010000,0.000594,-0.030000,0.021802,0.030000,-0.013601,0.050000,-0.003245,-0.030000,-0.003222,-0.040000,-0.005796,-0.020000,0.000995,-0.000000,-0.002030,0.010000,-0.004104,0.037050,-0.002452,0.000000,0.003606,-0.019996
-0.005964,0.110000,0.019026,-0.030000,-0.002371,-0.040000,-0.005649,-0.010000,0.022720,-0.010000,0.006180,0.020000,0.003043,0.010000,-0.006260,0.020000,-0.006754,0.060000,-0.003300,-0.000000,0.002217,0.010000,0.003526,0.046751,0.002021,0.030000,0.008670,0.029093
0.016314,-0.080000,0.014013,0.030000,-0.005570,-0.030000,0.006495,0.010000,-0.019477,-0.020000,-0.012896,-0.020000,-0.001273,-0.010000,-0.011018,-0.010000,0.000967,-0.020000,0.013996,-0.040000,0.015951,0.030000,0.003932,-0.019440,0.001151,-0.010000,-0.011991,0.013958
0.015368,0.090000,0.005562,-0.010000,0.002553,-0.010000,0.004307,0.010000,0.023633,0.030000,-0.003208,-0.050000,0.007149,-0.050000,0.002271,-0.030000,0.002653,-0.120000,-0.012861,0.000000,0.006684,0.010000,0.004880,0.022923,0.001817,0.020000,0.024599,-0.067697
-0.000808,-0.070000,-0.001946,0.030000,0.000236,-0.040000,-0.025855,-0.030000,0.014011,0.030000,-0.003238,0.010000,0.001278,-0.010000,-0.016024,-0.010000,0.000792,0.030000,-0.004813,0.010000,0.004464,0.020000,-0.013323,-0.025509,0.007054,-0.030000,0.003044,-0.130002
0.013726,-0.020000,-0.012058,-0.030000,0.004520,-0.080000,0.010959,-0.010000,0.045709,0.010000,0.009009,-0.010000,0.000424,-0.000000,-0.006528,-0.010000,-0.016909,0.150000,0.011458,0.000000,0.013168,-0.020000,0.000316,0.028874,-0.006676,-0.010000,0.003242,0.034836
0.018917,-0.070000,-0.011369,-0.010000,0.006041,0.000000,-0.024227,-0.040000,-0.051618,-0.010000,-0.000418,0.030000,0.004889,0.060000,-0.003270,-0.000000,-0.002727,0.060000,0.005753,-0.030000,0.008358,-0.010000,-0.009243,0.072760,-0.004648,-0.000000,0.012559,-0.083365
-0.007082,0.140000,-0.009950,0.010000,0.002794,-0.020000,0.014686,0.000000,0.014924,0.050000,-0.001567,-0.090000,-0.000147,0.020000,-0.004682,0.010000,0.015407,0.150000,-0.012277,-0.070000,0.010304,0.010000,-0.000860,-0.016842,0.012867,-0.030000,-0.012181,0.189752
0.028406,-0.010000,-0.015965,-0.030000,-0.000995,0.030000,0.015410,0.020000,0.055246,0.090000,0.010696,-0.030000,-0.003905,0.010000,-0.002929,-0.060000,-0.007902,0.060000,-0.004932,0.150000,-0.014587,-0.000000,0.000615,-0.004421,0.007694,-0.010000,0.001165,0.090252
-0.031232,-0.100000,-0.031252,-0.010000,0.007304,-0.030000,0.005022,0.030000,-0.016471,-0.000000,0.003580,0.050000,0.010501,-0.080000,0.000916,-0.050000,0.009785,0.020000,-0.001760,-0.070000,0.006749,0.000000,-0.012063,-0.051218,-0.017157,-0.020000,0.006116,0.039385
0.017501,0.120000,-0.026691,0.000000,0.002148,-0.010000,0.004541,-0.010000,0.028812,0.010000,0.000348,0.110000,0.002111,-0.050000,-0.005407,-0.080000,-0.021439,0.250000,0.002217,-0.060000,0.005843,0.020000,0.010580,0.023796,-0.004511,-0.010000,0.016698,-0.083949
-0.000676,0.060000,0.012361,-0.010000,-0.006719,-0.030000,0.015882,0.010000,0.035964,0.050000,0.003304,0.030000,-0.009047,0.010000,0.011637,-0.010000,-0.009698,0.010000,0.006769,0.040000,0.002282,-0.000000,0.010616,0.025331,-0.004885,0.030000,0.008022,-0.037955
-0.019414,0.010000,0.000027,-0.010000,-0.005478,-0.020000,-0.010819,-0.040000,-0.037611,-0.050000,0.000921,-0.030000,-0.010630,0.040000,0.002235,0.030000,0.010723,-0.280000,-0.006065,0.040000,-0.016029,-0.010000,0.022223,-0.058898,-0.002904,-0.010000,0.010999,0.012236
0.010097,0.010000,0.002869,0.010000,-0.008863,0.020000,0.007828,0.020000,-0.093007,-0.010000,-0.014185,-0.130000,0.007749,0.040000,0.009239,-0.040000,0.013752,-0.050000,0.010216,0.010000,0.001147,0.010000,-0.011269,-0.068686,0.009266,0.010000,0.009366,0.121412
0.001583,-0.020000,0.002082,-0.010000,-0.003673,0.020000,-0.005644,-0.050000,0.022539,0.010000,0.005721,0.060000,-0.005708,-0.030000,-0.006669,-0.050000,0.009239,0.020000,0.008141,-0.020000,-0.002836,-0.010000,0.018358,0.042453,-0.005094,0.000000,0.009975,-0.040133
0.017152,0.040000,0.001468,-0.000000,-0.004465,0.050000,0.010466,0.030000,-0.011567,-0.060000,0.019055,0.040000,-0.002426,0.040000,-0.004894,0.000000,0.005589,0.130000,0.005437,-0.010000,-0.006100,-0.010000,0.003590,-0.007482,-0.012810,0.020000,0.015895,0.055979
0.000964,-0.070000,-0.012503,0.020000,-0.003528,0.010000,-0.009363,-0.010000,-0.015483,-0.060000,0.003101,-0.020000,-0.004581,0.020000,-0.006737,-0.050000,0.008150,-0.030000,-0.006355,-0.050000,-0.009523,0.010000,-0.002952,-0.005401,0.013863,-0.040000,-0.008901,0.037006
-0.026781,-0.050000,0.024795,0.010000,-0.013838,-0.040000,0.013406,-0.010000,-0.007817,-0.020000,-0.001919,-0.060000,0.002536,-0.030000,-0.013977,-0.010000,-0.000982,-0.160000,-0.003718,-0.010000,0.006732,-0.020000,-0.006154,-0.096276,0.019206,-0.030000,0.023352,-0.001840
-0.020071,0.040000,-0.003007,0.010000,-0.000772,-0.040000,0.009082,0.010000,-0.045214,-0.090000,-0.000097,0.030000,-0.003371,0.040000,0.007108,0.020000,0.003096,-0.040000,0.009233,-0.000000,0.016248,-0.010000,-0.005590,-0.038833,0.011243,-0.050000,-0.007984,-0.176871
-0.006600,-0.080000,0.000796,0.020000,-0.000227,0.020000,-0.003406,-0.020000,0.048733,0.070000,-0.002065,-0.060000,-0.010605,0.060000,-0.012303,0.020000,0.011666,-0.040000,0.000925,0.110000,-0.001933,-0.020000,-0.004978,0.074354,0.010468,0.000000,0.011944,-0.060870
-0.004933,0.030000,0.018819,-0.000000,-0.010008,0.030000,0.002849,0.020000,-0.018295,-0.040000,0.004469,0.020000,-0.014859,0.050000,-0.011987,0.060000,0.007974,0.060000,-0.002083,-0.010000,-0.005575,-0.020000,0.013699,0.026914,-0.006858,0.000000,-0.002076,0.134866
-0.005912,0.010000,-0.011379,-0.010000,0.001896,-0.020000,0.008407,-0.020000,0.035464,0.000000,-0.012221,-0.080000,0.010560,-0.020000,0.018154,-0.000000,0.009376,-0.010000,-0.006505,0.010000,-0.009232,0.010000,-0.004328,-0.062032,-0.000603,-0.040000,-0.012385,-0.011589
-0.003329,-0.100000,0.005295,0.000000,0.002808,-0.030000,0.001679,-0.010000,0.037079,-0.050000,0.004869,0.010000,-0.005213,0.060000,-0.002917,-0.050000,0.006752,0.170000,0.017722,-0.000000,0.008864,-0.030000,-0.009804,-0.058375,-0.023192,0.040000,0.004593,-0.067222
0.003560,-0.050000,-0.017117,0.020000,-0.015413,-0.070000,0.005747,-0.010000,-0.002586,-0.010000,-0.019804,-0.030000,-0.000170,-0.030000,0.010763,0.040000,0.003420,-0.080000,0.003238,-0.000000,-0.001636,0.030000,0.009535,0.048309,0.001664,0.010000,0.007112,0.043875
-0.007775,-0.000000,0.014244,-0.000000,-0.001122,-0.000000,-0.012320,-0.010000,-0.052639,0.020000,0.004666,-0.020000,-0.000743,-0.030000,0.001829,0.050000,0.001350,-0.010000,-0.000424,-0.010000,0.011119,-0.010000,-0.004601,-0.053066,-0.013044,0.010000,0.009974,-0.012215
-0.001001,-0.030000,-0.012535,0.030000,-0.003474,0.000000,-0.006190,0.000000,0.043064,-0.060000,-0.023339,-0.130000,-0.008262,-0.010000,-0.011407,0.010000,-0.002900,0.020000,0.000198,-0.020000,0.006647,0.040000,-0.010794,-0.084687,0.015998,-0.030000,-0.005296,0.107469
-0.003731,-0.210000,0.021361,0.010000,-0.000575,0.050000,0.007395,0.030000,0.011233,-0.110000,-0.015992,0.010000,-0.008070,-0.040000,-0.005203,0.040000,-0.001508,-0.100000,0.014651,-0.080000,-0.005730,0.000000,0.009510,0.027620,-0.014740,-0.030000,0.018442,0.037762
0.019899,-0.090000,0.006745,-0.010000,0.000523,-0.000000,-0.006473,-0.030000,0.032020,-0.080000,0.010254,0.020000,-0.002376,0.020000,0.030316,0.030000,-0.001524,0.020000,0.001038,0.040000,0.006481,0.010000,0.007783,-0.048819,0.004427,0.030000,-0.007434,-0.235390
-0.009052,-0.000000,0.019621,-0.010000,-0.011073,0.050000,0.012428,-0.010000,0.011909,0.020000,-0.012647,-0.040000,0.023736,-0.010000,0.002330,0.040000,-0.001403,-0.000000,0.007013,-0.070000,0.003613,-0.020000,-0.018966,-0.034607,0.000131,0.000000,-0.011857,0.041566
0.012241,-0.100000,-0.005718,-0.020000,-0.013998,-0.030000,-0.003750,-0.030000,0.022383,-0.090000,0.007243,-0.020000,-0.014176,-0.000000,-0.007518,-0.020000,-0.003749,0.030000,0.001640,0.080000,-0.001081,-0.020000,0.010356,0.132378,0.005048,0.010000,0.005880,0.056477
0.014514,0.020000,-0.010534,0.040000,-0.000411,-0.020000,0.007670,0.000000,-0.018362,0.060000,0.004359,0.010000,-0.001911,0.030000,-0.004006,0.060000,0.003709,-0.030000,0.004589,0.040000,-0.012520,0.020000,0.008808,0.037575,0.009336,-0.010000,-0.001130,-0.008874
-0.005756,-0.190000,-0.009837,0.010000,-0.003596,-0.000000,0.007181,0.010000,0.013451,-0.100000,-0.026586,-0.060000,-0.005128,0.050000,-0.007064,0.010000,-0.005500,0.060000,-0.003404,-0.000000,-0.010389,0.000000,0.002239,0.059966,-0.002133,-0.000000,0.020770,-0.007377
0.032165,0.070000,-0.021028,-0.010000,0.009912,-0.010000,0.003612,-0.040000,0.013895,0.020000,0.024151,0.010000,0.005653,0.030000,-0.009528,-0.040000,-0.001719,0.040000,0.000521,0.020000,0.000647,0.040000,0.005515,0.032214,-0.001315,0.020000,-0.008026,0.035958
-0.031414,0.030000,0.010843,-0.020000,0.001433,-0.010000,0.006430,0.030000,0.003533,-0.140000,0.006159,0.050000,0.003556,-0.020000,0.002735,-0.030000,-0.015857,0.050000,-0.001522,0.090000,-0.003591,-0.010000,-0.004848,0.060486,-0.005866,0.050000,-0.011313,0.039171
-0.000942,0.060000,-0.033324,0.010000,-0.007596,0.020000,0.006428,0.000000,-0.010886,-0.010000,0.014072,0.070000,-0.018324,-0.060000,0.011148,0.020000,0.003372,0.020000,0.003110,0.040000,-0.006727,-0.010000,0.001813,0.038062,-0.001892,-0.020000,-0.003198,0.005795
-0.004201,0.020000,-0.024146,-0.010000,-0.005549,0.020000,0.000633,0.020000,-0.003909,-0.050000,-0.029650,-0.050000,-0.015054,-0.030000,0.004165,0.010000,-0.006546,0.060000,-0.008404,0.100000,-0.009560,-0.060000,0.002110,0.123282,0.012034,-0.020000,-0.000995,0.059406
0.000373,0.160000,0.006716,-0.010000,-0.008671,0.030000,0.002742,0.020000,0.002490,0.010000,0.000379,0.020000,-0.025931,-0.040000,0.002408,-0.010000,0.005558,-0.100000,0.006352,-0.020000,-0.004232,-0.020000,0.015292,0.045390,-0.005496,0.020000,0.011171,-0.018873
0.007250,0.100000,0.004227,0.020000,-0.006844,0.070000,-0.007969,0.050000,-0.040352,-0.010000,-0.000495,-0.030000,0.034627,0.000000,0.006670,0.020000,0.011295,-0.030000,0.004004,-0.080000,0.005409,0.030000,-0.015279,0.010805,0.002473,-0.020000,-0.019206,0.091130
-0.017104,0.010000,0.040739,-0.010000,0.001866,0.060000,0.013997,0.050000,0.009321,-0.040000,-0.018157,-0.050000,-0.000507,0.000000,-0.004611,0.010000,0.001091,0.000000,-0.004813,0.050000,0.008572,-0.010000,-0.000627,-0.014394,0.000109,-0.000000,0.011171,0.054135
0.002173,0.020000,-0.010151,-0.020000,0.017754,-0.010000,-0.002047,0.020000,0.000428,0.030000,-0.013908,-0.040000,-0.017159,-0.060000,0.000710,-0.010000,-0.002039,0.030000,0.000433,-0.020000,0.004444,-0.000000,-0.000963,-0.024244,-0.009284,0.010000,0.017062,-0.115026
0.013170,0.160000,0.004778,0.010000,0.016015,0.010000,-0.000172,0.000000,-0.010243,0.020000,0.003249,-0.090000,-0.004964,-0.020000,-0.004979,-0.030000,-0.016373,0.250000,-0.002417,0.060000,0.010649,-0.040000,-0.023030,-0.087925,-0.000008,0.020000,0.004631,0.010511
-0.001654,0.080000,-0.002497,-0.010000,0.006359,-0.020000,0.002710,-0.020000,0.021187,-0.060000,0.024567,0.080000,0.034940,-0.010000,-0.000439,-0.040000,-0.000281,-0.040000,0.000631,-0.040000,0.001922,0.030000,-0.007652,-0.090167,-0.014138,0.000000,0.014587,0.030368
-0.010151,-0.080000,0.008516,-0.010000,0.015340,-0.010000,0.002303,-0.020000,-0.009338,-0.130000,-0.000270,-0.040000,0.006714,-0.030000,0.009093,-0.030000,-0.002356,0.090000,-0.003527,-0.030000,-0.000283,0.020000,-0.002958,-0.004657,0.017510,-0.020000,0.006199,-0.028499
-0.003385,-0.070000,-0.012584,0.030000,0.004158,-0.020000,-0.004404,0.010000,-0.008970,-0.040000,0.001086,-0.040000,0.000007,-0.030000,-0.003303,-0.040000,-0.005014,0.160000,-0.004204,-0.030000,-0.002402,0.010000,0.000814,-0.004480,-0.000128,0.000000,-0.019332,0.137715
-0.011204,0.030000,0.016615,-0.000000,0.012826,-0.020000,0.003159,-0.030000,0.004775,0.030000,0.011713,0.030000,0.000446,0.040000,-0.003793,-0.080000,0.009145,-0.050000,-0.008411,-0.040000,0.001481,-0.060000,0.007495,-0.012381,0.006512,-0.010000,0.011930,0.082661
0.010091,0.030000,0.009881,-0.020000,-0.005840,-0.000000,0.003441,-0.010000,-0.006700,-0.050000,-0.001072,-0.010000,-0.024585,0.050000,0.010554,0.010000,-0.006113,0.030000,0.007967,0.020000,-0.000709,-0.010000,-0.002858,0.060137,0.007510,-0.020000,-0.024315,-0.071321
-0.023634,0.030000,-0.014409,-0.020000,0.003710,0.040000,0.010044,0.010000,-0.007377,-0.040000,0.011535,0.010000,0.000616,0.020000,-0.003056,0.010000,0.007038,0.020000,0.001582,0.040000,-0.000140,-0.050000,0.009855,0.034877,-0.000005,0.000000,-0.008612,-0.014760
-0.007895,-0.080000,0.000132,0.010000,0.000604,-0.000000,0.003596,0.040000,0.018208,-0.070000,-0.008504,-0.030000,0.011908,0.020000,0.003519,-0.020000,-0.003328,0.070000,-0.011274,-0.020000,-0.007072,0.000000,-0.003390,-0.048482,0.007289,-0.050000,0.000315,-0.082571
0.006515,0.130000,-0.003413,0.030000,0.000475,0.020000,0.010196,0.000000,-0.003872,0.010000,-0.023473,-0.070000,0.014079,0.010000,0.003287,0.070000,0.003331,0.030000,0.007844,-0.040000,0.007190,-0.020000,-0.016043,-0.020367,-0.005560,0.020000,0.025043,-0.057798
0.006881,0.020000,0.001865,-0.000000,0.007491,-0.010000,0.001673,0.050000,-0.018151,-0.070000,0.021922,0.040000,0.021917,0.030000,-0.003454,-0.010000,-0.004424,-0.040000,-0.002953,-0.020000,-0.000131,0.010000,-0.009225,-0.020549,0.001943,0.000000,-0.017077,0.055052
0.001935,-0.040000,0.008333,-0.000000,0.002668,-0.030000,0.006733,0.000000,0.012913,-0.020000,-0.004181,-0.060000,-0.005402,-0.020000,-0.001866,-0.030000,0.011022,-0.130000,0.005844,0.120000,0.007783,-0.010000,0.000700,0.044955,0.000858,-0.040000,0.003917,0.024293
-0.002866,0.040000,0.015519,-0.000000,-0.003124,0.040000,-0.002195,-0.020000,0.013720,0.100000,0.011217,0.030000,0.005011,0.000000,0.002280,0.040000,-0.001921,-0.160000,-0.006019,0.020000,-0.000453,0.030000,0.010239,0.007680,0.012499,-0.000000,0.007233,-0.107943
-0.001120,0.060000,-0.003984,-0.000000,0.008945,0.020000,0.007525,-0.040000,0.002540,-0.050000,0.010468,0.020000,-0.001770,0.090000,0.009330,0.000000,0.001639,0.030000,0.012572,0.070000,-0.000094,-0.030000,-0.002639,-0.084272,-0.017157,0.020000,0.007665,-0.000752
0.014829,0.090000,0.005220,-0.000000,0.012135,-0.010000,0.015366,-0.020000,-0.001993,-0.100000,-0.011501,-0.080000,0.004280,0.040000,0.002695,-0.050000,0.002110,0.030000,-0.000430,0.050000,0.012596,0.010000,-0.020378,0.000776,-0.000659,0.050000,0.002405,0.016896
-0.005377,0.050000,-0.009202,0.000000,0.005475,-0.020000,-0.035126,-0.030000,0.001036,0.040000,0.004252,0.030000,0.000934,-0.000000,0.018415,-0.000000,0.008770,-0.000000,0.000100,0.080000,-0.007715,-0.040000,0.008546,-0.051557,-0.009410,-0.020000,0.015096,-0.009664
0.004484,0.010000,0.009503,-0.010000,0.013221,0.040000,-0.008133,0.090000,-0.009709,0.110000,-0.016908,-0.130000,-0.014404,-0.000000,-0.015958,0.030000,0.008721,0.060000,0.005067,-0.080000,0.005053,0.010000,-0.020936,-0.024961,0.006393,0.010000,0.011503,-0.001390
0.008680,-0.010000,-0.007495,0.030000,0.002734,0.030000,-0.027756,-0.030000,0.000478,-0.050000,-0.001273,-0.040000,-0.005107,-0.050000,0.003535,0.070000,0.003879,0.020000,-0.003539,0.030000,-0.001854,-0.070000,0.005884,-0.002450,-0.009648,0.030000,0.013263,-0.004176
0.005612,0.070000,0.001890,-0.000000,-0.005898,0.010000,0.020145,0.020000,-0.010989,-0.150000,0.013632,0.030000,-0.024328,0.000000,-0.005179,0.000000,-0.002948,0.060000,-0.013207,0.070000,-0.000800,-0.030000,-0.005293,0.017347,-0.006015,0.050000,0.003476,-0.094160
0.004485,0.020000,-0.010448,-0.020000,-0.004312,-0.040000,-0.017585,-0.030000,0.000476,-0.000000,0.000048,0.040000,-0.012749,-0.040000,-0.007947,0.010000,-0.003704,0.010000,0.001624,0.020000,-0.000891,0.040000,0.003478,0.002664,-0.005891,-0.030000,-0.007106,-0.046989
0.006383,0.060000,-0.009210,0.010000,0.002109,-0.060000,0.000533,-0.010000,-0.001620,0.250000,0.008420,0.080000,0.023978,-0.010000,-0.014738,0.060000,0.010930,-0.010000,0.012117,0.030000,0.000106,0.020000,-0.005676,-0.007984,-0.018532,0.010000,0.008450,-0.045258
-0.007932,-0.100000,0.015178,-0.000000,0.009845,-0.050000,0.012742,0.010000,-0.003876,-0.040000,0.000202,-0.020000,0.004101,-0.030000,0.013837,-0.040000,-0.001028,-0.060000,0.008049,-0.020000,-0.000534,-0.020000,0.002703,0.048567,0.024121,-0.070000,-0.008934,0.071053
0.010334,-0.040000,0.015558,-0.010000,0.002666,0.040000,0.005219,0.000000,0.006315,-0.040000,-0.005120,0.010000,-0.013790,-0.040000,-0.004119,0.040000,-0.007016,0.020000,0.006433,0.000000,0.006004,0.030000,-0.012542,-0.028476,0.013908,-0.010000,0.019094,0.132735
-0.002014,-0.040000,-0.000244,-0.000000,-0.004054,0.000000,-0.004619,0.010000,-0.008597,0.070000,0.029208,0.020000,-0.002536,0.030000,0.004144,0.010000,0.005374,0.040000,0.013706,0.040000,-0.002971,-0.000000,-0.000374,-0.017633,-0.025614,0.020000,-0.003860,-0.017776
-0.003743,0.020000,0.004346,-0.010000,0.003328,-0.010000,-0.008412,0.000000,0.001250,0.110000,0.006086,0.030000,-0.017527,-0.040000,0.003114,-0.060000,0.010053,-0.200000,0.005260,-0.030000,-0.006268,0.010000,0.007320,0.070085,-0.011441,-0.010000,-0.012063,-0.181049
-0.004340,-0.030000,-0.013969,-0.030000,-0.003986,0.050000,-0.011183,0.010000,0.012029,-0.030000,-0.006723,0.160000,0.003115,-0.000000,0.012342,0.010000,0.026309,-0.150000,0.004826,0.020000,0.000032,-0.040000,0.018395,0.048801,-0.040314,0.010000,-0.017469,-0.013885
-0.005315,0.110000,0.002876,0.010000,0.004136,-0.010000,-0.011571,-0.020000,-0.014602,0.110000,0.004609,-0.050000,-0.019996,-0.050000,-0.002783,-0.010000,0.010111,-0.120000,-0.005995,-0.080000,0.005462,0.020000,0.002720,0.013916,0.022554,-0.010000,0.006898,0.047602
-0.000493,0.020000,-0.000456,-0.010000,0.009531,-0.020000,0.010518,0.000000,0.000326,-0.070000,-0.005256,-0.010000,0.014546,0.000000,-0.000541,0.050000,-0.000022,0.070000,0.011479,-0.060000,0.011952,-0.010000,-0.003359,-0.131192,-0.019331,0.010000,-0.000893,-0.014385
0.003189,-0.020000,-0.009863,-0.020000,0.004227,-0.010000,-0.023721,0.000000,-0.016263,-0.200000,-0.000343,0.000000,0.005114,0.000000,0.002798,-0.020000,0.006293,-0.080000,0.002654,-0.020000,0.002099,-0.000000,0.002209,-0.023378,-0.015098,-0.040000,0.001920,0.038520
-0.003149,0.140000,-0.003611,0.030000,-0.000402,-0.020000,0.002987,-0.010000,-0.000004,0.080000,0.005411,0.000000,-0.009804,-0.050000,0.009317,0.030000,0.012050,-0.170000,0.000058,0.040000,0.005389,0.020000,0.010011,0.046617,0.033136,-0.040000,0.005509,0.001078
-0.000357,-0.040000,0.007472,-0.020000,-0.001491,-0.020000,0.015977,-0.010000,0.013206,-0.190000,0.003907,-0.050000,0.005116,-0.030000,0.010957,-0.010000,0.005945,-0.110000,-0.002592,-0.060000,-0.005650,0.030000,0.003583,-0.004025,0.006894,-0.000000,0.002217,-0.004086
0.000909,0.060000,0.005335,0.010000,0.003013,0.020000,0.016111,0.010000,-0.000043,0.120000,-0.003023,0.010000,-0.020114,-0.060000,-0.003911,0.000000,-0.001710,0.030000,-0.003573,-0.090000,0.006735,-0.010000,0.007965,-0.032742,0.019305,0.020000,-0.000285,0.069816
-0.000244,0.050000,0.001809,0.020000,-0.000614,0.000000,-0.004813,-0.010000,0.009269,-0.070000,0.013290,-0.030000,-0.001191,0.040000,-0.013032,-0.010000,0.011245,0.030000,-0.001565,0.060000,0.000265,-0.000000,-0.011012,-0.029872,-0.005433,0.060000,0.004588,-0.075437
0.016234,0.090000,-0.012351,0.000000,-0.005991,-0.020000,0.008254,0.030000,-0.010327,-0.090000,-0.000265,-0.020000,0.007472,0.010000,0.009141,-0.010000,0.005321,-0.090000,-0.007089,0.010000,-0.006704,0.010000,-0.006403,-0.003865,-0.046368,-0.010000,0.000392,0.036830
0.009866,0.030000,0.015856,-0.010000,0.004094,-0.010000,0.005293,-0.010000,0.011747,-0.070000,-0.004552,0.010000,0.040413,-0.100000,-0.040379,-0.020000,0.012555,-0.170000,0.002788,-0.070000,0.008950,-0.000000,0.006577,0.013016,-0.034629,-0.000000,0.005466,-0.037146
0.005016,-0.110000,-0.012032,-0.010000,0.002927,0.040000,-0.009578,0.020000,-0.005009,0.000000,0.002111,-0.010000,-0.017814,-0.120000,0.007196,0.030000,-0.001834,-0.010000,0.007398,-0.010000,0.004438,0.010000,-0.010463,0.039502,0.010002,-0.010000,0.003208,-0.043511
0.013093,0.050000,0.001835,0.000000,0.003425,0.030000,0.017973,0.080000,-0.008915,-0.030000,0.009560,0.110000,-0.006389,-0.010000,-0.012990,0.000000,0.002679,0.060000,-0.003795,0.010000,-0.001044,0.000000,0.002539,0.016532,-0.021166,-0.040000,0.007312,0.014723
0.005739,0.070000,0.007034,-0.000000,-0.001667,0.040000,-0.013973,-0.020000,0.007729,0.080000,-0.001712,-0.020000,0.019374,0.030000,0.004234,0.050000,0.010558,0.030000,0.000664,-0.020000,-0.000674,0.040000,-0.015508,-0.012375,-0.056045,0.000000,0.003967,0.021701
0.022677,0.030000,0.002547,0.010000,0.000139,0.020000,0.017397,0.050000,0.000204,-0.140000,-0.005158,0.010000,0.006760,0.030000,-0.011120,-0.000000,0.002847,-0.010000,0.007806,0.010000,-0.002926,-0.010000,-0.016700,-0.064473,0.029730,-0.050000,-0.006019,0.060627
-0.006894,-0.000000,0.016125,0.050000,-0.002079,0.010000,0.008010,-0.030000,-0.005196,0.120000,0.004754,0.040000,-0.007976,0.000000,0.026099,-0.020000,0.008844,-0.020000,0.000142,0.040000,-0.003426,0.030000,-0.004416,0.017303,0.015903,-0.040000,-0.007135,-0.027144
-0.002586,0.060000,-0.001960,0.020000,-0.010609,0.030000,0.008794,0.010000,0.006998,-0.160000,-0.008381,-0.010000,-0.009754,-0.070000,0.006331,-0.020000,0.007605,-0.060000,0.008046,-0.110000,0.044722,0.000000,-0.005419,-0.009632,-0.016581,-0.030000,-0.000985,0.020437
-0.000898,-0.090000,0.004978,0.010000,0.001252,0.000000,-0.006623,-0.010000,-0.012742,0.280000,-0.006573,-0.030000,-0.014405,-0.060000,-0.010771,-0.020000,0.001450,0.070000,-0.003757,-0.090000,-0.010746,-0.000000,-0.014310,-0.104403,0.048468,-0.040000,0.004673,0.036512
-0.005465,0.100000,0.002662,-0.020000,-0.001981,-0.010000,-0.001528,0.010000,0.008238,-0.040000,0.001761,-0.090000,-0.021995,-0.030000,0.005515,-0.010000,-0.002266,-0.080000,0.003933,0.030000,0.000471,0.010000,-0.004380,-0.006892,-0.026075,-0.030000,-0.007830,-0.026844
-0.004607,0.030000,0.002375,0.010000,0.009767,0.040000,0.000135,0.020000,-0.001676,0.050000,-0.000753,-0.050000,0.008352,-0.040000,0.002636,-0.000000,-0.002521,-0.080000,0.006681,-0.030000,0.001268,-0.040000,0.007355,0.049403,0.028687,-0.060000,0.012820,0.114430
-0.002907,0.120000,0.005147,-0.010000,0.006277,0.030000,-0.016330,0.020000,0.004923,0.060000,-0.025616,-0.110000,-0.012068,0.020000,0.012670,0.070000,0.002519,-0.060000,0.001747,-0.010000,0.002691,0.030000,-0.005527,-0.065330,-0.029274,0.030000,-0.002594,-0.062414
0.005091,0.090000,0.001423,0.010000,-0.002042,0.010000,0.004727,0.030000,-0.000681,0.090000,0.003798,0.010000,-0.030923,-0.120000,0.006247,0.010000,-0.002396,0.070000,0.002656,0.010000,-0.002844,-0.060000,-0.003797,-0.033563,0.010264,-0.010000,0.001826,-0.029860
0.008748,0.020000,-0.005208,-0.010000,0.000834,-0.000000,-0.002196,0.020000,0.012035,-0.080000,0.008803,-0.010000,0.006845,-0.050000,-0.000366,-0.040000,0.006867,0.050000,-0.001533,0.060000,0.003414,-0.020000,0.000004,-0.021847,-0.042884,0.050000,-0.010085,0.055693
0.014601,-0.020000,0.003255,0.020000,0.006196,-0.010000,0.005219,0.040000,0.004322,-0.050000,-0.002441,-0.050000,0.023077,-0.000000,0.002658,-0.010000,-0.004996,0.070000,0.001053,-0.060000,0.017428,-0.000000,0.005159,-0.040802,-0.000794,0.040000,-0.006089,0.145810
-0.006027,0.020000,0.004787,0.020000,-0.000399,-0.000000,0.003446,-0.020000,-0.003137,0.210000,-0.000976,0.010000,0.007799,0.010000,-0.006968,-0.010000,0.004656,-0.060000,0.002701,0.000000,-0.021441,-0.030000,-0.000232,-0.034876,0.034692,-0.030000,-0.008026,0.115438
-0.013193,-0.070000,0.008860,0.010000,0.002174,-0.000000,-0.018590,-0.040000,-0.011441,0.010000,0.013788,0.040000,0.009468,0.060000,-0.017924,0.020000,0.000984,0.060000,-0.000065,0.010000,0.002760,-0.030000,-0.003378,0.005727,0.000607,-0.070000,0.003352,-0.013597
0.002070,-0.020000,0.004999,-0.040000,-0.003030,0.010000,-0.003026,-0.020000,-0.002795,-0.080000,0.003713,-0.020000,0.004431,0.020000,0.014583,-0.000000,-0.001061,0.020000,0.007284,-0.050000,0.006673,0.050000,-0.004534,0.016247,0.033138,-0.080000,0.011977,0.031422
-0.003957,0.000000,-0.004703,-0.000000,0.001895,0.020000,-0.035288,0.000000,0.000451,-0.100000,-0.006463,0.010000,-0.010452,-0.010000,-0.010948,-0.010000,-0.013810,0.280000,0.008955,-0.120000,0.001224,-0.010000,-0.009532,0.001429,-0.025533,-0.040000,-0.001131,0.072601
-0.002956,0.070000,0.005178,-0.010000,0.007728,0.010000,0.011947,0.060000,0.007551,-0.090000,0.011992,0.080000,-0.026505,-0.180000,0.004611,-0.050000,0.000634,0.020000,0.004892,-0.050000,-0.007829,-0.020000,0.000705,0.069404,0.040568,-0.020000,-0.002035,-0.055284
-0.002508,0.040000,0.003188,-0.010000,0.000445,-0.010000,-0.012130,0.030000,-0.023370,0.030000,-0.026423,-0.120000,0.050074,0.210000,-0.023123,-0.010000,0.000132,0.040000,0.003672,-0.060000,-0.001480,-0.040000,0.002775,-0.003959,0.009175,-0.090000,0.000723,0.046173
-0.007242,0.040000,0.007823,0.020000,-0.005031,0.010000,0.012318,-0.010000,-0.002460,-0.040000,0.000802,-0.050000,-0.009137,-0.100000,-0.019232,0.020000,-0.003045,0.050000,-0.011441,0.110000,0.016377,-0.020000,0.012200,0.023271,-0.000586,-0.040000,-0.014797,-0.065147
0.012740,-0.010000,0.011383,-0.020000,-0.004625,-0.020000,0.017799,0.030000,-0.017511,0.300000,-0.004955,0.040000,-0.025533,-0.100000,-0.001477,-0.020000,-0.005703,0.020000,-0.000554,0.020000,-0.000240,-0.000000,-0.001414,0.059626,0.018983,-0.010000,-0.001356,0.082484
-0.004344,-0.030000,-0.008255,0.050000,0.004215,0.000000,0.022047,-0.120000,0.014153,-0.020000,0.012049,0.030000,-0.003671,-0.010000,-0.009247,-0.020000,0.013184,-0.040000,0.004717,-0.050000,-0.012271,0.020000,-0.010543,-0.024633,-0.008056,-0.010000,0.010389,-0.061427
0.020143,-0.050000,-0.000055,0.010000,0.005467,-0.020000,0.019460,0.010000,-0.004824,0.110000,-0.029370,-0.040000,0.002810,0.040000,-0.014343,0.040000,0.016108,-0.150000,-0.000041,0.010000,0.004044,0.050000,0.012719,0.035968,-0.034796,0.000000,-0.001503,0.017498
0.008316,0.070000,-0.001155,0.010000,-0.000511,-0.020000,-0.000288,0.040000,0.006631,-0.130000,-0.000576,-0.060000,0.010337,0.110000,-0.016498,0.030000,-0.000842,0.080000,0.004663,0.020000,-0.005651,0.010000,0.000075,-0.038317,0.007535,-0.060000,0.005335,0.044783
-0.000644,0.070000,-0.001456,0.010000,-0.002944,-0.000000,0.011700,0.130000,-0.005571,-0.150000,-0.014287,-0.050000,0.011023,0.030000,0.010641,-0.030000,0.005603,-0.160000,-0.002108,-0.040000,-0.014501,-0.020000,-0.012887,-0.023307,0.003554,0.060000,-0.001113,0.018106
-0.013318,0.160000,0.004738,-0.000000,-0.000022,-0.000000,-0.001400,0.020000,-0.031399,-0.130000,-0.007069,0.020000,-0.007269,0.100000,-0.004692,-0.010000,-0.000371,-0.020000,0.001056,-0.010000,0.001466,0.010000,-0.006060,0.013434,-0.013072,0.080000,0.006659,0.022950
-0.004965,-0.040000,0.000353,0.020000,0.000932,0.010000,0.013610,0.010000,0.002904,0.110000,-0.013212,-0.110000,0.004542,0.000000,0.014994,-0.040000,0.010041,-0.140000,-0.000532,-0.010000,-0.000959,0.010000,0.014244,0.023159,-0.035582,0.060000,-0.004406,0.004450
-0.003560,-0.040000,-0.002731,-0.030000,0.000627,0.000000,0.011648,0.020000,-0.000351,0.040000,0.005230,-0.020000,0.001615,-0.060000,0.018647,0.020000,0.001618,0.110000,-0.001459,0.050000,0.011100,-0.000000,0.003414,-0.012520,-0.012796,0.050000,0.002104,-0.051704
-0.003978,-0.080000,0.010089,0.010000,0.007044,-0.010000,-0.004792,-0.040000,-0.017459,0.080000,-0.017460,-0.080000,0.016315,-0.080000,0.014376,0.020000,-0.002725,0.050000,0.000502,0.020000,-0.013157,0.020000,-0.004752,-0.018082,0.006191,0.020000,0.001785,-0.002459
0.001083,0.010000,-0.003074,0.000000,0.000196,-0.020000,-0.011564,0.010000,-0.005028,-0.090000,0.004486,-0.010000,-0.004698,0.060000,-0.020045,-0.020000,-0.006828,0.110000,-0.001546,-0.040000,0.006326,-0.050000,0.005341,-0.065766,-0.024089,0.100000,-0.004814,0.026073
-0.001816,-0.020000,0.000637,-0.030000,0.003836,-0.000000,0.003946,-0.020000,-0.021195,-0.320000,-0.015927,-0.060000,0.000505,0.070000,-0.000941,-0.010000,-0.013361,0.560000,0.000718,0.070000,-0.014350,0.080000,-0.016094,-0.090607,-0.011179,-0.020000,-0.002251,0.034339
-0.001317,-0.040000,-0.003503,0.010000,0.007325,0.000000,-0.006793,-0.030000,0.008517,0.030000,0.016891,0.010000,0.012864,0.050000,0.002731,0.020000,0.003130,0.130000,-0.004419,0.040000,0.007993,0.060000,-0.008910,0.015290,-0.014270,0.100000,-0.005254,-0.036597
-0.017286,0.070000,-0.005916,0.040000,-0.000428,-0.010000,0.005636,0.030000,-0.010958,-0.130000,-0.023239,-0.180000,0.003155,0.020000,-0.002191,0.020000,0.002642,0.110000,0.010481,-0.180000,-0.005099,0.000000,0.019861,0.078903,-0.011997,0.090000,0.000130,0.019475
-0.004166,0.060000,-0.006045,-0.040000,0.006035,-0.010000,0.016162,0.020000,0.005203,-0.040000,0.014930,0.120000,-0.003519,-0.040000,0.002396,0.040000,-0.003196,0.140000,0.000044,-0.060000,-0.018776,0.010000,0.009297,-0.023121,-0.008527,0.080000,0.011207,-0.081355
0.011892,-0.020000,0.006742,-0.030000,0.007736,-0.010000,-0.001584,0.000000,-0.004425,0.170000,0.028560,0.080000,-0.001478,-0.010000,0.005934,-0.040000,0.014240,0.010000,-0.002002,0.010000,-0.007413,0.030000,-0.010072,0.001583,0.005276,0.030000,0.000784,-0.036255
0.001784,0.000000,-0.001390,-0.060000,0.000986,0.010000,0.002397,-0.040000,-0.016746,-0.130000,0.000477,-0.090000,0.008356,0.030000,0.010522,0.070000,0.020751,-0.000000,0.015410,-0.000000,-0.005024,0.010000,-0.007577,0.034037,0.001476,0.010000,0.001930,0.036298
-0.008645,-0.110000,0.003550,-0.050000,0.000741,-0.000000,-0.004595,0.000000,-0.032925,0.020000,0.007770,0.030000,0.004395,-0.080000,0.001669,-0.020000,-0.001601,0.180000,0.000266,-0.030000,0.006878,-0.010000,-0.010816,-0.075080,-0.002523,0.030000,0.000934,0.087790
0.000465,-0.060000,-0.000790,-0.020000,-0.000006,0.000000,0.011271,0.080000,0.007285,-0.020000,-0.005887,-0.080000,-0.006060,-0.050000,-0.007390,-0.010000,-0.014535,0.260000,0.003306,-0.020000,-0.007025,0.060000,-0.022773,0.009212,-0.012926,0.020000,0.003243,-0.020657
-0.001554,0.010000,-0.001949,-0.020000,-0.005127,0.010000,0.001791,0.030000,0.006152,0.050000,-0.006540,0.000000,0.007033,-0.090000,-0.012442,0.010000,-0.000813,0.030000,-0.004245,-0.140000,0.008767,-0.010000,0.023421,0.057212,0.006918,0.040000,0.005508,-0.015851
0.001992,-0.040000,0.006389,-0.040000,-0.009799,0.040000,-0.000624,-0.030000,0.012108,0.050000,0.015190,0.030000,-0.019038,0.060000,-0.000316,0.030000,-0.011610,-0.060000,0.000321,0.010000,0.006500,0.010000,-0.003291,-0.015213,-0.017636,0.060000,0.009826,-0.150916
0.004016,-0.010000,-0.011152,-0.060000,0.002628,-0.010000,0.008836,0.050000,-0.006311,0.250000,0.015037,0.100000,0.004073,0.010000,-0.010808,0.050000,-0.001248,-0.000000,-0.001886,0.170000,0.000580,-0.030000,-0.004363,-0.005343,-0.011602,0.080000,-0.012595,0.130091
-0.006939,0.120000,0.008819,0.020000,0.001211,0.050000,-0.001936,-0.030000,0.005569,-0.040000,-0.001778,0.100000,-0.004489,0.030000,0.003110,-0.030000,0.005264,0.140000,-0.000259,0.060000,0.001314,0.050000,0.004850,0.020411,0.004175,0.010000,0.006126,0.197614
-0.003854,0.030000,0.006062,-0.020000,-0.002313,-0.030000,0.002787,-0.020000,0.011335,0.120000,0.007510,0.030000,-0.008386,-0.130000,0.001543,0.020000,0.011539,-0.050000,-0.003668,-0.000000,0.011455,-0.040000,-0.006228,-0.010261,0.007488,0.000000,0.006016,-0.067702
-0.001628,-0.050000,-0.003282,0.020000,0.004023,0.000000,-0.007949,0.030000,-0.008343,0.080000,-0.025271,-0.170000,-0.006539,0.000000,0.006287,-0.050000,-0.007169,0.020000,0.004003,-0.110000,-0.006043,0.060000,-0.001842,0.096820,0.013405,-0.010000,0.015622,-0.059373
0.007037,-0.030000,0.006428,0.000000,-0.003199,0.010000,-0.001285,-0.030000,0.005267,-0.110000,0.006050,0.070000,-0.013554,-0.070000,-0.011641,-0.010000,-0.001794,0.060000,0.007182,0.020000,0.007414,0.010000,0.005052,-0.028885,0.002549,-0.050000,0.005697,0.118131
-0.004329,-0.100000,0.003446,0.000000,-0.008139,-0.010000,-0.001265,-0.020000,0.008796,-0.260000,0.001224,0.130000,0.012289,0.010000,0.004417,-0.010000,0.023390,0.120000,-0.003283,-0.050000,-0.008114,-0.040000,0.000348,-0.018859,-0.012430,0.100000,-0.005128,-0.021986
0.009660,-0.050000,-0.000074,0.010000,0.001307,-0.000000,-0.004359,0.000000,0.000594,-0.120000,-0.013746,0.060000,-0.007316,0.010000,0.000915,0.100000,-0.004410,-0.070000,-0.002497,0.050000,-0.007506,-0.020000,0.006584,0.046470,-0.020495,0.070000,0.007408,0.064488
-0.013018,0.020000,-0.006661,-0.050000,0.008565,0.020000,0.012921,0.020000,0.003877,0.130000,-0.015021,-0.040000,-0.001339,0.070000,-0.007805,0.030000,0.026374,-0.700000,0.007013,-0.070000,-0.002865,-0.040000,-0.000889,0.015000,-0.000581,-0.030000,-0.010833,0.000326
-0.005700,0.040000,0.000401,0.040000,-0.002301,0.020000,0.001773,0.000000,0.012776,0.040000,0.006280,-0.060000,0.008271,0.060000,-0.010992,0.020000,-0.012465,-0.120000,0.000462,0.010000,-0.002027,-0.020000,-0.006131,-0.026680,0.131991,-0.040000,0.006827,0.073715
-0.001135,0.060000,-0.004113,0.040000,-0.002094,-0.020000,0.005758,0.020000,-0.023351,-0.200000,-0.001361,-0.080000,-0.018584,-0.080000,0.004921,-0.020000,0.003372,-0.090000,-0.003258,0.010000,-0.007816,-0.060000,0.007156,-0.015336,-0.001041,0.010000,-0.015626,-0.150552
-0.010592,-0.050000,0.003698,-0.050000,-0.000902,0.010000,-0.003511,0.010000,0.001900,-0.080000,0.004900,-0.020000,-0.017966,-0.010000,0.012585,0.000000,0.006714,0.040000,-0.002654,0.130000,0.008814,-0.030000,0.003764,0.051526,-0.005255,0.020000,-0.015501,-0.135196
0.008194,0.110000,0.002879,-0.030000,-0.006281,0.010000,-0.003906,0.000000,0.002133,0.010000,0.016670,0.140000,-0.017022,0.030000,0.002807,0.020000,0.007110,-0.170000,-0.000774,-0.090000,0.003240,0.010000,0.010050,0.055858,0.015043,-0.100000,0.019099,0.065144
-0.000091,-0.040000,0.002572,0.020000,0.006413,0.000000,-0.002073,-0.020000,-0.003986,0.000000,0.008077,0.050000,-0.001801,0.010000,-0.004610,-0.010000,0.005573,-0.100000,-0.005290,0.010000,-0.002481,0.020000,0.007279,0.067264,0.016245,0.010000,0.004609,-0.019126
0.003336,0.010000,-0.009861,-0.000000,0.002506,0.020000,0.000746,0.030000,0.007553,0.110000,0.000809,0.070000,-0.002767,-0.050000,-0.016927,-0.040000,0.001670,0.080000,0.000241,0.060000,-0.003889,0.010000,-0.000262,-0.023445,-0.015292,0.080000,-0.008038,-0.035307
-0.000179,0.090000,-0.016848,-0.010000,0.005792,0.040000,0.003537,-0.020000,0.018448,-0.160000,-0.014282,-0.090000,0.017687,-0.040000,-0.003160,-0.060000,-0.011042,0.200000,0.008736,-0.010000,-0.002652,0.070000,-0.008109,0.011419,0.000078,0.050000,-0.007200,-0.044326
0.012253,-0.020000,-0.001939,0.070000,0.008126,0.000000,0.008723,0.000000,-0.004674,-0.230000,0.001504,-0.100000,-0.007878,-0.090000,-0.005688,0.030000,0.003945,-0.260000,-0.002366,-0.020000,0.007066,0.020000,-0.000856,0.044458,-0.020770,0.030000,0.019838,-0.036413
0.003523,0.070000,0.015751,0.010000,0.005034,0.000000,-0.002227,0.000000,-0.004572,-0.060000,-0.006852,-0.070000,-0.013524,-0.050000,0.010633,-0.030000,0.002067,-0.200000,-0.000457,0.170000,-0.007602,-0.010000,-0.002182,-0.009588,0.008810,-0.040000,0.005462,0.045447
-0.007158,-0.040000,-0.007306,-0.020000,0.000845,0.000000,0.001342,-0.010000,-0.015780,0.050000,-0.014438,-0.130000,0.001502,-0.040000,-0.001264,-0.020000,0.005706,-0.040000,-0.001761,-0.020000,-0.010135,-0.030000,-0.006005,0.130368,0.005883,-0.070000,-0.015588,-0.063992
0.012245,0.050000,0.002919,0.030000,-0.001813,-0.010000,0.006439,0.000000,-0.001934,-0.010000,0.000000,0.000000,-0.006622,0.070000,0.003667,-0.080000,0.003034,0.070000,-0.010305,0.040000,0.015314,-0.050000,0.013357,0.064564,0.008695,0.000000,-0.004560,-0.095586
0.002048,-0.010000,0.003259,0.030000,0.002771,0.010000,-0.014755,0.000000,0.003309,-0.100000,-0.024552,-0.030000,0.006246,0.030000,-0.002115,-0.040000,0.004453,-0.110000,-0.002790,0.000000,-0.006302,0.010000,-0.006743,0.006119,0.014594,0.120000,-0.019837,0.141096
0.000118,-0.040000,-0.008961,-0.030000,0.003940,0.030000,0.007083,0.030000,0.000738,0.090000,0.003223,-0.020000,0.012808,0.010000,-0.004072,-0.010000,0.009523,0.030000,-0.005992,-0.110000,0.007705,0.010000,-0.004303,-0.102068,0.006163,0.030000,-0.025090,-0.055617
-0.010065,-0.000000,0.003656,0.010000,-0.002333,0.040000,0.005710,0.080000,0.008307,0.300000,-0.018352,0.000000,0.007251,-0.070000,0.002513,0.010000,0.018567,-0.190000,-0.000730,0.040000,0.005344,0.080000,-0.009722,0.008771,0.005518,-0.030000,0.024402,-0.108252
0.000069,0.070000,0.001832,0.010000,-0.000498,0.000000,0.014847,0.040000,-0.006752,0.010000,0.013624,-0.040000,0.005091,-0.030000,-0.012462,0.010000,0.000668,0.040000,0.005627,0.130000,-0.004968,-0.000000,0.002067,0.020669,0.002618,0.000000,-0.015708,-0.049242
0.000705,-0.030000,0.002081,0.010000,-0.003081,-0.010000,0.005492,0.050000,-0.002524,0.020000,0.007948,0.090000,-0.024878,0.060000,0.000699,-0.010000,0.007109,0.250000,0.000280,-0.030000,-0.023037,-0.060000,0.003864,0.042270,-0.001274,0.050000,0.009027,0.003569
-0.000874,-0.100000,-0.005561,0.040000,0.002360,-0.000000,-0.006555,0.020000,-0.004090,-0.020000,-0.013595,-0.090000,-0.043721,-0.040000,-0.022195,0.040000,-0.011289,-0.040000,0.001647,-0.030000,0.005792,0.020000,0.005674,0.036057,-0.001151,0.040000,-0.007682,0.019382
-0.004272,-0.010000,-0.003982,0.050000,-0.005006,-0.020000,0.000416,0.000000,0.024104,-0.060000,0.010871,-0.010000,0.014565,0.030000,0.012182,-0.010000,-0.004381,-0.230000,-0.006530,-0.090000,-0.005282,0.040000,0.009023,0.139976,-0.007417,-0.060000,-0.004934,-0.030439
-0.000933,-0.050000,-0.000445,0.040000,-0.001573,-0.010000,0.002276,-0.050000,-0.007016,-0.280000,-0.024925,-0.090000,-0.024018,-0.110000,-0.003184,-0.030000,0.001173,-0.070000,0.000430,0.010000,0.002105,0.000000,0.010311,-0.018310,-0.006249,-0.020000,-0.010894,0.115508
-0.000107,0.100000,-0.018077,0.020000,-0.001575,-0.010000,-0.003753,0.050000,0.013861,0.150000,-0.005612,0.020000,0.003918,-0.020000,0.079830,0.010000,0.007587,-0.270000,0.005342,-0.040000,0.007975,-0.010000,0.000884,0.003872,-0.000788,0.070000,-0.029985,-0.013746
0.001920,0.040000,0.008807,0.030000,-0.006615,0.010000,-0.007190,-0.040000,-0.001333,0.110000,-0.029093,-0.080000,-0.019930,-0.030000,-0.004278,0.050000,-0.008622,0.180000,0.001540,-0.010000,0.007240,0.010000,-0.005670,-0.062216,-0.004078,0.020000,-0.009463,-0.053124
-0.006876,-0.010000,0.003495,0.010000,-0.009865,-0.000000,0.008136,-0.010000,-0.006611,0.020000,-0.006045,0.000000,0.017927,0.040000,-0.009284,0.050000,0.001185,0.170000,-0.009018,0.140000,0.002942,0.050000,0.001441,0.042452,0.011481,0.030000,0.003212,-0.117446
-0.008569,0.100000,0.001869,0.000000,-0.002099,-0.020000,0.013936,0.000000,0.002099,0.210000,-0.011085,-0.140000,-0.023391,-0.030000,-0.002894,0.040000,0.008472,-0.110000,-0.006038,0.010000,0.004152,0.030000,0.003483,-0.000420,-0.009217,0.070000,-0.001787,-0.016168
-0.001902,-0.110000,-0.003354,0.060000,0.001490,-0.080000,0.000317,0.020000,-0.014623,0.020000,0.021442,-0.010000,-0.017978,-0.010000,-0.028145,-0.030000,-0.001915,0.170000,0.000878,-0.050000,0.017159,-0.060000,0.004386,0.145693,0.002334,0.050000,0.026509,-0.000999
-0.003592,-0.060000,0.003478,-0.050000,0.005863,0.030000,-0.003011,-0.020000,0.002419,0.070000,0.010063,0.170000,-0.003487,-0.040000,0.008798,-0.050000,0.006765,0.210000,-0.002438,0.060000,-0.015637,0.010000,0.000766,-0.028534,0.009254,0.020000,0.001720,0.020003
0.008039,-0.040000,-0.003729,0.010000,-0.009273,0.000000,0.003616,-0.050000,0.015385,0.080000,-0.015872,-0.070000,0.019319,0.070000,-0.006646,-0.040000,0.002213,-0.130000,-0.004927,0.080000,-0.001517,-0.020000,-0.001039,0.045615,0.001146,-0.030000,-0.006796,0.092583
-0.008199,-0.080000,-0.002377,0.060000,-0.005631,0.020000,-0.001489,0.000000,-0.008019,-0.060000,0.017548,0.000000,0.011334,0.050000,-0.016574,0.010000,-0.002521,0.130000,-0.004675,0.010000,0.005331,0.010000,0.020680,-0.033570,-0.004378,0.010000,0.014407,-0.099600
-0.000206,-0.040000,-0.004451,-0.030000,-0.000557,0.010000,-0.025678,-0.010000,0.001555,0.020000,0.006160,0.080000,0.025291,0.150000,-0.007493,-0.020000,-0.011500,-0.100000,-0.002709,0.110000,0.013396,-0.000000,0.005652,0.059201,0.010364,-0.020000,0.012850,0.074134
-0.006275,-0.010000,-0.001187,0.030000,0.002377,-0.000000,0.009761,0.030000,-0.010839,-0.050000,-0.004764,0.090000,-0.023783,-0.050000,0.000325,0.080000,0.006878,-0.130000,0.001293,-0.050000,-0.000839,-0.020000,0.008456,0.035029,0.007208,-0.080000,-0.000347,-0.055150
0.001771,-0.010000,0.004986,0.020000,0.003628,-0.000000,-0.019312,0.040000,0.022119,0.320000,0.016772,-0.110000,-0.006017,0.020000,-0.005825,0.020000,0.010915,-0.090000,-0.004397,0.000000,-0.012001,-0.010000,0.004245,0.005254,0.001238,0.040000,0.003063,0.032842
0.001677,0.060000,-0.002650,-0.010000,-0.004752,-0.000000,0.016052,-0.020000,-0.008726,-0.080000,0.012237,-0.050000,0.011401,-0.060000,-0.008293,0.010000,-0.006889,0.090000,0.000462,-0.120000,-0.009824,0.030000,-0.003283,0.031150,-0.004946,0.000000,0.016310,0.042689
-0.005070,0.030000,0.014824,-0.000000,-0.013114,0.030000,0.013898,0.030000,0.014686,-0.070000,-0.010463,0.060000,-0.014118,0.040000,-0.012058,0.040000,-0.005221,0.140000,-0.002633,0.030000,-0.008879,-0.050000,-0.006921,0.018406,-0.001397,0.030000,0.003877,0.002747
-0.000614,-0.070000,-0.010768,0.050000,0.006557,-0.010000,0.001009,0.030000,0.009611,0.270000,-0.031995,-0.070000,-0.033312,-0.040000,0.039361,-0.030000,-0.014379,-0.060000,-0.001992,0.010000,0.002204,-0.010000,0.000492,0.017039,-0.004621,0.070000,0.009665,0.136228
0.012185,-0.020000,0.007554,-0.000000,0.003440,0.000000,0.010853,0.000000,0.006380,-0.210000,-0.007624,0.000000,-0.002903,-0.010000,0.002224,0.020000,-0.013646,0.120000,-0.007078,-0.090000,0.012425,-0.000000,0.007525,-0.017141,0.003182,-0.020000,0.021096,-0.024527
-0.012812,-0.060000,0.000830,0.000000,0.005849,-0.030000,0.003897,0.040000,-0.003408,-0.250000,0.007886,0.130000,0.044397,0.030000,-0.001851,0.020000,-0.009798,-0.060000,0.007881,-0.070000,-0.005205,0.010000,-0.005063,0.022119,0.002173,-0.060000,0.018628,0.066620
0.004746,0.000000,-0.014930,-0.020000,0.004564,-0.000000,0.007399,0.000000,-0.019105,0.100000,-0.004204,-0.100000,-0.019100,-0.080000,-0.012731,0.050000,-0.003138,0.020000,0.001700,0.040000,-0.000519,-0.040000,-0.002458,-0.052199,0.003770,-0.030000,0.008745,0.010503
-0.016903,-0.080000,0.001265,-0.050000,-0.002140,-0.000000,-0.001113,-0.010000,0.004837,-0.290000,0.005889,-0.020000,0.007702,0.050000,0.016742,0.040000,-0.002982,-0.010000,0.004986,-0.040000,-0.002989,0.070000,0.005053,0.035515,-0.001592,0.010000,0.006344,0.084460
-0.000897,0.060000,0.012539,0.010000,0.002180,-0.010000,-0.000345,-0.030000,0.005005,-0.060000,0.007266,0.040000,0.026203,0.160000,0.005352,-0.040000,0.008362,-0.160000,0.001042,-0.060000,0.008813,0.020000,0.005760,0.009374,-0.000366,0.050000,-0.000745,0.032722
-0.007228,-0.000000,-0.008270,0.040000,0.009644,-0.020000,0.001662,0.010000,-0.007999,0.000000,0.013604,0.040000,-0.001458,0.040000,0.021535,-0.020000,-0.010617,0.010000,0.002305,0.020000,-0.008160,-0.080000,0.000324,-0.065720,-0.005182,-0.020000,-0.003412,0.038796
-0.006942,0.030000,0.011324,-0.040000,0.009726,-0.030000,0.004711,0.040000,-0.001828,0.030000,-0.013421,0.150000,0.016204,0.060000,-0.017128,0.010000,0.002196,-0.090000,0.000923,0.070000,-0.009517,0.010000,-0.003031,-0.069683,0.004061,-0.020000,0.000179,0.085018
0.003817,-0.000000,0.001444,-0.020000,0.006604,-0.030000,-0.000569,0.100000,-0.009285,-0.090000,0.000838,-0.090000,-0.003150,0.110000,-0.004306,-0.020000,0.002030,-0.020000,-0.003703,-0.000000,-0.015841,-0.040000,0.010033,0.030466,-0.001192,0.020000,-0.005636,-0.008677
0.000616,-0.010000,0.008884,0.040000,0.001026,-0.020000,-0.000320,-0.010000,-0.007190,0.090000,-0.000896,0.130000,0.010180,-0.070000,-0.014439,0.070000,-0.012481,0.140000,-0.004065,-0.010000,-0.003349,-0.030000,-0.001166,0.017987,0.000409,-0.010000,-0.002272,-0.000627
-0.006282,0.060000,-0.009669,0.010000,0.005106,0.010000,-0.004416,0.000000,-0.002274,0.120000,0.008341,0.040000,0.039184,-0.070000,-0.002829,0.060000,0.002433,-0.020000,0.007329,-0.120000,-0.013760,0.040000,0.004623,-0.005126,0.005317,-0.020000,-0.001104,0.028913
0.009707,-0.010000,-0.007257,-0.040000,0.001562,-0.020000,-0.001855,0.050000,-0.002675,-0.110000,-0.012867,-0.160000,0.013696,0.120000,-0.000180,0.020000,0.005326,-0.020000,-0.001883,0.020000,-0.003583,0.120000,-0.011424,-0.030165,-0.010470,0.010000,-0.009522,-0.004802
0.004787,-0.020000,-0.005941,0.010000,0.001761,0.000000,-0.007733,0.030000,-0.001532,-0.180000,0.007881,0.020000,-0.007330,0.010000,0.031534,0.060000,0.006217,-0.330000,-0.014406,0.030000,0.004901,0.010000,0.010557,-0.000527,-0.005531,0.040000,-0.006507,-0.017849
-0.006163,-0.010000,0.012122,0.010000,-0.002660,0.010000,0.001256,0.000000,-0.005645,0.170000,0.013813,0.120000,-0.015882,-0.090000,-0.004764,-0.120000,0.000746,-0.180000,-0.000966,0.020000,0.017605,0.000000,-0.006205,-0.001397,0.003530,-0.010000,0.002383,-0.017601
-0.002906,-0.000000,0.001589,0.010000,-0.007311,-0.000000,0.011352,0.010000,-0.021182,0.210000,0.006918,-0.030000,-0.012833,0.020000,-0.006343,-0.010000,0.008389,0.150000,-0.000041,-0.000000,-0.013084,-0.040000,-0.012316,-0.035290,-0.004805,0.030000,0.000069,0.001017
0.008095,-0.040000,-0.000172,0.020000,0.001474,0.020000,-0.024479,0.160000,-0.089488,0.180000,-0.000919,-0.030000,0.015102,0.050000,-0.007416,0.040000,-0.003030,-0.090000,-0.001776,-0.060000,0.007710,-0.040000,-0.000106,-0.005365,0.005559,-0.050000,0.000376,-0.025550
-0.001920,-0.050000,0.001299,0.020000,0.000311,0.020000,-0.004750,-0.100000,-0.002924,0.110000,-0.008942,-0.140000,0.003785,-0.070000,0.022079,0.000000,-0.006530,-0.010000,-0.010461,-0.040000,-0.000818,-0.020000,0.007962,0.077853,-0.000876,0.020000,-0.009533,-0.029525
-0.002278,0.010000,-0.021605,-0.010000,-0.008349,0.010000,0.023791,0.010000,-0.016863,-0.030000,-0.027090,-0.180000,0.014490,0.140000,-0.001613,-0.060000,0.005555,0.000000,-0.002862,-0.010000,0.011513,0.020000,0.014443,0.033082,0.001047,-0.010000,-0.005266,0.049502
0.002521,0.020000,0.009771,0.040000,-0.005554,0.030000,-0.008081,-0.030000,-0.017001,0.200000,0.000534,0.010000,-0.001571,0.020000,-0.001905,-0.030000,0.017608,-0.260000,-0.005602,-0.030000,-0.012114,0.010000,0.001617,0.081552,0.002807,-0.040000,0.006058,0.027831
0.004229,-0.100000,0.002774,0.060000,-0.005087,-0.010000,-0.013066,0.050000,0.027263,0.060000,-0.003448,0.090000,0.014443,-0.050000,-0.001559,0.100000,-0.003987,-0.050000,0.007969,0.090000,0.000571,-0.050000,-0.000531,0.044463,0.009734,-0.010000,-0.003337,0.011899
-0.001651,-0.020000,-0.008197,-0.050000,-0.003173,0.000000,-0.013417,0.070000,0.009503,-0.010000,0.005238,0.070000,0.000313,0.020000,0.007980,-0.040000,-0.007210,0.020000,-0.001442,-0.050000,-0.005321,0.020000,0.001340,-0.060447,0.007706,-0.110000,0.000329,-0.036937
0.000534,-0.020000,-0.001141,0.020000,-0.003941,-0.010000,0.019496,0.020000,-0.002180,-0.120000,-0.022014,-0.080000,-0.017591,-0.080000,0.006877,0.020000,-0.004124,0.250000,-0.006790,-0.030000,0.017138,0.100000,-0.018962,-0.051278,0.002974,0.000000,0.004494,-0.017831
-0.001003,-0.010000,0.015111,0.000000,0.001279,-0.010000,-0.005359,0.030000,0.006428,0.150000,-0.008410,-0.060000,0.015715,-0.000000,-0.000432,-0.090000,-0.002822,-0.010000,0.001877,0.010000,0.007609,0.080000,0.001064,-0.047768,-0.000660,0.030000,-0.016587,-0.009371
0.007895,-0.030000,-0.000028,0.050000,0.005266,0.000000,0.014155,-0.040000,0.018511,0.010000,-0.015463,-0.100000,-0.002498,0.000000,0.001037,-0.050000,-0.005565,0.120000,-0.003253,-0.040000,0.016037,-0.020000,0.008240,-0.092900,0.004755,-0.020000,-0.008794,-0.047424
-0.002821,-0.090000,-0.010204,-0.020000,0.007688,-0.000000,0.006030,-0.020000,0.008397,0.070000,0.037130,0.140000,-0.002628,0.030000,0.002562,-0.140000,-0.001557,0.030000,0.003334,-0.000000,0.003762,-0.020000,0.007275,-0.036317,-0.012732,-0.050000,-0.002144,-0.096510
0.002602,0.010000,-0.022229,0.000000,0.000736,0.000000,0.010395,0.010000,0.006666,-0.190000,-0.008996,-0.110000,-0.001193,-0.030000,0.001066,0.140000,0.004171,0.020000,0.005718,-0.020000,0.001036,-0.040000,-0.011812,-0.039729,0.009590,0.010000,-0.004475,-0.034773
0.007092,0.020000,0.009726,-0.020000,-0.000576,-0.000000,0.001015,0.100000,0.004515,0.120000,0.005127,0.070000,0.000435,0.110000,0.006135,-0.050000,0.005201,0.080000,-0.002217,-0.000000,-0.003361,-0.030000,-0.001166,-0.047259,-0.003025,-0.010000,-0.004913,-0.123828
0.001533,0.010000,0.007871,0.020000,-0.002447,-0.020000,0.006492,-0.020000,0.018189,0.180000,-0.020783,-0.120000,-0.005881,0.210000,0.004045,-0.010000,-0.002731,0.020000,-0.002734,-0.020000,-0.001964,-0.060000,0.006948,-0.039581,0.004373,-0.090000,-0.000900,0.006727
-0.004430,-0.020000,-0.004318,-0.000000,0.004084,0.000000,-0.001570,0.000000,0.006098,0.050000,-0.008959,-0.100000,0.002794,-0.050000,-0.016195,0.050000,0.005786,-0.100000,-0.003454,0.000000,0.004238,-0.060000,0.003263,0.052773,-0.002458,-0.040000,0.004126,-0.013120
-0.003284,0.080000,0.000901,0.060000,0.002185,0.010000,0.002879,0.010000,-0.001343,0.150000,0.042410,0.140000,-0.000176,0.050000,0.005190,0.070000,0.004809,0.080000,-0.004275,0.050000,-0.010553,0.020000,0.005599,-0.072897,-0.020698,-0.040000,-0.005724,0.013968
0.007599,-0.100000,-0.004858,0.050000,-0.000878,0.020000,-0.014761,0.080000,-0.010308,0.150000,-0.024287,-0.100000,0.028625,-0.020000,0.009367,-0.080000,0.004395,-0.040000,0.001890,-0.070000,0.004709,0.070000,-0.025525,-0.048515,0.001841,-0.050000,0.004104,-0.049739
0.008583,0.030000,0.011335,0.050000,-0.003321,-0.010000,-0.000603,0.030000,-0.022610,-0.000000,0.023944,-0.040000,0.003161,-0.020000,0.004398,0.030000,0.000177,0.170000,0.002610,0.020000,0.007305,0.040000,0.004570,0.000061,-0.001541,-0.010000,0.005219,-0.025741
0.002632,0.040000,0.000892,0.010000,-0.007340,0.020000,0.007025,-0.050000,0.006788,0.160000,0.015321,0.220000,0.001611,-0.050000,-0.002481,0.000000,-0.001609,0.030000,0.007490,-0.070000,-0.000575,-0.050000,-0.001482,0.017931,0.000054,0.010000,-0.007634,0.053874
-0.001042,-0.060000,0.004147,0.030000,-0.000987,0.000000,-0.007631,-0.060000,0.003822,0.130000,0.002304,-0.050000,0.016734,0.010000,-0.022674,0.020000,-0.009307,0.050000,-0.000087,-0.010000,-0.000673,0.020000,0.014873,0.090073,0.005394,-0.080000,-0.002089,0.012075
-0.010270,-0.060000,0.006737,0.010000,-0.003257,-0.000000,-0.005467,-0.010000,-0.005285,0.150000,-0.008766,0.000000,-0.003041,0.010000,0.018575,-0.060000,-0.010011,0.060000,0.004520,0.000000,0.003496,0.000000,0.009649,-0.017682,-0.006817,0.000000,0.001288,0.085354
-0.002014,-0.010000,0.002427,0.000000,-0.001676,0.020000,0.005240,0.010000,-0.002532,-0.160000,-0.011460,0.050000,-0.017376,-0.030000,-0.021409,0.100000,-0.005596,0.000000,0.001573,0.060000,-0.008405,0.020000,-0.004588,0.010704,-0.009231,-0.030000,-0.013270,0.016368
-0.007639,-0.020000,0.007005,0.070000,0.003065,0.010000,0.016631,0.040000,0.012740,-0.040000,-0.007950,-0.090000,0.004443,0.110000,0.006764,0.070000,0.009697,-0.210000,0.002369,-0.110000,-0.000614,0.010000,-0.009003,0.068350,0.003845,0.080000,-0.002703,-0.043091
0.008265,-0.110000,0.003031,-0.010000,0.003381,-0.010000,-0.000868,0.060000,-0.007351,-0.110000,0.005687,-0.020000,-0.011530,-0.010000,-0.001079,0.040000,-0.003432,-0.130000,0.003491,-0.050000,0.006561,-0.030000,-0.006442,-0.027902,0.006935,0.010000,-0.007007,0.106124
0.007305,0.030000,0.007745,0.060000,0.005689,-0.010000,-0.003158,0.000000,-0.012827,-0.020000,0.035896,0.120000,-0.007533,0.020000,-0.000750,-0.060000,-0.000073,0.150000,0.009510,-0.140000,0.010734,-0.040000,0.011146,-0.043650,-0.006205,0.040000,0.009513,-0.048964
0.005756,-0.060000,0.006512,0.000000,0.008660,-0.000000,0.003623,0.010000,-0.002231,0.010000,-0.001934,0.030000,-0.015549,0.000000,0.005236,-0.000000,0.005872,0.170000,-0.004178,-0.010000,-0.022130,0.080000,0.002890,-0.034838,-0.008058,0.030000,-0.004514,-0.060365
0.009063,0.120000,0.004340,0.020000,-0.003011,-0.000000,0.011825,-0.050000,-0.003326,0.220000,0.001302,0.010000,0.007407,-0.110000,0.010862,-0.060000,-0.005847,0.130000,-0.005534,-0.030000,0.006105,-0.020000,0.009669,0.004938,-0.005029,0.000000,-0.003443,0.083077
-0.003242,-0.060000,-0.002880,-0.060000,-0.005249,0.000000,0.014438,0.040000,0.003511,0.000000,0.000796,-0.110000,0.002243,-0.040000,-0.010526,0.130000,0.000527,-0.090000,-0.001937,-0.080000,-0.008887,-0.000000,0.006305,0.053119,-0.006583,0.000000,-0.008635,-0.007283
0.005684,-0.050000,-0.000947,-0.010000,-0.007032,-0.000000,-0.000974,-0.060000,-0.004052,-0.110000,0.001562,0.070000,0.004915,-0.030000,0.008319,-0.020000,0.010039,-0.210000,0.003266,0.030000,-0.008174,-0.080000,0.015153,0.038545,0.003714,-0.020000,-0.030278,-0.142086
0.005387,0.070000,0.007678,0.050000,-0.004058,-0.010000,0.001475,0.010000,-0.023972,0.210000,-0.005100,0.010000,0.011032,-0.060000,0.004251,0.040000,-0.004777,0.040000,0.000661,0.040000,0.010471,-0.050000,-0.009396,0.061794,-0.010410,0.120000,-0.000202,0.009433
-0.002013,-0.060000,0.000441,0.020000,-0.005542,-0.010000,0.004221,-0.040000,0.016023,0.290000,-0.008092,-0.090000,-0.008160,-0.020000,0.006401,0.020000,-0.003546,0.250000,0.001643,-0.010000,-0.010590,-0.020000,-0.002287,-0.091112,0.003022,-0.030000,0.000875,-0.031707
-0.011446,-0.110000,0.003636,0.010000,0.004857,-0.010000,0.007720,0.030000,0.006376,-0.050000,0.004474,0.060000,0.005244,0.050000,0.001799,0.010000,0.007291,0.080000,0.002626,-0.030000,-0.006408,0.020000,-0.012333,-0.090701,0.008288,-0.100000,-0.020990,-0.021901
0.009363,0.020000,-0.001877,0.040000,-0.008533,0.010000,-0.000196,0.020000,0.000958,0.090000,-0.020374,-0.060000,-0.009474,0.050000,-0.000684,-0.080000,0.000092,-0.150000,-0.007222,-0.080000,-0.005534,0.130000,-0.019846,-0.048397,0.003458,-0.040000,0.005351,0.091554
-0.005195,-0.020000,-0.003750,0.020000,-0.000395,0.000000,0.003295,-0.050000,-0.018432,-0.070000,-0.003384,0.040000,-0.008158,-0.070000,0.009803,0.070000,-0.004318,0.120000,0.009069,-0.120000,0.002935,0.020000,0.003479,-0.058258,-0.012636,0.110000,-0.004234,0.060628
0.001709,-0.020000,-0.010280,-0.030000,0.002871,-0.020000,-0.004088,0.000000,0.007778,-0.150000,0.004600,0.070000,-0.000220,-0.060000,-0.013983,-0.070000,0.013256,0.020000,0.003506,0.000000,-0.000617,0.000000,0.010805,0.049858,-0.013232,0.040000,0.009333,-0.052006
-0.001293,0.030000,-0.012124,0.030000,-0.003298,-0.000000,0.011094,-0.080000,0.012293,-0.120000,0.022691,0.120000,-0.011600,0.020000,0.013296,-0.110000,0.004220,0.060000,-0.005066,0.090000,-0.003654,-0.010000,0.003942,0.009118,0.008942,-0.080000,0.000374,0.051731
0.008188,-0.060000,-0.011176,0.020000,0.007940,0.010000,0.003609,0.030000,0.017244,-0.040000,0.000623,0.030000,-0.014767,-0.030000,0.003172,0.070000,0.002262,0.040000,-0.002109,0.010000,0.007796,-0.040000,-0.001396,-0.033707,-0.025145,0.090000,0.003634,0.094610
0.006623,0.060000,-0.015499,-0.010000,0.011684,0.000000,-0.005306,0.020000,-0.016572,0.270000,0.018139,0.020000,-0.004227,0.010000,0.003715,0.030000,0.016581,-0.020000,0.003470,0.040000,0.016709,0.030000,0.012875,0.039695,-0.016777,0.020000,-0.011526,-0.025077
0.002347,-0.040000,-0.001137,-0.020000,-0.002806,-0.010000,-0.006802,-0.030000,0.004616,0.060000,-0.001554,-0.020000,-0.007225,-0.000000,0.006717,-0.170000,-0.000301,0.180000,0.002971,-0.040000,-0.001071,0.000000,-0.002311,0.003827,0.001090,-0.090000,-0.005421,-0.050459
0.000565,0.060000,-0.002126,0.050000,-0.000699,-0.010000,0.009306,-0.010000,-0.000277,-0.050000,-0.008810,-0.010000,0.003104,-0.000000,0.002007,0.050000,-0.003639,0.150000,-0.009091,0.000000,0.000785,-0.000000,0.008468,0.023767,0.001953,-0.290000,0.005202,-0.034121
0.000284,-0.020000,-0.001363,0.040000,-0.002289,0.050000,-0.009211,0.000000,-0.001849,-0.010000,0.002900,0.030000,0.008756,-0.020000,0.003013,0.030000,0.003958,0.190000,0.007373,0.010000,0.012449,0.020000,-0.000427,0.074006,-0.000706,-0.020000,-0.000549,0.064272
-0.003321,0.020000,0.006978,0.010000,0.000821,-0.010000,0.010929,0.010000,-0.005692,-0.160000,0.006442,0.100000,0.012332,-0.020000,-0.001701,-0.120000,0.004394,0.020000,-0.006226,-0.020000,-0.001379,0.060000,0.004418,0.006660,0.006418,-0.090000,-0.003800,-0.031631
-0.002832,-0.050000,-0.006252,0.040000,0.000000,-0.000000,0.001782,0.000000,0.012562,0.030000,0.006495,0.040000,-0.008648,-0.090000,0.000308,-0.050000,0.004441,0.000000,-0.013715,0.050000,-0.003717,-0.100000,0.008680,0.017361,0.002576,-0.030000,0.006733,-0.054737
-0.004834,-0.170000,-0.025430,0.030000,0.009300,0.020000,-0.000215,0.050000,0.017324,-0.280000,-0.001052,-0.050000,-0.005237,0.010000,-0.008230,0.040000,-0.005054,0.070000,0.003932,-0.000000,0.008792,-0.030000,0.003710,-0.005016,0.006087,0.050000,0.003490,-0.159142
-0.000175,-0.070000,-0.013227,-0.020000,0.008313,0.000000,-0.000846,0.000000,-0.018089,-0.010000,-0.003889,-0.010000,-0.002099,0.090000,0.014122,0.120000,-0.009172,0.120000,-0.004390,-0.000000,0.006567,0.040000,-0.014066,0.001404,0.001784,-0.020000,-0.013651,0.042743
0.001958,0.060000,0.016473,0.020000,0.007730,0.010000,0.006763,0.020000,0.002395,-0.050000,-0.003846,-0.080000,-0.006031,0.020000,0.015578,-0.080000,0.010543,-0.050000,-0.003725,-0.010000,0.006782,0.080000,-0.004126,0.053328,-0.001924,-0.010000,-0.003265,-0.120726
0.003768,-0.010000,-0.009971,-0.010000,0.002477,0.010000,-0.007195,0.000000,-0.019574,0.130000,0.017141,0.010000,0.011886,0.100000,-0.003474,-0.020000,0.005220,0.040000,0.006218,-0.000000,0.007581,-0.060000,0.007812,-0.002985,-0.018094,-0.030000,-0.000329,0.023043
-0.001897,-0.040000,0.003864,0.010000,0.001685,-0.000000,0.002748,-0.020000,-0.018035,0.100000,0.003236,0.110000,-0.002487,0.070000,-0.009942,-0.010000,-0.007631,-0.000000,-0.003258,0.080000,0.003694,0.040000,0.007514,-0.077427,0.017156,-0.100000,-0.017544,-0.021023
-0.005603,-0.050000,0.004101,-0.000000,0.000695,-0.010000,-0.006678,-0.020000,0.005428,0.080000,-0.004534,-0.010000,0.010023,-0.050000,0.002841,-0.030000,0.007325,-0.100000,-0.009874,0.050000,-0.004541,0.010000,-0.006848,-0.043234,-0.011038,-0.100000,0.003740,0.028936
-0.003799,-0.030000,-0.007574,-0.010000,0.001484,-0.010000,0.000704,-0.020000,0.003824,-0.160000,0.007652,0.050000,-0.002152,0.020000,0.000468,0.030000,0.012500,-0.100000,-0.002973,-0.010000,0.004158,0.030000,0.005035,-0.088504,-0.001124,0.050000,0.006600,0.069117
-0.004446,-0.080000,-0.005398,0.000000,0.001544,0.000000,0.008165,-0.010000,-0.001040,0.050000,-0.018114,-0.060000,-0.012794,0.020000,0.005982,0.030000,0.000734,0.000000,-0.004603,0.020000,-0.002227,0.060000,-0.002576,-0.013119,0.003686,-0.170000,0.005648,0.084474
-0.004239,0.020000,-0.018915,-0.040000,0.008280,0.000000,0.007373,0.020000,-0.001523,-0.070000,0.003669,-0.080000,-0.022655,-0.020000,-0.010142,-0.140000,-0.006764,0.120000,0.013559,-0.180000,0.001718,0.030000,0.012988,0.039390,-0.015935,0.050000,0.002175,0.016720
-0.003115,0.050000,0.007630,-0.010000,0.005454,0.020000,-0.010436,0.030000,-0.015633,-0.140000,-0.006725,-0.020000,0.006695,-0.030000,0.000894,0.050000,-0.004186,0.020000,-0.004524,-0.080000,-0.004900,0.000000,-0.005561,0.018428,0.012669,0.010000,0.009465,-0.012056
0.006013,0.020000,0.008302,-0.060000,-0.004401,0.010000,-0.008674,0.010000,0.025449,0.060000,0.011021,0.010000,-0.013383,-0.060000,0.000986,-0.020000,0.000919,0.110000,-0.001853,0.080000,0.000299,-0.000000,0.013177,0.037239,-0.027230,-0.250000,0.003750,-0.007405
-0.004918,-0.030000,0.012743,-0.000000,-0.003123,0.010000,-0.021449,0.050000,0.003164,0.150000,-0.000385,0.120000,-0.001718,-0.010000,-0.002756,0.050000,-0.002039,0.080000,-0.007428,-0.030000,0.001896,0.010000,0.002529,-0.034133,-0.027394,0.060000,0.008689,0.022387
-0.001528,-0.000000,-0.005497,-0.020000,-0.003047,0.020000,0.012173,-0.030000,0.017879,-0.140000,0.004006,0.020000,0.025040,-0.030000,0.005063,-0.080000,0.002327,0.000000,-0.001291,-0.010000,0.009668,0.030000,-0.014093,0.008612,-0.007213,0.080000,-0.016472,-0.014097
-0.000338,-0.040000,-0.004372,-0.050000,0.003922,0.010000,0.014918,-0.030000,0.000456,-0.070000,0.010585,-0.090000,0.004528,0.020000,0.002764,0.030000,0.000730,0.040000,-0.008058,0.050000,0.007880,-0.040000,0.016649,0.067337,-0.000651,0.060000,0.002683,-0.005871
-0.001150,0.040000,-0.008467,0.040000,-0.000369,-0.000000,-0.002530,0.010000,-0.009515,-0.060000,0.001250,0.020000,-0.011497,-0.060000,0.004663,0.020000,0.000853,0.090000,-0.003374,-0.030000,0.001140,-0.030000,-0.004575,0.019185,-0.013131,-0.010000,-0.002667,-0.034865
-0.008127,-0.080000,-0.005009,-0.010000,0.005892,-0.010000,-0.008517,0.000000,0.016588,0.000000,0.000898,-0.020000,0.009313,0.020000,0.002874,0.030000,-0.002754,-0.050000,0.001088,-0.120000,0.007386,-0.030000,-0.009532,-0.005662,0.010648,0.110000,-0.004713,-0.012018
0.002573,-0.050000,0.004636,0.020000,-0.001348,0.020000,-0.002943,0.040000,0.016447,0.190000,-0.009274,-0.050000,-0.003951,-0.100000,-0.012441,-0.010000,0.009992,0.050000,0.000524,0.020000,-0.001414,0.030000,-0.013915,-0.040741,-0.003317,-0.040000,-0.005912,-0.032384
-0.000612,0.010000,-0.005919,0.010000,-0.011056,0.010000,0.010555,-0.050000,0.016541,-0.180000,-0.016053,0.030000,0.006517,0.010000,0.005330,0.020000,-0.006058,0.130000,0.008312,-0.080000,-0.016289,0.020000,-0.009538,-0.072628,0.032917,-0.030000,0.000440,-0.008562
-0.002748,0.040000,0.011292,0.010000,-0.003260,0.030000,-0.000784,0.000000,-0.010835,-0.000000,0.002617,0.110000,-0.003999,0.030000,0.000903,0.010000,-0.007273,0.110000,-0.002938,-0.040000,-0.002954,-0.010000,-0.002976,-0.072318,-0.056060,0.150000,-0.001860,-0.027498
-0.005249,0.090000,0.001892,-0.040000,-0.003855,0.040000,0.009911,-0.020000,-0.003492,-0.020000,-0.013210,-0.070000,-0.016823,-0.030000,-0.008682,0.000000,0.002096,0.000000,-0.002840,0.050000,0.005506,-0.070000,-0.004410,0.025780,0.013329,-0.110000,-0.007465,-0.025179
-0.002935,0.010000,0.005648,-0.030000,0.001547,0.040000,-0.002125,-0.050000,0.003544,-0.030000,0.006846,0.080000,-0.018032,-0.020000,-0.001127,-0.020000,0.004866,-0.130000,0.001761,-0.030000,-0.003204,0.020000,0.008107,0.062754,0.022481,0.080000,0.005665,0.031572
-0.001513,0.100000,-0.010269,0.010000,0.001423,0.080000,0.001877,0.020000,0.006831,-0.060000,0.003963,0.100000,0.016086,0.070000,0.010856,-0.060000,-0.002090,0.090000,0.017156,-0.050000,-0.001211,-0.030000,-0.002628,-0.020628,0.027334,-0.110000,0.000895,-0.053371
-0.006885,0.030000,-0.001036,0.010000,0.004783,0.000000,0.001165,0.030000,-0.005438,-0.050000,0.005335,0.050000,0.010809,0.000000,-0.008152,-0.060000,0.003537,-0.010000,-0.008927,-0.100000,-0.007238,-0.010000,0.001966,0.017962,-0.018634,0.040000,-0.002932,0.072553
0.006888,0.120000,-0.000359,-0.010000,0.003818,0.010000,0.000769,-0.030000,-0.018559,0.300000,0.001516,-0.020000,0.001622,-0.040000,-0.005753,-0.020000,0.002878,-0.140000,0.004772,0.010000,-0.003628,-0.030000,0.007927,-0.034225,-0.012170,0.080000,-0.007620,-0.092490
-0.000460,0.010000,0.007644,0.050000,-0.002540,0.030000,-0.000492,0.040000,0.012878,-0.060000,-0.010504,-0.080000,-0.000651,-0.020000,0.007863,0.010000,0.011636,0.220000,-0.001694,0.060000,-0.006910,-0.010000,0.013867,-0.044583,0.007835,-0.090000,0.000526,-0.047696
0.005784,0.040000,0.018157,0.030000,-0.006057,0.030000,0.001447,-0.030000,-0.016559,-0.050000,-0.005788,-0.060000,0.004685,-0.030000,0.010704,0.040000,0.001906,0.050000,0.013129,0.000000,-0.003633,0.060000,0.000085,-0.019125,0.020646,-0.100000,-0.009595,0.074105
0.002915,0.000000,0.006823,0.030000,-0.002464,0.030000,-0.003629,0.040000,0.005971,0.090000,-0.000327,0.060000,0.003418,0.020000,-0.000802,-0.060000,0.004787,-0.170000,-0.002007,0.030000,0.001200,-0.030000,0.011369,0.004984,-0.040602,-0.080000,-0.007773,-0.059463
-0.002642,-0.040000,0.003414,-0.000000,-0.001048,0.040000,0.008834,-0.070000,-0.014229,-0.030000,0.019496,0.080000,0.003005,0.060000,0.004286,-0.030000,-0.002284,0.040000,0.004947,0.030000,0.005352,0.020000,-0.000788,0.002584,0.010729,-0.030000,0.001225,-0.038469
-0.004855,-0.050000,-0.009888,-0.020000,-0.005648,-0.020000,-0.000797,0.010000,-0.027501,0.240000,-0.030889,-0.120000,-0.007486,0.010000,-0.003643,-0.000000,0.003431,-0.020000,0.003469,-0.030000,-0.009392,0.000000,-0.003344,-0.021868,-0.026883,-0.030000,0.007249,0.000669
0.004302,0.060000,0.006871,0.040000,-0.009689,-0.000000,0.000175,-0.040000,0.016270,-0.040000,0.000794,0.080000,-0.011244,-0.000000,0.001886,-0.000000,0.004715,-0.080000,-0.006769,0.120000,-0.000497,0.040000,0.001919,-0.040300,-0.017480,-0.080000,-0.000856,0.004939
0.004667,-0.050000,0.002839,-0.060000,0.004010,0.000000,-0.001824,-0.030000,-0.008751,0.200000,-0.002438,0.090000,0.004230,0.010000,-0.006552,0.070000,0.001666,0.190000,0.004366,0.010000,-0.004669,-0.010000,-0.001514,0.004955,0.006632,-0.060000,-0.000908,-0.103732
-0.003720,-0.040000,-0.005246,-0.060000,0.000246,0.030000,0.004652,-0.050000,-0.009943,0.160000,-0.016894,-0.010000,-0.017285,-0.200000,0.007348,0.020000,-0.000628,0.040000,-0.001323,0.000000,-0.004615,-0.060000,-0.008907,-0.019235,-0.007126,0.280000,-0.000813,-0.031208
0.006720,0.070000,0.002488,0.020000,-0.000978,-0.010000,0.001948,0.020000,0.000233,0.070000,0.003280,0.130000,0.002291,0.040000,0.005659,-0.040000,0.001817,0.030000,-0.016394,-0.010000,0.007048,-0.100000,0.000342,0.006010,0.003295,-0.030000,0.001005,0.051036
-0.000125,0.000000,-0.006381,0.010000,-0.001794,-0.010000,0.001815,0.040000,-0.009789,-0.070000,0.015046,0.040000,0.004498,-0.040000,-0.001684,-0.020000,-0.001122,-0.070000,0.003628,0.090000,0.002913,0.020000,0.002071,-0.022973,-0.000830,0.150000,-0.001729,0.060913
0.002786,-0.060000,-0.004154,-0.010000,-0.000371,-0.000000,-0.002012,0.000000,-0.001923,-0.050000,0.000081,-0.020000,0.001316,-0.020000,0.000367,0.080000,-0.000007,0.140000,0.013212,-0.120000,0.000842,-0.020000,0.000378,0.053857,0.006767,-0.060000,0.000837,0.007520
0.005095,0.110000,-0.006151,-0.030000,0.000327,0.010000,-0.005390,0.060000,0.007158,-0.210000,-0.006771,-0.020000,-0.005042,0.000000,0.005077,0.070000,0.005595,-0.070000,0.001612,-0.000000,-0.010838,0.020000,0.018338,0.081664,-0.031214,-0.090000,-0.003011,0.113003
0.001459,0.040000,-0.009426,0.030000,-0.001414,0.030000,-0.000436,-0.050000,0.004248,-0.030000,-0.009712,-0.070000,-0.007722,0.030000,0.018372,0.010000,-0.007049,0.010000,0.012588,-0.100000,0.003739,-0.020000,-0.007636,-0.000491,-0.007032,0.090000,0.003352,0.029195
-0.005093,-0.040000,-0.010102,-0.020000,0.000695,0.030000,-0.013125,-0.070000,0.003791,-0.200000,0.003752,0.060000,0.003335,-0.050000,0.003351,0.030000,0.004513,0.000000,0.005697,0.040000,0.005420,-0.040000,0.004528,-0.029383,-0.015826,-0.080000,-0.028591,0.047465
0.000198,0.020000,-0.000813,0.030000,-0.004344,-0.000000,0.014002,0.050000,0.002781,0.070000,-0.018543,-0.060000,-0.016176,-0.110000,-0.014159,0.030000,-0.001675,0.070000,-0.005863,-0.020000,-0.001492,-0.090000,0.004179,0.017134,-0.009867,-0.180000,0.003246,-0.043527
-0.006364,-0.060000,0.012569,-0.040000,0.000619,-0.020000,0.005125,-0.020000,-0.006889,0.000000,0.000053,0.030000,0.008058,0.060000,0.004504,-0.140000,0.004368,-0.090000,0.001369,0.020000,0.003814,-0.130000,0.002106,0.037104,0.014390,-0.270000,0.004872,0.000801
-0.005878,0.020000,-0.012345,0.030000,0.014013,-0.010000,-0.001083,0.020000,-0.037574,0.020000,-0.002815,-0.090000,-0.013078,-0.040000,-0.005485,0.030000,-0.001571,0.050000,0.007703,-0.100000,0.002895,-0.000000,0.006025,0.004975,0.011640,0.110000,-0.001983,-0.046724
-0.001559,-0.040000,0.007108,0.020000,0.006016,-0.030000,0.005811,-0.010000,-0.001125,-0.180000,0.005843,0.020000,0.007904,0.040000,0.005576,0.040000,0.001730,0.040000,0.002554,0.090000,0.000416,0.040000,0.001993,0.003210,0.022622,-0.030000,0.006587,0.019231
0.008156,0.010000,0.002478,0.050000,0.001794,-0.020000,0.003331,0.050000,-0.013282,0.010000,-0.029365,-0.050000,-0.001596,-0.020000,-0.000904,-0.020000,0.000915,-0.070000,0.000657,-0.020000,-0.007181,-0.020000,0.000958,-0.041933,-0.032687,0.140000,0.002541,-0.077291
0.003013,0.010000,-0.012165,0.000000,-0.003738,0.000000,0.002315,-0.050000,0.012719,0.010000,-0.003717,-0.080000,0.020316,0.040000,0.005897,0.050000,0.000890,0.070000,-0.005415,0.100000,-0.008395,-0.080000,0.005694,-0.025986,0.008602,-0.110000,-0.008571,0.033579
-0.000156,-0.050000,0.007640,0.040000,0.001509,0.000000,0.000277,0.000000,-0.012939,-0.120000,0.001267,0.000000,-0.005218,0.010000,-0.006288,-0.000000,0.002178,-0.010000,0.001603,0.030000,0.005678,0.030000,-0.001578,0.004505,0.010444,-0.220000,-0.002395,0.007216
0.000159,0.050000,0.003040,0.020000,-0.001973,-0.010000,0.001328,-0.040000,-0.037465,0.030000,0.003836,0.020000,-0.015734,-0.100000,-0.012861,-0.020000,-0.003687,-0.070000,0.001828,-0.040000,-0.007389,0.080000,0.007461,0.060207,-0.025726,-0.030000,0.011205,-0.086683
-0.001332,0.020000,0.013176,-0.020000,-0.010927,-0.000000,0.005222,0.030000,-0.012731,-0.060000,-0.018204,-0.020000,-0.008833,-0.080000,0.000688,0.000000,-0.011579,-0.030000,0.005909,-0.030000,-0.003909,-0.070000,0.004789,0.005073,0.057202,-0.110000,-0.004960,0.088259
0.001067,-0.010000,-0.015456,-0.030000,0.006823,-0.010000,0.007500,-0.040000,-0.019927,0.020000,0.001094,0.000000,-0.018045,0.010000,0.011300,0.140000,0.002992,0.330000,-0.010851,0.010000,-0.005285,-0.080000,-0.001017,0.084064,0.022065,-0.110000,0.017070,-0.052026
0.006336,0.030000,0.018836,0.020000,-0.004536,-0.010000,-0.002022,-0.070000,0.016214,-0.040000,-0.008385,-0.040000,0.004868,0.060000,-0.005662,0.100000,-0.008311,0.290000,0.003579,0.040000,-0.001053,0.050000,0.003372,-0.029189,-0.007236,0.050000,-0.003181,0.034511
-0.001095,-0.050000,0.007889,-0.040000,-0.008270,0.030000,0.003359,-0.040000,0.005274,-0.090000,0.017080,-0.040000,-0.001730,0.150000,0.001442,-0.050000,0.005178,-0.100000,0.005037,0.030000,-0.004900,0.040000,0.005172,0.014819,0.001285,-0.160000,0.010237,-0.004773
0.003561,0.020000,-0.010472,-0.030000,-0.006258,-0.000000,-0.008561,-0.030000,0.010466,0.090000,-0.022776,-0.060000,-0.002037,-0.020000,0.000451,0.010000,0.009376,-0.070000,-0.000026,-0.040000,-0.002617,-0.060000,0.002201,-0.029777,0.017554,-0.270000,0.007521,-0.046813
-0.004303,0.060000,-0.004246,-0.010000,-0.010785,-0.010000,0.011278,0.070000,-0.037573,-0.070000,0.006990,-0.020000,-0.020972,-0.110000,-0.007025,0.000000,0.001127,0.120000,0.005344,-0.040000,0.004399,0.030000,-0.005509,-0.134497,0.034339,-0.180000,0.004906,0.014340
0.000629,-0.000000,0.005207,0.020000,0.007045,0.000000,0.003451,0.010000,0.014128,0.090000,-0.011090,0.130000,-0.019312,-0.060000,0.002485,-0.100000,0.004216,0.060000,-0.002736,-0.060000,0.002963,-0.080000,-0.004285,0.000704,0.012703,0.090000,0.008577,0.110894
-0.008627,-0.040000,0.007002,-0.040000,0.006649,-0.000000,-0.003517,0.040000,0.018392,0.120000,-0.009028,-0.060000,0.006603,0.050000,-0.000950,0.070000,0.018444,-0.170000,0.001220,-0.000000,0.003074,-0.120000,0.002159,-0.044142,-0.017099,0.270000,0.002241,0.000402
-0.007157,-0.100000,-0.001040,-0.020000,-0.000930,-0.010000,0.001165,-0.050000,-0.000719,0.250000,-0.010901,-0.030000,-0.046624,-0.210000,-0.009895,0.000000,0.003380,-0.100000,-0.000470,-0.060000,-0.000292,0.020000,0.000645,0.004582,0.025180,-0.240000,0.003208,-0.010922
0.003388,-0.000000,-0.005014,-0.040000,0.010893,-0.010000,-0.003262,-0.060000,-0.002616,-0.210000,0.025064,0.100000,-0.004897,0.090000,0.011727,0.100000,0.011786,-0.310000,0.008485,-0.070000,-0.009887,-0.020000,0.020745,0.027349,0.014863,-0.150000,-0.005569,-0.033193
0.009865,0.010000,0.000790,-0.000000,-0.000970,-0.010000,-0.007539,0.000000,0.011243,-0.050000,0.012013,0.100000,-0.016695,-0.040000,-0.002278,0.050000,-0.003208,0.050000,0.001783,-0.010000,-0.003263,-0.040000,-0.001759,0.008105,0.016536,0.080000,0.006428,0.006484
0.000515,0.020000,-0.015150,-0.080000,0.002337,-0.020000,-0.015870,-0.120000,0.013191,0.080000,0.000286,0.040000,-0.029949,0.050000,0.006169,-0.050000,-0.001446,0.070000,0.001670,-0.090000,-0.001459,0.090000,-0.006791,-0.019351,-0.014204,0.090000,0.004074,0.028300
-0.003736,-0.090000,0.013547,0.000000,-0.003483,-0.000000,0.015163,0.040000,0.006297,-0.260000,-0.000539,-0.020000,-0.018329,-0.050000,0.007476,0.080000,-0.005575,0.270000,0.005195,-0.040000,0.011324,0.010000,0.000480,-0.017072,0.042144,-0.130000,0.008107,0.025379
0.004317,-0.000000,0.015580,0.040000,-0.000446,-0.000000,0.008242,0.070000,0.008481,0.010000,0.013492,0.050000,0.039209,0.030000,-0.006153,0.000000,0.000907,-0.000000,0.005771,0.000000,0.004173,0.010000,-0.009959,-0.003334,0.025658,-0.200000,-0.000057,0.000637
0.000443,0.040000,0.012351,-0.030000,0.008995,-0.010000,0.002017,-0.030000,-0.003446,0.210000,0.004064,0.020000,0.006768,-0.000000,0.001121,-0.030000,-0.003163,0.100000,-0.002097,0.020000,0.003213,0.020000,0.004343,0.003143,0.007726,0.020000,-0.003292,-0.018104
-0.004928,-0.080000,-0.004092,0.010000,0.010104,-0.020000,0.010145,0.030000,0.010502,0.250000,-0.023124,-0.130000,-0.003665,-0.070000,-0.000317,0.090000,-0.005437,0.090000,-0.007408,0.040000,0.005266,0.090000,-0.000165,-0.037860,-0.005540,-0.040000,-0.007860,0.016306
-0.000171,0.020000,-0.002948,-0.030000,0.004845,-0.050000,0.002382,-0.010000,0.004780,0.060000,0.004168,0.100000,0.011938,-0.070000,-0.001332,-0.150000,0.002337,-0.030000,-0.009426,-0.070000,0.004383,0.040000,-0.004026,0.077872,-0.007508,0.050000,0.000355,0.021805
0.002439,0.080000,-0.011846,-0.020000,0.009016,-0.040000,-0.004712,-0.040000,0.005691,-0.160000,-0.018597,-0.070000,0.020216,0.030000,-0.013785,0.120000,0.000468,-0.370000,-0.004602,0.020000,-0.000391,-0.040000,0.004061,0.098253,0.005156,0.070000,-0.009408,-0.010344
0.001628,-0.020000,-0.003536,0.010000,-0.001989,-0.030000,-0.000186,0.010000,-0.000938,-0.120000,0.023356,0.030000,-0.003223,-0.050000,-0.009560,-0.000000,0.006379,0.020000,-0.000536,0.050000,-0.004098,-0.050000,-0.000961,0.024998,-0.018045,0.120000,0.001434,-0.029784
0.003680,0.040000,0.001583,0.040000,-0.005576,0.030000,0.004206,0.020000,0.001658,-0.330000,0.016672,-0.020000,0.011672,-0.020000,-0.001375,-0.130000,0.002040,0.430000,-0.004490,-0.050000,0.004048,-0.080000,0.004871,-0.045429,0.007916,-0.190000,-0.001404,0.065353
0.001969,-0.050000,-0.009753,-0.080000,0.001285,0.000000,-0.005406,-0.040000,0.000894,-0.370000,-0.013144,-0.080000,0.019212,-0.030000,-0.011416,0.040000,0.005020,0.160000,-0.003712,0.030000,0.003502,0.030000,-0.000213,-0.002907,0.005362,0.020000,0.002146,-0.035819
-0.002324,-0.040000,-0.013691,-0.060000,0.001816,0.000000,-0.001843,-0.040000,0.003550,0.060000,-0.005578,-0.020000,-0.003954,0.040000,0.004150,-0.070000,-0.001653,-0.100000,0.002144,-0.010000,-0.008519,-0.100000,-0.002170,0.081460,-0.015456,0.010000,0.008397,0.001167
-0.001279,0.060000,-0.010953,-0.010000,0.001510,-0.030000,0.008203,-0.010000,-0.006708,-0.020000,-0.008966,0.010000,0.002461,-0.020000,-0.012761,-0.100000,-0.001845,0.100000,-0.010817,0.050000,-0.000197,0.040000,-0.008234,-0.072560,-0.013465,0.110000,-0.000366,0.098331
-0.003306,0.120000,0.013740,-0.000000,0.009414,-0.010000,-0.004632,0.000000,0.008367,-0.400000,0.028719,0.060000,0.021925,-0.010000,0.002061,0.070000,-0.003015,-0.150000,0.004161,0.000000,0.005641,-0.070000,-0.013380,-0.168034,-0.014742,-0.110000,0.005724,-0.139957
-0.005753,0.000000,-0.007429,0.030000,-0.003744,-0.030000,0.006005,0.040000,-0.005396,-0.160000,0.003354,0.020000,0.016143,0.070000,-0.016321,-0.080000,-0.001492,-0.080000,-0.002951,0.060000,0.008521,-0.100000,-0.017451,-0.126111,-0.031135,0.030000,0.001818,0.044167
0.005332,0.010000,0.012890,0.010000,0.005511,0.010000,0.001675,0.080000,-0.004436,-0.270000,-0.017934,-0.140000,-0.006132,-0.020000,0.002491,0.040000,-0.007425,0.070000,0.001166,-0.070000,0.004986,-0.080000,0.000629,0.007142,0.002416,-0.120000,-0.004845,0.012641
0.001073,0.010000,0.011221,-0.010000,0.003097,0.000000,-0.000940,0.020000,-0.000857,-0.120000,0.023893,0.020000,-0.003315,-0.060000,-0.012441,0.130000,0.003618,-0.080000,0.008177,0.040000,0.005163,0.070000,-0.007054,-0.066929,0.011243,-0.010000,0.008966,-0.090849
-0.003371,0.060000,-0.005478,-0.040000,0.000758,-0.010000,0.000993,0.030000,-0.001783,0.040000,0.006943,0.050000,0.008679,-0.020000,0.008622,0.180000,0.006321,-0.100000,-0.007287,0.000000,0.005799,0.080000,-0.010613,-0.046406,0.003239,-0.010000,-0.002405,-0.125687
-0.003951,-0.010000,0.005224,0.010000,0.005993,0.030000,0.001276,-0.010000,-0.002849,0.040000,-0.012051,-0.080000,-0.017512,0.010000,-0.004563,-0.160000,0.001061,0.090000,-0.003652,0.050000,0.007177,-0.040000,-0.003184,0.003767,-0.032017,0.120000,0.016293,0.080225
0.000744,0.030000,0.004616,0.000000,0.005874,0.010000,0.004146,0.010000,0.001037,-0.210000,-0.002916,0.030000,-0.007368,-0.020000,-0.020218,0.040000,0.002833,0.110000,-0.015096,0.020000,-0.002646,0.010000,-0.002600,0.047134,-0.044137,0.160000,0.020525,-0.010975
0.005758,0.060000,0.005399,-0.020000,0.003393,-0.000000,0.001607,-0.070000,-0.001111,0.000000,0.005522,-0.050000,0.004675,0.040000,-0.017431,0.010000,0.000599,0.010000,-0.000708,-0.020000,0.005609,-0.010000,0.005915,0.053398,-0.005397,0.050000,-0.002231,0.044260
-0.007451,0.040000,0.004166,0.010000,-0.004958,0.030000,0.002621,-0.030000,0.005528,-0.250000,0.004076,-0.050000,0.016714,-0.000000,-0.012829,-0.120000,0.001171,-0.030000,0.004216,-0.010000,0.001739,0.030000,0.002598,-0.001354,-0.044914,0.040000,-0.000291,0.069991
0.006142,-0.020000,-0.002889,-0.070000,-0.002149,-0.010000,-0.007061,0.000000,0.001897,0.150000,-0.015098,-0.020000,-0.005344,0.030000,-0.010616,-0.020000,-0.011394,0.190000,-0.009856,0.030000,-0.001803,-0.020000,-0.006770,-0.091143,0.007636,-0.050000,-0.007576,0.096147
0.003790,-0.040000,0.012134,0.040000,0.000818,-0.020000,-0.010748,0.010000,0.003394,-0.120000,-0.009315,0.010000,0.001523,-0.050000,-0.001667,0.000000,0.004076,0.080000,-0.008212,0.010000,-0.007100,-0.050000,0.000098,0.141175,0.034767,-0.150000,0.007430,0.059891
0.010437,0.050000,0.001703,-0.060000,0.001273,0.010000,0.001257,-0.030000,-0.005926,-0.160000,0.006197,-0.040000,0.013990,-0.050000,-0.008184,0.080000,0.000756,-0.080000,-0.002525,-0.020000,0.001969,-0.100000,-0.007281,-0.019814,-0.008757,0.030000,-0.001537,-0.081711
0.001820,0.030000,-0.005175,-0.020000,0.006097,0.010000,0.008142,0.020000,0.006916,-0.160000,0.002495,0.050000,0.003690,-0.030000,-0.009507,-0.040000,0.004530,-0.020000,-0.019465,-0.020000,0.006210,-0.050000,-0.004270,-0.154467,-0.026576,-0.080000,0.024549,-0.051557
-0.002914,0.100000,0.001770,0.000000,0.003552,0.010000,0.008524,-0.010000,0.003614,0.050000,0.011333,0.030000,-0.024299,-0.030000,0.013188,-0.050000,0.004387,-0.110000,-0.008586,0.010000,0.000889,-0.010000,-0.017748,-0.007385,-0.012179,0.020000,0.006315,-0.019245
0.011027,0.050000,-0.005485,0.040000,-0.001575,0.010000,0.001496,0.040000,0.004889,0.130000,-0.019625,-0.080000,-0.015804,-0.060000,0.008508,0.050000,-0.007445,-0.110000,-0.014204,0.070000,-0.005226,0.050000,0.003060,-0.042184,0.038730,-0.180000,-0.000148,-0.035480
0.002119,-0.040000,0.001685,-0.010000,0.003598,-0.000000,0.002220,0.060000,0.006258,0.310000,0.003686,0.000000,-0.000490,-0.140000,0.000919,-0.150000,-0.001039,0.070000,-0.019458,-0.050000,-0.001798,-0.010000,-0.001370,-0.025139,-0.062200,0.030000,-0.002221,-0.088876
-0.005904,0.020000,-0.005537,-0.030000,0.005219,-0.000000,-0.005825,-0.010000,-0.004309,0.060000,0.007983,-0.020000,0.020788,-0.070000,0.006278,-0.050000,0.006438,-0.260000,-0.006864,0.040000,0.003131,0.090000,0.003432,0.065241,-0.032475,-0.130000,-0.000158,0.038603
0.000665,-0.000000,0.000736,0.020000,0.002166,0.010000,0.008808,-0.030000,0.002645,-0.020000,0.014840,0.020000,0.003821,0.140000,0.013136,-0.000000,-0.005194,0.300000,0.001090,-0.040000,0.002142,0.010000,-0.016128,-0.027815,-0.006442,-0.010000,0.009710,0.010979
-0.004631,0.060000,0.001492,0.050000,0.002085,0.020000,0.004307,-0.020000,-0.001490,0.190000,-0.013724,0.040000,0.012815,-0.060000,0.001483,-0.060000,0.002925,0.050000,0.010002,0.030000,0.004559,0.000000,-0.001320,-0.004381,-0.057627,0.080000,-0.003751,0.057800
-0.003195,0.010000,-0.002629,-0.010000,-0.003835,0.010000,-0.001349,0.010000,-0.007381,0.080000,-0.004093,-0.090000,0.014780,-0.010000,-0.008932,0.010000,0.003134,-0.170000,-0.001048,-0.030000,0.005965,-0.190000,-0.002609,0.051191,0.023622,-0.200000,0.004206,-0.090718
-0.002855,-0.040000,-0.000604,0.050000,-0.000876,-0.000000,0.000312,0.010000,-0.012708,-0.220000,-0.002035,-0.030000,-0.002106,-0.090000,0.022731,0.010000,-0.001411,-0.190000,0.003342,-0.020000,-0.014088,-0.030000,0.012739,-0.036248,-0.030593,0.040000,-0.003502,0.014870
0.000432,0.040000,0.003887,-0.010000,-0.002664,0.000000,0.002843,-0.020000,-0.007127,-0.270000,-0.029922,-0.070000,0.002136,0.100000,-0.028916,0.030000,-0.002761,-0.030000,0.001924,0.000000,0.012133,0.010000,-0.008033,-0.024481,0.024026,-0.320000,0.001007,-0.055401
0.001738,0.080000,-0.003266,0.000000,0.000068,0.000000,-0.000335,0.040000,-0.005367,0.080000,0.004431,0.020000,0.000813,0.020000,0.011227,-0.020000,0.012721,-0.130000,0.004552,0.080000,0.008332,-0.030000,0.003313,-0.116942,-0.077099,0.280000,-0.013790,-0.031368
-0.002672,-0.050000,-0.005624,0.030000,-0.011630,0.030000,-0.003395,0.050000,-0.000402,0.070000,0.020510,0.000000,0.002380,0.140000,0.006874,0.040000,0.000915,0.030000,-0.009400,-0.080000,0.001669,-0.040000,-0.010324,-0.172593,0.041316,-0.440000,0.002413,-0.045001
0.008681,-0.010000,-0.005445,-0.030000,-0.004951,0.020000,-0.001319,-0.030000,-0.012888,0.110000,-0.034138,-0.040000,0.000064,0.250000,-0.010928,0.020000,-0.002779,-0.000000,0.011659,0.010000,-0.000798,0.040000,0.006896,-0.025574,-0.030679,0.090000,0.000479,0.044090
0.003467,0.060000,0.002141,0.070000,-0.003564,0.000000,-0.004606,-0.050000,-0.003121,0.320000,0.006149,0.030000,-0.003850,0.120000,-0.000181,-0.150000,-0.000129,0.010000,0.011894,0.050000,0.000487,-0.010000,0.003459,0.013705,0.032352,-0.070000,-0.001689,-0.015757
-0.004343,0.020000,-0.004230,-0.000000,-0.007240,-0.000000,-0.007723,0.050000,-0.016746,0.110000,0.013806,-0.010000,0.008379,-0.100000,-0.013650,0.120000,-0.008717,-0.240000,-0.002134,0.040000,-0.003585,0.050000,0.003545,-0.025924,0.026633,0.080000,-0.006983,-0.003915
0.001702,0.070000,-0.009448,-0.040000,0.006233,0.000000,0.002277,-0.020000,0.015029,-0.210000,0.002122,0.100000,-0.006790,0.070000,0.006502,0.080000,0.009921,-0.160000,-0.018140,0.190000,-0.002595,-0.040000,-0.001664,-0.046511,-0.020615,0.150000,-0.001762,-0.000707
-0.007849,-0.060000,0.000686,0.030000,0.003807,-0.010000,-0.005747,-0.050000,-0.017014,0.170000,-0.047136,-0.270000,-0.004111,0.110000,-0.012505,0.020000,0.014932,0.060000,0.000846,0.070000,-0.001526,-0.030000,0.004137,-0.007970,0.019732,-0.090000,0.004117,-0.087270
-0.001388,-0.060000,0.000375,-0.060000,0.005615,0.010000,0.008474,0.030000,-0.007743,0.030000,0.017523,0.010000,0.012384,0.060000,0.012575,0.050000,-0.001907,-0.140000,0.025674,0.090000,-0.001440,-0.060000,0.000275,-0.087014,0.010608,-0.030000,0.003986,0.072374
-0.000887,-0.060000,-0.004568,0.020000,0.009349,0.010000,-0.001551,0.030000,-0.001390,0.060000,-0.047141,-0.070000,0.006041,0.010000,0.004802,-0.060000,0.002651,-0.170000,0.006059,-0.050000,-0.002263,-0.020000,0.005148,-0.000337,0.012703,0.130000,0.004586,-0.023640
0.004419,0.110000,0.001269,0.050000,0.009033,0.020000,-0.009111,0.030000,0.002196,-0.130000,0.043342,0.130000,-0.007331,-0.070000,0.020831,0.040000,0.007510,0.000000,0.005025,0.010000,-0.009721,-0.020000,-0.002177,-0.009454,0.015021,-0.190000,-0.000214,-0.012945
0.006114,0.000000,0.003851,-0.080000,0.004023,-0.010000,-0.016977,-0.060000,-0.000593,0.020000,0.040257,0.240000,-0.020153,0.000000,-0.010656,0.170000,-0.002886,0.230000,0.003761,0.040000,0.007133,-0.010000,-0.001018,-0.000627,-0.032088,0.060000,0.001608,-0.100815
-0.006370,-0.110000,-0.010940,-0.020000,-0.001417,-0.020000,-0.000812,0.020000,0.013692,0.010000,-0.038237,0.050000,0.010983,-0.190000,-0.001911,-0.100000,-0.009373,-0.000000,0.002253,0.120000,-0.002116,-0.120000,0.010925,0.026136,-0.049696,0.000000,-0.007359,0.063422
-0.003430,-0.010000,-0.001166,-0.030000,0.004054,0.020000,0.009520,-0.010000,0.006337,0.490000,-0.015633,0.020000,-0.000365,-0.000000,0.001815,0.320000,0.009813,0.120000,-0.004026,0.060000,0.005485,0.080000,-0.007332,-0.021404,-0.046065,0.080000,-0.000897,-0.085975
0.000979,-0.040000,0.000817,0.010000,-0.000268,0.010000,0.012135,0.090000,-0.002225,-0.160000,-0.001978,-0.050000,-0.006704,-0.030000,0.025209,0.100000,0.000778,-0.130000,-0.002145,-0.130000,-0.011784,-0.060000,-0.003604,0.029106,-0.016542,0.090000,-0.001751,-0.035441
-0.005907,-0.130000,0.001575,-0.020000,-0.000799,-0.010000,0.001461,0.060000,0.009092,0.010000,0.019656,0.080000,0.013204,-0.050000,0.006080,-0.100000,-0.002403,-0.050000,0.007563,-0.120000,0.004199,0.040000,0.012133,0.038670,-0.066828,-0.130000,0.007465,-0.061638
-0.007643,-0.030000,-0.001784,0.000000,-0.002397,0.010000,-0.002776,0.010000,-0.009842,0.100000,0.003382,-0.030000,0.022555,0.220000,0.003043,-0.020000,0.006965,0.150000,-0.001319,0.030000,0.002879,-0.020000,0.012831,0.049899,-0.012023,-0.080000,-0.011788,0.065225
-0.001221,-0.020000,0.003117,-0.020000,0.006367,0.000000,-0.020364,0.060000,-0.013493,-0.060000,-0.088068,-0.240000,-0.002199,0.130000,0.007077,0.030000,-0.002920,0.200000,0.018110,0.010000,0.000927,-0.010000,-0.021944,-0.020268,-0.017747,0.200000,0.003060,0.154542
0.002859,-0.010000,-0.004192,-0.020000,-0.007816,0.010000,0.001569,0.010000,0.009950,-0.070000,0.054175,0.240000,-0.008551,0.170000,0.002632,-0.100000,0.006941,-0.050000,-0.010136,0.030000,0.002011,0.060000,-0.004370,-0.014302,-0.009777,0.040000,-0.009984,-0.083030
-0.009920,-0.060000,-0.005249,0.080000,-0.007059,-0.000000,-0.011910,-0.030000,0.006478,0.210000,-0.004544,-0.080000,-0.018237,-0.030000,0.014344,0.070000,-0.000803,0.010000,0.000037,-0.020000,0.001325,-0.090000,-0.008362,-0.027775,0.000815,0.170000,-0.001267,0.041627
0.000898,0.060000,-0.000009,0.010000,-0.002543,-0.000000,0.011491,-0.040000,-0.000097,0.250000,-0.040291,-0.110000,-0.003045,-0.030000,-0.008190,0.040000,0.011133,-0.300000,-0.002077,-0.010000,0.003760,-0.080000,0.006719,0.035626,0.026661,-0.110000,-0.002375,-0.035548
0.003205,0.040000,0.011826,-0.020000,0.004210,0.010000,-0.012986,0.010000,-0.011695,-0.010000,-0.013506,-0.030000,-0.000053,-0.100000,-0.023571,0.070000,0.003322,0.140000,0.014906,-0.050000,-0.000799,-0.010000,0.010543,0.035409,-0.026351,0.290000,-0.000552,0.023524
-0.000066,0.010000,0.002291,-0.020000,0.001738,0.010000,0.010524,0.050000,0.002031,-0.250000,-0.038518,-0.150000,-0.016684,0.120000,0.000008,0.000000,-0.003978,0.130000,-0.002231,-0.120000,-0.000408,0.020000,0.008958,0.089469,-0.087096,0.050000,0.003996,0.034051
0.000312,-0.100000,-0.000635,0.040000,-0.000492,0.030000,0.004103,-0.010000,0.009262,-0.480000,-0.057395,0.020000,0.005105,0.110000,0.011421,-0.040000,0.005593,-0.030000,-0.005452,-0.050000,0.003918,-0.010000,-0.004645,0.016951,0.008285,0.040000,-0.010596,0.103072
-0.006492,-0.060000,0.009921,-0.020000,-0.004767,0.010000,0.008298,0.050000,0.013544,0.210000,-0.011333,0.220000,0.009977,0.010000,0.007551,-0.020000,0.007418,-0.050000,-0.004051,0.070000,0.006096,0.020000,-0.002053,-0.000471,0.011385,-0.040000,0.012899,-0.060812
-0.002627,-0.040000,-0.002750,0.110000,0.000123,-0.020000,-0.001914,0.030000,-0.004398,-0.010000,-0.076167,0.120000,0.010003,-0.110000,0.018376,0.000000,-0.001328,-0.100000,0.001424,-0.010000,-0.005417,-0.090000,-0.003721,0.067553,-0.040943,0.080000,0.000591,-0.054909
0.001079,-0.000000,-0.004113,0.000000,-0.012602,0.010000,0.003023,-0.030000,0.005058,-0.050000,-0.011759,0.050000,0.008230,-0.070000,0.007500,0.050000,0.001056,-0.190000,-0.003716,0.010000,0.000475,-0.020000,0.017250,-0.010172,-0.017580,0.050000,-0.000624,0.049232
-0.001083,-0.010000,-0.001846,-0.030000,-0.002513,0.040000,0.017063,-0.040000,0.011606,0.160000,-0.090350,-0.040000,-0.006853,0.010000,-0.014764,0.010000,-0.001771,0.050000,-0.000767,-0.040000,0.000245,-0.020000,-0.006864,-0.059987,0.042510,-0.090000,-0.002198,0.035540
0.001995,-0.010000,-0.001996,0.010000,-0.003752,0.020000,0.007460,0.070000,0.000516,-0.040000,0.042507,-0.050000,0.003952,0.040000,0.000386,-0.020000,0.006796,0.160000,-0.011824,-0.090000,-0.001695,0.050000,0.004678,0.009699,0.029697,0.030000,-0.001561,0.050377
0.000642,-0.060000,0.004795,-0.050000,-0.001417,-0.030000,0.003375,0.000000,-0.002480,0.070000,-0.006213,-0.010000,-0.000807,0.060000,0.017030,0.100000,0.001706,-0.070000,0.009430,0.030000,0.006168,0.000000,-0.024679,-0.046732,0.046091,-0.060000,0.002768,0.025462
-0.002199,0.060000,0.000448,-0.060000,0.001918,0.020000,0.007393,0.060000,0.003247,0.220000,0.047685,-0.070000,0.006160,0.040000,-0.004857,-0.060000,-0.003535,-0.320000,0.004888,-0.020000,0.003940,0.040000,-0.002353,-0.029645,0.000311,0.040000,-0.001499,-0.129741
0.001443,0.010000,-0.000135,0.040000,-0.011054,0.060000,0.003664,0.000000,-0.007624,-0.050000,-0.030800,-0.150000,0.007754,-0.090000,0.000159,-0.040000,0.005443,-0.070000,0.001415,-0.020000,0.002694,0.010000,0.012121,0.016361,-0.004657,0.110000,-0.001432,-0.009029
0.002039,-0.030000,0.010285,0.020000,-0.003109,0.040000,0.002996,0.030000,-0.010151,-0.250000,-0.061013,-0.110000,0.004205,0.020000,-0.011101,0.010000,0.001715,0.020000,0.002733,-0.120000,0.004845,0.030000,-0.021798,-0.052862,-0.002900,0.020000,-0.005376,0.047078
0.005629,0.050000,-0.008480,0.050000,-0.001036,0.000000,-0.001073,-0.020000,0.009080,0.170000,0.012634,-0.020000,-0.010909,-0.070000,0.011091,0.050000,0.003499,-0.050000,0.005591,0.000000,0.000509,0.050000,0.021252,0.050349,-0.007000,-0.080000,-0.006975,-0.035209
0.001393,-0.030000,0.005799,0.050000,0.002021,-0.000000,0.004748,-0.020000,-0.013410,-0.120000,-0.034511,0.130000,0.003278,0.130000,0.001876,-0.010000,-0.005641,0.270000,0.009948,-0.070000,0.007144,0.070000,0.013532,0.015611,0.005931,0.090000,0.004950,0.134971
-0.000514,0.050000,-0.002407,-0.040000,-0.006935,0.000000,0.001820,-0.010000,0.011238,0.290000,-0.031764,0.030000,0.008346,-0.020000,0.000088,0.140000,0.010201,0.170000,0.004026,-0.030000,-0.002420,-0.010000,-0.008218,-0.011549,0.025438,0.300000,-0.003922,0.052069
0.000339,-0.000000,0.010437,-0.080000,-0.004468,0.020000,-0.005052,-0.090000,0.009338,0.200000,0.107890,0.100000,0.006950,0.020000,-0.010496,-0.120000,0.001627,0.100000,0.001338,0.040000,0.008500,0.080000,0.001208,0.012830,0.011267,0.030000,-0.005561,-0.169127
0.005079,-0.020000,0.005705,-0.000000,0.013394,-0.030000,0.009829,0.030000,-0.000934,0.430000,-0.011079,0.040000,-0.005342,-0.090000,-0.007104,0.040000,0.012069,-0.210000,0.002176,0.030000,0.005684,-0.030000,-0.001904,0.010360,0.005313,-0.010000,-0.010265,0.024029
0.005650,0.020000,-0.002092,-0.050000,-0.014511,0.010000,0.001949,-0.020000,0.003003,0.070000,0.025804,0.070000,-0.002718,0.000000,-0.017777,0.070000,-0.010600,-0.100000,0.001195,0.030000,-0.000905,-0.060000,0.010854,-0.020817,0.003582,-0.120000,0.005701,-0.064376
-0.001342,0.040000,-0.005213,0.030000,-0.005410,-0.000000,0.001800,0.030000,-0.016257,-0.020000,0.015365,0.010000,-0.004998,0.000000,0.001683,-0.080000,-0.002732,-0.070000,0.004815,-0.030000,0.001688,-0.010000,0.005544,-0.062372,0.012036,-0.160000,0.011201,-0.011731
-0.001423,-0.080000,0.003567,0.040000,0.004622,0.010000,0.003680,-0.020000,-0.003816,0.000000,-0.002529,-0.050000,-0.000356,-0.100000,-0.012887,-0.040000,0.000866,-0.220000,0.004583,0.050000,-0.000248,-0.050000,0.011290,0.012942,-0.017358,-0.020000,0.002551,-0.084985
-0.006931,0.050000,0.000700,0.020000,0.003376,0.030000,0.006461,0.040000,0.001452,0.210000,0.040826,-0.150000,-0.009813,-0.090000,0.009423,-0.000000,0.001171,-0.030000,-0.005328,-0.000000,-0.003648,-0.000000,0.003093,-0.010709,0.015508,-0.040000,-0.001870,-0.033250
-0.000954,0.030000,0.002330,-0.010000,-0.006201,0.000000,0.004182,-0.070000,-0.015409,0.050000,-0.052677,-0.080000,-0.004942,-0.000000,-0.012639,0.030000,-0.001641,-0.110000,-0.010418,-0.030000,-0.001944,0.100000,-0.007468,0.030162,-0.014828,-0.050000,-0.000178,-0.009340
-0.000079,0.100000,0.004608,0.050000,-0.002279,-0.010000,0.003733,-0.080000,-0.014003,0.260000,-0.050264,0.020000,0.007479,-0.030000,0.014328,-0.030000,0.002115,-0.100000,0.007356,-0.020000,0.001134,-0.050000,0.011072,0.046154,-0.002868,-0.140000,0.000936,0.103609
-0.005746,0.010000,-0.001308,-0.010000,-0.011478,-0.040000,0.000888,0.060000,0.000854,0.030000,0.028855,0.080000,-0.017260,0.010000,0.005122,0.020000,0.005770,0.070000,0.000512,-0.020000,0.001892,0.020000,0.001968,0.039520,-0.011550,0.070000,-0.008209,-0.016371
0.000722,-0.150000,0.001302,-0.030000,-0.008522,0.040000,-0.003499,-0.050000,-0.016924,-0.150000,-0.012653,-0.010000,0.011263,0.100000,-0.015330,0.050000,0.004134,-0.100000,0.008906,-0.040000,-0.005149,0.010000,0.012017,0.057472,-0.005533,-0.200000,-0.011753,0.146856
0.000288,-0.050000,0.000263,0.080000,-0.011470,-0.010000,-0.008226,0.100000,-0.044145,0.290000,0.069213,0.090000,-0.011243,-0.040000,0.002841,-0.040000,-0.001141,-0.090000,0.002070,-0.090000,-0.000238,0.050000,-0.006195,0.008516,0.001014,0.200000,0.014428,-0.089588
0.002196,0.020000,-0.003648,0.010000,0.006939,0.000000,-0.000011,0.050000,-0.015859,0.220000,-0.041699,-0.120000,-0.007027,0.020000,-0.013420,0.010000,-0.006988,-0.010000,-0.008890,0.050000,0.005289,0.120000,0.007978,0.043559,-0.041654,0.030000,0.000403,0.011771
-0.003791,-0.080000,0.003102,-0.040000,-0.005616,0.010000,0.003865,0.000000,0.006193,-0.230000,-0.025810,-0.040000,0.007540,0.100000,0.019415,0.030000,-0.005599,0.120000,0.014057,0.070000,0.001654,0.050000,-0.002723,-0.063468,-0.015268,-0.070000,-0.000602,-0.037583
0.001746,0.010000,0.004586,-0.000000,0.011159,0.020000,-0.002602,-0.030000,0.012664,0.300000,0.009838,-0.150000,0.002749,0.030000,0.004784,-0.010000,-0.001205,0.120000,0.000835,0.000000,0.003226,0.020000,-0.019359,-0.040790,-0.022427,0.100000,0.011105,0.007430
0.004601,0.060000,-0.007692,-0.010000,0.003448,0.010000,0.003385,-0.010000,0.009988,-0.270000,-0.061156,-0.150000,0.001097,0.020000,-0.007755,0.080000,0.004642,0.030000,0.000765,-0.010000,-0.002167,-0.070000,0.001653,-0.042439,-0.051757,0.010000,0.004205,-0.047430
0.000346,0.010000,-0.005413,0.050000,0.012621,0.000000,-0.001399,-0.050000,-0.009014,0.150000,-0.067123,-0.280000,0.001133,0.020000,0.016644,-0.110000,0.000236,-0.120000,0.001577,0.050000,0.003495,0.020000,0.004976,-0.015498,-0.079703,0.200000,-0.005174,0.057054
0.000156,0.010000,0.011267,-0.050000,0.003248,-0.020000,-0.003197,0.090000,-0.007679,0.040000,0.063248,0.100000,-0.026387,-0.090000,0.002501,-0.050000,0.001917,-0.010000,-0.003596,0.160000,-0.006725,0.030000,-0.016084,0.004651,-0.046071,0.130000,0.006288,0.022632
-0.004948,-0.030000,0.001111,-0.010000,-0.002026,0.010000,0.001657,0.040000,-0.000635,-0.250000,0.064723,0.150000,0.012951,0.000000,-0.014617,0.030000,-0.001648,0.000000,-0.011020,0.060000,0.002941,0.040000,0.008907,0.062240,0.004967,-0.180000,0.002110,0.075168
0.002777,-0.020000,-0.018464,-0.020000,-0.003867,0.010000,0.002294,-0.030000,0.013790,0.190000,0.006551,-0.240000,0.016597,0.050000,0.008879,0.010000,-0.000425,0.020000,-0.007844,-0.090000,-0.000451,0.020000,-0.007284,-0.039424,0.029259,-0.080000,0.004943,-0.015574
-0.001403,0.080000,0.000790,0.060000,0.000873,-0.000000,-0.022725,-0.160000,-0.000575,0.410000,0.035328,-0.120000,-0.006210,-0.040000,0.005961,0.050000,0.003638,-0.110000,-0.008234,0.030000,-0.003700,0.000000,-0.006281,-0.057218,0.000009,0.080000,-0.013252,0.006229
0.000325,0.050000,-0.012232,-0.030000,0.005457,0.020000,0.013200,0.040000,0.014250,0.440000,0.009643,-0.060000,-0.024898,-0.080000,0.016000,0.090000,-0.002064,0.110000,0.013233,0.010000,0.006632,-0.040000,-0.004342,0.020608,0.000141,0.030000,-0.003670,0.048021
0.002187,-0.050000,0.007582,-0.020000,0.004202,0.010000,-0.018961,-0.090000,-0.003727,-0.080000,-0.089295,-0.210000,-0.005762,-0.010000,-0.025351,-0.110000,-0.001893,0.060000,0.022721,-0.030000,0.006575,0.070000,-0.004754,0.006025,-0.026995,0.150000,0.001160,-0.082613
-0.003020,0.090000,-0.003742,-0.030000,-0.007619,0.020000,-0.011815,0.000000,-0.002847,0.030000,0.039941,-0.040000,-0.006555,-0.000000,-0.008579,0.050000,-0.001236,-0.230000,0.003024,0.020000,0.007892,-0.060000,0.002081,0.028384,0.029502,0.140000,-0.012633,0.085244
0.007016,0.050000,0.006075,-0.000000,-0.004909,0.040000,0.014194,0.010000,0.004670,-0.310000,0.025836,-0.010000,-0.003766,0.010000,0.000597,-0.010000,0.001192,0.050000,0.002520,0.060000,-0.000709,-0.020000,-0.001489,-0.012397,-0.036925,-0.030000,0.014648,0.002544
0.003459,-0.080000,0.001830,-0.020000,-0.012217,-0.020000,-0.008449,-0.090000,0.007796,-0.130000,-0.029308,-0.120000,0.014652,-0.030000,-0.003157,-0.060000,-0.015195,-0.060000,0.010194,-0.040000,0.000623,0.040000,0.002712,0.023660,-0.019887,0.120000,-0.006014,-0.091021
-0.003036,0.010000,-0.003620,0.040000,-0.001989,0.010000,0.011731,0.080000,0.015659,0.060000,0.036499,0.120000,0.015483,0.010000,0.009059,-0.040000,0.003165,-0.020000,0.003571,0.120000,-0.004801,-0.080000,-0.016793,-0.019676,-0.019971,0.100000,-0.005164,0.185764
0.003481,-0.060000,0.003750,0.010000,-0.013124,0.000000,0.020707,0.050000,0.002897,0.350000,0.038387,0.100000,-0.004588,0.060000,-0.005927,-0.020000,0.004320,0.080000,0.004566,0.090000,0.002444,0.020000,-0.001610,-0.050053,-0.024201,0.150000,0.003587,0.048888
-0.003870,-0.050000,-0.000230,-0.010000,-0.014523,-0.000000,0.003085,0.040000,0.006440,-0.100000,-0.023118,-0.100000,0.010352,0.050000,0.002149,0.040000,-0.002653,-0.110000,0.001525,-0.030000,0.002708,0.010000,-0.006805,-0.029132,0.026820,-0.030000,-0.021451,-0.010619
0.003014,0.070000,-0.003914,-0.020000,0.000548,-0.000000,-0.007181,-0.030000,-0.006389,0.100000,0.011894,0.020000,-0.001543,-0.070000,-0.014435,-0.040000,0.002734,0.170000,-0.005597,0.070000,-0.002275,0.070000,-0.014556,-0.019364,-0.022858,0.020000,0.010180,0.045984
-0.002369,-0.020000,-0.015423,-0.010000,0.008809,-0.030000,0.009549,-0.010000,-0.013725,0.110000,-0.028524,-0.050000,-0.012969,-0.080000,-0.002091,0.130000,0.008700,-0.070000,0.008493,-0.050000,0.004475,0.000000,0.002067,0.000021,0.019237,-0.180000,0.011525,-0.077358
-0.000932,0.120000,0.002382,-0.000000,0.015493,-0.010000,-0.009136,-0.060000,0.010047,-0.030000,0.007028,-0.040000,-0.018551,0.020000,0.007754,-0.020000,0.002243,0.020000,0.007204,-0.000000,-0.004514,0.030000,0.003792,0.003904,-0.010961,0.010000,-0.007223,0.022042
0.000848,-0.040000,0.005080,0.050000,0.000806,-0.050000,-0.007471,0.020000,-0.022628,-0.050000,-0.012686,-0.070000,0.013020,-0.000000,0.000189,0.050000,0.000585,-0.000000,-0.000318,-0.070000,0.000801,-0.030000,0.007055,0.004017,-0.006486,-0.090000,0.003755,0.011628
-0.001152,0.060000,-0.002592,0.010000,0.009931,0.010000,0.016348,0.030000,0.008941,-0.150000,0.051360,-0.160000,-0.015095,0.000000,0.012705,0.050000,0.001114,0.010000,0.006649,-0.050000,-0.002541,0.070000,0.000989,0.018193,-0.046012,0.130000,0.013338,-0.001239
0.000042,0.020000,0.009785,0.040000,-0.010614,0.050000,-0.008743,-0.030000,-0.033942,0.270000,-0.009593,-0.170000,0.008218,-0.040000,0.011962,0.020000,0.000773,-0.200000,0.000204,0.050000,0.003055,0.050000,-0.001034,-0.009572,0.033939,-0.110000,-0.002721,0.060670
-0.001146,0.020000,0.000594,-0.000000,-0.012100,0.010000,-0.010288,-0.030000,-0.022047,-0.110000,-0.021163,-0.120000,0.019956,0.020000,-0.009333,-0.060000,0.006878,0.000000,-0.005803,-0.030000,0.008924,0.010000,0.009049,0.012602,0.049793,0.090000,0.007807,-0.069287
-0.003180,0.010000,0.001876,0.040000,-0.008572,-0.010000,-0.011388,0.020000,0.007397,-0.100000,0.002937,0.050000,-0.001299,0.070000,-0.003500,-0.090000,0.005712,0.040000,0.003589,0.000000,-0.011099,-0.060000,0.003109,0.001673,0.020868,-0.080000,0.010839,-0.108739
-0.000032,-0.050000,-0.008738,-0.010000,-0.004129,-0.030000,0.017778,0.050000,0.000062,0.250000,-0.018302,0.030000,0.001050,-0.100000,0.006681,0.070000,-0.004657,0.170000,-0.005727,-0.030000,-0.006174,0.010000,-0.016326,-0.050205,-0.004307,0.120000,-0.005563,0.115827
-0.002811,-0.010000,0.007411,0.030000,-0.002521,-0.020000,0.010180,-0.020000,0.016511,-0.010000,-0.009717,0.020000,-0.001921,0.050000,0.014174,-0.010000,-0.003213,0.090000,0.006191,-0.030000,-0.003029,0.060000,0.014171,0.015426,0.019378,-0.170000,0.000204,-0.159718
0.001225,-0.120000,0.001846,-0.050000,0.007175,-0.040000,0.006224,0.040000,-0.009627,0.100000,0.005781,0.020000,0.024593,0.100000,-0.003443,-0.000000,-0.002073,-0.070000,-0.001732,-0.070000,0.002640,0.030000,0.005178,0.016281,0.024221,-0.030000,-0.016223,0.021177
-0.004012,0.050000,-0.002509,-0.040000,0.014324,-0.020000,0.013839,-0.020000,0.009559,-0.040000,0.005356,-0.040000,0.018877,0.030000,0.001435,0.120000,0.002656,-0.150000,0.005086,-0.070000,0.004853,0.100000,0.000764,-0.026292,0.014198,-0.090000,0.000207,-0.013768
-0.000371,0.050000,-0.003381,0.080000,0.012174,0.020000,-0.001010,0.010000,0.020148,-0.290000,-0.003873,-0.030000,-0.006422,0.000000,-0.004187,-0.050000,0.002117,-0.010000,-0.001919,0.020000,-0.002823,0.050000,0.018549,0.009407,-0.050526,0.010000,0.007979,-0.158761
0.001201,-0.020000,-0.006845,0.020000,0.004022,0.010000,0.001402,0.060000,0.013303,-0.010000,0.024407,-0.020000,0.013279,0.040000,0.008622,-0.040000,0.003061,0.170000,0.002188,0.010000,-0.008401,0.030000,0.000396,-0.008954,-0.018144,-0.110000,-0.004961,-0.056971
-0.001982,-0.070000,-0.017656,-0.010000,-0.000889,0.010000,-0.002990,-0.030000,-0.024079,-0.370000,0.014158,0.140000,-0.003434,0.160000,-0.006537,-0.030000,0.010985,0.020000,0.000356,-0.060000,0.000663,-0.030000,0.000483,-0.021019,-0.014263,0.040000,-0.019035,0.065237
-0.001038,-0.060000,0.000966,-0.000000,-0.004786,-0.030000,-0.002626,0.000000,0.011327,0.310000,0.031608,0.210000,0.005495,0.110000,0.005580,-0.020000,0.005256,-0.060000,-0.009005,0.110000,0.008417,0.050000,0.017293,0.081365,0.020756,-0.040000,0.003280,-0.003021
-0.002690,0.090000,-0.001316,-0.010000,-0.005572,-0.010000,0.006374,0.110000,-0.001278,0.110000,-0.004668,0.030000,0.003444,-0.000000,0.005636,-0.060000,-0.008186,0.050000,-0.004553,0.010000,0.002313,-0.010000,0.010563,0.011741,-0.000376,0.080000,-0.001343,0.083311
-0.001696,0.070000,-0.028029,-0.010000,-0.004893,0.020000,-0.000630,0.030000,-0.012550,0.050000,0.007817,0.020000,-0.001707,-0.010000,0.006480,0.030000,-0.006170,0.060000,0.005603,0.000000,-0.007440,0.020000,-0.007291,-0.000392,-0.015582,0.010000,0.002363,-0.023208
0.001717,0.060000,-0.011456,-0.060000,0.005343,0.000000,-0.019393,0.050000,-0.003544,0.100000,-0.030010,0.010000,-0.011093,-0.040000,0.000295,0.100000,0.000263,-0.000000,-0.001524,-0.000000,0.005242,0.040000,-0.009886,-0.030133,0.026353,-0.090000,0.000389,-0.006272
0.000278,0.030000,0.003603,0.000000,0.005654,0.020000,-0.000964,0.020000,0.003000,0.160000,0.003397,-0.050000,-0.000092,0.120000,0.015263,0.020000,-0.004666,0.080000,0.003502,-0.050000,0.000284,0.070000,-0.002736,0.023456,0.024705,-0.020000,-0.003377,-0.001845
-0.000317,-0.030000,0.004529,-0.050000,-0.005152,0.070000,-0.004050,0.030000,0.011582,0.030000,-0.021303,-0.040000,0.010732,-0.050000,-0.007955,-0.010000,-0.001363,0.040000,0.005615,0.020000,0.003193,-0.060000,0.008553,0.023459,-0.002192,0.060000,0.005180,0.036298
-0.000015,-0.060000,-0.009966,-0.040000,-0.013874,-0.070000,-0.001441,0.020000,-0.005805,-0.240000,-0.022564,-0.090000,0.000982,-0.030000,-0.003774,0.070000,-0.000235,0.090000,0.008023,-0.030000,-0.006406,-0.040000,-0.004502,-0.027289,0.000440,0.050000,-0.000574,-0.131884
0.002131,-0.020000,-0.011268,-0.000000,-0.015122,0.000000,0.009160,-0.030000,-0.004253,-0.000000,0.001758,-0.010000,0.003322,0.010000,-0.002827,0.010000,-0.000088,-0.060000,0.000483,-0.080000,0.006055,-0.010000,-0.009374,-0.043108,0.000123,0.060000,-0.001807,-0.088969
-0.000341,-0.020000,-0.012942,-0.040000,0.004760,0.020000,0.002818,-0.010000,0.000093,0.200000,-0.033460,-0.090000,-0.017194,0.070000,-0.020637,0.040000,-0.004527,0.070000,0.000849,0.010000,-0.005206,0.040000,0.003022,0.211425,0.061658,-0.210000,0.004884,-0.157656
-0.003869,0.110000,-0.011213,-0.030000,-0.015168,0.010000,-0.014244,-0.040000,-0.001378,-0.380000,0.001329,-0.010000,0.000859,-0.010000,-0.023556,0.080000,0.000430,0.130000,-0.002585,0.050000,0.000032,-0.010000,0.003793,0.045611,0.016469,0.030000,-0.019016,0.028403
0.002636,0.030000,-0.009074,0.020000,-0.002509,0.010000,0.000820,0.080000,-0.016519,0.240000,0.007562,0.130000,-0.004668,0.000000,-0.024615,-0.020000,-0.000790,0.040000,0.000032,0.010000,-0.010038,0.100000,-0.000669,0.036270,0.019517,-0.110000,-0.014981,0.263410
0.001066,-0.020000,0.011171,-0.050000,0.001155,0.020000,-0.018388,0.090000,-0.018016,0.080000,-0.052816,0.040000,-0.013442,-0.000000,0.005220,0.080000,-0.004780,-0.080000,0.006728,0.000000,0.002792,-0.050000,0.005152,0.111704,-0.010475,-0.060000,0.018288,-0.032468
0.001372,-0.050000,-0.019043,-0.020000,0.012687,0.040000,-0.009690,-0.040000,-0.011226,0.210000,0.043491,0.160000,0.005389,-0.060000,-0.020507,-0.090000,-0.002365,0.050000,0.003433,-0.050000,0.005242,0.030000,0.003239,0.025185,-0.021319,0.250000,0.027616,-0.053863
0.001756,0.020000,-0.000146,-0.040000,0.016636,0.010000,-0.011037,0.000000,-0.003251,0.170000,-0.015162,0.060000,0.005352,-0.010000,0.005298,-0.090000,0.007466,-0.080000,-0.000847,0.010000,0.005580,0.030000,-0.003583,0.006363,-0.030760,-0.000000,-0.007244,-0.062052
0.005572,-0.030000,0.008598,-0.010000,0.007054,0.020000,-0.018915,-0.080000,0.001985,0.230000,0.005378,0.030000,0.000895,0.070000,0.001092,0.010000,0.002056,0.080000,-0.000401,-0.030000,-0.006464,0.000000,-0.000803,0.075960,0.022821,0.030000,-0.018955,-0.062308
0.000947,0.060000,-0.000814,0.050000,-0.004257,0.020000,0.002772,0.000000,-0.002330,-0.100000,0.005553,0.050000,-0.001961,0.030000,0.005730,-0.040000,-0.001365,0.140000,0.002448,0.060000,0.014375,0.040000,0.000092,0.025258,0.002560,-0.200000,-0.035620,-0.025286
0.002092,-0.060000,0.022867,0.040000,0.029440,-0.010000,-0.012172,0.030000,0.005044,-0.380000,0.010926,-0.110000,-0.007871,-0.070000,0.004908,-0.030000,0.009396,0.020000,0.002734,0.090000,0.000125,-0.100000,0.014952,0.050718,0.011866,0.110000,-0.054705,-0.150085
-0.002265,0.080000,0.006112,0.080000,0.007483,0.000000,-0.001497,0.070000,-0.014180,0.130000,0.033558,0.120000,-0.010335,-0.040000,-0.017918,0.020000,0.008585,0.010000,-0.005510,0.040000,-0.008314,-0.010000,-0.004899,0.000432,-0.006363,-0.110000,-0.041104,0.064986
0.002645,0.000000,-0.013337,-0.010000,-0.003835,0.020000,-0.005384,-0.040000,0.010220,0.080000,-0.033120,0.160000,0.001973,-0.030000,0.014626,0.060000,-0.001224,-0.090000,-0.002365,0.050000,0.008369,-0.000000,0.011199,0.077543,0.005565,0.100000,-0.036268,-0.057649
-0.001851,-0.140000,-0.002655,0.070000,-0.014890,0.000000,0.024348,-0.030000,-0.039505,0.120000,-0.022789,0.000000,-0.002446,-0.050000,-0.005966,0.160000,-0.013708,0.100000,0.001584,-0.030000,0.001041,-0.090000,0.008074,0.007852,0.014181,-0.130000,0.002309,-0.011851
0.001141,-0.000000,0.009845,-0.020000,-0.009051,0.000000,0.018886,0.010000,-0.025338,0.280000,-0.000533,-0.110000,0.003130,0.030000,0.066001,0.020000,-0.006234,0.020000,0.007980,-0.040000,-0.012792,0.060000,-0.004747,0.190809,0.026812,-0.120000,0.014299,0.009974
-0.000039,-0.090000,0.016982,0.060000,-0.009442,0.030000,0.006863,0.020000,0.024979,-0.100000,0.015834,0.130000,-0.005494,-0.040000,0.025073,-0.020000,0.003537,-0.090000,-0.001244,-0.010000,0.004186,0.020000,0.016978,-0.031616,-0.001474,0.110000,0.008410,0.087507
0.001513,0.080000,0.020331,-0.010000,-0.008601,0.020000,0.009423,-0.030000,0.031837,-0.100000,-0.007489,0.060000,0.010489,0.020000,-0.002787,-0.100000,-0.009237,0.050000,0.000013,-0.050000,-0.001328,0.070000,-0.014229,0.004254,0.008789,-0.020000,-0.000727,0.042618
0.003085,0.110000,0.012709,0.040000,0.015715,-0.030000,-0.024391,0.040000,0.030681,-0.090000,0.016366,0.000000,-0.023134,-0.020000,-0.002993,0.010000,0.005279,-0.120000,0.001298,0.010000,0.000909,0.060000,-0.001664,0.004034,-0.024901,0.070000,-0.051752,-0.165523
0.005280,-0.000000,-0.000849,-0.000000,-0.002946,-0.060000,0.005157,0.110000,0.004438,0.180000,0.026896,0.100000,0.007009,-0.040000,0.006703,-0.080000,0.004597,-0.020000,0.007057,-0.130000,0.012396,0.010000,0.006603,0.028867,-0.011501,0.110000,0.037750,0.108798
-0.004868,0.040000,-0.010858,0.090000,0.014685,0.000000,-0.003702,-0.010000,-0.000938,0.010000,0.001485,0.020000,-0.007694,-0.040000,-0.012909,0.040000,-0.002688,0.120000,0.004702,0.010000,-0.003671,0.080000,-0.000295,-0.009795,0.002963,0.010000,-0.010187,-0.007109
-0.000871,0.020000,0.023919,0.020000,0.011052,-0.020000,0.008401,0.040000,-0.000770,-0.220000,-0.049121,-0.170000,0.024764,0.050000,-0.002503,-0.040000,0.003052,-0.030000,0.011112,-0.030000,0.009250,0.060000,0.003189,-0.045497,-0.005211,0.050000,0.046835,-0.059837
-0.002035,-0.020000,0.000303,-0.020000,-0.003354,-0.000000,0.014517,-0.020000,-0.009129,-0.070000,0.007955,-0.120000,0.000056,0.040000,0.011479,-0.010000,0.007348,-0.010000,-0.005265,-0.070000,-0.004412,0.050000,-0.001100,-0.105877,0.026496,-0.050000,-0.026289,-0.002926
0.001280,0.020000,-0.020515,0.040000,0.014561,-0.010000,-0.018116,0.090000,-0.011846,0.270000,0.001739,-0.030000,-0.001901,-0.010000,0.013841,-0.050000,-0.006610,0.020000,0.005284,-0.010000,-0.010463,-0.040000,0.007232,-0.008876,-0.007108,0.080000,0.087179,-0.087974
-0.000381,-0.090000,-0.016803,0.050000,-0.006589,-0.010000,-0.018969,-0.110000,0.010863,-0.100000,-0.009998,0.140000,0.000650,-0.020000,-0.008567,-0.000000,0.000292,0.080000,-0.001896,-0.010000,-0.011637,0.010000,-0.000092,-0.009838,0.002710,-0.120000,0.002884,0.081664
-0.000674,-0.010000,0.004069,-0.090000,-0.011292,0.000000,-0.003841,0.060000,0.005044,0.070000,-0.045559,-0.250000,-0.014400,-0.020000,0.002129,-0.030000,0.004062,0.010000,-0.002694,-0.050000,0.005740,-0.010000,0.007068,0.028549,0.021947,-0.180000,-0.002394,-0.015764
0.001647,-0.010000,0.001179,0.080000,-0.012116,0.010000,0.015767,0.070000,0.000063,-0.060000,-0.000950,0.100000,-0.005992,-0.010000,0.006655,0.030000,0.007478,-0.030000,-0.003374,0.050000,0.000906,-0.020000,0.005648,0.012748,-0.000248,-0.030000,-0.003601,0.016931
0.003649,0.010000,-0.007412,-0.070000,-0.014255,0.010000,0.000881,-0.020000,-0.009106,0.050000,-0.012024,0.110000,-0.007105,-0.060000,0.003666,-0.130000,-0.006965,0.030000,0.008736,-0.300000,-0.014476,-0.020000,0.003233,0.043474,-0.006579,0.010000,0.014698,-0.035797
-0.000970,-0.090000,-0.008585,-0.050000,0.004048,0.000000,-0.021173,-0.060000,-0.025022,0.010000,-0.011413,-0.070000,-0.001718,-0.020000,-0.004038,-0.020000,0.007095,0.090000,-0.003594,-0.080000,-0.007262,0.020000,-0.012404,0.045555,-0.021882,-0.000000,-0.004646,-0.140148
0.001627,0.000000,0.034119,0.070000,0.004583,0.020000,-0.007166,-0.050000,-0.007767,0.290000,-0.034699,0.000000,-0.011861,-0.020000,0.000160,-0.070000,0.000122,-0.040000,0.001831,-0.070000,0.006303,0.040000,-0.018965,-0.053632,-0.000948,0.060000,0.005861,0.018005
-0.005475,-0.000000,0.000353,-0.050000,-0.011992,-0.000000,-0.010143,0.020000,-0.021568,-0.040000,0.040103,0.020000,-0.007915,0.060000,0.003295,0.000000,0.009642,0.060000,0.000831,0.080000,-0.010917,0.010000,0.006142,0.058905,-0.009476,-0.000000,-0.001699,-0.062424
0.002573,0.080000,0.152686,0.030000,0.004642,0.020000,-0.018412,0.050000,0.026900,0.290000,-0.010658,0.150000,0.010353,-0.020000,-0.010740,-0.010000,-0.002602,-0.040000,-0.004796,0.010000,-0.013468,0.000000,0.002441,-0.014750,0.005643,0.030000,0.007769,-0.133561
0.000997,0.020000,-0.000068,-0.110000,-0.014137,0.020000,0.014957,-0.030000,0.012139,0.050000,-0.015780,0.030000,0.008315,-0.040000,0.000660,0.020000,0.003662,-0.040000,-0.003624,-0.060000,0.005447,0.090000,-0.004540,-0.040006,-0.002174,-0.130000,0.006515,0.028027
0.005310,0.080000,0.005683,-0.080000,0.010274,0.000000,0.022373,0.010000,0.000152,0.050000,-0.023564,0.040000,0.000492,0.050000,-0.005929,-0.030000,-0.001692,-0.030000,-0.003078,0.000000,-0.002602,-0.040000,-0.001971,0.026781,-0.008017,-0.220000,0.010538,0.244965
0.002792,0.030000,0.014020,0.000000,0.002984,-0.010000,-0.002443,-0.140000,0.024414,-0.110000,-0.046620,-0.110000,-0.010183,-0.050000,-0.006606,-0.060000,-0.000448,-0.110000,-0.001043,-0.030000,-0.000017,0.030000,0.000950,-0.026515,-0.019622,0.060000,-0.011190,0.072745
-0.000698,-0.010000,-0.000801,-0.070000,0.010365,0.000000,-0.015473,-0.110000,-0.011313,0.130000,-0.006407,0.020000,-0.020283,0.020000,-0.013111,0.180000,0.009609,-0.130000,0.000861,-0.020000,0.010814,-0.030000,0.000192,0.009020,-0.036335,-0.100000,0.011383,-0.042470
-0.001185,-0.080000,0.000762,0.000000,-0.004249,0.020000,0.018643,0.140000,-0.008298,-0.030000,0.023753,0.080000,-0.003548,0.000000,-0.001414,-0.060000,0.009381,0.010000,-0.009622,0.040000,0.005780,-0.010000,-0.001318,0.036479,0.023949,-0.010000,-0.013136,0.113203
0.002372,0.040000,0.006448,0.060000,-0.012926,0.070000,-0.005255,0.000000,-0.010501,-0.150000,-0.042532,-0.180000,0.038662,0.140000,0.006021,-0.080000,-0.001749,0.050000,-0.010355,0.010000,-0.003720,0.020000,-0.001730,0.004589,-0.028032,0.010000,0.011922,-0.032910
0.000364,0.050000,0.006518,-0.010000,-0.010154,-0.000000,-0.007934,-0.120000,-0.024996,0.040000,0.001216,0.000000,-0.013905,-0.040000,0.001240,-0.050000,0.005824,0.050000,-0.003913,0.100000,-0.006521,0.010000,-0.006817,0.012320,-0.011070,-0.210000,-0.016421,-0.166332
0.000993,0.020000,0.011980,-0.050000,-0.000802,0.000000,-0.029518,0.040000,0.017299,-0.050000,-0.010024,0.060000,-0.016354,-0.050000,0.008167,-0.090000,0.001407,-0.210000,0.018734,-0.230000,0.005216,0.020000,-0.005370,-0.022018,0.006635,-0.010000,0.006637,-0.021424
-0.004285,0.010000,0.006577,0.010000,-0.005107,0.020000,-0.007234,0.080000,-0.015728,-0.040000,0.063663,0.100000,0.019862,0.070000,-0.008775,0.020000,-0.006000,0.200000,0.003574,-0.080000,-0.009138,-0.000000,0.001316,-0.047668,0.026127,0.080000,0.005883,0.048902
-0.000253,0.060000,-0.011081,-0.070000,0.008611,0.020000,0.025698,0.080000,-0.006145,-0.190000,0.002446,-0.040000,0.022648,0.090000,0.007678,-0.010000,-0.003923,0.100000,-0.011348,-0.070000,0.010132,-0.030000,0.013777,-0.014170,0.031604,-0.210000,0.014786,-0.011293
0.003008,0.030000,0.001608,-0.040000,0.013615,-0.000000,-0.004292,0.040000,0.000303,-0.080000,0.040729,-0.060000,-0.006759,-0.040000,-0.001270,-0.020000,-0.001153,0.010000,-0.001258,-0.010000,0.011786,0.000000,0.001335,-0.044324,0.007424,0.090000,0.007330,-0.010796
-0.000403,0.050000,0.002921,0.030000,0.022256,0.000000,-0.012962,0.020000,0.004505,0.020000,0.007739,0.000000,0.006638,-0.080000,0.003153,-0.030000,0.001950,0.030000,-0.002416,-0.030000,0.012276,-0.040000,-0.009068,0.004798,-0.040362,0.060000,0.001576,0.016958
-0.002138,-0.080000,0.001482,0.130000,-0.002970,-0.010000,-0.007421,0.140000,0.002262,-0.000000,-0.003516,0.080000,0.008554,0.070000,0.013075,0.030000,0.005866,0.080000,-0.003236,0.060000,0.004296,-0.030000,0.005427,0.035086,-0.070894,0.410000,0.006561,0.028651
0.001554,0.090000,-0.009197,0.040000,-0.013536,0.010000,0.021408,0.010000,0.005195,-0.080000,0.032140,0.050000,-0.014664,-0.060000,0.004589,0.110000,-0.005867,-0.060000,0.003550,-0.040000,-0.012218,-0.000000,-0.000228,0.003617,-0.024040,0.240000,0.012715,-0.007119
-0.000059,0.040000,-0.010185,-0.070000,0.015607,0.010000,0.022384,0.040000,-0.012181,0.040000,0.020858,-0.510000,-0.010099,-0.030000,-0.005807,-0.100000,0.001264,0.030000,0.005438,-0.040000,-0.008945,0.050000,0.006791,-0.014010,0.020240,0.010000,-0.015051,-0.052682
0.000758,-0.030000,0.011730,-0.050000,0.000411,-0.000000,0.012348,0.010000,-0.011156,-0.080000,-0.012979,0.100000,0.006342,-0.050000,-0.000007,-0.050000,-0.000720,0.030000,-0.009126,0.060000,0.008472,0.020000,0.004623,0.006190,0.026579,-0.080000,0.001668,-0.005603
-0.002180,0.030000,0.002010,-0.000000,0.006178,0.010000,0.011662,-0.060000,-0.003045,0.150000,-0.019769,0.040000,0.011675,0.040000,-0.003821,-0.060000,0.002476,-0.140000,-0.006511,-0.030000,-0.006008,0.010000,0.004738,-0.004248,0.057796,-0.180000,-0.003271,0.009958
-0.000397,-0.010000,0.005155,-0.050000,0.001820,0.040000,-0.000435,0.180000,-0.003378,-0.050000,0.070758,0.030000,-0.012708,-0.000000,-0.000333,-0.090000,-0.007678,0.080000,0.012178,0.080000,-0.005866,-0.010000,0.000046,-0.023565,-0.009329,-0.000000,-0.002424,-0.183164
-0.001178,0.000000,-0.012300,0.010000,0.005670,0.060000,0.011304,0.060000,0.001116,-0.050000,-0.020415,0.000000,-0.008933,-0.000000,-0.009860,0.050000,-0.001440,0.020000,0.005345,0.050000,0.002895,0.050000,0.012441,0.008209,0.008040,0.160000,-0.004603,-0.003049
-0.003877,0.100000,0.000845,0.020000,0.003799,-0.000000,-0.012273,-0.060000,0.000890,-0.140000,0.009626,0.130000,-0.003932,-0.050000,0.002805,0.020000,-0.009344,-0.040000,0.002193,0.060000,0.006834,-0.040000,0.009125,0.072536,0.031773,-0.190000,0.007030,0.030353
0.002633,0.150000,0.005993,0.060000,0.005666,0.020000,0.014344,0.020000,-0.007729,-0.350000,0.023320,-0.050000,-0.002487,-0.040000,0.006388,-0.010000,0.000091,-0.040000,0.001529,-0.010000,0.001022,0.010000,0.006056,0.002034,-0.025557,-0.090000,0.002442,0.083685
0.000163,-0.000000,0.002957,0.040000,0.013630,-0.000000,0.005066,0.140000,0.013551,0.040000,-0.020316,0.020000,0.002275,0.020000,-0.001034,-0.070000,0.015289,0.210000,0.001342,-0.000000,0.013201,-0.020000,0.000686,-0.035934,0.007505,0.100000,0.007915,-0.132495
-0.000388,0.020000,-0.008231,-0.100000,0.001729,0.090000,0.007145,-0.020000,0.016776,0.160000,-0.034819,-0.050000,-0.024250,-0.020000,-0.004938,0.060000,0.005939,0.230000,-0.002837,0.100000,-0.006913,-0.030000,0.001865,0.036368,0.007120,-0.150000,0.006645,-0.098256
0.000396,0.020000,0.015038,-0.010000,-0.002447,0.070000,0.012257,-0.050000,0.006905,-0.240000,0.013130,-0.020000,0.001489,-0.020000,0.006795,-0.040000,0.011731,-0.110000,0.015857,-0.100000,-0.013708,-0.030000,0.000193,0.002965,-0.003712,-0.100000,-0.020314,0.201793
-0.001614,-0.030000,-0.007532,0.060000,-0.003199,0.020000,-0.006294,-0.060000,0.003130,0.070000,0.016557,-0.030000,0.008254,0.040000,0.010440,-0.050000,0.006458,-0.030000,0.000378,-0.120000,0.004749,-0.030000,0.002669,-0.027742,-0.038558,-0.120000,0.005592,-0.017958
-0.002965,-0.040000,-0.000393,-0.000000,-0.009294,0.060000,-0.015653,-0.030000,0.007629,0.010000,0.028727,0.090000,-0.020051,-0.040000,-0.000201,0.020000,-0.002599,0.120000,-0.004728,0.080000,-0.002909,-0.050000,0.007214,0.014723,0.037920,0.030000,-0.008791,-0.113796
0.002011,0.020000,0.007459,0.080000,-0.012941,0.120000,0.003410,0.070000,-0.004190,0.010000,0.009732,0.140000,-0.001941,0.070000,-0.004735,-0.040000,-0.004451,0.200000,0.000790,0.030000,-0.005560,-0.040000,0.017356,0.067453,0.035674,0.010000,-0.005461,0.023653
-0.000709,0.030000,-0.008505,0.050000,-0.001537,-0.030000,0.008091,0.030000,0.004452,-0.090000,-0.008332,0.040000,0.003308,-0.030000,0.002352,0.040000,-0.001806,-0.060000,0.004314,-0.060000,0.001457,0.030000,-0.011529,-0.061404,0.025463,0.090000,-0.005625,0.093821
-0.001258,-0.020000,0.013464,-0.100000,-0.001663,0.010000,-0.012552,0.120000,-0.001102,0.110000,-0.023855,-0.020000,-0.017974,-0.050000,-0.008953,0.020000,0.000886,0.030000,0.000256,-0.000000,-0.005465,0.010000,0.001784,-0.001209,0.024428,-0.200000,-0.002790,-0.069684
0.000727,0.060000,-0.009030,-0.050000,0.002231,0.010000,-0.009717,0.070000,-0.016575,0.100000,0.011783,-0.070000,0.006526,-0.040000,-0.009544,0.070000,0.008877,-0.180000,-0.011739,0.130000,0.000268,-0.010000,0.000069,-0.000447,0.002078,-0.010000,0.014914,-0.087321
-0.000968,-0.020000,-0.001709,0.050000,-0.001774,0.040000,0.004253,0.050000,0.002025,-0.100000,0.038053,0.100000,-0.009535,-0.050000,0.000024,-0.070000,0.002326,0.010000,0.011282,-0.050000,0.002388,0.000000,-0.002711,0.000281,0.003522,-0.000000,-0.006782,-0.087695
-0.000794,0.040000,-0.000159,0.060000,-0.009335,-0.060000,-0.002651,0.060000,-0.020176,0.080000,0.002533,-0.080000,-0.001000,-0.110000,0.003868,0.010000,0.001097,-0.030000,-0.000837,-0.010000,-0.004630,-0.070000,0.012731,0.050956,-0.008037,-0.040000,-0.004441,0.040453
0.000598,-0.030000,0.009992,0.040000,0.000621,0.020000,-0.016877,0.070000,0.028761,-0.030000,-0.020065,-0.080000,0.027802,0.060000,-0.000052,0.040000,-0.002982,0.100000,0.005612,0.060000,-0.016498,0.010000,0.006780,-0.034591,-0.007610,0.150000,0.018588,-0.014981
0.001866,0.010000,-0.003826,-0.040000,-0.008144,-0.020000,-0.003418,-0.070000,0.008618,0.040000,0.012549,0.020000,0.002064,-0.000000,0.005955,-0.010000,0.002774,0.020000,0.007516,-0.040000,0.001665,-0.010000,0.000316,-0.011939,-0.001807,0.220000,-0.010061,0.120542
-0.003306,0.060000,0.011615,-0.100000,-0.010228,-0.050000,0.011175,-0.020000,-0.023823,0.350000,0.015539,0.040000,-0.017827,-0.120000,0.009297,-0.040000,-0.001278,0.020000,-0.000569,-0.030000,-0.008566,-0.100000,-0.000128,0.083265,-0.010258,0.130000,0.010470,0.077917
0.000992,-0.040000,0.003745,0.110000,-0.009488,-0.010000,-0.012144,0.130000,0.015695,-0.120000,0.004969,0.120000,-0.013351,0.080000,0.011435,-0.080000,-0.001932,0.160000,0.017117,-0.020000,-0.003598,0.010000,0.000736,0.006444,-0.007504,0.050000,-0.009715,0.090107
0.000966,-0.070000,-0.000035,0.040000,0.002837,-0.010000,-0.000205,0.020000,-0.022267,0.030000,-0.042790,-0.100000,-0.017279,-0.060000,0.001926,0.030000,0.002489,-0.100000,0.001810,0.010000,-0.000468,-0.070000,-0.003727,-0.233257,-0.001677,-0.170000,0.013081,-0.069107
0.000846,0.110000,0.001240,0.050000,-0.007006,-0.080000,0.016058,0.080000,0.010147,-0.120000,0.021252,0.060000,0.004054,0.080000,-0.001724,0.040000,-0.000601,-0.330000,-0.000222,0.040000,-0.011634,0.090000,-0.010778,-0.154586,-0.012231,-0.070000,0.002228,0.122171
-0.001107,-0.010000,-0.024763,0.010000,0.000350,-0.090000,-0.000619,-0.080000,-0.013231,0.060000,-0.007682,0.040000,-0.019122,0.010000,0.006631,0.040000,0.013287,-0.030000,-0.003296,-0.030000,0.000983,0.010000,-0.004818,-0.017687,0.016383,-0.030000,0.026194,-0.095709
0.000018,-0.040000,0.007964,0.070000,-0.006556,0.100000,-0.014753,0.050000,-0.009302,0.070000,0.009922,-0.020000,-0.003060,-0.120000,0.007401,-0.030000,0.012243,0.320000,-0.006930,-0.070000,-0.009295,0.000000,0.063332,0.171434,-0.021132,0.080000,-0.006615,0.023433
-0.003155,-0.040000,-0.020638,0.070000,-0.007020,-0.020000,-0.027740,0.000000,0.006443,0.100000,0.016797,0.070000,0.017056,0.090000,0.006859,-0.010000,-0.002005,0.140000,-0.007556,-0.070000,0.009104,0.060000,0.006631,0.055121,0.013536,-0.020000,-0.002637,0.043865
0.000892,0.030000,-0.007147,0.030000,-0.003562,0.030000,0.005698,-0.090000,-0.014750,-0.010000,-0.010067,-0.080000,0.001733,0.030000,0.003381,-0.050000,-0.004867,0.090000,0.000730,0.030000,-0.007322,0.080000,0.028071,0.032852,-0.002755,0.040000,-0.009537,0.016195
-0.000457,0.020000,-0.004141,-0.010000,0.013602,-0.080000,-0.028146,-0.040000,0.010950,0.220000,-0.002740,0.100000,-0.022272,-0.010000,0.000599,-0.040000,0.010762,-0.070000,-0.010568,-0.010000,0.014720,0.020000,-0.004167,-0.036043,0.001079,-0.140000,-0.000442,0.028267
0.000845,0.050000,-0.007134,0.010000,-0.002885,-0.080000,0.002098,0.050000,0.000637,0.070000,0.021610,0.070000,-0.022073,-0.070000,0.002575,-0.100000,0.006535,-0.200000,-0.004329,0.010000,0.007076,0.020000,-0.011857,-0.086120,0.014237,-0.130000,-0.002377,-0.093668
-0.003495,-0.050000,-0.023453,-0.000000,0.007787,0.030000,0.024747,0.030000,0.000133,-0.180000,-0.000950,0.040000,0.006240,0.020000,-0.000980,0.080000,0.005498,-0.120000,0.005668,0.040000,-0.014205,-0.010000,0.008471,0.028254,0.017501,-0.040000,-0.008322,-0.029266
-0.001019,0.050000,-0.013250,0.030000,0.005912,0.030000,-0.036285,0.040000,0.012769,-0.180000,0.005396,0.050000,0.035329,0.120000,0.005449,-0.000000,-0.003190,0.240000,0.005588,-0.080000,0.019004,-0.040000,0.011058,0.025647,0.017585,-0.030000,-0.003620,-0.056098
0.000102,0.000000,-0.103845,-0.080000,0.009684,-0.030000,0.005675,0.100000,0.001336,0.130000,0.033868,-0.020000,-0.012662,-0.060000,0.001131,-0.030000,0.010934,-0.150000,0.005294,-0.020000,0.004719,0.010000,-0.006270,0.094607,0.005703,-0.380000,0.012501,-0.061496
-0.001728,0.010000,0.010755,-0.020000,-0.001329,-0.010000,0.004837,-0.020000,0.006923,-0.200000,-0.003792,0.010000,-0.024673,-0.060000,-0.003096,-0.030000,-0.003414,-0.000000,0.008142,-0.080000,-0.015594,0.020000,0.004685,0.059355,-0.020366,0.050000,-0.006202,0.068663
0.001220,-0.010000,-0.007456,-0.070000,0.003702,-0.000000,0.029862,-0.040000,-0.001707,0.010000,0.017404,-0.020000,-0.032920,-0.120000,-0.004371,0.060000,-0.002947,0.280000,-0.004081,-0.040000,-0.006744,0.060000,-0.001087,-0.034512,-0.009058,0.090000,-0.013133,-0.054477
-0.002322,-0.050000,-0.007188,-0.120000,0.002513,-0.040000,-0.035650,0.120000,-0.003615,-0.240000,-0.013202,0.110000,0.006009,0.000000,-0.002491,0.070000,0.002263,-0.030000,-0.001597,0.030000,-0.013670,-0.030000,-0.010719,-0.014613,0.008753,0.020000,0.024547,-0.120501
-0.000011,0.020000,-0.004518,-0.030000,0.001230,-0.100000,-0.005674,0.070000,0.005799,0.000000,0.024069,0.000000,-0.006013,-0.030000,0.002318,0.050000,-0.001803,-0.010000,-0.010840,0.090000,-0.011714,0.000000,0.000069,0.076707,-0.005875,0.030000,-0.014948,-0.044191
-0.000428,0.020000,0.009486,-0.010000,0.004699,-0.010000,-0.032037,-0.070000,-0.000980,-0.240000,-0.021512,-0.120000,-0.004266,0.030000,0.000213,-0.070000,0.000392,0.170000,0.005260,-0.050000,-0.007819,-0.000000,0.004146,0.021108,0.008528,0.140000,0.007133,0.022680
0.001636,-0.030000,-0.007483,-0.040000,-0.003786,0.010000,0.002458,-0.060000,-0.001326,0.140000,-0.000979,0.000000,-0.019611,0.090000,0.005756,0.010000,-0.006406,0.060000,0.008801,0.040000,-0.008960,-0.050000,0.014270,-0.024213,0.018667,0.030000,-0.001523,-0.095419
0.000729,-0.050000,0.019537,-0.060000,-0.008907,0.050000,-0.016463,-0.080000,0.004241,0.210000,-0.026895,-0.060000,0.004616,-0.040000,-0.007781,-0.100000,0.002939,-0.030000,-0.013868,0.120000,-0.011286,-0.110000,0.001375,-0.041950,-0.007363,0.050000,-0.013207,-0.068984
-0.000939,-0.070000,-0.006252,-0.000000,-0.006155,0.030000,-0.001296,-0.070000,0.003594,-0.430000,0.010352,-0.010000,-0.026659,-0.050000,-0.007077,0.030000,0.009917,-0.290000,-0.002246,-0.110000,-0.002128,-0.060000,-0.000980,0.110332,-0.012239,-0.110000,-0.022201,-0.086445
-0.001373,0.070000,0.009096,-0.010000,-0.001527,0.010000,0.023870,0.090000,0.011761,-0.010000,-0.011410,0.040000,-0.040210,-0.040000,0.008646,0.060000,-0.000827,-0.080000,0.006852,-0.020000,0.022308,0.040000,0.010136,-0.139358,-0.005790,0.040000,-0.001534,-0.063363
0.003638,0.030000,0.012342,-0.020000,0.002992,0.010000,-0.003946,-0.050000,0.004196,-0.180000,0.030389,0.080000,-0.032474,-0.110000,0.002660,-0.010000,0.002497,0.080000,-0.003311,0.040000,0.000369,-0.050000,0.009120,0.003368,-0.026138,-0.030000,-0.009063,0.043032
0.001128,0.030000,-0.009869,-0.070000,0.010473,-0.000000,0.020170,0.100000,-0.003769,0.060000,-0.001737,0.030000,-0.027543,-0.030000,-0.000851,0.030000,0.000024,0.020000,-0.006593,-0.020000,0.011569,0.020000,0.014334,0.023480,0.022292,-0.110000,0.006800,-0.128697
0.000848,0.030000,-0.002388,-0.100000,-0.002807,-0.050000,-0.040395,-0.090000,-0.001065,0.400000,-0.005131,-0.060000,0.058539,0.020000,0.004047,0.080000,-0.007370,-0.060000,-0.007440,0.080000,0.000193,0.020000,0.012661,-0.001789,0.000965,0.040000,0.003704,-0.017795
0.001328,0.000000,-0.003044,-0.100000,-0.003832,-0.080000,-0.005834,-0.050000,-0.009344,-0.050000,-0.016758,0.160000,-0.005989,-0.040000,0.004733,-0.030000,0.000952,-0.150000,0.013668,-0.030000,0.020973,-0.010000,-0.000629,0.000728,0.002260,-0.060000,-0.000661,0.022419
-0.002063,0.020000,0.000239,-0.080000,0.020366,0.020000,0.000146,-0.060000,-0.001860,-0.100000,-0.001497,0.100000,0.018197,-0.010000,-0.004196,0.130000,-0.022986,0.360000,-0.000180,0.060000,0.014283,-0.040000,-0.001538,0.014843,0.009187,0.380000,0.023678,-0.081139
-0.000071,0.090000,-0.049851,-0.020000,0.008216,-0.010000,0.018555,0.080000,0.002903,-0.020000,0.026302,0.050000,0.055347,0.190000,0.000716,-0.070000,-0.001733,-0.010000,-0.000725,-0.020000,0.011296,-0.020000,0.003705,-0.088229,0.000348,0.030000,0.002074,-0.086198
0.000908,-0.020000,0.020376,0.040000,0.004152,-0.070000,-0.008121,-0.100000,0.000458,-0.160000,-0.018971,0.210000,0.006007,0.030000,-0.005235,0.040000,-0.001660,-0.060000,-0.011148,0.050000,-0.011988,-0.000000,-0.022613,-0.046278,-0.001867,0.080000,-0.011672,0.004479
0.002814,-0.060000,-0.009822,0.130000,0.001500,-0.020000,0.009451,-0.010000,0.008670,0.110000,0.015419,-0.040000,0.009684,-0.150000,-0.002890,0.060000,-0.006633,-0.020000,-0.004942,-0.120000,0.022662,-0.040000,0.002673,-0.023319,0.008854,-0.130000,0.011476,0.030212
0.000203,-0.030000,-0.009014,-0.050000,0.006513,-0.040000,0.019883,0.000000,-0.001501,-0.020000,0.013575,-0.200000,-0.030992,-0.030000,0.005525,0.040000,-0.005157,-0.120000,-0.003464,-0.090000,-0.012705,0.030000,-0.013453,0.019603,0.021405,-0.080000,0.023390,-0.097279
-0.002387,-0.030000,0.004223,-0.060000,0.007099,0.010000,0.024742,-0.010000,0.006388,0.110000,0.025818,0.240000,-0.022007,-0.140000,0.009845,-0.070000,0.014151,-0.200000,0.004581,-0.030000,0.001150,-0.070000,0.002642,0.030168,-0.004780,0.080000,0.012099,-0.023310
-0.003521,0.010000,-0.026912,0.000000,0.002561,-0.030000,-0.006274,0.110000,0.012328,-0.120000,0.001983,-0.060000,-0.034205,-0.040000,0.000145,-0.020000,0.000178,-0.140000,0.000948,-0.030000,0.004058,0.020000,-0.003009,0.092654,0.002247,-0.030000,0.008892,-0.007648
-0.002067,0.010000,-0.043441,0.060000,-0.006102,-0.040000,-0.007483,0.090000,-0.013546,0.180000,-0.013739,-0.090000,0.030257,0.130000,-0.003807,-0.110000,0.000252,0.160000,-0.006752,0.040000,0.012298,-0.010000,-0.000938,0.075264,0.005360,0.020000,-0.000371,0.055161
0.000162,-0.010000,0.013818,0.020000,-0.001967,0.010000,0.018431,-0.020000,0.004645,0.150000,0.011484,0.160000,0.018427,-0.070000,-0.008465,0.200000,0.009539,-0.220000,0.010594,0.080000,0.005774,0.010000,0.007306,0.032540,-0.004340,0.020000,-0.006404,-0.167466
0.003296,0.050000,0.006870,-0.090000,0.005379,-0.020000,-0.016347,0.040000,-0.013030,0.080000,-0.002515,0.120000,0.032293,0.050000,-0.000985,-0.080000,-0.001691,-0.210000,-0.006501,-0.080000,0.016750,-0.040000,0.001583,0.014292,0.009294,0.010000,-0.006259,0.027698
0.001105,-0.020000,-0.016470,0.090000,0.000130,0.010000,0.003137,0.080000,0.010078,0.040000,-0.001011,0.070000,0.003718,-0.130000,0.000931,-0.030000,0.013942,-0.340000,-0.011273,-0.060000,-0.011484,-0.050000,-0.005690,-0.013493,-0.001364,0.020000,0.002617,0.219905
-0.000945,-0.070000,-0.025646,-0.020000,-0.003523,-0.020000,0.009523,-0.060000,0.004662,-0.020000,0.003503,-0.050000,-0.004621,-0.040000,0.002495,0.050000,0.011587,-0.190000,0.009699,0.060000,0.001141,0.050000,-0.008681,-0.045750,-0.015528,0.220000,-0.018823,-0.063221
0.002352,0.050000,-0.025857,-0.060000,0.013245,-0.020000,-0.010794,0.050000,-0.005325,0.160000,-0.003480,0.120000,-0.023062,-0.100000,0.004574,0.090000,0.009545,-0.450000,0.006259,0.040000,0.007240,0.060000,-0.004332,-0.017216,-0.009087,-0.080000,0.010488,-0.037099
-0.002916,-0.030000,-0.008549,-0.050000,-0.008137,-0.010000,-0.023799,0.010000,0.004540,0.170000,0.006112,-0.100000,0.040272,-0.060000,-0.008267,0.060000,-0.003855,0.060000,0.012260,-0.020000,-0.004579,0.020000,-0.009771,0.019869,-0.011620,0.020000,-0.029415,-0.050627
0.000343,-0.030000,-0.024460,-0.050000,0.017230,0.010000,-0.029110,0.110000,-0.002923,0.170000,0.001397,-0.070000,0.011786,0.110000,-0.002749,-0.080000,0.012979,0.140000,0.008667,0.020000,-0.005606,-0.020000,-0.009028,-0.141868,0.014112,-0.150000,-0.022308,-0.109593
-0.003212,-0.010000,-0.033153,-0.080000,0.003144,-0.030000,-0.038768,0.280000,-0.001740,0.020000,-0.023769,-0.050000,-0.001808,0.150000,-0.011383,-0.070000,-0.010236,0.140000,0.000547,-0.040000,0.010612,0.100000,-0.008246,0.078514,-0.015290,-0.010000,-0.035484,0.001265
-0.000042,0.070000,-0.042379,-0.050000,-0.012537,0.020000,-0.003774,0.060000,-0.024818,0.120000,-0.012720,-0.090000,0.023944,-0.040000,-0.009620,0.150000,0.009219,-0.110000,0.001390,-0.010000,-0.009147,-0.030000,0.021324,-0.000699,-0.006388,-0.140000,0.042561,0.040996
-0.000248,0.010000,0.006489,-0.020000,0.001537,0.040000,0.014593,-0.160000,0.008722,0.010000,-0.001382,0.010000,-0.013494,-0.120000,-0.007627,-0.060000,0.006654,0.180000,0.016565,-0.020000,0.005643,0.020000,-0.008053,-0.028756,0.003759,0.030000,-0.051501,-0.072749
-0.000339,0.020000,-0.064695,0.010000,-0.002017,0.010000,-0.032512,-0.050000,0.007459,0.120000,0.008411,0.180000,0.010668,0.030000,0.003437,0.150000,0.009468,-0.110000,0.004967,-0.040000,-0.007386,0.050000,-0.018812,-0.051811,0.008686,-0.120000,-0.004102,0.203288
0.000160,0.040000,-0.008617,-0.010000,0.000549,-0.010000,0.002201,-0.030000,0.011507,0.050000,0.003114,-0.070000,0.016265,0.090000,0.010184,-0.020000,0.010140,-0.130000,0.004263,0.000000,0.019575,-0.010000,0.004015,0.028441,-0.003747,0.080000,0.008037,0.105163
-0.001706,-0.000000,0.025471,-0.020000,0.001894,-0.010000,0.024477,0.060000,-0.008633,0.020000,-0.030600,-0.070000,-0.023086,-0.060000,-0.001747,-0.090000,0.009460,0.020000,-0.013017,0.100000,-0.006294,-0.030000,0.018596,0.045062,-0.019991,-0.120000,-0.025033,0.028066
0.005385,0.020000,0.024507,-0.060000,0.004699,-0.050000,-0.001302,-0.150000,-0.010384,0.060000,0.002307,-0.070000,0.007554,-0.020000,0.005425,0.020000,0.001272,0.040000,-0.000202,0.080000,0.006221,-0.050000,0.002452,-0.020307,0.007270,-0.040000,0.002077,-0.166683
0.002284,0.040000,-0.032884,0.050000,0.002019,-0.020000,0.009532,-0.070000,0.017059,0.040000,0.006524,0.070000,-0.014240,0.080000,0.006889,-0.000000,-0.001660,-0.280000,-0.002771,-0.020000,-0.005170,0.010000,-0.002106,0.054679,0.006257,-0.060000,0.018681,0.068629
0.000198,0.040000,-0.000926,0.000000,0.007973,-0.010000,0.030563,0.040000,0.002130,-0.070000,0.021444,-0.170000,-0.017265,-0.070000,-0.003541,-0.040000,-0.000476,0.070000,0.003929,0.020000,-0.011358,0.010000,-0.013593,-0.116920,0.003500,-0.080000,0.018973,-0.007807
-0.006498,-0.020000,0.022529,0.110000,-0.001984,-0.000000,-0.002973,0.070000,0.001374,0.220000,-0.001478,-0.030000,-0.000067,-0.060000,0.003755,-0.050000,0.018473,-0.400000,-0.002404,0.060000,0.008438,-0.050000,-0.011166,-0.028682,-0.013001,0.120000,-0.023614,-0.019414
0.000831,-0.000000,0.001294,-0.080000,-0.016352,0.000000,-0.020143,0.000000,0.013943,0.200000,0.009065,-0.010000,-0.000657,-0.020000,-0.002285,0.200000,0.006793,-0.050000,-0.001417,-0.060000,-0.010967,0.020000,-0.000384,-0.012875,-0.018113,0.050000,0.023710,-0.008444
-0.000711,0.030000,0.007708,-0.100000,-0.009621,-0.010000,-0.000712,-0.100000,-0.000005,0.030000,-0.008531,0.020000,-0.042056,-0.160000,0.005558,0.070000,0.004213,-0.060000,-0.005529,-0.020000,-0.009958,0.000000,-0.006886,0.024079,-0.016364,-0.080000,-0.007042,-0.108266
0.003978,-0.080000,-0.020710,-0.080000,-0.005695,0.000000,-0.008759,-0.120000,-0.010103,0.200000,0.004362,0.020000,0.015772,-0.020000,-0.027486,0.120000,0.003009,0.040000,0.012694,0.050000,0.009431,0.040000,0.013092,0.082698,0.007992,0.040000,-0.013240,-0.024532
0.003136,0.040000,0.008819,-0.030000,-0.005770,0.010000,0.010554,-0.100000,-0.011008,-0.170000,-0.029145,-0.040000,-0.015344,-0.050000,0.000521,0.120000,0.012429,0.010000,0.018633,-0.020000,-0.023595,-0.080000,0.001933,-0.009903,0.011478,-0.080000,-0.009180,-0.085241
0.002564,-0.040000,-0.004289,0.010000,-0.014507,0.020000,0.001584,-0.060000,-0.011203,0.080000,0.002566,0.010000,0.015545,0.140000,-0.005175,0.030000,0.002316,0.050000,0.002025,0.030000,-0.006327,0.060000,-0.011171,0.002286,-0.021004,0.130000,-0.000421,0.096775
0.004649,-0.010000,0.016947,0.060000,0.011523,0.010000,0.003573,0.110000,-0.010754,0.110000,-0.019684,-0.050000,0.011422,0.000000,0.010623,0.020000,0.002074,-0.180000,0.005313,0.030000,-0.003912,0.030000,0.013177,0.084169,0.005592,0.300000,-0.001644,-0.057963
-0.001954,-0.070000,0.002882,-0.010000,-0.016233,-0.010000,0.014965,0.080000,0.008584,0.010000,-0.001669,-0.140000,0.008300,-0.040000,-0.001894,-0.150000,0.000189,0.020000,-0.002947,-0.040000,-0.005520,-0.050000,-0.008808,-0.057524,0.004807,0.060000,0.013814,-0.117086
-0.000810,-0.020000,-0.005025,0.020000,-0.007954,0.000000,-0.000830,0.080000,-0.000426,-0.100000,0.003547,0.110000,0.000929,0.060000,0.001219,-0.160000,-0.002455,-0.060000,0.000796,-0.020000,-0.007625,-0.080000,-0.002745,0.010617,0.019680,-0.060000,-0.000757,-0.005405
-0.002335,0.060000,-0.008903,0.090000,-0.000509,0.000000,-0.011527,-0.100000,-0.009079,0.010000,-0.004022,-0.120000,-0.026774,-0.080000,0.006559,0.000000,-0.000315,-0.070000,-0.005049,-0.040000,0.011332,0.040000,-0.002246,0.026909,0.002368,-0.050000,0.004301,-0.067735
-0.001699,-0.010000,0.011373,-0.050000,-0.018251,0.030000,-0.009244,-0.030000,0.018275,-0.200000,0.024934,0.060000,0.002103,-0.050000,0.001347,-0.040000,0.003897,-0.100000,0.004964,-0.100000,0.018993,0.040000,-0.002074,-0.330199,-0.003155,-0.120000,-0.019812,-0.013550
-0.001419,0.070000,0.012637,-0.050000,-0.000278,-0.030000,-0.004457,-0.050000,-0.010058,-0.150000,0.005316,0.120000,0.002588,-0.020000,-0.009487,-0.020000,0.004777,-0.110000,-0.004884,-0.030000,-0.003944,-0.030000,-0.024851,-0.037591,0.000959,0.100000,-0.002016,0.047371
-0.001284,0.050000,-0.008599,0.030000,0.014197,-0.040000,-0.002999,0.050000,0.007206,0.100000,0.029630,0.130000,-0.021720,-0.030000,0.007175,-0.110000,0.001039,0.240000,-0.001256,-0.030000,0.001086,0.080000,0.001693,0.004332,0.014366,-0.010000,-0.019198,-0.022365
0.000634,0.030000,0.002602,-0.090000,-0.030204,-0.010000,0.019201,-0.030000,-0.011825,0.080000,0.008642,-0.040000,-0.003538,-0.020000,-0.012881,0.070000,-0.003295,-0.050000,0.003850,-0.020000,-0.016931,-0.030000,0.008682,0.093434,-0.001988,-0.100000,-0.002162,0.095705
-0.002403,-0.040000,-0.066839,0.060000,-0.020160,0.010000,-0.008364,0.030000,-0.015760,0.150000,-0.000383,0.080000,-0.029461,-0.070000,0.003632,-0.040000,-0.008788,0.050000,0.000910,-0.040000,0.006225,-0.010000,0.017544,-0.014860,-0.009229,-0.030000,-0.011645,0.002668
0.003598,0.030000,-0.102772,-0.050000,0.011228,-0.010000,0.027628,0.050000,-0.006116,-0.050000,0.011432,-0.060000,0.002136,0.000000,-0.004899,0.020000,0.002559,0.040000,-0.001235,-0.030000,0.024756,0.020000,-0.003763,-0.069042,0.009152,0.110000,-0.004136,-0.045580
0.000185,-0.060000,-0.015214,0.100000,-0.003361,-0.010000,0.005896,0.030000,0.004802,0.100000,0.003627,-0.110000,-0.013716,-0.090000,0.000493,0.080000,0.011209,0.010000,0.001782,0.010000,0.004337,0.020000,-0.007289,-0.063213,0.014271,0.110000,-0.007675,0.115114
-0.001461,0.050000,-0.007991,0.000000,-0.028557,-0.010000,0.009861,-0.130000,0.022045,0.180000,-0.000534,0.080000,-0.016118,-0.010000,0.003571,0.030000,0.005201,-0.230000,-0.001386,0.050000,0.001417,-0.010000,0.004677,0.014342,0.010930,0.140000,0.005596,0.029546
0.004251,0.010000,-0.060564,0.010000,-0.009104,0.010000,-0.009332,-0.140000,-0.012159,0.120000,0.023290,0.140000,0.026939,0.090000,-0.002287,0.020000,-0.004159,-0.120000,0.005676,-0.010000,0.018282,0.010000,0.010380,-0.045070,-0.001582,0.150000,-0.007961,0.061533
0.000777,-0.050000,0.011500,-0.010000,0.020175,-0.000000,0.001315,0.040000,0.007124,0.060000,0.003042,-0.020000,0.019231,0.020000,0.000002,0.040000,-0.013505,0.110000,-0.001582,0.060000,0.007609,-0.070000,0.000594,0.018458,-0.005812,0.020000,-0.012094,-0.080669
0.001231,0.020000,0.000215,0.040000,-0.003070,-0.000000,-0.011543,0.000000,0.003164,-0.140000,0.002982,0.050000,-0.031988,-0.110000,-0.015213,-0.060000,0.003352,-0.300000,-0.001937,0.010000,0.005154,-0.020000,0.010738,0.029753,-0.011486,0.130000,0.005041,-0.065638
-0.001365,-0.030000,-0.014085,0.080000,-0.014081,-0.010000,0.026156,-0.030000,0.003247,0.050000,-0.002606,-0.030000,-0.014706,-0.070000,0.018402,0.040000,-0.001923,-0.040000,0.002323,-0.070000,0.001231,-0.000000,0.000205,-0.096864,-0.014490,0.050000,0.003905,-0.042178
-0.000014,0.030000,-0.088773,-0.000000,-0.021852,-0.000000,0.012133,-0.100000,0.014670,-0.090000,-0.004563,-0.030000,0.040276,0.090000,0.000325,0.010000,-0.011114,0.140000,-0.000510,-0.030000,0.010987,0.010000,-0.009332,0.046650,-0.008046,-0.010000,-0.000106,0.068413
-0.007093,-0.070000,0.011055,-0.070000,-0.003611,0.000000,0.014208,-0.010000,0.002925,0.070000,0.011896,-0.020000,-0.024599,-0.010000,0.004980,-0.020000,0.001304,-0.220000,0.001778,0.040000,-0.007776,-0.010000,-0.001936,0.049747,-0.005250,0.140000,0.007546,0.047695
-0.002339,0.070000,-0.111278,-0.010000,-0.015482,0.030000,-0.002823,-0.070000,0.011633,0.010000,0.000740,-0.150000,-0.012263,-0.010000,-0.020616,0.040000,-0.004113,0.060000,-0.004136,0.000000,-0.008303,-0.120000,0.014610,-0.018752,-0.005331,0.030000,-0.003479,0.018672
-0.000678,0.030000,0.009321,0.040000,0.024524,0.030000,-0.006662,0.150000,-0.010509,0.000000,0.015342,0.140000,-0.021884,-0.010000,-0.004128,-0.080000,0.006438,0.000000,-0.000761,0.040000,-0.000352,0.070000,-0.006205,-0.063785,0.006298,-0.230000,0.010188,-0.033723
-0.002338,0.030000,-0.033827,-0.000000,0.022101,-0.010000,0.015638,-0.020000,-0.014888,0.040000,0.003012,0.040000,-0.019882,-0.050000,0.009204,-0.080000,-0.008661,-0.140000,-0.003385,-0.010000,0.016265,-0.020000,0.002485,0.041281,0.018499,-0.160000,-0.017701,-0.124836
-0.002569,-0.010000,-0.006368,0.100000,0.014716,-0.030000,-0.000777,-0.050000,-0.013812,0.170000,-0.002914,0.100000,0.017358,0.000000,0.010867,0.070000,0.013204,-0.140000,0.005828,-0.050000,-0.009390,-0.040000,0.008825,0.055193,-0.003638,0.070000,0.000591,0.018306
0.003798,-0.010000,0.000158,0.030000,-0.019533,-0.020000,-0.001626,0.150000,0.006818,0.020000,-0.005625,-0.010000,-0.025773,-0.040000,-0.004993,-0.040000,-0.002347,0.010000,-0.001364,-0.010000,-0.008272,-0.070000,0.004888,0.006995,-0.017235,0.020000,-0.006651,-0.008035
-0.000611,-0.020000,-0.051061,0.040000,-0.025688,0.000000,-0.001238,-0.060000,-0.027996,0.080000,0.013439,0.100000,0.033522,0.070000,-0.006806,0.010000,-0.005721,0.110000,0.003306,-0.100000,-0.004349,-0.010000,0.002700,-0.009596,0.009448,-0.100000,-0.006341,-0.008246
0.000369,0.000000,-0.016135,-0.050000,-0.012721,-0.010000,-0.004249,0.030000,0.006081,0.040000,-0.003345,-0.090000,0.038261,0.150000,-0.010361,0.040000,0.003723,0.060000,0.009480,-0.060000,0.006899,-0.140000,0.010783,0.026227,0.012228,0.130000,-0.023161,-0.210148
0.002716,-0.050000,-0.010381,-0.030000,0.009847,0.000000,0.021291,-0.020000,-0.000893,0.010000,-0.012660,-0.090000,-0.025091,-0.010000,0.006717,-0.030000,0.004505,-0.240000,-0.003241,0.050000,-0.000235,-0.050000,0.005924,0.066620,0.007380,-0.070000,-0.013025,-0.007957
0.000845,-0.010000,-0.045905,0.020000,-0.005776,-0.010000,-0.000705,0.090000,-0.028484,0.010000,0.011525,0.010000,0.023504,0.110000,0.000158,0.020000,-0.007770,-0.160000,0.002025,0.030000,0.009909,0.030000,0.000377,0.078655,0.008765,0.050000,0.006901,-0.068705
-0.000699,-0.010000,-0.034413,0.010000,0.021539,0.010000,0.017322,-0.030000,0.006971,-0.160000,0.006880,-0.130000,0.004585,-0.030000,-0.008899,0.030000,0.001945,-0.170000,-0.003748,-0.000000,-0.002527,0.000000,-0.009835,0.051218,0.000317,-0.020000,-0.016694,-0.005988
-0.005739,-0.090000,0.084680,0.010000,0.000908,0.030000,0.003969,-0.050000,-0.006376,-0.020000,-0.008531,-0.040000,0.017420,0.110000,-0.010170,-0.020000,0.003704,0.000000,0.003696,0.060000,0.005985,0.050000,0.002872,0.016363,-0.023544,0.120000,-0.001426,-0.028947
-0.001942,-0.000000,-0.004661,-0.030000,-0.003053,0.020000,0.001876,0.030000,-0.004709,-0.080000,-0.024261,-0.070000,-0.011760,0.040000,-0.000912,-0.040000,-0.006582,0.040000,0.001514,-0.060000,0.000859,-0.020000,-0.006537,-0.003252,0.016198,-0.190000,-0.009640,0.130400
0.003062,0.170000,0.082772,0.030000,-0.010617,0.050000,-0.007238,0.070000,-0.006237,-0.180000,0.010146,0.030000,0.006069,-0.020000,-0.010853,0.020000,-0.003670,0.060000,0.002894,0.020000,-0.008711,0.030000,0.008727,0.049571,-0.004336,0.200000,0.003233,0.039883
-0.002006,-0.090000,0.018026,0.020000,0.020862,0.050000,0.002270,-0.010000,0.022460,-0.040000,0.006861,-0.060000,-0.016917,-0.100000,-0.007528,-0.040000,0.001546,0.080000,-0.002925,-0.090000,-0.004345,0.010000,-0.003281,-0.028145,-0.002918,0.080000,-0.000702,-0.009188
-0.000938,0.030000,0.003239,0.030000,-0.002128,0.030000,-0.012900,0.100000,-0.018874,-0.140000,0.010949,-0.030000,0.016966,-0.040000,-0.000479,-0.060000,0.005125,-0.310000,-0.010391,-0.100000,0.004681,-0.050000,0.001961,0.010033,-0.011586,-0.050000,-0.005517,0.163800
-0.004187,-0.060000,-0.012606,-0.060000,0.000221,-0.010000,-0.021400,0.050000,-0.011693,-0.200000,0.018623,0.140000,-0.009667,-0.030000,0.014184,0.150000,0.003436,0.030000,0.002849,0.030000,0.004997,0.030000,-0.009485,-0.006085,0.017264,-0.200000,0.007386,0.014711
0.000576,0.060000,-0.054774,-0.020000,0.001582,0.040000,-0.002238,0.020000,-0.010426,0.130000,-0.000546,-0.080000,-0.008934,-0.140000,0.008310,-0.040000,-0.011998,-0.010000,0.003504,-0.060000,-0.004785,-0.000000,0.004853,0.039065,0.000835,0.090000,0.002244,0.146172
-0.001309,0.020000,-0.052342,0.000000,0.021811,0.020000,0.002916,0.060000,-0.018626,0.090000,0.002369,-0.030000,0.010684,0.020000,-0.008301,-0.020000,0.009356,0.140000,0.002619,0.050000,-0.014814,0.070000,0.001807,0.006923,-0.004941,0.030000,-0.014208,0.053581
-0.002597,0.020000,0.030867,-0.080000,-0.008859,-0.020000,0.014092,-0.080000,-0.013489,0.210000,0.000117,-0.010000,-0.003496,-0.060000,-0.007501,0.100000,0.009001,0.020000,0.003765,0.020000,-0.003769,0.040000,-0.002889,0.036908,-0.032246,0.040000,0.003153,0.040857
-0.003630,0.020000,-0.102381,-0.070000,-0.008317,0.020000,-0.033688,0.010000,0.005101,0.110000,0.002782,0.030000,0.017789,0.080000,-0.009471,0.100000,0.001867,0.030000,0.001683,0.040000,-0.006729,-0.040000,0.008364,-0.021047,0.016108,-0.010000,0.003541,-0.059155
-0.004897,0.020000,0.042816,0.050000,-0.019749,0.000000,-0.006666,0.080000,0.016487,0.110000,-0.001988,-0.010000,0.008844,0.050000,0.009596,-0.010000,0.001142,0.110000,0.001557,0.060000,-0.009642,-0.010000,-0.002989,-0.065342,-0.001888,-0.040000,-0.001495,-0.044491
0.000643,0.010000,0.010061,0.020000,-0.027834,-0.000000,-0.011028,-0.010000,0.002340,0.020000,-0.008076,-0.060000,0.007751,0.030000,0.013001,0.020000,-0.001723,0.010000,-0.004403,0.040000,-0.005506,0.030000,-0.013564,0.001853,-0.009610,0.220000,0.007703,0.046743
-0.004877,-0.040000,-0.029098,-0.010000,-0.010978,0.040000,-0.007817,0.040000,-0.016296,0.070000,-0.022124,-0.020000,0.008888,-0.020000,-0.010327,-0.000000,-0.000974,0.090000,-0.005374,0.070000,-0.009744,0.110000,0.009800,0.107706,0.003746,-0.020000,-0.006527,0.048863
-0.005011,-0.040000,-0.008679,-0.020000,0.013633,0.010000,0.002996,0.110000,-0.011934,0.120000,-0.003296,-0.090000,-0.024348,-0.200000,0.016797,0.130000,-0.005713,0.110000,-0.001323,-0.010000,0.009692,-0.150000,0.008224,0.018314,-0.010817,0.000000,-0.007118,0.011360
-0.002935,-0.050000,-0.003925,-0.040000,-0.002581,-0.000000,-0.010736,-0.060000,0.003718,-0.040000,0.008535,0.040000,-0.008257,-0.030000,-0.014023,0.050000,-0.001852,-0.020000,-0.003723,0.010000,-0.027866,0.000000,0.003260,0.035404,-0.004184,0.110000,0.003014,-0.039903
-0.001919,-0.020000,0.140911,0.080000,0.008671,-0.020000,-0.004095,0.130000,-0.021539,0.080000,0.013117,0.120000,0.000555,0.000000,-0.002996,-0.060000,0.010308,-0.230000,-0.015211,-0.010000,-0.015128,0.070000,0.008828,0.088986,-0.007694,-0.150000,-0.000234,-0.071419
0.002150,0.030000,-0.067043,-0.030000,0.015247,0.000000,0.018341,-0.060000,0.020881,-0.110000,0.008845,0.020000,0.024053,0.180000,-0.010491,-0.010000,0.007458,-0.170000,0.001675,-0.020000,-0.026135,0.020000,-0.001590,0.002695,0.010157,-0.130000,-0.010927,-0.014794
-0.002741,-0.050000,0.012343,-0.060000,0.017138,-0.020000,0.006611,0.020000,-0.023023,-0.030000,0.007782,0.010000,0.006312,0.020000,-0.002272,0.120000,0.006859,0.080000,-0.014832,-0.020000,-0.007917,0.020000,-0.019235,-0.079918,0.015151,-0.090000,0.005231,0.026922
0.004734,-0.010000,-0.050790,0.040000,-0.017747,0.010000,0.015271,0.040000,0.008788,0.080000,0.010422,-0.120000,-0.011749,-0.030000,0.015218,-0.160000,0.003886,0.230000,-0.007722,-0.070000,-0.003276,0.060000,-0.004141,0.020503,0.000960,-0.080000,0.005614,0.054895
0.004489,0.030000,0.044244,0.010000,-0.002037,0.010000,0.010584,0.040000,-0.004496,0.170000,-0.001350,-0.020000,-0.002888,-0.030000,-0.000830,-0.130000,-0.002292,0.060000,0.007562,-0.020000,-0.030189,-0.070000,-0.005021,-0.000362,0.003061,0.030000,-0.010782,-0.013674
0.001067,-0.010000,0.014520,-0.090000,0.012043,0.010000,-0.043237,0.050000,0.009819,0.170000,0.006339,0.080000,0.020072,0.090000,-0.001131,-0.260000,0.005988,-0.080000,-0.006756,0.040000,-0.015545,-0.090000,0.008731,-0.028421,0.011557,0.090000,-0.012343,0.056122
0.002135,-0.100000,0.108984,0.010000,0.005516,0.010000,0.003387,-0.010000,0.019566,0.140000,0.003135,0.050000,0.021830,0.060000,-0.001176,-0.080000,0.012611,-0.330000,0.001223,-0.060000,-0.002900,-0.080000,-0.013670,-0.113896,-0.003825,0.050000,-0.014370,0.041682
-0.000433,-0.020000,0.035520,0.000000,-0.002800,0.010000,-0.011318,0.040000,-0.025462,0.230000,0.015324,0.010000,-0.003362,0.040000,0.002071,-0.100000,-0.005958,-0.060000,-0.000622,-0.020000,-0.012684,-0.080000,0.000108,0.020656,0.007738,-0.080000,-0.004426,0.010414
-0.001686,-0.010000,-0.100047,0.040000,-0.002011,0.000000,-0.007182,0.000000,-0.021503,-0.190000,-0.003060,-0.060000,0.002218,0.010000,-0.001627,0.100000,-0.001521,0.200000,0.007751,-0.020000,-0.003620,-0.050000,-0.006525,-0.113073,-0.019017,0.140000,0.003387,-0.069805
0.002039,0.040000,-0.021602,0.110000,-0.005664,-0.010000,0.006857,0.040000,0.025116,-0.050000,0.002637,0.070000,-0.020328,-0.110000,-0.015603,-0.080000,0.017026,-0.030000,0.001760,0.020000,0.002021,-0.030000,-0.037106,-0.094406,0.004347,-0.030000,-0.002199,-0.062432
0.002567,-0.030000,-0.071780,0.010000,-0.000936,0.010000,-0.011272,0.080000,-0.028172,-0.250000,-0.003407,0.000000,0.027452,0.190000,0.005213,0.200000,0.001062,-0.190000,0.001387,-0.060000,-0.013478,0.020000,-0.000155,-0.060923,-0.009502,-0.250000,-0.005171,0.004624
-0.000153,-0.080000,0.018973,-0.000000,0.010973,-0.010000,-0.017116,-0.060000,0.032457,-0.110000,0.006575,-0.030000,-0.002030,-0.040000,-0.006528,-0.100000,-0.007862,0.150000,-0.004736,-0.010000,0.011578,0.070000,-0.005459,-0.033959,-0.010723,0.120000,-0.009222,0.134737
-0.000477,0.030000,0.005676,0.030000,-0.005130,-0.010000,-0.008428,0.190000,0.009373,-0.100000,-0.010068,-0.020000,-0.002363,-0.010000,-0.018461,0.080000,0.003217,0.130000,-0.005559,-0.040000,0.007761,-0.010000,0.000637,-0.006302,0.004391,-0.060000,0.008488,-0.057994
0.001416,0.010000,0.017429,-0.050000,-0.012839,-0.000000,-0.017233,-0.010000,-0.009113,-0.130000,-0.009511,-0.040000,-0.015512,0.020000,0.008406,-0.030000,0.000154,0.030000,0.001313,-0.020000,-0.008976,-0.070000,-0.008906,-0.082459,-0.003268,0.240000,0.004103,-0.031381
0.005147,0.040000,0.014404,-0.030000,-0.021483,-0.020000,-0.010341,0.190000,0.005362,-0.030000,-0.006091,-0.060000,-0.005758,-0.050000,0.019314,-0.070000,0.001287,0.080000,0.003587,0.020000,0.007478,0.080000,0.011664,-0.033744,-0.008333,0.000000,0.004474,0.039552
-0.000929,-0.030000,-0.066650,0.030000,-0.002849,-0.030000,-0.002120,0.090000,0.002110,-0.130000,0.017810,-0.030000,-0.011099,-0.060000,0.005053,0.020000,0.015191,-0.020000,0.005370,-0.020000,0.011810,0.050000,-0.003137,-0.022305,0.003236,0.050000,0.006461,-0.089903
-0.000248,-0.000000,0.055558,-0.030000,0.002629,-0.020000,0.019672,-0.250000,0.031249,-0.080000,-0.002230,0.000000,0.007386,-0.030000,0.011415,0.050000,0.000807,0.200000,0.002702,-0.020000,0.014539,-0.030000,-0.005282,0.000798,0.013320,0.070000,0.003558,0.058200
-0.001077,0.010000,0.001264,0.030000,0.000661,-0.000000,-0.021126,0.040000,0.025512,-0.030000,-0.003328,0.000000,-0.023551,-0.040000,0.016158,0.050000,-0.003557,0.110000,-0.008133,-0.000000,-0.010848,0.120000,-0.003583,-0.046502,-0.004256,0.040000,0.010636,-0.002368
0.003562,0.030000,-0.002656,0.000000,-0.010433,0.000000,-0.015067,0.070000,-0.021148,0.030000,-0.025760,-0.100000,0.014621,0.000000,-0.006198,0.000000,0.005731,0.170000,0.006470,-0.030000,-0.039741,-0.110000,-0.010056,-0.015153,0.000002,0.040000,0.005698,-0.006151
0.003925,-0.040000,0.013987,0.060000,-0.018499,0.000000,0.025884,-0.160000,-0.026924,-0.250000,-0.004506,0.030000,-0.000408,-0.050000,0.001089,0.010000,0.005968,0.010000,-0.010195,-0.020000,0.000260,0.040000,0.000294,0.011719,-0.008817,-0.040000,0.005514,0.026030
0.005039,0.070000,0.018373,-0.040000,-0.000575,-0.000000,0.030584,-0.050000,-0.000308,-0.090000,0.014875,0.000000,-0.002772,-0.000000,0.010567,0.010000,0.003792,0.020000,-0.010111,0.010000,0.043567,0.040000,-0.005112,-0.148698,-0.024235,0.050000,0.004336,-0.060939
0.003794,-0.050000,-0.000659,-0.050000,0.014659,-0.000000,-0.002018,0.140000,-0.023255,0.210000,0.013705,0.030000,-0.013791,0.070000,0.008113,0.000000,-0.006345,0.080000,0.002180,0.010000,0.040349,-0.070000,-0.016785,-0.095521,0.009712,-0.050000,0.002978,0.067635
-0.007074,0.050000,-0.019254,0.000000,-0.001540,-0.000000,-0.010245,0.070000,-0.026814,0.310000,0.002712,-0.060000,0.023594,0.080000,-0.000022,-0.080000,-0.008322,0.130000,0.001283,0.000000,-0.011705,-0.030000,0.013547,0.084735,-0.014502,-0.040000,0.001778,-0.047598
-0.001108,-0.010000,-0.034225,-0.050000,0.014319,0.030000,-0.028004,0.060000,0.009880,0.110000,0.007470,0.060000,-0.008056,-0.030000,-0.020545,0.070000,0.010023,-0.110000,-0.005090,0.010000,-0.020356,-0.070000,-0.005182,-0.051007,0.004184,-0.040000,-0.006940,-0.109954
-0.006348,-0.050000,-0.035363,0.060000,0.013657,0.020000,-0.003291,-0.020000,0.058957,0.120000,0.005641,0.130000,-0.013598,-0.070000,-0.002899,0.110000,-0.000100,0.100000,-0.003865,0.020000,0.020980,0.030000,-0.003379,0.000346,-0.025817,-0.110000,-0.001032,-0.082981
0.002684,-0.030000,0.004697,-0.020000,0.007027,-0.010000,0.025966,0.060000,0.018542,-0.030000,0.017546,0.110000,-0.006909,-0.100000,0.006944,-0.050000,-0.008447,0.030000,0.002483,0.010000,0.000923,0.010000,-0.004475,-0.013898,0.009204,0.090000,0.005424,0.023926
-0.001260,0.010000,-0.024276,0.040000,-0.003812,-0.010000,-0.023663,0.030000,0.012595,-0.130000,0.004157,0.040000,0.012698,0.020000,-0.007315,-0.080000,0.002561,-0.100000,0.005953,-0.080000,-0.002224,0.030000,0.003952,-0.063084,-0.016519,0.040000,0.001166,-0.056470
-0.001389,-0.090000,0.035671,-0.030000,0.010240,0.020000,0.026480,0.020000,-0.002827,0.200000,-0.008098,-0.060000,0.001769,0.010000,-0.004675,-0.020000,0.005536,-0.100000,0.006360,-0.020000,-0.002030,-0.070000,-0.010704,-0.028891,-0.022405,0.380000,0.000331,-0.004654
-0.006168,0.030000,-0.027185,-0.010000,0.004243,0.020000,0.011428,-0.010000,-0.014006,-0.160000,0.009405,-0.020000,-0.006404,-0.030000,-0.004035,-0.160000,-0.009602,-0.010000,-0.006647,-0.020000,-0.005881,0.080000,-0.001266,-0.039286,0.022954,0.000000,0.007829,-0.101800
0.003223,0.020000,-0.063846,0.050000,-0.001820,0.010000,-0.006672,0.130000,0.000762,0.120000,-0.006239,-0.060000,-0.003581,-0.020000,0.013466,0.050000,-0.002909,0.060000,0.000104,0.050000,-0.024523,-0.080000,0.000512,0.022058,0.005097,-0.080000,0.008966,0.020521
-0.004384,-0.020000,0.019030,0.090000,-0.007129,0.070000,-0.007951,0.100000,0.009606,0.160000,-0.008854,0.070000,-0.017704,-0.110000,0.002691,-0.010000,-0.009231,0.080000,-0.001073,0.010000,0.008091,-0.060000,-0.013218,-0.060452,-0.018663,-0.080000,-0.001109,0.098852
-0.004245,0.010000,-0.059087,-0.010000,0.000041,0.010000,0.023725,-0.030000,-0.008548,0.350000,0.010644,0.020000,0.004887,-0.010000,-0.005669,0.020000,0.001406,0.110000,-0.008120,-0.020000,0.032969,-0.040000,-0.016344,-0.063626,0.006788,0.030000,-0.013149,0.110732
0.000934,-0.120000,-0.013525,-0.020000,0.018565,0.010000,0.011882,0.040000,-0.009307,-0.110000,-0.012178,0.070000,-0.001177,0.000000,-0.005793,0.020000,0.000771,0.060000,-0.002342,0.000000,0.028260,-0.080000,0.026538,-0.002703,0.000011,0.200000,0.000153,0.106797
-0.003467,-0.040000,0.068598,-0.100000,0.006554,-0.010000,0.016267,-0.150000,0.007469,-0.050000,-0.011717,0.080000,0.032209,0.230000,0.003874,0.010000,0.002890,-0.090000,-0.007366,-0.010000,0.015882,0.100000,0.007124,-0.021005,0.016165,-0.280000,-0.009045,-0.098853
0.005304,0.070000,0.031273,0.010000,-0.010527,-0.030000,-0.007388,-0.060000,0.007696,0.080000,-0.003318,-0.100000,-0.000732,-0.030000,-0.000147,0.080000,0.002688,0.050000,0.007865,-0.010000,0.002060,0.130000,0.010354,0.073212,-0.002399,0.170000,0.004767,-0.069645
-0.001979,0.060000,-0.146309,-0.050000,0.008586,-0.000000,-0.006083,-0.080000,0.017983,0.120000,-0.019541,-0.050000,0.022643,0.040000,0.003215,-0.010000,-0.002870,0.080000,0.000375,0.000000,-0.022562,-0.070000,-0.006720,0.013182,-0.001029,0.220000,-0.009911,0.074802
-0.000196,-0.040000,-0.075123,-0.000000,0.011367,0.020000,0.024626,0.060000,0.001334,0.070000,0.022520,0.090000,-0.007537,-0.060000,0.000016,0.150000,0.003470,-0.120000,0.005175,0.020000,-0.001732,0.010000,-0.010460,0.006910,-0.017416,-0.120000,0.013876,-0.052648
0.003440,0.040000,0.022842,-0.000000,0.002788,0.010000,-0.007454,0.080000,0.016810,0.110000,-0.028065,-0.120000,-0.013216,-0.030000,0.009174,-0.080000,0.008836,0.020000,0.001766,-0.010000,0.010574,0.010000,0.007185,-0.013867,-0.027458,0.060000,-0.000971,-0.015693
0.003271,-0.010000,0.025759,-0.010000,0.006133,0.040000,-0.004101,-0.030000,0.017612,-0.230000,0.006456,0.040000,0.019185,0.200000,0.001331,0.030000,-0.007000,0.210000,0.004910,-0.020000,-0.016771,-0.030000,0.002949,0.048170,0.015249,-0.140000,-0.016874,0.000602
0.002656,0.040000,-0.033911,0.010000,-0.000877,-0.000000,-0.025002,0.030000,0.010148,0.020000,0.002426,0.050000,0.000950,-0.030000,-0.007806,-0.040000,-0.005272,0.110000,-0.000128,-0.040000,0.003475,0.020000,0.009464,0.031817,-0.000029,0.060000,0.000214,0.018756
-0.001244,0.060000,-0.079082,0.030000,-0.003709,0.050000,-0.010586,0.040000,0.009637,-0.040000,0.001043,0.070000,-0.001140,-0.020000,0.005395,0.140000,0.009598,-0.070000,0.008483,-0.020000,0.000340,-0.030000,-0.012234,-0.005717,-0.000224,0.280000,0.022917,0.047251
-0.003532,-0.020000,0.113653,0.070000,-0.012368,0.050000,0.013619,0.030000,0.016243,0.170000,0.019236,0.000000,0.005999,-0.040000,0.000536,-0.100000,0.005905,-0.220000,-0.006936,0.010000,0.004459,-0.050000,0.001261,0.041999,0.006861,0.040000,0.015221,0.076667
-0.003933,0.020000,-0.074823,-0.020000,-0.008340,0.010000,0.009614,0.050000,0.016640,0.010000,0.002503,-0.030000,-0.014303,-0.010000,-0.000389,0.030000,-0.001242,-0.020000,0.001416,0.010000,0.009652,0.020000,0.012570,0.047553,-0.028857,0.090000,-0.008556,0.164907
0.004777,0.000000,-0.038887,0.090000,0.003501,0.030000,0.005598,-0.080000,0.010194,0.090000,0.022239,-0.020000,-0.004673,-0.010000,0.002059,-0.030000,0.008282,0.020000,0.003968,0.000000,0.030743,-0.030000,0.005926,-0.327289,0.002285,0.070000,-0.015326,-0.063978
-0.007398,0.010000,-0.021959,0.010000,-0.002482,0.030000,-0.020778,-0.020000,0.001366,-0.070000,-0.000064,-0.020000,-0.015303,-0.040000,-0.001384,-0.050000,0.000992,-0.150000,0.000057,0.010000,-0.006032,-0.010000,-0.012754,-0.021292,-0.020328,0.140000,-0.001194,0.125627
-0.003168,-0.010000,0.026413,-0.050000,-0.000475,0.050000,0.055434,-0.300000,-0.008536,0.020000,0.005739,-0.020000,-0.017650,-0.030000,0.000423,-0.010000,0.017028,0.220000,0.000356,-0.010000,0.009548,-0.010000,0.012813,0.046298,-0.004691,-0.070000,0.008695,0.084767
0.003487,-0.010000,0.093992,0.060000,0.003627,0.040000,0.008713,-0.080000,-0.005147,0.030000,0.014468,-0.100000,-0.009948,-0.050000,-0.001195,-0.060000,-0.004203,0.060000,0.011810,-0.000000,-0.018984,-0.120000,-0.009763,0.003765,0.009786,-0.030000,0.006580,0.078106
0.005849,0.070000,-0.020862,-0.010000,0.003336,-0.010000,-0.008252,-0.130000,-0.019826,0.130000,0.000919,0.000000,0.010931,0.030000,0.002318,0.040000,0.010610,-0.230000,-0.003151,-0.020000,-0.001258,-0.070000,0.010346,0.066290,-0.005904,0.230000,-0.001393,0.057899
-0.000688,0.020000,0.015936,0.030000,-0.013966,-0.030000,-0.003089,0.100000,-0.011822,-0.000000,-0.000468,0.030000,-0.030155,-0.030000,0.008926,-0.030000,-0.000081,0.040000,0.001389,-0.010000,0.014242,-0.030000,-0.009727,-0.048119,0.010144,-0.010000,0.002437,-0.080168
-0.005989,0.020000,-0.002371,-0.000000,-0.018568,0.030000,0.004759,0.050000,-0.043572,-0.060000,-0.013426,-0.010000,-0.016095,0.040000,-0.002298,0.070000,0.002277,0.100000,-0.005749,0.030000,-0.002847,0.060000,-0.017786,-0.084714,-0.011980,0.250000,-0.003615,0.120748
0.003501,0.110000,-0.050297,-0.060000,-0.008694,0.030000,-0.003884,0.010000,-0.017053,-0.200000,-0.003215,0.010000,0.012480,0.030000,0.007270,-0.040000,0.004327,-0.020000,-0.002088,-0.000000,0.006291,0.030000,-0.004831,0.018689,0.000693,0.120000,0.009568,0.009237
-0.000489,-0.020000,0.001664,0.040000,-0.007724,0.010000,0.013580,-0.070000,-0.043623,-0.040000,0.013616,0.010000,0.006925,0.060000,0.005165,0.030000,0.003446,0.170000,-0.009761,0.010000,0.001960,-0.020000,0.020874,0.125857,0.000045,0.140000,0.008968,-0.042389
-0.000617,-0.040000,0.055649,-0.050000,0.001172,0.010000,0.005915,-0.050000,0.025218,0.070000,-0.000533,-0.050000,-0.023515,-0.070000,0.002131,0.080000,0.009770,0.030000,-0.005679,-0.020000,-0.009086,0.060000,0.012505,0.172747,0.002702,-0.080000,0.001439,-0.103893
-0.003489,0.070000,-0.000181,0.010000,0.010435,0.000000,-0.000283,-0.030000,-0.013157,-0.010000,0.004504,-0.040000,0.013111,0.000000,-0.000576,-0.010000,0.005101,0.030000,-0.000361,-0.030000,-0.012334,0.010000,0.003953,0.017778,-0.004181,-0.040000,-0.003108,-0.011006
-0.002983,-0.040000,0.024972,-0.000000,0.000104,0.080000,-0.015444,0.010000,0.017162,-0.100000,-0.017233,-0.070000,0.006002,0.010000,0.000914,0.060000,0.001784,-0.010000,-0.004135,-0.010000,-0.006952,-0.060000,-0.014683,0.003973,0.029146,-0.160000,0.000417,0.023203
0.000766,-0.030000,-0.063795,-0.060000,-0.014110,0.030000,-0.001592,0.060000,0.020586,0.080000,0.003793,0.000000,-0.014952,-0.050000,-0.002499,0.020000,-0.003197,0.160000,-0.000855,0.000000,0.000650,-0.030000,0.008352,0.037705,0.008531,-0.010000,-0.000013,-0.077871
0.000578,-0.030000,0.044043,0.000000,-0.010586,-0.040000,0.030948,-0.070000,-0.008353,-0.030000,0.012075,0.070000,-0.003906,0.060000,-0.000909,-0.070000,0.006114,-0.080000,-0.004907,-0.020000,0.010078,-0.060000,0.004640,0.160474,0.010900,-0.170000,-0.003495,0.068437
0.001924,0.070000,0.060988,0.010000,0.006474,-0.010000,-0.000868,-0.150000,0.004440,0.060000,0.000343,0.040000,-0.007953,-0.040000,0.002912,-0.040000,0.002604,-0.060000,0.004528,-0.040000,-0.024756,-0.150000,0.008306,0.037186,0.022881,-0.410000,-0.000008,0.031271
0.001847,-0.030000,0.013204,-0.040000,-0.002244,-0.030000,-0.001195,-0.020000,0.006744,0.170000,-0.008402,0.070000,-0.011201,-0.010000,0.003919,-0.020000,-0.000734,0.060000,-0.000009,-0.000000,0.001190,-0.200000,0.008395,0.004856,0.008995,-0.320000,0.006019,0.024938
-0.003299,0.030000,0.022639,0.070000,-0.003121,-0.010000,-0.017894,0.090000,0.012743,0.040000,0.005509,0.090000,0.006181,0.040000,-0.001669,-0.080000,-0.003982,0.070000,-0.004042,-0.010000,-0.011361,-0.070000,-0.010780,-0.007222,0.005853,0.120000,0.001790,-0.021964
-0.001531,0.120000,0.009776,-0.020000,-0.000996,-0.030000,-0.014399,-0.090000,0.019795,-0.020000,-0.002468,-0.040000,-0.005739,0.000000,-0.005055,-0.110000,0.007508,-0.110000,0.002231,-0.010000,0.002239,-0.090000,-0.016566,0.013596,0.001535,-0.090000,0.003016,-0.029372
0.001317,-0.020000,-0.022919,-0.040000,0.017673,0.010000,-0.001862,-0.090000,0.010232,0.030000,-0.010252,-0.040000,-0.017121,-0.060000,-0.002029,0.020000,0.000608,-0.070000,0.006159,-0.000000,-0.008965,0.070000,0.003285,0.002965,0.014346,-0.140000,-0.002732,0.018077
-0.001663,-0.100000,0.025469,-0.020000,0.007540,0.020000,0.007522,0.060000,-0.007297,0.250000,0.003672,0.050000,-0.002969,-0.040000,-0.007965,0.020000,-0.007575,0.260000,0.006266,-0.010000,0.016236,0.040000,0.008858,0.052650,0.000408,0.000000,-0.005704,-0.006669
0.003815,0.060000,0.003906,0.010000,0.004614,0.050000,-0.007350,0.090000,0.021648,0.040000,0.005840,0.040000,0.020436,0.070000,-0.006082,-0.090000,0.002092,-0.070000,0.006828,-0.010000,0.014499,0.100000,0.004554,-0.262120,0.005079,0.050000,-0.003269,-0.007584
-0.000401,-0.020000,0.000135,0.060000,-0.010826,0.010000,0.014279,0.040000,-0.018563,0.060000,0.003683,0.060000,0.019904,-0.020000,0.002087,-0.130000,0.011609,0.030000,0.006791,0.000000,-0.015175,-0.060000,-0.014565,0.002687,0.001145,-0.110000,0.003132,-0.068432
0.001750,-0.060000,0.020262,-0.010000,-0.004034,0.010000,0.007290,-0.100000,-0.016900,0.070000,0.006959,0.010000,-0.004719,-0.060000,-0.001681,-0.020000,0.004735,-0.040000,0.001102,0.010000,-0.007974,-0.040000,0.012819,-0.080936,0.001955,0.090000,-0.002247,0.043203
0.003454,0.040000,-0.013798,-0.000000,-0.017016,0.020000,-0.006053,-0.020000,-0.012943,0.090000,-0.005547,0.040000,-0.011955,-0.020000,0.004343,0.030000,-0.003816,-0.040000,0.000723,0.000000,0.012166,-0.050000,-0.015226,0.026365,-0.001321,0.000000,0.005897,-0.013633
0.001457,0.040000,0.041378,0.020000,-0.016283,0.040000,-0.024922,-0.050000,0.005935,0.040000,0.001128,0.010000,0.013670,0.050000,0.004465,0.110000,-0.002808,-0.080000,0.000201,-0.010000,-0.004222,0.040000,-0.002839,-0.063284,-0.005294,-0.180000,0.009971,0.046763
-0.000759,0.050000,0.009060,-0.030000,-0.008050,0.050000,-0.011138,0.040000,0.009940,-0.130000,-0.011811,-0.110000,-0.019993,-0.040000,0.001968,-0.010000,0.004663,0.380000,0.002779,-0.010000,-0.007167,0.020000,0.003745,0.003068,0.004961,0.070000,0.008935,0.003412
-0.004514,0.020000,-0.026699,-0.020000,0.006573,0.010000,-0.009007,0.090000,-0.010849,-0.050000,0.005830,0.050000,0.007127,-0.050000,0.002856,-0.030000,0.002916,0.300000,0.000015,0.010000,-0.001858,-0.120000,0.007946,0.010621,-0.003546,-0.150000,-0.004166,0.084415
-0.000158,-0.030000,-0.035270,0.030000,-0.001938,0.010000,0.001037,0.120000,-0.006595,0.130000,0.010504,0.140000,-0.013156,-0.030000,0.006214,0.060000,-0.001541,-0.140000,0.008231,0.020000,0.009640,0.020000,0.000119,0.004983,-0.005847,-0.200000,-0.008608,-0.145376
-0.002643,-0.010000,-0.044353,0.030000,0.003137,0.010000,0.014868,-0.010000,0.007961,-0.100000,0.003564,0.070000,0.012214,-0.020000,0.025688,0.010000,0.009204,-0.150000,0.005971,-0.030000,0.005668,-0.010000,0.002035,-0.150928,-0.004144,0.000000,-0.020248,0.119470
0.008783,0.060000,-0.023883,-0.030000,0.021093,-0.040000,-0.014452,-0.010000,-0.003609,-0.030000,0.002299,0.010000,0.004222,-0.050000,0.012392,-0.020000,0.006283,0.120000,0.002108,-0.020000,-0.006287,0.060000,-0.011395,-0.069572,0.007932,-0.060000,-0.007054,-0.042761
0.003489,0.060000,-0.026727,0.040000,-0.001474,-0.040000,0.005868,0.080000,0.012283,-0.100000,0.005256,0.050000,-0.008631,-0.030000,-0.002402,-0.030000,-0.002843,0.210000,0.002241,-0.010000,-0.002527,0.040000,0.017459,0.067197,0.003552,-0.190000,0.027670,0.065668
0.000549,0.020000,0.004607,-0.040000,-0.008789,0.070000,-0.004050,0.090000,-0.017101,-0.280000,0.001154,0.030000,-0.016209,-0.030000,0.005826,-0.050000,0.011786,-0.140000,0.006816,-0.020000,0.006453,0.060000,0.001656,-0.126010,0.006870,0.060000,0.000533,-0.205611
-0.006572,0.050000,0.004940,0.000000,-0.001672,-0.000000,-0.012021,0.040000,0.020976,0.020000,-0.001401,-0.030000,0.009278,-0.020000,-0.008341,-0.040000,0.009766,-0.010000,0.003073,0.010000,-0.008553,0.050000,0.002903,0.002061,0.003461,0.080000,0.024899,0.130581
-0.003880,-0.010000,0.004088,0.040000,0.003785,-0.000000,0.017461,-0.050000,-0.009916,0.010000,0.000195,-0.020000,-0.012075,0.030000,0.000933,0.030000,0.011295,-0.220000,0.010361,-0.020000,0.001973,-0.100000,-0.001395,-0.029100,0.012395,0.100000,-0.009475,0.034586
-0.008162,-0.020000,0.037876,0.000000,0.002105,-0.000000,-0.002541,0.050000,-0.021209,-0.160000,-0.010050,0.050000,0.008642,-0.030000,0.002707,-0.010000,-0.005022,0.000000,0.000430,0.010000,-0.012131,0.040000,-0.002083,-0.048614,0.008790,-0.160000,0.010499,-0.186393
-0.001936,0.020000,0.005324,0.050000,0.014494,0.050000,-0.004001,-0.090000,-0.005028,-0.020000,0.016043,0.000000,-0.026067,-0.040000,0.005667,0.070000,-0.001603,0.040000,0.006022,-0.000000,-0.005841,0.090000,0.008993,0.012247,-0.010148,0.180000,-0.004084,0.071168
0.004466,-0.070000,0.035317,0.010000,-0.016009,-0.070000,0.007539,-0.100000,-0.002419,-0.060000,0.003116,-0.080000,-0.008602,0.010000,0.002367,-0.040000,-0.003134,0.110000,-0.002632,-0.020000,0.003155,0.050000,-0.005408,0.041001,0.004057,0.120000,-0.010314,-0.085499
-0.001407,-0.070000,0.007320,0.030000,-0.008922,-0.090000,-0.011646,0.020000,-0.009578,0.130000,0.000546,0.080000,0.004423,-0.000000,-0.002400,-0.050000,0.001228,-0.020000,0.001928,-0.010000,0.000575,0.010000,-0.007410,0.019500,-0.000003,0.010000,-0.001757,0.094770
-0.001925,-0.050000,-0.033527,-0.060000,0.000428,0.030000,0.022841,-0.160000,-0.027744,-0.040000,0.004001,0.000000,0.035336,0.140000,-0.004178,-0.040000,-0.004146,0.070000,0.003210,0.000000,0.004313,-0.060000,-0.004330,-0.061200,-0.002113,-0.070000,0.003173,-0.005797
0.000057,-0.010000,0.006387,0.070000,-0.002659,-0.020000,-0.000768,-0.020000,-0.020390,0.060000,0.002882,-0.020000,0.001305,-0.030000,0.003272,-0.020000,-0.008300,0.120000,0.000348,-0.000000,-0.002863,0.100000,0.003733,0.014758,-0.009870,0.070000,0.019034,0.113612
-0.004205,0.060000,0.018030,-0.020000,-0.008103,-0.010000,0.006978,0.080000,-0.002760,0.020000,0.001747,0.020000,0.034935,0.100000,-0.002849,-0.210000,-0.005017,0.040000,-0.006143,-0.000000,-0.004011,-0.060000,-0.004539,0.004027,-0.008733,0.200000,-0.002241,0.152382
0.002010,0.010000,-0.006592,-0.050000,-0.016819,0.030000,0.012849,-0.070000,-0.019170,-0.050000,-0.009381,-0.110000,0.005383,0.090000,-0.006125,0.090000,-0.004356,-0.170000,-0.005414,0.010000,0.004770,-0.010000,0.005993,0.053181,-0.005861,0.180000,0.007312,-0.031824
0.001511,-0.070000,0.014876,-0.010000,-0.004003,0.010000,0.003416,-0.110000,0.021243,0.220000,0.008326,0.060000,0.007461,0.070000,-0.005222,0.090000,-0.006225,0.050000,-0.002007,0.000000,-0.023505,-0.100000,-0.009820,-0.077826,0.011333,-0.180000,-0.007866,0.072957
0.001742,0.040000,-0.031791,-0.070000,0.000522,-0.010000,0.003997,0.060000,0.015080,0.250000,0.002427,-0.040000,0.002689,0.030000,0.007835,0.110000,-0.001592,0.290000,-0.001704,0.010000,0.000705,-0.100000,-0.005948,0.001363,-0.001746,0.060000,0.007054,0.057788
-0.006738,-0.030000,0.004094,-0.010000,-0.009738,-0.010000,-0.002030,0.040000,-0.022672,-0.010000,-0.010823,-0.060000,0.023084,0.110000,-0.000342,0.030000,0.005760,0.120000,0.000751,0.060000,-0.009467,-0.130000,0.006598,0.052000,-0.017502,0.360000,0.007059,-0.029760
-0.003527,0.040000,0.012530,-0.020000,0.002170,-0.040000,-0.015563,-0.160000,0.007219,-0.110000,0.012500,0.030000,-0.036634,-0.120000,-0.003001,0.030000,0.001887,-0.180000,-0.004613,0.020000,0.001289,-0.020000,-0.012752,-0.008910,-0.004622,0.050000,-0.007811,-0.095522
0.000011,-0.060000,0.003523,-0.060000,0.014958,-0.030000,-0.007638,0.020000,0.008874,-0.180000,-0.010598,-0.050000,0.011220,-0.020000,-0.005136,-0.030000,-0.008484,0.070000,0.002437,0.030000,-0.005428,-0.110000,0.001545,-0.006927,0.009544,-0.050000,0.018676,-0.081602
-0.002653,-0.040000,-0.012514,0.000000,-0.002381,0.010000,0.018918,0.090000,0.010111,-0.110000,-0.018945,-0.060000,-0.004338,-0.020000,0.001864,0.090000,0.005861,-0.230000,-0.003853,0.040000,-0.000272,-0.010000,-0.005532,0.062467,-0.000748,-0.090000,0.003186,-0.004490
-0.007121,-0.050000,-0.002570,0.010000,-0.016673,0.020000,0.011881,0.040000,0.030146,-0.250000,-0.022141,0.000000,-0.000860,-0.020000,-0.057759,-0.070000,0.000301,0.030000,-0.000642,0.060000,0.015376,0.080000,0.015258,-0.041572,-0.012370,0.290000,-0.014990,-0.013035
-0.006029,-0.020000,0.022340,0.010000,0.006288,-0.010000,-0.000711,-0.060000,-0.001782,-0.070000,0.004598,0.040000,-0.004929,-0.040000,-0.003546,0.050000,-0.006621,0.070000,0.001919,-0.020000,0.017351,0.060000,-0.013081,0.036505,-0.015914,-0.100000,-0.018745,0.054494
0.000230,-0.050000,0.017664,0.040000,-0.001747,0.010000,-0.000182,0.000000,-0.001285,-0.200000,-0.004203,-0.010000,-0.016814,-0.090000,0.007035,0.020000,-0.003591,-0.060000,0.003253,0.030000,-0.001264,-0.070000,0.010686,0.057851,-0.014599,0.240000,-0.015195,-0.032023
-0.001806,-0.040000,-0.006582,-0.030000,0.020897,0.010000,0.011008,0.030000,-0.004992,-0.050000,0.004880,0.010000,0.010689,0.010000,-0.024471,-0.050000,0.004172,-0.100000,0.003930,0.010000,0.004818,-0.010000,0.004085,0.017271,0.006627,-0.230000,0.018121,0.027322
-0.001475,-0.000000,0.019144,0.030000,0.011816,-0.010000,0.002495,0.030000,0.026189,0.160000,-0.011818,0.020000,0.025775,0.100000,-0.000239,0.010000,-0.002429,0.070000,-0.004557,-0.060000,-0.007625,-0.010000,-0.010200,-0.012538,0.007759,-0.000000,-0.003098,-0.011471
0.001508,0.030000,-0.005532,-0.090000,0.001994,-0.000000,-0.012969,0.030000,-0.003646,0.050000,-0.009829,-0.050000,-0.004184,-0.010000,0.000722,-0.060000,-0.004777,-0.040000,0.002632,-0.000000,-0.005465,0.130000,0.002834,-0.022806,-0.001372,-0.110000,0.022319,0.103665
0.002498,0.020000,-0.038027,-0.030000,0.018269,-0.020000,0.014642,-0.030000,0.015477,0.180000,0.014266,0.050000,0.003340,0.030000,-0.000762,-0.110000,-0.002533,0.020000,-0.001434,-0.000000,0.021668,0.090000,-0.005116,-0.044805,0.003866,0.100000,0.003386,-0.023541
0.001239,-0.080000,-0.006498,0.000000,0.006339,-0.040000,0.010452,-0.130000,-0.004680,0.110000,0.012973,-0.010000,0.000868,0.060000,0.016427,0.160000,-0.001261,0.030000,0.000643,0.020000,-0.007445,0.080000,0.004849,0.002956,0.003693,-0.080000,0.011578,-0.066724
-0.004314,-0.020000,-0.026189,0.140000,0.005697,0.010000,0.014699,0.010000,-0.007013,-0.190000,-0.005474,0.060000,-0.001470,-0.060000,0.001202,-0.100000,-0.014535,0.220000,-0.003660,-0.040000,0.002636,-0.050000,-0.002857,-0.026005,0.002292,-0.050000,0.003404,0.074913
-0.001087,0.080000,-0.001870,0.130000,-0.009129,0.010000,-0.010355,0.130000,0.010789,0.140000,-0.031141,-0.110000,-0.012933,-0.020000,0.004732,0.050000,0.004492,0.090000,0.003325,0.030000,-0.013674,-0.000000,0.007466,0.025440,-0.000835,-0.030000,0.017844,0.136808
-0.002936,-0.020000,0.012256,0.050000,-0.002515,0.020000,-0.006140,0.100000,0.022290,-0.320000,0.002897,-0.030000,0.006214,0.020000,-0.019332,-0.020000,0.005188,-0.100000,-0.002823,-0.000000,-0.001053,0.100000,0.006481,0.049925,-0.007024,0.110000,0.004298,-0.040153
0.000784,0.050000,-0.026950,-0.050000,0.002966,0.000000,0.012873,0.040000,0.008887,0.030000,-0.008863,0.030000,-0.003909,0.040000,-0.013384,0.080000,-0.002983,0.010000,-0.000517,-0.020000,-0.017832,-0.050000,-0.007921,-0.024326,0.014599,0.060000,-0.006450,0.178367
0.000853,0.050000,0.011647,0.060000,-0.011426,-0.000000,-0.011081,-0.040000,0.009008,0.080000,0.013040,0.050000,0.018212,0.050000,0.029932,0.070000,0.005730,-0.030000,0.003068,-0.010000,-0.020238,0.090000,-0.002286,0.006120,-0.000031,0.120000,-0.022203,-0.065157
-0.004743,0.050000,-0.041154,0.020000,-0.014114,-0.010000,-0.008830,0.040000,-0.007791,-0.040000,-0.002233,0.050000,0.007272,-0.050000,0.006229,-0.050000,-0.000475,-0.100000,0.003362,0.010000,-0.032302,-0.010000,-0.011179,-0.053772,0.005216,-0.000000,0.003857,0.045923
-0.002042,-0.040000,0.041274,0.020000,-0.006468,0.030000,0.002195,0.070000,0.000539,0.170000,0.009680,0.010000,-0.013103,-0.030000,-0.010981,0.010000,0.000752,0.090000,0.001600,-0.010000,0.008390,-0.110000,0.009090,0.005737,-0.003616,-0.160000,0.005174,0.055680
0.004511,-0.040000,0.009578,0.020000,-0.006854,0.000000,0.011449,-0.020000,0.004740,0.090000,-0.002745,-0.040000,0.017265,0.010000,0.005274,-0.040000,0.009496,-0.300000,0.001901,-0.020000,-0.012631,0.070000,0.021798,0.053421,-0.001645,-0.190000,-0.017327,0.007205
0.002678,0.020000,-0.015323,-0.020000,-0.007218,0.030000,-0.000280,0.050000,0.002655,-0.130000,0.018001,-0.030000,-0.001252,0.010000,-0.004463,-0.040000,-0.008945,0.170000,0.003469,-0.000000,-0.008024,-0.150000,-0.005202,0.001638,-0.004878,-0.110000,0.004338,-0.053154
-0.006185,0.030000,0.002818,-0.020000,-0.008608,-0.000000,0.002773,0.040000,0.006552,0.170000,0.004238,0.080000,0.023147,0.010000,0.008373,-0.190000,0.002120,0.020000,0.003421,0.030000,-0.002940,0.070000,0.006121,0.022857,0.011646,-0.080000,-0.019465,-0.030424
0.000478,0.000000,-0.019909,0.020000,0.002798,0.030000,-0.013789,0.050000,0.005596,-0.210000,0.006585,0.050000,0.010127,0.010000,-0.001445,0.090000,0.010724,-0.180000,0.001305,-0.010000,-0.005340,0.060000,0.006442,-0.003272,0.004449,-0.020000,-0.003839,0.001776
0.000734,0.010000,-0.030371,0.000000,0.014873,0.040000,-0.002767,-0.040000,-0.004355,0.030000,0.002187,-0.010000,-0.007719,-0.080000,-0.004164,-0.010000,-0.003174,-0.040000,-0.003126,-0.010000,0.009869,-0.230000,-0.006044,-0.010368,-0.004999,0.090000,-0.012781,-0.032069
0.002637,-0.030000,-0.013721,0.130000,-0.015554,-0.000000,-0.020041,0.130000,0.000021,0.150000,-0.001046,0.020000,-0.011921,-0.030000,0.004678,-0.030000,-0.003390,-0.120000,0.005580,-0.060000,-0.030942,-0.020000,0.010841,0.010279,-0.015722,0.270000,-0.010784,0.058954
0.000562,-0.000000,0.038417,0.030000,-0.014840,0.020000,-0.001574,-0.020000,-0.000564,0.120000,-0.012103,-0.110000,0.019022,0.000000,0.000557,0.070000,0.017858,-0.160000,0.002776,-0.000000,-0.009282,-0.130000,-0.003824,-0.024487,0.000456,-0.080000,0.013104,-0.045153
0.003387,-0.050000,0.020258,0.100000,-0.003609,-0.000000,0.005329,-0.050000,-0.002665,-0.110000,0.009720,0.010000,0.003780,0.040000,-0.016777,0.030000,0.003399,-0.020000,0.003232,-0.010000,-0.007962,0.070000,0.004076,0.017000,-0.015427,0.170000,-0.003579,-0.053537
0.000532,0.030000,-0.010641,-0.030000,0.000270,0.010000,-0.010538,0.070000,-0.005833,0.010000,-0.002081,-0.060000,-0.000702,-0.070000,-0.009154,0.240000,0.000132,0.090000,0.006684,-0.090000,0.001849,-0.140000,-0.000776,-0.006366,-0.007461,0.150000,-0.009143,0.022245
-0.003784,0.060000,-0.003201,0.000000,-0.020027,0.000000,0.003073,-0.030000,0.000793,0.050000,0.001405,-0.030000,-0.001043,-0.010000,-0.006263,0.010000,0.003982,0.030000,-0.003535,-0.050000,0.003040,-0.040000,-0.008009,-0.036705,0.020376,-0.270000,0.013927,-0.080646
-0.000127,-0.090000,0.000286,-0.030000,-0.000520,0.050000,-0.003036,0.000000,-0.010778,0.210000,0.010159,0.000000,0.017690,0.060000,-0.002799,0.040000,0.002749,-0.130000,0.000752,0.010000,-0.011827,0.000000,-0.000905,-0.029748,-0.019346,0.120000,0.020673,0.043661
0.001672,0.040000,0.022229,-0.070000,-0.007046,0.010000,-0.004725,0.090000,0.008343,-0.030000,0.002330,0.010000,-0.004980,-0.020000,-0.001761,0.090000,0.007083,-0.160000,-0.002110,-0.010000,0.008103,0.250000,0.001843,0.048894,-0.003758,-0.130000,-0.011474,-0.087233
-0.003632,0.010000,0.007742,0.070000,-0.030921,0.060000,0.007582,0.070000,0.004252,0.010000,0.000429,0.010000,0.008786,-0.080000,0.006538,-0.030000,0.008174,0.060000,-0.002538,0.060000,-0.020067,0.120000,0.002897,0.009084,-0.000744,0.320000,-0.017384,-0.015978
0.001242,-0.020000,-0.008381,-0.010000,0.004880,0.040000,0.016148,-0.110000,-0.004515,-0.080000,0.003736,-0.020000,-0.005578,-0.120000,0.009433,-0.160000,-0.006982,-0.050000,0.004655,-0.040000,-0.018714,-0.040000,-0.009190,-0.046303,-0.010566,0.080000,0.015478,0.047553
-0.000611,-0.010000,0.043497,0.040000,-0.018338,0.010000,0.000687,0.010000,-0.003169,0.260000,0.014007,0.080000,-0.009982,-0.020000,0.011496,0.110000,0.006633,-0.100000,-0.003531,-0.010000,0.001342,-0.080000,-0.002128,-0.032557,0.000477,0.290000,-0.002199,0.013879
-0.004613,-0.080000,-0.005699,0.020000,-0.000817,0.020000,-0.015327,-0.010000,-0.005962,0.120000,-0.000176,0.030000,0.013791,-0.010000,0.006317,-0.080000,-0.001239,-0.060000,-0.000009,-0.000000,0.010324,-0.000000,-0.005064,0.011208,0.013752,-0.000000,0.001992,-0.050186
-0.002059,-0.040000,-0.003454,-0.060000,0.041321,0.010000,0.001415,0.010000,-0.015498,0.030000,0.001713,-0.010000,0.013215,-0.040000,0.006054,-0.020000,0.002942,0.250000,-0.001214,-0.040000,0.017067,-0.020000,0.004537,0.055087,-0.009254,0.060000,0.004891,-0.050067
0.004595,0.030000,-0.003534,-0.110000,0.007631,0.010000,-0.018459,-0.050000,0.006941,0.180000,0.004525,0.020000,-0.002261,-0.010000,0.008987,0.030000,-0.000145,0.010000,0.000273,-0.050000,0.010166,0.120000,0.011791,0.015934,0.001074,-0.030000,-0.001739,0.034227
-0.000242,0.030000,0.017728,0.030000,-0.011584,0.020000,-0.014478,-0.230000,-0.002238,-0.080000,0.004042,0.000000,-0.002297,-0.110000,-0.005878,0.050000,0.016993,0.030000,0.000400,-0.000000,0.041626,0.050000,-0.015558,-0.033358,-0.019788,0.050000,0.014871,-0.082257
-0.000829,0.000000,-0.031079,0.020000,0.010763,0.030000,-0.001510,-0.150000,0.009418,0.060000,-0.000217,-0.020000,0.005502,0.010000,0.015883,0.050000,0.002819,-0.080000,0.008323,0.000000,0.000001,-0.020000,-0.001340,0.008423,0.002248,-0.120000,-0.005900,-0.123251
0.001420,0.010000,-0.005258,-0.020000,0.000818,-0.010000,0.016477,0.090000,0.009092,-0.030000,0.000452,0.000000,-0.003576,-0.070000,-0.006775,0.040000,-0.002725,-0.130000,0.002539,0.020000,0.014527,-0.170000,-0.008032,-0.046293,0.000345,0.090000,0.004679,-0.041181
-0.003926,0.070000,-0.041393,0.020000,-0.002770,-0.030000,-0.006981,-0.130000,0.005125,-0.120000,0.007779,-0.050000,-0.023728,0.000000,-0.010290,0.090000,-0.005434,-0.040000,0.004775,-0.070000,-0.007095,-0.150000,0.014078,0.052521,0.001360,0.240000,0.014816,-0.250616
0.005656,0.010000,-0.000232,-0.060000,0.003139,-0.100000,0.017562,0.050000,-0.006843,0.220000,0.005822,-0.010000,-0.000061,-0.080000,0.006594,0.050000,-0.005337,0.310000,0.001110,-0.010000,-0.001622,0.050000,0.000176,0.008816,0.014322,-0.260000,-0.005765,-0.153626
-0.001671,-0.030000,0.001005,0.010000,0.010038,0.020000,-0.011019,-0.170000,0.005717,-0.140000,-0.000326,0.030000,0.004063,0.030000,-0.003733,-0.040000,0.004744,0.140000,0.000974,0.030000,0.011350,0.010000,-0.007238,0.002311,-0.000070,-0.190000,-0.001475,0.040320
-0.003864,0.060000,0.000738,0.060000,0.004070,-0.030000,0.008918,0.080000,-0.001958,-0.030000,-0.005087,0.020000,0.009067,-0.050000,0.001516,-0.110000,-0.005767,-0.010000,-0.000615,0.010000,-0.012925,0.020000,-0.013891,0.023386,0.010330,-0.110000,-0.014512,0.010572
-0.001564,-0.020000,0.003161,-0.010000,-0.011946,-0.010000,0.012982,0.120000,0.001197,-0.030000,0.005095,-0.030000,0.003754,0.000000,0.011875,0.050000,0.017426,-0.150000,0.005552,0.000000,0.010418,0.030000,0.018960,0.070451,0.005622,-0.210000,0.002334,0.148263
0.001903,0.020000,-0.006429,0.120000,-0.018748,0.040000,-0.016463,-0.110000,-0.015594,0.060000,0.007171,0.020000,0.019938,0.070000,-0.003389,-0.020000,0.001193,0.050000,0.004962,-0.060000,0.005000,-0.050000,-0.000322,-0.009079,-0.001797,0.040000,-0.006013,-0.142350
-0.004480,-0.020000,-0.012874,-0.130000,-0.017786,0.060000,0.002985,-0.100000,-0.011418,-0.020000,-0.005493,0.150000,0.002937,0.040000,0.008635,0.100000,-0.003025,0.090000,0.003238,-0.110000,0.002311,0.150000,-0.001470,-0.007106,0.014066,0.040000,0.011537,-0.096495
0.002590,0.010000,0.024985,0.020000,-0.005557,0.040000,0.005640,0.000000,-0.000269,-0.070000,-0.001704,0.070000,-0.002184,-0.100000,0.005898,-0.010000,0.001580,-0.080000,0.004475,0.000000,-0.000979,-0.000000,-0.002385,-0.037109,-0.002278,0.110000,0.021745,0.089739
0.005813,0.030000,-0.013909,0.030000,-0.014769,0.000000,0.001647,0.150000,-0.008932,0.140000,0.000738,-0.050000,0.013376,0.030000,-0.012257,0.040000,0.015874,-0.150000,-0.012270,-0.000000,0.001841,0.010000,-0.010488,0.020087,-0.023320,-0.060000,-0.006715,-0.039535
-0.004338,0.030000,-0.029827,-0.010000,-0.006873,0.030000,-0.001574,0.020000,0.022290,0.040000,0.005683,0.020000,0.002765,0.070000,-0.006457,0.010000,0.001572,-0.120000,-0.001575,0.060000,-0.010610,-0.090000,0.000422,0.055724,0.002619,-0.070000,-0.013294,0.155522
-0.000631,-0.020000,-0.004610,-0.100000,-0.002106,0.040000,0.014237,0.020000,0.005603,0.070000,0.000043,0.000000,0.004723,-0.090000,0.003179,0.070000,0.004283,-0.050000,-0.002985,0.050000,0.006618,-0.030000,0.006146,0.023777,-0.009480,-0.090000,-0.007977,0.035718
-0.001611,-0.050000,-0.000728,0.070000,0.008673,0.030000,0.005715,-0.020000,-0.002247,0.100000,-0.003273,-0.040000,0.014640,-0.030000,0.001872,0.040000,0.000825,0.080000,0.005472,-0.110000,-0.007882,0.130000,0.006444,0.076660,-0.018910,0.050000,0.000848,-0.052622
0.001417,0.000000,-0.012577,-0.060000,0.015622,-0.020000,0.014437,-0.070000,-0.019691,0.060000,0.007414,0.050000,0.003664,0.050000,0.003493,-0.040000,-0.004627,0.190000,0.001809,0.030000,0.004723,0.120000,0.007293,0.024209,0.004643,-0.020000,-0.003722,-0.053333
0.000654,0.010000,0.001636,-0.200000,0.026521,0.000000,0.003699,-0.050000,-0.020369,-0.110000,0.007928,0.120000,-0.003951,0.020000,-0.003291,-0.050000,0.008803,-0.030000,-0.000793,0.010000,0.014275,0.220000,-0.013235,-0.024052,-0.016194,0.130000,-0.022936,0.186717
0.004032,0.090000,0.009240,-0.110000,-0.013119,0.000000,-0.005797,-0.080000,-0.000894,-0.010000,0.001684,-0.030000,-0.011971,-0.070000,-0.002287,0.050000,-0.000229,-0.100000,-0.008485,0.060000,0.002599,-0.050000,0.003623,0.009787,-0.010217,-0.060000,-0.000695,-0.155565
0.004331,0.030000,-0.015407,0.040000,-0.008722,0.060000,-0.002492,-0.050000,0.009272,-0.020000,-0.005877,-0.090000,0.008874,-0.100000,-0.002894,0.010000,-0.001740,0.020000,-0.008948,0.030000,0.004812,-0.160000,-0.004728,-0.012571,-0.007299,0.130000,0.017916,0.031964
0.002473,-0.000000,0.013771,-0.040000,-0.014065,0.020000,0.003579,0.000000,-0.014060,0.100000,0.003374,0.020000,0.012017,-0.000000,-0.010563,-0.020000,-0.007277,0.030000,0.001439,0.050000,0.013956,-0.060000,0.005470,0.021312,0.006446,-0.260000,0.017124,0.001260
0.005897,0.040000,-0.005543,-0.080000,-0.015951,0.010000,0.000996,0.110000,-0.008581,0.030000,0.006684,-0.010000,0.000631,-0.030000,-0.008029,-0.070000,0.006175,-0.010000,0.009500,-0.060000,-0.001989,0.020000,-0.006047,0.039060,-0.013641,-0.130000,0.000638,0.103428
0.002991,0.040000,-0.003600,0.020000,-0.022639,-0.010000,-0.000041,0.020000,0.016151,-0.260000,0.001767,-0.030000,-0.008065,-0.060000,-0.000666,0.120000,-0.005076,0.090000,-0.014991,-0.110000,-0.000001,-0.000000,-0.000136,0.054295,0.008960,0.180000,0.007458,-0.007144
0.000497,0.030000,-0.005447,-0.060000,-0.005756,-0.030000,-0.004135,-0.020000,0.006478,-0.130000,0.000685,-0.030000,0.022990,0.050000,0.014437,0.120000,-0.000022,0.160000,-0.004577,-0.020000,0.009211,-0.100000,0.009830,-0.036336,0.025657,-0.240000,0.005796,0.028776
-0.000332,-0.110000,-0.012796,-0.000000,-0.008327,-0.020000,0.013263,0.040000,0.011762,0.090000,0.011150,0.040000,-0.000669,0.080000,0.004683,-0.040000,0.008431,0.050000,-0.003650,0.010000,0.004259,0.110000,-0.013580,0.001259,0.007038,-0.030000,0.007667,0.059720
0.001361,0.050000,-0.006291,0.080000,-0.014502,-0.020000,-0.002069,0.070000,0.016244,-0.030000,0.000843,-0.020000,-0.000628,0.100000,0.001984,0.050000,0.013233,-0.230000,-0.000626,-0.030000,0.008504,-0.030000,0.002981,0.014526,-0.000264,-0.280000,-0.003233,-0.069226
-0.002010,-0.000000,-0.000700,0.030000,0.005342,0.010000,0.003306,0.080000,-0.003579,0.120000,-0.016127,-0.070000,-0.014872,-0.020000,0.007825,-0.030000,-0.013205,0.100000,0.007807,-0.000000,-0.001122,-0.120000,-0.012204,-0.050479,0.007027,0.030000,-0.016415,0.025475
-0.002631,-0.010000,-0.002144,0.030000,-0.019417,0.060000,0.000855,-0.020000,0.004015,-0.040000,0.004521,0.040000,0.001480,0.050000,-0.000054,-0.020000,-0.003772,-0.080000,0.000109,0.010000,-0.000927,-0.010000,-0.013860,-0.045210,0.003320,0.260000,-0.002329,0.140805
-0.000909,0.030000,-0.001964,-0.070000,-0.009507,0.040000,-0.000084,0.020000,0.002418,-0.020000,0.008058,-0.010000,-0.015048,-0.080000,0.000358,-0.050000,0.003980,-0.020000,-0.003366,0.040000,0.006296,0.060000,0.002192,-0.005032,0.003596,0.100000,-0.004816,0.023333
-0.003958,0.020000,-0.032822,-0.020000,-0.017168,0.060000,-0.005953,-0.060000,-0.007398,-0.170000,-0.001019,-0.050000,0.001498,-0.030000,-0.004798,-0.020000,-0.008443,0.010000,0.003037,0.010000,-0.003319,0.030000,0.015152,0.032775,0.006136,-0.000000,-0.003307,-0.003870
0.001965,-0.000000,-0.049003,0.010000,0.008766,0.010000,0.000903,0.030000,-0.018941,0.070000,0.002264,0.030000,-0.008660,0.090000,0.000381,-0.120000,-0.001177,-0.060000,-0.003202,0.010000,0.004132,0.100000,0.010082,0.041076,-0.006766,-0.120000,0.002698,0.030988
-0.009667,-0.080000,-0.039050,-0.110000,-0.016937,-0.010000,0.000852,-0.050000,0.000301,-0.010000,0.007124,0.040000,0.011161,0.190000,0.010079,0.050000,-0.005465,-0.010000,-0.003829,-0.000000,-0.015997,0.100000,-0.008411,-0.006641,-0.024380,0.250000,0.028447,-0.079025
0.000139,0.010000,0.018329,-0.010000,-0.002546,-0.000000,-0.015811,-0.120000,0.001556,0.070000,-0.004296,-0.010000,-0.009795,0.030000,0.005803,0.040000,0.007058,0.050000,-0.004976,0.000000,0.004359,-0.030000,0.010362,0.018063,0.021138,-0.280000,-0.007525,-0.077577
-0.004601,-0.030000,0.004561,-0.000000,-0.010839,0.000000,-0.003841,0.030000,0.005846,0.040000,-0.023382,-0.120000,-0.002548,-0.040000,-0.001538,-0.050000,-0.002234,-0.020000,0.006820,-0.040000,0.000886,0.100000,-0.007769,0.000786,0.008061,-0.090000,0.004777,0.034933
0.004805,-0.040000,0.012557,-0.100000,0.030687,-0.040000,0.019566,0.100000,0.014605,-0.040000,0.006463,0.090000,0.006699,0.030000,0.013064,0.110000,0.007471,-0.130000,0.004978,-0.040000,-0.001676,-0.020000,0.014510,-0.029818,-0.003938,0.200000,-0.009062,0.041080
0.004357,-0.000000,0.008216,-0.090000,-0.022200,-0.000000,0.008253,-0.090000,-0.005360,0.110000,0.012943,-0.040000,0.012330,-0.020000,-0.005159,0.010000,-0.002746,-0.040000,0.002215,0.020000,0.006595,0.130000,-0.019418,-0.010632,0.006734,-0.300000,0.003511,0.075753
0.001491,0.030000,0.005479,-0.130000,-0.026509,0.010000,-0.000386,0.150000,-0.016782,0.170000,-0.016648,-0.070000,-0.008979,0.100000,-0.000423,-0.100000,-0.005093,0.210000,-0.005016,-0.060000,0.003607,0.050000,-0.006672,-0.023716,0.005223,-0.070000,0.007865,0.056170
0.003290,-0.010000,-0.009435,0.010000,0.031629,-0.020000,-0.011586,-0.150000,-0.016403,-0.140000,0.013121,0.030000,0.019904,0.080000,-0.009464,0.010000,0.006462,0.130000,-0.001966,-0.100000,0.002879,-0.150000,-0.000818,-0.047705,-0.005428,-0.200000,0.004157,0.014486
0.009056,-0.080000,-0.008292,0.040000,0.008203,-0.010000,-0.006998,-0.060000,-0.005053,-0.010000,-0.023838,-0.090000,0.004133,0.010000,-0.033185,0.190000,0.001716,0.050000,-0.013683,0.040000,0.008178,0.090000,-0.003955,-0.044771,0.004293,-0.020000,-0.000641,0.068869
0.004057,0.030000,-0.012929,0.050000,-0.023988,-0.070000,-0.007219,-0.010000,0.005768,0.150000,-0.006587,-0.050000,-0.006079,-0.010000,-0.012019,-0.030000,-0.002933,-0.010000,0.007243,0.050000,-0.004876,0.060000,-0.008013,-0.026867,0.008989,0.050000,-0.012287,-0.060142
-0.000847,-0.030000,-0.012957,0.030000,-0.006480,0.020000,0.018475,0.070000,-0.002650,-0.090000,-0.032354,-0.170000,-0.012646,-0.020000,-0.002634,0.010000,0.005789,0.050000,0.000118,-0.020000,0.000044,-0.030000,-0.003533,-0.013230,0.002099,0.160000,-0.023493,-0.029556
0.010369,-0.040000,-0.018548,0.090000,-0.010000,0.010000,0.000452,0.080000,-0.030764,-0.320000,-0.015308,0.040000,0.010725,-0.030000,-0.006115,0.000000,-0.001076,-0.070000,-0.004319,-0.040000,0.001934,-0.010000,-0.005125,-0.013274,0.004432,0.030000,0.000182,-0.002618
0.005736,0.020000,0.009187,-0.020000,-0.026642,0.080000,-0.004579,0.010000,-0.008912,-0.200000,0.043974,0.120000,0.005217,0.070000,0.003085,-0.080000,-0.001712,0.050000,-0.013552,0.010000,0.004461,0.010000,0.003246,0.009822,-0.017142,0.160000,0.000724,-0.028935
-0.001143,0.020000,-0.013891,-0.060000,-0.022822,-0.000000,0.004484,-0.100000,-0.010603,0.090000,-0.003397,-0.010000,-0.003334,0.210000,0.006232,0.070000,0.000255,-0.130000,-0.001143,0.010000,0.014329,-0.040000,0.001844,-0.001575,-0.004759,0.090000,-0.002590,0.003766
0.005639,0.010000,0.015429,-0.020000,0.016290,-0.030000,-0.001697,-0.040000,0.002990,0.010000,0.013740,0.000000,-0.005853,0.040000,-0.007712,0.030000,0.002098,0.040000,-0.003169,-0.030000,0.012735,0.100000,0.008141,0.028675,0.010554,-0.160000,-0.004986,0.035216
0.000868,0.060000,-0.004715,0.010000,0.017007,-0.010000,-0.001583,0.070000,0.005803,-0.170000,-0.012145,-0.010000,-0.014728,0.010000,0.007033,-0.070000,0.008273,-0.030000,0.008768,0.010000,0.004068,-0.000000,0.013842,0.027222,-0.004949,0.070000,-0.000056,-0.066473
0.008476,-0.030000,-0.003498,-0.100000,0.005032,-0.010000,0.002958,0.040000,-0.016144,0.110000,-0.018800,-0.110000,0.010383,0.020000,0.032142,0.050000,-0.001681,-0.160000,0.000927,-0.020000,-0.002700,0.070000,-0.008164,0.039674,0.002313,0.030000,0.008340,0.121676
-0.003419,-0.030000,-0.002420,-0.050000,0.034748,-0.040000,-0.006378,0.040000,-0.044815,0.080000,0.001109,0.030000,-0.012399,0.190000,-0.014509,0.030000,0.006000,-0.000000,0.006089,-0.010000,-0.012092,0.060000,0.003034,-0.009848,-0.008593,0.310000,0.027021,0.041953
-0.005253,-0.030000,-0.009208,-0.010000,0.000358,-0.020000,0.011891,0.030000,-0.007657,0.170000,-0.014196,-0.090000,0.010592,-0.020000,-0.000744,-0.090000,-0.005442,-0.000000,-0.005404,-0.040000,0.011341,-0.050000,0.003376,-0.015187,-0.012442,0.100000,0.002828,0.107661
-0.001562,0.010000,-0.042420,0.070000,-0.010455,-0.110000,0.009445,0.080000,0.026877,-0.290000,-0.005130,-0.020000,0.000016,-0.060000,-0.009614,0.010000,0.004348,-0.010000,-0.000253,-0.020000,-0.007160,0.090000,-0.007599,0.003778,0.019312,-0.060000,-0.023620,-0.004898
-0.005939,-0.010000,0.013985,-0.060000,-0.020164,0.030000,-0.001446,0.050000,0.005759,-0.060000,-0.038976,-0.110000,-0.008231,0.060000,0.002881,-0.100000,0.004307,0.010000,0.002574,-0.020000,-0.012642,-0.090000,0.001291,0.022032,0.010249,-0.130000,0.002232,0.010438
0.002772,0.050000,-0.012090,-0.050000,-0.006871,-0.000000,0.000155,0.020000,0.007151,-0.220000,0.015024,-0.050000,0.016085,0.040000,-0.015723,0.130000,0.000465,0.030000,-0.000079,0.030000,0.004373,0.010000,-0.001449,-0.012336,-0.004230,0.170000,0.002269,0.041236
0.002027,-0.020000,0.023893,-0.010000,-0.016432,0.020000,-0.011222,-0.020000,-0.009877,-0.110000,-0.012908,0.030000,-0.002593,0.090000,0.015169,-0.040000,0.000924,0.110000,-0.000581,0.020000,-0.001394,-0.020000,0.002505,-0.004095,0.003658,-0.210000,0.002442,-0.057138
-0.003289,-0.070000,-0.033724,-0.030000,-0.023044,-0.020000,-0.007319,0.030000,0.014960,-0.220000,0.000354,-0.050000,-0.007905,0.110000,0.003555,0.030000,0.004286,-0.070000,-0.000936,0.000000,0.006117,-0.060000,-0.009594,-0.009035,-0.001852,0.180000,0.004929,0.005327
0.006740,0.050000,0.007649,0.010000,-0.021621,0.000000,0.008758,0.100000,0.013739,0.000000,-0.005661,0.030000,-0.003322,-0.080000,-0.007533,-0.150000,0.006883,-0.010000,-0.003464,-0.050000,-0.003315,0.010000,-0.001309,-0.006259,0.000516,0.030000,0.003823,-0.212666
0.000547,0.050000,-0.001169,-0.060000,-0.002335,0.030000,0.013049,-0.030000,0.000826,-0.150000,0.032876,0.130000,0.003018,0.150000,-0.019356,0.060000,0.006276,0.070000,0.013951,-0.110000,-0.008123,0.100000,0.005162,0.008841,-0.003918,0.170000,0.011265,-0.138297
0.001228,0.030000,0.003947,-0.050000,0.000137,0.010000,0.000017,-0.110000,0.013448,-0.150000,-0.012375,-0.030000,-0.010031,-0.060000,-0.019807,0.080000,0.002851,0.000000,0.000470,0.010000,-0.003495,0.010000,-0.006161,0.003719,0.000176,-0.140000,0.000622,-0.077679
-0.003889,-0.010000,-0.060095,0.050000,-0.017425,0.060000,-0.006109,-0.050000,-0.006190,0.050000,-0.017165,-0.020000,0.003740,-0.110000,0.008848,0.050000,0.010508,-0.140000,-0.000206,-0.000000,0.009852,-0.100000,0.007210,0.010981,0.000661,-0.140000,-0.006795,0.077259
-0.000348,-0.020000,-0.027902,-0.060000,0.000606,-0.020000,0.009854,-0.030000,0.004546,0.080000,0.025843,0.060000,-0.017316,0.120000,-0.010672,0.090000,0.004117,-0.040000,-0.005177,0.080000,0.001222,-0.190000,-0.002585,0.008133,-0.003856,0.180000,-0.009340,-0.004726
-0.003653,-0.010000,-0.007285,0.010000,0.042039,-0.010000,0.014534,0.080000,-0.007027,-0.230000,0.004051,0.040000,0.004367,-0.150000,-0.010477,0.110000,0.000722,0.080000,0.006406,0.010000,0.006530,0.070000,-0.006084,0.011117,0.011591,-0.190000,0.017575,0.013322
-0.003616,-0.090000,0.069202,-0.080000,-0.001953,-0.060000,-0.002004,0.000000,-0.010612,-0.110000,-0.034411,-0.190000,0.007969,-0.010000,-0.013709,-0.010000,-0.005416,0.200000,0.000153,0.040000,0.006469,0.020000,0.002109,0.045863,-0.007170,-0.000000,0.000345,-0.012532
-0.001088,-0.080000,0.005706,-0.090000,0.045609,-0.000000,0.002354,0.010000,0.003128,0.230000,-0.013532,-0.030000,0.002947,-0.020000,0.027700,0.040000,-0.000495,0.070000,-0.009437,-0.020000,-0.001416,0.040000,-0.011914,-0.021629,0.000644,-0.010000,0.008130,-0.053082
0.003238,-0.010000,-0.008703,0.010000,0.029130,-0.020000,-0.003812,0.090000,0.001571,-0.020000,0.010976,0.010000,0.004420,0.110000,0.010903,0.060000,-0.002030,-0.020000,0.001445,0.070000,0.002051,0.020000,0.002076,0.014700,0.001168,-0.010000,-0.023388,0.100231
-0.006103,-0.120000,0.015856,-0.020000,0.019088,-0.050000,0.006189,-0.060000,-0.005383,0.080000,-0.005942,0.020000,0.009029,-0.010000,0.012676,0.040000,0.004169,-0.210000,0.016742,-0.000000,0.003141,-0.090000,0.003147,0.007279,0.002043,-0.210000,-0.017955,-0.115366
-0.000616,-0.010000,-0.022375,-0.050000,-0.015584,-0.000000,0.001148,0.020000,-0.013414,0.130000,0.029507,0.130000,-0.006187,0.210000,0.005250,0.040000,0.001533,-0.030000,-0.001850,-0.010000,0.001493,0.030000,0.000421,0.010512,0.011815,-0.590000,0.009083,0.029507
-0.003614,0.060000,-0.074519,-0.040000,0.011591,0.010000,0.009321,-0.020000,0.006593,0.160000,0.004380,-0.090000,0.004085,-0.030000,-0.005594,0.050000,-0.003923,0.110000,-0.011469,0.090000,-0.001992,0.100000,-0.005853,-0.010858,-0.007472,0.040000,0.005007,-0.089417
0.002309,0.030000,0.021721,-0.020000,0.015721,-0.020000,0.006933,0.110000,0.013416,0.030000,-0.001805,0.040000,0.002760,0.000000,-0.016102,-0.120000,0.018907,-0.020000,-0.005452,0.020000,0.004838,0.050000,0.004417,-0.015899,-0.001630,0.110000,-0.006550,0.095804
0.001617,0.030000,-0.020967,0.020000,0.016864,-0.050000,0.000819,-0.010000,-0.025062,0.140000,0.023494,0.040000,0.007668,-0.060000,-0.012491,0.110000,0.004312,-0.040000,-0.003990,0.050000,0.006728,0.060000,-0.002194,-0.005728,-0.018437,-0.050000,-0.017974,0.236474
-0.001266,-0.060000,-0.044214,0.020000,-0.005435,-0.000000,0.012178,-0.110000,0.008458,-0.090000,-0.000556,-0.050000,0.002187,-0.110000,-0.010273,0.060000,0.000476,0.060000,-0.002937,0.140000,0.001689,0.000000,0.006149,0.028249,-0.000204,0.120000,-0.022554,-0.047518
0.002826,-0.050000,0.010381,-0.010000,-0.028588,0.040000,-0.003672,0.050000,0.007407,-0.060000,0.001283,-0.060000,-0.001555,0.080000,-0.007011,0.050000,-0.004704,0.100000,-0.025464,-0.090000,0.007663,0.010000,-0.010012,-0.021178,0.012354,-0.230000,-0.018606,0.085861
0.011105,-0.020000,0.018115,0.010000,-0.011294,0.020000,-0.004735,-0.030000,0.004433,-0.290000,0.001317,0.030000,0.004245,0.080000,-0.013026,0.090000,-0.002124,0.010000,-0.002391,-0.000000,0.001105,-0.040000,-0.000250,0.019003,-0.005895,0.000000,-0.002854,-0.092015
0.016088,0.000000,0.012587,0.070000,-0.001362,-0.010000,-0.005245,-0.020000,0.017193,0.120000,-0.003857,0.020000,-0.012490,-0.050000,0.014631,0.080000,-0.000871,0.020000,-0.004246,0.020000,0.002827,-0.050000,-0.002289,-0.051840,0.009787,0.090000,0.005417,0.033245
-0.009980,0.000000,-0.025705,0.090000,-0.000542,0.020000,0.003711,0.080000,-0.015863,-0.110000,-0.016071,-0.080000,0.000663,0.060000,0.008423,-0.040000,0.004235,-0.040000,0.012791,0.040000,0.004049,0.040000,-0.010276,0.005736,-0.020670,-0.000000,-0.016842,0.043294
0.012619,-0.020000,-0.025722,-0.030000,0.038982,-0.040000,-0.007659,-0.060000,-0.005683,-0.080000,-0.002985,-0.050000,0.002335,-0.030000,-0.021340,-0.090000,0.003005,0.060000,-0.008717,0.030000,-0.000689,-0.060000,0.005272,0.033532,-0.000666,0.110000,-0.003894,0.109475
0.000435,0.000000,-0.063023,0.020000,0.020481,-0.030000,-0.004487,-0.020000,0.014261,-0.470000,-0.016803,0.010000,-0.000807,0.030000,0.000054,-0.070000,-0.002858,-0.000000,0.008234,0.010000,0.000089,0.090000,0.004268,0.022105,0.004201,0.200000,-0.002859,0.008846
-0.002176,-0.010000,-0.054574,-0.090000,-0.005321,-0.020000,0.011456,0.050000,0.000805,-0.170000,0.002859,-0.020000,0.005597,-0.130000,-0.003249,-0.120000,-0.005714,0.120000,0.011252,0.080000,0.001005,-0.010000,-0.000990,-0.015290,-0.002785,-0.140000,0.002776,-0.122479
-0.001199,-0.020000,-0.003180,-0.090000,-0.000271,0.010000,-0.000354,-0.060000,0.005232,0.020000,-0.002034,-0.070000,0.003875,0.030000,-0.006691,-0.110000,-0.004002,0.050000,-0.014444,0.120000,0.004648,-0.050000,-0.001769,-0.046718,0.022657,0.040000,0.000593,-0.154624
0.009498,0.010000,-0.029502,-0.140000,-0.010662,0.000000,0.004474,0.140000,0.006346,-0.060000,-0.031017,-0.080000,0.013320,0.160000,0.002966,0.060000,0.004478,-0.030000,0.006212,-0.070000,0.000174,-0.020000,-0.006892,-0.046145,0.001039,-0.010000,-0.000318,0.012586
-0.002309,0.030000,-0.024508,-0.010000,0.006363,-0.020000,0.012269,-0.040000,0.002302,0.190000,-0.010113,0.000000,0.005366,-0.020000,0.007568,-0.070000,0.006397,-0.100000,-0.016973,0.040000,-0.006689,0.040000,0.014502,0.019090,-0.001281,0.330000,-0.012618,0.081807
-0.004266,-0.020000,-0.049497,0.080000,-0.004016,-0.020000,0.001171,0.050000,-0.003733,-0.190000,-0.003240,-0.010000,0.002237,-0.080000,0.006992,-0.040000,0.001448,-0.060000,-0.009765,0.070000,-0.001870,-0.030000,-0.001525,-0.008487,-0.002050,0.160000,-0.003035,0.009743
-0.018893,0.000000,-0.086865,0.100000,-0.004398,-0.030000,-0.001968,0.090000,-0.002292,0.140000,-0.004662,0.040000,-0.006360,-0.170000,-0.023534,-0.090000,0.009732,-0.090000,-0.002049,0.020000,-0.005935,-0.080000,-0.011148,-0.042494,-0.015412,-0.090000,0.014224,-0.004540
0.004694,0.040000,0.078071,-0.010000,-0.003787,-0.030000,-0.007923,0.100000,-0.000754,0.230000,0.005359,-0.050000,0.010693,0.050000,0.005854,-0.130000,0.002289,0.070000,-0.001955,-0.000000,0.004088,-0.060000,0.003549,0.006986,-0.000465,0.100000,0.000969,-0.018021
-0.008108,0.050000,-0.024461,-0.030000,-0.015712,-0.110000,-0.002865,0.010000,0.001745,-0.050000,0.031331,0.050000,-0.008378,-0.040000,-0.001402,0.130000,-0.001186,0.060000,0.003501,-0.020000,0.002042,-0.090000,0.000737,0.000925,-0.006175,-0.010000,-0.001671,-0.002981
0.001668,-0.010000,0.005929,-0.040000,-0.036641,0.020000,0.002405,-0.050000,0.002307,-0.140000,0.009413,0.040000,-0.012739,-0.090000,-0.004551,0.030000,0.001591,0.070000,0.000837,-0.040000,-0.005824,0.150000,-0.008989,-0.077744,-0.010634,-0.250000,0.001386,0.074262
-0.001173,-0.040000,0.028205,-0.020000,-0.015463,0.000000,0.006742,-0.020000,-0.001580,-0.070000,0.007204,0.030000,0.004696,0.070000,-0.005928,-0.030000,0.010276,-0.040000,0.001401,-0.050000,0.001470,-0.060000,-0.004834,-0.037145,-0.001157,0.100000,-0.016263,-0.107772
0.002714,-0.020000,-0.071305,0.010000,-0.004310,-0.040000,0.007411,-0.130000,0.001096,0.040000,0.000733,0.010000,0.003094,-0.090000,0.009557,-0.060000,0.002288,-0.100000,0.009029,0.010000,-0.004531,-0.070000,0.012083,0.033322,0.003911,0.250000,0.010682,-0.014214
0.003130,0.030000,0.050471,0.020000,0.004240,0.010000,0.008470,-0.100000,0.001967,0.300000,0.015379,0.070000,-0.006074,0.000000,0.005803,-0.000000,-0.001269,0.030000,-0.000960,0.010000,-0.013045,0.060000,0.002780,0.056730,0.003545,-0.010000,0.020545,-0.017904
-0.005668,-0.070000,-0.001715,0.070000,0.010438,-0.000000,-0.001024,0.070000,-0.000632,0.300000,-0.000155,-0.080000,0.015096,-0.000000,0.000232,0.050000,-0.006469,0.050000,-0.005867,0.090000,0.009985,-0.050000,0.000224,0.037461,0.005404,0.120000,-0.011033,-0.053459
-0.003756,0.020000,0.054501,0.000000,-0.000927,0.020000,0.003855,-0.020000,0.007100,-0.020000,0.001196,-0.070000,-0.003414,-0.090000,-0.025650,0.060000,0.000722,0.030000,0.001004,0.080000,-0.003703,-0.000000,0.008269,-0.005763,-0.003706,0.120000,0.014960,0.053276
0.005782,0.020000,-0.007673,0.060000,0.009333,0.010000,0.007117,-0.010000,0.003472,-0.180000,-0.028819,-0.040000,0.013308,-0.010000,0.012338,-0.010000,0.000007,0.060000,-0.015319,-0.020000,0.001384,-0.040000,-0.016432,-0.014971,0.008810,-0.020000,0.001299,-0.036136
0.003584,-0.030000,-0.002348,0.000000,0.007014,0.010000,0.002358,-0.050000,0.008272,-0.060000,0.005982,0.030000,-0.005121,-0.020000,0.007039,0.110000,0.009256,-0.090000,-0.004574,-0.080000,0.003092,0.020000,0.000860,0.062896,0.008686,0.040000,0.014455,-0.005322
-0.006467,0.020000,-0.030610,0.060000,0.000550,-0.000000,-0.006757,0.100000,-0.003444,-0.050000,0.011417,-0.010000,-0.013771,0.090000,-0.034410,0.010000,0.003734,0.030000,-0.003002,-0.010000,-0.008680,-0.060000,0.010878,0.032312,-0.009332,0.090000,0.003800,-0.003175
0.004117,0.020000,0.045750,-0.130000,-0.026440,0.070000,0.000324,-0.010000,-0.007121,0.300000,-0.012820,-0.080000,0.004677,-0.010000,-0.007350,0.120000,-0.003214,0.080000,-0.006034,-0.050000,0.007175,-0.070000,-0.001495,0.018032,0.001845,-0.280000,-0.006720,-0.034993
0.005896,-0.000000,-0.026561,-0.030000,-0.013679,0.030000,0.004034,0.020000,-0.011790,0.070000,0.022513,0.060000,-0.020185,-0.100000,0.006424,0.170000,-0.005164,-0.010000,0.004642,0.060000,0.017789,-0.070000,0.005138,0.009799,-0.005473,0.020000,-0.000866,-0.091015
-0.000713,0.040000,-0.032721,-0.030000,0.003716,-0.060000,0.002815,0.050000,-0.004731,0.120000,0.008220,0.060000,-0.008598,-0.030000,-0.000166,-0.120000,0.009641,-0.060000,-0.020910,-0.110000,0.012948,-0.070000,0.010316,-0.021545,-0.003390,-0.050000,0.006504,0.013652
0.005040,-0.010000,0.029928,-0.070000,-0.018724,-0.040000,-0.000155,-0.050000,0.012434,0.030000,0.011200,0.010000,-0.006176,-0.070000,-0.015675,0.050000,0.009856,-0.050000,0.009618,-0.000000,0.000991,0.080000,0.000399,0.078372,-0.016823,0.180000,-0.001849,0.072295
0.004438,-0.010000,0.004910,-0.050000,-0.017076,-0.050000,-0.006425,0.150000,0.007877,0.070000,-0.001049,0.050000,0.007669,0.050000,0.034730,0.070000,-0.001784,0.100000,0.004400,0.170000,-0.024982,0.090000,0.004055,0.008291,-0.003350,-0.170000,-0.004521,0.009104
0.006233,0.020000,0.005767,-0.000000,0.009136,-0.190000,0.009878,-0.050000,-0.001368,-0.130000,-0.006922,-0.050000,-0.010867,-0.140000,-0.000332,0.040000,0.002865,0.030000,-0.014944,0.040000,0.005613,0.040000,-0.007975,0.005063,0.017457,-0.170000,-0.001440,-0.013458
0.005415,0.080000,0.001877,-0.040000,0.025378,0.020000,0.001469,0.010000,-0.004561,0.320000,-0.004159,0.000000,0.023003,-0.000000,0.000381,0.150000,0.006149,-0.060000,-0.012910,-0.110000,-0.001691,-0.130000,0.006556,0.076688,-0.006368,0.060000,0.002728,0.084222
-0.014856,-0.020000,-0.016720,0.000000,0.005914,-0.040000,-0.002665,0.080000,0.002216,0.170000,0.000064,-0.090000,0.003314,0.070000,0.013637,-0.070000,-0.000347,-0.010000,-0.007969,0.120000,0.010485,0.100000,0.009289,0.029212,0.001042,-0.030000,-0.006484,-0.002802
-0.000567,0.040000,0.028113,-0.060000,-0.003452,0.010000,-0.013840,0.030000,0.009160,-0.050000,0.022023,0.050000,0.010339,0.180000,-0.027881,0.030000,0.004152,0.070000,-0.045310,-0.070000,0.010038,0.010000,-0.004501,0.006498,0.003263,-0.070000,-0.001184,0.003344
0.010134,-0.010000,-0.002193,-0.010000,-0.005689,-0.010000,-0.002548,0.120000,0.005882,-0.080000,-0.004796,-0.050000,0.003776,-0.050000,-0.003357,0.120000,-0.002452,-0.030000,0.000801,-0.060000,-0.006943,0.050000,0.002336,0.005477,-0.008656,0.120000,0.007313,-0.089616
0.001575,0.010000,-0.002805,-0.000000,-0.009252,-0.040000,-0.005300,-0.150000,0.014624,-0.220000,0.006051,0.040000,0.004026,0.110000,-0.023677,0.040000,0.001820,0.120000,-0.024000,-0.050000,-0.002792,-0.050000,-0.004431,0.012712,-0.013918,0.090000,0.003273,-0.022204
-0.005165,0.030000,0.042528,0.020000,0.016910,-0.060000,0.009024,0.040000,0.000857,0.180000,-0.001269,-0.040000,-0.004468,0.000000,-0.020771,0.050000,0.001339,-0.010000,-0.008960,-0.070000,0.006665,0.020000,0.015371,0.082768,-0.002704,0.120000,-0.000371,0.027774
0.003384,0.020000,0.013213,-0.070000,0.004635,-0.030000,-0.004218,-0.070000,0.005078,-0.110000,-0.003704,-0.080000,0.005848,0.060000,0.033813,-0.070000,0.003953,-0.060000,-0.032655,-0.030000,-0.015840,-0.020000,-0.014684,-0.022543,0.005976,0.440000,0.011516,-0.084186
0.004514,0.010000,-0.030517,-0.000000,-0.003634,0.000000,-0.007039,-0.020000,-0.002572,0.120000,0.005483,0.000000,-0.001664,-0.030000,-0.024060,0.020000,-0.003993,-0.030000,-0.038906,-0.100000,0.015603,0.010000,-0.003543,-0.038517,-0.001606,0.230000,0.001248,0.050079
-0.003494,-0.090000,0.002865,0.040000,-0.011038,0.020000,0.000251,0.090000,-0.009631,-0.010000,-0.005967,-0.070000,-0.001745,0.060000,0.012671,0.090000,-0.005609,0.020000,-0.002720,-0.020000,0.013455,-0.070000,0.002237,-0.004608,-0.002122,0.250000,-0.002240,-0.121425
0.007411,0.100000,-0.007730,0.070000,-0.014210,0.140000,-0.001070,0.070000,-0.008095,-0.060000,-0.028179,-0.070000,0.005108,0.040000,0.006199,-0.180000,-0.000634,0.020000,0.026362,0.070000,-0.005474,-0.070000,-0.006243,0.014063,0.000576,0.240000,0.005188,-0.014068
0.004511,-0.080000,0.047689,-0.070000,0.014163,0.020000,0.005750,0.030000,0.015587,-0.070000,-0.005379,0.020000,-0.009354,-0.060000,0.003274,-0.050000,0.004565,0.040000,-0.018701,0.000000,0.006405,0.000000,0.005944,0.027677,-0.002803,0.200000,0.000897,0.017290
0.000833,0.040000,0.005555,-0.030000,0.008226,-0.060000,-0.011551,0.020000,-0.006043,-0.010000,-0.004024,-0.060000,0.007228,-0.000000,0.025426,0.040000,-0.003216,0.070000,0.008364,0.000000,-0.034089,-0.040000,0.011524,0.007174,0.007337,-0.200000,0.000129,-0.018630
-0.003345,0.010000,-0.018095,0.080000,-0.004561,0.020000,-0.007555,0.070000,-0.002415,-0.050000,0.000120,-0.100000,0.002774,-0.040000,0.033227,0.060000,0.013212,-0.100000,0.070851,-0.020000,-0.005701,-0.070000,0.001439,-0.011863,-0.002719,0.070000,-0.007755,-0.012790
-0.000593,-0.040000,0.049020,0.030000,-0.000067,-0.000000,-0.007713,0.020000,0.013470,0.100000,0.012192,0.060000,-0.015216,-0.090000,-0.012901,-0.120000,0.005925,-0.050000,-0.003111,-0.000000,0.003628,0.050000,0.005697,0.017448,-0.003343,0.030000,0.010671,-0.047900
-0.007618,-0.030000,0.013429,0.060000,0.021098,0.010000,-0.000149,-0.040000,0.000128,-0.170000,0.001483,0.000000,0.001702,0.050000,-0.007033,-0.170000,0.000195,0.070000,0.003152,0.020000,0.001683,-0.150000,-0.017483,-0.021245,-0.004046,0.090000,-0.000960,-0.001482
0.001662,-0.110000,-0.013003,0.020000,0.024525,0.020000,0.006879,0.080000,0.002101,0.080000,-0.016935,-0.060000,-0.003209,-0.100000,-0.033718,-0.080000,0.004656,-0.080000,0.000962,-0.020000,0.009685,-0.000000,0.013665,0.043443,-0.009334,0.060000,-0.007020,-0.008363
0.001934,0.020000,0.012813,0.060000,0.006790,0.010000,-0.002777,0.000000,-0.002844,-0.200000,-0.003663,0.040000,0.001964,0.060000,-0.014227,-0.010000,0.000704,-0.090000,0.026618,-0.020000,0.002022,0.070000,0.019391,0.050594,0.001668,0.060000,-0.000507,-0.028366
0.005241,0.020000,0.003672,-0.160000,0.005067,-0.040000,0.011045,-0.150000,-0.003849,-0.010000,-0.004040,-0.020000,0.015937,-0.070000,0.007699,-0.090000,0.013122,0.030000,0.028469,0.120000,-0.006932,-0.070000,0.002064,-0.058307,-0.005075,-0.200000,0.005555,-0.067021
-0.000675,-0.020000,-0.014899,-0.120000,-0.000553,-0.010000,-0.013458,0.040000,-0.003614,0.120000,-0.014512,-0.100000,0.002413,0.080000,-0.024109,0.090000,0.003679,0.040000,-0.007284,-0.050000,0.008630,-0.030000,-0.004747,0.020672,0.000378,0.090000,0.008568,-0.075885
-0.007430,-0.020000,0.009645,0.060000,-0.013699,0.010000,0.006718,0.020000,-0.004391,0.050000,0.003289,0.040000,-0.000894,0.040000,-0.007257,0.060000,-0.004821,0.030000,-0.007904,-0.010000,-0.003241,-0.030000,0.010908,0.071816,0.004250,-0.020000,0.003738,-0.020380
-0.002565,-0.060000,-0.003607,-0.010000,0.016261,-0.040000,0.006265,-0.050000,-0.002033,-0.020000,-0.007685,-0.040000,0.003037,-0.030000,-0.001113,-0.010000,0.005536,0.040000,0.045039,0.040000,-0.001048,0.060000,0.006564,0.059342,0.003950,-0.010000,-0.000830,-0.104065
0.007858,0.010000,0.053431,-0.060000,0.020258,0.020000,0.014508,-0.080000,0.013352,-0.130000,0.016587,0.160000,0.007349,0.050000,0.006328,-0.040000,-0.005560,0.130000,-0.005903,-0.060000,0.008191,-0.030000,-0.002022,0.013985,-0.001677,-0.080000,0.001206,-0.065764
0.006286,0.020000,-0.028971,-0.100000,-0.004003,0.090000,0.003833,0.000000,-0.022471,-0.000000,-0.014719,-0.120000,-0.004876,-0.080000,-0.004990,-0.050000,-0.001771,0.010000,0.029125,-0.060000,-0.002143,0.010000,-0.005996,-0.013655,0.006130,-0.140000,0.001007,0.037799
0.000854,0.040000,0.036998,0.010000,-0.008724,0.030000,-0.001597,-0.030000,-0.001983,-0.030000,0.000391,-0.070000,-0.000868,0.050000,0.022981,-0.120000,0.001238,0.110000,-0.001437,-0.040000,-0.031578,-0.040000,0.006662,0.023698,0.009067,-0.210000,-0.007342,-0.008584
-0.000175,-0.050000,0.025653,0.030000,0.006626,0.050000,0.001799,0.090000,-0.005897,0.270000,0.029505,0.110000,0.007534,0.080000,0.020374,0.030000,-0.000115,-0.060000,-0.026734,0.050000,0.004966,-0.040000,-0.006594,0.007908,-0.003406,0.160000,0.001047,0.073648
-0.001505,-0.020000,0.010079,-0.020000,-0.001361,-0.000000,-0.004194,0.090000,-0.008783,-0.050000,0.009081,0.050000,-0.004957,0.020000,0.016222,0.070000,-0.009355,-0.090000,0.040221,0.050000,-0.007982,0.030000,0.004387,0.025492,-0.005933,0.010000,-0.012235,0.003549
-0.006129,-0.030000,0.020289,0.040000,-0.014997,-0.010000,-0.006972,0.030000,-0.000480,-0.170000,0.013219,0.090000,-0.006084,0.010000,-0.004811,-0.180000,-0.003054,-0.050000,-0.007105,-0.040000,0.003235,0.030000,-0.013726,-0.070398,-0.011898,0.140000,-0.004821,0.011992
-0.001034,-0.030000,-0.017663,-0.010000,0.001666,0.060000,-0.003211,-0.030000,0.008226,-0.140000,-0.011471,-0.110000,0.000881,-0.140000,-0.004811,-0.010000,0.008905,0.140000,0.008978,-0.050000,0.008394,0.010000,0.021374,0.045313,0.000433,0.060000,-0.011062,0.007044
0.005596,0.030000,-0.040326,0.130000,-0.005157,-0.040000,0.001427,-0.010000,0.010002,-0.160000,0.006439,0.050000,-0.007480,-0.080000,0.009514,0.050000,0.008984,0.090000,-0.009896,-0.000000,-0.012451,-0.080000,0.008144,-0.009611,0.010274,-0.100000,-0.000540,-0.045514
-0.001375,-0.020000,-0.021927,0.060000,0.014546,-0.040000,0.006724,0.030000,-0.017022,0.050000,0.004832,0.110000,-0.005901,-0.030000,0.007494,0.070000,0.010309,-0.110000,0.045091,-0.060000,0.014331,-0.050000,-0.000307,0.022025,-0.000286,-0.240000,0.001614,-0.044477
0.001501,-0.030000,-0.020011,-0.040000,0.004814,0.060000,-0.005696,-0.020000,-0.005009,0.360000,0.004863,0.040000,-0.008320,-0.010000,0.015883,-0.140000,0.000738,-0.110000,0.008490,-0.040000,0.012127,0.040000,0.007484,0.022679,0.010885,-0.020000,0.005195,0.120849
-0.002229,0.010000,0.028505,-0.060000,0.012880,0.070000,0.001242,-0.020000,0.002367,-0.000000,0.011131,-0.070000,0.007178,0.080000,0.017643,-0.010000,-0.001965,0.030000,0.002937,0.080000,-0.003962,0.080000,-0.005468,0.080127,0.000487,0.030000,-0.005343,-0.048931
0.002089,0.030000,0.029643,0.030000,0.032738,-0.030000,0.008430,0.040000,0.022452,-0.030000,-0.000713,-0.060000,-0.006458,-0.070000,-0.001165,-0.040000,0.001682,0.050000,-0.011121,-0.080000,0.017263,-0.060000,0.005280,0.033616,0.000421,-0.150000,-0.000059,0.094432
-0.003046,-0.020000,-0.016980,-0.000000,0.008767,0.000000,-0.012160,0.040000,0.002363,0.010000,0.003541,0.060000,0.001325,-0.010000,0.008383,0.010000,-0.001074,-0.020000,0.007283,-0.030000,-0.003606,-0.060000,0.006160,0.021015,0.005746,-0.090000,0.001274,-0.014955
-0.003058,-0.050000,-0.023834,-0.000000,0.016027,-0.020000,0.000721,-0.010000,-0.004260,0.200000,-0.000364,0.030000,0.015106,0.080000,0.003300,-0.100000,0.012530,-0.090000,0.002724,0.030000,0.009437,0.080000,-0.003408,-0.035284,-0.001302,0.040000,0.001284,-0.049267
-0.002222,0.010000,-0.017142,0.010000,-0.013705,-0.050000,-0.002151,0.050000,0.007888,0.170000,0.000827,-0.020000,0.003108,-0.040000,0.002562,0.080000,0.005311,-0.130000,-0.013431,-0.050000,-0.001190,-0.010000,0.005556,-0.018427,-0.002004,0.300000,-0.001125,0.105935
0.001425,0.040000,-0.038772,-0.050000,0.010108,-0.010000,-0.009395,-0.020000,0.011794,0.050000,0.015210,-0.030000,0.005151,0.060000,-0.002361,-0.200000,0.004170,0.010000,-0.044753,-0.050000,-0.010224,0.020000,-0.006915,-0.009719,0.011277,-0.220000,-0.003890,-0.022410
-0.003525,-0.070000,-0.017019,-0.040000,0.010801,-0.040000,-0.016401,0.140000,-0.000784,-0.170000,-0.002564,-0.110000,0.000509,0.110000,0.000453,-0.050000,-0.009155,0.010000,0.010554,-0.050000,0.014956,-0.020000,-0.002334,-0.024239,-0.005257,-0.040000,-0.005854,-0.061364
0.004869,0.010000,-0.047537,-0.070000,-0.003004,-0.020000,-0.002296,-0.050000,-0.014318,0.220000,-0.004825,-0.050000,0.011520,0.060000,-0.002074,0.070000,-0.008717,0.150000,-0.009006,-0.070000,-0.017296,0.070000,-0.004593,-0.004232,0.001040,0.180000,0.006485,0.077527
0.005477,-0.050000,-0.052089,-0.010000,0.017125,-0.120000,0.004023,0.110000,-0.003824,0.110000,-0.008331,0.000000,-0.003656,-0.020000,-0.002419,0.020000,-0.001687,0.030000,0.062353,0.130000,-0.012510,0.000000,-0.006943,0.014139,0.001462,-0.000000,-0.002846,-0.008266
-0.003876,0.030000,0.027307,0.010000,-0.004865,0.080000,-0.014734,0.010000,-0.018479,-0.050000,0.021194,0.060000,-0.001976,0.040000,0.000627,-0.030000,-0.001351,-0.020000,-0.004953,-0.030000,-0.027513,-0.010000,0.001744,0.015909,0.007198,-0.160000,-0.000068,0.016094
0.003802,0.040000,0.034116,-0.010000,0.000747,-0.050000,0.000229,0.050000,0.013292,-0.150000,-0.005667,-0.080000,0.002995,-0.030000,-0.004382,0.010000,0.002008,0.080000,-0.016830,-0.040000,-0.015434,0.040000,0.004730,0.005853,-0.006320,0.020000,0.005752,-0.077303
-0.003794,0.080000,-0.041475,0.070000,-0.003481,0.070000,0.005893,-0.020000,-0.018295,-0.190000,0.004850,-0.060000,-0.006722,-0.150000,0.002418,0.110000,0.002446,-0.080000,-0.002758,-0.070000,-0.025783,0.050000,-0.001719,-0.002382,-0.009518,0.020000,-0.007290,0.059914
0.003786,-0.000000,0.029730,0.080000,0.002490,-0.030000,-0.002709,0.000000,0.015495,-0.120000,-0.002588,0.040000,0.005914,0.070000,0.001745,0.100000,0.003344,-0.310000,0.028887,0.020000,0.000716,0.040000,0.007063,-0.002926,-0.005127,0.110000,-0.002167,0.002785
-0.008064,-0.010000,-0.059431,0.110000,0.006113,-0.090000,0.000079,0.100000,-0.017398,0.090000,-0.003084,0.010000,-0.007355,0.030000,0.003075,0.040000,0.016132,-0.100000,-0.016374,-0.040000,0.016976,0.060000,-0.006988,0.004012,-0.004685,-0.100000,-0.004503,0.033088
-0.004608,-0.080000,0.076814,0.040000,-0.007034,-0.070000,-0.013744,0.120000,-0.006291,0.060000,0.004416,0.010000,-0.000921,-0.010000,0.007123,-0.000000,0.000545,0.340000,0.011228,0.060000,-0.011971,-0.010000,0.015026,0.031666,-0.000844,0.090000,-0.002618,-0.042980
-0.000839,-0.060000,0.017466,-0.020000,0.006285,-0.020000,0.008110,-0.080000,-0.001049,0.020000,-0.008035,-0.040000,0.011506,-0.030000,-0.007563,-0.100000,0.007095,0.030000,0.008035,0.040000,0.050628,-0.060000,0.001915,-0.004370,-0.007787,-0.170000,-0.006929,0.012108
-0.001680,-0.040000,0.048513,-0.030000,0.009315,0.040000,-0.001304,-0.010000,-0.001800,-0.070000,0.020861,0.000000,0.002222,-0.010000,0.007785,0.130000,-0.004005,-0.030000,-0.008379,0.050000,0.016934,-0.070000,0.003475,-0.024574,-0.008593,0.150000,-0.002153,-0.020567
-0.002067,0.070000,-0.011722,0.080000,0.005052,-0.080000,0.011815,0.060000,0.014196,-0.280000,-0.000672,-0.090000,-0.006721,0.030000,-0.009875,-0.100000,-0.007435,-0.040000,0.012056,-0.070000,-0.002122,-0.030000,-0.006137,-0.014296,-0.010308,0.150000,0.003482,0.034871
-0.001487,0.010000,0.038260,-0.010000,-0.014443,0.140000,0.004293,-0.080000,-0.002818,-0.070000,-0.001647,0.000000,0.005804,-0.040000,-0.002978,0.070000,-0.005443,-0.150000,0.004406,0.040000,0.007137,-0.140000,-0.000846,-0.030099,-0.009999,-0.280000,0.003291,-0.028266
0.004895,-0.010000,0.038080,-0.040000,-0.023214,0.070000,-0.006246,0.120000,-0.007975,0.030000,0.006122,0.000000,0.000708,-0.050000,-0.004699,-0.010000,-0.002218,-0.090000,0.004912,-0.000000,-0.015279,0.020000,0.000712,0.013779,-0.011456,0.050000,-0.004339,-0.063669
0.003825,-0.010000,0.032026,-0.070000,0.010617,0.070000,-0.005019,-0.070000,-0.009770,-0.030000,0.007121,0.020000,0.012471,-0.040000,-0.000108,-0.040000,-0.018878,0.120000,-0.011467,0.030000,0.013215,0.240000,-0.009477,-0.010714,0.000794,-0.050000,-0.000083,-0.073324
-0.005247,-0.060000,-0.008111,0.030000,0.004948,-0.030000,0.010594,0.080000,0.012461,0.250000,-0.003641,0.060000,-0.000382,-0.000000,0.009758,0.060000,-0.006501,-0.120000,0.004838,0.010000,0.016922,-0.010000,0.004010,-0.007086,-0.008433,0.060000,-0.001356,-0.035358
0.002236,-0.020000,0.010339,0.040000,0.010278,-0.010000,-0.000098,0.120000,-0.007079,-0.030000,0.002028,0.070000,0.004025,0.030000,-0.015255,0.030000,-0.016223,-0.030000,-0.018338,-0.100000,-0.009997,-0.090000,-0.003906,0.014432,0.011974,-0.080000,0.004772,0.000624
0.001751,0.020000,0.017353,-0.080000,0.017743,0.040000,-0.013400,0.080000,0.012460,0.000000,0.007244,-0.070000,0.001658,0.100000,0.005127,0.130000,0.001293,0.210000,0.007410,0.000000,-0.027116,-0.030000,-0.005779,-0.022280,0.009339,-0.000000,-0.007183,0.084479
0.003166,0.010000,-0.013532,0.090000,0.006374,0.030000,-0.008483,0.070000,0.004875,-0.030000,-0.015877,-0.020000,-0.001295,-0.080000,-0.001441,-0.080000,-0.005631,0.020000,0.017882,0.120000,-0.008571,0.020000,0.007222,0.050295,-0.010255,0.170000,0.003776,-0.034723
0.006711,-0.010000,0.012835,-0.090000,0.003956,-0.050000,-0.012585,-0.050000,-0.013947,0.210000,0.010524,0.010000,0.003104,-0.030000,0.003718,0.010000,0.001581,-0.140000,0.003048,0.100000,0.006745,-0.010000,0.008982,0.032983,-0.002819,0.030000,0.008820,-0.071269
0.003470,0.040000,-0.001365,0.000000,-0.002471,0.010000,-0.001686,-0.070000,-0.005863,-0.080000,0.001774,0.060000,0.011768,0.070000,-0.002927,0.100000,-0.014295,0.070000,-0.001969,-0.080000,-0.018867,0.020000,-0.006737,0.034080,0.000846,-0.060000,0.011436,-0.007322
0.003007,0.040000,0.000838,0.030000,0.007081,0.030000,0.007266,-0.030000,-0.003269,-0.050000,0.002389,0.020000,0.001008,0.050000,0.004564,0.190000,-0.005383,0.100000,0.003891,0.040000,0.029780,0.060000,0.011022,0.027797,-0.003192,-0.170000,0.002790,-0.017511
0.009762,0.050000,0.006259,-0.020000,0.007859,0.040000,-0.014340,0.120000,0.007413,0.040000,0.002147,0.000000,-0.000638,-0.030000,0.019706,-0.010000,0.026665,-0.030000,-0.004788,0.010000,0.008887,0.020000,0.007921,0.005209,-0.004469,-0.110000,-0.003377,0.003581
-0.005922,-0.040000,-0.008412,0.010000,-0.007005,0.020000,-0.011833,-0.090000,-0.009001,0.090000,0.000017,0.080000,-0.003826,0.110000,-0.006693,0.070000,-0.001610,-0.080000,0.016519,-0.060000,-0.023103,-0.020000,-0.012482,-0.000457,0.005524,-0.100000,0.012801,0.027742
0.000999,-0.010000,0.001877,-0.020000,-0.008951,-0.000000,-0.004800,-0.020000,0.005727,-0.130000,-0.002691,0.080000,0.011890,0.030000,0.007022,-0.100000,-0.014320,-0.200000,-0.008510,-0.080000,-0.003315,-0.070000,0.002572,-0.053624,0.019623,-0.310000,0.008713,-0.012860
-0.002840,-0.010000,0.012814,-0.010000,0.001803,-0.020000,0.012010,0.040000,-0.003406,-0.020000,0.001125,-0.060000,0.000383,-0.110000,0.002221,-0.050000,0.017486,0.040000,-0.010753,-0.030000,0.010971,-0.100000,-0.020987,-0.055042,-0.005687,-0.120000,-0.007004,0.019588
0.000008,-0.010000,-0.012098,0.010000,0.012608,0.020000,0.006475,0.000000,0.004289,0.210000,-0.000439,-0.060000,0.001432,-0.020000,0.004517,0.100000,-0.006203,0.020000,0.020407,0.170000,-0.007787,-0.000000,0.007967,0.042513,-0.014531,0.190000,0.004332,0.055189
-0.005852,-0.050000,0.001036,0.020000,0.014557,0.120000,0.010506,-0.110000,0.004933,-0.130000,0.000947,0.030000,0.005479,0.000000,-0.005955,0.040000,-0.017036,-0.060000,-0.006768,-0.050000,-0.019052,-0.220000,-0.000357,0.024179,-0.006142,0.270000,0.014248,-0.064426
0.002599,0.030000,0.006820,-0.080000,-0.010367,-0.000000,0.018859,-0.100000,-0.000109,0.130000,0.007759,-0.030000,-0.007741,-0.170000,0.012922,-0.090000,-0.011895,-0.110000,-0.008417,-0.000000,-0.002382,-0.150000,0.004186,0.023721,0.013895,-0.150000,-0.001248,0.009988
-0.001450,-0.000000,0.003273,-0.010000,-0.009235,0.100000,0.009394,-0.100000,0.009093,-0.160000,0.003678,0.040000,0.006393,-0.000000,0.001999,0.080000,-0.015283,0.200000,-0.012562,-0.010000,-0.013481,0.060000,0.006151,-0.022268,-0.002458,0.110000,0.006397,-0.079338
-0.003341,-0.040000,0.011134,0.040000,-0.008540,0.150000,0.001753,0.100000,-0.000569,0.060000,0.019283,-0.140000,-0.007279,-0.060000,-0.000047,-0.050000,-0.003700,-0.050000,-0.001537,-0.040000,0.005646,-0.130000,0.001987,-0.015300,0.006004,0.230000,-0.000185,0.032813
-0.007085,0.040000,0.003377,0.010000,-0.002933,-0.110000,0.002840,-0.090000,0.002091,-0.070000,0.003923,0.050000,0.008603,-0.030000,0.007331,-0.030000,-0.017277,-0.010000,0.000497,-0.010000,-0.023022,-0.020000,-0.002493,-0.048978,-0.003214,-0.190000,0.007935,-0.136230
0.003786,0.020000,-0.002562,0.040000,-0.023468,0.210000,0.001005,-0.090000,0.006520,0.140000,-0.002121,0.020000,0.001483,-0.030000,-0.000286,-0.040000,-0.002117,-0.040000,0.002079,-0.050000,-0.031633,0.060000,-0.014162,0.007102,0.000185,-0.060000,0.005591,0.059402
-0.001527,0.050000,0.003122,0.030000,0.007726,-0.020000,-0.008084,0.130000,-0.004096,-0.030000,-0.008052,0.120000,0.006750,0.050000,0.011911,-0.070000,-0.014642,0.030000,0.022548,-0.030000,0.031666,-0.140000,0.005271,-0.034767,0.000135,-0.150000,-0.010594,0.023624
0.002958,0.020000,0.007280,-0.030000,0.018379,-0.010000,0.015616,-0.010000,-0.004561,0.050000,0.004376,-0.070000,-0.001252,0.060000,0.006098,-0.080000,-0.009689,0.010000,-0.002049,-0.050000,-0.009129,-0.230000,0.002907,-0.023301,0.000079,-0.290000,0.002495,0.025720
0.002734,-0.020000,0.005338,0.060000,0.003193,0.060000,-0.000836,0.020000,-0.002882,-0.080000,-0.001217,0.160000,0.008127,-0.030000,0.000689,0.040000,-0.000702,0.030000,-0.000793,-0.020000,0.005125,0.090000,-0.003878,-0.043392,0.021366,-0.140000,0.012836,0.074300
0.001034,0.020000,-0.002109,0.010000,-0.005901,-0.070000,0.019075,-0.190000,-0.001566,-0.130000,-0.016205,-0.070000,-0.004151,-0.060000,-0.003314,-0.120000,-0.005789,0.030000,-0.004349,0.030000,-0.033157,-0.020000,0.019540,0.048318,0.007299,-0.300000,0.011995,-0.010175
-0.001992,0.020000,0.015754,0.040000,-0.008377,0.070000,0.001597,0.090000,0.004000,-0.180000,0.000212,0.040000,-0.002436,0.100000,0.002514,-0.010000,0.000922,-0.010000,0.012222,-0.080000,0.018181,-0.030000,0.012371,0.056292,0.005412,0.090000,-0.005033,0.009731
-0.008042,0.020000,-0.001421,-0.010000,-0.002598,0.140000,0.001190,-0.080000,-0.003569,0.060000,0.015357,0.010000,0.011831,0.070000,-0.001032,-0.050000,0.000362,-0.070000,-0.006393,0.090000,0.021988,0.050000,-0.007091,-0.019126,-0.003071,0.090000,0.002765,-0.016628
-0.005197,0.040000,-0.012543,0.090000,-0.010957,-0.090000,0.001282,-0.010000,0.006002,0.280000,0.002540,-0.020000,-0.010450,-0.050000,-0.005660,-0.030000,0.008391,-0.030000,0.006886,0.050000,0.009603,0.020000,-0.001192,-0.029202,-0.002718,0.030000,0.002825,-0.052412
-0.006873,0.040000,-0.016381,-0.040000,-0.007835,0.020000,0.007390,-0.020000,-0.002131,-0.060000,-0.001575,-0.080000,-0.013926,0.120000,-0.001607,0.000000,-0.000820,0.090000,-0.000453,-0.000000,-0.002987,-0.090000,-0.006671,-0.024307,0.004112,0.010000,0.005511,-0.020022
0.004432,-0.000000,-0.006516,0.010000,-0.006644,0.110000,-0.002021,-0.010000,0.002791,-0.050000,-0.014284,-0.030000,0.004882,-0.000000,0.001980,0.050000,-0.004100,-0.060000,0.006576,-0.020000,0.005678,0.060000,-0.006330,-0.023071,0.002846,-0.190000,-0.016178,0.094046
0.007519,0.070000,-0.007234,-0.000000,0.008087,-0.050000,0.004061,0.010000,-0.001990,0.090000,0.014923,0.160000,-0.003574,-0.060000,-0.006579,0.060000,-0.010260,-0.100000,0.006021,0.050000,0.012030,-0.020000,0.002965,0.007988,-0.010256,0.230000,0.001453,0.002677
-0.001221,-0.120000,-0.003122,-0.150000,0.022799,-0.040000,0.000597,0.050000,-0.003188,0.390000,-0.007469,-0.060000,0.003197,0.020000,0.004509,-0.020000,0.001824,-0.070000,0.012715,-0.040000,-0.010392,0.030000,0.005933,0.010304,0.008034,-0.130000,-0.006402,0.018984
-0.004958,0.030000,-0.011063,-0.070000,0.011147,0.020000,-0.001954,-0.080000,-0.003870,-0.030000,-0.001379,-0.030000,0.000638,-0.060000,-0.003574,0.030000,-0.004354,0.110000,-0.010957,0.070000,0.020389,0.080000,-0.009061,-0.011248,0.007187,0.220000,-0.007906,-0.010735
0.002670,-0.000000,-0.006900,0.070000,0.004890,0.030000,0.000980,-0.050000,-0.007300,-0.130000,-0.006070,-0.030000,-0.009450,0.020000,0.005937,0.040000,-0.008685,-0.060000,-0.002041,0.050000,0.028280,-0.060000,0.001678,-0.060109,0.011844,-0.010000,0.000028,0.055273
-0.006185,-0.000000,0.017867,-0.010000,0.016541,-0.060000,-0.000946,-0.070000,-0.014074,0.120000,0.021617,0.160000,0.003198,0.050000,0.000778,0.030000,0.004035,0.040000,0.003685,-0.110000,-0.015173,-0.030000,-0.008282,-0.018877,0.000910,-0.150000,-0.003580,0.065022
-0.001242,0.010000,0.015259,-0.080000,0.008212,-0.000000,0.003784,0.100000,-0.001815,-0.290000,0.012818,0.040000,0.011230,-0.080000,-0.003922,-0.030000,0.016358,-0.230000,-0.009143,-0.050000,-0.002077,0.090000,0.001650,-0.000576,-0.001374,0.280000,-0.006587,0.064725
-0.001261,0.020000,0.006690,-0.010000,0.003451,-0.010000,0.005874,-0.150000,0.003762,-0.030000,0.002603,0.020000,-0.002431,-0.030000,0.006720,0.030000,0.004639,-0.040000,-0.003730,-0.000000,0.001665,0.110000,0.018378,0.048759,-0.006948,0.210000,0.001183,0.014090
-0.000312,-0.020000,-0.001769,-0.020000,0.007528,0.060000,-0.005408,0.060000,-0.003633,0.050000,-0.001298,-0.080000,0.005905,0.040000,-0.010639,-0.100000,0.004759,0.150000,-0.000624,0.050000,-0.009835,0.110000,0.002263,0.014380,0.004070,-0.180000,0.000313,-0.027169
-0.000325,-0.010000,-0.017103,0.030000,-0.010842,0.060000,-0.000569,-0.100000,0.004057,-0.360000,0.000515,0.200000,0.008750,-0.090000,0.003665,-0.030000,-0.004100,0.100000,0.004046,-0.010000,0.002292,-0.090000,0.001005,-0.005803,-0.002509,0.110000,0.006844,-0.077366
-0.000638,0.060000,-0.009243,0.040000,0.010505,0.050000,-0.003906,-0.060000,0.002502,-0.100000,0.003702,0.110000,-0.002546,0.060000,-0.003178,-0.070000,0.000764,-0.070000,0.013589,-0.020000,0.010913,0.160000,0.004601,0.003086,0.002710,-0.230000,0.002816,0.112715
0.000258,0.020000,-0.006814,0.110000,-0.001524,-0.000000,0.007968,0.020000,0.018133,0.220000,0.003843,-0.030000,-0.004406,-0.040000,0.008908,0.080000,0.010262,0.010000,0.007563,0.130000,-0.017306,0.010000,0.001490,-0.001580,0.001958,0.020000,0.002283,0.068926
-0.001617,0.020000,-0.002004,-0.040000,-0.011182,-0.050000,0.004095,0.090000,-0.014656,0.090000,0.006002,0.090000,0.009639,-0.000000,-0.005378,-0.040000,0.006536,-0.180000,0.006524,0.050000,-0.003471,0.010000,0.017805,0.057480,-0.002473,0.010000,0.010847,0.060005
0.001328,-0.030000,0.002287,-0.010000,-0.001013,-0.020000,0.003925,0.000000,-0.003022,-0.160000,0.000048,-0.030000,-0.006172,-0.010000,0.003071,-0.130000,-0.002404,0.120000,0.000987,-0.030000,0.015085,-0.000000,0.020614,0.049572,0.001535,-0.070000,0.002374,0.086657
0.006202,0.000000,0.008281,-0.050000,0.006781,0.000000,0.004599,-0.030000,0.017745,0.150000,0.000911,0.200000,-0.004387,-0.000000,-0.006240,-0.030000,0.000548,0.130000,-0.000645,-0.030000,0.001435,-0.120000,0.000002,0.017621,0.007763,-0.160000,-0.019972,-0.029905
0.001421,-0.000000,0.011281,0.070000,-0.004730,0.100000,0.013651,-0.160000,0.000702,-0.040000,-0.005122,0.040000,-0.003234,0.050000,-0.003534,0.050000,0.009859,-0.050000,0.007970,0.030000,-0.018630,-0.030000,0.005428,0.001271,-0.000072,-0.020000,-0.001989,0.009658
0.002107,0.010000,-0.020053,-0.030000,-0.006566,-0.010000,0.002647,-0.120000,-0.011742,0.050000,0.006185,-0.060000,-0.002065,-0.040000,-0.002059,-0.070000,0.008262,-0.040000,0.017026,-0.020000,-0.002927,0.030000,0.003466,-0.015774,-0.000865,-0.290000,0.002016,-0.002333
0.008023,-0.030000,0.005308,-0.020000,0.019234,-0.030000,-0.000076,-0.010000,-0.005656,0.170000,0.000837,-0.140000,0.000015,-0.010000,-0.004556,0.020000,0.003898,-0.030000,0.007107,-0.020000,-0.008634,0.040000,-0.009167,0.009490,0.006225,0.060000,0.001987,0.164609
-0.002704,-0.070000,0.018737,0.040000,0.009130,0.000000,0.004528,0.040000,-0.002475,0.090000,0.002548,0.030000,0.004231,-0.020000,-0.001212,-0.030000,-0.000917,0.080000,0.003578,-0.040000,-0.007017,-0.000000,0.008974,0.068604,0.003504,-0.200000,0.014315,0.033443
-0.006874,0.080000,0.007682,-0.090000,0.012722,-0.200000,0.005866,-0.020000,0.012693,-0.150000,0.006030,-0.010000,0.001737,0.040000,0.003429,-0.070000,-0.005664,0.100000,-0.004321,0.020000,0.002176,-0.050000,-0.011917,-0.056732,0.003602,0.030000,0.022505,-0.002384
0.006532,0.030000,0.005135,0.080000,0.009732,-0.030000,-0.014684,-0.070000,0.014259,0.200000,0.003380,0.010000,-0.000594,-0.050000,-0.003413,0.020000,-0.001227,-0.020000,-0.017793,-0.090000,-0.010987,-0.000000,0.004450,-0.001752,-0.008999,0.130000,0.006683,-0.075411
-0.002706,-0.010000,-0.002713,0.090000,-0.015896,0.030000,0.010301,0.030000,-0.014590,0.090000,-0.001644,0.050000,0.009717,0.010000,-0.004655,0.080000,0.000961,-0.060000,-0.004286,0.000000,-0.014011,-0.120000,-0.008400,-0.010669,-0.009554,0.360000,0.004334,0.025252
0.007167,-0.010000,0.005690,-0.020000,0.004977,-0.040000,0.001660,0.010000,-0.000791,-0.120000,0.000613,-0.050000,-0.006020,0.040000,0.004982,0.160000,0.002455,-0.110000,-0.037980,-0.110000,0.001260,-0.020000,-0.002841,0.025970,0.008647,0.020000,-0.006359,0.012517
-0.005723,0.020000,-0.011040,-0.040000,0.005227,0.020000,0.004232,-0.010000,0.001127,0.170000,0.000771,0.140000,0.002842,0.010000,0.001700,-0.060000,0.005203,-0.100000,0.022537,0.070000,0.005634,0.050000,0.003878,0.052851,-0.006602,0.100000,0.009138,0.023527
0.002812,0.020000,-0.014898,-0.000000,0.010567,-0.010000,0.001430,-0.100000,0.005454,0.150000,0.001009,-0.150000,0.004835,-0.040000,-0.008739,0.020000,0.015057,-0.030000,-0.006322,0.100000,-0.008216,-0.130000,-0.003859,-0.020212,-0.014932,0.190000,-0.014681,-0.126638
0.001140,-0.010000,0.011208,-0.030000,0.000659,-0.010000,0.000370,0.050000,0.005362,0.110000,-0.001508,0.030000,0.001835,-0.190000,0.008353,0.130000,-0.007140,0.000000,0.015776,0.040000,-0.002308,-0.080000,-0.001081,-0.028928,-0.019171,0.040000,0.017646,0.025043
-0.002578,0.060000,-0.007740,0.020000,0.010753,-0.010000,-0.002826,0.040000,0.000663,0.020000,-0.000191,-0.080000,-0.006057,-0.070000,-0.005023,-0.150000,0.008051,0.030000,0.012367,0.110000,0.011575,-0.040000,0.007039,-0.000824,0.004986,0.100000,-0.017797,0.033465
0.001170,-0.020000,-0.005013,0.090000,0.007351,-0.040000,-0.005661,0.070000,-0.015095,0.030000,0.011315,0.060000,-0.005621,-0.060000,0.003558,-0.070000,0.004175,-0.010000,-0.017336,-0.030000,-0.007533,-0.010000,0.005001,0.087863,0.005294,0.050000,0.018259,0.027516
0.000300,-0.040000,-0.005450,0.040000,-0.009404,0.000000,-0.008016,-0.040000,0.011457,-0.110000,-0.001313,0.000000,-0.014975,0.000000,0.001560,-0.040000,0.005644,-0.020000,0.000425,-0.110000,-0.026310,-0.040000,-0.001394,0.017227,-0.001797,-0.180000,-0.002221,-0.042541
0.000552,-0.020000,-0.009066,-0.070000,-0.010798,-0.010000,-0.003428,0.080000,-0.014315,0.250000,0.005007,0.140000,-0.015672,-0.000000,-0.006589,-0.020000,0.009772,-0.100000,0.004156,0.040000,0.016722,-0.050000,-0.001581,0.023090,-0.004889,-0.080000,-0.008446,-0.005943
-0.004128,0.010000,-0.033236,-0.080000,0.001043,-0.010000,0.001826,0.060000,-0.018496,-0.060000,-0.002123,-0.060000,0.014352,0.040000,0.007681,0.050000,0.000609,-0.070000,0.012857,0.030000,0.013354,0.050000,-0.000126,-0.009745,0.007434,-0.240000,-0.015077,-0.040092
-0.000294,0.040000,0.024851,-0.010000,-0.005148,-0.020000,0.014115,-0.040000,0.023053,-0.000000,-0.001845,-0.100000,-0.013749,-0.010000,-0.008034,-0.080000,0.004344,-0.040000,-0.012398,-0.040000,-0.018415,-0.240000,-0.013264,-0.030702,-0.001085,0.160000,0.019873,-0.095143
-0.002749,0.010000,0.016585,-0.020000,-0.011236,-0.000000,-0.001478,0.010000,-0.003185,-0.110000,-0.001376,-0.020000,0.006467,-0.090000,0.002725,-0.140000,-0.001321,-0.020000,0.001182,0.050000,-0.003251,-0.030000,-0.017340,0.000472,0.003601,0.020000,0.013763,0.130044
0.002495,-0.020000,-0.000697,0.020000,0.003654,0.040000,0.005666,0.020000,0.021202,0.140000,0.003725,0.050000,0.011653,0.010000,-0.009251,-0.070000,-0.007253,0.000000,-0.020794,-0.070000,0.001100,-0.210000,0.013703,0.017939,0.004753,-0.320000,0.005005,0.015036
-0.008347,-0.020000,-0.021551,0.060000,0.013524,0.000000,-0.000671,-0.060000,-0.011412,-0.110000,0.009008,0.030000,-0.002529,0.050000,0.002822,-0.040000,-0.000258,-0.010000,0.014337,0.030000,0.010057,-0.130000,-0.005492,-0.035288,0.000206,-0.180000,-0.004555,-0.017560
-0.001559,-0.030000,-0.004329,0.030000,-0.002787,-0.040000,0.000751,-0.020000,0.000544,-0.030000,-0.001711,-0.060000,-0.011629,0.040000,0.005097,0.080000,-0.003941,-0.010000,0.009466,0.000000,0.001895,0.150000,-0.004791,-0.037607,-0.006978,0.270000,-0.004286,-0.056399
0.001549,-0.020000,0.001419,-0.030000,-0.006904,0.040000,-0.003731,0.110000,-0.017945,-0.020000,0.007385,0.010000,-0.012135,-0.060000,0.004686,-0.020000,-0.001727,0.060000,0.010176,-0.060000,-0.014711,0.100000,0.001738,0.027771,-0.006341,-0.040000,0.011334,-0.025489
0.001658,-0.010000,-0.010461,0.140000,-0.000060,0.160000,-0.005617,0.030000,-0.028598,-0.120000,0.001376,0.040000,-0.001902,0.000000,-0.011484,-0.090000,0.000405,-0.090000,0.019433,-0.050000,-0.014450,0.010000,0.003451,-0.027955,-0.013990,-0.100000,0.010296,0.040739
0.003501,0.110000,0.005935,-0.010000,0.016095,-0.140000,0.008805,0.040000,0.005404,-0.030000,-0.010116,-0.020000,-0.002872,0.000000,-0.005746,-0.050000,0.004729,-0.050000,0.001759,-0.000000,-0.003251,-0.120000,-0.010291,0.005247,0.000088,0.060000,0.003980,-0.013531
-0.001679,0.050000,0.011795,0.130000,0.015620,-0.020000,0.012313,0.010000,0.014286,-0.170000,-0.001295,0.100000,0.017281,0.030000,0.007097,0.030000,0.004295,-0.000000,-0.011814,-0.030000,0.015448,-0.110000,0.012896,0.049482,0.006293,-0.070000,-0.000417,-0.011239
-0.001693,-0.020000,-0.013155,0.060000,0.003256,-0.020000,0.002194,-0.040000,0.018840,-0.280000,0.002414,-0.030000,-0.000783,0.120000,0.003319,0.050000,-0.002540,0.040000,0.006893,-0.010000,-0.044233,-0.180000,0.002812,-0.041113,0.016617,0.000000,0.006519,-0.119490
0.000433,-0.010000,0.003682,0.020000,-0.003271,-0.010000,0.002921,0.030000,-0.006902,-0.020000,0.005836,-0.010000,0.012736,0.070000,0.000002,-0.020000,-0.006736,0.140000,0.013287,-0.010000,0.027334,0.070000,-0.000005,0.015606,-0.020418,0.110000,0.001438,0.035824
-0.000682,0.010000,-0.008824,-0.070000,0.001450,-0.020000,0.000812,0.040000,0.012103,-0.090000,0.000263,-0.080000,0.003587,-0.010000,-0.002686,-0.060000,0.001664,0.010000,-0.005355,0.020000,0.018663,0.040000,0.004201,0.001204,0.005433,0.100000,0.012614,0.154588
0.002499,0.020000,0.007027,0.030000,-0.002013,-0.090000,0.005260,-0.040000,-0.012109,-0.070000,0.004221,0.100000,-0.000799,-0.050000,0.002085,0.010000,-0.002261,-0.020000,-0.005730,0.010000,0.000304,-0.040000,-0.007262,-0.083923,-0.002697,0.150000,-0.010011,-0.013706
0.000854,-0.050000,0.008315,0.120000,-0.013839,-0.100000,-0.000652,0.010000,-0.016681,0.010000,0.002244,-0.030000,0.004298,0.050000,-0.004258,-0.020000,0.000049,-0.020000,0.006817,0.060000,0.004792,-0.080000,-0.004749,-0.021323,0.002397,0.190000,0.000700,0.024333
0.003293,-0.000000,-0.009161,-0.020000,-0.008289,-0.010000,0.007557,-0.070000,-0.009327,0.110000,-0.017852,-0.060000,0.009116,0.230000,0.000022,-0.120000,-0.002702,-0.010000,-0.012633,0.040000,-0.004974,0.010000,0.006024,0.081443,-0.005697,0.100000,0.001993,0.157774
0.000391,0.070000,-0.005114,0.010000,0.001312,-0.120000,-0.000601,-0.020000,-0.001968,-0.080000,0.007663,0.060000,0.007837,0.090000,0.000326,0.070000,-0.005518,0.090000,-0.014503,-0.010000,-0.006666,0.020000,0.002096,-0.009058,-0.013998,0.210000,-0.017943,0.050319
0.001548,-0.020000,0.016045,-0.020000,-0.005536,0.020000,-0.016106,-0.070000,0.006311,0.080000,0.016694,0.060000,-0.001685,-0.050000,-0.002760,0.130000,-0.000063,-0.030000,-0.002147,-0.040000,-0.004214,-0.030000,-0.008801,-0.007340,-0.000029,0.070000,-0.005425,0.058326
-0.002766,-0.040000,-0.005778,-0.030000,0.004701,0.020000,0.012494,-0.120000,0.015213,-0.020000,-0.002723,0.040000,-0.007179,-0.000000,-0.008232,0.150000,0.000922,0.020000,-0.014578,0.020000,-0.004495,0.010000,0.006769,0.042068,0.018118,0.120000,-0.026799,0.012056
0.009478,-0.000000,0.032650,0.030000,0.010505,-0.030000,0.010684,0.160000,0.017585,0.120000,0.002354,0.060000,-0.001099,0.020000,0.003348,0.080000,-0.004068,0.020000,0.005263,0.020000,-0.003486,0.150000,-0.016950,0.020896,-0.004649,-0.050000,-0.005097,-0.081644
-0.004774,0.030000,-0.008528,-0.050000,-0.009999,0.060000,-0.003186,0.140000,-0.007497,-0.030000,0.002884,0.100000,0.004316,0.050000,0.001285,-0.120000,-0.004405,-0.030000,0.009739,-0.000000,-0.024990,-0.050000,-0.005498,0.035826,0.012258,-0.130000,0.011469,0.001695
-0.003427,0.050000,-0.008492,-0.110000,-0.002129,0.110000,0.002310,-0.080000,0.004174,-0.060000,0.006240,0.000000,-0.013514,0.100000,0.032443,0.010000,-0.003061,0.090000,-0.011618,0.060000,-0.005216,-0.040000,-0.000848,-0.012747,0.010026,0.060000,0.001532,0.003863
-0.002903,0.020000,0.005495,-0.110000,0.018516,-0.030000,0.008241,0.000000,-0.020979,0.150000,0.004185,0.070000,-0.000885,0.050000,0.003768,-0.100000,-0.006704,0.040000,0.007456,0.050000,0.003808,-0.160000,-0.003917,-0.013518,0.007086,0.100000,0.019886,-0.085285
-0.002973,-0.040000,0.016755,-0.050000,0.006527,0.140000,0.000571,0.060000,-0.004318,-0.080000,-0.002786,-0.100000,-0.000285,0.010000,-0.008767,-0.010000,-0.006608,-0.040000,-0.009675,-0.110000,0.019958,0.040000,-0.009905,0.019210,0.000312,-0.070000,-0.002706,0.121699
0.000669,0.020000,0.007714,0.000000,0.011105,-0.040000,0.005742,0.020000,-0.011709,0.230000,0.000750,0.050000,0.004931,-0.040000,0.001644,0.080000,0.008900,-0.060000,0.001364,0.110000,-0.002129,0.040000,0.011993,0.003169,0.002151,-0.150000,-0.016137,0.034482
-0.001617,0.070000,-0.010848,0.020000,0.006109,0.000000,-0.000949,0.000000,0.008005,-0.010000,0.005507,-0.060000,0.001477,0.020000,0.013351,0.050000,0.011879,-0.030000,-0.008821,0.020000,0.001249,0.210000,0.003077,-0.008219,0.007913,-0.180000,-0.007348,-0.210920
-0.001768,0.070000,-0.006562,-0.050000,0.004475,0.120000,-0.013674,0.140000,0.015031,0.040000,0.002385,-0.020000,-0.013351,0.030000,0.013106,0.030000,0.007990,0.010000,0.004766,0.020000,-0.010524,0.010000,0.001619,-0.016914,0.000144,0.040000,0.002867,0.000541
-0.003546,0.050000,0.003952,-0.070000,0.001772,-0.040000,0.009580,-0.040000,-0.001997,0.090000,-0.003235,-0.010000,0.002607,0.020000,-0.000449,0.000000,0.004268,-0.060000,0.028742,-0.020000,0.018350,-0.140000,0.009509,-0.025679,-0.004190,0.180000,0.001385,-0.077511
0.002938,-0.060000,0.001440,0.050000,0.000400,-0.030000,0.005821,-0.030000,-0.019446,0.030000,0.006257,0.010000,0.013316,-0.050000,0.001642,0.100000,-0.003122,-0.030000,0.025251,0.080000,-0.005860,0.010000,0.000439,0.014931,-0.006294,-0.180000,-0.009217,0.013683
-0.000104,0.080000,0.005416,0.140000,0.004236,0.010000,-0.004803,0.060000,0.004143,0.030000,0.003076,-0.040000,-0.000985,0.090000,0.005990,-0.000000,0.002073,0.030000,0.004100,-0.060000,0.000290,0.130000,-0.000772,-0.012918,-0.000556,-0.230000,-0.005559,0.071386
-0.001227,-0.010000,0.006118,0.060000,-0.003712,0.010000,-0.006005,-0.030000,0.001137,0.010000,0.001925,0.010000,-0.003775,-0.010000,-0.005261,0.120000,-0.009566,0.020000,-0.002633,0.010000,-0.011408,-0.060000,0.003756,0.043860,0.003074,-0.050000,0.006970,0.073549
-0.004472,-0.040000,-0.002714,0.090000,-0.007107,0.080000,0.001264,0.050000,-0.013682,0.090000,-0.020529,-0.130000,0.001609,-0.030000,0.000061,-0.220000,-0.002365,-0.010000,0.020529,0.040000,-0.014794,0.010000,-0.008536,-0.012741,-0.002110,-0.140000,0.007496,-0.009744
-0.003007,0.010000,0.008042,0.030000,0.002186,0.000000,0.021123,0.010000,0.009425,-0.040000,-0.006112,0.030000,-0.012244,0.080000,0.007360,0.050000,0.000379,-0.020000,0.004568,-0.040000,-0.013498,-0.100000,0.001401,0.027017,0.006002,-0.260000,0.005624,-0.049535
0.000654,0.020000,-0.000339,0.020000,-0.008766,0.010000,0.000348,-0.070000,-0.030976,-0.110000,-0.000994,-0.030000,-0.008458,0.050000,0.002830,-0.030000,0.011885,-0.040000,0.002424,0.000000,-0.002324,-0.070000,0.003211,0.034281,0.008884,-0.180000,0.002361,-0.069844
0.002295,0.030000,-0.003284,-0.040000,-0.001657,-0.050000,-0.003787,0.020000,0.018501,0.010000,0.010550,-0.040000,-0.005518,-0.030000,0.006414,0.200000,-0.002533,0.070000,-0.000126,0.020000,0.013716,0.040000,0.002393,0.031303,-0.006081,0.000000,0.010843,0.109247
0.001873,-0.050000,0.003126,0.040000,0.014883,0.010000,0.001706,0.030000,0.003674,0.040000,0.005561,0.000000,0.010986,0.000000,0.007089,0.060000,0.001949,0.100000,-0.019152,-0.020000,0.005584,-0.030000,-0.006578,-0.032852,0.006094,-0.040000,-0.000307,0.035505
0.001292,0.040000,-0.010006,0.050000,-0.000073,0.000000,-0.001658,-0.040000,-0.021875,-0.140000,-0.015740,-0.010000,0.003602,0.040000,0.000078,-0.020000,-0.005626,0.030000,-0.004566,0.030000,-0.003971,0.260000,0.000431,-0.115282,-0.005792,0.070000,-0.002376,0.004213
0.000724,0.030000,-0.009083,-0.110000,-0.001666,-0.030000,0.005229,-0.020000,0.018659,0.110000,0.001615,0.050000,0.001645,0.040000,-0.003750,-0.020000,0.001932,-0.090000,-0.008068,0.040000,-0.004222,0.110000,-0.006791,0.037175,-0.002722,-0.040000,-0.004075,0.050667
0.003246,0.020000,-0.004469,-0.030000,0.005812,-0.000000,0.008008,-0.060000,0.002436,-0.040000,0.017219,0.120000,-0.008052,0.010000,-0.005939,-0.010000,-0.007677,-0.000000,-0.000925,-0.040000,0.008877,-0.040000,0.007932,-0.018858,-0.012717,0.180000,0.008145,-0.000063
0.000210,-0.050000,0.005382,0.010000,0.004446,-0.010000,-0.001193,0.030000,0.022278,-0.050000,-0.007378,-0.090000,-0.012034,0.160000,-0.006828,0.000000,-0.005835,0.090000,-0.016489,-0.050000,-0.020593,0.260000,-0.010358,-0.054754,-0.005589,0.060000,-0.004143,0.071885
0.004707,0.020000,-0.020640,-0.030000,-0.010427,0.050000,-0.010193,-0.090000,-0.001465,-0.090000,-0.008341,0.020000,-0.011859,0.030000,0.009758,-0.060000,0.000269,-0.090000,-0.014550,-0.010000,0.011034,0.130000,0.002683,0.018062,0.005019,0.020000,-0.012241,0.006581
-0.006274,0.000000,-0.011440,-0.040000,-0.010069,0.010000,0.005141,-0.020000,0.003729,0.050000,0.008923,0.050000,0.006904,-0.020000,-0.007034,0.020000,-0.004227,-0.060000,0.015130,-0.030000,0.014000,-0.230000,-0.020220,-0.077989,0.007342,-0.090000,0.003645,0.020876
0.003735,-0.040000,0.000150,-0.030000,-0.004594,0.020000,0.010304,-0.020000,-0.002611,0.170000,-0.001362,-0.080000,0.001227,0.050000,0.012539,-0.270000,0.002296,0.020000,0.003313,-0.040000,0.000353,-0.010000,0.002921,0.011913,-0.000040,0.040000,0.009452,0.096647
0.005171,0.040000,-0.023594,-0.130000,-0.008168,0.010000,-0.006529,0.000000,0.009204,-0.020000,-0.018871,-0.110000,-0.000859,0.020000,0.006694,-0.070000,-0.004451,0.000000,-0.003785,-0.050000,-0.037384,0.250000,-0.000170,-0.014608,-0.001393,0.080000,-0.001436,0.009861
0.000099,-0.060000,-0.010741,0.020000,-0.010857,0.030000,-0.001122,0.010000,-0.004028,-0.030000,0.007080,0.030000,0.000134,-0.060000,0.006069,-0.060000,0.005346,-0.080000,0.009219,0.030000,-0.009325,-0.060000,0.006583,0.050203,0.014044,-0.040000,0.008570,-0.027265
0.002987,0.110000,0.000055,0.100000,-0.013730,-0.010000,0.011202,0.060000,0.018147,0.110000,-0.006049,-0.040000,-0.009706,-0.100000,0.002201,0.010000,-0.025383,-0.010000,-0.007036,0.080000,0.024967,-0.160000,-0.000801,0.009226,0.001328,0.200000,0.003462,0.030472
0.001350,-0.070000,0.006798,0.000000,-0.000955,-0.000000,-0.001925,0.030000,-0.022057,0.020000,-0.011200,-0.030000,0.006782,0.040000,-0.001528,0.140000,-0.007467,-0.100000,-0.014734,-0.120000,-0.002449,0.000000,0.001298,0.016069,-0.006998,0.100000,-0.006868,0.022451
0.000378,-0.060000,-0.011206,-0.070000,-0.008501,0.030000,-0.002871,0.100000,-0.027721,-0.020000,-0.019495,-0.110000,-0.002886,0.070000,0.008897,0.080000,-0.008910,0.070000,-0.002792,-0.040000,-0.005652,0.040000,0.018220,0.022263,-0.003857,-0.220000,0.005250,0.025142
-0.002072,0.070000,0.006981,-0.000000,-0.006847,0.000000,-0.006483,0.020000,0.008117,-0.180000,0.013398,0.030000,0.000457,-0.070000,0.006847,0.000000,-0.005922,0.060000,-0.003199,-0.030000,0.002148,0.210000,0.006230,0.011900,0.013803,-0.210000,0.005196,0.025208
-0.001040,-0.030000,0.006971,0.060000,-0.005203,0.010000,0.006318,0.030000,-0.019068,0.000000,0.004310,0.030000,0.003906,0.030000,0.000042,-0.040000,-0.003094,0.050000,0.009711,0.040000,-0.015162,0.050000,0.006814,-0.023050,0.000091,-0.020000,0.004249,0.072670
0.000424,-0.040000,-0.016305,-0.060000,0.007537,0.030000,0.005649,-0.040000,-0.003736,-0.010000,0.014986,0.060000,0.002428,-0.010000,0.002381,0.020000,0.003354,0.040000,-0.025706,-0.140000,-0.004740,-0.120000,-0.000853,-0.004473,-0.002544,0.390000,-0.010549,0.017941
-0.005963,-0.050000,0.001121,0.070000,-0.000955,0.040000,0.008904,-0.030000,0.002009,-0.040000,-0.003551,0.000000,0.015158,-0.020000,0.003838,0.000000,0.004011,-0.020000,-0.005983,0.000000,-0.002494,0.260000,0.011722,0.044123,0.003756,-0.060000,0.006730,-0.070739
-0.002580,0.000000,-0.013270,0.050000,-0.008675,0.060000,0.003237,0.000000,-0.002751,-0.020000,0.002914,0.020000,0.001807,-0.050000,0.001518,-0.110000,0.002194,-0.060000,0.009209,-0.040000,0.014808,0.050000,0.003419,0.002865,-0.016603,0.040000,0.010337,-0.021513
0.001497,0.050000,-0.005727,-0.020000,-0.009514,0.110000,-0.001402,-0.050000,0.013352,0.070000,0.009341,0.060000,0.005162,-0.060000,0.004282,-0.090000,-0.002668,-0.030000,0.031471,0.120000,-0.020650,-0.040000,-0.004673,-0.013742,0.001965,0.070000,-0.003117,-0.004731
0.002651,0.010000,-0.013851,-0.050000,-0.010389,-0.000000,-0.003055,0.030000,0.004070,0.030000,0.003161,0.040000,-0.000492,0.050000,-0.009390,-0.050000,-0.001997,-0.080000,0.005492,-0.000000,0.018124,-0.230000,0.003020,-0.040871,0.004483,-0.070000,0.011279,-0.038995
0.004261,0.010000,-0.002815,-0.030000,0.000333,0.030000,-0.002800,-0.010000,-0.027317,0.030000,-0.002748,0.010000,-0.001433,0.050000,0.004268,0.060000,0.008316,-0.070000,-0.012211,-0.170000,0.030111,-0.010000,-0.008636,0.006853,0.000537,0.090000,0.002034,-0.030886
-0.003960,0.020000,-0.014526,-0.000000,0.000984,0.080000,0.008631,-0.040000,-0.023894,0.010000,0.007060,0.030000,0.002338,0.020000,0.007872,0.050000,0.024685,-0.020000,0.001411,0.010000,-0.000953,0.010000,0.001492,-0.015709,0.010955,-0.280000,-0.004737,-0.035779
-0.001171,-0.020000,0.015729,0.070000,-0.003357,-0.080000,0.001117,0.000000,-0.019332,0.070000,0.006685,-0.030000,-0.008751,-0.030000,-0.005856,-0.050000,0.006823,0.040000,0.011477,0.060000,0.015467,0.190000,0.000104,0.030203,-0.002991,-0.000000,-0.002811,-0.116149
0.002106,0.010000,0.002738,0.040000,0.006137,-0.020000,-0.002014,0.130000,-0.012259,0.030000,-0.001829,0.000000,0.005752,0.080000,0.006175,-0.090000,0.010115,-0.040000,-0.010569,0.090000,0.008157,0.020000,-0.000233,0.042497,-0.018328,0.290000,0.010877,-0.046660
0.008559,0.030000,-0.007446,0.010000,0.006739,0.020000,-0.007239,0.030000,-0.046322,-0.070000,0.004963,-0.010000,0.015812,-0.010000,-0.000540,-0.060000,0.007312,-0.040000,0.014455,0.040000,-0.023914,-0.100000,-0.006629,-0.038285,-0.016444,-0.010000,0.003052,0.054331
-0.002781,-0.020000,-0.034865,0.010000,-0.013109,-0.010000,0.001091,0.000000,0.023809,-0.210000,0.000345,-0.010000,0.002076,-0.000000,-0.005554,-0.010000,-0.015859,0.000000,-0.010084,0.030000,-0.010963,0.020000,-0.006835,-0.053994,-0.004814,0.100000,-0.003991,-0.009886
0.001963,0.020000,0.008342,-0.000000,-0.004027,0.060000,-0.012334,-0.050000,-0.004283,0.060000,-0.000180,0.050000,-0.009156,0.030000,0.002239,0.040000,0.003215,-0.020000,-0.014778,0.010000,-0.002777,-0.130000,0.003702,0.000455,-0.004206,0.130000,-0.002498,0.012351
-0.003051,0.070000,0.021532,-0.000000,0.008784,0.030000,0.011099,0.080000,-0.053622,-0.030000,0.002184,0.060000,0.003749,-0.010000,0.007770,0.140000,-0.013630,0.020000,0.015855,-0.080000,-0.011090,0.240000,-0.001196,0.019739,0.014729,-0.110000,-0.002079,-0.008680
-0.000334,0.000000,-0.003641,0.030000,-0.001793,-0.020000,-0.000375,0.030000,0.034694,-0.140000,-0.001520,0.020000,-0.010308,0.080000,0.000796,0.020000,-0.008865,0.030000,-0.015035,-0.060000,-0.002915,0.000000,0.005460,0.002783,0.003038,0.040000,0.002619,0.001879
0.005662,-0.000000,0.017499,-0.030000,-0.014206,-0.040000,0.001445,-0.060000,0.009210,-0.010000,-0.004004,0.010000,0.005952,-0.190000,-0.002663,0.040000,-0.008350,-0.120000,0.002754,0.070000,-0.005800,-0.030000,-0.008534,-0.019725,-0.001638,0.030000,-0.004290,0.119873
-0.001507,-0.070000,0.000236,-0.030000,-0.020413,-0.000000,-0.009457,0.190000,0.003417,-0.000000,-0.002793,0.000000,0.001579,0.050000,-0.000004,-0.160000,-0.010492,0.080000,-0.014259,0.090000,-0.009574,0.000000,-0.003589,-0.024525,-0.016972,0.080000,0.006915,0.005260
-0.005122,-0.030000,-0.018160,-0.010000,-0.001927,0.060000,0.007445,0.010000,-0.001652,-0.090000,-0.007777,-0.070000,-0.000124,-0.020000,0.000243,-0.060000,-0.004781,0.080000,0.004301,0.010000,-0.002316,0.040000,0.005042,0.012127,-0.002103,0.200000,-0.001027,-0.039803
0.000554,-0.010000,-0.000283,0.020000,0.014656,-0.020000,-0.014551,-0.060000,-0.001994,-0.010000,0.000190,-0.030000,0.002096,0.000000,-0.005366,0.110000,-0.011587,0.070000,-0.007998,0.020000,-0.005336,-0.010000,0.011117,0.067147,-0.021659,0.330000,-0.004600,-0.044083
-0.000960,-0.030000,0.011648,-0.010000,0.009543,-0.000000,-0.012021,0.130000,-0.009693,-0.020000,0.000084,0.020000,-0.003895,-0.020000,-0.003037,0.070000,0.001158,-0.000000,-0.002350,-0.020000,0.005441,-0.120000,-0.007619,0.007297,0.001574,0.040000,-0.005879,0.067052
0.005276,-0.010000,-0.007523,-0.010000,-0.012811,-0.060000,-0.002057,0.040000,-0.000492,-0.040000,0.003925,-0.080000,0.003477,0.020000,-0.012259,0.040000,-0.003877,-0.000000,0.000564,-0.090000,0.002191,0.180000,-0.006233,0.013453,0.017481,-0.150000,-0.002324,0.016010
-0.003612,-0.030000,-0.015696,-0.010000,0.005632,-0.030000,-0.005781,-0.080000,0.000109,-0.090000,-0.011018,-0.030000,0.006861,-0.020000,0.005563,0.030000,-0.003270,0.040000,-0.006179,-0.050000,0.011750,0.080000,-0.003731,-0.032958,-0.004445,0.030000,0.006031,0.005102
0.002649,0.060000,-0.000463,-0.010000,0.023195,-0.090000,-0.002208,0.050000,-0.003883,-0.010000,0.005731,-0.010000,-0.002912,-0.040000,0.006603,0.040000,0.012750,-0.010000,-0.005590,0.010000,0.007420,-0.010000,0.001649,-0.032704,0.003723,-0.190000,0.004654,0.071004
-0.003099,0.020000,-0.007665,-0.020000,0.005500,-0.060000,-0.008759,-0.020000,0.007193,0.050000,0.013515,0.040000,-0.004096,0.010000,0.010355,-0.050000,0.001732,-0.050000,0.007140,-0.020000,-0.001091,-0.000000,-0.006984,0.011968,-0.003063,-0.010000,-0.003532,0.057826
0.001408,0.010000,0.005588,0.090000,-0.016405,0.040000,0.008731,0.000000,-0.019877,-0.010000,0.005277,-0.010000,-0.000963,0.100000,-0.000052,-0.020000,-0.014286,-0.040000,-0.000371,0.030000,0.020971,0.070000,-0.008812,-0.024045,-0.003047,-0.010000,0.005724,-0.056513
0.000350,0.010000,0.001880,-0.010000,0.006355,0.030000,0.011965,-0.010000,0.011441,0.020000,-0.001593,-0.030000,0.003596,-0.060000,0.004503,-0.030000,0.008584,0.060000,0.006442,0.070000,0.007904,-0.060000,0.007529,0.028865,-0.003630,0.140000,0.005278,-0.009369
-0.000016,-0.060000,-0.005980,0.030000,0.001605,0.000000,0.000213,0.040000,-0.000290,0.150000,0.008980,-0.050000,0.005004,-0.070000,0.001015,0.020000,0.011650,-0.010000,0.006425,-0.090000,-0.001789,0.120000,0.001995,0.017159,-0.020775,0.130000,-0.002942,0.010662
-0.000703,-0.010000,0.005455,0.010000,-0.007158,0.060000,-0.004576,0.050000,-0.014551,0.200000,0.006250,0.050000,-0.010394,-0.060000,0.000975,0.010000,-0.021923,0.040000,0.000947,0.020000,-0.016168,-0.240000,-0.006768,-0.042817,0.001578,0.170000,-0.001478,-0.046754
-0.001073,0.060000,0.019975,-0.010000,0.002813,0.010000,0.010209,-0.030000,0.007880,0.030000,0.003555,-0.050000,-0.003872,-0.090000,-0.002522,-0.070000,0.001070,0.070000,-0.003202,0.050000,-0.004049,-0.120000,-0.000708,-0.037616,0.001937,-0.010000,-0.010686,0.078491
0.005090,0.020000,-0.014449,-0.000000,-0.014777,0.040000,0.003178,-0.040000,-0.000121,0.160000,0.002301,-0.020000,-0.009831,0.020000,-0.004718,0.010000,-0.002864,0.020000,0.000455,0.010000,-0.015696,0.120000,-0.007432,-0.028985,0.006590,-0.090000,0.007025,-0.045666
0.000840,0.040000,-0.031210,-0.010000,-0.009452,0.060000,-0.015731,0.060000,0.022703,-0.050000,-0.001753,-0.010000,0.000230,0.000000,-0.007138,-0.030000,0.000148,0.020000,-0.003802,-0.070000,0.003132,0.230000,-0.007909,0.003760,-0.003197,-0.000000,0.002940,-0.045262
0.002709,0.070000,0.007910,0.060000,-0.004256,0.090000,-0.003435,-0.060000,0.016807,0.050000,-0.003379,-0.030000,-0.008804,-0.000000,0.005250,0.070000,-0.000211,0.000000,0.003015,-0.020000,-0.005483,0.020000,0.006945,0.024050,-0.015980,0.020000,0.003995,0.015529
-0.001819,0.030000,-0.001868,0.010000,-0.001822,0.020000,0.009128,-0.050000,0.007615,0.010000,-0.006855,-0.030000,0.004243,-0.000000,0.010908,-0.010000,0.015322,-0.010000,0.010583,0.020000,-0.013643,-0.140000,-0.005977,-0.040198,0.007415,-0.100000,-0.004993,-0.012200
-0.001011,0.040000,0.004796,0.030000,-0.005456,0.010000,0.012557,-0.080000,0.008691,-0.030000,-0.009070,-0.070000,0.001782,-0.030000,0.016115,0.040000,0.015394,-0.000000,-0.011406,0.020000,0.017368,-0.080000,0.001739,-0.051753,-0.006242,-0.080000,0.005535,0.065474
0.003346,0.030000,-0.012779,0.010000,-0.009332,0.010000,0.010326,-0.010000,0.002337,-0.050000,0.003820,0.010000,-0.000705,0.040000,0.005359,-0.000000,-0.012785,0.100000,-0.007932,-0.080000,-0.012711,-0.050000,-0.005959,-0.013804,0.012008,-0.410000,0.000287,-0.044682
-0.000478,0.060000,0.011828,-0.050000,0.003272,-0.060000,0.001343,-0.020000,0.002125,-0.050000,0.004544,-0.020000,-0.003019,0.010000,0.002025,0.090000,-0.003869,0.040000,-0.012288,0.020000,0.005296,0.060000,-0.012024,-0.032174,0.016132,0.050000,0.011438,0.025608
-0.000520,-0.050000,0.004172,0.040000,0.020434,-0.030000,-0.000006,0.010000,-0.004602,0.020000,0.008074,0.060000,-0.004850,-0.000000,-0.002676,-0.020000,-0.000024,0.010000,0.002725,-0.070000,0.009622,0.260000,0.012523,0.022158,-0.000313,-0.130000,-0.001927,0.084557
-0.001626,-0.050000,0.026111,-0.030000,0.021813,-0.080000,0.005091,-0.030000,-0.006996,0.030000,-0.011111,-0.040000,-0.005324,-0.120000,-0.003609,0.040000,-0.000070,-0.000000,0.005508,-0.020000,0.018897,0.210000,0.002493,0.017244,0.013339,-0.030000,-0.001379,-0.029137
0.003385,-0.030000,-0.000580,0.040000,-0.009209,-0.040000,0.001649,0.050000,0.000559,0.040000,0.004895,0.030000,0.001266,0.010000,0.003049,-0.070000,0.000598,-0.080000,-0.003500,-0.020000,0.009658,-0.230000,-0.000801,-0.021197,-0.007321,0.310000,-0.009787,0.042171
-0.000270,-0.050000,-0.011555,0.030000,-0.001606,-0.030000,-0.000241,-0.020000,-0.017685,-0.160000,-0.008067,-0.040000,0.005447,0.090000,0.006822,0.060000,-0.000447,-0.080000,0.006081,-0.050000,-0.015053,0.160000,-0.006376,0.014954,0.003483,0.000000,0.016131,-0.006425
-0.004531,-0.070000,-0.018937,0.030000,0.009480,-0.040000,0.004838,-0.030000,0.002884,-0.020000,-0.006204,-0.030000,-0.012585,0.040000,-0.000600,-0.050000,-0.001064,-0.020000,0.006175,0.050000,-0.001460,0.040000,0.011352,0.077811,0.005813,-0.290000,-0.000576,-0.020754
0.001504,-0.050000,0.004717,-0.020000,-0.001006,0.070000,0.011716,-0.090000,-0.007349,0.010000,-0.000369,-0.030000,0.003183,-0.020000,0.000093,0.010000,-0.000637,-0.010000,0.011107,0.050000,-0.003488,0.090000,-0.012700,-0.006815,-0.008597,0.170000,0.001727,-0.069297
0.001095,-0.000000,0.011699,-0.020000,0.006508,0.070000,-0.002082,0.020000,0.002602,0.050000,0.008804,0.060000,-0.009547,-0.030000,0.008017,-0.070000,-0.007346,0.050000,-0.015420,-0.130000,0.006191,0.240000,-0.010365,0.014581,-0.001811,-0.120000,-0.008221,-0.061887
-0.000272,-0.030000,0.000988,-0.040000,-0.013134,0.010000,0.001165,0.040000,0.009599,0.110000,0.002178,-0.010000,-0.001520,0.050000,0.000153,-0.040000,0.005011,0.000000,-0.010739,0.120000,0.002248,-0.030000,-0.001732,-0.023155,-0.005309,-0.030000,0.006667,-0.015652
0.002235,-0.020000,-0.011166,0.010000,-0.013954,0.020000,0.000916,0.020000,0.012560,0.010000,-0.007688,-0.020000,0.008227,0.130000,0.015508,0.040000,0.002422,-0.030000,0.007785,0.050000,0.023895,0.020000,-0.004450,-0.035174,0.005848,0.250000,0.003278,-0.071710
0.002452,0.000000,-0.020357,0.050000,-0.010997,-0.010000,0.002502,-0.030000,0.000170,-0.100000,-0.011926,-0.020000,0.000281,-0.020000,-0.006302,-0.070000,0.004528,-0.060000,-0.002413,-0.050000,0.011448,0.100000,-0.001949,0.031318,0.004235,-0.060000,-0.006149,0.023067
-0.003044,0.030000,-0.019889,-0.000000,0.010793,-0.030000,-0.002706,0.020000,-0.001569,-0.040000,-0.000827,-0.010000,0.005592,-0.000000,0.012844,-0.070000,0.003484,-0.020000,-0.005433,-0.020000,0.003919,0.000000,0.002560,-0.000144,0.000878,0.110000,0.004264,-0.023148
0.000824,0.030000,-0.018360,0.020000,0.024969,-0.110000,-0.007381,0.040000,-0.013736,0.010000,0.003183,0.010000,0.001759,-0.110000,0.000564,0.130000,0.002157,0.010000,-0.014603,0.220000,0.005596,0.020000,0.003129,-0.034474,0.002599,0.030000,-0.001321,0.176803
-0.001577,0.010000,-0.001972,0.030000,0.010631,-0.030000,0.007001,-0.010000,-0.005852,0.110000,0.003953,-0.060000,0.005441,-0.020000,0.000249,-0.050000,-0.003079,0.040000,-0.000272,-0.010000,0.007321,0.010000,-0.005051,0.002976,0.000323,0.040000,-0.008060,-0.023262
0.001224,0.000000,-0.018103,-0.010000,-0.001232,0.030000,0.000249,0.080000,0.004780,-0.060000,0.004081,0.000000,-0.008166,-0.020000,0.004041,-0.040000,-0.000279,0.030000,-0.001202,0.080000,-0.009954,-0.000000,0.022078,0.042505,-0.009580,0.090000,-0.000880,0.001807
0.000174,0.010000,0.027622,-0.020000,0.013096,-0.030000,-0.007367,0.070000,0.007992,-0.140000,0.010593,-0.020000,-0.001908,-0.010000,-0.006731,0.010000,-0.000477,0.080000,-0.011547,0.020000,-0.003568,0.090000,-0.004390,0.001176,-0.000737,0.100000,0.001823,0.056342
-0.001086,-0.010000,-0.007653,-0.000000,0.004782,-0.070000,-0.005975,-0.060000,0.000795,-0.140000,-0.022785,-0.090000,-0.014392,-0.020000,-0.001785,0.030000,-0.001581,0.030000,0.004659,0.020000,-0.018542,0.030000,-0.003485,0.027702,0.005874,-0.250000,0.010968,-0.013434
-0.000334,0.060000,0.022670,-0.080000,-0.001821,-0.080000,0.008028,-0.040000,-0.002121,-0.060000,-0.001225,0.080000,-0.014437,-0.180000,-0.001741,-0.110000,-0.000765,0.060000,0.010313,-0.020000,-0.010275,-0.020000,0.006167,0.050603,0.003332,-0.290000,-0.000858,0.004896
0.000715,-0.010000,0.017838,0.000000,-0.000441,0.000000,0.001116,-0.100000,-0.009040,-0.030000,-0.009734,-0.050000,0.000760,0.030000,-0.001487,0.010000,0.007837,-0.070000,0.005151,0.030000,0.001341,-0.000000,0.005780,0.008208,-0.006156,0.170000,0.008474,0.003167
0.003141,-0.040000,-0.007102,-0.010000,0.001518,-0.120000,0.001503,-0.080000,-0.008575,-0.160000,-0.010760,0.020000,0.013152,0.040000,-0.003184,-0.020000,0.000573,0.030000,0.012436,-0.030000,0.013314,-0.020000,-0.007926,0.006786,-0.003213,-0.200000,0.000314,0.042344
0.001867,0.010000,0.004086,0.080000,-0.005313,0.000000,0.011848,-0.040000,-0.001287,-0.120000,-0.000956,0.000000,-0.002669,-0.010000,-0.003710,0.010000,0.007125,-0.030000,0.000567,-0.250000,-0.006018,-0.040000,-0.007148,0.022698,0.003577,0.010000,-0.001405,0.034300
-0.001131,-0.010000,0.011169,0.000000,0.010585,-0.000000,-0.000200,-0.010000,0.004487,0.050000,-0.004187,-0.030000,-0.011318,-0.030000,-0.000371,0.060000,-0.001205,-0.010000,-0.000560,-0.100000,0.000921,0.020000,-0.009681,0.009293,-0.003802,-0.130000,0.010333,-0.038126
0.007086,-0.020000,0.013567,0.020000,0.008422,-0.020000,-0.001115,0.150000,-0.004194,0.080000,0.007378,0.030000,0.002069,-0.060000,-0.000944,-0.090000,0.007081,-0.050000,-0.010514,-0.030000,0.013939,0.020000,-0.001517,-0.007165,0.006068,-0.380000,-0.007055,0.109882
-0.000096,-0.010000,-0.011751,-0.030000,0.001901,-0.000000,0.002581,0.040000,0.013793,0.110000,-0.013980,-0.020000,0.015895,0.040000,-0.014118,-0.120000,0.004389,0.000000,-0.014416,0.010000,-0.011051,-0.050000,0.000080,0.037732,0.002154,-0.320000,-0.003255,0.049799
-0.003243,0.010000,-0.001580,0.080000,0.006035,-0.060000,0.002710,-0.080000,0.002566,0.030000,0.000669,0.010000,0.001255,-0.040000,-0.000902,0.040000,-0.001316,0.030000,0.007571,-0.080000,-0.010740,0.070000,0.013996,0.021988,0.015743,-0.290000,-0.003319,-0.018793
-0.000102,-0.060000,0.003893,0.000000,-0.015708,0.010000,0.008504,-0.080000,0.003357,0.060000,0.012612,0.110000,0.010316,0.020000,0.002508,-0.130000,-0.000678,0.000000,0.005838,-0.030000,0.006216,-0.060000,0.007460,0.002303,-0.015282,0.080000,-0.005293,0.027070
-0.000605,-0.020000,-0.011740,-0.030000,-0.001188,0.000000,0.002345,-0.070000,-0.009137,0.140000,-0.017432,-0.130000,-0.002591,-0.000000,-0.002927,-0.130000,0.003115,0.060000,-0.002990,-0.020000,-0.003912,0.010000,-0.004160,0.048796,0.003741,-0.000000,0.002453,0.021992
0.002160,0.030000,0.007383,0.020000,0.008920,-0.010000,-0.000394,-0.040000,0.000830,-0.030000,0.001754,-0.050000,0.008590,0.020000,-0.000144,0.000000,-0.009143,-0.060000,0.001524,-0.040000,0.005282,-0.060000,0.014726,-0.022913,-0.003255,0.020000,-0.002384,-0.017750
0.002739,0.010000,-0.010420,-0.060000,-0.012327,-0.010000,0.007664,0.080000,-0.006453,-0.010000,0.003045,0.010000,-0.003429,0.040000,0.001625,-0.040000,-0.006205,-0.020000,0.005155,0.070000,0.007001,-0.010000,0.012221,0.020931,-0.006743,0.130000,0.000220,0.042588
0.002540,0.050000,-0.009394,-0.000000,-0.000899,-0.060000,0.002521,-0.060000,0.009038,-0.290000,0.005395,0.030000,-0.001714,-0.020000,-0.007785,-0.080000,-0.001022,-0.020000,0.004173,-0.030000,0.009458,-0.220000,-0.001054,0.043217,-0.000438,-0.000000,0.011750,0.002488
-0.001406,0.050000,-0.012869,0.050000,-0.002996,-0.010000,-0.002526,0.030000,-0.005240,0.050000,0.013423,0.020000,0.010089,-0.020000,0.008153,-0.080000,0.002297,0.040000,0.008383,-0.100000,0.001182,0.070000,-0.000175,0.006679,0.007741,-0.290000,0.003297,-0.014969
-0.002887,-0.060000,-0.009918,0.060000,-0.010503,0.060000,-0.001562,0.000000,-0.002083,0.040000,-0.006468,0.020000,0.000430,-0.030000,0.002182,-0.080000,-0.004689,-0.030000,0.013972,-0.080000,-0.000133,0.000000,0.008496,-0.019075,0.000930,-0.220000,0.002018,0.029765
0.001612,0.000000,-0.015237,0.020000,0.004466,0.030000,-0.003065,0.000000,0.000009,0.060000,-0.002828,-0.080000,0.002598,0.000000,-0.007088,-0.030000,-0.006053,-0.050000,0.004447,0.070000,0.002157,-0.160000,-0.015281,-0.009339,-0.009517,0.210000,-0.004623,0.011275
0.006019,-0.040000,-0.011346,-0.030000,-0.002781,-0.030000,0.003934,-0.020000,-0.002921,-0.090000,-0.011726,-0.050000,-0.008148,-0.040000,-0.005598,0.020000,-0.013131,0.050000,0.003450,-0.000000,-0.011677,0.120000,-0.000031,-0.007168,-0.013194,0.110000,0.004211,-0.000555
0.002337,-0.070000,-0.015326,-0.040000,-0.000297,-0.010000,0.001572,0.090000,-0.016016,0.000000,0.009184,0.070000,0.005579,-0.050000,0.001678,-0.180000,-0.005356,0.070000,0.014185,-0.010000,0.005976,-0.120000,-0.005027,-0.003626,0.005329,-0.050000,0.003485,-0.007784
0.000557,-0.020000,0.014644,0.030000,-0.001545,0.020000,0.000907,-0.030000,0.006337,-0.030000,0.012944,0.100000,0.003658,0.010000,-0.006961,0.030000,0.002261,-0.010000,-0.007768,-0.000000,0.004161,0.150000,0.000564,-0.041819,-0.002405,0.010000,0.005842,-0.106534
0.001134,-0.050000,0.007105,0.010000,-0.000775,0.090000,-0.004084,0.070000,0.001998,0.020000,0.008283,0.090000,0.010757,0.070000,-0.001458,0.210000,0.012872,-0.060000,-0.003835,0.010000,-0.009391,0.050000,-0.001932,-0.035238,0.004572,-0.120000,0.009607,-0.029962
0.000265,0.020000,0.011357,0.020000,0.005575,0.020000,0.002676,0.120000,0.004359,0.000000,0.010119,0.040000,-0.002350,0.110000,-0.001531,-0.020000,0.004667,-0.020000,0.010325,0.030000,0.004682,-0.030000,0.003154,0.023434,-0.000437,0.060000,-0.004397,-0.066619
0.000909,-0.040000,0.009361,-0.020000,-0.005151,0.050000,0.006195,-0.050000,-0.002817,-0.000000,0.014410,0.040000,0.006262,-0.040000,-0.002357,-0.150000,0.000580,0.010000,0.007951,0.090000,0.004876,-0.070000,0.010243,0.048005,0.002498,-0.040000,-0.004806,-0.027955
0.002154,0.070000,0.009679,-0.030000,-0.011411,0.010000,0.005084,-0.070000,-0.003150,0.070000,-0.001336,-0.060000,-0.004900,-0.080000,0.003155,0.170000,0.005648,-0.010000,-0.003691,-0.070000,0.005767,-0.000000,0.009445,-0.025258,0.001935,-0.120000,0.001422,-0.051471
0.000186,-0.020000,-0.006438,0.000000,-0.003912,-0.020000,0.005449,-0.080000,0.001782,-0.040000,0.001002,-0.040000,0.002061,0.050000,-0.006610,-0.230000,0.006263,-0.050000,-0.002454,0.120000,0.004511,-0.130000,0.002687,-0.015993,-0.003889,-0.130000,-0.005597,-0.023039
0.004363,0.040000,0.007583,0.030000,-0.001537,0.090000,0.001017,0.000000,-0.000869,-0.050000,0.010454,0.050000,0.005234,-0.040000,-0.005027,0.100000,0.003854,-0.010000,-0.012445,-0.050000,-0.003757,-0.150000,-0.000278,0.016347,0.003085,-0.010000,0.008915,0.026880
0.000300,0.030000,-0.008993,0.010000,0.002316,-0.050000,0.000741,0.020000,-0.003373,0.020000,-0.006961,-0.140000,0.002158,-0.030000,0.001187,-0.000000,0.007251,0.000000,0.006632,0.030000,0.008582,-0.010000,0.003985,0.002002,-0.019886,0.050000,0.003556,-0.012493
0.000986,0.010000,0.008840,0.000000,0.011557,0.000000,0.010208,-0.020000,-0.003864,-0.150000,-0.018090,-0.090000,0.003768,-0.010000,-0.012428,0.060000,0.000036,-0.020000,0.009317,0.010000,0.009062,0.000000,0.005635,-0.009045,-0.007361,0.040000,0.001823,-0.059158
-0.002657,-0.020000,-0.013099,0.000000,0.002660,-0.010000,-0.008763,-0.080000,-0.000227,-0.010000,-0.004434,-0.020000,-0.006883,0.030000,0.001220,0.060000,0.013922,0.010000,0.010213,-0.010000,-0.000882,-0.030000,-0.002907,0.019972,-0.006837,0.070000,0.002455,0.105380
-0.002286,-0.040000,0.010330,-0.050000,0.003452,-0.010000,0.005517,-0.020000,0.006470,-0.030000,0.003106,0.000000,0.003817,-0.090000,-0.004282,-0.120000,0.005809,-0.050000,-0.006848,-0.020000,0.003728,0.170000,0.008948,-0.001089,-0.010305,0.050000,0.011442,-0.034720
-0.000792,-0.070000,-0.017541,-0.040000,-0.006381,-0.020000,0.002826,0.050000,-0.005582,-0.260000,-0.006716,0.060000,0.004892,0.060000,0.011936,0.050000,-0.001391,-0.020000,-0.008100,0.010000,0.008559,0.120000,0.001001,-0.036341,0.001412,-0.300000,-0.002224,-0.042772
-0.002893,-0.050000,-0.006951,0.060000,-0.014844,-0.020000,0.006389,-0.060000,-0.022896,0.130000,0.005554,-0.040000,-0.006504,-0.060000,0.003929,-0.070000,-0.000742,0.010000,0.011029,-0.180000,-0.004848,-0.110000,-0.001016,-0.039040,-0.005059,-0.030000,-0.001193,0.051992
-0.000302,-0.030000,0.003375,-0.010000,-0.019310,-0.000000,-0.013928,-0.010000,0.016234,-0.060000,-0.008130,0.000000,0.004937,-0.010000,0.012473,-0.100000,0.005471,-0.020000,-0.004014,-0.070000,-0.002373,0.000000,-0.006865,-0.003590,-0.030990,0.500000,-0.005120,0.003209
-0.000496,0.020000,0.000069,-0.040000,0.002649,0.050000,-0.007816,0.040000,0.005716,0.050000,0.016309,-0.030000,-0.011949,-0.050000,0.004024,0.270000,0.004164,-0.010000,-0.006622,0.070000,-0.003726,0.060000,0.005393,-0.005715,-0.020361,0.390000,0.008033,-0.060441
-0.003682,-0.040000,-0.033620,-0.030000,-0.011362,-0.020000,-0.007140,0.050000,0.005882,-0.160000,-0.000671,0.050000,-0.005178,0.030000,-0.004241,0.010000,-0.005279,0.040000,-0.002757,0.030000,0.000661,0.010000,-0.002373,0.056076,0.019214,-0.160000,0.000374,-0.014959
0.003008,-0.030000,-0.003390,-0.010000,0.002949,0.060000,0.010792,0.010000,-0.001716,0.040000,0.013546,0.070000,0.002108,0.020000,0.005490,0.030000,-0.003559,-0.010000,0.017404,-0.060000,-0.006643,-0.040000,0.009494,0.021125,0.012698,0.000000,-0.005097,0.066540
0.002371,0.010000,-0.011928,-0.010000,0.003025,0.040000,-0.001558,-0.010000,0.000767,0.040000,0.000908,-0.040000,-0.007467,-0.030000,-0.009561,-0.170000,-0.001048,-0.010000,0.003298,0.010000,-0.008113,0.050000,0.001585,0.013465,-0.002673,0.310000,-0.005879,0.015767
0.000603,-0.020000,0.050607,-0.060000,0.009038,0.000000,-0.023149,0.030000,0.007731,-0.060000,-0.005643,0.040000,0.003907,0.020000,-0.019738,-0.040000,0.000157,-0.040000,0.001615,0.010000,0.005701,-0.020000,0.005637,0.002287,0.007046,0.210000,-0.008439,-0.022421
-0.000253,-0.020000,0.009387,-0.030000,-0.003078,-0.070000,-0.005143,-0.010000,-0.003648,-0.150000,-0.004105,-0.040000,0.006409,0.090000,0.006030,-0.020000,-0.006420,0.110000,-0.001931,-0.000000,-0.001545,0.160000,-0.000003,-0.005132,0.012836,-0.180000,-0.002029,0.091108
-0.000401,-0.010000,0.011635,-0.030000,0.000017,-0.040000,0.011090,-0.070000,0.001672,-0.040000,-0.020309,0.020000,-0.000049,0.050000,0.002841,0.020000,-0.000839,0.070000,-0.000638,-0.010000,0.005401,0.100000,0.001932,-0.003878,-0.006893,-0.090000,0.007127,-0.079900
0.002116,0.010000,0.020413,0.010000,0.003153,-0.060000,0.000813,-0.030000,-0.003176,-0.130000,-0.003234,-0.030000,0.016173,0.060000,0.002546,-0.210000,0.001034,-0.040000,-0.000735,0.020000,-0.005406,0.040000,0.008341,0.033996,-0.001644,0.000000,-0.007295,0.044370
-0.000659,-0.040000,-0.000015,-0.020000,0.009637,-0.060000,-0.004960,-0.020000,0.002988,0.040000,-0.006451,-0.160000,0.001758,-0.020000,-0.003755,0.120000,-0.004864,0.040000,-0.004800,0.010000,0.007110,0.080000,0.003512,-0.045692,0.012702,0.030000,-0.005704,-0.128670
0.004071,0.020000,0.010246,0.010000,0.002252,-0.050000,0.015793,-0.060000,-0.007375,0.030000,-0.004132,-0.050000,-0.001182,-0.030000,-0.001241,0.040000,0.002341,-0.040000,0.002603,-0.010000,-0.013733,-0.040000,0.008657,-0.011332,0.002818,0.200000,0.007132,-0.045000
-0.000970,0.010000,-0.002835,0.010000,0.003356,0.010000,-0.013694,-0.100000,0.000769,0.050000,-0.025557,-0.110000,0.007522,0.050000,0.002355,-0.010000,0.005653,0.030000,0.009275,-0.020000,-0.000002,0.010000,-0.003660,0.015615,0.001981,0.180000,0.000430,0.149018
0.001908,0.000000,-0.004574,0.020000,-0.006934,-0.080000,-0.018382,-0.190000,-0.000561,-0.020000,0.005016,-0.020000,-0.007292,0.030000,-0.001760,0.030000,0.005169,-0.010000,0.003045,-0.030000,0.005559,0.080000,-0.005336,0.051999,0.006335,-0.140000,-0.007851,0.023603
0.002897,-0.040000,-0.022690,0.030000,-0.007491,-0.010000,-0.029969,-0.020000,-0.012581,0.050000,-0.047820,-0.170000,-0.007624,-0.120000,0.000027,-0.120000,-0.007252,0.000000,0.003244,-0.030000,-0.006605,0.110000,-0.007058,-0.023890,0.013758,-0.310000,0.009773,0.055062
-0.002196,0.000000,0.003770,0.000000,0.006452,-0.000000,0.010354,0.120000,-0.007168,0.140000,-0.000575,0.110000,-0.007749,-0.020000,0.010853,0.050000,0.003530,-0.020000,-0.003675,0.060000,-0.002834,-0.110000,-0.000843,-0.007201,0.003756,-0.180000,0.006430,0.009004
0.002588,0.050000,-0.001502,0.030000,0.008375,-0.050000,-0.007735,0.060000,-0.014950,0.130000,-0.066634,-0.180000,-0.008704,-0.050000,0.006865,0.090000,0.008287,0.020000,-0.000958,-0.030000,0.003888,-0.000000,0.012781,0.005327,0.000530,-0.130000,-0.002601,-0.070860
-0.000920,0.010000,0.019425,0.030000,0.009002,-0.070000,0.023043,0.030000,0.000516,-0.150000,0.047407,-0.200000,0.004411,0.040000,0.002167,-0.100000,0.003012,0.010000,0.006574,0.010000,-0.008060,-0.130000,0.006170,0.007179,-0.014152,0.080000,-0.005104,0.073300
-0.000023,-0.020000,0.009112,-0.020000,-0.001470,-0.000000,0.004672,-0.050000,-0.009139,0.010000,-0.044152,-0.030000,0.006417,-0.010000,-0.002941,-0.020000,-0.000924,-0.050000,0.005399,-0.050000,0.003120,-0.100000,0.001171,0.008331,-0.010706,0.270000,-0.001981,-0.015193
0.000938,0.030000,-0.000044,-0.010000,-0.004065,-0.020000,0.000043,-0.040000,-0.005830,0.140000,0.046290,0.170000,-0.008683,-0.000000,-0.004754,-0.120000,-0.008251,-0.010000,-0.000592,0.080000,0.003893,-0.100000,0.007738,0.024735,0.017312,-0.070000,0.000919,-0.029013
-0.002369,-0.020000,0.004023,0.100000,0.004732,0.030000,0.016848,-0.050000,0.011347,0.270000,0.005262,-0.100000,0.001946,-0.050000,-0.015550,-0.130000,-0.002219,-0.020000,-0.005951,0.040000,-0.014110,0.030000,0.003206,0.041420,0.010828,-0.260000,0.011546,-0.111339
0.001931,-0.000000,-0.026484,0.030000,0.007806,0.010000,0.003824,-0.020000,0.000399,0.040000,0.021785,0.050000,0.002861,-0.000000,-0.012188,0.030000,-0.002720,0.000000,0.000134,-0.020000,-0.007009,0.140000,0.002033,0.034918,0.003723,0.100000,0.000528,-0.024183
-0.001974,0.120000,-0.016072,0.040000,0.018470,-0.030000,0.016133,0.090000,-0.013820,0.050000,-0.009739,-0.060000,-0.009084,-0.020000,-0.018384,0.170000,0.002140,-0.030000,0.004061,-0.010000,0.005505,0.130000,-0.000702,0.033377,0.001792,-0.040000,0.001798,-0.001890
0.005101,0.110000,0.012329,0.020000,0.010199,-0.100000,0.001990,-0.030000,-0.004891,-0.300000,0.000947,-0.060000,-0.000428,-0.020000,0.007799,0.130000,-0.000428,0.010000,-0.006250,-0.100000,0.006045,0.030000,-0.001240,0.033995,-0.004384,-0.050000,-0.001305,-0.025943
0.001891,-0.070000,0.005675,-0.010000,0.004622,0.050000,0.009722,-0.030000,0.006390,-0.070000,-0.044594,-0.090000,0.013500,0.020000,-0.009075,-0.120000,-0.006933,-0.000000,0.005220,-0.020000,-0.019365,0.050000,0.003861,0.031201,0.013786,0.090000,0.004928,-0.053726
0.003988,-0.040000,-0.006701,-0.000000,0.006704,0.050000,-0.001985,-0.040000,-0.006231,0.120000,-0.015009,-0.010000,0.014460,0.100000,0.001153,0.070000,0.002464,-0.030000,-0.003904,0.060000,0.008606,-0.050000,0.002502,-0.013852,0.006978,0.020000,0.003840,0.110086
0.002775,0.040000,-0.000513,0.030000,0.003918,-0.100000,0.004240,-0.030000,0.009474,0.000000,0.000258,0.030000,0.002291,-0.020000,0.015181,-0.040000,-0.001287,0.030000,0.008986,-0.010000,0.000243,0.140000,-0.007405,-0.033051,0.002126,-0.070000,0.012661,-0.065354
-0.000590,-0.070000,0.013462,-0.030000,0.014420,-0.010000,-0.008933,0.070000,-0.010989,-0.050000,0.034285,0.050000,0.003390,-0.040000,-0.002973,0.100000,0.004120,0.000000,0.015246,-0.020000,-0.003986,0.100000,-0.007821,0.007733,0.001963,0.020000,0.009142,-0.041225
0.002389,0.060000,-0.013091,0.020000,-0.008185,0.010000,0.011483,-0.050000,-0.005798,0.200000,0.013120,0.140000,0.000787,0.070000,-0.008575,0.040000,-0.003426,-0.070000,0.005192,-0.040000,-0.014850,0.200000,0.009181,0.007687,-0.007428,0.020000,-0.004355,0.006975
0.004218,-0.020000,-0.009496,-0.060000,0.016198,0.070000,-0.003154,0.010000,-0.015738,-0.170000,-0.015566,-0.060000,0.000510,-0.010000,-0.004830,0.070000,0.006641,-0.050000,0.004583,-0.020000,-0.006130,0.080000,0.002450,0.056321,-0.002257,0.000000,-0.003947,-0.061305
-0.003612,-0.080000,0.002840,0.030000,-0.005501,0.020000,0.001595,0.010000,0.002224,-0.170000,0.015122,-0.040000,0.011396,-0.000000,-0.003077,0.090000,-0.005439,0.060000,0.000878,-0.000000,0.001757,0.180000,0.003058,0.100797,-0.003060,0.200000,-0.000474,-0.064362
0.000117,0.020000,0.004153,0.040000,0.004033,0.060000,-0.005976,0.010000,0.012877,0.140000,0.028280,0.090000,0.013473,0.010000,-0.006261,0.110000,-0.003012,-0.000000,-0.006566,-0.050000,-0.001873,-0.020000,0.002207,0.017626,-0.009668,0.010000,-0.004526,0.005293
-0.003336,-0.030000,0.015550,-0.030000,0.013684,-0.030000,-0.000039,0.030000,-0.005997,0.300000,0.002347,-0.090000,0.004168,0.110000,-0.013221,-0.140000,0.006316,-0.060000,0.004683,-0.060000,0.019946,0.060000,-0.001435,0.031501,-0.010143,-0.030000,0.000274,0.074021
0.000106,-0.020000,-0.022618,-0.000000,0.005424,-0.050000,0.010093,0.040000,-0.011397,-0.060000,0.004922,0.040000,-0.002597,0.020000,0.003014,-0.160000,0.002818,-0.010000,0.009100,-0.000000,0.009896,-0.060000,-0.003251,0.058535,-0.011177,0.240000,-0.000015,-0.006456
0.001249,0.030000,-0.002940,-0.000000,-0.006238,0.070000,-0.021151,-0.070000,0.002481,-0.050000,-0.011871,-0.080000,0.000314,-0.000000,-0.004840,0.080000,-0.005690,-0.020000,0.011612,-0.080000,0.001525,0.050000,0.015805,0.019697,-0.023062,0.050000,0.004000,0.081615
-0.000431,-0.020000,-0.016753,0.020000,-0.001820,0.020000,-0.001602,-0.070000,-0.008255,-0.040000,-0.025282,-0.130000,-0.001545,0.020000,-0.008705,-0.250000,-0.001327,-0.020000,0.004828,-0.040000,-0.035150,-0.020000,-0.012553,-0.024323,-0.006281,0.100000,0.000275,-0.008008
0.001055,0.010000,0.006141,0.060000,0.011926,-0.020000,-0.003018,-0.040000,-0.002081,0.030000,-0.007436,-0.040000,-0.000797,-0.000000,-0.001673,-0.170000,0.003134,0.010000,0.001350,-0.010000,-0.007757,-0.030000,-0.007302,-0.057836,-0.014347,-0.070000,0.002287,0.073434
0.002094,0.060000,0.002652,-0.030000,0.004844,0.010000,-0.017260,-0.010000,0.000490,-0.260000,0.028646,0.070000,-0.007031,0.020000,-0.011402,0.160000,-0.002242,0.010000,-0.000947,-0.000000,-0.005355,-0.010000,0.006284,0.005154,-0.002223,0.280000,-0.008849,0.060592
-0.000431,0.050000,0.004126,-0.020000,-0.006065,0.010000,0.011580,-0.020000,0.000550,-0.180000,-0.010612,-0.050000,0.003935,-0.070000,0.001314,-0.100000,-0.016967,0.040000,-0.001473,-0.030000,-0.006126,0.070000,0.006015,-0.012619,-0.031028,0.380000,0.008202,-0.007521
-0.000368,0.050000,-0.000951,0.020000,-0.005534,0.030000,0.004473,-0.050000,-0.007368,0.150000,-0.026705,-0.070000,0.001957,-0.020000,0.002970,0.060000,-0.005189,-0.030000,-0.001231,0.020000,-0.010627,0.030000,0.004879,0.146259,-0.014916,0.200000,0.014001,0.024821
-0.001034,0.020000,-0.001235,-0.040000,0.016283,-0.010000,0.010665,0.000000,-0.005531,0.020000,0.006966,0.010000,-0.010998,0.070000,0.008410,-0.020000,-0.004485,-0.000000,-0.004159,0.030000,0.014653,0.070000,0.002516,-0.012774,-0.014641,-0.000000,-0.003648,0.006876
0.002150,-0.010000,0.005551,-0.010000,0.007311,-0.020000,0.007495,0.030000,0.003877,0.100000,0.009120,0.060000,0.006179,-0.010000,0.014599,-0.000000,-0.000671,-0.000000,0.011426,-0.030000,0.010584,-0.110000,-0.000810,-0.038290,0.014605,0.010000,-0.000275,0.049165
-0.004431,0.000000,0.009703,0.020000,0.000073,0.000000,0.005408,-0.020000,-0.012060,0.000000,0.013480,0.030000,0.000025,0.020000,0.010297,0.060000,0.001483,-0.030000,0.004131,0.030000,0.015274,0.040000,-0.000053,-0.011691,-0.024275,0.090000,0.008668,0.034289
-0.002036,0.020000,-0.008262,-0.040000,0.003199,0.020000,0.001257,-0.030000,-0.013570,0.010000,0.017187,0.060000,0.003881,0.010000,-0.005539,0.050000,-0.003155,-0.000000,0.000889,-0.030000,0.004722,-0.040000,-0.009089,-0.046976,-0.023253,0.180000,0.000720,-0.051135
0.000795,-0.050000,-0.001270,-0.010000,0.007257,0.030000,0.000265,0.020000,0.004228,-0.080000,0.005707,-0.010000,0.001324,0.050000,-0.000871,-0.030000,0.000394,-0.020000,-0.001514,-0.040000,-0.010882,-0.030000,-0.006874,-0.025611,0.030552,0.060000,0.002317,0.028537
-0.001389,-0.010000,-0.003427,0.050000,-0.014486,-0.020000,-0.002896,0.050000,0.005266,-0.150000,-0.009803,-0.110000,-0.004250,0.100000,-0.002450,0.010000,0.001259,-0.020000,-0.000676,0.030000,-0.006686,-0.030000,-0.004078,-0.001162,-0.009341,0.130000,0.000815,0.083603
0.000068,0.070000,-0.003328,0.020000,-0.009134,0.050000,0.016977,0.030000,0.009475,-0.260000,-0.001661,-0.020000,-0.002881,0.020000,0.010165,0.010000,-0.006957,-0.040000,0.001561,0.020000,-0.001159,-0.080000,-0.002878,-0.045304,-0.000261,-0.000000,-0.007005,0.005500
0.002888,-0.030000,-0.002478,0.010000,0.001231,-0.020000,-0.001941,0.000000,-0.007248,-0.070000,-0.029390,-0.070000,0.013737,0.020000,-0.006384,-0.100000,0.004572,0.000000,0.021786,-0.050000,0.020004,-0.010000,0.001598,0.000718,0.021166,-0.200000,0.008743,0.072144
-0.001202,0.050000,-0.000989,0.010000,0.008150,0.020000,0.002809,0.020000,-0.009478,0.320000,-0.031883,-0.160000,0.000853,0.010000,0.001177,0.020000,-0.000224,0.000000,0.007761,-0.000000,0.012513,0.080000,0.001200,0.001722,0.008716,-0.120000,-0.006613,0.177260
-0.000392,0.010000,-0.007827,-0.030000,0.002873,-0.030000,0.002511,-0.010000,-0.001294,0.040000,0.006082,0.120000,0.001248,-0.130000,0.003456,-0.050000,0.002860,0.020000,0.003461,-0.010000,-0.005519,-0.110000,-0.004323,-0.090548,0.006060,-0.180000,0.001048,-0.008091
-0.000160,0.020000,0.001997,0.020000,-0.006151,-0.040000,-0.001861,0.050000,0.016322,0.050000,0.023336,0.070000,0.000162,-0.030000,-0.020397,-0.010000,0.005375,0.040000,-0.000639,-0.040000,0.019178,0.100000,-0.006304,0.033165,-0.024921,0.010000,-0.002792,0.025870
0.000286,0.040000,0.013490,0.010000,0.007850,0.010000,0.004039,0.000000,-0.005985,-0.100000,0.010688,0.090000,-0.011698,-0.020000,-0.004270,-0.070000,-0.000436,0.010000,-0.002431,-0.010000,-0.016790,-0.060000,-0.005884,-0.035733,-0.002484,0.200000,0.004563,-0.034314
-0.001697,0.010000,-0.002518,-0.010000,0.015176,0.010000,-0.001253,-0.040000,0.007467,0.240000,-0.020691,0.030000,0.006089,-0.090000,-0.015110,-0.050000,0.001445,0.010000,-0.001590,0.040000,0.013424,-0.100000,-0.000230,0.065728,-0.011457,0.100000,-0.003156,-0.006408
-0.000024,0.050000,0.004831,0.010000,0.005752,-0.030000,0.004237,0.060000,0.010380,0.070000,0.008114,-0.040000,0.004764,0.040000,0.003362,-0.130000,0.001796,0.020000,-0.005917,-0.000000,-0.006796,-0.140000,0.009000,-0.003242,-0.007164,-0.120000,0.011056,-0.011913
-0.003238,-0.020000,0.003890,-0.010000,-0.004802,-0.050000,-0.009324,-0.070000,0.001488,0.050000,-0.024974,-0.070000,-0.000715,-0.040000,0.019577,0.030000,0.001093,-0.050000,-0.003452,-0.030000,0.000091,-0.150000,0.003576,0.099797,-0.014930,0.110000,0.019028,-0.029974
-0.000190,0.030000,-0.015328,-0.010000,0.003957,-0.030000,0.000138,0.050000,0.007734,0.010000,-0.028451,-0.120000,0.010445,-0.000000,-0.001148,0.060000,-0.003515,0.010000,0.004169,-0.000000,-0.002968,0.010000,-0.000906,0.023806,-0.024301,0.220000,-0.005984,-0.096136
0.002429,-0.000000,0.007464,0.010000,-0.002951,-0.010000,-0.001681,0.060000,-0.016032,0.080000,0.022488,0.010000,0.003543,-0.040000,0.009012,-0.040000,0.001512,0.010000,0.006498,0.010000,0.001992,0.000000,-0.006867,0.019481,-0.046879,-0.000000,0.008869,0.044214
-0.002873,0.030000,0.007696,-0.000000,-0.015299,0.000000,0.008970,0.130000,0.004366,0.100000,0.017866,0.110000,0.001903,-0.060000,-0.000172,-0.060000,0.004925,-0.010000,0.013259,-0.020000,-0.002068,0.030000,-0.003634,-0.062086,-0.014148,0.170000,0.004089,-0.025167
0.000245,0.050000,-0.005404,0.010000,-0.003745,0.090000,-0.009586,0.050000,0.009067,-0.160000,0.018304,0.090000,-0.002460,0.110000,-0.014524,-0.020000,0.005843,-0.050000,0.003756,-0.010000,0.003561,0.050000,-0.018401,-0.037173,0.001429,0.050000,0.006585,-0.024452
-0.004114,0.040000,-0.003222,0.030000,0.003871,0.090000,0.009689,0.010000,-0.007386,0.170000,-0.008163,0.090000,-0.007272,0.010000,-0.004202,-0.030000,-0.005822,-0.020000,0.002389,0.020000,-0.017306,-0.010000,0.003104,0.003940,0.016379,-0.210000,-0.008070,0.054591
0.001589,-0.010000,0.005299,-0.020000,0.005410,-0.040000,0.007113,0.020000,-0.004023,0.030000,0.009795,0.060000,0.000877,0.000000,0.013074,-0.070000,-0.000400,-0.050000,0.004546,-0.020000,-0.015200,0.060000,-0.008683,0.008844,0.025790,-0.020000,-0.002184,-0.045141
-0.001337,0.010000,-0.008363,-0.030000,-0.005902,0.000000,-0.002070,0.030000,-0.015001,-0.020000,-0.002974,-0.050000,0.008455,-0.020000,-0.013618,0.010000,0.000156,0.000000,-0.006392,0.120000,0.003521,-0.120000,-0.016812,-0.044695,-0.020182,-0.080000,0.007009,-0.098568
0.001146,-0.050000,-0.001747,-0.010000,-0.010862,0.030000,0.006052,-0.010000,0.011092,-0.130000,0.017380,0.070000,0.003277,0.030000,0.004553,-0.020000,-0.001445,0.030000,0.003938,-0.080000,0.009456,-0.110000,-0.014933,0.014785,0.017730,0.290000,0.015037,-0.026487
0.001876,0.080000,-0.007816,0.040000,0.002085,-0.050000,0.004679,-0.010000,0.003984,-0.060000,-0.019370,-0.080000,0.000317,0.020000,-0.005063,0.020000,0.003664,-0.010000,0.008562,-0.010000,0.009615,0.070000,-0.006577,-0.087598,-0.017222,-0.360000,-0.007603,-0.128016
-0.000577,0.030000,-0.010747,-0.050000,0.011043,-0.040000,-0.000171,0.070000,0.010493,0.090000,0.020419,0.010000,-0.001594,0.070000,0.002297,-0.220000,-0.006929,0.010000,-0.001207,-0.040000,-0.014182,0.040000,-0.002161,-0.014048,0.038572,-0.320000,-0.000512,0.084060
-0.000703,-0.000000,0.004510,-0.020000,0.003875,0.020000,0.003972,-0.010000,-0.018079,0.180000,-0.012649,-0.010000,0.009721,0.010000,0.007292,0.090000,-0.008087,-0.020000,-0.004969,0.070000,0.008424,0.180000,0.019102,0.096264,0.026202,-0.420000,-0.001826,0.024314
0.000445,-0.020000,-0.018961,-0.010000,0.003099,-0.020000,-0.001823,0.110000,-0.000394,0.100000,0.004554,0.020000,-0.001265,0.010000,-0.001344,-0.120000,0.002551,-0.020000,-0.004525,0.010000,0.006116,-0.080000,0.005647,0.005763,0.018956,-0.160000,0.007201,-0.004754
-0.001330,0.000000,-0.007870,0.010000,0.008803,0.010000,-0.000475,0.010000,-0.015073,0.080000,0.018809,0.030000,0.000400,-0.060000,0.009548,-0.010000,-0.005847,-0.010000,-0.003159,0.060000,0.000865,-0.050000,0.006837,0.007387,0.009942,-0.120000,0.001549,-0.045179
0.000318,-0.030000,0.010057,0.040000,-0.009474,-0.060000,-0.009191,0.040000,0.008012,-0.100000,0.012873,0.020000,-0.000932,-0.020000,0.004041,-0.110000,-0.009330,0.050000,0.005191,0.030000,-0.013868,-0.040000,0.002091,-0.028491,0.014629,0.030000,0.009414,0.023692
-0.000593,-0.010000,-0.001759,-0.030000,-0.010477,0.030000,0.002146,-0.030000,-0.015136,-0.100000,-0.020045,-0.110000,-0.007044,-0.010000,0.005576,-0.050000,-0.005199,0.040000,-0.000584,-0.060000,-0.000390,0.120000,0.003363,0.006940,0.009335,0.120000,0.004864,0.028291
-0.000230,0.050000,0.000664,0.020000,0.010592,0.020000,-0.000299,0.040000,-0.013358,0.260000,0.010537,0.090000,-0.011152,0.070000,-0.002382,-0.070000,0.000687,-0.000000,0.000169,-0.030000,-0.010037,0.170000,0.007301,0.021955,-0.007126,0.110000,0.005420,0.054687
0.001363,-0.020000,-0.023763,0.010000,-0.001604,-0.000000,0.002651,0.030000,-0.021729,-0.050000,0.034291,0.190000,-0.003317,-0.020000,-0.001809,0.030000,-0.003438,0.040000,0.002513,0.040000,0.009430,-0.010000,-0.001018,-0.027549,-0.024009,0.140000,0.008351,-0.060268
0.002599,-0.010000,0.005077,-0.000000,-0.004123,-0.030000,0.001614,0.000000,-0.009169,-0.090000,0.000389,-0.080000,0.003238,0.010000,0.009725,0.040000,-0.005248,-0.000000,-0.003198,0.030000,0.024872,-0.140000,0.012484,0.042488,0.025704,0.090000,-0.003084,0.048935
0.001476,-0.090000,0.001231,-0.010000,0.001097,0.010000,-0.003300,0.010000,0.000737,-0.160000,-0.024738,-0.170000,-0.000287,-0.010000,0.004294,-0.030000,0.001877,-0.040000,-0.001714,0.090000,0.004462,0.040000,-0.001613,0.008930,-0.019183,0.060000,0.001997,0.021813
-0.001223,0.040000,0.003000,-0.020000,0.001672,-0.060000,-0.018615,-0.010000,0.010461,-0.120000,-0.027942,-0.160000,0.001859,0.000000,0.002007,-0.020000,0.003481,0.130000,0.003339,-0.040000,-0.003909,-0.030000,-0.001298,-0.009460,-0.001182,0.120000,0.005258,-0.043167
0.000037,-0.010000,-0.012804,0.050000,0.014218,-0.010000,0.004093,0.090000,-0.009678,0.080000,0.016105,0.020000,-0.004626,-0.020000,0.004752,0.030000,0.001756,-0.010000,-0.003350,-0.000000,0.010125,0.050000,0.013592,0.039065,-0.013992,0.000000,-0.002427,0.019435
-0.002599,-0.030000,-0.013443,0.020000,0.011466,-0.020000,-0.002812,-0.060000,0.015820,0.010000,0.018782,0.060000,0.003982,-0.010000,-0.003549,0.020000,0.003305,0.070000,-0.005895,0.050000,0.013997,-0.030000,0.000267,-0.014197,-0.004888,0.160000,0.006286,-0.133643
-0.000738,0.080000,0.006502,-0.020000,-0.005262,-0.000000,0.012266,-0.050000,0.016568,-0.080000,-0.006280,-0.030000,-0.008330,-0.050000,0.015474,0.100000,-0.011775,0.030000,0.001641,-0.050000,-0.016322,0.010000,0.002760,-0.000929,-0.008472,0.250000,0.000236,-0.021527
-0.000552,-0.080000,-0.002487,-0.000000,0.000648,-0.000000,0.025296,0.160000,-0.011231,-0.200000,0.006296,-0.020000,0.005698,0.030000,0.005986,0.070000,-0.010890,-0.050000,-0.007274,-0.000000,0.004098,0.070000,-0.012786,-0.025436,0.012896,-0.050000,0.003129,-0.050091
-0.001788,-0.020000,0.013316,0.000000,-0.003471,-0.000000,0.007431,-0.110000,0.012091,0.060000,0.011736,0.060000,0.009638,-0.020000,0.006208,0.080000,0.005242,0.060000,0.004580,0.060000,0.003628,0.100000,-0.013532,-0.019717,0.007176,0.060000,0.006711,0.035608
0.000381,-0.010000,-0.003047,-0.010000,-0.004225,0.010000,0.003757,-0.010000,-0.000481,0.130000,-0.036695,-0.100000,-0.010774,-0.010000,0.004617,0.040000,0.017473,-0.030000,-0.002013,0.010000,-0.003622,-0.100000,0.006080,-0.012619,0.021581,-0.160000,-0.004180,-0.077537
-0.000632,-0.020000,0.010329,-0.020000,0.006647,0.020000,0.000232,0.010000,0.000851,0.010000,0.008624,0.040000,-0.007283,-0.020000,0.000488,0.140000,-0.004571,0.020000,-0.004046,0.020000,0.020959,-0.050000,0.001363,0.017877,0.024612,-0.160000,-0.003011,-0.143093
-0.000366,-0.010000,0.011338,0.000000,-0.004954,0.020000,-0.006050,-0.010000,-0.000200,-0.040000,0.004817,0.020000,-0.005894,-0.010000,0.005293,0.020000,-0.012580,-0.010000,-0.000042,0.030000,-0.018458,-0.010000,0.006272,0.031401,0.000136,0.200000,0.004655,0.041046
0.000764,-0.020000,0.001832,-0.010000,-0.000229,-0.010000,-0.013204,0.000000,-0.007394,0.070000,-0.016616,-0.050000,-0.003792,-0.010000,-0.000562,-0.090000,-0.011141,0.050000,-0.010640,0.100000,0.009811,-0.090000,0.010664,0.001786,0.000095,0.010000,-0.001829,-0.070679
-0.000425,-0.070000,0.002232,0.010000,0.011456,-0.050000,0.003918,-0.010000,0.008653,-0.120000,-0.016800,-0.050000,0.004989,0.060000,0.008193,0.100000,-0.006056,0.010000,0.003461,-0.060000,-0.026036,-0.050000,-0.000508,0.030088,-0.026088,0.070000,-0.000887,0.079051
-0.000790,0.010000,-0.003187,-0.020000,-0.001362,-0.020000,0.003964,-0.030000,0.004568,-0.010000,-0.000395,0.050000,0.003189,0.000000,0.000871,-0.070000,0.017608,-0.100000,0.002965,0.010000,-0.012963,0.120000,0.008851,0.006142,-0.009969,0.270000,0.000290,0.022797
0.002741,-0.080000,0.003086,-0.050000,-0.010238,-0.030000,0.000022,0.020000,0.006458,0.000000,-0.018648,-0.040000,0.001696,0.010000,-0.007957,-0.170000,0.002888,-0.010000,0.009174,-0.060000,-0.018118,0.050000,0.000963,0.024781,-0.016259,0.000000,0.005071,0.006410
-0.000911,-0.030000,0.000660,0.020000,-0.009480,-0.010000,0.005340,0.020000,-0.005334,0.290000,-0.004141,-0.030000,-0.003497,-0.050000,0.002573,0.000000,0.003732,0.050000,-0.004086,-0.020000,-0.006460,-0.100000,0.006742,0.049256,0.005301,-0.080000,0.001821,-0.047365
0.001999,0.090000,-0.000584,0.010000,-0.008107,-0.030000,0.003468,-0.020000,0.001755,-0.250000,-0.022095,-0.050000,0.006440,-0.020000,-0.003817,-0.100000,-0.004054,0.030000,0.004790,-0.050000,-0.017776,0.010000,-0.008108,-0.018974,0.015596,-0.260000,0.000770,0.061361
0.002291,-0.020000,0.001557,0.030000,-0.002140,0.000000,0.003020,-0.140000,0.004391,0.320000,-0.002686,0.080000,0.007117,-0.010000,0.000974,-0.040000,0.011261,0.010000,0.000866,-0.040000,-0.006138,-0.030000,-0.007384,0.018887,-0.004883,-0.050000,-0.004807,0.058203
0.003094,0.010000,0.006655,-0.010000,0.008281,-0.020000,0.005722,0.030000,0.005462,-0.050000,0.029240,0.000000,0.003658,0.010000,-0.002937,0.110000,0.008674,0.030000,0.001357,0.020000,-0.008023,-0.100000,-0.004844,-0.023119,-0.022938,-0.070000,0.007895,-0.092267
0.001317,-0.000000,0.005694,0.010000,-0.007118,-0.030000,-0.003801,-0.050000,-0.005208,-0.040000,0.002214,0.030000,-0.003037,0.020000,0.007321,-0.030000,-0.002714,-0.010000,-0.001529,-0.000000,-0.030960,0.060000,-0.009441,0.024124,-0.006889,-0.140000,-0.002982,-0.044228
-0.001072,0.010000,0.004305,-0.000000,0.003760,0.010000,0.005608,-0.070000,-0.000714,0.010000,0.043315,0.080000,0.011344,-0.100000,0.000062,0.040000,-0.013611,-0.040000,-0.001111,0.010000,-0.008755,-0.040000,0.004697,0.006751,0.008238,0.030000,-0.001751,0.054183
-0.003608,-0.010000,0.002777,0.020000,0.007777,0.040000,0.002448,0.010000,-0.002615,-0.440000,-0.001909,0.030000,-0.001274,-0.020000,0.010184,-0.110000,-0.005708,0.030000,-0.004682,0.010000,0.020238,-0.040000,0.005736,0.009395,-0.016897,0.000000,-0.008122,0.059475
0.002168,-0.030000,0.002374,-0.000000,0.013884,-0.010000,0.000451,0.040000,0.005966,-0.460000,-0.000241,-0.060000,-0.000017,-0.020000,0.001697,-0.100000,-0.003998,-0.010000,0.001036,0.050000,-0.015851,0.040000,-0.003174,-0.004516,-0.025098,0.050000,0.004553,0.008710
0.000751,-0.060000,-0.003670,-0.020000,0.004338,-0.030000,0.006051,-0.040000,-0.001404,-0.050000,0.010287,-0.010000,-0.009799,-0.050000,-0.003109,-0.010000,0.009043,0.000000,-0.003319,-0.070000,-0.014820,0.100000,0.008919,0.003033,-0.005125,-0.070000,-0.009252,-0.024536
0.000168,0.060000,-0.002942,-0.010000,-0.002811,0.050000,-0.001870,-0.020000,0.006204,0.220000,0.001106,0.040000,0.005169,0.060000,-0.006950,0.080000,-0.002269,-0.010000,-0.004352,0.010000,0.014791,0.080000,0.000552,0.035050,-0.009003,0.140000,-0.009494,-0.015729
0.001233,0.030000,0.003336,-0.020000,-0.006276,0.070000,0.002495,-0.020000,-0.004577,-0.240000,0.002018,-0.060000,0.007464,0.030000,0.004295,-0.050000,-0.001159,0.000000,-0.004615,-0.020000,0.004964,-0.040000,-0.007395,-0.020623,0.024373,-0.230000,0.005407,-0.061979
-0.001940,-0.030000,0.006073,-0.010000,0.001347,0.020000,-0.006144,0.050000,0.001115,-0.080000,-0.021142,-0.030000,0.001029,-0.010000,0.000715,0.070000,-0.016616,-0.020000,-0.007963,-0.020000,0.013360,0.050000,0.013827,0.068309,-0.022899,0.360000,-0.003857,-0.010522
0.000259,0.050000,-0.007551,-0.020000,-0.005340,0.010000,-0.002964,0.020000,0.006396,-0.260000,0.016883,0.080000,0.002880,0.020000,-0.005460,-0.050000,-0.002345,0.030000,0.001814,-0.070000,0.017378,0.030000,0.006053,-0.035181,-0.007165,0.200000,0.009370,-0.003112
0.000330,-0.000000,0.000428,0.030000,0.002439,-0.020000,0.008166,0.040000,-0.001015,0.140000,-0.014914,-0.040000,-0.000886,0.050000,0.007910,0.080000,-0.018093,0.090000,-0.004159,-0.070000,-0.042134,-0.020000,0.007366,-0.002301,-0.012366,0.230000,0.005091,0.092858
-0.000287,0.020000,0.000664,0.010000,-0.000110,0.010000,-0.005414,0.060000,0.005665,0.160000,-0.008686,-0.070000,-0.006678,0.030000,-0.012005,-0.110000,-0.006895,0.050000,0.010987,0.020000,-0.017749,0.060000,0.000562,0.042686,0.002875,0.060000,-0.002638,0.057189
0.000685,-0.040000,-0.011053,0.010000,-0.005605,0.060000,-0.000026,0.080000,0.002350,0.020000,-0.011348,-0.040000,0.000536,0.090000,0.003408,-0.010000,-0.001104,-0.030000,-0.000786,-0.020000,0.015404,0.060000,0.005959,0.001167,-0.007409,0.180000,-0.000276,-0.014028
-0.002491,0.040000,-0.010478,0.000000,-0.006727,0.010000,0.003799,-0.010000,0.004095,-0.400000,0.003243,0.000000,-0.014907,0.020000,0.007370,-0.070000,0.003016,-0.010000,-0.002469,0.030000,-0.025518,0.220000,0.003644,0.020932,0.002863,0.310000,0.003403,0.038338
0.001190,0.010000,0.003465,-0.030000,0.005641,-0.030000,-0.003864,0.010000,0.008212,-0.360000,0.003216,-0.060000,0.006816,-0.030000,0.006427,0.100000,-0.005590,0.120000,0.006979,-0.010000,-0.006879,0.060000,0.007301,0.026236,0.013574,-0.270000,0.003205,-0.053933
0.002037,-0.080000,-0.008442,0.050000,-0.005066,0.020000,-0.029493,0.100000,-0.002612,0.140000,-0.011733,-0.040000,0.006830,0.020000,-0.003157,0.050000,-0.000774,0.090000,0.002484,0.000000,0.022216,-0.060000,-0.001120,0.021846,0.007204,0.240000,0.000681,-0.005363
-0.001860,0.010000,-0.009236,0.020000,0.002299,0.090000,-0.000865,0.070000,-0.005056,0.350000,0.029825,0.120000,0.009623,-0.030000,-0.010449,-0.090000,0.000105,-0.040000,0.004741,0.010000,0.020772,0.080000,-0.001798,-0.001756,0.014060,-0.490000,-0.002529,-0.004329
0.000756,0.020000,-0.002382,-0.030000,0.006064,0.070000,0.010869,-0.050000,0.005500,0.100000,0.001950,0.040000,-0.006661,0.090000,-0.013041,0.120000,0.002152,-0.030000,-0.001180,0.020000,0.008465,0.080000,-0.006989,-0.007782,0.004314,0.260000,0.010768,0.001704
0.001608,0.050000,-0.006348,-0.020000,0.010673,0.040000,0.007287,0.070000,-0.004516,-0.170000,0.008266,-0.010000,0.004168,0.030000,0.001657,-0.080000,-0.007962,-0.010000,-0.009549,0.030000,0.027984,-0.000000,0.009348,0.039874,-0.000957,-0.260000,-0.000022,-0.049073
0.001302,-0.010000,0.001703,0.040000,-0.001788,0.000000,0.011043,0.000000,-0.001917,-0.200000,0.009035,0.060000,-0.000538,-0.000000,-0.007146,-0.010000,-0.001307,0.020000,0.000399,-0.010000,0.004341,-0.040000,0.024761,0.027254,-0.021198,-0.010000,0.001049,-0.087626
0.000588,0.010000,0.010539,0.030000,-0.001600,0.020000,-0.000406,-0.010000,-0.006778,0.040000,0.000079,-0.010000,0.000427,0.010000,0.004899,0.050000,0.020959,0.030000,-0.002483,0.010000,-0.059807,0.060000,0.013278,0.059557,-0.002157,-0.170000,0.001719,0.010673
0.005061,0.040000,0.000236,-0.020000,-0.005637,-0.020000,-0.011056,0.040000,-0.008469,-0.360000,-0.012478,-0.090000,0.009496,-0.060000,-0.003637,-0.000000,-0.003718,-0.050000,0.000539,-0.010000,0.027434,-0.020000,0.011863,-0.019279,-0.031854,0.480000,-0.005842,-0.030003
0.000243,-0.040000,-0.003598,0.010000,-0.007564,0.010000,-0.010702,-0.070000,0.005914,-0.060000,0.010707,-0.020000,0.002409,-0.020000,0.003216,0.070000,0.002189,0.030000,-0.001588,-0.040000,-0.033394,0.070000,-0.001258,-0.011882,-0.006032,-0.190000,0.004279,0.072047
0.000764,0.020000,0.007598,-0.010000,-0.001581,0.010000,-0.004285,0.030000,-0.004879,-0.000000,-0.004291,-0.020000,-0.006282,0.080000,-0.003168,0.030000,-0.003596,0.050000,0.003411,0.040000,-0.031504,-0.030000,0.009199,0.021371,-0.005935,-0.090000,0.001399,-0.026396
-0.000536,0.060000,-0.004834,0.030000,0.002754,-0.010000,-0.002224,-0.010000,-0.007501,0.110000,0.015474,0.080000,-0.009851,0.130000,0.005744,0.130000,-0.011068,-0.040000,0.001172,0.000000,0.013558,-0.010000,0.009401,-0.002628,-0.014295,0.280000,0.008027,-0.020078
-0.004118,0.020000,0.001261,0.000000,0.000333,0.000000,0.012596,0.030000,0.007724,0.160000,0.000188,0.030000,0.002611,-0.050000,0.001746,0.040000,-0.008693,-0.090000,-0.002064,0.010000,0.049994,-0.130000,-0.000099,0.027774,0.022701,0.160000,0.006104,0.020906
0.003682,-0.010000,-0.001521,0.020000,0.008018,0.000000,0.005538,0.020000,-0.004766,0.010000,0.002944,0.020000,-0.006534,0.080000,0.003566,-0.010000,0.008341,-0.000000,0.001768,0.030000,0.026953,-0.110000,0.002399,-0.014540,0.012617,0.080000,-0.004530,0.053766
0.000340,-0.010000,-0.006135,0.030000,-0.007620,0.050000,-0.011104,0.050000,-0.004158,-0.040000,-0.002537,-0.040000,0.004209,-0.050000,0.000324,0.010000,-0.003097,0.070000,-0.007148,0.020000,0.002774,-0.080000,-0.002038,-0.035502,-0.002321,-0.350000,-0.000339,0.006721
0.000162,-0.030000,-0.012430,0.040000,-0.015602,-0.020000,0.001560,0.000000,0.003076,0.250000,0.002262,0.000000,-0.006743,0.020000,0.003756,-0.150000,-0.001684,-0.000000,-0.005658,0.030000,0.018118,-0.010000,0.010900,0.084520,-0.033883,0.330000,-0.001390,-0.000631
-0.002390,-0.010000,0.004942,-0.030000,0.002077,-0.040000,-0.015412,0.100000,0.006213,0.160000,0.008886,0.020000,-0.007810,-0.030000,0.005210,-0.090000,-0.008348,-0.050000,0.007170,0.000000,0.007471,0.020000,-0.011764,0.005257,-0.006674,-0.010000,0.003085,-0.012344
-0.001956,-0.060000,-0.022684,-0.010000,-0.001051,0.010000,0.001575,0.020000,0.007430,-0.070000,0.000310,-0.070000,0.000832,-0.060000,0.003412,0.030000,-0.015615,-0.070000,-0.001149,-0.020000,0.002491,0.080000,-0.009344,-0.025798,-0.023600,0.240000,-0.021964,-0.054724
-0.002184,0.030000,0.000296,-0.010000,0.002090,0.040000,0.001146,-0.010000,-0.002828,0.320000,0.002337,0.010000,0.000071,0.030000,0.006652,0.110000,0.002499,0.030000,-0.002575,0.040000,0.004837,0.020000,0.001196,0.039182,0.003402,-0.060000,0.016661,-0.100990
-0.003425,-0.030000,0.009233,-0.020000,0.003321,-0.030000,0.018313,-0.120000,0.008258,-0.250000,-0.004948,-0.050000,-0.007961,0.020000,0.003089,0.000000,-0.002594,-0.020000,0.002444,0.010000,-0.031822,-0.000000,0.007394,-0.020773,-0.023320,0.110000,0.022806,-0.046873
-0.005294,-0.010000,0.015654,0.000000,-0.002602,-0.010000,-0.002113,-0.050000,-0.002821,-0.070000,0.003553,-0.020000,-0.011029,0.100000,0.004512,-0.050000,0.005964,-0.100000,-0.012291,0.100000,0.017258,-0.040000,-0.000716,0.042950,-0.023663,0.550000,0.007084,0.074486
0.001292,0.070000,-0.018120,-0.020000,0.004591,-0.000000,0.009991,0.000000,-0.004489,0.140000,0.011108,0.050000,0.002222,-0.030000,-0.008838,-0.160000,0.008048,-0.020000,-0.013892,0.020000,0.003872,-0.020000,0.006931,0.007546,-0.008623,-0.190000,-0.018818,0.013083
-0.001237,-0.010000,-0.002500,-0.010000,-0.000492,-0.010000,0.008768,-0.040000,-0.002616,-0.020000,0.004939,0.090000,-0.001205,-0.000000,-0.013211,-0.070000,-0.013726,-0.020000,-0.002322,0.010000,-0.006728,0.010000,-0.001425,-0.014265,0.019300,0.200000,-0.020232,0.056062
-0.001603,-0.080000,0.004528,-0.020000,-0.006794,-0.020000,0.006138,0.030000,-0.004932,-0.220000,0.000669,0.040000,0.001629,0.030000,0.001867,0.050000,-0.005271,-0.020000,0.002124,-0.060000,0.033810,-0.050000,-0.004552,0.163424,0.015539,-0.150000,0.008093,0.087753
-0.000652,0.030000,-0.012537,0.020000,-0.002251,-0.000000,0.005314,0.050000,0.005150,0.010000,0.000471,0.040000,-0.008307,-0.050000,-0.001792,-0.070000,0.008963,0.050000,-0.001103,-0.020000,-0.003365,0.030000,0.025448,0.026121,0.024408,0.010000,0.006405,0.103517
0.000576,-0.060000,0.004534,0.040000,0.002618,0.010000,-0.002855,-0.020000,-0.003691,0.250000,-0.001026,-0.010000,0.011153,-0.050000,0.011330,0.040000,0.002516,0.040000,-0.005791,-0.010000,-0.008962,0.160000,-0.000800,-0.090513,-0.012491,0.040000,-0.003040,0.041541
0.003183,0.020000,-0.002493,0.010000,-0.002860,0.010000,-0.014581,-0.100000,0.005516,-0.160000,0.008679,-0.070000,-0.001256,-0.050000,-0.006423,-0.170000,0.006508,0.030000,0.008583,-0.060000,-0.003434,0.110000,-0.008733,0.035782,-0.017678,0.490000,-0.007924,-0.117415
0.001509,-0.000000,-0.004247,-0.010000,0.006939,-0.040000,0.009218,0.020000,-0.001449,-0.310000,-0.005754,-0.050000,-0.006636,-0.040000,-0.002793,-0.020000,-0.001854,0.050000,0.003779,-0.080000,-0.024513,-0.070000,0.002228,0.065566,0.015679,0.040000,0.007362,0.017445
0.001941,-0.010000,-0.017627,-0.020000,0.008070,-0.010000,-0.004679,0.000000,-0.004882,-0.130000,-0.001593,-0.030000,0.002657,0.020000,-0.008528,-0.020000,-0.001910,0.020000,-0.008136,-0.080000,-0.000941,-0.050000,-0.010528,0.091412,-0.011130,-0.160000,0.008375,-0.021489
0.001888,0.070000,-0.004745,0.000000,0.008327,-0.010000,0.005275,-0.030000,-0.001086,-0.000000,-0.002522,-0.060000,0.003842,0.020000,-0.004525,0.090000,0.001274,-0.020000,0.009398,0.050000,0.006774,-0.060000,-0.003571,-0.158851,-0.002123,0.120000,-0.008886,-0.216323
0.000572,0.030000,0.003858,-0.010000,-0.003544,0.000000,-0.005047,0.060000,-0.000485,0.150000,-0.000457,-0.040000,0.002145,-0.040000,-0.008280,0.130000,0.005913,-0.020000,0.005282,0.000000,0.014206,0.120000,0.005331,0.024279,-0.011282,0.050000,0.000457,0.025125
