path_id,Date,sp500_abs,DGS10_abs,sp500,DGS10
0,1986-04-28,345.99293662655725,7.2241019868591305,0.007045456673949957,0.09428165571512626
0,1986-04-29,348.10622182940176,7.232391619876763,0.006107885390520096,0.008289633017632525
0,1986-04-30,351.0468173479044,7.138433239585759,0.008447408676147461,-0.09395838029100378
0,1986-05-01,350.85297781134744,7.1161840038563176,-0.0005521757411770523,-0.022249235729441708
0,1986-05-02,348.56758106263635,7.176174759973052,-0.006513830274343491,0.059990756116734545
0,1986-05-05,345.0796757789309,7.200367474954259,-0.010006396099925041,0.024192714981206898
0,1986-05-06,341.99889956370373,7.117837399327974,-0.008927724324166775,-0.082530075626285
0,1986-05-07,343.874757187958,7.160403122117159,0.005484981462359428,0.04256572278918469
0,1986-05-08,341.5437132599374,7.112726746763089,-0.006778758484870195,-0.047676375354069656
0,1986-05-09,339.23393772431353,7.132980542819551,-0.0067627523094415665,0.020253796056461937
0,1986-05-12,339.1541177009945,7.165338108712675,-0.00023529492318630219,0.03235756589312366
0,1986-05-13,345.7516272549809,7.133968069009809,0.019452836364507675,-0.03137003970286578
0,1986-05-14,346.68513960645055,7.074411301451714,0.002699950709939003,-0.059556767558095025
0,1986-05-15,350.7551698664975,7.04608499888022,0.01173984631896019,-0.028326302571493933
0,1986-05-16,353.3401596025127,7.042991091010287,0.007369783706963062,-0.0030939078699327993
0,1986-05-19,354.48208562133686,7.06374895993014,0.0032318036537617445,0.020757868919853095
0,1986-05-20,351.4053419056148,7.154186803084999,-0.008679546415805817,0.09043784315485848
0,1986-05-21,346.6952465451902,7.21507596543965,-0.013403596356511116,0.06088916235465103
0,1986-05-22,342.26049124506187,7.2284155213016446,-0.012791508808732033,0.013339555861994867
0,1986-05-23,342.52857001141984,7.088906328249181,0.0007832594565115869,-0.13950919305246323
0,1986-05-27,342.37728332089625,7.111827007423612,-0.00044167612213641405,0.022920679174430525
0,1986-05-28,343.1312208189396,6.866801729010881,0.002202066360041499,-0.24502527841273114
0,1986-05-29,349.94546281193334,6.823198334278607,0.01985899731516838,-0.04360339473227359
0,1986-05-30,348.5924210905011,6.710020520570782,-0.0038664359599351883,-0.11317781370782498
0,1986-06-02,354.76201662683553,6.632633884418505,0.01769859343767166,-0.07738663615227726
0,1986-06-03,356.42411980968143,6.6683516651399755,0.004685121588408947,0.03571778072147058
0,1986-06-04,348.4372947039769,6.547289041514727,-0.02240820601582527,-0.12106262362524856
0,1986-06-05,347.59917607478855,6.61816945390608,-0.0024053642991930246,0.0708804123913529
0,1986-06-06,340.88926277998934,6.636229283088131,-0.019303593784570694,0.018059829182051068
0,1986-06-09,338.30853187757,6.663152841444443,-0.007570584304630756,0.026923558356312327
0,1986-06-10,339.0879040999354,6.781338979485561,0.002303732093423605,0.11818613804111777
0,1986-06-11,333.11544107697034,6.88698616124893,-0.01761331781744957,0.10564718176336907
0,1986-06-12,333.99973543978444,7.0194905844958875,0.002654618350788951,0.13250442324695744
0,1986-06-13,338.0386073305641,6.949136787449267,0.012092440389096737,-0.07035379704662059
0,1986-06-16,343.2826487553588,6.650576892146768,0.015513143502175808,-0.2985598953024988
0,1986-06-17,350.9688382369858,6.58755728619213,0.02239026501774788,-0.06301960595463818
0,1986-06-18,347.57403520681464,6.591955503733689,-0.009672662243247032,0.004398217541559113
0,1986-06-19,349.4922852602015,6.649579361671736,0.005518968217074871,0.05762385793804725
0,1986-06-20,348.669855867861,6.579092369882645,-0.0023532118648290634,-0.07048699178909157
0,1986-06-23,355.505124286143,6.761124586441941,0.01960384100675583,0.18203221655929624
0,1986-06-24,352.9813345438824,6.752597888364882,-0.007099165581166744,-0.00852669807705908
0,1986-06-25,359.07638748631894,6.63167554677047,0.01726735197007656,-0.12092234159441162
0,1986-06-26,357.52473461854584,6.645905968215043,-0.004321233369410038,0.014230421444572983
0,1986-06-27,355.2766990300082,6.687981754818056,-0.0062877763994038105,0.04207578660301259
0,1986-06-30,359.8342334853322,6.701207366433411,0.012828126549720764,0.01322561161535507
0,1986-07-01,357.54193741313435,6.733191995132378,-0.006370422430336475,0.03198462869896712
0,1986-07-02,361.1493737286251,6.6881458122402915,0.010089547373354435,-0.045046182892086506
0,1986-07-03,359.30034414268295,6.666734827410628,-0.005119847133755684,-0.021410984829663526
0,1986-07-07,361.0764969714604,6.642342317883155,0.004943365231156349,-0.024392509527473294
0,1986-07-08,359.2531780940404,6.552510547076375,-0.0050496747717261314,-0.08983177080677951
0,1986-07-09,355.8563569702408,6.565200181525779,-0.00945522915571928,0.012689634449404075
0,1986-07-10,357.85989670784005,6.613216323615362,0.005630192346870899,0.04801614208958238
0,1986-07-11,356.39979921430904,6.777789225903548,-0.004080081358551979,0.1645729022881861
0,1986-07-14,355.15028486406186,6.785261250834831,-0.0035059344954788685,0.007472024931283627
0,1986-07-15,358.50985452361493,6.748202659107819,0.009459571912884712,-0.03705859172701231
0,1986-07-16,359.25811995313404,6.762352087136211,0.0020871544256806374,0.01414942802839203
0,1986-07-17,357.6586690436062,6.821543418684281,-0.004452093970030546,0.0591913315480701
0,1986-07-18,355.5830543087398,6.818157719367427,-0.005803339648991823,-0.0033856993168539518
0,1986-07-21,357.65935194357314,6.7803734575096275,0.005839135497808456,-0.037784261857799706
0,1986-07-22,363.06218576039157,6.65313101102567,0.015106088481843472,-0.12724244648395722
0,1986-07-23,364.0179662878535,6.706536296323848,0.0026325532235205173,0.053405285298177674
0,1986-07-24,363.297898857549,6.6986870413717545,-0.0019781095907092094,-0.007849254952093432
0,1986-07-25,363.4102617793427,6.71904449762807,0.0003092859114985913,0.020357456256315132
0,1986-07-28,361.6429653507799,6.673346581515028,-0.004863088950514793,-0.04569791611304197
0,1986-07-29,358.4940083809604,6.731332664864671,-0.008707364089787006,0.05798608334964328
0,1986-07-30,357.2956506921894,6.737946827390367,-0.003342755138874054,0.00661416252569591
0,1986-07-31,358.0239390751376,6.74240473374498,0.0020383354276418686,0.004457906354613073
0,1986-08-01,359.53797390738225,6.8201145530833545,0.004228864796459675,0.07770981933837451
0,1986-08-04,357.3975534642774,6.9525989734761975,-0.0059532527811825275,0.13248442039284303
0,1986-08-05,352.8052320390996,6.946693475798494,-0.012849336490035057,-0.005905497677703764
0,1986-08-06,350.4660304385804,6.950023825232935,-0.006630291696637869,0.0033303494344414375
0,1986-08-07,347.6196188095202,6.999576735156232,-0.008121790364384651,0.04955290992329697
0,1986-08-08,346.8229669142526,7.063595530513675,-0.0022917345631867647,0.06401879535744293
0,1986-08-11,349.6471157541264,7.128540036238605,0.008142911829054356,0.06494450572493005
0,1986-08-12,348.88242281580136,7.144795442020304,-0.0021870420314371586,0.01625540578169904
0,1986-08-13,354.10846949028513,7.092695938965578,0.014979392290115356,-0.05209950305472599
0,1986-08-14,356.6227621567158,7.047164334103573,0.007100346032530069,-0.04553160486200536
0,1986-08-15,357.2077289493639,7.048286589862944,0.0016402957262471318,0.0011222557593715266
0,1986-08-18,354.5635781961071,6.988680406962009,-0.007402277551591396,-0.05960618290093489
0,1986-08-19,353.3960004408994,6.939566611525472,-0.0032929996959865093,-0.049113795436537266
0,1986-08-20,358.54961413315306,6.897626419388772,0.014583112671971321,-0.04194019213669975
0,1986-08-21,359.4385975456468,6.849990938454099,0.0024793874472379684,-0.04763548093467307
0,1986-08-22,359.3391765955793,6.838683939804991,-0.0002766006509773433,-0.011306998649108557
0,1986-08-25,364.6931642757169,6.784928753253233,0.014899537898600101,-0.053755186551757816
0,1986-08-26,368.21828620382377,6.818928265992269,0.009665993973612785,0.033999512739035787
0,1986-08-27,367.20937430589015,6.978642615802984,-0.002739983145147562,0.15971434981071564
0,1986-08-28,367.5424293321408,7.056069580598666,0.0009069894440472126,0.07742696479568156
0,1986-08-29,365.0150960945384,6.985901509809739,-0.006876303348690271,-0.0701680707889274
0,1986-09-02,366.3973138304811,7.0683280787653615,0.00378674129024148,0.08242656895562295
0,1986-09-03,369.70204655679834,7.0727974945975145,0.009019533172249794,0.00446941583215299
0,1986-09-04,369.5072117503966,7.061418680795654,-0.0005270049441605806,-0.011378813801860233
0,1986-09-05,365.53110630622604,7.189807048601138,-0.010760562494397163,0.12838836780548402
0,1986-09-08,354.45114993764037,7.215807191856059,-0.030311938375234604,0.026000143254920616
0,1986-09-09,356.31751954044887,7.208328398007805,0.005265519954264164,-0.007478793848253673
0,1986-09-10,357.55164408261294,7.261511866411555,0.003463552799075842,0.05318346840375021
0,1986-09-11,354.5918951148691,7.207283316141649,-0.00827782228589058,-0.05422855026990625
0,1986-09-12,355.6220918984174,7.087023955408118,0.002905302681028843,-0.12025936073353094
0,1986-09-15,356.0832085515671,7.055160349750753,0.001296647940762341,-0.03186360565736557
0,1986-09-16,355.371791580665,7.118950530098456,-0.0019978953059762716,0.06379018034770301
0,1986-09-17,353.68831018697574,7.073058547775189,-0.004737239796668291,-0.04589198232326641
0,1986-09-18,354.74031907243415,7.065420826022357,0.0029743954073637724,-0.007637721752832505
0,1986-09-19,353.5177371875767,7.0865375063398615,-0.0034464136697351933,0.021116680317504688
0,1986-09-22,354.16362876515063,7.1650742565461245,0.00182704150211066,0.07853675020626305
0,1986-09-23,356.5254222411982,7.121298293144119,0.006668650545179844,-0.0437759634020054
0,1986-09-24,355.81949586585455,7.007133693131018,-0.001980016939342022,-0.11416460001310114
0,1986-09-25,358.3502904551505,6.980191447854089,0.007112579885870218,-0.026942245276928567
0,1986-09-26,357.18916543199293,6.9733487706712385,-0.003240195568650961,-0.00684267718285092
0,1986-09-29,354.9851722420094,6.949339978681944,-0.006170380860567093,-0.024008791989294842
0,1986-09-30,351.13761016197594,6.930427621203193,-0.01083865575492382,-0.018912357478750863
0,1986-10-01,347.9995471943602,6.994463479986213,-0.008936846628785133,0.06403585878302032
0,1986-10-02,342.5496529133903,7.0700181080289415,-0.015660636126995087,0.07555462804272839
0,1986-10-03,339.93814453693625,7.137357102694921,-0.007623736746609211,0.06733899466597926
0,1986-10-06,341.01102123466944,7.122604450150163,0.003156093880534172,-0.014752652544757439
0,1986-10-07,340.7798817280965,7.057444705903752,-0.0006778065580874681,-0.06515974424641158
0,1986-10-08,343.8731199148469,7.059021260091136,0.009076938964426517,0.001576554187384005
0,1986-10-09,342.5969829585886,7.109850474467714,-0.0037110692355781794,0.05082921437657806
0,1986-10-10,345.88289576504894,7.119955529070404,0.00959119014441967,0.010105054602690622
0,1986-10-15,346.36571455703654,7.096935803934457,0.0013959024799987674,-0.02301972513594741
0,1986-10-16,347.98305734280933,7.133905454620078,0.0046694655902683735,0.03696965068562097
0,1986-10-17,347.24294278720316,7.181176444238399,-0.002126869512721896,0.04727098961832077
0,1986-10-20,343.0855491621596,7.149140327282991,-0.011972579173743725,-0.032036116955407756
0,1986-10-21,340.05984004695154,7.165161865223685,-0.00881910976022482,0.016021537940694053
0,1986-10-22,336.2224014052863,7.218942533574439,-0.011284598149359226,0.05378066835075401
0,1986-10-23,332.3084287817215,7.237553070752764,-0.011641022749245167,0.018610537178324726
0,1986-10-24,329.65556045208695,7.249788963696948,-0.007983150891959667,0.012235892944183924
0,1986-10-27,328.6221523235356,7.292832195413467,-0.0031348117627203465,0.04304323171651969
0,1986-10-28,325.2691849492582,7.346222743261178,-0.010203108191490173,0.05339054784771058
0,1986-10-29,322.23484792537545,7.409693188189505,-0.009328695014119148,0.06347044492832676
0,1986-10-30,319.88536766779185,7.438124227009227,-0.007291204761713743,0.028431038819721977
0,1986-10-31,326.938855749136,7.2945974625835595,0.022050049155950546,-0.14352676442566725
0,1986-11-03,328.7033631371939,7.172647588599412,0.005397056229412556,-0.12194987398414714
0,1986-11-04,331.0756305407615,7.201099202975175,0.0072170463390648365,0.02845161437576227
0,1986-11-05,329.47952412473364,7.202095547699995,-0.004820972215384245,0.0009963447248200197
0,1986-11-06,330.8225890890288,7.14180197018424,0.004076323006302118,-0.060293577515754926
0,1986-11-07,332.67364407150274,7.075901321222414,0.005595310125499964,-0.06590064896182568
0,1986-11-10,331.8678352928617,7.057739748438491,-0.0024222200736403465,-0.018161572783922608
0,1986-11-13,332.7871772389393,7.057361220208184,0.0027702050283551216,-0.0003785282303070403
0,1986-11-14,336.1977822412706,7.065285351292316,0.010248607024550438,0.007924131084132036
0,1986-11-17,333.1088974879796,7.0608013235055544,-0.009187701158225536,-0.004484027786761935
0,1986-11-18,332.55041449152384,7.111472661842287,-0.0016765778418630362,0.05067133833673232
0,1986-11-19,332.6069665138119,7.121582310965272,0.00017005548579618335,0.010109649122985509
0,1986-11-20,331.84888441473606,7.095848408633338,-0.0022792129311710596,-0.02573390233193429
0,1986-11-21,333.93599104408014,7.110793666012018,0.006289328448474407,0.014945257378680132
0,1986-11-24,333.0190830663689,7.125123619053626,-0.0027457596734166145,0.014329953041607446
0,1986-11-25,334.1898292127746,7.125382040921231,0.00351555272936821,0.0002584218676053851
0,1986-11-26,334.16556988100524,7.189720927642929,-7.259147241711617e-05,0.06433888672169807
0,1986-11-28,333.38801568625433,7.2918731212806085,-0.002326853107661009,0.10215219363767947
0,1986-12-01,334.99553939844344,7.23722588919038,0.004821780137717724,-0.054647232090228925
0,1986-12-02,335.9956789656961,7.156992149238411,0.002985530998557806,-0.08023373995196881
0,1986-12-03,333.3552172204304,7.24250694941052,-0.007858618162572384,0.08551480017210888
0,1986-12-04,327.2080933779131,7.326964388613049,-0.018440160900354385,0.08445743920252902
0,1986-12-05,325.2980051311083,7.372607042968018,-0.005837533622980118,0.04564265435496928
0,1986-12-08,321.5092489721053,7.360675154343441,-0.011647031642496586,-0.01193188862457717
0,1986-12-09,323.0827279662953,7.363140006830806,0.00489403959363699,0.0024648524873649436
0,1986-12-10,320.284688375377,7.378832076737679,-0.008660443127155304,0.015692069906873662
0,1986-12-11,323.47743544194043,7.317835405950499,0.009968466125428677,-0.06099667078718074
0,1986-12-12,320.6260445647753,7.307859276914887,-0.008814806118607521,-0.009976129035611514
0,1986-12-15,322.6852855323354,7.246864631507007,0.00642256299033761,-0.06099464540788002
0,1986-12-16,321.30685139917085,7.27744258907751,-0.004271760117262602,0.030577957570502967
0,1986-12-17,318.6339934345817,7.290457779158358,-0.008318708278238773,0.013015190080848171
0,1986-12-18,316.51742709136516,7.286880065608922,-0.006642625667154789,-0.0035777135494363677
0,1986-12-19,313.8105229133506,7.286996507867319,-0.008552148938179016,0.00011644225839724243
0,1986-12-22,314.97015514757175,7.235785678353812,0.0036953261587768793,-0.05121082951350697
0,1986-12-23,316.9590637468267,7.281981732088541,0.006314593832939863,0.04619605373472879
0,1986-12-24,317.7959706762481,7.301658026203816,0.0026404259260743856,0.01967629411527483
0,1986-12-26,320.0679397093395,7.254907774047847,0.007149143610149622,-0.0467502521559684
0,1986-12-29,321.76685940871437,7.2693135294301,0.005307997111231089,0.01440575538225275
0,1986-12-30,320.021258432408,7.263205576064128,-0.005425048992037773,-0.00610795336597203
0,1986-12-31,321.14180623832465,7.269792568702065,0.0035014792811125517,0.006586992637936717
0,1987-01-02,322.99111275659953,7.322505869231266,0.005758535582572222,0.05271330052920131
0,1987-01-05,323.5386156638817,7.27061643377983,0.0016951020807027817,-0.05188943545143587
0,1987-01-06,324.51195800262167,7.250829975309496,0.0030084270983934402,-0.019786458470334445
0,1987-01-07,324.49302090456143,7.235349624179642,-5.835562478750944e-05,-0.015480351129854242
0,1987-01-08,320.1974645747357,7.222761818023322,-0.013237746432423592,-0.012587806156319381
0,1987-01-09,319.7941486797632,7.231765337192522,-0.0012595849111676216,0.009003519169199947
0,1987-01-12,321.05157872079764,7.255170370067312,0.003931998275220394,0.023405032874789455
0,1987-01-13,313.0686546737819,7.383045213888851,-0.02486492693424225,0.12787484382153913
0,1987-01-14,310.7921388269178,7.448403077748038,-0.007271618582308292,0.0653578638591874
0,1987-01-15,310.24052033275444,7.492482679981136,-0.0017748791724443436,0.044079602233098036
0,1987-01-16,312.43424652805356,7.384687029842018,0.0070710498839616776,-0.10779565013911796
0,1987-01-21,315.63376022993305,7.361668646216242,0.01024059858173132,-0.023018383625776018
0,1987-01-22,314.5998488168716,7.4353959846450435,-0.003275668015703559,0.0737273384288013
0,1987-01-23,313.6457797513305,7.421828530438007,-0.0030326431151479483,-0.013567454207036533
0,1987-01-26,316.14111287332366,7.426893410707449,0.007955895736813545,0.005064880269442185
0,1987-01-27,314.83718948720997,7.433438601459019,-0.0041244979947805405,0.006545190751570118
0,1987-01-28,318.23290926042006,7.462343565009325,0.01078563742339611,0.02890496355030603
0,1987-01-29,318.99418989623604,7.4399420537026435,0.002392212161794305,-0.022401511306681776
0,1987-01-30,320.82246892111084,7.514246039800929,0.005731386598199606,0.07430398609828526
0,1987-02-02,318.91071682009255,7.604279981665545,-0.005958909634500742,0.09003394186461655
0,1987-02-03,316.47770979834013,7.706180657413788,-0.007629116531461477,0.1019006757482428
0,1987-02-04,312.8926831308712,7.693691028682846,-0.011327896267175674,-0.012489628730942393
0,1987-02-05,315.2292988282788,7.709270738323269,0.007467786315828562,0.015579709640423545
0,1987-02-06,314.51251148608753,7.640648939624793,-0.002273860154673457,-0.06862179869847651
0,1987-02-09,316.782575363791,7.691323569883218,0.00721772201359272,0.05067463025842489
0,1987-02-10,314.50686016475464,7.702805292785874,-0.007183839567005634,0.0114817229026567
0,1987-02-11,313.27992807355764,7.709962458613769,-0.0039011298213154078,0.007157165827894829
0,1987-02-12,311.77344205125485,7.687293510563605,-0.004808753728866577,-0.02266894805016406
0,1987-02-13,315.4585808029318,7.682077685936103,0.011819925159215927,-0.00521582462750203
0,1987-02-17,315.3530931291477,7.677171285235159,-0.00033439468825235963,-0.004906400700944502
0,1987-02-18,318.335548149817,7.595226290763436,0.009457509964704514,-0.08194499447172277
0,1987-02-19,317.6964063648458,7.509030171830689,-0.0020077612716704607,-0.08619611893274648
0,1987-02-20,318.33706220871676,7.49149674038421,0.002016566228121519,-0.017533431446479675
0,1987-02-23,318.3240527412246,7.545383214082261,-4.086695844307542e-05,0.05388647369805177
0,1987-02-24,318.2743135066261,7.545984785942684,-0.0001562534598633647,0.000601571860422645
0,1987-02-25,317.99877222060786,7.526001260788972,-0.0008657352300360799,-0.019983525153712378
0,1987-02-26,319.25850474040976,7.371975436046477,0.003961438313126564,-0.1540258247424946
0,1987-02-27,321.2441623649968,7.199674796021188,0.006219591945409775,-0.17230064002528866
0,1987-03-02,324.83737516581255,7.162768891890274,0.011185301467776299,-0.0369059041309141
0,1987-03-03,322.27246331818174,7.169649994817562,-0.00789598748087883,0.006881102927287941
0,1987-03-04,318.48562063809226,7.236855857217407,-0.011750438250601292,0.06720586239984438
0,1987-03-05,311.96979925158865,7.258683488585583,-0.020458761602640152,0.021827631368176448
0,1987-03-06,309.44644714519933,7.294289217035118,-0.008088449947535992,0.0356057284495348
0,1987-03-09,310.8906692793529,7.365098548872977,0.004667114932090044,0.07080933183785909
0,1987-03-10,307.9193871495725,7.486914954335673,-0.009557321667671204,0.12181640546269623
0,1987-03-11,309.73717982885114,7.581222815884687,0.0059034693986177444,0.09430786154901405
0,1987-03-12,311.6921698320926,7.699010328737429,0.006311770528554916,0.11778751285274147
0,1987-03-13,309.76527329511015,7.668740334701933,-0.0061820498667657375,-0.03026999403549535
0,1987-03-16,316.41807634949384,7.729704584389866,0.02147691696882248,0.06096424968793279
0,1987-03-17,313.6924663847574,7.714477783390468,-0.0086139515042305,-0.015226800999398549
0,1987-03-18,313.2499481179561,7.656789583997327,-0.0014106754679232836,-0.05768819939314085
0,1987-03-19,319.3486908352821,7.64716788614196,0.019469253718852997,-0.009621697855366484
0,1987-03-20,319.4649704825829,7.610540990140539,0.00036411499604582787,-0.03662689600142155
0,1987-03-23,317.3888661541415,7.598220990401089,-0.006498691625893116,-0.012319999739450083
0,1987-03-24,317.77453624602424,7.582043139735701,0.0012151342816650867,-0.016177850665387794
0,1987-03-25,317.53232594732555,7.771196844395298,-0.0007622080156579614,0.18915370465959747
0,1987-03-26,316.79643344890803,7.77670523859419,-0.0023175356909632683,0.0055083941988920415
0,1987-03-27,322.03864519883626,7.758375312028131,0.01654757186770439,-0.01832992656605903
0,1987-03-30,320.15602038652014,7.669030338457859,-0.005845959298312664,-0.08934497357027205
0,1987-03-31,323.1713510152036,7.6317364485026955,0.009418316185474396,-0.037293889955163806
0,1987-04-01,324.74983695293554,7.673971991536126,0.00488436222076416,0.04223554303343047
0,1987-04-02,322.9211309130916,7.652900392919896,-0.005631122272461653,-0.021071598616229537
0,1987-04-03,328.229290988954,7.6804138712192085,0.016437945887446404,0.027513478299312055
0,1987-04-06,323.83213254939096,7.534262914172747,-0.013396605849266052,-0.1461509570464612
0,1987-04-07,328.45733808808495,7.508017115454562,0.014282725751399994,-0.02624579871818522
0,1987-04-08,322.29122354937533,7.670794431422613,-0.018772954121232033,0.162777315968051
0,1987-04-09,314.2896784106945,7.956789019186459,-0.02482706494629383,0.2859945877638461
0,1987-04-10,308.7771110939065,8.037110754502205,-0.017539765685796738,0.08032173531574571
0,1987-04-13,312.56284795128306,8.047982023902646,0.012260419316589832,0.010871269400441363
0,1987-04-14,311.06062205976855,8.179744979357343,-0.004806156270205975,0.13176295545469685
0,1987-04-15,311.1438195864711,8.107451572405456,0.0002674640272744,-0.07229340695188746
0,1987-04-16,315.53977726628403,8.04298000281053,0.014128378592431545,-0.06447156959492517
0,1987-04-20,311.5739376496901,8.165125007133927,-0.012568430043756962,0.12214500432339648
0,1987-04-21,305.8594572083833,8.20513523047077,-0.018340688198804855,0.0400102233368429
0,1987-04-22,307.01947267779065,8.282213502069183,0.0037926421500742435,0.0770782715984133
0,1987-04-23,302.21542642227547,8.28132722115295,-0.015647366642951965,-0.0008862809162337726
0,1987-04-24,308.2979109308296,8.119369785557492,0.02012632042169571,-0.1619574355954576
0,1987-04-27,310.89894007670836,8.181436484550494,0.008436739444732666,0.06206669899300188
0,1987-04-28,309.6864406133402,8.200009039593665,-0.003899979405105114,0.018572555043171235
0,1987-04-29,310.3395210046174,8.261862760242776,0.0021088439971208572,0.06185372064911121
0,1987-04-30,309.3880955940262,8.3495793529761,-0.0030657565221190453,0.0877165927333241
0,1987-05-01,311.33169447781785,8.302483999623465,0.00628207391127944,-0.04709535335263482
0,1987-05-04,311.80310571856256,8.23239275255295,0.0015141768380999565,-0.07009124707051484
0,1987-05-05,317.4777941238232,8.242574129039829,0.018199589103460312,0.010181376486878335
0,1987-05-06,318.0240156123486,8.127866560408052,0.0017205029726028442,-0.11470756863177733
0,1987-05-07,320.0917516826855,8.175023533652867,0.006501823663711548,0.0471569732448156
0,1987-05-08,317.7080204672816,8.007098958717885,-0.007447024807333946,-0.16792457493498247
0,1987-05-11,324.7059610600914,8.01046949488404,0.02202632650732994,0.003370536166155347
0,1987-05-12,320.4847069705014,8.083550355490594,-0.01300023589283228,0.07308086060655405
0,1987-05-13,319.2390139468822,8.106776158952007,-0.0038869031704962254,0.023225803461413008
0,1987-05-14,319.8777459116854,8.048588909966368,0.0020007954444736242,-0.05818724898563943
0,1987-05-15,321.78559919812204,8.013976959058056,0.005964320152997971,-0.03461195090831204
0,1987-05-18,329.5630576690649,8.02842649791596,0.024169690907001495,0.014449538857904898
0,1987-05-19,329.98270305886604,7.905120842127452,0.001273338682949543,-0.12330565578850816
0,1987-05-20,334.0027567462975,7.932537495505603,0.012182619422674179,0.027416653378150357
0,1987-05-21,334.6596498302032,7.850210235735583,0.0019667295273393393,-0.08232725977001998
0,1987-05-22,335.45478749936177,7.726639950536214,0.002375959185883403,-0.12357028519936897
0,1987-05-26,335.6925392780579,7.695622964075575,0.000708744628354907,-0.031016986460638662
0,1987-05-27,336.6516133657574,7.780369001491898,0.0028570014983415604,0.08474603741632247
0,1987-05-28,339.79659420191314,7.70628517005496,0.009341944940388203,-0.07408383143693786
0,1987-05-29,340.71396132632293,7.717917696062104,0.002699753735214472,0.01163252600714415
0,1987-06-01,340.2971114777739,7.780479413575534,-0.0012234598398208618,0.06256171751343054
0,1987-06-02,337.578624094132,7.844937153378279,-0.007988570258021355,0.06445773980274438
0,1987-06-03,342.454242557261,7.8162231294752695,0.014442912302911282,-0.028714023903009256
0,1987-06-04,342.8490502558897,7.932630169644958,0.0011528772301971912,0.11640704016968861
0,1987-06-05,343.0991992579961,7.983836379696642,0.0007296184776350856,0.05120621005168413
0,1987-06-08,340.95884947323646,7.948682039196124,-0.006238282658159733,-0.03515434050051791
0,1987-06-09,344.9882427678244,7.92335347223908,0.011817828752100468,-0.025328566957043996
0,1987-06-10,348.17393488561214,7.6584767667478975,0.009234204888343811,-0.2648767054911829
0,1987-06-11,351.1126143397639,7.565530576677954,0.008440262638032436,-0.09294619006994331
0,1987-06-12,350.4488417198637,7.59907117313114,-0.001890483545139432,0.033540596453185856
0,1987-06-15,344.74833332093357,7.6483806290069065,-0.01626630686223507,0.04930945587576652
0,1987-06-16,335.3880617753578,7.778890250948442,-0.02715102769434452,0.1305096219415356
0,1987-06-17,333.79136255693527,7.838407209619995,-0.004760751500725746,0.059516958671553155
0,1987-06-18,330.9748473636122,7.800340204338594,-0.00843795109540224,-0.038067005281400945
0,1987-06-19,332.81105523963777,7.762009119359674,0.00554787740111351,-0.03833108497892024
0,1987-06-22,329.4227376597182,7.695886154557706,-0.010180904529988766,-0.06612296480196811
0,1987-06-23,331.88985034428504,7.624100806676564,0.007489199750125408,-0.07178534788114188
0,1987-06-24,329.44849297968227,7.619046398502709,-0.007355926558375359,-0.005054408173855052
0,1987-06-25,327.92328902091174,7.702457925494043,-0.004629567265510559,0.08341152699133403
0,1987-06-26,324.33634774895785,7.704660546111004,-0.010938354767858982,0.0022026206169609708
0,1987-06-29,328.1429210172093,7.728541911824165,0.011736499145627022,0.02388136571316135
0,1987-06-30,324.8933975473983,7.715279163322776,-0.009902768768370152,-0.013262748501388977
0,1987-07-01,328.2290501297117,7.546684949257901,0.010266914032399654,-0.16859421406487574
0,1987-07-02,330.14053021034476,7.5901598457606525,0.005823616404086351,0.043474896502751825
0,1987-07-06,329.3161539590327,7.606414731354984,-0.002497046487405896,0.016254885594331192
0,1987-07-07,330.6721977308599,7.461928839834777,0.004117756616324186,-0.14448589152020652
0,1987-07-08,336.2977151395515,7.4240376320562165,0.017012368887662888,-0.0378912077785607
0,1987-07-09,335.0797385053713,7.529367390802807,-0.0036217214073985815,0.10532975874659023
0,1987-07-10,331.62435463992426,7.594881361108796,-0.010312124155461788,0.06551397030598949
0,1987-07-13,330.28878872674636,7.6647234079191575,-0.004027345683425665,0.06984204681036132
0,1987-07-14,330.41434565909304,7.653373686667773,0.0003801428829319775,-0.011349721251384892
0,1987-07-15,332.39823481028515,7.64623380159419,0.0060042464174330235,-0.0071398850735828745
0,1987-07-16,332.1686103296799,7.598960099345944,-0.000690811371896416,-0.0472737022482459
0,1987-07-17,332.0677521895472,7.55173703497829,-0.000303635373711586,-0.04722306436765411
0,1987-07-20,331.77682709822403,7.613674889001913,-0.000876101606991142,0.06193785402362284
0,1987-07-21,331.20521514905477,7.62459158779273,-0.0017228808719664812,0.010916698790817136
0,1987-07-22,329.8599157938097,7.664563854438025,-0.0040618302300572395,0.03997226664529485
0,1987-07-23,330.90465953028655,7.680138714046991,0.003167234594002366,0.015574859608966207
0,1987-07-24,329.51752467936046,7.737511476250151,-0.004191947169601917,0.05737276220316012
0,1987-07-27,333.00747588379795,7.753184958992966,0.010591094382107258,0.015673482742815104
0,1987-07-28,335.7522016194799,7.841502028791191,0.008242234587669373,0.08831706979822496
0,1987-07-29,334.3036828913316,7.879591065138308,-0.0043142493814229965,0.03808903634711669
0,1987-07-30,330.931993719361,7.986449237985445,-0.010085707530379295,0.10685817284713739
0,1987-07-31,327.74372084033337,8.079195702107764,-0.009634223766624928,0.09274646412231924
0,1987-08-03,327.2779215838961,8.091480555352485,-0.0014212301466614008,0.012284853244720395
0,1987-08-04,328.3173910001309,8.05890670274157,0.0031761061400175095,-0.0325738526109145
0,1987-08-05,331.63335065466555,7.984463428188785,0.010099859908223152,-0.07444327455278543
0,1987-08-06,333.2806187118287,7.932597718469417,0.004967136308550835,-0.05186570971936799
0,1987-08-07,336.06058915770944,7.867607192575418,0.0083412304520607,-0.06499052589399845
0,1987-08-10,335.70382901879753,7.856495744880589,-0.0010615946957841516,-0.011111447694829302
0,1987-08-11,333.63876984121197,7.89418987773935,-0.006151431705802679,0.03769413285876144
0,1987-08-12,332.7550137470865,7.8649555026624824,-0.0026488411240279675,-0.02923437507686799
0,1987-08-13,337.08021912741043,7.945466489648677,0.012998167425394058,0.08051098698619441
0,1987-08-14,330.0358227292331,8.011809969524858,-0.020898278802633286,0.06634347987618128
0,1987-08-17,329.81000145169025,7.70758310621723,-0.000684232625644654,-0.30422686330762794
0,1987-08-18,337.81608555232987,7.676774068607984,0.024274837225675583,-0.030809037609246026
0,1987-08-19,332.09161177316224,7.592836139618162,-0.016945533454418182,-0.08393792898982255
0,1987-08-20,335.3971381334654,7.591949873747169,0.00995365809649229,-0.0008862658709922755
0,1987-08-21,332.8503729144566,7.716567841153412,-0.007593282498419285,0.12461796740624287
0,1987-08-24,331.23893798493555,7.6684653954804505,-0.004841319285333157,-0.048102445672961736
0,1987-08-25,338.94128432198556,7.630255288810479,0.023253142833709717,-0.03821010666997182
0,1987-08-26,341.63991891745974,7.6540944524183105,0.007961953058838844,0.023839163607831892
0,1987-08-27,345.3507777697124,7.599103491473712,0.010861900635063648,-0.054990960944598655
0,1987-08-28,351.48860598002165,7.556379836170918,0.0177727360278368,-0.04272365530279387
0,1987-08-31,354.09310826217114,7.669511025356133,0.007409919518977404,0.11313118918521514
0,1987-09-01,352.2922213551998,7.682813220168574,-0.005085913464426994,0.013302194812441215
0,1987-09-02,355.1729821437496,7.3763982712627065,0.008177191019058228,-0.30641494890586785
0,1987-09-03,358.17701758043825,7.344031435062606,0.008457950316369534,-0.032366836200100835
0,1987-09-04,356.1929399685346,7.36694767052552,-0.005539377219974995,0.022916235462914436
0,1987-09-08,352.7069218716309,7.457733806154305,-0.009786881506443024,0.09078613562878513
0,1987-09-09,353.3590336078057,7.433393583759347,0.001848877058364451,-0.024340222394958033
0,1987-09-10,358.08338853831236,7.439854402721886,0.013369843363761902,0.006460818962538362
0,1987-09-11,358.5636959059699,7.479578490104179,0.0013413282576948404,0.03972408738229305
0,1987-09-14,359.62708913469294,7.403603009112062,0.0029657024424523115,-0.07597548099211693
0,1987-09-15,360.4269580362461,7.335377585424088,0.0022241619881242514,-0.06822542368797357
0,1987-09-16,359.87160492956264,7.457384133034177,-0.0015408201143145561,0.12200654761008867
0,1987-09-17,356.3281475616689,7.565963676912363,-0.00984644889831543,0.1085795438781858
0,1987-09-18,353.43776152919844,7.508932158333891,-0.008111584931612015,-0.057031518578471996
0,1987-09-21,355.5032813601489,7.491838956990231,0.0058440836146473885,-0.01709320134365999
0,1987-09-22,354.65629376450454,7.552781380886238,-0.002382502891123295,0.060942423896007014
0,1987-09-23,353.0988514409807,7.5125463382121875,-0.004391413182020187,-0.04023504267405009
0,1987-09-24,353.31084201373784,7.507875212386725,0.0006003717426210642,-0.004671125825462141
0,1987-09-25,357.19699999201777,7.625580847363738,0.01099926047027111,0.11770563497701225
0,1987-09-28,355.5818977146334,7.588076556409739,-0.004521600902080536,-0.037504290953998876
0,1987-09-29,356.5267307176861,7.475456810129563,0.0026571459602564573,-0.1126197462801759
0,1987-09-30,355.87767998556166,7.512471463755304,-0.0018204826628789306,0.03701465362574119
0,1987-10-01,356.65884929007274,7.546656567720756,0.0021950500085949898,0.03418510396545216
0,1987-10-02,354.2539749406529,7.547979458607367,-0.0067427861504256725,0.0013228908866107503
0,1987-10-05,353.4786949768882,7.585619158402043,-0.0021884862799197435,0.03763969979467596
0,1987-10-06,352.9488392585228,7.63777851814337,-0.0014989749761298299,0.052159359741327016
0,1987-10-07,347.81651547350464,7.650376110785441,-0.014541268348693848,0.012597592642070943
0,1987-10-08,345.8693044259063,7.69184066082597,-0.005598385818302631,0.04146455004052907
0,1987-10-09,341.86460086488535,7.759580367289097,-0.011578661389648914,0.06773970646312666
0,1987-10-14,338.19140069215433,7.8651286022378235,-0.010744605213403702,0.1055482349487269
0,1987-10-15,334.84131116828775,7.97899279135637,-0.00990589801222086,0.11386418911854612
0,1987-10-16,334.5913048527021,7.985301055916524,-0.0007466411916539073,0.006308264560153987
0,1987-10-19,335.35558771434484,7.9166186852252896,0.002284228103235364,-0.06868237069123406
0,1987-10-20,340.67434878322393,7.758120643391141,0.015860063955187798,-0.1584980418341484
0,1987-10-21,345.1257747483899,7.764384043139646,0.01306651346385479,0.006263399748505094
0,1987-10-22,343.59581161969277,7.880210156240343,-0.004433059599250555,0.11582611310069701
0,1987-10-23,339.4128009982991,7.835342695748398,-0.012174218893051147,-0.04486746049194501
0,1987-10-26,343.2000331146666,7.849512128076869,0.011158188804984093,0.014169432328470677
0,1987-10-27,341.05501002219637,7.923425673641151,-0.0062500666826963425,0.07391354556428187
0,1987-10-28,339.4360439455355,7.881552722231629,-0.0047469353303313255,-0.04187295140952152
0,1987-10-29,341.5324289283688,7.773206993817357,0.006176082417368889,-0.10834572841427192
0,1987-10-30,345.42889464975724,8.068285664048856,0.011408772319555283,0.2950786702314989
0,1987-11-02,337.8282500385169,7.988309536656211,-0.022003499791026115,-0.07997612739264515
0,1987-11-03,349.9073346975799,7.704994976455782,0.03575510531663895,-0.283314560200429
0,1987-11-04,357.6198125182304,7.883135546650136,0.02204148657619953,0.17814057019435392
0,1987-11-05,350.43214810127,7.889292033092198,-0.020098619163036346,0.006156486442061571
0,1987-11-06,355.2377169558833,7.8782976906043105,0.013713264837861061,-0.01099434248788711
0,1987-11-09,349.8223128615443,8.062524464961374,-0.015244451351463795,0.18422677435706358
0,1987-11-10,346.7586051746745,8.055804842736512,-0.008757896721363068,-0.006719622224862221
0,1987-11-13,351.04725912725576,7.969512201361228,0.012367837131023407,-0.08629264137528381
0,1987-11-16,351.2753185726573,8.027007433090636,0.0006496545393019915,0.0574952317294084
0,1987-11-17,349.660152010149,8.034176630846584,-0.004598007537424564,0.00716919775594782
0,1987-11-18,348.4544564978889,7.943284863735397,-0.003448192495852709,-0.09089176711118707
0,1987-11-19,355.5083110106833,7.89104866341872,0.020243261009454727,-0.05223620031667764
0,1987-11-20,352.6707103010589,7.940595870062083,-0.007981812581419945,0.04954720664336332
0,1987-11-23,356.51762998828724,7.922262990376075,0.010907964780926704,-0.018332879686007608
0,1987-11-24,359.76688153636377,8.026747616978595,0.009113859385251999,0.10448462660251945
0,1987-11-25,357.5350487241494,7.9449922698094255,-0.006203552708029747,-0.08175534716916921
0,1987-11-27,361.5283435542372,8.021627532421086,0.011168960481882095,0.07663526261165998
0,1987-11-30,359.9446523355845,7.893765507607913,-0.004380545113235712,-0.12786202481317233
0,1987-12-01,358.58293422124484,7.912759154975777,-0.0037831319496035576,0.01899364736786424
0,1987-12-02,354.3293438123549,8.06773977614089,-0.011862222105264664,0.15498062116511235
0,1987-12-03,354.36560305569066,7.929022802357344,0.00010233203647658229,-0.13871697378354586
0,1987-12-04,359.6438679976754,7.911486107376159,0.014894969761371613,-0.017536694981185263
0,1987-12-07,356.2870560286026,8.034458662929747,-0.009333711117506027,0.12297255555358877
0,1987-12-08,353.43585590409236,7.974673813393232,-0.008002536371350288,-0.059784849536515416
0,1987-12-09,356.97535656525963,7.931546693153025,0.010014548897743225,-0.04312712024020726
0,1987-12-10,358.5296841509514,8.04693379018989,0.004354159347712994,0.1153870970368649
0,1987-12-11,354.90104829187044,8.109289195008293,-0.010120879858732224,0.06235540481840296
0,1987-12-14,358.75036230134594,8.053741881437423,0.010846161283552647,-0.055547313570869505
0,1987-12-15,358.85871643777,7.994479121419541,0.0003020321310032159,-0.05926276001788189
0,1987-12-16,360.1550947743892,7.783912495525953,0.003612503409385681,-0.21056662589358854
0,1987-12-17,365.7916127235775,7.631398656831026,0.015650251880288124,-0.15251383869492674
0,1987-12-18,364.9280297230295,7.682073073517881,-0.0023608605843037367,0.050674416686854684
0,1987-12-21,362.83510471998034,7.915248207284346,-0.0057351719588041306,0.2331751337664656
0,1987-12-22,355.79700504208256,7.965109615916595,-0.019397515803575516,0.04986140863224886
0,1987-12-23,353.0623849354948,8.076574951311239,-0.00768589973449707,0.11146533539464354
0,1987-12-24,349.56162545583055,8.138417254736009,-0.009915413334965706,0.06184230342477015
0,1987-12-28,353.5088383225314,7.987487045573235,0.011291894130408764,-0.150930209162774
0,1987-12-29,355.13816037174666,8.006976468327313,0.0046089994721114635,0.019489422754078056
0,1987-12-30,358.26032071434275,7.87348226775921,0.008791396394371986,-0.13349420056810324
0,1987-12-31,364.5011105416812,7.691570271675525,0.017419707030057907,-0.18191199608368436
0,1988-01-04,366.56745684769044,7.654553426749929,0.005668971221894026,-0.03701684492559654
0,1988-01-05,365.57123857151555,7.856435753651404,-0.002717694267630577,0.20188232690147512
0,1988-01-06,360.7130040997836,7.8044682751695245,-0.013289432972669601,-0.051967478481879326
0,1988-01-07,369.9690774288526,7.851024280210432,0.025660492479801178,0.046556005040907955
0,1988-01-08,367.09731130727823,7.904708106279105,-0.0077621787786483765,0.0536838260686725
0,1988-01-11,366.5191344942327,7.824719797078098,-0.0015749960439279675,-0.07998830920100719
0,1988-01-12,370.74186098935064,7.524539951719696,0.01152116246521473,-0.3001798453584019
0,1988-01-13,374.52332901246086,7.50159431703434,0.010199733078479767,-0.02294563468535582
0,1988-01-14,372.8617822846876,7.431588158494041,-0.004436430521309376,-0.07000615854029935
0,1988-01-15,370.3238154742431,7.362198427189158,-0.006806722842156887,-0.06938973130488257
0,1988-01-20,372.4933816978745,7.326507736701785,0.005858565215021372,-0.035690690487372834
0,1988-01-21,369.2173271552293,7.36964372543222,-0.008794933557510376,0.04313598873043478
0,1988-01-22,363.15825395478623,7.432232501656815,-0.0164105873554945,0.06258877622459469
0,1988-01-25,359.0385688814435,7.490932543091532,-0.011344049125909805,0.058700041434716965
0,1988-01-26,358.45351546731337,7.546453717128958,-0.0016295001842081547,0.05552117403742596
0,1988-01-27,357.09020162692536,7.7381636392712965,-0.003803321160376072,0.19170992214233884
0,1988-01-28,351.771467609239,7.794082407872705,-0.014894651249051094,0.05591876860140843
0,1988-01-29,349.5331946492122,7.929973538467931,-0.006362861022353172,0.13589113059522617
0,1988-02-01,350.72737808299235,7.907024993668371,0.0034165093675255775,-0.022948544799559656
0,1988-02-02,358.6356656788174,7.8570962437773675,0.022548247128725052,-0.04992874989100393
0,1988-02-03,357.05977032093375,7.9231067627912335,-0.0043941400945186615,0.06601051901386601
0,1988-02-04,358.0249354188469,7.705574934375051,0.0027030911296606064,-0.2175318284161829
0,1988-02-05,359.45329890354964,7.730066685910918,0.0039895642548799515,0.02449175153586758
0,1988-02-08,362.7173545444287,7.583701223559428,0.009080611169338226,-0.14636546235148984
0,1988-02-09,366.42241579881613,7.525380163145637,0.010214733891189098,-0.05832106041379159
0,1988-02-10,365.10355413901783,7.5650556307134185,-0.003599293064326048,0.03967546756778173
0,1988-02-11,363.7696655618066,7.548683339585636,-0.003653452731668949,-0.016372291127782823
0,1988-02-12,364.4369042045405,7.6117946877495175,0.0018342338735237718,0.06311134816388186
0,1988-02-16,360.62859933032763,7.559014964756995,-0.010449833236634731,-0.05277972299252287
0,1988-02-17,362.305508385139,7.40294283675938,0.004649961367249489,-0.15607212799761427
0,1988-02-18,368.1513123754287,7.371551990581864,0.016135012730956078,-0.03139084617751653
0,1988-02-19,367.70951612200355,7.2846895203889455,-0.0012000398710370064,-0.08686247019291837
0,1988-02-22,377.1677419405354,7.282498419726379,0.02572200447320938,-0.0021911006625661145
0,1988-02-23,379.46727573925,7.228578821911217,0.0060968464240431786,-0.05391959781516231
0,1988-02-24,378.60172381815676,7.304245504253133,-0.0022809659130871296,0.07566668234191631
0,1988-02-25,376.9128029581464,7.3198482588550515,-0.0044609433971345425,0.015602754601918178
0,1988-02-26,378.6052675360658,7.336789229624488,0.004490334540605545,0.016940970769436348
0,1988-02-29,380.63498186369463,7.313803758090922,0.0053610303439199924,-0.022985471533566226
0,1988-03-01,377.2438232447634,7.390972284365053,-0.008909214287996292,0.07716852627413129
0,1988-03-02,376.0605062000237,7.354989964940588,-0.003136743325740099,-0.03598231942446528
0,1988-03-03,376.07689857903546,7.381522840602327,4.358973819762468e-05,0.02653287566173912
0,1988-03-04,376.23650778235833,7.414128126989137,0.000424405763624236,0.032605286386810484
0,1988-03-07,372.56380076252765,7.396712454262566,-0.009761697612702847,-0.017415672726571074
0,1988-03-08,372.50230300060645,7.241451767362474,-0.00016506639076396823,-0.15526068690009254
0,1988-03-09,381.6584248610652,7.216130953417261,0.02458004094660282,-0.02532081394521235
0,1988-03-10,381.42684502834163,7.158238902841789,-0.0006067724898457527,-0.05789205057547253
0,1988-03-11,387.9928191846783,7.198140686437074,0.01721424236893654,0.03990178359528507
0,1988-03-14,383.979789106853,7.2332800963348864,-0.010343052446842194,0.03513940989781261
0,1988-03-15,389.536730425979,7.186383351105035,0.014471963047981262,-0.04689674522985143
0,1988-03-16,394.7019858076114,7.157748789985382,0.013259995728731155,-0.028634561119653235
0,1988-03-17,393.31206935390895,7.1783967335411525,-0.0035214326344430447,0.02064794355577071
0,1988-03-18,395.58086339163543,7.199432565950191,0.005768432281911373,0.021035832409038946
0,1988-03-21,394.10708374950326,7.193391008615923,-0.003725609043613076,-0.006041557334268255
0,1988-03-22,395.9062228047454,7.161171979517359,0.00456510204821825,-0.032219029098564
0,1988-03-23,398.7749721056117,7.098128306268462,0.007246032357215881,-0.06304367324889704
0,1988-03-24,394.358428876147,7.172868434205347,-0.011075276881456375,0.07474012793688445
0,1988-03-25,387.5759176209079,7.252103714347316,-0.017198849469423294,0.07923528014196979
0,1988-03-28,383.0619248730484,7.238472916840946,-0.01164673175662756,-0.013630797506370307
0,1988-03-29,385.4468981719569,7.234439825958504,0.006226077675819397,-0.004033090882441748
0,1988-03-30,389.18299493016934,7.273220802790271,0.009692896157503128,0.03878097683176662
0,1988-03-31,388.51793475441104,7.2621856128616376,-0.0017088623717427254,-0.011035189928633393
0,1988-04-04,387.551614634927,7.241422662950664,-0.0024871956557035446,-0.020762949910973383
0,1988-04-05,389.7869849744875,7.240548620072066,0.005767929367721081,-0.000874042878598047
0,1988-04-06,390.9764982162773,7.1795062505759235,0.003051700768992305,-0.06104236949614261
0,1988-04-07,398.5612043674854,7.127498128266318,0.01939939148724079,-0.05200812230960583
0,1988-04-08,399.3679486837606,7.044689209030727,0.0020241416059434414,-0.08280891923559075
0,1988-04-11,398.0571617678957,7.146755479941981,-0.0032821535132825375,0.10206627091125409
0,1988-04-12,391.4444586887454,7.240612386130366,-0.016612445935606956,0.09385690618838538
0,1988-04-13,387.3181994735684,7.371813140974813,-0.010541110299527645,0.13120075484444627
0,1988-04-14,382.09317242861835,7.385030506484022,-0.013490269891917706,0.0132173655092096
0,1988-04-15,383.56050038215994,7.369573616802505,0.0038402359932661057,-0.01545688968151726
0,1988-04-18,382.8541177959613,7.362492191020545,-0.001841645804233849,-0.007081425781960249
0,1988-04-19,389.7202528282668,7.241773558012881,0.017934076488018036,-0.12071863300766417
0,1988-04-20,397.83018997028853,7.182100492183696,0.020809637382626534,-0.05967306582918486
0,1988-04-21,395.79520349092564,7.291431097242734,-0.005115213803946972,0.10933060505903835
0,1988-04-22,395.176301605529,7.291612622784306,-0.001563692232593894,0.00018152554157158107
0,1988-04-25,402.02437059684706,7.2565321177292,0.017329148948192596,-0.03508050505510596
0,1988-04-26,401.67437796399224,7.254440431237188,-0.000870575662702322,-0.002091686492011746
0,1988-04-27,398.43856703568656,7.381914017288509,-0.008055806159973145,0.12747358605132142
0,1988-04-28,398.05677185171004,7.478469171778255,-0.0009582284837961197,0.09655515448974583
0,1988-04-29,395.9683149045776,7.5201104309398055,-0.005246630869805813,0.04164125916155026
0,1988-05-02,399.09462499541206,7.474319740633561,0.007895354181528091,-0.045790690306244386
0,1988-05-03,400.2603215319172,7.467686089240707,0.0029208525083959103,-0.006633651392854212
0,1988-05-04,397.52777933215583,7.476566868793532,-0.006826912518590689,0.008880779552825402
0,1988-05-05,399.6368473243537,7.394303017853588,0.005305460654199123,-0.08226385093994448
0,1988-05-06,402.9833898947319,7.352365938765036,0.008373958989977837,-0.0419370790885516
0,1988-05-09,402.9456454746443,7.312646031171039,-9.366247104480863e-05,-0.03971990759399713
0,1988-05-10,402.31934890311356,7.178655021139567,-0.0015542954206466675,-0.13399101003147162
0,1988-05-11,400.69463873674994,7.206057108484111,-0.0040383595041930676,0.027402087344543524
0,1988-05-12,400.18467004055975,7.130882732497917,-0.0012727115536108613,-0.07517437598619381
0,1988-05-13,405.75313966104727,7.12605048698377,0.013914749957621098,-0.004832245514147182
0,1988-05-16,412.1591740401332,7.057355557988013,0.015788009390234947,-0.06869492899575658
0,1988-05-17,411.90893225916324,7.187616879454953,-0.0006071483949199319,0.13026132146693925
0,1988-05-18,406.55240201476147,7.242222630521498,-0.013004161417484283,0.054605751066545416
0,1988-05-19,401.33519183653146,7.313101965489747,-0.01283281110227108,0.07087933496824927
0,1988-05-20,399.97326193940336,7.282455292014578,-0.0033934973180294037,-0.030646673475168917
0,1988-05-23,393.73503364742425,7.419787569193311,-0.01559661328792572,0.1373322771787322
0,1988-05-24,390.00872441710914,7.370366808364169,-0.009464002214372158,-0.049420760829141486
0,1988-05-25,397.57765149003745,7.291712991284498,0.01940707117319107,-0.07865381707967156
0,1988-05-26,396.2247434984869,7.306897079298595,-0.003402877366170287,0.015184088014097874
0,1988-05-27,397.1953381313052,7.308218789394929,0.0024496063124388456,0.0013217100963336392
0,1988-05-31,396.7359915882411,7.375073948754643,-0.0011564751621335745,0.0668551593597142
0,1988-06-01,393.70624179013606,7.237419230520012,-0.00763669004663825,-0.13765471823463127
0,1988-06-02,400.1404514018778,7.199457121856347,0.016342666000127792,-0.037962108663665006
0,1988-06-03,400.65624927449295,7.206706753181736,0.0012890420621261,0.007249631325389139
0,1988-06-06,397.80384106997343,7.275306438432436,-0.007119340356439352,0.0685996852506996
0,1988-06-07,399.4053646629882,7.311206486864961,0.004025912843644619,0.03590004843252537
0,1988-06-08,396.7551601632638,7.344021652601445,-0.0066353753209114075,0.032815165736483465
0,1988-06-09,400.2189139573958,7.250389310203648,0.008730204775929451,-0.09363234239779672
0,1988-06-10,401.5450590710305,7.256555990942131,0.0033135493285954,0.00616668073848281
0,1988-06-13,396.28689689776405,7.413936907587771,-0.013094824738800526,0.15738091664564013
0,1988-06-14,391.00128517453305,7.430747083018387,-0.013337841257452965,0.016810175430616248
0,1988-06-15,390.3234993592502,7.385317740406589,-0.0017334618605673313,-0.045429342611797985
0,1988-06-16,389.0048838417508,7.359223092837344,-0.003378263209015131,-0.026094647569244955
0,1988-06-17,388.0729399643081,7.349289901436745,-0.002395712537690997,-0.009933191400598673
0,1988-06-20,386.94490860160073,7.320774269922831,-0.00290675088763237,-0.028515631513914563
0,1988-06-21,388.66107432193473,7.358070718398663,0.0044351681135594845,0.03729644847583202
0,1988-06-22,384.72505926359264,7.424866496877079,-0.0101271141320467,0.06679577847841589
0,1988-06-23,379.0234886453759,7.392399604283624,-0.0148198576644063,-0.03246689259345459
0,1988-06-24,380.7354027876033,7.38107364724648,0.004516643937677145,-0.011325957037144008
0,1988-06-27,382.6599256020922,7.444864559366587,0.00505475141108036,0.06379091212010657
0,1988-06-28,375.71276986835903,7.490608452088308,-0.01815490797162056,0.0457438927217213
0,1988-06-29,381.1414844044456,7.476895080747783,0.014449108392000198,-0.013713371340524638
0,1988-06-30,382.8266013863608,7.373807018744548,0.004421237390488386,-0.10308806200323506
0,1988-07-01,385.10775938096145,7.3783187320017,0.005958723835647106,0.004511713257151939
0,1988-07-05,380.0942325577762,7.368286377563093,-0.013018503785133362,-0.010032354438607172
0,1988-07-06,380.7513219921717,7.378138079020024,0.00172875402495265,0.009851701456931039
0,1988-07-07,378.67619694782513,7.319719069389688,-0.005450079683214426,-0.058419009630336305
0,1988-07-08,385.30640829292304,7.148136443028192,0.017508920282125473,-0.1715826263614959
0,1988-07-11,386.21049598040787,7.121988781752303,0.002346412278711796,-0.026147661275889078
0,1988-07-12,387.93349959995487,7.175776195926618,0.00446130707859993,0.053787414174315096
0,1988-07-13,389.75973244848956,7.168309336536682,0.004707592539489269,-0.007466859389936076
0,1988-07-14,390.2696175627883,7.245103705270748,0.001308203674852848,0.07679436873406598
0,1988-07-15,384.2734655031357,7.231721334303055,-0.015364127233624458,-0.013382370967693014
0,1988-07-18,385.5526262349082,7.211978177371528,0.003328777151182294,-0.019743156931526507
0,1988-07-19,379.9712427683724,7.214847583784197,-0.014476320706307888,0.0028694064126684182
0,1988-07-20,385.5237380245151,7.168026692177869,0.014612935483455658,-0.04682089160632774
0,1988-07-21,386.37426192826933,7.190402457281033,0.0022061518393456936,0.02237576510316419
0,1988-07-22,386.88678413753735,7.127001370094776,0.001326491590589285,-0.06340108718625714
0,1988-07-25,390.62180083705965,7.087760631262597,0.009654030203819275,-0.039240738832178934
0,1988-07-26,388.9213479811447,7.098202019550387,-0.004353194963186979,0.010441388287789621
0,1988-07-27,385.35985461711607,7.233315401568701,-0.009157361462712288,0.13511338201831435
0,1988-07-28,380.7371836464982,7.240393268820667,-0.011995725333690643,0.007077867251966019
0,1988-07-29,379.9330166226411,7.360874293741805,-0.00211213156580925,0.12048102492113788
0,1988-08-01,377.23600543227303,7.436714479102144,-0.00709864916279912,0.07584018536033899
0,1988-08-02,379.56049184768665,7.315159996233031,0.006161889061331749,-0.1215544828691133
0,1988-08-03,382.72066851883824,7.245181211507652,0.008325884118676186,-0.06997878472537877
0,1988-08-04,387.43243192233587,7.23074963949986,0.012311233207583427,-0.014431572007792326
0,1988-08-05,389.48384535007716,7.278684783073201,0.005294893402606249,0.0479351435733415
0,1988-08-08,383.1203400042727,7.361076935127968,-0.016338303685188293,0.08239215205476658
0,1988-08-09,383.1488107900022,7.411690039396211,7.431290578097105e-05,0.05061310426824317
0,1988-08-10,379.99592613901825,7.552774097840674,-0.008228877559304237,0.1410840584444628
0,1988-08-11,383.9960872733323,7.515351188898975,0.010526852682232857,-0.037422908941699085
0,1988-08-12,387.3623046803499,7.692445302186366,0.008766280487179756,0.17709411328739133
0,1988-08-15,383.11282252168405,7.634584670794594,-0.010970303788781166,-0.057860631391771555
0,1988-08-16,394.67753087072,7.542424354292494,0.03018616884946823,-0.09216031650210077
0,1988-08-17,391.93128433736354,7.459457477912119,-0.006958203390240669,-0.08296687638037437
0,1988-08-18,397.14828771538646,7.338805778849772,0.01331101544201374,-0.12065169906234718
0,1988-08-19,396.59552428994755,7.4052112723442205,-0.0013918313197791576,0.06640549349444846
0,1988-08-22,395.1182343266215,7.399255316414672,-0.003724928479641676,-0.005955955929548118
0,1988-08-23,397.967546801123,7.524402452252382,0.007211290765553713,0.1251471358377092
0,1988-08-24,397.98582839498266,7.498581121551168,4.593739868141711e-05,-0.02582133070121362
0,1988-08-25,403.39499310611797,7.498354451209823,0.013591350056231022,-0.00022667034134471464
0,1988-08-26,406.6363336558941,7.545416335817332,0.008035153150558472,0.047061884607508375
0,1988-08-29,404.2318083375325,7.582718804637562,-0.0059132082387804985,0.03730246882023014
0,1988-08-30,406.31330157906575,7.5735729120192365,0.0051492564380168915,-0.009145892618325213
0,1988-08-31,405.4979032824196,7.548900094831225,-0.0020068215671926737,-0.024672817188011287
0,1988-09-01,408.3875343111299,7.520484481602432,0.0071261306293308735,-0.028415613228792935
0,1988-09-02,409.9604355201519,7.568198846267778,0.0038514917250722647,0.047714364665345954
0,1988-09-06,406.3050946844048,7.600801538227889,-0.008916325867176056,0.03260269196011034
0,1988-09-07,407.5910390997201,7.559848705981883,0.003164972411468625,-0.04095283224600532
0,1988-09-08,413.94876902668415,7.491431922438938,0.015598306432366371,-0.06841678354294523
0,1988-09-09,408.1964291356639,7.551931563334477,-0.013896260410547256,0.0604996408955385
0,1988-09-12,403.7849681698144,7.6489191181028,-0.010807201266288757,0.09698755476832321
0,1988-09-13,402.9526804440473,7.672732420987696,-0.002061215229332447,0.02381330288489636
0,1988-09-14,402.81284560490616,7.743247348421523,-0.0003470254596322775,0.07051492743382681
0,1988-09-15,403.0943572805146,7.714315798603443,0.0006988646928220987,-0.028931549818079993
0,1988-09-16,405.7507177030758,7.698686055127384,0.006589922122657299,-0.015629743476059055
0,1988-09-19,403.0274961601873,7.751647569186804,-0.006711563095450401,0.052961514059419734
0,1988-09-20,404.15326553203363,7.691772735164818,0.0027932818047702312,-0.05987483402198546
0,1988-09-21,408.8837537696784,7.6301726547528865,0.011704688891768456,-0.06160008041193166
0,1988-09-22,411.3382800230023,7.635282827406209,0.006002992857247591,0.0051101726533220315
0,1988-09-23,410.56601716877026,7.6551629059387505,-0.001877439790405333,0.019880078532541923
0,1988-09-26,411.6300378368863,7.676856813001882,0.0025915945880115032,0.021693907063131235
0,1988-09-27,411.7818172543424,7.622135190016116,0.00036872774944640696,-0.05472162298576588
0,1988-09-28,414.7929119330011,7.522301969078976,0.007312354631721973,-0.09983322093713998
0,1988-09-29,411.6721556947128,7.635837792911231,-0.007523648906499147,0.11353582383225547
0,1988-09-30,412.56911190037226,7.607034035130917,0.0021788119338452816,-0.028803757780313965
0,1988-10-03,411.4527656360577,7.590178408609843,-0.002705840626731515,-0.01685562652107464
0,1988-10-04,411.52309772315834,7.573855557501109,0.00017093599308282137,-0.016322851108733438
0,1988-10-05,411.95174861966206,7.626928791123165,0.0010416205041110516,0.053073233622055405
0,1988-10-06,410.8632879436154,7.60615516116907,-0.002642204286530614,-0.020773629954094375
0,1988-10-07,413.1956592131166,7.698562870530394,0.0056767575442790985,0.09240770936132403
0,1988-10-12,413.21165135375355,7.632971375136557,3.8703554309904575e-05,-0.06559149539383746
0,1988-10-13,412.95137774315026,7.658220777938832,-0.0006298796506598592,0.025249402802274723
0,1988-10-14,414.2146745643597,7.613308643757846,0.003059190232306719,-0.0449121341809855
0,1988-10-17,416.76122559486146,7.544348954382509,0.006147901527583599,-0.06895968937533681
0,1988-10-18,413.9404531344977,7.508703567323904,-0.006768317893147469,-0.035645387058605316
0,1988-10-19,414.7745503661388,7.527109284574686,0.0020150174386799335,0.018405717250781883
0,1988-10-20,414.0066530796436,7.571030302517604,-0.0018513606628403068,0.04392101794291836
0,1988-10-21,413.3704208842734,7.633986178822852,-0.001536768046207726,0.06295587630524757
0,1988-10-24,408.19491759000385,7.693250505109781,-0.012520255520939827,0.05926432628692879
0,1988-10-25,402.34237711223176,7.732711695913433,-0.014337612316012383,0.03946119080365218
0,1988-10-26,406.02297212635466,7.679273971445418,0.009147917851805687,-0.05343772446801509
0,1988-10-27,406.76942882899584,7.687477667923619,0.0018384592840448022,0.008203696478201294
0,1988-10-28,406.1665988589211,7.671598833693391,-0.0014819942880421877,-0.015878834230227845
0,1988-10-31,411.1881408593711,7.569134543281055,0.012363256886601448,-0.10246429041233629
0,1988-11-01,414.6874959566105,7.552793102784861,0.008510350249707699,-0.016341440496193904
0,1988-11-02,416.1949155031522,7.520582518861316,0.0036350735463202,-0.032210583923545144
0,1988-11-03,417.9013925750433,7.532268798351655,0.004100187215954065,0.011686279490339402
0,1988-11-04,417.5382418674658,7.475459449532002,-0.0008689865935593843,-0.056809348819653493
0,1988-11-07,417.9791986129925,7.459635100536326,0.0010560870869085193,-0.015824348995675308
0,1988-11-08,418.97025264834616,7.550356968335772,0.002371060661971569,0.09072186779944591
0,1988-11-09,417.1933746686858,7.543589930140303,-0.004241059999912977,-0.006767038195468977
0,1988-11-10,414.64421010119673,7.556912891216019,-0.006110270973294973,0.013322961075715511
0,1988-11-15,414.6092031110359,7.596182080749367,-8.442657417617738e-05,0.039269189533348126
0,1988-11-16,418.8812649997313,7.640589779093754,0.010303827933967113,0.04440769834438729
0,1988-11-17,415.06695679704893,7.557041182090302,-0.009105941280722618,-0.08354859700345241
0,1988-11-18,416.1271496683778,7.5656595608400785,0.0025542695075273514,0.008618378749776667
0,1988-11-21,411.01461230189653,7.567033169362667,-0.012285998091101646,0.0013736085225888317
0,1988-11-22,413.1412787706181,7.637321158557418,0.005174187012016773,0.07028798919475054
0,1988-11-23,410.187521031277,7.741600271550918,-0.007149510085582733,0.1042791129934999
0,1988-11-25,406.6767058956366,7.686975842978136,-0.008559049107134342,-0.05462442857278216
0,1988-11-28,408.92135873224305,7.642340951918172,0.005519501864910126,-0.04463489105996388
0,1988-11-29,409.161396873926,7.659751007041747,0.0005870031891390681,0.017410055123574963
0,1988-11-30,411.4245542879389,7.654877836116048,0.005531209520995617,-0.004873170925698389
0,1988-12-01,414.1441244436374,7.657751487150966,0.00661013089120388,0.002873651034917657
0,1988-12-02,414.7082000270381,7.656013773211368,0.001362027251161635,-0.0017377139395984287
0,1988-12-05,418.24244688446015,7.640438494055053,0.00852224975824356,-0.015575279156314181
0,1988-12-06,423.26922807274286,7.6998714451501025,0.012018821202218533,0.05943295109504909
0,1988-12-07,420.9917585661499,7.675610643149058,-0.005380664020776749,-0.02426080200104419
0,1988-12-08,429.74417231753307,7.7079602596274075,0.020789988338947296,0.03234961647834922
0,1988-12-09,430.309702894806,7.713448859675821,0.001315970323048532,0.005488600048413339
0,1988-12-12,430.7763388984668,7.765619365461963,0.0010844189673662186,0.05217050578614213
0,1988-12-13,432.030143189722,7.768923706544934,0.00291056907735765,0.00330434108297073
0,1988-12-14,433.99578928761923,7.674669899406056,0.004549789242446423,-0.09425380713887765
0,1988-12-15,441.0206936439356,7.6612363230409315,0.01618657261133194,-0.013433576365124544
0,1988-12-16,441.82468993720255,7.6659050839904666,0.0018230353016406298,0.004668760949535056
0,1988-12-19,439.21355876328187,7.680664551978242,-0.005909880623221397,0.014759467987775388
0,1988-12-20,441.5259350299373,7.6681526984644295,0.005264810752123594,-0.012511853513812454
0,1988-12-21,443.15597915954555,7.583933880218015,0.0036918423138558865,-0.08421881824641453
0,1988-12-22,445.34501880137657,7.711628550936273,0.004939659498631954,0.1276946707182578
0,1988-12-23,441.29704501224836,7.718797341982309,-0.009089522995054722,0.0071687910460358495
0,1988-12-27,444.6691922779343,7.698063110606288,0.007641445379704237,-0.020734231376020595
0,1988-12-28,449.51733181308106,7.70827154084601,0.010902800597250462,0.010208430239721622
0,1988-12-29,448.1495640757603,7.6947699151707685,-0.003042747499421239,-0.013501625675241158
0,1988-12-30,449.60214024998027,7.717003187866114,0.0032412754371762276,0.022233272695345363
0,1989-01-03,446.51592057752873,7.8215451831903975,-0.006864334922283888,0.10454199532428365
0,1989-01-04,442.8697862345009,7.862786633508065,-0.008165743201971054,0.041241450317667905
0,1989-01-05,436.97922676504686,7.839531857520865,-0.013300883583724499,-0.023254775987200382
0,1989-01-06,439.9979805905083,7.705967512575021,0.006908231880515814,-0.13356434494584413
0,1989-01-09,445.6620514419327,7.709211043841377,0.012872947379946709,0.0032435312663556815
0,1989-01-10,441.5768065846017,7.755573706877287,-0.009166687726974487,0.046362663035910856
0,1989-01-11,438.38308803676836,7.838021883694814,-0.007232532370835543,0.08244817681752625
0,1989-01-12,439.5437942337053,7.840163816996035,0.0026476983912289143,0.002141933301221144
0,1989-01-13,438.0007257710285,7.823627694408037,-0.0035106136929243803,-0.01653612258799786
0,1989-01-18,436.1957739576124,7.809357864121213,-0.0041208877228200436,-0.014269830286823826
0,1989-01-19,443.27528425982854,7.795266261101369,0.01623012125492096,-0.014091603019844356
0,1989-01-20,445.39288307785597,7.723918858021499,0.004777164198458195,-0.0713474030798702
0,1989-01-23,446.07034906279506,7.6593031850261495,0.001521052559837699,-0.0646156729953491
0,1989-01-24,451.5559228267111,7.606972238404692,0.0122975530102849,-0.05233094662145721
0,1989-01-25,449.77151961752446,7.607814159465078,-0.003951677121222019,0.0008419210603856087
0,1989-01-26,450.174117463801,7.637455567323198,0.0008951163617894053,0.029641407858120417
0,1989-01-27,457.25525282043003,7.664877347132113,0.015729770064353943,0.027421779808914692
0,1989-01-30,449.3449863065712,7.8462641866741025,-0.017299454659223557,0.18138683954198953
0,1989-01-31,435.2609529690094,7.8810359986255945,-0.031343474984169006,0.03477181195149193
0,1989-02-01,442.8167482520902,7.835401758774129,0.017359230667352676,-0.04563423985146553
0,1989-02-02,443.0343089732247,7.820721920033502,0.000491310958750546,-0.014679838740627282
0,1989-02-03,446.65204802902247,7.941839615073059,0.008165821433067322,0.12111769503955738
0,1989-02-06,430.8829970974476,7.99478693431847,-0.035305000841617584,0.05294731924541107
0,1989-02-07,432.60675890683393,7.893192308302637,0.004000533372163773,-0.10159462601583336
0,1989-02-08,435.63281495891385,7.825334035981138,0.006994934752583504,-0.06785827232149888
0,1989-02-09,434.07871931846006,7.738287398543431,-0.0035674439277499914,-0.08704663743770702
0,1989-02-10,431.81089896562787,7.723569866747797,-0.005224444903433323,-0.014717531795633398
0,1989-02-13,433.10664213762897,7.751367702381891,0.0030007190071046352,0.027797835634093992
0,1989-02-14,428.307193883553,7.704171827062081,-0.011081446893513203,-0.04719587531981073
0,1989-02-15,435.5940393591411,7.578816975640067,0.017013128846883774,-0.12535485142201352
0,1989-02-16,438.7483406871724,7.6437324518859056,0.007241378538310528,0.06491547624583838
0,1989-02-17,430.08852375884334,7.656837376762605,-0.019737549126148224,0.013104924876699009
0,1989-02-21,428.3191411198035,7.635834104305379,-0.004113996401429176,-0.021003272457225997
0,1989-02-22,432.9653838888631,7.5111229616373505,0.01084761880338192,-0.12471114266802807
0,1989-02-23,431.5622988280739,7.444046104857471,-0.00324064027518034,-0.06707685677987918
0,1989-02-24,431.33885670103155,7.403145532861641,-0.0005177517305128276,-0.04090057199582997
0,1989-02-27,438.5769429342752,7.383558974130766,0.016780510544776917,-0.019586558730875225
0,1989-02-28,441.4813765741106,7.413220192536219,0.006622403860092163,0.02966121840545277
0,1989-03-01,435.0998747276217,7.473103353419491,-0.014454747550189495,0.05988316088327217
0,1989-03-02,426.87896560252125,7.535417829888258,-0.01889430359005928,0.06231447646876731
0,1989-03-03,426.97171807596106,7.47951462363674,0.00021728049614466727,-0.05590320625151879
0,1989-03-06,428.1781336148027,7.484281690846512,0.002825516276061535,0.004767067209772158
0,1989-03-07,429.9825988737562,7.453142561750296,0.0042142863385379314,-0.031139129096215967
0,1989-03-08,433.3640934756543,7.467027024631446,0.00786425918340683,0.013884462881150306
0,1989-03-09,432.0375611315134,7.533552840934124,-0.0030610112007707357,0.06652581630267829
0,1989-03-10,427.8724668322923,7.467764149796758,-0.009640583768486977,-0.0657886911373664
0,1989-03-13,433.33816309708453,7.509404310110705,0.01277412474155426,0.04164016031394713
0,1989-03-14,433.60542026445194,7.4843424555469795,0.0006167404353618622,-0.02506185456372556
0,1989-03-15,431.0716071530628,7.479034916600926,-0.0058435918763279915,-0.005307538946053292
0,1989-03-16,431.03199488354744,7.461905589143655,-9.189255069941282e-05,-0.017129327457270804
0,1989-03-17,431.7962644363668,7.452166645746437,0.0017731155967339873,-0.009738943397218591
0,1989-03-20,429.6517327136551,7.331302317758389,-0.004966536071151495,-0.12086432798804747
0,1989-03-21,428.2922382562501,7.3034510069751395,-0.0031641777604818344,-0.027851310783249872
0,1989-03-22,424.05122530729017,7.262787217100858,-0.009902147576212883,-0.040663789874281875
0,1989-03-23,427.4398522509797,7.194221345356128,0.007991079241037369,-0.06856587174472928
0,1989-03-27,428.9598370533204,7.228229255581034,0.003556020325049758,0.03400791022490601
0,1989-03-28,425.64048879923246,7.29216357238716,-0.007738132961094379,0.06393431680612593
0,1989-03-29,426.85143589501365,7.2790827626201855,0.0028449997771531343,-0.013080809766974788
0,1989-03-30,425.08848012575237,7.315876337055483,-0.004130139015614986,0.03679357443529785
0,1989-03-31,420.31690626638965,7.3659810035422915,-0.011224895715713501,0.050104666486808114
0,1989-04-03,416.94035066102265,7.3409677498231,-0.008033356629312038,-0.02501325371919183
0,1989-04-04,420.5062373009251,7.450418757030119,0.008552510291337967,0.10945100720701895
0,1989-04-05,417.6230039036887,7.445952501401588,-0.006856577005237341,-0.0044662556285306465
0,1989-04-06,414.3836507715498,7.468244810849782,-0.007756644394248724,0.02229230944819438
0,1989-04-07,409.4723533968033,7.5169126638236925,-0.011852053925395012,0.048667852973910186
0,1989-04-10,412.243466207399,7.555152950411918,0.006767521146684885,0.0382402865882252
0,1989-04-11,408.1553075191252,7.529116828406669,-0.00991685502231121,-0.026036122005248963
0,1989-04-12,415.552352883554,7.452067101890518,0.018123114481568336,-0.07704972651615094
0,1989-04-13,416.03233213211786,7.544118848585276,0.0011550391791388392,0.09205174669475813
0,1989-04-14,412.49657902584227,7.543382353071554,-0.00849874597042799,-0.0007364955137223461
0,1989-04-17,414.36904481527137,7.641685450819859,0.004539348650723696,0.09830309774830503
0,1989-04-18,410.3531261999736,7.810966366536582,-0.009691647253930569,0.16928091571672343
0,1989-04-19,399.11428576267036,7.780823990216136,-0.02738821692764759,-0.030142376320446473
0,1989-04-20,406.11237975721446,8.100109875786499,0.017534060403704643,0.3192858855703635
0,1989-04-21,390.91980399662464,8.018012607764478,-0.03740978240966797,-0.08209726802202155
0,1989-04-24,405.5980105523439,7.863753440242825,0.037547871470451355,-0.15425916752165225
0,1989-04-25,406.0166530251418,7.84439090245116,0.0010321610607206821,-0.019362537791665524
0,1989-04-26,405.9289354843729,7.822452970576765,-0.00021604419453069568,-0.021937931874394856
0,1989-04-27,408.57479816432306,7.798595705597582,0.006518044043332338,-0.023857264979183057
0,1989-04-28,406.16872937467434,7.806596726491328,-0.0058889309875667095,0.008001020893746436
0,1989-05-01,404.71756823994025,7.774857993778683,-0.0035728036891669035,-0.031738732712645046
0,1989-05-02,404.3716589186826,7.833887875592243,-0.0008546931203454733,0.059029881813559726
0,1989-05-03,410.2712150055335,7.882069779162048,0.014589440077543259,0.04818190356980523
0,1989-05-04,414.557720033298,7.822240282171115,0.010447978973388672,-0.05982949699093343
0,1989-05-05,415.45560947305626,7.931206982595691,0.0021658972837030888,0.10896670042457579
0,1989-05-08,414.590450289056,7.928816691553332,-0.0020824347157031298,-0.002390291042358328
0,1989-05-09,420.47943093982025,7.951061305477237,0.01420433260500431,0.0222446139239052
0,1989-05-10,417.8303032225091,7.920633975327604,-0.006300255190581083,-0.03042733014963339
0,1989-05-11,424.8017729060488,7.894359737378196,0.01668493077158928,-0.02627423794940764
0,1989-05-12,429.65863828678386,7.887846111268513,0.011433251202106476,-0.0065136261096832015
0,1989-05-15,428.27986432203613,7.909285310512872,-0.003208998590707779,0.021439199244358775
0,1989-05-16,422.66852015167746,7.9872502034412465,-0.013102049939334393,0.0779648929283745
0,1989-05-17,418.64435769151123,8.026098136523864,-0.009520847350358963,0.038847933082617025
0,1989-05-18,418.39353561486547,8.077015088678705,-0.0005991292418912053,0.050916952154841155
0,1989-05-19,419.8161537298109,8.03093210505697,0.003400191431865096,-0.04608298362173535
0,1989-05-22,415.4303624582782,8.049045293092258,-0.010446933098137379,0.018113188035288275
0,1989-05-23,425.15245486503176,8.032484672624607,0.023402459919452667,-0.016560620467650722
0,1989-05-24,422.2021891447565,8.014595383659026,-0.006939312443137169,-0.01788928896558062
0,1989-05-25,419.89959175555083,8.092596301879057,-0.005453778896480799,0.07800091822003097
0,1989-05-26,416.18871400653086,8.23702541518012,-0.008837535977363586,0.14442911330106334
0,1989-05-30,413.2952689637965,8.26314507626545,-0.00695224292576313,0.026119661085330037
0,1989-05-31,419.8726571922177,8.605712634505812,0.01591450162231922,0.34256755824036134
0,1989-06-01,411.60975142508073,8.707037227874531,-0.01967955194413662,0.10132459336871946
0,1989-06-02,413.09863659660914,8.71018108582394,0.0036172252148389816,0.003143857949408968
0,1989-06-05,407.7291009672661,8.74012284637327,-0.012998192571103573,0.029941760549329288
0,1989-06-06,407.3497452618523,8.684123925137934,-0.0009304111590608954,-0.055998921235335786
0,1989-06-07,412.81987011681656,8.513300348380133,0.013428570702672005,-0.17082357675780102
0,1989-06-08,419.9309788399572,8.468526591375308,0.01722569391131401,-0.04477375700482433
0,1989-06-09,415.20876847778345,8.548516363198024,-0.011245205998420715,0.07998977182271538
0,1989-06-12,415.0462897657762,8.516811357357088,-0.0003913181135430932,-0.031705005840935385
0,1989-06-13,422.0306131941352,8.288710633641898,0.016827818006277084,-0.2281007237151904
0,1989-06-14,424.5903868040121,8.350916740644736,0.006065374240279198,0.06220610700283835
0,1989-06-15,418.51480225784155,8.356293163484212,-0.014309284277260303,0.005376422839475481
0,1989-06-16,417.69970880277884,8.4352227896517,-0.0019475857261568308,0.07892962616748811
0,1989-06-19,415.14555298479945,8.497894555673334,-0.00611481349915266,0.0626717660216336
0,1989-06-20,410.31582786861014,8.494310431133814,-0.011633811518549919,-0.0035841245395200616
0,1989-06-21,416.61625655966577,8.49913914824188,0.015355071052908897,0.004828717108066982
0,1989-06-22,409.4886502775009,8.592927168316383,-0.01710832491517067,0.09378802007450204
0,1989-06-23,402.2851372825927,8.585198441158363,-0.017591483891010284,-0.007728727158019311
0,1989-06-26,406.01071978378695,8.542006347520354,0.009261049330234528,-0.0431920936380088
0,1989-06-27,407.12091912842305,8.587669146840849,0.0027344089467078447,0.04566279932049433
0,1989-06-28,407.051585890189,8.515526964012492,-0.0001703013404039666,-0.07214218282835638
0,1989-06-29,415.75885693536173,8.511124272798499,0.02139107510447502,-0.004402691213993393
0,1989-06-30,412.5070860318103,8.458056766084388,-0.007821290753781796,-0.05306750671411109
0,1989-07-03,414.3635716450287,8.489704577766156,0.004500493872910738,0.031647811681768445
0,1989-07-05,417.5640981791675,8.443321153428471,0.007723957300186157,-0.0463834243376855
0,1989-07-06,415.2333237733863,8.420851404155059,-0.005581836216151714,-0.022469749273412276
0,1989-07-07,415.55831414368873,8.482330779331829,0.0007826692890375853,0.061479375176769935
0,1989-07-10,413.21940816856676,8.43471862834835,-0.005628345999866724,-0.04761215098347904
0,1989-07-11,414.0175915008593,8.452147969706228,0.001931621110998094,0.01742934135787877
0,1989-07-12,414.36044345263747,8.398233984229137,0.0008281096233986318,-0.053913985477091586
0,1989-07-13,409.3772556837255,8.513522114210291,-0.012026214972138405,0.11528812998115434
0,1989-07-14,404.356806184339,8.543770450368644,-0.012263625860214233,0.030248336158352984
0,1989-07-17,400.674716932582,8.515697047989917,-0.009106040000915527,-0.028073402378726797
0,1989-07-18,399.2773402965686,8.482640298537516,-0.003487558802589774,-0.03305674945240078
0,1989-07-19,396.3346857254113,8.551889518751725,-0.007369951345026493,0.06924922021420876
0,1989-07-20,393.8320210313652,8.55160773029958,-0.00631452351808548,-0.00028178845214554826
0,1989-07-21,394.3918274357585,8.487208756799742,0.001421434455551207,-0.06439897349983781
0,1989-07-24,403.0274048185341,8.478958603207104,0.021895933896303177,-0.008250153592637588
0,1989-07-25,402.03222846040626,8.56663610290569,-0.0024692523293197155,0.08767749969858585
0,1989-07-26,398.41904941609175,8.65276367312622,-0.008987287059426308,0.08612757022052975
0,1989-07-27,393.52260546432376,8.71579531436511,-0.0122896833345294,0.06303164123889005
0,1989-07-28,388.5262351007221,8.771594158757514,-0.012696526944637299,0.055798844392404234
0,1989-07-31,385.03838021615826,8.764781847065024,-0.008977141231298447,-0.006812311692490525
0,1989-08-01,384.2165800442349,8.769995618124714,-0.0021343331318348646,0.005213771059690231
0,1989-08-02,382.7132127612549,8.838671095593414,-0.003912812098860741,0.06867547746869995
0,1989-08-03,380.1297372237795,8.858785256638939,-0.0067504215985536575,0.02011416104552488
0,1989-08-04,402.31928137772286,8.78112795241906,0.05837360769510269,-0.07765730421987804
0,1989-08-07,398.70265660009323,8.798640012657986,-0.008989439345896244,0.01751206023892493
0,1989-08-08,414.0087592679497,8.75430751314007,0.038389768451452255,-0.044332499517915736
0,1989-08-09,420.7521259076294,8.746521760285592,0.01628798060119152,-0.007785752854477579
0,1989-08-10,436.8691941776267,8.664931998485004,0.0383053757250309,-0.08158976180058808
0,1989-08-11,435.69444590203767,8.848915857546697,-0.0026890160515904427,0.18398385906169246
0,1989-08-14,429.09338801709123,8.96046532916608,-0.015150658786296844,0.11154947161938367
0,1989-08-15,434.235183603556,8.918752791001575,0.011982928961515427,-0.041712538164505375
0,1989-08-16,439.4483158593156,8.809884824823405,0.012005319818854332,-0.1088679661781704
0,1989-08-17,434.36823991253107,8.761253305041762,-0.011560121551156044,-0.04863151978164204
0,1989-08-18,435.52722451293835,8.821253473357228,0.002668207511305809,0.060000168315465174
0,1989-08-21,425.3315200590971,8.890797893661558,-0.023410027846693993,0.0695444203043305
0,1989-08-22,429.3727904872179,8.763348116992091,0.009501460008323193,-0.12744977666946689
0,1989-08-23,438.9959471483272,8.717212328743647,0.022412125021219254,-0.04613578824844389
0,1989-08-24,436.03260279627915,8.59930753765329,-0.006750277243554592,-0.11790479109035701
0,1989-08-25,441.47814630228913,8.553777187144318,0.01248884480446577,-0.04553035050897236
0,1989-08-28,446.5168480413619,8.711738951492286,0.011413252912461758,0.15796176434796827
0,1989-08-29,435.9850432788203,8.775475525978823,-0.02358657866716385,0.06373657448653702
0,1989-08-30,430.4974385431994,8.865548787410997,-0.012586681172251701,0.09007326143217398
0,1989-08-31,420.67810109076885,8.86997866003061,-0.022809281945228577,0.004429872619612141
0,1989-09-01,423.8308076517964,8.903098272518895,0.007494344376027584,0.0331196124882851
0,1989-09-05,423.5032528466804,8.827434467833282,-0.0007728433120064437,-0.07566380468561285
0,1989-09-06,427.662228447335,8.869311634106557,0.009820410050451756,0.041877166273275535
0,1989-09-07,424.49260806026746,8.876158053444371,-0.007411504164338112,0.006846419337813714
0,1989-09-08,426.3934472602142,8.844790290731131,0.004477908834815025,-0.0313677627132396
0,1989-09-11,429.32791367673894,8.861970151099849,0.0068820626474916935,0.017179860368717215
0,1989-09-12,425.5733020266617,8.832820383189489,-0.008745323866605759,-0.029149767910359614
0,1989-09-13,431.01337552872997,8.821663975177273,0.012782929465174675,-0.011156408012215735
0,1989-09-14,436.32182685878024,8.75307313647247,0.012316210195422173,-0.06859083870480376
0,1989-09-15,439.09131352927244,8.630596797210353,0.00634734844788909,-0.12247633926211599
0,1989-09-18,442.5342883696662,8.606866683740172,0.007841136306524277,-0.02373011347018128
0,1989-09-19,444.9252159914285,8.556770821335675,0.005402807611972094,-0.05009586240449693
0,1989-09-20,454.78306201181533,8.314276710380064,0.022156186401844025,-0.24249411095561157
0,1989-09-21,458.3001965399045,8.331050458515826,0.007733653299510479,0.016773748135761934
0,1989-09-22,449.52808770596033,8.411936221096449,-0.01914053037762642,0.08088576258062297
0,1989-09-25,444.922895166729,8.405826942606785,-0.010244504548609257,-0.006109278489663694
0,1989-09-26,442.7605787075782,8.467306613666615,-0.004859980195760727,0.06147967105983021
0,1989-09-27,441.72157676093866,8.538998192179571,-0.0023466451093554497,0.07169157851295616
0,1989-09-28,443.58994614013295,8.509668485396636,0.004229744430631399,-0.029329706782935006
0,1989-09-29,452.55642244917624,8.341145371082453,0.020213434472680092,-0.16852311431418343
0,1989-10-02,460.46931426235966,8.36419387971622,0.0174848735332489,0.023048508633767284
0,1989-10-03,460.5474762938976,8.363391956490487,0.0001697442785371095,-0.0008019232257332476
0,1989-10-04,457.9704388730698,8.396529784804958,-0.005595595575869083,0.03313782831447121
0,1989-10-05,458.70788613604424,8.419828802922748,0.0016102507943287492,0.02329901811778967
0,1989-10-06,461.0300063850063,8.43200415913497,0.005062307231128216,0.012175356212221544
0,1989-10-11,465.0094909836502,8.42657732592654,0.008631725795567036,-0.0054268332084284054
0,1989-10-12,466.440719677635,8.382015121823983,0.0030778483487665653,-0.044562204102557956
0,1989-10-13,462.3924082518153,8.346532160716913,-0.008679155260324478,-0.0354829611070695
0,1989-10-16,458.6667515070712,8.318908194661146,-0.008057348430156708,-0.027623966055767113
0,1989-10-17,459.31664789011813,8.316574414980622,0.001416924991644919,-0.002333779680524728
0,1989-10-18,459.4960022740304,8.401788736360293,0.0003904809127561748,0.08521432137967189
0,1989-10-19,451.9986162694181,8.211183208144657,-0.016316542401909828,-0.19060552821563626
0,1989-10-20,455.55204912840816,8.124526616104658,0.007861601188778877,-0.08665659203999887
0,1989-10-23,459.6085127436723,8.032738663472767,0.008904500864446163,-0.09178795263189166
0,1989-10-24,456.490808334392,8.009877114386336,-0.00678339134901762,-0.022861549086430344
0,1989-10-25,450.67063779070435,8.166283929099492,-0.012749808840453625,0.1564068147131561
0,1989-10-26,440.6874762111422,8.25104565464695,-0.02215179055929184,0.08476172554745709
0,1989-10-27,439.6770901301531,8.2516664366638,-0.0022927497047930956,0.000620782016850896
0,1989-10-30,437.87055735309644,8.210791420593308,-0.0041087716817855835,-0.040875016070492265
0,1989-10-31,443.72496084806767,8.083736316940739,0.013370169326663017,-0.12705510365256956
0,1989-11-01,449.8041841515614,8.020762966663563,0.01370043121278286,-0.06297335027717565
0,1989-11-02,454.24989363105294,7.963488079149416,0.009883655235171318,-0.05727488751414711
0,1989-11-03,454.47238242817417,7.72218217015609,0.0004897938342764974,-0.2413059089933256
0,1989-11-06,459.2359508188563,7.578904964267133,0.010481535457074642,-0.14327720588895687
0,1989-11-07,450.9514893082984,7.61326466471653,-0.018039662390947342,0.03435970044939651
0,1989-11-08,447.1890351561897,7.632899721230742,-0.008343367837369442,0.019635056514212046
0,1989-11-09,441.75012139503,7.585187819800675,-0.012162448838353157,-0.047711901430067094
0,1989-11-10,448.98039109339186,7.595195763898333,0.01636732928454876,0.010007944097658594
0,1989-11-13,449.55266988207984,7.713947901861101,0.0012746186694130301,0.11875213796276718
0,1989-11-14,443.04603217342674,7.743768621931775,-0.014473582617938519,0.029820720070674156
0,1989-11-15,446.79507972807545,7.849789147801931,0.008461982011795044,0.10602052587015631
0,1989-11-16,441.5908804485508,7.827464415558425,-0.01164784375578165,-0.022324732243506062
0,1989-11-17,447.6230837167068,7.861636919568684,0.013660162687301636,0.034172504010259175
0,1989-11-20,447.43928364122775,7.948100818454147,-0.00041061348747462034,0.08646389888546313
0,1989-11-21,454.18055918800314,7.864764706315014,0.01506634708493948,-0.08333611213913361
0,1989-11-22,453.71443176987975,7.801099341354493,-0.001026304205879569,-0.06366536496052078
0,1989-11-24,456.8380454294011,7.775844222237672,0.0068845367059111595,-0.02525511911682088
0,1989-11-27,454.499904343458,7.766082845560378,-0.005118096247315407,-0.009761376677293931
0,1989-11-28,455.19612339195766,7.796978371272542,0.001531835412606597,0.030895525712163696
0,1989-11-29,453.681884735217,7.713958323535927,-0.0033265631645917892,-0.08302004773661498
0,1989-11-30,451.276645976534,7.726130049724807,-0.005301597528159618,0.012171726188880072
0,1989-12-01,458.9457049473248,7.677736990558604,0.016994141042232513,-0.04839305916620251
0,1989-12-04,454.93889015356467,7.683456480994592,-0.008730476722121239,0.005719490435987851
0,1989-12-05,454.039834238192,7.652957383492832,-0.0019762124866247177,-0.030499097501760275
0,1989-12-06,455.1982320864195,7.72851798767433,0.002551313256844878,0.07556060418149801
0,1989-12-07,455.3003147369381,7.775765318357947,0.00022425976931117475,0.04724733068361697
0,1989-12-08,449.82555125260365,7.8120006768179655,-0.012024510651826859,0.036235358460018574
0,1989-12-11,444.90540213384446,7.835973999835872,-0.010937904939055443,0.023973323017906445
0,1989-12-12,439.71675628635796,7.893025921495553,-0.011662357486784458,0.057051921659681426
0,1989-12-13,436.9555865643792,7.941386963561464,-0.006279428023844957,0.04836104206591063
0,1989-12-14,430.94606569796133,8.002474015261996,-0.013753161765635014,0.061087051700531525
0,1989-12-15,429.37594073277813,7.927048423086894,-0.0036434372887015343,-0.07542559217510192
0,1989-12-18,432.50652026127534,7.895973404693254,0.007290998939424753,-0.031075018393639908
0,1989-12-19,430.128999214418,7.910494928439218,-0.005497075617313385,0.01452152374596416
0,1989-12-20,430.8478279592249,7.906452821315706,0.0016711934003978968,-0.00404210712351194
0,1989-12-21,429.0912490927308,7.912352552116977,-0.0040770284831523895,0.0058997308012713745
0,1989-12-22,432.15406041257415,7.8905717869446725,0.007137902081012726,-0.02178076517230476
0,1989-12-26,436.8150002990564,7.875567820049069,0.010785366408526897,-0.015003966895603682
0,1989-12-27,437.3425857615183,7.8430577615323545,0.001207800698466599,-0.0325100585167144
0,1989-12-28,442.4200531151635,7.786614074007486,0.011609816923737526,-0.056443687524868835
0,1989-12-29,444.60656055271,7.74938113209358,0.0049421526491642,-0.03723294191390547
0,1990-01-02,446.8000438766097,7.760278745828936,0.004933537915349007,0.010897613735355804
0,1990-01-03,446.39890714970295,7.798044946937819,-0.000897799211088568,0.037766201108882846
0,1990-01-04,450.52012483735905,7.761730241226535,0.009232141077518463,-0.036314705711284034
0,1990-01-05,454.2233470636532,7.790910336346498,0.008219881914556026,0.029180095119963667
0,1990-01-08,454.3262963794076,7.796631907285319,0.00022664910648018122,0.0057215709388209746
0,1990-01-09,455.3823493495024,7.849205227844403,0.0023244372569024563,0.052573320559083925
0,1990-01-10,456.51468998616707,7.900796475125286,0.002486571203917265,0.051591247280883046
0,1990-01-11,459.67457629391095,7.832156323383312,0.006921762600541115,-0.0686401517419748
0,1990-01-12,463.4392166600295,7.728180020484877,0.008189794607460499,-0.10397630289843462
0,1990-01-17,464.43189720935743,7.736789686725605,0.002141986507922411,0.008609666240728231
0,1990-01-18,457.95808812209407,7.741136550838212,-0.013939199969172478,0.004346864112607207
0,1990-01-19,455.88995454713466,7.71530280300587,-0.004515988752245903,-0.02583374783234227
0,1990-01-22,463.04737221683416,7.7297501219772045,0.015699880197644234,0.014447318971334333
0,1990-01-23,455.4602046569933,7.865875029395712,-0.016385294497013092,0.13612490741850714
0,1990-01-24,452.92530912597306,7.923859011070862,-0.00556556973606348,0.057983981675150176
0,1990-01-25,452.76733748796937,7.848264784917951,-0.000348780769854784,-0.07559422615291034
0,1990-01-26,466.2184176884511,7.76931203191884,0.02970859222114086,-0.0789527529991112
0,1990-01-29,465.3895807575067,7.7839762568372075,-0.001777786761522293,0.014664224918367275
0,1990-01-30,463.70939997052955,7.859099136659408,-0.0036102673038840294,0.07512287982220034
0,1990-01-31,461.41370894161946,7.821781959613187,-0.0049507105723023415,-0.03731717704622106
0,1990-02-01,463.76505737342075,7.745879879151985,0.0050959656946361065,-0.0759020804612014
0,1990-02-02,470.03595676932156,7.737952246581623,0.013521715998649597,-0.007927632570362775
0,1990-02-05,469.30919750760484,7.797076048018815,-0.001546178013086319,0.05912380143719265
0,1990-02-06,470.78192054244084,7.815338272814166,0.0031380655709654093,0.018262224795350335
0,1990-02-07,472.5877463205949,7.798896202244806,0.0038358010351657867,-0.016442070569359757
0,1990-02-08,474.8167168515598,7.730770828920426,0.0047165220603346825,-0.06812537332437962
0,1990-02-09,479.38604546137685,7.744769189918782,0.009623352438211441,0.013998360998355608
0,1990-02-12,482.72557453610966,7.67694222641654,0.006966262590140104,-0.06782696350224171
0,1990-02-13,478.3506736330984,7.681803774869438,-0.009062915109097958,0.004861548452898212
0,1990-02-14,481.30326246738355,7.698862165807176,0.006172435823827982,0.017058390937737755
0,1990-02-15,479.18691567752364,7.757098437388598,-0.00439711706712842,0.058236271581422194
0,1990-02-16,468.8861469412912,7.887262660842311,-0.021496348083019257,0.13016422345371303
0,1990-02-20,461.84141245688187,7.979588035765813,-0.015024403110146523,0.09232537492350179
0,1990-02-21,457.35543857134985,8.000465599379623,-0.009713234379887581,0.020877563613810324
0,1990-02-22,457.9622561051718,7.947831492154325,0.0013267963659018278,-0.052634107225298266
0,1990-02-23,465.2827209008202,7.932444449690725,0.01598486490547657,-0.015387042463600231
0,1990-02-26,469.6722932627265,7.841722633164673,0.009434204548597336,-0.09072181652605149
0,1990-02-27,472.2186269376485,7.885164707998191,0.005421511363238096,0.04344207483351781
0,1990-02-28,471.5172390635268,7.887808540519934,-0.0014853032771497965,0.0026438325217430503
0,1990-03-01,475.1825435995093,7.8078719499803455,0.007773426361382008,-0.07993659053958879
0,1990-03-02,478.5743602449385,7.82838597226288,0.007137923501431942,0.020514022282534405
0,1990-03-05,476.4676696753627,7.85374199222877,-0.0044020130299031734,0.025356019965889764
0,1990-03-06,479.585329983057,7.830449389511471,0.006543277762830257,-0.023292602717298827
0,1990-03-07,478.86505767958135,7.895726845983216,-0.0015018647536635399,0.06527745647174488
0,1990-03-08,474.7048403796378,7.908033745778313,-0.008687661029398441,0.012306899795097692
0,1990-03-09,476.5726721455016,7.910005575074035,0.003934722393751144,0.0019718292957211503
0,1990-03-12,481.62253277436844,7.829180279749792,0.010596202686429024,-0.08082529532424232
0,1990-03-13,486.87039778675774,7.826399095030519,0.010896219871938229,-0.002781184719273355
0,1990-03-14,480.9773615852117,7.889165151624386,-0.012103911489248276,0.06276605659386725
0,1990-03-15,474.09128068157526,7.896632283415205,-0.01431685034185648,0.007467131790819259
0,1990-03-16,472.7318710369865,7.88608815624499,-0.002867400646209717,-0.010544127170215134
0,1990-03-19,470.67779546288216,7.905067544758946,-0.004345117602497339,0.018979388513955975
0,1990-03-20,473.15768556991947,7.89855192320085,0.00526876375079155,-0.00651562155809593
0,1990-03-21,462.50706490814594,7.9764177997005365,-0.022509664297103882,0.07786587649968624
0,1990-03-22,461.56572276461185,7.990014200634741,-0.0020353032741695642,0.013596400934204667
0,1990-03-23,467.72361220839525,7.9271348369061005,0.013341305777430534,-0.06287936372864067
0,1990-03-26,468.12381210174647,7.914571798892928,0.0008556332904845476,-0.012563038013172267
0,1990-03-27,466.7532445725242,7.9652786333785555,-0.002927788533270359,0.050706834485627184
0,1990-03-28,463.84538188449955,7.952598251924132,-0.006229978520423174,-0.012680381454423184
0,1990-03-29,463.0659428053941,7.960622733311571,-0.0016803855542093515,0.008024481387439053
0,1990-03-30,468.2424798482771,7.905506550385923,0.011178833432495594,-0.055116182925647905
0,1990-04-02,469.0258431626311,7.968703922920595,0.0016729864291846752,0.06319737253467128
0,1990-04-03,463.8039817648129,7.968021230154101,-0.01113341934978962,-0.0006826927664933535
0,1990-04-04,464.96039104019206,7.922812825534455,0.002493314677849412,-0.045208404619645925
0,1990-04-05,465.3820961673038,7.950990502200734,0.0009069700026884675,0.028177676666278906
0,1990-04-06,469.761508748307,7.988965065951656,0.009410358965396881,0.037974563750921675
0,1990-04-09,465.5129633753249,7.982340269050204,-0.009044047445058823,-0.0066247969014519015
0,1990-04-10,462.52641105723427,8.004652451781645,-0.006415615789592266,0.022312182731440977
0,1990-04-11,458.64565418363617,8.00240205054085,-0.00839034654200077,-0.002250401240795341
0,1990-04-12,457.2450229837844,7.983179148388962,-0.003053841646760702,-0.01922290215188749
0,1990-04-16,459.80229857353316,7.926464492737138,0.005592790432274342,-0.056714655651823875
0,1990-04-17,467.51504401689095,7.87253006231831,0.016774047166109085,-0.053934430418828505
0,1990-04-18,471.9440067842245,7.813529907160903,0.009473412297666073,-0.059000155157407086
0,1990-04-19,474.02174230466005,7.786955638647489,0.004402504302561283,-0.02657426851341338
0,1990-04-20,467.52548212404366,7.807455197341348,-0.01370456162840128,0.020499558693858333
0,1990-04-23,460.0095222537929,7.823664022686662,-0.016076043248176575,0.016208825345314537
0,1990-04-24,459.28132763307013,7.804794366766376,-0.0015829990152269602,-0.018869655920286554
0,1990-04-25,463.6139043574534,7.777372683789553,0.009433383122086525,-0.027421682976823014
0,1990-04-26,463.38962027527987,7.8054057044449445,-0.00048377341590821743,0.028033020655391816
0,1990-04-27,465.3245474446021,7.800103949819335,0.004175594542175531,-0.005301754625609334
0,1990-04-30,464.885649447787,7.733504796535257,-0.0009432083461433649,-0.06659915328407795
0,1990-05-01,469.38259109172793,7.690798973410806,0.009673221036791801,-0.04270582312445104
0,1990-05-02,467.8535695382574,7.660856535745865,-0.0032575165387243032,-0.02994243766494087
0,1990-05-03,467.7330888922491,7.6576496785548915,-0.00025751785142347217,-0.0032068571909737997
0,1990-05-04,469.6947339321935,7.659019921916573,0.004193941131234169,0.0013702433616815668
0,1990-05-07,469.8444290802701,7.5985735443133136,0.00031870731618255377,-0.06044637760325955
0,1990-05-08,469.1143221983826,7.6519308136768025,-0.0015539332525804639,0.053357269363488946
0,1990-05-09,464.0979382798568,7.763774305629292,-0.010693307965993881,0.11184349195248977
0,1990-05-10,456.9361862899112,7.7502372149009195,-0.01543155312538147,-0.013537090728372725
0,1990-05-11,458.22317446548846,7.661757832754335,0.0028165599796921015,-0.08847938214658413
0,1990-05-14,463.54725661900284,7.582516419199996,0.011618971824645996,-0.07924141355433978
0,1990-05-15,463.04239509322684,7.597100897145431,-0.0010891263373196125,0.014584477945435381
0,1990-05-16,459.12911520603177,7.655706745200601,-0.008451234549283981,0.05860584805517011
0,1990-05-17,453.2636940663327,7.6857298012997814,-0.012775101698935032,0.030023056099180323
0,1990-05-18,456.312141778086,7.599416492362936,0.006725550163537264,-0.08631330893684552
0,1990-05-21,455.006916244077,7.471205510260372,-0.0028603787068277597,-0.12821098210256388
0,1990-05-22,464.13585805878853,7.384617517075037,0.020063303411006927,-0.08658799318533461
0,1990-05-23,467.91634700070523,7.381609811725198,0.008145220577716827,-0.003007705349839185
0,1990-05-24,471.3038546595249,7.347981079856178,0.007239558268338442,-0.03362873186901982
0,1990-05-25,472.4300244274808,7.3216874551539135,0.002389477100223303,-0.02629362470226493
0,1990-05-29,472.33138754700923,7.395287769700489,-0.0002087862230837345,0.07360031454657534
0,1990-05-30,468.0172216675923,7.514433030097477,-0.009133769199252129,0.11914526039698803
0,1990-05-31,468.97417477754016,7.556159190514168,0.0020446963608264923,0.041726160416691194
0,1990-06-01,466.3295949650022,7.590837922977028,-0.005639073438942432,0.034678732462859685
0,1990-06-04,468.6331706095143,7.668488073872245,0.004939801525324583,0.07765015089521743
0,1990-06-05,466.7011717352849,7.695417088775565,-0.004122625105082989,0.026929014903319448
0,1990-06-06,470.9351604693038,7.632042966329467,0.009072162210941315,-0.0633741224460973
0,1990-06-07,471.24779548612565,7.520848554014317,0.0006638600025326014,-0.11119441231515026
0,1990-06-08,470.38069008719077,7.609652690389431,-0.001840020064264536,0.08880413637511353
0,1990-06-11,473.7824438674856,7.607491281093381,0.0072319163009524345,-0.0021614092960495768
0,1990-06-12,474.99980475046596,7.5988629976375694,0.002569451229646802,-0.00862828345581157
0,1990-06-13,472.8027258041498,7.647553893932782,-0.004625431261956692,0.04869089629521284
0,1990-06-14,468.9129680855148,7.769343976647441,-0.008227020502090454,0.12179008271465896
0,1990-06-15,463.541220054661,7.717406692799735,-0.011455746367573738,-0.051937283847705906
0,1990-06-18,468.72657775726816,7.767508545961826,0.011186400428414345,0.050101853162090926
0,1990-06-19,462.323765858409,7.744411841026403,-0.013660014607012272,-0.023096704935423595
0,1990-06-20,468.4225178797962,7.761697744693679,0.013191517442464828,0.017285903667276337
0,1990-06-21,466.5435039123205,7.723613191667694,-0.004011365585029125,-0.03808455302598546
0,1990-06-22,469.2059040600404,7.701353518529283,0.005706649273633957,-0.022259673138410818
0,1990-06-25,471.772871215701,7.779329049120909,0.005470875650644302,0.0779755305916261
0,1990-06-26,472.9483303395116,7.865376425233003,0.002491578459739685,0.08604737611209412
0,1990-06-27,470.5862716279487,7.82224925410487,-0.004994327202439308,-0.043127171128133135
0,1990-06-28,476.19184988777386,7.750805536056847,0.011911903508007526,-0.07144371804802319
0,1990-06-29,469.84527890236734,7.780516285677605,-0.013327760621905327,0.029710749620758037
0,1990-07-02,462.3649411703855,7.851327069553319,-0.0159208532422781,0.07081078387571438
0,1990-07-03,458.7940623268226,7.9215940781063265,-0.007723074406385422,0.07026700855300749
0,1990-07-05,455.9146082744513,7.786972463666874,-0.006276136264204979,-0.1346216144394523
0,1990-07-06,462.5899274797093,7.653119588520534,0.014641599729657173,-0.13385287514634037
0,1990-07-09,470.94492998991876,7.618022850908714,0.018061358481645584,-0.03509673761181986
0,1990-07-10,471.55753389840544,7.609328338675478,0.0013007973320782185,-0.008694512233235585
0,1990-07-11,470.1834448558692,7.6261115544100635,-0.0029139372054487467,0.016783215734585077
0,1990-07-12,472.99701073402906,7.622921754165879,0.005983974784612656,-0.003189800244184582
0,1990-07-13,477.43828671159974,7.589873033236641,0.009389649145305157,-0.03304872092923805
0,1990-07-16,481.7822300674312,7.530594272791185,0.00909843947738409,-0.05927876044545588
0,1990-07-17,482.98173628915475,7.509767431910612,0.0024897269904613495,-0.02082684088057274
0,1990-07-18,481.7903678074435,7.459706700098604,-0.0024666946846991777,-0.05006073181200854
0,1990-07-19,479.37191475219635,7.484594460370008,-0.005019720643758774,0.024887760271404602
0,1990-07-20,476.4836438246104,7.518364868476651,-0.00602511502802372,0.033770408106642336
0,1990-07-23,471.97447758304594,7.47282075067212,-0.009463422931730747,-0.04554411780453105
0,1990-07-24,472.1591430968998,7.498088401030393,0.00039126165211200714,0.025267650358273386
0,1990-07-25,464.7028150927538,7.575558338339622,-0.015791980549693108,0.07746993730922913
0,1990-07-26,464.6783416761687,7.594648020518957,-5.266466177999973e-05,0.01908968217933449
0,1990-07-27,465.6238043100802,7.6425251222851855,0.002034660428762436,0.04787710176622895
0,1990-07-30,461.4926344399148,7.680402195158733,-0.00887233391404152,0.037877072873547135
0,1990-07-31,464.1292063128343,7.666354810238417,0.005713139660656452,-0.014047384920315764
0,1990-08-01,457.50311244732524,7.687782572460379,-0.014276399277150631,0.021427762221962077
0,1990-08-02,451.0373842335039,7.785993271890558,-0.01413264311850071,0.09821069943017857
0,1990-08-03,446.0881552315206,7.844441784187981,-0.010972990654408932,0.05844851229742343
0,1990-08-06,450.2449698805556,7.844308542095403,0.009318370372056961,-0.0001332420925779232
0,1990-08-07,453.885806112896,7.849673576759375,0.00808634515851736,0.005365034663971535
0,1990-08-08,452.48949785704,7.969326780156094,-0.0030763426329940557,0.11965320339671948
0,1990-08-09,445.34356325889706,8.072711050912705,-0.0157924871891737,0.10338427075661105
0,1990-08-10,446.02922015560245,8.127056481831984,0.0015396133530884981,0.05434543091927857
0,1990-08-13,446.55158977449656,8.130500468058749,0.0011711555998772383,0.0034439862267650057
0,1990-08-14,448.64888857029615,8.109906277317064,0.004696655087172985,-0.02059419074168467
0,1990-08-15,444.3417432946443,8.051688554550477,-0.009600258432328701,-0.05821772276658699
0,1990-08-16,446.06847476796327,7.9527425896165935,0.003886043792590499,-0.09894596493388352
0,1990-08-17,451.6359880472835,7.7064114245771655,0.012481297366321087,-0.24633116503942798
0,1990-08-20,462.8420238694052,7.559444384690157,0.02481209672987461,-0.14696703988700843
0,1990-08-21,467.872487489072,7.540250035976962,0.01086864061653614,-0.01919434871319492
0,1990-08-22,472.9171564737254,7.51574057049072,0.010782144963741302,-0.024509465486242554
0,1990-08-23,471.16811680460637,7.572395693136124,-0.0036984060425311327,0.05665512264540418
0,1990-08-24,470.99330889343827,7.624026327418019,-0.00037100963527336717,0.05163063428189485
0,1990-08-27,474.7408518922536,7.554744174112644,0.007956679910421371,-0.0692821533053749
0,1990-08-28,474.54234080948635,7.699298169842414,-0.00041814619908109307,0.1445539957297699
0,1990-08-29,472.94848049564064,7.698033770944171,-0.003358731511980295,-0.0012643988982423693
0,1990-08-30,473.11427373778423,7.698100984622019,0.0003505524364300072,6.721367784745524e-05
0,1990-08-31,474.47435974150466,7.6639839479493075,0.0028747515752911568,-0.034117036672711265
0,1990-09-04,480.6904838403212,7.5268720661107,0.01310107484459877,-0.13711188183860745
0,1990-09-05,479.4361364781374,7.356892535464397,-0.0026094699278473854,-0.16997953064630344
0,1990-09-06,478.2300061777345,7.373861308046264,-0.00251572672277689,0.016968772581867242
0,1990-09-07,475.06211746076275,7.36711170115941,-0.006624194793403149,-0.006749606886853776
0,1990-09-10,475.8535210068063,7.277007507529161,0.0016658948734402657,-0.09010419363024891
0,1990-09-11,474.2059184373536,7.257782337909194,-0.0034624154213815928,-0.019225169619967453
0,1990-09-12,472.059076393961,7.314520621465002,-0.004527235869318247,0.056738283555808344
0,1990-09-13,469.48470399575115,7.309169566613907,-0.005453496240079403,-0.005351054851095327
0,1990-09-14,470.35971854164603,7.2986063715501635,0.0018637764733284712,-0.010563195063743258
0,1990-09-17,466.4060047507637,7.236426415463952,-0.008405723609030247,-0.06217995608621152
0,1990-09-18,464.03579174544626,7.27700840682172,-0.005081866402179003,0.040581991357767855
0,1990-09-19,457.47960257846967,7.315412733360311,-0.014128628186881542,0.038404326538591604
0,1990-09-20,461.135130391154,7.285240705724155,0.00799058098345995,-0.030172027636156784
0,1990-09-21,461.78340623352295,7.3681215828472935,0.0014058261876925826,0.08288087712313885
0,1990-09-24,456.2848470950184,7.415252731642649,-0.011907225474715233,0.04713114879535585
0,1990-09-25,454.48839907209793,7.477147943284555,-0.003937119618058205,0.06189521164190559
0,1990-09-26,450.0157018234668,7.478709835764594,-0.009841169230639935,0.0015618924800389067
0,1990-09-27,451.9466889541862,7.304434808511475,0.004290932789444923,-0.1742750272531186
0,1990-09-28,455.9313599441023,7.339229383688229,0.008816683664917946,0.034794575176753995
0,1990-10-01,451.7383484180291,7.332190680700466,-0.009196585044264793,-0.007038702987762768
0,1990-10-02,449.4860193964442,7.336978568797122,-0.004985915031284094,0.004787888096655202
0,1990-10-03,451.10643364896083,7.309123187993716,0.003605038160458207,-0.02785538080340544
0,1990-10-04,445.39357995356465,7.369712352976211,-0.01266409270465374,0.06058916498249456
0,1990-10-05,443.45641423179626,7.339232916740473,-0.004349334631115198,-0.0304794362357379
0,1990-10-10,444.3850460855624,7.093419010716791,0.002094076946377754,-0.24581390602368192
0,1990-10-11,449.4467637733116,7.001035892692342,0.011390387080609798,-0.09238311802444876
0,1990-10-12,444.7328958981229,7.00548422847828,-0.010488156229257584,0.004448335785937729
0,1990-10-15,443.5587343333393,6.970814547228523,-0.002640150021761656,-0.03466968124975711
0,1990-10-16,435.7639209878274,6.920062198736682,-0.01757335104048252,-0.05075234849184085
0,1990-10-17,441.855313479367,6.797495061916734,0.013978652656078339,-0.12256713681994835
0,1990-10-18,443.8154232654925,6.91263019482736,0.0044360896572470665,0.11513513291062605
0,1990-10-19,433.62125318926024,6.915746167225554,-0.02296939119696617,0.0031159723981941667
0,1990-10-22,440.89867303447255,6.891191565935914,0.016782894730567932,-0.0245546012896396
0,1990-10-23,447.5197909040898,6.82509001820153,0.015017323195934296,-0.06610154773438381
0,1990-10-24,448.73959035096505,6.888613618227452,0.002725688274949789,0.06352360002592139
0,1990-10-25,446.2273303642596,6.90109066666279,-0.005598480813205242,0.012477048435338034
0,1990-10-26,444.75795771884464,7.022220274714795,-0.0032928790897130966,0.12112960805200501
0,1990-10-29,437.862636305415,6.999769550048904,-0.01550353690981865,-0.02245072466589093
0,1990-10-30,440.8661346525678,6.9300304053002755,0.006859453395009041,-0.06973914474862841
0,1990-10-31,441.93680299578705,7.013414319330291,0.0024285565596073866,0.08338391403001566
0,1990-11-01,439.70273875000413,6.999202923324662,-0.005055166780948639,-0.014211396005628707
0,1990-11-02,442.9992299230273,6.915519002254782,0.007497090380638838,-0.08368392106988054
0,1990-11-05,442.24352008541024,6.943991679051802,-0.0017058942466974258,0.028472676797020036
0,1990-11-06,439.59748560050843,7.001886365711822,-0.005983206909149885,0.05789468666002051
0,1990-11-07,437.5680961438715,7.032361155478628,-0.004616471938788891,0.03047478976680562
0,1990-11-08,438.39143380293876,6.915752867391045,0.001881621778011322,-0.11660828808758339
0,1990-11-09,442.6730092490771,6.896896859111029,0.009766558185219765,-0.018856008280015324
0,1990-11-14,446.11605852489436,6.862130426130856,0.0077778613194823265,-0.0347664329801729
0,1990-11-15,447.3547403019262,6.858875367933596,0.0027765908744186163,-0.003255058197260574
0,1990-11-16,451.1228778638983,6.8767538915354445,0.008423153311014175,0.017878523601848606
0,1990-11-19,452.4652209611587,6.828877361290144,0.0029755597934126854,-0.047876530245300586
0,1990-11-20,453.2956195326495,6.859050665595618,0.0018352760234847665,0.030173304305473714
0,1990-11-21,454.74432368058444,6.855523079696687,0.003195936791598797,-0.003527585898930319
0,1990-11-23,456.3848136672931,6.868730181166182,0.003607499646022916,0.013207101469494553
0,1990-11-26,457.8426779961183,6.85296671119214,0.0031943751964718103,-0.015763469974041655
0,1990-11-27,455.2124659509732,6.93162163104388,-0.005744794383645058,0.07865491985173989
0,1990-11-28,453.9500985414542,6.936671362454462,-0.002773138927295804,0.005049731410581515
0,1990-11-29,459.50170763718603,6.9155954986401005,0.0122295580804348,-0.021075863814361107
0,1990-11-30,459.53008946572743,6.881719688185364,6.176653550937772e-05,-0.03387581045473631
0,1990-12-03,458.33269129994943,6.891999958548819,-0.002605701331049204,0.010280270363455024
0,1990-12-04,464.98993351938833,6.909367805064432,0.01452491246163845,0.017367846515612406
0,1990-12-05,461.6171817916076,6.965455693853279,-0.0072533865459263325,0.05608788878884763
0,1990-12-06,465.251960157569,7.001629688239724,0.007874010130763054,0.036173994386444974
0,1990-12-07,463.3875714080001,6.953909544236383,-0.0040072668343782425,-0.04772014400334079
0,1990-12-10,467.228181874391,6.925559798139886,0.008288117125630379,-0.028349746096496986
0,1990-12-11,470.691873996901,6.962336496660967,0.00741327740252018,0.036776698521080675
0,1990-12-12,474.6104712209258,6.988141641213984,0.008325185626745224,0.025805144553016746
0,1990-12-13,474.3875873633668,6.868069788206953,-0.00046961428597569466,-0.1200718530070306
0,1990-12-14,479.410960067006,6.888340329565852,0.0105891739949584,0.020270541358899052
0,1990-12-17,476.0957733208258,6.916460619088784,-0.00691512506455183,0.02812028952293133
0,1990-12-18,478.90422835887296,6.909187461412373,0.005898928735405207,-0.007273157676410236
0,1990-12-19,474.9609551070937,7.068207317631938,-0.008233949542045593,0.15901985621956438
0,1990-12-20,469.68312047654945,7.072000646208474,-0.011112144216895103,0.003793328576536581
0,1990-12-21,470.60816607487845,6.824747380075677,0.0019695099908858538,-0.2472532661327973
0,1990-12-24,476.196017799359,6.73782695939373,0.011873682029545307,-0.08692042068194716
0,1990-12-26,472.6053225848463,6.758887668717239,-0.00754037220031023,0.021060709323508675
0,1990-12-27,475.49232377861335,6.801041983338456,0.006108693778514862,0.042154314621217104
0,1990-12-28,474.31302043628335,6.792091558878774,-0.0024801732506603003,-0.008950424459682083
0,1990-12-31,478.83283585903405,6.73651497608715,0.009529182687401772,-0.05557658279162325
0,1991-01-02,481.3091803657058,6.682475651198959,0.005171626340597868,-0.05403932488819141
0,1991-01-03,481.4108388495853,6.704253909578446,0.00021121243480592966,0.021778258379486992
0,1991-01-04,486.1839241136325,6.677165816558549,0.009914785623550415,-0.027088093019896675
0,1991-01-07,485.4190154224632,6.763368708085042,-0.0015732907922938466,0.08620289152649274
0,1991-01-08,481.58857023448843,6.765853106239747,-0.007891007699072361,0.0024843981547046923
0,1991-01-09,480.8905794870654,6.7867745753230935,-0.0014493507333099842,0.0209214690833468
0,1991-01-10,480.38842154685545,6.7606604619528605,-0.0010442249476909637,-0.02611411337023295
0,1991-01-11,488.1930607422361,6.798979218866415,0.01624651812016964,0.03831875691355435
0,1991-01-14,487.47136842483104,6.745153592939032,-0.0014782928628847003,-0.0538256259273826
0,1991-01-15,494.6271925259485,6.68223760944265,0.01467947568744421,-0.06291598349638239
0,1991-01-16,491.6272406739218,6.729918121502809,-0.006065076682716608,0.04768051206015933
0,1991-01-17,487.3151747295322,6.818873148385441,-0.00877100694924593,0.08895502688263157
0,1991-01-18,484.7259091390899,6.850068323071936,-0.005313328467309475,0.03119517468649491
0,1991-01-23,484.7717853253219,6.841167158859422,9.464356116950512e-05,-0.008901164212513635
0,1991-01-24,488.59866953087425,6.834340083499616,0.007894197478890419,-0.0068270753598058675
0,1991-01-25,493.1722550111444,6.92558590852321,0.009360617958009243,0.09124582502359413
0,1991-01-28,490.06170859895315,6.902883087898794,-0.00630722101777792,-0.022702820624416198
0,1991-01-29,485.58173093514506,6.954924056330136,-0.009141660295426846,0.052040968431342094
0,1991-01-30,482.2180348840454,7.0284210635366415,-0.006927147042006254,0.07349700720650532
0,1991-01-31,477.5348341948476,7.182116099559812,-0.009711790829896927,0.15369503602317014
0,1991-02-01,470.58269060685615,7.233900493414031,-0.014558400958776474,0.05178439385421907
0,1991-02-04,472.28973875437015,7.251907720686996,0.003627520054578781,0.018007227272965665
0,1991-02-05,471.29484157292836,7.2082364922078135,-0.0021065399050712585,-0.04367122847918292
0,1991-02-06,475.89043207517705,7.152752981712761,0.009750988334417343,-0.05548351049505218
0,1991-02-07,479.42445767611537,7.112272913599857,0.0074261329136788845,-0.04048006811290428
0,1991-02-08,488.739992956519,7.127658713782757,0.01943066343665123,0.0153858001828997
0,1991-02-11,488.3097661457791,7.141045546860327,-0.0008802774827927351,0.01338683307757016
0,1991-02-12,493.07488716026563,7.1060720669938995,0.009758397936820984,-0.034973479866427404
0,1991-02-13,490.89348130402703,7.031094780457207,-0.004424086306244135,-0.07497728653669267
0,1991-02-14,495.16281956276634,6.9110185092673415,0.008697076700627804,-0.1200762711898653
0,1991-02-15,496.73175300083795,6.9274144957192645,0.0031685202848166227,0.016395986451922973
0,1991-02-19,489.4255978913556,6.944629235514944,-0.014708451926708221,0.01721473979567989
0,1991-02-20,491.26813600350147,6.914536572435542,0.0037646950222551823,-0.030092663079402726
0,1991-02-21,493.0159653573906,6.8885081688873635,0.0035577910020947456,-0.026028403548178147
0,1991-02-22,492.60893246684066,6.844371347000527,-0.000825597788207233,-0.04413682188683676
0,1991-02-25,490.4624092289596,6.939687855905184,-0.004357459023594856,0.09531650890465748
0,1991-02-26,489.3359634587108,6.95936918145555,-0.0022967015393078327,0.019681325550365614
0,1991-02-27,492.2083671561317,6.917278606225496,0.005870003253221512,-0.04209057523005377
0,1991-02-28,493.036396172418,6.905290444932394,0.0016822733450680971,-0.011988161293102095
0,1991-03-01,493.4232537840578,6.935413549652613,0.0007846431108191609,0.03012310472021884
0,1991-03-04,493.5128566468238,6.929880671859532,0.00018159432511311024,-0.005532877793080537
0,1991-03-05,491.3323173153488,6.933072388813449,-0.004418404307216406,0.0031917169539168455
0,1991-03-06,492.09067993609375,6.994286003275281,0.0015434820670634508,0.061213614461832044
0,1991-03-07,488.13132781932643,6.9222097174897,-0.008045980706810951,-0.072076285785581
0,1991-03-08,492.30977198482975,6.947319576029473,0.00856008194386959,0.0251098585397731
0,1991-03-11,497.78251889931613,6.977569914135401,0.011116470210254192,0.03025033810592781
0,1991-03-12,492.56726168966804,6.79481202135401,-0.010476979427039623,-0.18275789278139065
0,1991-03-13,504.4289377507496,6.766022260037907,0.024081332609057426,-0.028789761316103224
0,1991-03-14,509.91489637701255,6.778705521923938,0.010875582695007324,0.012683261886031083
0,1991-03-15,509.8987899186164,6.742016129073363,-3.158656181767583e-05,-0.03668939285057515
0,1991-03-18,509.97994224971177,6.756184636410294,0.0001591538020875305,0.014168507336931313
0,1991-03-19,510.6818655232063,6.756850036085229,0.0013763742754235864,0.0006653996749346192
0,1991-03-20,512.4556533605577,6.842758265902377,0.0034733715001493692,0.0859082298171483
0,1991-03-21,509.8570078233193,6.864032618154821,-0.0050709666684269905,0.02127435225244323
0,1991-03-22,512.1363564243269,6.811327157514615,0.004470564424991608,-0.05270546064020554
0,1991-03-25,514.2125494127629,6.769813271609519,0.004053984768688679,-0.04151388590509608
0,1991-03-26,511.27428396738657,6.885278207633768,-0.00571410683915019,0.11546493602424945
0,1991-03-27,511.7005834854895,6.883020946955152,0.0008337980834767222,-0.002257260678616646
0,1991-03-28,511.94656331377456,6.838658710863407,0.00048071047058328986,-0.04436223609174483
0,1991-04-01,505.1324661966083,6.94585099925115,-0.013310172595083714,0.10719228838774342
0,1991-04-02,490.8557422603885,7.02561131524373,-0.028263326734304428,0.07976031599257993
0,1991-04-03,493.06270225361493,6.9587841461881865,0.004496147856116295,-0.06682716905554376
0,1991-04-04,496.3578705495874,6.897214964177422,0.0066830613650381565,-0.06156918201076422
0,1991-04-05,499.4515310357478,6.935058733451576,0.006232721731066704,0.03784376927415334
0,1991-04-08,491.9269925722969,7.051431111754432,-0.015065602958202362,0.11637237830285674
0,1991-04-09,488.0126308513262,7.034712359201181,-0.007957200519740582,-0.016718752553251726
0,1991-04-10,488.7909795989236,6.988837445210049,0.001594935660250485,-0.04587491399113208
0,1991-04-11,491.2128914514342,6.976224424727529,0.004954902920871973,-0.012613020482519666
0,1991-04-12,490.4341917441011,6.993963410991743,-0.0015852591022849083,0.017738986264213885
0,1991-04-15,490.84983511745327,6.939870593736055,0.0008475008071400225,-0.05409281725568782
0,1991-04-16,495.3157377209398,6.972733477710801,0.009098307229578495,0.03286288397474646
0,1991-04-17,497.1792389273978,6.920350481491737,0.0037622491363435984,-0.05238299621906428
0,1991-04-18,494.8188512311965,6.948250775552793,-0.004747558850795031,0.027900294061056208
0,1991-04-19,490.42817480837766,7.022192742262848,-0.00887330062687397,0.07394196671005471
0,1991-04-22,482.6263086340669,7.0623501845483965,-0.015908274799585342,0.040157442285548406
0,1991-04-23,480.6755733017957,6.97691372238611,-0.004041916690766811,-0.08543646216228673
0,1991-04-24,486.2591047778971,6.864009044695812,0.01161600835621357,-0.112904677690298
0,1991-04-25,488.18475780098123,6.8644314530366515,0.0039601377211511135,0.00042240834083973056
0,1991-04-26,491.11837362023067,6.838307473880295,0.006009232718497515,-0.026123979156356114
0,1991-04-29,492.8318695147287,6.7935764816802005,0.0034889671951532364,-0.04473099220009491
0,1991-04-30,493.8554472195741,6.90590740572971,0.002076930832117796,0.11233092404950984
0,1991-05-01,490.8716945375095,6.824588680738627,-0.006041753105819225,-0.08131872499108361
