path_id,Date,sp500_abs,DGS10_abs,sp500,DGS10
0,2011-05-10,2778.3341036907664,5.7656329738779935,0.0013611759059131145,-0.03936060522957607
0,2011-05-11,2766.6515590578356,5.745828456472412,-0.00420487392693758,-0.0198045174055812
0,2011-05-12,2777.8427324364693,5.71961276231997,0.004045024514198303,-0.02621569415244185
0,2011-05-13,2781.9567372073157,5.8076414658782545,0.0014810070861130953,0.08802870355828407
0,2011-05-16,2817.1910167603055,5.799005883700208,0.012665286660194397,-0.008635582178046164
0,2011-05-17,2829.8469794056605,5.645558755434762,0.004492404870688915,-0.15344712826544615
0,2011-05-18,2820.8063249570605,5.633272605819406,-0.0031947502866387367,-0.012286149615356123
0,2011-05-19,2789.082340529834,5.5994978577718015,-0.011246424168348312,-0.0337747480476045
0,2011-05-20,2781.6222534329,5.570511363361089,-0.0026747460942715406,-0.028986494410712105
0,2011-05-23,2768.0500432458252,5.5590842241517695,-0.004879242740571499,-0.011427139209319925
0,2011-05-24,2754.6680054601875,5.502959527108086,-0.004834463819861412,-0.056124697043683724
0,2011-05-25,2731.7790991000165,5.520468310368617,-0.008309134282171726,0.017508783260531402
0,2011-05-26,2684.36091968266,5.4814424694418244,-0.01735798455774784,-0.03902584092679273
0,2011-05-27,2659.0397946928433,5.5016419506252205,-0.009432831779122353,0.020199481183396095
0,2011-05-31,2634.505576963947,5.756493776448626,-0.009226720780134201,0.2548518258234056
0,2011-06-01,2659.3870773990457,5.631826587108817,0.009444466792047024,-0.12466718933980925
0,2011-06-02,2712.768251716056,5.66592665814938,0.020072735846042633,0.03410007104056323
0,2011-06-03,2691.9438785256957,5.6692503286369424,-0.0076764291152358055,0.0033236704875623246
0,2011-06-06,2680.018126602622,5.65571088874634,-0.004430163651704788,-0.0135394398906028
0,2011-06-07,2651.1335311463617,5.6719810922365514,-0.010777761228382587,0.0162702034902118
0,2011-06-08,2657.4746525820206,5.686123715601346,0.002391852904111147,0.014142623364794993
0,2011-06-09,2638.6520067168963,5.638236031570304,-0.0070829070173203945,-0.04788768403104271
0,2011-06-10,2671.363492637473,5.495627377645611,0.012397044338285923,-0.14260865392469313
0,2011-06-13,2687.952032410815,5.457813637392506,0.0062097650952637196,-0.03781374025310491
0,2011-06-14,2712.8836926788736,5.513635139108304,0.009275336749851704,0.05582150171579858
0,2011-06-15,2718.8716000005843,5.565058389259202,0.0022072112187743187,0.05142325015089799
0,2011-06-16,2719.8053459556586,5.531741081294508,0.00034343142760917544,-0.03331730796469401
0,2011-06-17,2724.330300933977,5.57337853293524,0.0016637054504826665,0.041637451640731626
0,2011-06-20,2744.974424606432,5.594950448646008,0.007577687501907349,0.02157191571076833
0,2011-06-21,2758.553958027544,5.59943388880323,0.004947052802890539,0.004483440157221352
0,2011-06-22,2725.921661725876,5.611149378211778,-0.011829493567347527,0.011715489408548052
0,2011-06-23,2744.128012173347,5.582063796354733,0.006678970530629158,-0.029085581857044573
0,2011-06-24,2727.5077724278503,5.597271707159388,-0.006056656129658222,0.015207910804655
0,2011-06-27,2721.2092949358143,5.649070539586075,-0.0023092427290976048,0.05179883242668737
0,2011-06-28,2736.437371598307,5.589675672260843,0.005596069619059563,-0.05939486732523225
0,2011-06-29,2718.794938128401,5.618677665306065,-0.006447227206081152,0.029001993045222108
0,2011-06-30,2730.756964791443,5.534505676784957,0.004399753175675869,-0.08417198852110808
0,2011-07-01,2750.0518456754576,5.519122514673726,0.0070657627657055855,-0.01538316211123103
0,2011-07-05,2766.9087404865977,5.5549712938403175,0.006129664368927479,0.03584877916659135
0,2011-07-06,2765.102756703216,5.649947146682861,-0.000652708113193512,0.09497585284254306
0,2011-07-07,2767.2032435738774,5.631367645961314,0.0007596415234729648,-0.018579500721546793
0,2011-07-08,2759.3601631620404,5.739555570234021,-0.002834298647940159,0.10818792427270729
0,2011-07-11,2771.1204221495377,5.695110784844866,0.004261951427906752,-0.04444478538915497
0,2011-07-12,2794.487020394124,5.629349966249193,0.008432184346020222,-0.06576081859567307
0,2011-07-13,2803.3343562423256,5.590468345172336,0.003165996400639415,-0.03888162107685744
0,2011-07-14,2805.3346964147836,5.625718929169002,0.0007135574705898762,0.035250583996666585
0,2011-07-15,2811.450513051484,5.619797285331927,0.0021800666581839323,-0.005921643837075052
0,2011-07-18,2811.2726933438184,5.673920473332324,-6.324838614091277e-05,0.05412318800039717
0,2011-07-19,2797.9976172945508,5.705305053336415,-0.0047220876440405846,0.031384580004091056
0,2011-07-20,2807.1923621931005,5.727020595415104,0.0032861875370144844,0.021715542078688976
0,2011-07-21,2810.907600750268,5.715165421750029,0.001323471311479807,-0.011855173665074936
0,2011-07-22,2791.6762860451695,5.7680348069638505,-0.006841674447059631,0.05286938521382112
0,2011-07-25,2789.7178591945412,5.645011302688002,-0.0007015236187726259,-0.12302350427584852
0,2011-07-26,2770.1825250455468,5.641011683661914,-0.007002620026469231,-0.003999619026087586
0,2011-07-27,2762.1490441988335,5.600931854180469,-0.002899982500821352,-0.04007982948144573
0,2011-07-28,2760.7979008912475,5.536854609473603,-0.00048916379455477,-0.0640772447068656
0,2011-07-29,2765.3968926584785,5.615195404069684,0.0016658197855576873,0.07834079459608123
0,2011-08-01,2756.5681886496745,5.614001021771063,-0.0031925630755722523,-0.0011943822986211217
0,2011-08-02,2767.6780568586855,5.614341157495591,0.004030325915664434,0.00034013572452806784
0,2011-08-03,2792.7463973360223,5.5961374958508765,0.009057534858584404,-0.018203661644714764
0,2011-08-04,2822.468769535896,5.59185356957223,0.010642703622579575,-0.00428392627864671
0,2011-08-05,2807.2817899444335,5.596413055304157,-0.005380743183195591,0.004559485731927104
0,2011-08-08,2826.533118147106,5.6173223583517355,0.0068576401099562645,0.020909303047578653
0,2011-08-09,2815.4263615490877,5.692934929043992,-0.0039294627495110035,0.07561257069225658
0,2011-08-10,2827.50641692807,5.61217474005891,0.004290666431188583,-0.08076018898508242
0,2011-08-11,2823.7976798569093,5.599585153218527,-0.0013116635382175446,-0.012589586840382694
0,2011-08-12,2835.059270623168,5.625252951712531,0.0039881011471152306,0.02566779849400369
0,2011-08-15,2843.8237960291094,5.684296543959992,0.00309147872030735,0.059043592247461696
0,2011-08-16,2856.8542402635508,5.610954955798298,0.004582015331834555,-0.07334158816169456
0,2011-08-17,2867.539209242238,5.640052303473839,0.0037401169538497925,0.029097347675540952
0,2011-08-18,2883.932599725728,5.592200083589866,0.005716884508728981,-0.047852219883973035
0,2011-08-19,2871.2247665279815,5.629338794685957,-0.004406425170600414,0.037138711096091015
0,2011-08-22,2829.918663554959,5.656829905715849,-0.014386231079697609,0.027491111029892323
0,2011-08-23,2800.38773470881,5.72987172601199,-0.010435257107019424,0.07304182029614115
0,2011-08-24,2786.6117355679075,5.779716779125131,-0.0049193184822797775,0.049845053113140914
0,2011-08-25,2827.084922356494,5.688429602627963,0.014524157159030437,-0.09128717649716833
0,2011-08-26,2861.2208576836406,5.718852991417004,0.01207460556179285,0.03042338878904083
0,2011-08-29,2871.257074960347,5.71661882337946,0.003507669549435377,-0.0022341680375435047
0,2011-08-30,2872.3905566104,5.7144147103713365,0.0003947684308513999,-0.0022041130081236204
0,2011-08-31,2885.5232155325984,5.706153504724384,0.0045720310881733894,-0.008261205646952874
0,2011-09-01,2882.0933510443365,5.656443138110127,-0.0011886456049978733,-0.04971036661425643
0,2011-09-02,2900.9938108795354,5.661215182465877,0.006557893007993698,0.004772044355750182
0,2011-09-06,2907.0612096483555,5.679708800596994,0.0020914897322654724,0.018493618131116385
0,2011-09-07,2885.2155849618684,5.674481798291833,-0.007514676544815302,-0.005227002305161044
0,2011-09-08,2847.1126662380857,5.690575887800122,-0.01320626400411129,0.0160940895082895
0,2011-09-09,2814.5065280123636,5.682105373320529,-0.01145235262811184,-0.008470514479593128
0,2011-09-12,2822.163906433157,5.7300868950561945,0.002720682416111231,0.04798152173566539
0,2011-09-13,2803.0289742941472,5.744705046972772,-0.006780234165489674,0.01461815191657756
0,2011-09-14,2805.638982713529,5.721962010226521,0.000931138580199331,-0.022743036746250667
0,2011-09-15,2825.84125794617,5.7023588045247955,0.007200596854090691,-0.019603205701725912
0,2011-09-16,2796.2574788540005,5.647545302521921,-0.010469016619026661,-0.05481350200287416
0,2011-09-19,2797.303649751648,5.689285572818347,0.0003741325344890356,0.04174027029642602
0,2011-09-20,2783.049499134949,5.723668193808207,-0.0050956751219928265,0.03438262098985945
0,2011-09-21,2795.07208199961,5.67759733205581,0.0043199313804507256,-0.04607086175239683
0,2011-09-22,2804.9034555467747,5.616702585975973,0.0035173953510820866,-0.06089474607983725
0,2011-09-23,2840.3788828611214,5.5776846332870145,0.012647646479308605,-0.039017952688958246
0,2011-09-26,2840.786022034657,5.567340158561452,0.00014333974104374647,-0.010344474725562769
0,2011-09-27,2845.886718963536,5.5537582634974365,0.001795523101463914,-0.013581895064015193
0,2011-09-28,2837.8651985088177,5.551738148857687,-0.0028186365962028503,-0.00202011463974916
0,2011-09-29,2862.1575465818373,5.5042950210362935,0.008560078218579292,-0.047443127821393816
0,2011-09-30,2905.345365824065,5.569387376294375,0.015089252963662148,0.06509235525808155
0,2011-10-03,2891.276901343947,5.565961086104539,-0.004842269234359264,-0.0034262901898358677
0,2011-10-04,2875.8583332714625,5.523467531511145,-0.005332788452506065,-0.042493554593394656
0,2011-10-05,2880.8390032855605,5.48396555830619,0.0017318899044767022,-0.03950197320495441
0,2011-10-06,2897.373849193441,5.549479707148951,0.005739593878388405,0.06551414884276063
0,2011-10-07,2888.2741722384817,5.488891255616551,-0.003140663728117943,-0.0605884515324
0,2011-10-12,2859.2978059823345,5.448772974552174,-0.010032415390014648,-0.04011828106437676
0,2011-10-13,2803.6180568123787,5.423211440753204,-0.019473224878311157,-0.025561533798970082
0,2011-10-14,2761.7827279644343,5.473087739511938,-0.01492190733551979,0.04987629875873445
0,2011-10-17,2757.886625039538,5.493357531679987,-0.001410720287822187,0.02026979216804836
0,2011-10-18,2749.4718398450486,5.516161751185079,-0.0030511715449392796,0.02280421950509215
0,2011-10-19,2734.913899755088,5.495295427881172,-0.005294813308864832,-0.02086632330390703
0,2011-10-20,2732.3462048560305,5.494670991663423,-0.0009388576727360487,-0.0006244362177492135
0,2011-10-21,2722.5289037056323,5.503042968663201,-0.0035929931327700615,0.008371976999778319
0,2011-10-24,2722.4154012769573,5.4911308248433786,-4.169007297605276e-05,-0.011912143819822418
0,2011-10-25,2724.3255448685554,5.464158019928021,0.0007016356103122234,-0.02697280491535725
0,2011-10-26,2735.1090593279464,5.459754664634353,0.0039582327008247375,-0.0044033552936681986
0,2011-10-27,2776.3674040609717,5.462740326756682,0.015084716491401196,0.0029856621223292024
0,2011-10-28,2753.3208374031797,5.456968193793803,-0.008300978690385818,-0.005772132962879262
0,2011-10-31,2736.2814877332744,5.495424964335489,-0.006188653875142336,0.038456770541685614
0,2011-11-01,2722.2887906933775,5.480402861341439,-0.005113763734698296,-0.015022102994049824
0,2011-11-02,2704.1051841547355,5.520571474873666,-0.00667952885851264,0.040168613532227226
0,2011-11-03,2688.8688967134062,5.548451380664232,-0.00563450250774622,0.02787990579056565
0,2011-11-04,2675.648850353519,5.53270661680254,-0.0049165827222168446,-0.01574476386169188
0,2011-11-07,2663.6571450453916,5.493001101109927,-0.0044817933812737465,-0.039705515692612714
0,2011-11-08,2676.881458165943,5.486392775282808,0.004964720457792282,-0.00660832582711901
0,2011-11-09,2674.433509339613,5.496382049385681,-0.0009144778596237302,0.00998927410287287
0,2011-11-10,2675.879281119692,5.5171572261628565,0.000540589913725853,0.020775176777175552
0,2011-11-15,2691.0373985046454,5.572340387293073,0.005664723925292492,0.05518316113021626
0,2011-11-16,2716.624094709498,5.55500642853992,0.00950811617076397,-0.017333958753153134
0,2011-11-17,2708.015776688206,5.540609982994844,-0.003168755676597357,-0.01439644554507602
0,2011-11-18,2720.7021497898118,5.5102477625834005,0.0046847485937178135,-0.030362220411443097
0,2011-11-21,2760.236456224636,5.593470727747577,0.014530920423567295,0.08322296516417627
0,2011-11-22,2750.121749456783,5.530641363061455,-0.003664434887468815,-0.06282936468612199
0,2011-11-23,2741.7129983286814,5.5490523777182865,-0.0030575923155993223,0.018411014656831703
0,2011-11-25,2745.0694177673504,5.586657975598925,0.0012242052471265197,0.03760559788063844
0,2011-11-28,2722.155763466464,5.473033827258967,-0.008347203955054283,-0.11362414833995782
0,2011-11-29,2685.795717353655,5.432912166423018,-0.013357077725231647,-0.0401216608359487
0,2011-11-30,2651.820559297788,5.464604312028626,-0.012649941258132458,0.03169214560560718
0,2011-12-01,2661.4727656934247,5.367073016789874,0.003639841452240944,-0.0975312952387517
0,2011-12-02,2676.7776754839483,5.427143046043561,0.00575054157525301,0.060070029253687096
0,2011-12-05,2643.706751013447,5.389667707088594,-0.01235475204885006,-0.03747533895496691
0,2011-12-06,2621.874998461423,5.318948766834231,-0.008258008398115635,-0.07071894025436354
0,2011-12-07,2602.946977719447,5.312059753208295,-0.007219268940389156,-0.006889013625935192
0,2011-12-08,2602.996663173926,5.28525920319892,1.9088154658675194e-05,-0.026800550009375534
0,2011-12-09,2599.363881551191,5.243863448694662,-0.0013956151669844985,-0.04139575450425781
0,2011-12-12,2602.943924022434,5.257354689433977,0.0013772763777524233,0.013491240739314847
0,2011-12-13,2576.547668077023,5.258742963111901,-0.010140923783183098,0.0013882736779242677
0,2011-12-14,2595.8221694865283,5.1864156632971055,0.007480747066438198,-0.07232729981479569
0,2011-12-15,2613.1829427708967,5.153558629819581,0.0066879671066999435,-0.032857033477524666
0,2011-12-16,2621.663412671345,5.130608107598814,0.0032452645245939493,-0.022950522220766878
0,2011-12-19,2627.8755704764058,5.156741216300901,0.0023695481941103935,0.02613310870208707
0,2011-12-20,2634.6754953366453,5.09154996455047,0.0025876129511743784,-0.06519125175043072
0,2011-12-21,2670.126277945443,5.0764150517869275,0.013455464504659176,-0.01513491276354273
0,2011-12-22,2645.167356365387,5.099884935572896,-0.009347468614578247,0.02346988378596837
0,2011-12-23,2664.2573635208814,5.137206576146474,0.0072169373743236065,0.037321640573577675
0,2011-12-27,2637.273264204029,5.174398907461131,-0.010128187946975231,0.0371923313146576
0,2011-12-28,2639.049722896326,5.166147290675918,0.0006735967472195625,-0.008251616785213578
0,2011-12-29,2616.3885250033964,5.124422075229546,-0.008586877956986427,-0.04172521544637142
0,2011-12-30,2630.182763976164,5.100389628061163,0.005272244103252888,-0.024032447168383264
0,2012-01-03,2654.7103119521284,5.121865356901978,0.009325415827333927,0.021475728840814945
0,2012-01-04,2698.9430203269008,5.087853597337748,0.01666197180747986,-0.03401175956422975
0,2012-01-05,2709.9333985630233,5.166218765498161,0.0040721045807003975,0.0783651681604125
0,2012-01-06,2733.4576974866095,5.3049666542019756,0.008680766448378563,0.13874788870381494
0,2012-01-09,2723.096295400013,5.281163109016573,-0.0037905843928456306,-0.02380354518540262
0,2012-01-10,2724.689910562207,5.333532818888042,0.0005852217436768115,0.05236970987146883
0,2012-01-11,2719.590873080787,5.3355177759952,-0.001871419372037053,0.0019849571071581806
0,2012-01-12,2702.3120377708437,5.318318077624256,-0.006353468634188175,-0.017199698370943928
0,2012-01-13,2724.205323632095,5.231313204390033,0.008101686835289001,-0.08700487323422301
0,2012-01-17,2724.88019339658,5.237542306518493,0.00024773087352514267,0.006229102128459729
0,2012-01-18,2747.560050850721,5.2136686526680815,0.008323249407112598,-0.02387365385041118
0,2012-01-19,2729.418762053247,5.169926638354234,-0.006602690555155277,-0.04374201431384783
0,2012-01-20,2734.975656938209,5.115331365589282,0.0020359260961413383,-0.05459527276495191
0,2012-01-23,2754.7761208665447,5.131898852542629,0.007239722181111574,0.0165674869533472
0,2012-01-24,2796.942496073045,5.121457579137064,0.015306643210351467,-0.010441273405565
0,2012-01-25,2782.6401530125627,5.098209366679245,-0.005113563500344753,-0.02324821245781905
0,2012-01-26,2764.4416864869113,5.078585029146419,-0.006539999973028898,-0.019624337532825997
0,2012-01-27,2738.5317462960898,5.029646727296929,-0.009372576139867306,-0.048938301849489996
0,2012-01-30,2730.2216552995833,5.038258546727918,-0.003034505993127823,0.008611819430988987
0,2012-01-31,2231.9884114992988,4.91447761273266,-0.18248820304870605,-0.12378093399525802
0,2012-02-01,2104.2536033911565,4.844999787044068,-0.05722915381193161,-0.06947782568859218
0,2012-02-02,2131.349850755585,4.779175677776089,0.01287689246237278,-0.06582410926797877
0,2012-02-03,2286.8941782279926,4.8433809888083985,0.07297925651073456,0.06420531103230953
0,2012-02-06,2235.54700578986,4.820620717082835,-0.02245279774069786,-0.02276027172556372
0,2012-02-07,2131.8289771882987,4.77699262415298,-0.04639492183923721,-0.04362809292985492
0,2012-02-08,2169.579070730128,4.830012252060601,0.017707843333482742,0.053019627907620936
0,2012-02-09,2192.0029317698177,4.845919073104717,0.010335581377148628,0.015906821044116448
0,2012-02-10,2255.126037530399,4.88683237170337,0.028796998783946037,0.040913298598653114
0,2012-02-13,2254.5569846954363,4.85837375749312,-0.0002523374860174954,-0.02845861421025031
0,2012-02-14,2247.5759244407486,4.919443478536617,-0.003096422180533409,0.06106972104349673
0,2012-02-15,2236.3363924739647,4.9104037418738296,-0.00500073516741395,-0.009039736662787234
0,2012-02-16,2297.4236415476475,4.856939802661031,0.027315769344568253,-0.053463939212798905
0,2012-02-17,2312.8959677556873,4.846689808893885,0.0067346422001719475,-0.01024999376714586
0,2012-02-21,2309.1209249898734,4.778355044382306,-0.0016321714501827955,-0.0683347645115786
0,2012-02-22,2362.7197684629605,4.790921182882047,0.023211795836687088,0.012566138499741086
0,2012-02-23,2395.173583970861,4.876648217303166,0.013735787011682987,0.08572703442111873
0,2012-02-24,2375.6921722240854,4.899550537928189,-0.008133611641824245,0.022902320625022732
0,2012-02-27,2329.214995767152,4.882867061525499,-0.01956363581120968,-0.0166834764026893
0,2012-02-28,2353.378071082383,4.92753280797444,0.010373913682997227,0.04466574644894017
0,2012-02-29,2370.538747527974,4.864482111767302,0.00729193352162838,-0.06305069620713777
0,2012-03-01,2370.996460167667,4.833959004598946,0.00019308380433358252,-0.0305231071683556
0,2012-03-02,2351.4349666203907,4.812840721190384,-0.008250325918197632,-0.021118283408561922
0,2012-03-05,2356.765535632251,4.903828742494065,0.0022669429890811443,0.09098802130368089
0,2012-03-06,2428.2097428211764,4.982972105165002,0.03031451627612114,0.07914336267093702
0,2012-03-07,2442.2772904419758,5.013336181328767,0.005793382413685322,0.030364076163764686
0,2012-03-08,2436.11088511782,5.037334862803228,-0.002524858806282282,0.023998681474461492
0,2012-03-09,2399.288771126551,5.027594616922606,-0.015115122310817242,-0.009740245880622389
0,2012-03-12,2411.922790199185,5.02003339544247,0.0052657350897789,-0.007561221480136382
0,2012-03-13,2427.478212426998,5.082119076710689,0.006449386477470398,0.06208568126821934
0,2012-03-14,2434.7877084877264,5.139114470164767,0.0030111479572951794,0.05699539345407789
0,2012-03-15,2426.1875567196153,5.169146913451406,-0.003532197792083025,0.030032443286638788
0,2012-03-16,2468.650679127438,5.212779792342008,0.017501994967460632,0.04363287889060263
0,2012-03-19,2502.2548402988996,5.21471322865032,0.013612359762191772,0.0019334363083114425
0,2012-03-20,2465.9393153929395,5.182815115141042,-0.01451312005519867,-0.031898113509277515
0,2012-03-21,2471.2722003823096,5.29601036677322,0.0021626180969178677,0.11319525163217747
0,2012-03-22,2503.6064892042386,5.358338045361687,0.013084066100418568,0.062327678588466995
0,2012-03-23,2501.0427445776727,5.345859821901714,-0.001024020602926612,-0.012478223459972959
0,2012-03-26,2515.525582225417,5.3544790578870485,0.005790719762444496,0.008619235985334761
0,2012-03-27,2507.052150465726,5.272897647577555,-0.00336845382116735,-0.08158141030949384
0,2012-03-28,2517.1037865048256,5.376642656689767,0.00400934461504221,0.1037450091122123
0,2012-03-29,2493.1508890247924,5.508932865149201,-0.009516054764389992,0.13229020845943396
0,2012-03-30,2467.7512522033726,5.464168059246034,-0.010187765583395958,-0.044764805903167115
0,2012-04-02,2432.6458208226577,5.458609200629237,-0.014225676655769348,-0.005558858616796947
0,2012-04-03,2431.1377028815587,5.423303999098769,-0.0006199496565386653,-0.03530520153046801
0,2012-04-04,2430.9421220245144,5.408055046759589,-8.044828427955508e-05,-0.015248952339179667
0,2012-04-05,2411.1271224926045,5.309176883709838,-0.008151160553097725,-0.0988781630497515
0,2012-04-09,2384.745494765381,5.355652460667162,-0.010941616259515285,0.04647557695732463
0,2012-04-10,2347.863258697855,5.333235272288112,-0.015465900301933289,-0.022417188379050046
0,2012-04-11,2358.905659102408,5.359008005447205,0.004703170154243708,0.025772733159092454
0,2012-04-12,2349.1700347573437,5.37405890705955,-0.004127178341150284,0.015050901612345235
0,2012-04-13,2356.447296048654,5.380471177156317,0.0030978010036051273,0.0064122700967672586
0,2012-04-16,2345.9971512516045,5.339764152926179,-0.004434703383594751,-0.04070702423013817
0,2012-04-17,2370.10845466355,5.288730490868789,0.010277635417878628,-0.051033662057389684
0,2012-04-18,2380.1613934028956,5.3133583713142585,0.0042415522038936615,0.024627880445469152
0,2012-04-19,2371.444830206286,5.312177243196223,-0.003662173170596361,-0.0011811281180351685
0,2012-04-20,2381.807430635048,5.323518221162039,0.004369741305708885,0.011340977965815568
0,2012-04-23,2397.7664560599324,5.344110221162221,0.006700384430587292,0.020592000000181798
0,2012-04-24,2430.970967611673,5.3849065519767665,0.013848100788891315,0.04079633081454581
0,2012-04-25,2418.720100564,5.442069537091541,-0.005039495415985584,0.05716298511477458
0,2012-04-26,2401.8404841398915,5.4503156788118865,-0.0069787390530109406,0.008246141720345435
0,2012-04-27,2371.4682770139493,5.417077642614488,-0.012645388953387737,-0.033238036197398735
0,2012-04-30,2383.403249387925,5.419463208673902,0.005032735411077738,0.0023855660594138683
0,2012-05-01,2397.4557954029033,5.394329140784082,0.005896000191569328,-0.025134067889819534
0,2012-05-02,2401.1382354430853,5.430121245211805,0.001535978284664452,0.03579210442772318
0,2012-05-03,2390.4162626284847,5.402782548623574,-0.0044653709046542645,-0.02733869658823096
0,2012-05-04,2379.7448166351987,5.404664288308724,-0.004464262630790472,0.001881739685149597
0,2012-05-07,2371.8252869452026,5.421669701631875,-0.0033278902992606163,0.017005413323150975
0,2012-05-08,2397.9047267319997,5.40413221803396,0.010995514690876007,-0.017537483597914516
0,2012-05-09,2347.4057527591835,5.3485135701644815,-0.02105962485074997,-0.0556186478694789
0,2012-05-10,2350.7041163312024,5.347171126793953,0.0014051101170480251,-0.0013424433705289118
0,2012-05-11,2331.2757967697084,5.371045894863405,-0.008264893665909767,0.023874768069452657
0,2012-05-14,2310.5953416780853,5.350388981878618,-0.008870874531567097,-0.020656912984787112
0,2012-05-15,2295.4865906870255,5.423275458861634,-0.00653889961540699,0.0728864769830162
0,2012-05-16,2338.531053519855,5.385788023323793,0.018751781433820724,-0.03748743553784095
0,2012-05-17,2323.9797215400104,5.381297168485735,-0.0062224240973591805,-0.004490854838058667
0,2012-05-18,2345.673195826714,5.398522190967672,0.009334622882306576,0.017225022481937025
0,2012-05-21,2378.024311510507,5.328402034924132,0.013791825622320175,-0.07012015604354005
0,2012-05-22,2365.2860523927466,5.3120992410814285,-0.005356656387448311,-0.016302793842703167
0,2012-05-23,2367.221082313853,5.284298840349146,0.000818095519207418,-0.02780040073228207
0,2012-05-24,2390.6325711207023,5.343850141251605,0.009889861568808556,0.059551300902458415
0,2012-05-25,2375.2139512265226,5.368697453835055,-0.006449598353356123,0.024847312583450076
0,2012-05-29,2390.3996784393307,5.389758559524699,0.006393414456397295,0.021061105689644144
0,2012-05-30,2385.545081451597,5.403258670645009,-0.002030872507020831,0.01350011112030991
0,2012-05-31,2382.4064278257224,5.453234587721387,-0.0013156966306269169,0.04997591707637827
0,2012-06-01,2371.9720938208297,5.453350136331166,-0.004379745572805405,0.00011554860977902592
0,2012-06-04,2376.8251547513455,5.475829238156134,0.0020460025407373905,0.022479101824967707
0,2012-06-05,2366.768655132114,5.504414958939057,-0.004231064114719629,0.028585720782922763
0,2012-06-06,2371.1240154238453,5.4793798788472055,0.001840213779360056,-0.02503508009185129
0,2012-06-07,2402.896703055804,5.578904378142724,0.013399842195212841,0.09952449929551843
0,2012-06-08,2392.5990771207025,5.554964633137175,-0.004285505041480064,-0.023939745005549184
0,2012-06-11,2419.3514174246975,5.493187380970345,0.01118128839880228,-0.06177725216682983
0,2012-06-12,2415.1667790260403,5.450480310746132,-0.0017296529840677977,-0.04270707022421316
0,2012-06-13,2423.0152749678573,5.476268390746673,0.0032496703788638115,0.02578808000054167
0,2012-06-14,2417.5059416673275,5.561423004573464,-0.0022737509571015835,0.08515461382679046
0,2012-06-15,2414.5734092065723,5.507359150293569,-0.0012130404356867075,-0.05406385427989502
0,2012-06-18,2435.949806670765,5.528118201361439,0.008853074163198471,0.020759051067869905
0,2012-06-19,2434.8122039190425,5.503383920645206,-0.00046700582606717944,-0.02473428071623296
0,2012-06-20,2442.9930889582306,5.596112167462984,0.0033599655143916607,0.09272824681777792
0,2012-06-21,2468.8959522885984,5.610852901940145,0.0106029212474823,0.01474073447716151
0,2012-06-22,2477.3259228856473,5.573738973371035,0.0034144697710871696,-0.03711392856911022
0,2012-06-25,2497.4292107150836,5.517085049684722,0.008114914409816265,-0.05665392368631306
0,2012-06-26,2486.84396800038,5.549304447705142,-0.004238455556333065,0.03221939802041973
0,2012-06-27,2470.7011948804306,5.578135025910778,-0.006491268984973431,0.028830578205636392
0,2012-06-28,2448.154132360022,5.627121009498597,-0.00912577472627163,0.04898598358781925
0,2012-06-29,2452.5043646625004,5.657717632528193,0.0017769437981769443,0.030596623029595982
0,2012-07-02,2462.4293251185704,5.631224696318105,0.004046867601573467,-0.026492936210088303
0,2012-07-03,2435.4299528028814,5.605908025100571,-0.010964526794850826,-0.025316671217534115
0,2012-07-05,2414.678094386881,5.571564877814003,-0.008520819246768951,-0.03434314728656762
0,2012-07-06,2395.1372055618313,5.648716264679581,-0.008092544041574001,0.07715138686557754
0,2012-07-09,2390.1934708881017,5.61163066746616,-0.0020640715956687927,-0.037085597213421195
0,2012-07-10,2396.528454510304,5.606592101528684,0.0026504062116146088,-0.0050385659374754255
0,2012-07-11,2375.609301327034,5.566618944096934,-0.008728940039873123,-0.03997315743175012
0,2012-07-12,2357.7018795822096,5.551019766395675,-0.0075380331836640835,-0.01559917770125896
0,2012-07-13,2377.9504869230836,5.518882566451375,0.008588281460106373,-0.032137199944299866
0,2012-07-16,2349.1430434394742,5.610818802133554,-0.012114400044083595,0.09193623568217912
0,2012-07-17,2340.047345553746,5.551014874582759,-0.003871921682730317,-0.05980392755079489
0,2012-07-18,2330.179524491979,5.6207135181649415,-0.004216932225972414,0.06969864358218203
0,2012-07-19,2325.3881647322232,5.612125972915931,-0.0020562191493809223,-0.00858754524901073
0,2012-07-20,2312.7638215856696,5.538203490457988,-0.0054289186373353004,-0.07392248245794253
0,2012-07-23,2337.6745550741707,5.579448706281771,0.010770980268716812,0.04124521582378282
0,2012-07-24,2387.9898805651906,5.495635785095327,0.021523665636777878,-0.08381292118644446
0,2012-07-25,2390.021391550986,5.5185621790372705,0.0008507200982421637,0.022926393941943957
0,2012-07-26,2379.342201628675,5.45901590776588,-0.004468240309506655,-0.05954627127139034
0,2012-07-27,2383.675822816176,5.459643904850818,0.0018213526345789433,0.0006279970849378813
0,2012-07-30,2440.7403265716844,5.486737355027652,0.0239397082477808,0.02709345017683429
0,2012-07-31,2415.9888285583856,5.458857086191584,-0.010140979662537575,-0.027880268836068645
0,2012-08-01,2448.000488903254,5.599223314995403,0.013249920681118965,0.14036622880381966
0,2012-08-02,2460.30514955755,5.619826571545929,0.005026412662118673,0.020603256550525195
0,2012-08-03,2461.3718719546005,5.570378577471813,0.000433573208283633,-0.049447994074115265
0,2012-08-06,2438.566440904908,5.558189271046174,-0.009265333414077759,-0.012189306425638868
0,2012-08-07,2415.4520934494944,5.595876457290036,-0.00947866216301918,0.03768718624386125
0,2012-08-08,2393.1240151752504,5.444168501365906,-0.009243850596249104,-0.1517079559241301
0,2012-08-09,2397.321595575086,5.443312806793901,0.0017540170811116695,-0.0008556945720048503
0,2012-08-10,2403.3748301354626,5.367102076602693,0.0025249989703297615,-0.07621073019120761
0,2012-08-13,2359.9208824648854,5.354093923043358,-0.018080387264490128,-0.013008153559335156
0,2012-08-14,2362.2066432738898,5.367938414601663,0.0009685751865617931,0.013844491558304917
0,2012-08-15,2354.1541071561737,5.376544976445539,-0.0034089041873812675,0.00860656184387576
0,2012-08-16,2310.1354948279545,5.385774550055626,-0.018698271363973618,0.009229573610087805
0,2012-08-17,2290.0970258022157,5.48219089448827,-0.008674153126776218,0.0964163444326438
0,2012-08-20,2280.7739660879342,5.482866141034142,-0.004071032628417015,0.0006752465458719215
0,2012-08-21,2295.4281082853413,5.47697914695294,0.006425074301660061,-0.005886994081202523
0,2012-08-22,2309.9695930717353,5.52702181127054,0.006334977224469185,0.050042664317600405
0,2012-08-23,2266.516366637123,5.517733007996829,-0.018811168149113655,-0.009288803273711288
0,2012-08-24,2262.8808825871893,5.4483648997201355,-0.001603996381163597,-0.06936810827669326
0,2012-08-27,2246.189541678857,5.317670574247469,-0.007376146502792835,-0.13069432547266668
0,2012-08-28,2247.793661656126,5.315922555303719,0.0007141516543924809,-0.0017480189437497629
0,2012-08-29,2243.326776490989,5.339287635727953,-0.0019872309640049934,0.023365080424233575
0,2012-08-30,2269.17640730629,5.358327860909465,0.011522900313138962,0.01904022518151205
0,2012-08-31,2274.4741519472163,5.389717993006211,0.00233465526252985,0.031390132096746015
0,2012-09-04,2310.9951324579943,5.320661384613189,0.016056889668107033,-0.06905660839302197
0,2012-09-05,2279.5571505332823,5.4375093998721,-0.013603655621409416,0.11684801525891153
0,2012-09-06,2290.715091886378,5.392503183651761,0.004894784651696682,-0.04500621622033929
0,2012-09-07,2340.5429907739717,5.452932444800645,0.021752115339040756,0.06042926114888392
0,2012-09-10,2332.6186284156897,5.618007262380756,-0.0033856939990073442,0.1650748175801109
0,2012-09-11,2346.8748091673533,5.441529661066821,0.006111663766205311,-0.17647760131393486
0,2012-09-12,2359.9136673193652,5.378040109311822,0.0055558388121426105,-0.06348955175499871
0,2012-09-13,2357.4220306176735,5.0987075511415325,-0.001055816886946559,-0.2793325581702897
0,2012-09-14,2343.02215490269,5.2039583331079795,-0.0061083147302269936,0.105250781966447
0,2012-09-17,2341.603541152703,5.170487648674322,-0.0006054632249288261,-0.03347068443365764
0,2012-09-18,2323.15673757674,5.166999433924471,-0.007877850905060768,-0.0034882147498507265
0,2012-09-19,2351.590968911866,5.026530653570905,0.012239480391144753,-0.14046878035356603
0,2012-09-20,2341.7210359561846,5.034653495009144,-0.004197129979729652,0.00812284143823927
0,2012-09-21,2353.6462061932143,4.977333058703111,0.005092481151223183,-0.057320436306033784
0,2012-09-24,2316.265495544375,4.842945188106774,-0.015882043167948723,-0.1343878705963366
0,2012-09-25,2340.297767339842,4.934170140157516,0.010375439189374447,0.09122495205074177
0,2012-09-26,2332.8750785706966,4.8481911050528925,-0.003171685617417097,-0.08597903510462324
0,2012-09-27,2379.500884346468,4.904362688783322,0.019986413419246674,0.0561715837304293
0,2012-09-28,2383.8264291152564,4.991572322891323,0.0018178370082750916,0.08720963410800131
0,2012-10-01,2399.92850057313,5.172222872675408,0.006754716392606497,0.1806505497840849
0,2012-10-02,2377.0766108202824,5.084677942230776,-0.009521904401481152,-0.08754493044463185
0,2012-10-03,2380.266641482422,5.069041115436114,0.0013419974129647017,-0.01563682679466183
0,2012-10-04,2424.1667937170923,5.064859082002973,0.018443375825881958,-0.004182033433141719
0,2012-10-05,2406.3813666220776,5.07413761240001,-0.007336717564612627,0.009278530397037521
0,2012-10-10,2429.1198367720167,5.236729962872172,0.009449237957596779,0.16259235047216158
0,2012-10-11,2461.837419680007,5.216159104467687,0.013468904420733452,-0.020570858404484582
0,2012-10-12,2468.0029140417114,5.184965370356298,0.002504427917301655,-0.03119373411138948
0,2012-10-15,2451.902386278147,5.17221580126497,-0.006523706950247288,-0.012749569091327295
0,2012-10-16,2444.7085720669374,5.201845245847802,-0.002933972515165806,0.029629444582831788
0,2012-10-17,2445.5315773789716,5.39682097199828,0.0003366476157680154,0.19497572615047787
0,2012-10-18,2432.5964035875277,5.354760320263312,-0.005289309658110142,-0.042060651734968424
0,2012-10-19,2446.632157864508,5.20586474587517,0.005769865587353706,-0.14889557438814194
0,2012-10-22,2455.569762368714,5.203259993598868,0.0036530233919620514,-0.002604752276301525
0,2012-10-23,2478.9911959764663,5.2172786532599025,0.009538085199892521,0.014018659661034327
0,2012-10-24,2470.5943663622897,5.098828044114267,-0.003387196222320199,-0.11845060914563543
0,2012-10-25,2449.3737629928523,5.047408691875196,-0.008589270524680614,-0.0514193522390709
0,2012-10-26,2450.2325695882737,5.074973005751879,0.00035062292590737343,0.02756431387668279
0,2012-10-31,2445.13812532864,5.002806597880902,-0.0020791676361113787,-0.07216640787097717
0,2012-11-01,2418.2713123306658,5.060710686536316,-0.010987850837409496,0.0579040886554143
0,2012-11-02,2398.4319471926037,5.0486063293243335,-0.008203945122659206,-0.012104357211982553
0,2012-11-05,2419.106898489341,5.039089775316052,0.008620195090770721,-0.009516554008281553
0,2012-11-06,2395.9760749400466,4.9954164795727936,-0.009561720304191113,-0.0436732957432584
0,2012-11-07,2385.55292505968,5.028689487797458,-0.004350272938609123,0.033273008224664835
0,2012-11-08,2394.691768523643,5.072653871037739,0.003830912057310343,0.04396438324028029
0,2012-11-09,2399.904768960657,5.059851212257195,0.0021768982987850904,-0.012802658780543652
0,2012-11-14,2384.6882343163015,5.0167121626633,-0.006340474355965853,-0.04313904959389525
0,2012-11-15,2366.233420736302,4.991395312579222,-0.007738878950476646,-0.025316850084077913
0,2012-11-16,2344.9566828083466,4.954262486473356,-0.008991817012429237,-0.0371328261058661
0,2012-11-19,2347.5205944341055,4.863815901262608,0.0010933727025985718,-0.09044658521074744
0,2012-11-20,2348.2758431987704,4.820379487642907,0.00032172189094126225,-0.043436413619700964
0,2012-11-21,2347.8951232766494,4.796578779595234,-0.00016212742775678635,-0.023800708047673425
0,2012-11-23,2371.985552529451,4.846555769785749,0.010260436683893204,0.04997699019051538
0,2012-11-26,2383.7349286427393,4.8955465424643405,0.004953392781317234,0.0489907726785912
0,2012-11-27,2361.841001881786,4.892932257312679,-0.009184715338051319,-0.0026142851516617327
0,2012-11-28,2324.3266525116214,4.877383026560987,-0.015883520245552063,-0.015549230751691567
0,2012-11-29,2295.721131123356,4.8453332527582935,-0.01230701431632042,-0.03204977380269369
0,2012-11-30,2318.553697479458,4.861334310260974,0.009945705533027649,0.016001057502680105
0,2012-12-03,2311.2999333701523,4.845680167754213,-0.0031285728327929974,-0.01565414250676067
0,2012-12-04,2319.1689035109453,4.876652810693983,0.0034045646898448467,0.03097264293977009
0,2012-12-05,2326.494118256442,4.874238592318682,0.0031585516408085823,-0.0024142183753008695
0,2012-12-06,2327.721391572322,4.828729892087849,0.0005275204894132912,-0.0455087002308332
0,2012-12-07,2346.41685563667,4.890966715193275,0.008031658828258514,0.062236823105426
0,2012-12-10,2349.1637825144603,4.929206583338511,0.0011706900550052524,0.03823986814523561
0,2012-12-11,2327.9614109924287,4.947332125601499,-0.009025497362017632,0.01812554226298868
0,2012-12-12,2315.2978744234993,4.955707506410498,-0.005439753644168377,0.008375380808998578
0,2012-12-13,2309.63173243685,4.906604221467326,-0.0024472626391798258,-0.04910328494317184
0,2012-12-14,2277.7846614597274,4.783525198067311,-0.013788809068500996,-0.12307902340001498
0,2012-12-17,2253.3657945105706,4.729863770852364,-0.010720445774495602,-0.05366142721494693
0,2012-12-18,2274.439635449896,4.725989853341249,0.009352161549031734,-0.003873917511114655
0,2012-12-19,2288.864708524403,4.797942823979596,0.006342253647744656,0.07195297063834616
0,2012-12-20,2285.716175814893,4.805038801505971,-0.0013755870750173926,0.00709597752637503
0,2012-12-21,2318.3314258862483,4.852394576901492,0.014269160106778145,0.047355775395521604
0,2012-12-24,2308.9466041545793,4.886214696428921,-0.004048093222081661,0.03382011952742836
0,2012-12-26,2312.213941153783,4.873276858500064,0.0014150768984109163,-0.012937837928856943
0,2012-12-27,2314.410667852632,4.9094281018717325,0.0009500533924438059,0.03615124337166886
0,2012-12-28,2304.5644055435982,4.869426051140029,-0.004254328086972237,-0.0400020507317036
0,2012-12-31,2282.9939241069337,4.869816264906113,-0.009359895251691341,0.0003902137660842797
0,2013-01-02,2271.3184682010406,4.86599049487802,-0.00511409854516387,-0.003825770028092812
0,2013-01-03,2250.4275457727736,4.84175122015989,-0.009197707287967205,-0.024239274718130588
0,2013-01-04,2225.630032581577,4.762426686395112,-0.011019023135304451,-0.07932453376477788
0,2013-01-07,2219.7367442761,4.796189362622,-0.002647919114679098,0.03376267622688811
0,2013-01-08,2222.1288887971814,4.813937159098975,0.0010776703711599112,0.017747796476974997
0,2013-01-09,2243.902051866059,4.853469622504539,0.009798334911465645,0.039532463405564044
0,2013-01-10,2239.4671288081468,4.83635063547949,-0.0019764334429055452,-0.017118987025049215
0,2013-01-11,2246.518744121055,4.847837862486577,0.0031487916130572557,0.011487227007087597
0,2013-01-14,2243.997511857482,4.732995250251615,-0.0011222840985283256,-0.11484261223496262
0,2013-01-15,2209.816347107458,4.688671241639553,-0.015232264995574951,-0.04432400861206176
0,2013-01-16,2230.3358134974883,4.704124179296688,0.009285598061978817,0.015452937657134846
0,2013-01-17,2239.837733327186,4.726276110017778,0.004260309040546417,0.02215193072109045
0,2013-01-18,2250.288490041366,4.731243520569582,0.004665854386985302,0.00496741055180383
0,2013-01-22,2268.4290886113695,4.720829401770918,0.008061454631388187,-0.010414118798664163
0,2013-01-23,2264.677617052367,4.747454848125758,-0.0016537751071155071,0.02662544635484032
0,2013-01-24,2312.6008930349217,4.7997988964021445,0.021161191165447235,0.05234404827638617
0,2013-01-25,2307.741635729624,4.782901645073284,-0.002101208781823516,-0.016897251328860108
0,2013-01-28,2333.1578717673074,4.761782599264778,0.011013466864824295,-0.021119045808505987
0,2013-01-29,2336.8030037453614,4.885965448044134,0.0015623169019818306,0.12418284877935548
0,2013-01-30,2365.5862180083163,4.98846741622896,0.012317347340285778,0.10250196818482582
0,2013-01-31,2372.561362084549,5.044714198570151,0.002948590088635683,0.056246782341191626
0,2013-02-01,2346.1973036737086,4.966748263545188,-0.011112065985798836,-0.07796593502496307
0,2013-02-04,2342.592817953182,4.94406097075323,-0.0015363097190856934,-0.022687292791958136
0,2013-02-05,2319.3027497158832,4.869430813263274,-0.009942004457116127,-0.07463015748995616
0,2013-02-06,2302.491118733446,4.869108128001166,-0.007248571142554283,-0.0003226852621081022
0,2013-02-07,2311.6546421267517,4.862223660037491,0.0039798300713300705,-0.006884467963675256
0,2013-02-08,2319.7159163412266,4.719238191719719,0.003487231209874153,-0.1429854683177716
0,2013-02-11,2300.9626002918644,4.774490778829194,-0.008084315806627274,0.055252587109475115
0,2013-02-12,2328.9474601786737,4.707062720956345,0.012162240222096443,-0.06742805787284922
0,2013-02-13,2324.4311335858492,4.716546357569252,-0.001939213601872325,0.009483636612906743
0,2013-02-14,2340.6787386808287,4.715305989325169,0.006989927496761084,-0.0012403682440824682
0,2013-02-15,2322.116185483839,4.731181768473142,-0.007930414751172066,0.015875779147973113
0,2013-02-19,2335.6985805789177,4.7110759181791035,0.005849145352840424,-0.020105850294038774
0,2013-02-20,2325.059921671975,4.6451611597854905,-0.004554808139801025,-0.06591475839361305
0,2013-02-21,2339.740231188382,4.6079316448286765,0.006313948892056942,-0.037229514956814036
0,2013-02-22,2357.7009831637847,4.653977326311804,0.007676387205719948,0.046045681483127154
0,2013-02-25,2393.082686607805,4.732700869187844,0.015006866306066513,0.07872354287604022
0,2013-02-26,2392.611218426821,4.812299676739388,-0.00019701290875673294,0.07959880755154458
0,2013-02-27,2398.383252830765,4.781462789959363,0.0024124414194375277,-0.030836886780025274
0,2013-02-28,2428.3143209276354,4.783789619442889,0.012479685246944427,0.002326829483525472
0,2013-03-01,2410.6290732828165,4.836278809837818,-0.007282931823283434,0.05248919039492961
0,2013-03-04,2416.9157151194922,4.834901160119024,0.0026078843511641026,-0.0013776497187940606
0,2013-03-05,2423.294437562435,4.831635343644781,0.002639199374243617,-0.003265816474242733
0,2013-03-06,2408.900717305409,4.8595252729549205,-0.005939732305705547,0.027889929310139117
0,2013-03-07,2414.3218990697897,4.896698931047252,0.002250479534268379,0.03717365809233186
0,2013-03-08,2401.660997443159,4.961356665342902,-0.00524408183991909,0.06465773429564958
0,2013-03-11,2410.6053202522844,4.918080689795882,0.0037242237012833357,-0.04327597554701956
0,2013-03-12,2390.7010918566693,4.949935515789016,-0.0082569420337677,0.031854825993133495
0,2013-03-13,2400.0851777476432,4.918814991410725,0.003925244323909283,-0.031120524378290604
0,2013-03-14,2408.064672333135,4.905589441164857,0.0033246714156121016,-0.013225550245868689
0,2013-03-15,2423.712188274173,5.152689528918446,0.006497963331639767,0.24710008775358894
0,2013-03-18,2426.639473083442,5.174949557871023,0.0012077691499143839,0.022260028952577393
0,2013-03-19,2418.048301643553,5.2511099139135835,-0.0035403575748205185,0.07616035604256055
0,2013-03-20,2446.9002885841983,5.329485470879272,0.011931931599974632,0.0783755569656881
0,2013-03-21,2438.163770529971,5.241333081865188,-0.003570443019270897,-0.08815238901408318
0,2013-03-22,2430.984497511379,5.142953000369778,-0.0029445409309118986,-0.09838008149541011
0,2013-03-25,2430.4954904313768,5.174984734485152,-0.00020115598454140127,0.032031734115373744
0,2013-03-26,2445.3301368588527,5.185928582678687,0.0061035482212901115,0.01094384819353511
0,2013-03-27,2420.2816011418245,5.204128573496699,-0.010243416763842106,0.018199990818011713
0,2013-03-28,2470.8765988616524,5.227435027437101,0.02090459130704403,0.023306453940402427
0,2013-04-01,2466.49884873707,5.261519985059637,-0.0017717396840453148,0.03408495762253594
0,2013-04-02,2460.8491634778675,5.293453884941082,-0.00229056878015399,0.03193389988144446
0,2013-04-03,2467.459142897567,5.273882724271723,0.0026860563084483147,-0.01957116066935871
0,2013-04-04,2461.172025788993,5.44638128608437,-0.002548012649640441,0.1724985618126471
0,2013-04-05,2437.261356358007,5.414865261471808,-0.009715155698359013,-0.03151602461256253
0,2013-04-08,2443.7945802208915,5.389151708303799,0.0026805594097822905,-0.02571355316800883
0,2013-04-09,2462.0871142555193,5.418979493127817,0.0074852993711829185,0.029827784824018266
0,2013-04-10,2497.699749492753,5.334541190838137,0.014464409090578556,-0.08443830228967997
0,2013-04-11,2487.301302544877,5.321051071765159,-0.0041632093489170074,-0.013490119072978146
0,2013-04-12,2506.176673014031,5.363732404927636,0.007588694803416729,0.04268133316247713
0,2013-04-15,2523.6189038672337,5.359470895691458,0.0069596972316503525,-0.004261509236178185
0,2013-04-16,2512.7789527101563,5.344758008104998,-0.004295399412512779,-0.014712887586459722
0,2013-04-17,2520.876210229791,5.303713739540195,0.0032224312890321016,-0.0410442685648027
0,2013-04-18,2529.796266267542,5.399833592218993,0.003538474440574646,0.09611985267879763
0,2013-04-19,2548.5261439941337,5.427305054473799,0.007403709925711155,0.027471462254806234
0,2013-04-22,2588.0814246293817,5.639798345355282,0.015520845539867878,0.21249329088148272
0,2013-04-23,2584.7022684285625,5.567649361590123,-0.0013056606985628605,-0.07214898376515944
0,2013-04-24,2591.2078781712476,5.444022589520384,0.0025169667787849903,-0.1236267720697386
0,2013-04-25,2605.1442085409367,5.472658505841356,0.005378314293920994,0.0286359163209724
0,2013-04-26,2637.4303662440475,5.474507369552582,0.012393232434988022,0.0018488637112259454
0,2013-04-29,2621.883371423778,5.4508080405333885,-0.005894750822335482,-0.023699329019193804
0,2013-04-30,2645.197174725089,5.582689649344309,0.008892006240785122,0.1318816088109207
0,2013-05-01,2682.2714813153216,5.567599678253772,0.01401570625603199,-0.015089971090537446
0,2013-05-02,2676.7003678973592,5.497016671472903,-0.0020770132541656494,-0.07058300678086837
0,2013-05-03,2721.147029887707,5.490085532208789,0.016605019569396973,-0.006931139264114705
0,2013-05-06,2705.8165118496786,5.625644476610293,-0.0056338440626859665,0.13555894440150418
0,2013-05-07,2708.274190941636,5.567275529029623,0.000908294809050858,-0.05836894758066968
0,2013-05-08,2699.8191221706975,5.544507734076133,-0.0031219397205859423,-0.022767794953490572
0,2013-05-09,2703.0206520945126,5.562260744402458,0.0011858312645927072,0.01775301032632548
0,2013-05-10,2709.379267413528,5.548946257374525,0.002352410927414894,-0.01331448702793292
0,2013-05-13,2699.4658879693106,5.550749859378055,-0.0036589116789400578,0.0018036020035294698
0,2013-05-14,2703.3978766435494,5.593311001773896,0.0014565802412107587,0.04256114239584097
0,2013-05-15,2711.729232004325,5.632456772780616,0.0030818087980151176,0.03914577100672023
0,2013-05-16,2695.9067100136413,5.757710543765971,-0.0058348458260297775,0.1252537709853554
0,2013-05-17,2688.108649776631,5.761267863089303,-0.002892555668950081,0.003557319323332031
0,2013-05-20,2714.184771497352,5.699814898525553,0.00970054604113102,-0.06145296456375071
0,2013-05-21,2705.542487970624,5.755214001684694,-0.0031841176096349955,0.055399103159141205
0,2013-05-22,2686.9910484929233,5.726568113589955,-0.0068568279966712,-0.028645888094739114
0,2013-05-23,2659.4126134002536,5.522300745330358,-0.010263686999678612,-0.2042673682595968
0,2013-05-24,2642.371363894434,5.4857313865889274,-0.006407899782061577,-0.03656935874143041
0,2013-05-28,2659.9771046408537,5.465672483865377,0.006662856321781874,-0.02005890272355071
0,2013-05-29,2652.2672047938895,5.5545753678541,-0.0028984835371375084,0.08890288398872315
0,2013-05-30,2619.2431970604325,5.4971352406696035,-0.012451237067580223,-0.057440127184496426
0,2013-05-31,2617.104881858466,5.513144156984711,-0.0008163866586983204,0.01600891631510759
0,2013-06-03,2606.2971240294846,5.658308009327689,-0.004129661712795496,0.14516385234297768
0,2013-06-04,2587.8488321401933,5.68144083349923,-0.007078353315591812,0.023132824171541166
0,2013-06-05,2623.472171135873,5.633360135935901,0.013765618205070496,-0.048080697563328556
0,2013-06-06,2646.4931357589594,5.633730608124133,0.008774998597800732,0.0003704721882318296
0,2013-06-07,2656.9295176451283,5.55967199797128,0.003943475894629955,-0.07405861015285353
0,2013-06-10,2678.1051832047137,5.447922869758578,0.007969976402819157,-0.11174912821270144
0,2013-06-11,2688.5506754519824,5.452634925683306,0.0039003293495625257,0.004712055924727565
0,2013-06-12,2691.047318926126,5.484704720197667,0.0009286205749958754,0.03206979451436087
0,2013-06-13,2695.6949800614493,5.459511284919109,0.0017270826501771808,-0.025193435278557885
0,2013-06-14,2723.0073921432604,5.494250715501206,0.010131862945854664,0.034739430582097164
0,2013-06-17,2680.3228541676594,5.504115163271458,-0.015675513073801994,0.009864447770252305
0,2013-06-18,2694.323530786916,5.491458052480611,0.005223503801971674,-0.012657110790847526
0,2013-06-19,2627.5238476106424,5.51819900580283,-0.0247927475720644,0.026740953322219596
0,2013-06-20,2603.6333844304863,5.511355275311082,-0.009092386811971664,-0.0068437304917479125
0,2013-06-21,2579.97632584836,5.552563296014588,-0.00908617116510868,0.04120802070350571
0,2013-06-24,2603.594460756576,5.58772297667135,0.00915439985692501,0.03515968065676223
0,2013-06-25,2624.9781322006697,5.732147134161109,0.008213134482502937,0.1444241574897589
0,2013-06-26,2604.2627618208394,5.819386765968025,-0.007891635410487652,0.08723963180691552
0,2013-06-27,2612.278720597517,5.79242908570936,0.003078014589846134,-0.02695768025866485
0,2013-06-28,2626.23339839008,5.900512329050804,0.005341955926269293,0.10808324334144448
0,2013-07-01,2581.74296598481,5.880150648685731,-0.016940776258707047,-0.02036168036507302
0,2013-07-02,2579.5481527728066,5.9444418563892,-0.0008501284755766392,0.06429120770346852
0,2013-07-03,2561.211538646434,5.84338530354092,-0.007108459714800119,-0.10105655284827986
0,2013-07-05,2593.3213874832545,5.829794642300804,0.012536976486444473,-0.013590661240115764
0,2013-07-08,2578.412478822323,5.77032047322327,-0.0057489629834890366,-0.059474169077534
0,2013-07-09,2658.6789227908125,5.740150780652713,0.03113017976284027,-0.03016969257055724
0,2013-07-10,2659.8200759360584,5.605298963492956,0.00042921811109408736,-0.13485181715975703
0,2013-07-11,2670.720635430714,5.633946880571749,0.00409823190420866,0.028647917078792773
0,2013-07-12,2659.4264045384516,5.599416746585404,-0.004228907637298107,-0.03453013398634486
0,2013-07-15,2638.198863569793,5.620898118053518,-0.007981999777257442,0.021481371468113686
0,2013-07-16,2677.0730462421475,5.5911619732257005,0.014735122211277485,-0.029736144827817057
0,2013-07-17,2695.282088496955,5.6317629871030555,0.006801847368478775,0.04060101387735493
0,2013-07-18,2694.373645694186,5.64332144922139,-0.0003370492486283183,0.011558462118334667
0,2013-07-19,2701.7025872692743,5.572222328486958,0.00272009102627635,-0.07109912073443247
0,2013-07-22,2685.7491579675284,5.535733398166635,-0.0059049539268016815,-0.03648893032032241
0,2013-07-23,2702.338330785833,5.557118411344086,0.00617673946544528,0.021385013177450674
0,2013-07-24,2696.466014905585,5.589356143669035,-0.0021730498410761356,0.03223773232494942
0,2013-07-25,2693.6911431582544,5.726468309593342,-0.0010290772188454866,0.13711216592430642
0,2013-07-26,2711.6465244238575,5.7239573980003025,0.006665716413408518,-0.002510911593039289
0,2013-07-29,2712.876729531956,5.6951113821717,0.0004536745836958289,-0.028846015828602134
0,2013-07-30,2703.8877224796156,5.737162197575555,-0.0033134594559669495,0.04205081540385436
0,2013-07-31,2700.6837604792163,5.734366335170163,-0.0011849463917315006,-0.002795862405391425
0,2013-08-01,2713.8484987102183,5.688055744978722,0.004874594509601593,-0.04631059019144157
0,2013-08-02,2711.733240052869,5.671920621501915,-0.0007794313714839518,-0.01613512347680679
0,2013-08-05,2674.134221198411,5.634798434570018,-0.013865308836102486,-0.03712218693189673
0,2013-08-06,2705.1992729195676,5.629334027741412,0.011616863310337067,-0.005464406828606272
0,2013-08-07,2735.5574103018635,5.681693737798504,0.011222144588828087,0.05235971005709228
0,2013-08-08,2731.696068688319,5.705133720507379,-0.0014115374069660902,0.02343998270887493
0,2013-08-09,2742.5462649181663,5.729760036477574,0.0039719631895422935,0.02462631597019449
0,2013-08-12,2741.2190616457547,5.74390422349886,-0.0004839310422539711,0.014144187021286392
0,2013-08-13,2751.1983487308344,5.735031188569359,0.0036404558923095465,-0.008873034929501422
0,2013-08-14,2755.979879152244,5.719132397074638,0.001737980986945331,-0.0158987914947204
0,2013-08-15,2753.5723551863066,5.6956397646397425,-0.0008735636947676539,-0.023492632434895633
0,2013-08-16,2730.466810650478,5.694584224195076,-0.008391115814447403,-0.0010555404446668248
0,2013-08-19,2752.1384625163937,5.6521880957551645,0.007936976850032806,-0.04239612843991125
0,2013-08-20,2739.6060499685923,5.656507535027911,-0.004553699865937233,0.004319439272746806
0,2013-08-21,2735.5437936961303,5.63952038758741,-0.001482788473367691,-0.016987147440501005
0,2013-08-22,2762.131843682137,5.577594890004949,0.00971947517246008,-0.06192549758246102
0,2013-08-23,2744.5436722166223,5.538164881017,-0.0063676075078547,-0.03943000898794935
0,2013-08-26,2765.82910919511,5.548840867519818,0.00775554683059454,0.010675986502818091
0,2013-08-27,2797.3608623905347,5.505842083227858,0.01140047051012516,-0.042998784291960135
0,2013-08-28,2787.565337332825,5.503787305977073,-0.003501702332869172,-0.002054777250784845
0,2013-08-29,2786.7891865880324,5.459686965031458,-0.000278433202765882,-0.0441003409456151
0,2013-08-30,2779.662508453367,5.448547586809101,-0.0025573079474270344,-0.011139378222356555
0,2013-09-03,2797.361173139165,5.4571484250610816,0.006367199122905731,0.008600838251980214
0,2013-09-04,2779.589159345058,5.718123612446699,-0.006353135220706463,0.2609751873856174
0,2013-09-05,2776.4664389700456,5.674733125898791,-0.0011234467383474112,-0.043390486547908225
0,2013-09-06,2787.7646385923917,5.783118943905347,0.004069272894412279,0.108385818006556
0,2013-09-09,2788.384193981299,5.7406947712275125,0.0002222409239038825,-0.04242417267783427
0,2013-09-10,2750.570211846919,5.663893537699274,-0.013561252504587173,-0.0768012335282382
0,2013-09-11,2703.70067649821,5.851142255486833,-0.017039934173226357,0.18724871778755858
0,2013-09-12,2689.702047917813,5.721117515015027,-0.005177580751478672,-0.13002474047180623
0,2013-09-13,2700.7493038422103,5.8028275721022995,0.00410724151879549,0.08171005708727286
0,2013-09-16,2701.431120898569,5.838151696308781,0.00025245477445423603,0.03532412420648168
0,2013-09-17,2698.582044779103,5.756398736263783,-0.0010546543635427952,-0.08175296004499799
0,2013-09-18,2688.58590304463,5.657882566538051,-0.0037042200565338135,-0.09851616972573218
0,2013-09-19,2677.2254174657296,5.6740431195213095,-0.004225450102239847,0.01616055298325847
0,2013-09-20,2619.42770610553,5.70018298970784,-0.021588660776615143,0.026139870186530523
0,2013-09-23,2626.215026137628,5.667348118531867,0.002591146156191826,-0.03283487117597339
0,2013-09-24,2621.28909218672,5.62167223383874,-0.001875678077340126,-0.04567588469312689
0,2013-09-25,2651.178584825252,5.627469126695784,0.011402592994272709,0.005796892857044433
0,2013-09-26,2678.1103125591303,5.601764053979408,0.010158398188650608,-0.025705072716376343
0,2013-09-27,2714.8235200184417,5.598990445402329,0.013708624057471752,-0.0027736085770788677
0,2013-09-30,2731.4383032642186,5.544820860788665,0.006120023317635059,-0.05416958461366406
0,2013-10-01,2764.360267560404,5.59993028579752,0.012052977457642555,0.05510942500885552
0,2013-10-02,2741.901514642548,5.620368453834462,-0.008124394342303276,0.020438168036941207
0,2013-10-03,2765.4676040888517,5.572565914186873,0.008594797924160957,-0.04780253964758874
0,2013-10-04,2768.4757046602517,5.491144208142471,0.0010877366876229644,-0.08142170604440224
0,2013-10-07,2802.5438269906554,5.445671720666481,0.012305732816457748,-0.04547248747598953
0,2013-10-08,2798.2392741669223,5.388721702526812,-0.0015359448734670877,-0.056950018139668934
0,2013-10-09,2802.3146660897146,5.341973754820359,0.0014564129523932934,-0.04674794770645274
0,2013-10-10,2806.9402306068537,5.329902072387397,0.0016506228130310774,-0.012071682432962305
0,2013-10-11,2829.402628776979,5.312689301903549,0.00800244975835085,-0.01721277048384806
0,2013-10-16,2857.5058241001257,5.327185611211123,0.009932554326951504,0.014496309307573618
0,2013-10-17,2894.149059935189,5.346469011004623,0.012823503464460373,0.019283399793500244
0,2013-10-18,2914.6180961401183,5.416643751748596,0.00707255769520998,0.07017474074397345
0,2013-10-21,2951.612309505034,5.407674486882264,0.012692645192146301,-0.008969264866331983
0,2013-10-22,2958.4135783933693,5.427666333354341,0.002304255496710539,0.019991846472076524
0,2013-10-23,2948.3968124390753,5.438577624439215,-0.0033858572132885456,0.010911291084874541
0,2013-10-24,2966.1305101742314,5.357012104328448,0.006014691665768623,-0.08156552011076723
0,2013-10-25,2956.6681143963397,5.309239592873868,-0.0031901481561362743,-0.04777251145458017
0,2013-10-28,2945.580247803635,5.385964231313617,-0.0037501221522688866,0.07672463843974864
0,2013-10-29,2942.66225595117,5.424971709128864,-0.000990633969195187,0.039007477815247604
0,2013-10-30,2899.407693668807,5.312218542354735,-0.014699125662446022,-0.11275316677412928
0,2013-10-31,2861.2687848285914,5.352061408933599,-0.01315403450280428,0.039842866578863934
0,2013-11-01,2823.9725184215304,5.326783390157727,-0.01303486991673708,-0.025278018775871658
0,2013-11-04,2827.954012690639,5.334788644673141,0.0014098912943154573,0.008005254515413895
0,2013-11-05,2816.4743058775293,5.501645282470223,-0.0040593682788312435,0.16685663779708193
0,2013-11-06,2819.895761965287,5.622952427720203,0.001214801101014018,0.12130714524997988
0,2013-11-07,2833.7230485234377,5.694708893007771,0.004903474356979132,0.07175646528756818
0,2013-11-08,2831.117266281872,5.7472437958027855,-0.0009195613674819469,0.05253490279501438
0,2013-11-13,2846.319159468972,5.6189805486596995,0.0053695738315582275,-0.128263247143086
0,2013-11-14,2863.584030457736,5.587309784363361,0.00606568343937397,-0.031670764296338305
0,2013-11-15,2890.336546904469,5.606464313399966,0.009342319332063198,0.019154529036605084
0,2013-11-18,2882.8647385410136,5.652631387152395,-0.0025850997772067785,0.04616707375242868
0,2013-11-19,2901.1589481458554,5.501127968213758,0.006345843896269798,-0.1515034189386366
0,2013-11-20,2907.999021139569,5.482791311346796,0.002357703633606434,-0.018336656866962286
0,2013-11-21,2968.999081385557,5.526822957281147,0.02097664400935173,0.04403164593435083
0,2013-11-22,2967.1325827432092,5.372154824876936,-0.0006286625866778195,-0.15466813240421118
0,2013-11-25,2973.661490267198,5.401498206448258,0.002200409770011902,0.02934338157132199
0,2013-11-26,2916.9442680916704,5.397649392099412,-0.01907319389283657,-0.003848814348845764
0,2013-11-27,2936.806413759292,5.3768172386420945,0.006809230428189039,-0.02083215345731748
0,2013-11-29,2930.6899560249353,5.4089447172146015,-0.002082690130919218,0.03212747857250697
0,2013-12-02,2944.4902932176174,5.427881065011635,0.004708903841674328,0.018936347797033903
0,2013-12-03,2905.1565229912017,5.444546115619907,-0.013358430936932564,0.016665050608271947
0,2013-12-04,2920.7214866679283,5.448264925095847,0.005357702262699604,0.0037188094759397217
0,2013-12-05,2911.9651445782765,5.49815643954043,-0.0029980065301060677,0.04989151444458262
0,2013-12-06,2978.0257823975203,5.492214498641015,0.022685930132865906,-0.005941940899414355
0,2013-12-09,3017.5997599633893,5.47445513369019,0.01328866183757782,-0.017759364950824974
0,2013-12-10,2992.2383881956353,5.515636702040215,-0.008404484950006008,0.04118156835002473
0,2013-12-11,2979.811531029355,5.478138342236849,-0.004153030458837748,-0.03749835980336602
0,2013-12-12,3022.5181071322736,5.417162307820469,0.014331972226500511,-0.06097603441638011
0,2013-12-13,3075.6959876768396,5.498389235275079,0.017593899741768837,0.08122692745461002
0,2013-12-16,3070.1211388332254,5.491958194484782,-0.0018125487258657813,-0.006431040790296549
0,2013-12-17,3084.4488392243825,5.494884515309409,0.004666819237172604,0.002926320824626849
0,2013-12-18,3064.555373015751,5.522502081447147,-0.006449601612985134,0.027617566137737803
0,2013-12-19,3081.480579571331,5.448821431028089,0.005522891413420439,-0.07368065041905769
0,2013-12-20,3119.9995350869217,5.449406493612885,0.012500145472586155,0.00058506258479607
0,2013-12-23,3105.5507893070276,5.466410226509326,-0.004631008952856064,0.017003732896440305
0,2013-12-24,3124.4142957233935,5.499324639470253,0.006074125878512859,0.032914412960927564
0,2013-12-26,3135.5357567349174,5.511263556858633,0.0035595346707850695,0.011938917388379267
0,2013-12-27,3128.2097330032925,5.49932075083044,-0.0023364503867924213,-0.011942806028192976
0,2013-12-30,3145.2647894984984,5.51363045834174,0.005452018231153488,0.014309707511300118
0,2013-12-31,3157.937914308706,5.526621211691473,0.004029271192848682,0.012990753349733097
0,2014-01-02,3144.7465432520517,5.488979930424421,-0.004177210386842489,-0.03764128126705213
0,2014-01-03,3157.39851212806,5.4825357486728,0.004023207817226648,-0.006444181751620981
0,2014-01-06,3146.4476738406424,5.5416895639917705,-0.003468310460448265,0.05915381531897079
0,2014-01-07,3155.48874762708,5.452207047693838,0.0028734225779771805,-0.08948251629793269
0,2014-01-08,3161.580653855843,5.460181550649721,0.00193057453725487,0.00797450295588309
0,2014-01-09,3144.5640948483956,5.468965206205547,-0.0053822947666049,0.008783655555825831
0,2014-01-10,3159.197376350252,5.53701534974451,0.004653516691178083,0.06805014353896333
0,2014-01-13,3160.2482685573227,5.531186239529995,0.0003326453152112663,-0.005829110214515154
0,2014-01-14,3176.4240404479337,5.465373136987782,0.005118513014167547,-0.06581310254221329
0,2014-01-15,3169.2639045893357,5.475169686806394,-0.002254149876534939,0.009796549818612554
0,2014-01-16,3193.601206121814,5.475087692298727,0.007679165340960026,-8.19945076671047e-05
0,2014-01-17,3221.305124563239,5.481946779637159,0.008674820885062218,0.006859087338431991
0,2014-01-21,3262.5158025713768,5.484065497927643,0.012793161906301975,0.002118718290484267
0,2014-01-22,3288.1323297947997,5.534529904658557,0.007851771079003811,0.05046440673091368
0,2014-01-23,3333.057896420408,5.521696004376695,0.013662943616509438,-0.012833900281862043
0,2014-01-24,3323.097716226388,5.5338214670368355,-0.002988300984725356,0.012125462660140585
0,2014-01-27,3286.5084961350135,5.581082675142699,-0.011010576039552689,0.04726120810586387
0,2014-01-28,3213.977549395405,5.448834598564436,-0.022069301456212997,-0.13224807657826343
0,2014-01-29,3240.7539053533155,5.395617810434258,0.008331220597028732,-0.05321678813017794
0,2014-01-30,3272.4558760078075,5.5115155222742915,0.009782282635569572,0.1158977118400335
0,2014-01-31,3278.3727734817135,5.522723499491015,0.0018080908339470625,0.011207977216723286
0,2014-02-03,3261.0175236093423,5.501688515212793,-0.005293861031532288,-0.021034984278221813
0,2014-02-04,3275.7563280440686,5.490949906346463,0.004519694950431585,-0.010738608866329713
0,2014-02-05,3297.6716083020465,5.4020278631044425,0.00669014360755682,-0.0889220432420208
0,2014-02-06,3309.8552179417284,5.443876819246017,0.0036946097388863564,0.04184895614157469
0,2014-02-07,3306.3670509469102,5.446354812043605,-0.0010538729839026928,0.00247799279758798
0,2014-02-10,3303.3977196181327,5.338437174078691,-0.0008980646380223334,-0.10791763796491427
0,2014-02-11,3337.1741024869634,5.350187650526508,0.010224740020930767,0.011750476447817348
0,2014-02-12,3332.7895856487717,5.342631201161786,-0.0013138412032276392,-0.0075564493647224396
0,2014-02-13,3348.1406896680655,5.271618162744897,0.004606082569807768,-0.071013038416889
0,2014-02-14,3364.486737884866,5.409999020284394,0.004882127046585083,0.13838085753949692
0,2014-02-18,3337.947248208698,5.4385169958326465,-0.007888124324381351,0.02851797554825275
0,2014-02-19,3337.3363774500663,5.419021709211307,-0.00018300791271030903,-0.019495286621339147
0,2014-02-20,3342.5788957225054,5.348307789016481,0.0015708690043538809,-0.07071392019482658
0,2014-02-21,3290.0653875762237,5.253671332303316,-0.01571047678589821,-0.09463645671316456
0,2014-02-24,3279.5483212458416,5.226795883075891,-0.0031966131646186113,-0.026875449227425463
0,2014-02-25,3286.9417912783583,5.245762709207235,0.0022544171661138535,0.018966826131344483
0,2014-02-26,3336.309155378968,5.2053689898552395,0.01501923892647028,-0.04039371935199565
0,2014-02-27,3310.762438498867,5.1932335430430046,-0.007657179143279791,-0.012135446812234996
0,2014-02-28,3330.1313571722812,5.201261163840963,0.005850289482623339,0.008027620797958157
0,2014-03-03,3368.508632101927,5.238534416791724,0.011524252593517303,0.03727325295076156
0,2014-03-04,3335.057027134874,5.171693487280446,-0.0099306870251894,-0.06684092951127862
0,2014-03-05,3376.1322407985645,5.2013693905921,0.012316195294260979,0.02967590331165404
0,2014-03-06,3400.4409364731487,5.141743984908016,0.007200160995125771,-0.059625405684083255
0,2014-03-07,3387.1704551395937,5.147752899322619,-0.003902576630935073,0.006008914414602273
0,2014-03-10,3383.58729992919,5.224672311112769,-0.0010578609071671963,0.0769194117901506
0,2014-03-11,3436.384284332212,5.162810554413077,0.015603848733007908,-0.06186175669969263
0,2014-03-12,3454.2763157866125,5.136839159164565,0.005206644535064697,-0.025971395248511442
0,2014-03-13,3439.15878195141,5.112181340957879,-0.004376469179987907,-0.02465781820668589
0,2014-03-14,3388.081547412582,5.0750718876175664,-0.014851665124297142,-0.0371094533403129
0,2014-03-17,3374.8310910831387,5.044258758295118,-0.003910902421921492,-0.030813129322448063
0,2014-03-18,3350.768227028197,5.003364230033533,-0.007130094338208437,-0.04089452826158535
0,2014-03-19,3324.1817203726505,4.938824309236648,-0.00793445110321045,-0.06453992079688486
0,2014-03-20,3293.3370789966443,4.957664705055328,-0.009278867393732071,0.018840395818680022
0,2014-03-21,3326.2154395508237,4.987781965164097,0.009983296506106853,0.030117260108768917
0,2014-03-24,3340.7134349591015,5.003966233449915,0.004358706064522266,0.016184268285817538
0,2014-03-25,3403.123334260606,4.991691378744374,0.018681608140468597,-0.012274854705540683
0,2014-03-26,3408.2487282024636,5.054616179999529,0.0015060852747410536,0.06292480125515532
0,2014-03-27,3440.6665165563727,5.079452482138058,0.009511567652225494,0.024836302138528943
0,2014-03-28,3439.86272467521,5.146898763267626,-0.00023361516650766134,0.06744628112956796
0,2014-03-31,3446.202262549581,5.11233200835896,0.0018429624615237117,-0.03456675490866612
0,2014-04-01,3423.557326940454,5.078761455151843,-0.006570982746779919,-0.03357055320711666
0,2014-04-02,3396.737486363377,5.141246089883985,-0.007833910174667835,0.06248463473214194
0,2014-04-03,3385.308721366853,5.092027774185089,-0.0033646300435066223,-0.04921831569889612
0,2014-04-04,3426.7160836265193,5.139936291104519,0.012231487780809402,0.047908516919429545
0,2014-04-07,3434.258517884577,5.16985085769732,0.0022010677494108677,0.029914566592800895
0,2014-04-08,3453.3695100627037,5.1814242155176675,0.0055648088455200195,0.011573357820347852
0,2014-04-09,3445.6127392473168,5.1623042467268165,-0.002246145624667406,-0.019119968790850983
0,2014-04-10,3418.401500580226,5.20343292370932,-0.007897358387708664,0.04112867698250344
0,2014-04-11,3462.728434216314,5.052979875186031,0.012967152521014214,-0.1504530485232891
0,2014-04-14,3438.607811435263,5.157216161098166,-0.006965785287320614,0.10423628591213507
0,2014-04-15,3499.0003953730306,5.151381986709285,0.017563091591000557,-0.00583417438888123
0,2014-04-16,3545.6606239953785,5.132359091779962,0.013335302472114563,-0.019022894929322298
0,2014-04-17,3548.2867689033733,5.184858179954883,0.0007406644872389734,0.05249908817492077
0,2014-04-21,3550.0753854855175,5.221238071632342,0.0005040789255872369,0.03637989167745914
0,2014-04-22,3551.6167035717554,5.169954668728821,0.0004341648891568184,-0.05128340290352096
0,2014-04-23,3531.9851387106673,5.142468780368812,-0.005527500994503498,-0.027485888360009092
0,2014-04-24,3519.897230070231,5.060546893333516,-0.0034224120900034904,-0.08192188703529624
0,2014-04-25,3470.9152227718682,5.049937360827306,-0.01391574926674366,-0.010609532506210329
0,2014-04-28,3466.612150537399,4.993755938472072,-0.0012397514656186104,-0.056181422355233934
0,2014-04-29,3456.6241450048406,5.0199457102168195,-0.0028812007512897253,0.02618977174474768
0,2014-04-30,3439.633065353993,5.02462861832758,-0.004915512632578611,0.004682908110760664
0,2014-05-01,3486.0490462568005,5.007126633542905,0.013494457118213177,-0.01750198478467535
0,2014-05-02,3527.3993928249133,4.999159851454445,0.011861665174365044,-0.007966782088459468
0,2014-05-05,3520.520363013658,4.962765783897925,-0.0019501703791320324,-0.03639406755651997
0,2014-05-06,3516.350756455752,4.867310732534656,-0.0011843722313642502,-0.09545505136326948
0,2014-05-07,3477.7338017945076,4.872323083856189,-0.010982111096382141,0.005012351321533437
0,2014-05-08,3493.9986380498613,4.964426792403939,0.004676849115639925,0.09210370854775007
0,2014-05-09,3512.1468248101023,4.8613252358559755,0.005194102413952351,-0.10310155654796382
0,2014-05-12,3472.736436542653,4.834591309367905,-0.011221167631447315,-0.02673392648807038
0,2014-05-13,3369.9295825150393,4.7883923707453455,-0.02960398979485035,-0.04619893862255964
0,2014-05-14,3408.0145993251667,4.743197252253947,0.011301428079605103,-0.04519511849139857
0,2014-05-15,3398.086192442255,4.656781307260969,-0.0029132524505257607,-0.08641594499297778
0,2014-05-16,3352.4655086174535,4.613819204320079,-0.013425405137240887,-0.04296210294088976
0,2014-05-19,3352.232028496692,4.5902150019468575,-6.964430212974548e-05,-0.023604202373221916
0,2014-05-20,3402.802882518109,4.599313431468949,0.015085726045072079,0.0090984295220915
0,2014-05-21,3407.0126309561583,4.583848884808031,0.0012371414341032505,-0.01546454666091801
0,2014-05-22,3426.482158041344,4.5552585860419414,0.005714545026421547,-0.02859029876608954
0,2014-05-23,3390.9969418371443,4.529833132898891,-0.01035616546869278,-0.025425453143050447
0,2014-05-27,3380.16782552123,4.557573156066637,-0.0031934904400259256,0.027740023167745598
0,2014-05-28,3429.2585238183483,4.532016414924092,0.014523154124617577,-0.02555674114254458
0,2014-05-29,3402.0119367889956,4.526678158807842,-0.007945328950881958,-0.005338256116250051
0,2014-05-30,3368.7366830795663,4.481780085645536,-0.00978105142712593,-0.04489807316230632
0,2014-06-02,3374.2020277912043,4.418413414188073,0.0016223721904680133,-0.06336667145746233
0,2014-06-03,3349.807404671261,4.4349022740151955,-0.007229745853692293,0.016488859827122226
0,2014-06-04,3362.81810110488,4.295724873829455,0.0038840132765471935,-0.13917740018574065
0,2014-06-05,3294.057804847219,4.28736791358297,-0.020447224378585815,-0.008356960246485023
0,2014-06-06,3336.4770515974765,4.323271604311556,0.012877505272626877,0.03590369072858657
0,2014-06-09,3335.579572055034,4.295640480901714,-0.0002689901739358902,-0.02763112340984275
0,2014-06-10,3320.890390986262,4.30411659565783,-0.004403786733746529,0.008476114756116537
0,2014-06-11,3343.7147312923153,4.292702193623175,0.006872958038002253,-0.011414402034655602
0,2014-06-12,3379.303988454386,4.300943616183094,0.010643628425896168,0.008241422559919442
0,2014-06-13,3401.487801791487,4.327426891095358,0.006564610172063112,0.02648327491226432
0,2014-06-16,3403.423725796971,4.318528251285922,0.0005691403639502823,-0.008898639809435949
0,2014-06-17,3445.4881319030314,4.379186048101694,0.012359438464045525,0.06065779681577155
0,2014-06-18,3482.3929263903697,4.395798686012853,0.010711049661040306,0.016612637911158856
0,2014-06-19,3497.718014092835,4.387538958182617,0.004400734789669514,-0.008259727830235875
0,2014-06-20,3532.2378464410085,4.4363459600051,0.009869243949651718,0.048807001822482654
0,2014-06-23,3522.5270429001207,4.360166790942528,-0.0027491929940879345,-0.07617916906257172
0,2014-06-24,3505.3632741189176,4.374853190933317,-0.004872572608292103,0.014686399990789134
0,2014-06-25,3533.5208189138193,4.366784875946524,0.008032703772187233,-0.008068314986792835
0,2014-06-26,3495.323179525783,4.359307871457018,-0.01081007905304432,-0.007477004489506278
0,2014-06-27,3463.010984359884,4.372291732028223,-0.009244408458471298,0.012983860571204708
0,2014-06-30,3479.751124703697,4.404456433374307,0.004833984188735485,0.03216470134608418
0,2014-07-01,3484.825721272527,4.448426271042249,0.0014583216980099678,0.043969837667941825
0,2014-07-02,3526.412193910005,4.435244276262406,0.011933587491512299,-0.013181994779842832
0,2014-07-03,3519.9435626100576,4.426840271354075,-0.0018343378324061632,-0.008404004908331153
0,2014-07-07,3476.1224606968935,4.4299671967282706,-0.012449376285076141,0.003126925374195899
0,2014-07-08,3464.1571465511797,4.352351427279807,-0.0034421440213918686,-0.07761576944846382
0,2014-07-09,3483.8801120909293,4.379626041806532,0.005693438462913036,0.02727461452672486
0,2014-07-10,3510.250389536327,4.479121003246188,0.007569226436316967,0.09949496143965675
0,2014-07-11,3529.5687056028346,4.4508277176057405,0.005503401160240173,-0.028293285640447863
0,2014-07-14,3499.2464044131766,4.3802855383512345,-0.008590936660766602,-0.07054217925450601
0,2014-07-15,3488.0800978291077,4.3726349359442125,-0.00319106038659811,-0.007650602407021978
0,2014-07-16,3505.9089308870193,4.342249645600658,0.005111359991133213,-0.030385290343554416
0,2014-07-17,3502.4376954521435,4.31940649175515,-0.000990109983831644,-0.022843153845507835
0,2014-07-18,3517.50003733665,4.323899075394424,0.0043005309998989105,0.0044925836392737395
0,2014-07-21,3462.157440631807,4.27552788320138,-0.015733502805233,-0.04837119219304409
0,2014-07-22,3451.971873223969,4.24854383265475,-0.002941971179097891,-0.026984050546629668
0,2014-07-23,3451.8934815205084,4.251490581239528,-2.2709253244102e-05,0.0029467485847778363
0,2014-07-24,3471.557937611912,4.255631670015472,0.005696715787053108,0.004141088775943658
0,2014-07-25,3479.9751701779605,4.254712973116827,0.0024246268440037966,-0.0009186968986449884
0,2014-07-28,3479.4098501863223,4.3256217849792415,-0.00016244943253695965,0.07090881186241482
0,2014-07-29,3525.9936878414164,4.372303930787734,0.013388430699706078,0.04668214580849206
0,2014-07-30,3539.191646744356,4.3463946332485355,0.003743046661838889,-0.02590929753919813
0,2014-07-31,3543.4285689303433,4.338229850783327,0.0011971440399065614,-0.008164782465208908
0,2014-08-01,3558.8043791054824,4.318488119824217,0.004339246544986963,-0.019741730959109915
0,2014-08-04,3530.589916749559,4.270564636457655,-0.007928073406219482,-0.047923483366561825
0,2014-08-05,3521.6323391324704,4.312201130924796,-0.0025371334049850702,0.04163649446714146
0,2014-08-06,3527.816593172826,4.351102570755663,0.0017560760024935007,0.03890143983086691
0,2014-08-07,3556.6244815012333,4.40672457743922,0.008165925741195679,0.055622006683556435
0,2014-08-08,3583.374997793,4.378000555880749,0.007521321531385183,-0.02872402155847098
0,2014-08-11,3583.4222972430816,4.367635854292254,1.319969305768609e-05,-0.010364701588494896
0,2014-08-12,3581.295682401328,4.301891419800278,-0.0005934591754339635,-0.0657444344919762
0,2014-08-13,3576.2519768771617,4.25892790674914,-0.0014083465794101357,-0.04296351305113788
0,2014-08-14,3575.954845944901,4.301604588843363,-8.308445103466511e-05,0.04267668209422304
0,2014-08-15,3603.276654502175,4.352717127891162,0.0076404232531785965,0.05111253904779911
0,2014-08-18,3656.3292844062166,4.363623079713984,0.014723440632224083,0.010905951822822502
0,2014-08-19,3674.446098945965,4.395290105115706,0.0049549187533557415,0.03166702540172128
0,2014-08-20,3661.805769522843,4.4314971931198155,-0.003440063912421465,0.03620708800410988
0,2014-08-21,3675.6965062085847,4.460309533577678,0.0037934116553515196,0.028812340457862184
0,2014-08-22,3694.2852996769725,4.481413629536025,0.005057216621935368,0.02110409595834728
0,2014-08-25,3685.0266431845225,4.4220144319585835,-0.002506210468709469,-0.0593991975774415
0,2014-08-26,3681.0106233801243,4.384312406989141,-0.0010898211039602757,-0.03770202496944286
0,2014-08-27,3696.1918952832843,4.389115278429317,0.004124213010072708,0.004802871440176659
0,2014-08-28,3669.794710349054,4.306123033892277,-0.007141724694520235,-0.08299224453704035
0,2014-08-29,3647.34859168834,4.333688791014761,-0.006116450764238834,0.02756575712248388
0,2014-09-02,3656.255174806905,4.36614339311017,0.002441933611407876,0.03245460209540951
0,2014-09-03,3691.305023981788,4.459892099226844,0.009586269967257977,0.0937487061166733
0,2014-09-04,3693.0900856471167,4.456092470145427,0.00048358552157878876,-0.003799629081416178
0,2014-09-05,3674.7191794577066,4.482666640616521,-0.004974399693310261,0.02657417047109334
0,2014-09-08,3679.358731271403,4.452283770040093,0.0012625595554709435,-0.03038287057642819
0,2014-09-09,3671.5236540939554,4.4508426662473015,-0.002129468135535717,-0.0014411037927910542
0,2014-09-10,3703.832744073234,4.409925810097153,0.008799913339316845,-0.040916856150148284
0,2014-09-11,3711.6569886299444,4.39615764555067,0.002112472429871559,-0.013768164546482886
0,2014-09-12,3697.442658299524,4.4280028493722465,-0.0038296454586088657,0.031845203821576185
0,2014-09-15,3725.862181701898,4.4525128821672055,0.00768626481294632,0.024510032794959002
0,2014-09-16,3740.062061551031,4.429561851181841,0.0038111661560833454,-0.02295103098536444
0,2014-09-17,3761.615120928656,4.497053019713909,0.00576275447383523,0.06749116853206782
0,2014-09-18,3753.740530906451,4.5325898362525034,-0.0020934066269546747,0.03553681653859453
0,2014-09-19,3745.7870737497933,4.527684619475398,-0.002118808450177312,-0.004905216777105537
0,2014-09-22,3747.90315431464,4.505478088025395,0.0005649228114634752,-0.022206531450002842
0,2014-09-23,3775.9905436112313,4.562855194738423,0.007494160905480385,0.05737710671302754
0,2014-09-24,3757.5695196449815,4.575201118141272,-0.0048784613609313965,0.012345923402849124
0,2014-09-25,3747.6188424955576,4.587106275805786,-0.0026481684762984514,0.011905157664513943
0,2014-09-26,3729.5904981441254,4.566475753218895,-0.004810613114386797,-0.020630522586890798
0,2014-09-29,3769.2541675647403,4.564678451586059,0.010634859092533588,-0.0017973016328358682
0,2014-09-30,3763.0595244958986,4.631971868706191,-0.001643466530367732,0.0672934171201316
0,2014-10-01,3795.517275379672,4.573530482137677,0.008625362068414688,-0.05844138656851339
0,2014-10-02,3775.7560942793625,4.524929330147032,-0.0052064526826143265,-0.04860115199064552
0,2014-10-03,3751.25400225663,4.531825581885927,-0.006489320658147335,0.006896251738895742
0,2014-10-06,3780.242526957747,4.541587789885499,0.0077276891097426414,0.009762207999571615
0,2014-10-07,3749.001882513119,4.5481577146966226,-0.008264190517365932,0.0065699248111235065
0,2014-10-08,3745.5610891606543,4.517265834503854,-0.0009177891770377755,-0.030891880192768895
0,2014-10-09,3746.1583432637744,4.5118244869403235,0.00015945651102811098,-0.005441347563530208
0,2014-10-10,3771.630310172888,4.529666780386392,0.006799490191042423,0.017842293446068247
0,2014-10-15,3813.6687036034946,4.522793153305056,0.011145947501063347,-0.006873627081335876
0,2014-10-16,3833.8421737228314,4.512990872688205,0.00528978044167161,-0.009802280616851178
0,2014-10-17,3830.7798727625513,4.523952809205165,-0.0007987550925463438,0.01096193651695998
0,2014-10-20,3844.1282934230235,4.4844875892355045,0.003484517801553011,-0.039465219969660126
0,2014-10-21,3873.7159731444517,4.500710189277903,0.007696850225329399,0.016222600042398838
0,2014-10-22,3913.197655968179,4.499891227715839,0.010192198678851128,-0.000818961562064402
0,2014-10-23,3908.0119663031974,4.5275345105189215,-0.0013251795899122953,0.02764328280308259
0,2014-10-24,3951.7050156162727,4.524947976732994,0.011180377565324306,-0.002586533785927436
0,2014-10-27,3942.0748266993937,4.56375515783163,-0.00243697059340775,0.0388071810986359
0,2014-10-28,3933.0001545838995,4.568351212039301,-0.002302004024386406,0.004596054207670619
0,2014-10-29,3975.671826118657,4.546459700452124,0.010849649086594582,-0.021891511587176282
0,2014-10-30,3969.155355556503,4.466129851566936,-0.0016390866367146373,-0.08032984888518868
0,2014-10-31,3932.7685976286634,4.431939379130805,-0.009167380630970001,-0.034190472436130825
0,2014-11-03,3900.279890788115,4.412004268900741,-0.008261026814579964,-0.019935110230063557
0,2014-11-04,3873.32917470184,4.258595907974287,-0.006909944117069244,-0.15340836092645382
0,2014-11-05,3797.4117343967146,4.215605592747464,-0.019600048661231995,-0.04299031522682384
0,2014-11-06,3829.965171027352,4.224447663214787,0.008572532795369625,0.008842070467323104
0,2014-11-07,3794.9589407726485,4.26825147868059,-0.009140091016888618,0.04380381546580292
0,2014-11-10,3816.332868930358,4.194020743684629,0.005632189568132162,-0.074230734995961
0,2014-11-13,3786.557328826246,4.1878116826430904,-0.007802133914083242,-0.0062090610415381775
0,2014-11-14,3828.736763601704,4.209750688390269,0.01113925687968731,0.02193900574717844
0,2014-11-17,3782.795887196461,4.185810667988736,-0.011998964473605156,-0.023940020401532536
0,2014-11-18,3823.849077150928,4.152110630915204,0.010852605104446411,-0.03370003707353231
0,2014-11-19,3777.3396820406615,4.116037380702937,-0.012162978760898113,-0.03607325021226693
0,2014-11-20,3766.4189941339396,4.038424493791422,-0.0028911055997014046,-0.07761288691151513
0,2014-11-21,3732.179976594299,4.006542503726019,-0.009090602397918701,-0.031881990065403265
0,2014-11-24,3802.873464181913,4.04004226170531,0.01894160732626915,0.033499757979290834
0,2014-11-25,3799.2489772078343,4.043350324347028,-0.0009530916577205062,0.0033080626417181236
0,2014-11-26,3833.540249400311,4.031667832579116,0.009025802835822105,-0.011682491767911252
0,2014-11-28,3770.4965242895037,4.016972330487743,-0.016445301473140717,-0.014695502091373491
0,2014-12-01,3735.185245572284,4.0672617976674506,-0.00936515349894762,0.050289467179707614
0,2014-12-02,3768.0856965035414,4.048258821009956,0.008808251470327377,-0.01900297665749484
0,2014-12-03,3728.08471014324,4.069354105449184,-0.010615731589496136,0.02109528443922848
0,2014-12-04,3790.869676197593,4.056424444429955,0.01684107817709446,-0.012929661019229322
0,2014-12-05,3834.2653195442026,4.061857993957154,0.01144741103053093,0.005433549527198878
0,2014-12-08,3908.5298568855906,4.095778323373462,0.019368648529052734,0.033920329416308626
0,2014-12-09,3932.717781973313,4.098506450152089,0.006188496947288513,0.0027281267786269936
0,2014-12-10,3927.1658986569632,4.1030260482122305,-0.0014117166865617037,0.004519598060141128
0,2014-12-11,3931.921095003945,4.179045702608436,0.0012108468217775226,0.07601965439620528
0,2014-12-12,3962.384705449364,4.105769516609536,0.0077477674931287766,-0.07327618599889973
0,2014-12-15,3924.6123799707,4.125479815666889,-0.009532725438475609,0.019710299057352998
0,2014-12-16,3936.971496052641,4.133459597974036,0.003149130381643772,0.007979782307146799
0,2014-12-17,3981.046369635525,4.144542371034492,0.011195121333003044,0.011082773060456574
0,2014-12-18,4047.487871833784,4.169552022741745,0.01668945699930191,0.025009651707252445
0,2014-12-19,4063.1018258987147,4.17348089810833,0.003857690142467618,0.003928875366584705
0,2014-12-22,4067.195707922068,4.14482305738209,0.0010075755417346954,-0.02865784072623967
0,2014-12-23,4092.9283986501596,4.172755469693087,0.006326887756586075,0.027932412310996746
0,2014-12-24,4070.8470676281936,4.147158369662364,-0.005394995678216219,-0.025597100030722686
0,2014-12-26,4015.61122164265,4.177775034767375,-0.0135686369612813,0.030616665105011265
0,2014-12-29,4039.6612135845035,4.207583157225977,0.005989123601466417,0.029808122458601538
0,2014-12-30,4042.9423866104844,4.235514658245827,0.0008122396538965404,0.027931501019850202
0,2014-12-31,4023.150202066549,4.269507753275009,-0.004895490128546953,0.03399309502918246
0,2015-01-02,4056.237718027462,4.241093242191809,0.008224280551075935,-0.028414511083200367
0,2015-01-05,3995.3552134384095,4.199554791833778,-0.01500959973782301,-0.04153845035803094
0,2015-01-06,3946.46852317568,4.304917642832491,-0.012235880829393864,0.10536285099871279
0,2015-01-07,4050.3311402886807,4.340934977651765,0.026317862793803215,0.03601733481927383
0,2015-01-08,3994.8981031092358,4.330422816217952,-0.013686050660908222,-0.010512161433812395
0,2015-01-09,4029.7570401770668,4.3629527173136795,0.008725863881409168,0.032529901095727176
0,2015-01-12,4039.3256214784283,4.346844702228851,0.0023744809441268444,-0.01610801508482851
0,2015-01-13,4005.2162955455988,4.37025315593553,-0.008444312028586864,0.02340845370667921
0,2015-01-14,4002.968589279254,4.368858201994035,-0.0005611947271972895,-0.0013949539414950252
0,2015-01-15,3997.687991348637,4.3324758632594484,-0.0013191704638302326,-0.03638233873458674
0,2015-01-16,3978.7198905843993,4.304689800719194,-0.004744767677038908,-0.02778606254025462
0,2015-01-20,4002.005293069481,4.374680542640573,0.005852486006915569,0.06999074192137922
0,2015-01-21,3957.3753803610357,4.303619376785721,-0.011151887476444244,-0.0710611658548519
0,2015-01-22,3919.126664476193,4.269246096798897,-0.009665172547101974,-0.03437327998682438
0,2015-01-23,3942.154901764955,4.371253130711986,0.005875859409570694,0.10200703391308963
0,2015-01-26,4003.600749572474,4.391943056411745,0.015586867928504944,0.020689925699758582
0,2015-01-27,4026.6777881414746,4.347280177908355,0.005764070898294449,-0.04466287850338979
0,2015-01-28,4003.319359633243,4.387184723594469,-0.005800918210297823,0.03990454568611401
0,2015-01-29,4004.738883172945,4.395227061400856,0.0003545866347849369,0.008042337806386968
0,2015-01-30,4044.6748648592097,4.427129520348239,0.009972181171178818,0.03190245894738286
0,2015-02-02,3994.39721656501,4.43216416279319,-0.012430578470230103,0.0050346424449507765
0,2015-02-03,4014.377747207499,4.423859490384246,0.005002139136195183,-0.008304672408943503
0,2015-02-04,4030.605539037153,4.408520406339857,0.0040424177423119545,-0.015339084044389217
0,2015-02-05,4066.3613271107097,4.425142882408024,0.00887107104063034,0.016622476068167025
0,2015-02-06,4080.056103184048,4.431655757525851,0.003367820754647255,0.006512875117826944
0,2015-02-09,4156.678570913254,4.4385381370716726,0.018779758363962173,0.006882379545821493
0,2015-02-10,4197.464099345631,4.411167371752793,0.009812047705054283,-0.02737076531887972
0,2015-02-11,4203.932357705138,4.421940177670929,0.0015409919433295727,0.010772805918136008
0,2015-02-12,4226.946399296349,4.45008485096514,0.005474408157169819,0.028144673294210776
0,2015-02-13,4216.729142508205,4.478006797683873,-0.002417172072455287,0.027921946718733714
0,2015-02-17,4223.080801381935,4.465935391880367,0.0015062999445945024,-0.012071405803506075
0,2015-02-18,4213.127637005323,4.455418681125536,-0.002356849145144224,-0.01051671075483096
0,2015-02-19,4204.179825510156,4.446486102550123,-0.0021237931214272976,-0.008932578575413075
0,2015-02-20,4180.366182965747,4.478882710653922,-0.005664277821779251,0.03239660810379874
0,2015-02-23,4248.853681593995,4.553644919832026,0.016383133828639984,0.07476220917810394
0,2015-02-24,4268.391648337372,4.544430990673886,0.004598408937454224,-0.009213929158139678
0,2015-02-25,4295.4217250190995,4.5036911243131295,0.006332613993436098,-0.04073986636075677
0,2015-02-26,4245.525622320416,4.509847404108276,-0.011616112664341927,0.0061562797951468795
0,2015-02-27,4263.574504342868,4.514415704065893,0.004251271486282349,0.004568299957616873
0,2015-03-02,4267.2565831168995,4.4243477102654225,0.0008636130951344967,-0.0900679938004707
0,2015-03-03,4252.284576341806,4.430561228285384,-0.003508578985929489,0.006213518019961839
0,2015-03-04,4278.136326883555,4.4517621947324075,0.006079496815800667,0.021200966447023184
0,2015-03-05,4288.7841065749135,4.4577933517403565,0.0024888827465474606,0.006031157007948984
0,2015-03-06,4296.107189302232,4.442134847435249,0.0017074962379410863,-0.01565850430510718
0,2015-03-09,4288.579726027818,4.444191857720109,-0.0017521590925753117,0.002057010284859828
0,2015-03-10,4309.782991097085,4.467319504619722,0.004944122862070799,0.023127646899612664
0,2015-03-11,4246.213037343973,4.419108653815119,-0.01475015189498663,-0.048210850804602856
0,2015-03-12,4206.796083755323,4.353077398623605,-0.009282848797738552,-0.06603125519151387
0,2015-03-13,4217.325088900884,4.3450164643836935,0.0025028560776263475,-0.00806093423991161
0,2015-03-16,4180.1041337371325,4.3258587981597945,-0.008825725875794888,-0.019157666223899028
0,2015-03-17,4161.591844435237,4.336612078554382,-0.004428667016327381,0.010753280394587783
0,2015-03-18,4226.11661678783,4.35509723861773,0.015504829585552216,0.01848516006334755
0,2015-03-19,4173.607685232981,4.338663303025422,-0.012424865737557411,-0.01643393559230777
0,2015-03-20,4181.68538446595,4.318381920777007,0.001935423701070249,-0.020281382248414914
0,2015-03-23,4143.919931089826,4.394998256763643,-0.009031156077980995,0.07661633598663631
0,2015-03-24,4181.762013634531,4.372188678660163,0.009131953120231628,-0.022809578103480277
0,2015-03-25,4171.101683478946,4.273187709988829,-0.002549243625253439,-0.09900096867133445
0,2015-03-26,4140.710039929431,4.244384158096127,-0.0072862389497458935,-0.028803551892702117
0,2015-03-27,4185.748482027854,4.313981966435826,0.010876985266804695,0.06959780833969909
0,2015-03-30,4184.0058651625395,4.3172230919378025,-0.0004163214471191168,0.0032411255019768603
0,2015-03-31,4203.747322194944,4.298702907520258,0.004718314856290817,-0.018520184417544883
0,2015-04-01,4160.557229409268,4.236863857465682,-0.010274188593029976,-0.06183905005457557
0,2015-04-02,4099.870180163647,4.125818981635353,-0.014586279168725014,-0.11104487583032885
0,2015-04-06,4086.3813604213724,4.14195738297062,-0.0032900602091103792,0.016138401335267005
0,2015-04-07,4166.570371109536,4.152717495203803,0.01962347701191902,0.010760112233183072
0,2015-04-08,4162.229949431799,4.213755301353818,-0.0010417252779006958,0.06103780615001497
0,2015-04-09,4258.532484880164,4.246973745028688,0.023137245327234268,0.033218443674869924
0,2015-04-10,4290.069159921972,4.277920806013636,0.007405526470392942,0.030947060984948038
0,2015-04-13,4267.159432833808,4.291386094454635,-0.00534017663449049,0.013465288440999146
0,2015-04-14,4267.7055201383155,4.219396588889302,0.00012797443196177483,-0.07198950556533301
0,2015-04-15,4229.9649201989605,4.148276905564185,-0.008843299932777882,-0.07111968332511776
0,2015-04-16,4210.319558812186,4.13536583085844,-0.004644331987947226,-0.012911074705744596
0,2015-04-17,4236.079107596307,4.1729099794991615,0.00611819326877594,0.03754414864072153
0,2015-04-20,4265.107250573222,4.17851496429818,0.006852596998214722,0.0056049847990182755
0,2015-04-21,4242.097047166776,4.184223132985595,-0.005394988227635622,0.005708168687415416
0,2015-04-22,4258.37955446558,4.20826348398885,0.0038383156061172485,0.02404035100325519
0,2015-04-23,4237.810266552713,4.2542606396274145,-0.004830308724194765,0.0459971556385641
0,2015-04-24,4204.056106312054,4.266864097319772,-0.007965000346302986,0.012603457692357267
0,2015-04-27,4181.928703381142,4.297707628212066,-0.0052633462473750114,0.030843530892294524
0,2015-04-28,4221.942628835942,4.30061570058432,0.009568294510245323,0.002908072372253656
0,2015-04-29,4242.995779825243,4.325798819908828,0.004986602813005447,0.025183119324507786
0,2015-04-30,4254.4927371398,4.313811814576552,0.0027096320409327745,-0.01198700533227548
0,2015-05-01,4212.597906121974,4.3083146181526875,-0.00984719768166542,-0.005497196423864814
0,2015-05-04,4148.30609889519,4.273946445785495,-0.015261795371770859,-0.03436817236719225
0,2015-05-05,4148.329449351977,4.2567331798444785,5.628913640975952e-06,-0.017213265941016687
0,2015-05-06,4147.444430088353,4.232973764645021,-0.00021334353368729353,-0.023759415199457123
0,2015-05-07,4178.060012606882,4.227415356132806,0.007381794508546591,-0.0055584085122157845
0,2015-05-08,4171.933413424708,4.235033434473238,-0.0014663741458207369,0.00761807834043271
0,2015-05-11,4196.334251841693,4.215268528899688,0.005848808214068413,-0.019764905573550706
0,2015-05-12,4212.687331685064,4.226421008226887,0.0038969917222857475,0.011152479327199316
0,2015-05-13,4215.551971565291,4.232442297718666,0.0006800029659643769,0.006021289491779491
0,2015-05-14,4264.866688679219,4.242534233055324,0.011698282323777676,0.010091935336657976
0,2015-05-15,4313.933393332106,4.211982044519109,0.01150486245751381,-0.03055218853621522
0,2015-05-18,4340.965495273796,4.224817900346833,0.006266230717301369,0.012835855827724174
0,2015-05-19,4361.375204803936,4.2288567536183805,0.004701652098447084,0.0040388532715471825
0,2015-05-20,4346.2643412170155,4.20179487266607,-0.00346470158547163,-0.02706188095231088
0,2015-05-21,4323.976807262553,4.226593897301433,-0.005127974785864353,0.024799024635363764
0,2015-05-22,4268.808113120487,4.175943716099479,-0.012758785858750343,-0.05065018120195486
0,2015-05-26,4193.324308579678,4.178072643190193,-0.017682641744613647,0.0021289270907143276
0,2015-05-27,4281.777190101189,4.213249581814434,0.021093737334012985,0.035176938624241316
0,2015-05-28,4319.963723670595,4.248031061756812,0.008918384090065956,0.03478147994237801
0,2015-05-29,4350.23364124444,4.285381945004279,0.007006984204053879,0.03735088324746716
0,2015-06-01,4327.864913908327,4.239143358169812,-0.0051419599913060665,-0.04623858683446702
0,2015-06-02,4354.300935371961,4.219362111545632,0.006108328700065613,-0.01978124662418068
0,2015-06-03,4371.745089162796,4.196560686817428,0.004006189294159412,-0.02280142472820401
0,2015-06-04,4393.19513274499,4.232796057853925,0.004906517453491688,0.0362353710364971
0,2015-06-05,4401.414729430935,4.285443881118332,0.0018709837459027767,0.0526478232644072
0,2015-06-08,4391.626847238686,4.306768157014933,-0.002223803661763668,0.021324275896601463
0,2015-06-09,4384.518459885001,4.291388018849474,-0.0016186228021979332,-0.015380138165459023
0,2015-06-10,4356.568406788322,4.2786040270674475,-0.006374714430421591,-0.012783991782026938
0,2015-06-11,4372.052730399917,4.2781450997729475,0.003554247785359621,-0.0004589272944999223
0,2015-06-12,4392.798418030156,4.308058610412354,0.0047450680285692215,0.029913510639406837
0,2015-06-15,4364.785686164074,4.307387678034124,-0.006376967299729586,-0.0006709323782301269
0,2015-06-16,4401.813082270092,4.349711254951946,0.00848321057856083,0.042323576917821626
0,2015-06-17,4358.311285450366,4.341425131507435,-0.009882699698209763,-0.008286123444510629
0,2015-06-18,4370.2638630168885,4.336604902285057,0.0027424790896475315,-0.004820229222378458
0,2015-06-19,4380.145722492775,4.374744411436634,0.0022611585445702076,0.038139509151577045
0,2015-06-22,4404.183582309487,4.369261052639654,0.005487913265824318,-0.005483358796979587
0,2015-06-23,4510.888146604873,4.409070320678489,0.02422800101339817,0.039809268038834666
0,2015-06-24,4521.8518140196065,4.409219071912808,0.0024304897524416447,0.00014875123431945525
0,2015-06-25,4518.5541576724545,4.431354060145059,-0.0007292712107300758,0.02213498823225102
0,2015-06-26,4537.975619432522,4.461597030664475,0.004298158455640078,0.03024297051941538
0,2015-06-29,4566.033609103925,4.490273559845034,0.006182930897921324,0.028676529180558852
0,2015-06-30,4519.0737125021515,4.472394387075764,-0.010284614749252796,-0.017879172769269758
0,2015-07-01,4450.176389629418,4.457582562841203,-0.015245894901454449,-0.014811824234560511
0,2015-07-02,4395.912885851433,4.420492920877232,-0.012193562462925911,-0.03708964196397169
0,2015-07-06,4381.075410332846,4.4424045120932405,-0.003375288797542453,0.02191159121600883
0,2015-07-07,4327.318991514708,4.436320209368821,-0.012270142324268818,-0.006084302724419288
0,2015-07-08,4374.34224854245,4.44877792126721,0.010866602882742882,0.012457711898388624
0,2015-07-09,4357.823699991415,4.45144704345399,-0.0037762359715998173,0.0026691221867798376
0,2015-07-10,4271.559944307462,4.452538131897634,-0.019795145839452744,0.0010910884436441393
0,2015-07-13,4282.675837287452,4.461917296146162,0.002602302934974432,0.009379164248528582
0,2015-07-14,4311.742087932834,4.456349644807497,0.006786936894059181,-0.005567651338665769
0,2015-07-15,4168.056424213106,4.447685158316566,-0.03332427144050598,-0.008664486490930656
0,2015-07-16,4238.415615651572,4.464673713372504,0.016880575567483902,0.01698855505593766
0,2015-07-17,4181.804288564354,4.44247828688401,-0.01335671916604042,-0.022195426488493375
0,2015-07-20,4185.243365850523,4.437148271988998,0.0008223907789215446,-0.0053300148950121695
0,2015-07-21,4173.15565173259,4.43254606344767,-0.0028881747275590897,-0.004602208541328423
0,2015-07-22,4170.37942592177,4.437389532557361,-0.0006652581505477428,0.004843469109691689
0,2015-07-23,4155.170276191002,4.418273316015666,-0.0036469462793320417,-0.019116216541695152
0,2015-07-24,4157.408652020837,4.397403109875071,0.0005386965349316597,-0.02087020614059476
0,2015-07-27,4156.804339274813,4.380033797658544,-0.00014535803347826004,-0.01736931221652771
0,2015-07-28,4176.857268387166,4.368535746873691,0.004824121482670307,-0.011498050784852332
0,2015-07-29,4152.151040512666,4.365667007379067,-0.005915028043091297,-0.002868739494624073
0,2015-07-30,4169.947243176344,4.357486340703034,0.004286020062863827,-0.0081806666760329
0,2015-07-31,4235.948882348661,4.363052210542284,0.015827931463718414,0.005565869839249338
0,2015-08-03,4198.61058744925,4.353371519956766,-0.008814623579382896,-0.009680690585518015
0,2015-08-04,4248.77388456013,4.358279351766775,0.011947594583034515,0.004907831810009533
0,2015-08-05,4268.476706045152,4.358329018138884,0.004637295845896006,4.96663721083479e-05
0,2015-08-06,4308.62585245892,4.35712043615531,0.00940596591681242,-0.0012085819835734313
0,2015-08-07,4304.765641148677,4.35750120466973,-0.0008959263213910162,0.0003807685144199269
0,2015-08-10,4281.897202872218,4.366874668362203,-0.00531235383823514,0.009373463692472939
0,2015-08-11,4241.532923083643,4.339328105986447,-0.009426727890968323,-0.027546562375755812
0,2015-08-12,4260.452533873633,4.319173805494434,0.004460559692233801,-0.020154300492013277
0,2015-08-13,4245.004063960292,4.286957326010262,-0.003626016201451421,-0.03221647948417239
0,2015-08-14,4216.917798226151,4.23064678615527,-0.006616310682147741,-0.05631053985499168
0,2015-08-17,4236.893901325762,4.265892714396875,0.004737133625894785,0.03524592824160511
0,2015-08-18,4297.584989081121,4.281360458813194,0.0143244294449687,0.01546774441631893
0,2015-08-19,4287.486365929714,4.26475716690708,-0.002349836751818657,-0.016603291906114315
0,2015-08-20,4299.114113499846,4.277029997895301,0.002712019719183445,0.012272830988221628
0,2015-08-21,4309.045739296653,4.196254543099969,0.0023101563565433025,-0.0807754547953321
0,2015-08-24,4306.0536837018735,4.200404020137265,-0.0006943661719560623,0.004149477037295846
0,2015-08-25,4276.409112638529,4.145094460234711,-0.006884394213557243,-0.05530955990255393
0,2015-08-26,4313.171727203272,4.178606099441715,0.00859660841524601,0.03351163920700362
0,2015-08-27,4312.60249893431,4.139248408627298,-0.0001319744042120874,-0.03935769081441709
0,2015-08-28,4313.479913881647,4.134783144803377,0.00020345370285212994,-0.004465263823920651
0,2015-08-31,4301.06546548066,4.174811001646214,-0.0028780587017536163,0.04002785684283694
0,2015-09-01,4308.435632106583,4.201357598651171,0.0017135676462203264,0.026546597004957206
0,2015-09-02,4327.009490705579,4.236435093775412,0.004311044700443745,0.03507749512424052
0,2015-09-03,4292.784980756379,4.20330946505593,-0.007909506559371948,-0.03312562871948188
0,2015-09-04,4277.69711194863,4.1946361651398325,-0.0035147040616720915,-0.008673299916097221
0,2015-09-08,4197.974779891399,4.176524475709673,-0.018636740744113922,-0.018111689430159394
0,2015-09-09,4157.7060447933245,4.191374358979084,-0.009592419490218163,0.01484988326941128
0,2015-09-10,4123.276894363627,4.203428081073596,-0.008280804380774498,0.012053722094511166
0,2015-09-11,4126.201387490004,4.188725071553574,0.0007092643063515425,-0.014703009520021126
0,2015-09-14,4203.864486344049,4.277231744510028,0.01882193610072136,0.08850667295645387
0,2015-09-15,4117.533009488845,4.216928806470611,-0.020536217838525772,-0.06030293803941689
0,2015-09-16,4078.5957256212328,4.14325157736362,-0.009456459432840347,-0.07367722910699115
0,2015-09-17,4011.8691711543893,4.112562861819351,-0.016360178589820862,-0.030688715544269662
0,2015-09-18,3991.2286747505905,4.104614405692378,-0.005144857801496983,-0.00794845612697248
0,2015-09-21,3983.587128161555,4.066239486932112,-0.0019145850092172623,-0.03837491876026622
0,2015-09-22,4008.1588875879906,4.040634584534741,0.006168249528855085,-0.025604902397370566
0,2015-09-23,4009.3397748452726,4.03761865972664,0.00029462086968123913,-0.0030159248081016443
0,2015-09-24,4023.05815786346,4.056203446675917,0.003421606495976448,0.01858478694927701
0,2015-09-25,4105.532111290694,4.107537352602035,0.020500313490629196,0.05133390592611864
0,2015-09-28,4111.538596388053,4.0711781337982975,0.0014630223158746958,-0.036359218803737825
0,2015-09-29,4067.517603662581,4.042246285495604,-0.010706695728003979,-0.028931848302693908
0,2015-09-30,4101.010596045282,4.035183764029839,0.008234258741140366,-0.007062521465764249
0,2015-10-01,4126.204387348164,4.050789325661899,0.006143312901258469,0.015605561632059839
0,2015-10-02,4188.197457512453,4.064183021997586,0.015024236403405666,0.013393696335686656
0,2015-10-05,4205.914309299255,3.9741948779873715,0.00423018541187048,-0.08998814401021438
0,2015-10-06,4214.399715448452,3.9582265900318396,0.002017493825405836,-0.015968287955531846
0,2015-10-07,4193.262035005482,3.9675713361106157,-0.005015585105866194,0.009344746078776112
0,2015-10-08,4296.2242316381235,4.025845225037889,0.02455420047044754,0.058273888927273365
0,2015-10-09,4268.335314246926,4.031803547622549,-0.006491494830697775,0.005958322584660003
0,2015-10-14,4226.9403075164955,4.00635931546144,-0.009698161855340004,-0.025444232161109248
0,2015-10-15,4252.30174487651,4.030275393236906,0.005999951623380184,0.023916077775465894
0,2015-10-16,4315.90115497534,4.0854809837857475,0.014956466853618622,0.055205590548841776
0,2015-10-19,4340.013133784471,4.104686705494161,0.005586777348071337,0.019205721708413392
0,2015-10-20,4336.250136910321,4.003322059975948,-0.0008670473471283913,-0.10136464551821334
0,2015-10-21,4316.572441354376,4.006020001587589,-0.00453795213252306,0.0026979416116414967
0,2015-10-22,4316.145436877696,3.950532271743836,-9.892211528494954e-05,-0.055487729843753275
0,2015-10-23,4299.431318285788,3.9444079621787433,-0.0038724641781300306,-0.006124309565092467
0,2015-10-26,4271.930312485602,4.018451294834039,-0.006396428681910038,0.07404333265529539
0,2015-10-27,4325.924891145341,4.055757244955898,0.01263938657939434,0.03730595012185933
0,2015-10-28,4283.21490588668,3.9049260417825504,-0.00987302977591753,-0.15083120317334764
0,2015-10-29,4247.445107935625,3.9112927758146134,-0.008351156488060951,0.006366734032063004
0,2015-10-30,4319.193500978088,4.2796444359860475,0.01689212955534458,0.36835166017143406
0,2015-11-02,4452.63829213503,4.369324405211008,0.030895765870809555,0.08967996922496013
0,2015-11-03,4452.89596552777,4.336170414192681,5.786982364952564e-05,-0.0331539910183265
0,2015-11-04,4477.8224882401655,4.297927642054401,0.005597822833806276,-0.03824277213827987
0,2015-11-05,4492.946233563026,4.4356540160988756,0.003377477638423443,0.1377263740444743
0,2015-11-06,4507.66060015945,4.457938250183393,0.0032749928068369627,0.022284234084517074
0,2015-11-09,4527.931873204344,4.506758067679219,0.004497071728110313,0.048819817495826534
0,2015-11-10,4549.251520759007,4.4843790038322915,0.0047084735706448555,-0.02237906384692767
0,2015-11-13,4594.288525889232,4.522024025533537,0.009899871423840523,0.03764502170124562
0,2015-11-16,4581.405724001839,4.474939471195969,-0.0028040907345712185,-0.04708455433756775
0,2015-11-17,4597.40502022997,4.536285274430215,0.0034922242630273104,0.061345803234245544
0,2015-11-18,4631.070205671454,4.590631033483806,0.007322649471461773,0.05434575905359118
0,2015-11-19,4609.729592925402,4.6200834436888725,-0.0046081384643912315,0.029452410205066393
0,2015-11-20,4641.554833089113,4.638147208170467,0.006903927773237228,0.01806376448159419
0,2015-11-23,4675.274772097212,4.655883049938543,0.00726479385048151,0.017735841768076632
0,2015-11-24,4657.069392176946,4.588578632086061,-0.0038939700461924076,-0.06730441785248242
0,2015-11-25,4695.88391384584,4.607852544685803,0.008334537968039513,0.019273912599742538
0,2015-11-27,4702.265254300206,4.633160905268016,0.001358922105282545,0.025308360582212863
0,2015-11-30,4671.107360787617,4.665979109317572,-0.006626145448535681,0.03281820404955571
0,2015-12-01,4695.425650623108,4.647462763312642,0.005206108093261719,-0.018516346004929574
0,2015-12-02,4732.435730009667,4.805288370245927,0.007882156409323215,0.15782560693328485
0,2015-12-03,4754.582175105312,4.781461534624782,0.004679713863879442,-0.023826835621145293
0,2015-12-04,4715.075536234753,4.782626987373743,-0.00830917153507471,0.0011654527489612931
0,2015-12-07,4760.667456038578,4.815448140986251,0.009669393301010132,0.032821153612507814
0,2015-12-08,4753.155176433264,4.697473408753936,-0.0015779887326061726,-0.11797473223231503
0,2015-12-09,4691.619513249266,4.683986918712873,-0.012946276925504208,-0.01348649004106317
0,2015-12-10,4783.928654774517,4.782337920120068,0.019675325602293015,0.09835100140719533
0,2015-12-11,4778.222926550392,4.7946659152150755,-0.0011926867300644517,0.01232799509500726
0,2015-12-14,4676.789098947292,4.783057427659319,-0.021228358149528503,-0.011608487555756497
0,2015-12-15,4595.095513985901,4.790416423394973,-0.017467878758907318,0.007358995735653906
0,2015-12-16,4547.323411760731,4.74171930302906,-0.010396324098110199,-0.04869712036591256
0,2015-12-17,4536.28010141741,4.725738684611852,-0.0024285297840833664,-0.015980618417207992
0,2015-12-18,4455.64396648958,4.698069252574984,-0.017775828018784523,-0.027669432036868002
0,2015-12-21,4492.050711975304,4.758468212922569,0.008170927874743938,0.06039896034758474
0,2015-12-22,4509.091241048739,4.748789261098245,0.003793485462665558,-0.009678951824324322
0,2015-12-23,4513.6598251404075,4.785630704810649,0.001013193977996707,0.0368414437124045
0,2015-12-24,4442.588404911878,4.785848301787171,-0.015745852142572403,0.00021759697652168342
0,2015-12-28,4447.749960306035,4.6944186473843645,0.0011618351563811302,-0.09142965440280637
0,2015-12-29,4383.051537808646,4.731876536321013,-0.014546326361596584,0.03745788893664859
0,2015-12-30,4366.274268471568,4.7278611068954195,-0.0038277599960565567,-0.004015429425593631
0,2015-12-31,4377.360775641354,4.755768735690573,0.0025391229428350925,0.027907628795153627
0,2016-01-04,4360.129110231901,4.696150730247033,-0.003936542198061943,-0.059618005443540234
0,2016-01-05,4333.579865692273,4.723201473099579,-0.0060890959575772285,0.027050742852545717
0,2016-01-06,4400.717661230584,4.737952319157873,0.015492456033825874,0.014750846058294798
0,2016-01-07,4351.066753278036,4.744267557577961,-0.011282457038760185,0.006315238420087965
0,2016-01-08,4317.16537177785,4.676916546086501,-0.007791510317474604,-0.06735101149146061
0,2016-01-11,4319.131462054933,4.710172602679347,0.00045541231520473957,0.03325605659284658
0,2016-01-12,4331.3957086115715,4.70156325243135,0.0028395168483257294,-0.008609350247997583
0,2016-01-13,4318.3342011886725,4.662142122961819,-0.0030155424028635025,-0.039421129469531024
0,2016-01-14,4261.566879970734,4.611661350934355,-0.01314565259963274,-0.050480772027463594
0,2016-01-15,4271.241788003593,4.596307775487118,0.002270270138978958,-0.0153535754472367
0,2016-01-19,4272.207545003859,4.6001900910608295,0.00022610684391111135,0.0038823155737111037
0,2016-01-20,4345.354820337303,4.562655896716573,0.017121657729148865,-0.0375341943442562
0,2016-01-21,4313.845847058249,4.600869762988197,-0.007251185365021229,0.03821386627162404
0,2016-01-22,4323.724555948489,4.54063092178871,0.0022900004405528307,-0.06023884119948697
0,2016-01-25,4280.312339611568,4.547867799110871,-0.010040467604994774,0.007236877322160495
0,2016-01-26,4230.143555763288,4.5150912078148835,-0.011720823124051094,-0.03277659129598742
0,2016-01-27,4199.656829707326,4.495300527205637,-0.007207019254565239,-0.019790680609246714
0,2016-01-28,4161.408907512367,4.504803301833597,-0.009107392281293869,0.009502774627960342
0,2016-01-29,4205.381186667461,4.544317710578355,0.010566680692136288,0.039514408744757645
0,2016-02-01,4196.713124083613,4.535651691519223,-0.00206118356436491,-0.00866601905913189
0,2016-02-02,4204.956483138801,4.570252449493015,0.0019642417319118977,0.03460075797379236
0,2016-02-03,4230.81567623772,4.643959872563846,0.006149693392217159,0.07370742307083056
0,2016-02-04,4246.300919368467,4.654050371521577,0.003660108195617795,0.010090498957731064
0,2016-02-05,4303.517146631322,4.6686604871967035,0.013474369421601295,0.0146101156751266
0,2016-02-08,4362.7265947727365,4.658883891730449,0.013758385553956032,-0.009776595466254534
0,2016-02-09,4350.009961518188,4.6306434499022044,-0.0029148361645638943,-0.028240441828244478
0,2016-02-10,4374.191250426041,4.6320319377924,0.005558904260396957,0.0013884878901953002
0,2016-02-11,4400.317435543892,4.62847738868175,0.005972803570330143,-0.003554549110649674
0,2016-02-12,4423.692521852213,4.615709099954526,0.005312136374413967,-0.012768288727223798
0,2016-02-16,4426.637280515809,4.624031332455402,0.0006656788755208254,0.008322232500876048
0,2016-02-17,4468.994834698247,4.657490586801426,0.00956878811120987,0.033459254346023926
0,2016-02-18,4446.849299371211,4.648867214048392,-0.0049553727731108665,-0.00862337275303382
0,2016-02-19,4452.509805797042,4.670274477193969,0.0012729251757264137,0.021407263145576394
0,2016-02-22,4480.17847843495,4.695534897101132,0.0062141744419932365,0.025260419907163545
0,2016-02-23,4477.177710274556,4.701557148210422,-0.0006697876378893852,0.006022251109289556
0,2016-02-24,4506.425280357123,4.723258289686787,0.006532590836286545,0.021701141476365038
0,2016-02-25,4485.444014493689,4.79212830180618,-0.00465585570782423,0.06887001211939303
0,2016-02-26,4468.63270444829,4.787611803821806,-0.003747970098629594,-0.004516497984374368
0,2016-02-29,4473.119355091671,4.768390156131457,0.0010040320921689272,-0.019221647690348398
0,2016-03-01,4458.954108211377,4.704082902907851,-0.0031667491421103477,-0.06430725322360598
0,2016-03-02,4479.331174940869,4.762820112811439,0.004569920711219311,0.05873720990358766
0,2016-03-03,4511.173060624332,4.752801312485932,0.007108625024557114,-0.010018800325506838
0,2016-03-04,4537.657753288061,4.764902740792762,0.005870910361409187,0.012101428306830364
0,2016-03-07,4555.643747755333,4.739258230319208,0.003963717725127935,-0.02564451047355476
0,2016-03-08,4506.314093700952,4.674719897121227,-0.010828251019120216,-0.06453833319798097
0,2016-03-09,4452.122076055715,4.653442298903857,-0.012025796808302402,-0.02127759821736941
0,2016-03-10,4449.995741910096,4.585181488354555,-0.00047760014422237873,-0.06826081054930189
0,2016-03-11,4452.92942109202,4.604395336655525,0.0006592543795704842,0.019213848300969616
0,2016-03-14,4473.211977519367,4.529650275517017,0.0045548793859779835,-0.07474506113850765
0,2016-03-15,4512.244658007923,4.501926992013421,0.008725873194634914,-0.02772328350359654
0,2016-03-16,4513.140423792883,4.489221016697358,0.00019851888646371663,-0.01270597531606299
0,2016-03-17,4452.414002000048,4.485716122969239,-0.013455469161272049,-0.0035048937281185744
0,2016-03-18,4499.301655871527,4.427105404409479,0.010530838742852211,-0.05861071855975997
0,2016-03-21,4425.872166882599,4.350745144249029,-0.01632019691169262,-0.07636026016045072
0,2016-03-22,4386.218276142311,4.280434091558524,-0.008959565311670303,-0.07031105269050464
0,2016-03-23,4390.253572536,4.3493808380636505,0.0009199944324791431,0.06894674650512655
0,2016-03-24,4412.36713026583,4.395516407622457,0.005036965943872929,0.04613556955880682
0,2016-03-28,4370.149871842899,4.390047747243567,-0.00956793874502182,-0.005468660378890711
0,2016-03-29,4348.489870528335,4.439200240380598,-0.004956352058798075,0.04915249313703107
0,2016-03-30,4353.7107811303185,4.428427735439043,0.0012006261385977268,-0.010772504941554573
0,2016-03-31,4560.229362537022,4.527740156321732,0.04743507131934166,0.09931242088268899
0,2016-04-01,4572.130720637939,4.510486842154173,0.0026098156813532114,-0.01725331416755882
0,2016-04-04,4628.637785545772,4.535494656489289,0.012359022162854671,0.02500781433511534
0,2016-04-05,4640.570845167462,4.521290365317636,0.0025780932046473026,-0.01420429117165245
0,2016-04-06,4544.85593000619,4.475019209105647,-0.020625676959753036,-0.04627115621198907
0,2016-04-07,4526.230191881068,4.520608822762077,-0.004098202101886272,0.04558961365643022
0,2016-04-08,4559.447241544923,4.510352141671357,0.007338789291679859,-0.010256681090720754
0,2016-04-11,4523.773413077497,4.4954116001785,-0.007824156433343887,-0.014940541492856951
0,2016-04-12,4515.265502908933,4.529643939203132,-0.001880710944533348,0.03423233902463263
0,2016-04-13,4645.001769468719,4.551256662372789,0.02873281016945839,0.02161272316965679
0,2016-04-14,4653.727905955711,4.586371166636777,0.0018786077853292227,0.03511450426398799
0,2016-04-15,4665.103005966532,4.566390123507836,0.0024442984722554684,-0.01998104312894089
0,2016-04-18,4639.642602415445,4.571188815964097,-0.005457629449665546,0.0047986924562613
0,2016-04-19,4638.05926398028,4.582128411426349,-0.00034126301761716604,0.010939595462251539
0,2016-04-20,4676.24580786005,4.6077245625768635,0.008233302272856236,0.0255961511505145
0,2016-04-21,4690.227967682887,4.596905232951955,0.0029900395311415195,-0.010819329624908391
0,2016-04-22,4736.796932913955,4.659885833537115,0.009928934276103973,0.06298060058515986
0,2016-04-25,4745.797650680119,4.703532268408619,0.0019001696491613984,0.04364643487150399
0,2016-04-26,4756.876731701617,4.766104690504316,0.0023345034569501877,0.06257242209569736
0,2016-04-27,4723.8020676739425,4.772995896216332,-0.006953021045774221,0.0068912057120158465
0,2016-04-28,4678.936930335263,4.732930274583213,-0.009497675113379955,-0.04006562163311944
0,2016-04-29,4646.69271094954,4.714679837145175,-0.006891355849802494,-0.018250437438037892
0,2016-05-02,4708.030672912829,4.73657141512686,0.013200348243117332,0.02189157798168484
0,2016-05-03,4720.083260727705,4.701991046244709,0.002560006221756339,-0.03458036888215066
0,2016-05-04,4654.598008361779,4.651516480057546,-0.013873749412596226,-0.05047456618716328
0,2016-05-05,4647.362791939253,4.68620178370801,-0.0015544234775006771,0.034685303650464405
0,2016-05-06,4599.691259494692,4.734216788347777,-0.010257760062813759,0.048015004639767156
0,2016-05-09,4612.69463000968,4.770822970159982,0.002827009418979287,0.03660618181220432
0,2016-05-10,4574.489826315786,4.72139783492437,-0.008282534778118134,-0.04942513523561143
0,2016-05-11,4458.235704666304,4.725917963909536,-0.025413570925593376,0.004520128985165961
