path_id,Date,sp500_abs,DGS10_abs,sp500,DGS10
0,1966-01-05,92.97356797618049,4.63,0.0013308508787304163,0.03184154667585837
0,1966-01-06,93.52795992419077,4.6494101121912506,0.00596289848908782,-0.012431434484607706
0,1966-01-07,91.47521989288192,4.625889876094764,-0.02194787561893463,-0.02352023609648679
0,1966-01-10,91.0423901890873,4.583762285632684,-0.004731660708785057,-0.04212759046207992
0,1966-01-11,90.86394014943401,4.621432536470873,-0.00196007639169693,0.03767025083818876
0,1966-01-12,90.66241346012713,4.624518993953871,-0.002217895118519664,0.003086457482998739
0,1966-01-13,91.17258071910103,4.605865105382247,0.005627108737826347,-0.018653888571624755
0,1966-01-14,91.31509577734187,4.5454075248787955,0.0015631350688636303,-0.06045758050345107
0,1966-01-17,92.06577808440665,4.421040303206717,0.008220790885388851,-0.12436722167207837
0,1966-01-18,91.02545688039386,4.48129700764669,-0.011299760080873966,0.060256704439972886
0,1966-01-19,90.81562700232736,4.643440749301434,-0.0023051779717206955,0.1621437416547442
0,1966-01-20,91.5545972082027,4.588522546970053,0.008137037977576256,-0.05491820233138167
0,1966-01-21,90.41054672159387,4.57738006442611,-0.012495827861130238,-0.01114248254394301
0,1966-01-24,91.05598539327751,4.583192092858437,0.00713897543027997,0.00581202843232731
0,1966-01-25,90.7581005391926,4.473626490836519,-0.0032714472617954016,-0.10956560202191756
0,1966-01-26,88.74006217730046,4.356317443572451,-0.02223535254597664,-0.11730904726406788
0,1966-01-27,87.95930897513315,4.318957891721841,-0.008798204362392426,-0.03735955185061002
0,1966-01-28,88.24240148011337,4.327229114525931,0.0032184484880417585,0.00827122280408954
0,1966-01-31,89.8780556936946,4.399333833682123,0.018535921350121498,0.07210471915619188
0,1966-02-01,89.40230695188912,4.397694444295073,-0.0052932691760361195,-0.0016393893870496612
0,1966-02-02,89.10924618546044,4.366038318670242,-0.003278000047430396,-0.03165612562483133
0,1966-02-03,88.78152853449576,4.398911196540088,-0.003677706466987729,0.032872877869846384
0,1966-02-04,89.15867868818206,4.3594857300177985,0.004248070064932108,-0.03942546652228973
0,1966-02-07,88.49330940980832,4.302198135499854,-0.007462753914296627,-0.05728759451794474
0,1966-02-08,87.2451060412051,4.340162511498005,-0.014105059206485748,0.03796437599815139
0,1966-02-09,87.98962321583481,4.327133536705545,0.008533626794815063,-0.013028974792460346
0,1966-02-10,87.57563624098957,4.44348555780062,-0.004704952239990234,0.11635202109507503
0,1966-02-11,87.48008639587509,4.434619358086736,-0.0010910551063716412,-0.008866199713883915
0,1966-02-14,86.69572227759107,4.4353955718314815,-0.008966201916337013,0.0007762137447455686
0,1966-02-15,85.61436070171162,4.408385845062725,-0.01247306726872921,-0.027009726768756792
0,1966-02-16,84.43280272335714,4.361800867103639,-0.013800932094454765,-0.04658497795908545
0,1966-02-17,84.83836009402557,4.285311372310202,0.00480331527069211,-0.07648949479343692
0,1966-02-18,82.79059782367862,4.33339474307018,-0.0241372212767601,0.048083370759977484
0,1966-02-21,83.36197762044699,4.352108215719904,0.006901505868881941,0.018713472649723784
0,1966-02-23,83.29780186435842,4.3796742168096685,-0.0007698444533161819,0.027566001089764924
0,1966-02-24,83.4599076805952,4.348608638396977,0.0019460995681583881,-0.031065578412691863
0,1966-02-25,82.13815741843204,4.307026412967369,-0.01583694852888584,-0.04158222542960743
0,1966-02-28,81.78409447524633,4.328621960473706,-0.004310578107833862,0.021595547506336743
0,1966-03-01,82.22803151740388,4.402615243204314,0.005428158678114414,0.07399328273060846
0,1966-03-02,82.31927027251544,4.391142981610492,0.0011095821391791105,-0.01147226159382253
0,1966-03-03,81.11677663539189,4.41858171984627,-0.014607680961489677,0.02743873823577836
0,1966-03-04,81.10198119095803,4.343185054920489,-0.00018239684868603945,-0.07539666492578156
0,1966-03-07,80.15557991647186,4.219177375530318,-0.011669274419546127,-0.12400767939017054
0,1966-03-08,79.83551249756354,4.238291192486922,-0.003993077203631401,0.019113816956603635
0,1966-03-09,80.57945732758863,4.196787458341872,0.009318470023572445,-0.04150373414505015
0,1966-03-10,80.25852932503005,4.141288857680548,-0.0039827520959079266,-0.055498600661323394
0,1966-03-11,81.63851130206615,4.260398542857633,0.01719420962035656,0.11910968517708476
0,1966-03-14,82.6644898828911,4.3485596492589025,0.012567335739731789,0.0881611064012695
0,1966-03-15,82.76156856556672,4.319683929180382,0.00117436982691288,-0.028875720078520573
0,1966-03-16,82.9974824154411,4.312358817672219,0.0028505241498351097,-0.007325111508162507
0,1966-03-17,82.78082419558645,4.34299503729996,-0.0026104191783815622,0.030636219627740324
0,1966-03-18,83.47566069390885,4.370752666195281,0.008393689058721066,0.027757628895320963
0,1966-03-21,82.76505394065167,4.333711868258223,-0.008512741886079311,-0.037040797937057945
0,1966-03-22,82.03452951857211,4.299767734244316,-0.008826483972370625,-0.03394413401390661
0,1966-03-23,80.2673870941124,4.267838088141604,-0.021541446447372437,-0.03192964610271254
0,1966-03-24,79.05184971792582,4.266249331083863,-0.015143602155148983,-0.0015887570577408638
0,1966-03-25,78.04285603000439,4.2438209821629425,-0.012763694860041142,-0.02242834892092027
0,1966-03-28,78.18656551192406,4.253206084932527,0.0018414175137877464,0.009385102769584819
0,1966-03-29,77.76375151872706,4.267509516968437,-0.005407757591456175,0.014303432035910113
0,1966-03-30,77.89958748592461,4.266959768542733,0.0017467774450778961,-0.0005497484257039886
0,1966-03-31,79.96341679612352,4.192553856790793,0.026493456214666367,-0.07440591175194022
0,1966-04-01,78.5277101722057,4.179481679984335,-0.017954543232917786,-0.013072176806458558
0,1966-04-04,79.39983236139622,4.254128413370046,0.01110591646283865,0.0746467333857117
0,1966-04-05,78.40636913982728,4.237505424284858,-0.012512157671153545,-0.01662298908518789
0,1966-04-06,78.98284899249646,4.290232396237791,0.007352462038397789,0.05272697195293219
0,1966-04-07,79.23797456661781,4.325679842579129,0.0032301389146596193,0.03544744634133856
0,1966-04-11,78.6360329072013,4.32025842156972,-0.007596631068736315,-0.005421421009408789
0,1966-04-12,79.03544998229295,4.395440591876971,0.005079313647001982,0.07518217030725083
0,1966-04-13,79.12881775453407,4.387227457041459,0.0011813404271379113,-0.008213134835512115
0,1966-04-14,78.09875941542761,4.391721977047567,-0.013017486780881882,0.004494520006107727
0,1966-04-15,77.32276772439735,4.323631229015818,-0.009936030954122543,-0.0680907480317492
0,1966-04-18,76.4967560987652,4.294480792735932,-0.010682644322514534,-0.02915043627988556
0,1966-04-19,77.8457955522567,4.3418388145909175,0.017635250464081764,0.04735802185498539
0,1966-04-20,78.15689252104512,4.364119382609428,0.003996323328465223,0.02228056801851075
0,1966-04-21,78.68064380651664,4.322703090782736,0.006701280828565359,-0.041416291826692486
0,1966-04-22,79.59916185823386,4.303023817504052,0.01167400274425745,-0.01967927327868413
0,1966-04-25,78.23706560357208,4.3222300889049805,-0.017111942172050476,0.019206271400928898
0,1966-04-26,77.68391524624758,4.338689090243821,-0.0070701828226447105,0.016459001338840373
0,1966-04-27,78.29551012054083,4.330407776856659,0.007872863672673702,-0.00828131338716176
0,1966-04-28,78.03277890413443,4.348152096686752,-0.0033556357957422733,0.017744319830092614
0,1966-04-29,79.29224488575616,4.409748370191632,0.01614021696150303,0.06159627350487984
0,1966-05-02,80.0997293608533,4.423794310399198,0.010183650068938732,0.014045940207566332
0,1966-05-03,79.74819002723382,4.460947372274975,-0.004388770554214716,0.03715306187577738
0,1966-05-04,79.98026736423974,4.474188780200752,0.0029101266991347075,0.01324140792577655
0,1966-05-05,80.5010971701391,4.485970521427492,0.006511978805065155,0.011781741226740472
0,1966-05-06,81.1455081305204,4.455221350439947,0.008004995994269848,-0.03074917098754515
0,1966-05-09,79.98985519512213,4.42799952325386,-0.014241736382246017,-0.027221827186087566
0,1966-05-10,79.38245018406852,4.462257093317381,-0.0075935255736112595,0.03425757006352104
0,1966-05-11,79.02522721445509,4.516451148636304,-0.004500024486333132,0.05419405531892352
0,1966-05-12,78.99278128823047,4.53874674103446,-0.00041057681664824486,0.02229559239815604
0,1966-05-13,79.49814335812006,4.564575460112573,0.006397572811692953,0.025828719078113238
0,1966-05-16,79.82269719402316,4.455151256928035,0.004082533530890942,-0.10942420318453827
0,1966-05-17,79.27115662775135,4.892650984201847,-0.006909570656716824,0.4374997272738117
0,1966-05-18,80.93082519408894,4.931455265305931,0.020936600863933563,0.03880428110408385
0,1966-05-19,79.45764578652557,4.861780357213523,-0.018202945590019226,-0.0696749080924075
0,1966-05-20,78.66304315017295,4.823155362456403,-0.010000329464673996,-0.03862499475711978
0,1966-05-23,77.85590766140128,4.628733580698387,-0.010260669514536858,-0.19442178175801672
0,1966-05-24,77.57284390338152,4.489602615393565,-0.0036357389762997627,-0.1391309653048216
0,1966-05-25,76.94675711139682,4.490914090752847,-0.00807095319032669,0.0013114753592819994
0,1966-05-26,77.85371779676723,4.449481061620386,0.011786860413849354,-0.041433029132461385
0,1966-05-27,78.25189577420794,4.462712226249312,0.00511443754658103,0.013231164628926706
0,1966-05-31,78.94047411958942,4.477842372671791,0.008799510076642036,0.015130146422478674
0,1966-06-01,79.84175483336115,4.452014551611277,0.011417219415307045,-0.02582782106051429
0,1966-06-02,80.00826075503281,4.528481706406649,0.0020854491740465164,0.07646715479537214
0,1966-06-03,80.3700651868536,4.537267766732638,0.004522088449448347,0.008786060325989276
0,1966-06-06,80.14024228826591,4.44297418744626,-0.002859558444470167,-0.09429357928637838
0,1966-06-07,79.87511595374339,4.3839650187413115,-0.003308279672637582,-0.05900916870494832
0,1966-06-08,79.58001528609826,4.422736288548868,-0.0036945256870239973,0.03877126980755641
0,1966-06-09,79.24468556076428,4.430432963352441,-0.004213742911815643,0.007696674803573167
0,1966-06-10,78.86996756043675,4.491546239267,-0.0047286199405789375,0.06111327591455851
0,1966-06-13,79.56950179164818,4.5533619454794865,0.00886946264654398,0.06181570621248689
0,1966-06-14,79.30370539640018,4.5167662007780285,-0.0033404305577278137,-0.03659574470145799
0,1966-06-15,80.09333155337418,4.565161107966847,0.00995698943734169,0.04839490718881834
0,1966-06-16,80.329577053257,4.608392308588816,0.0029496275819838047,0.04323120062196928
0,1966-06-17,80.01837322635006,4.6284510890667585,-0.003874087706208229,0.020058780477942406
0,1966-06-20,79.43339902843982,4.7242452358395735,-0.007310498505830765,0.09579414677281495
0,1966-06-21,79.96026422871076,4.767707900833391,0.006632791832089424,0.043462664993817235
0,1966-06-22,79.04103209552977,4.897965568469621,-0.011496111750602722,0.13025766763623015
0,1966-06-23,79.36805676186893,4.921718416473155,0.0041374037973582745,0.023752848003534055
0,1966-06-24,79.51319982166086,4.854655992557604,0.00182873394805938,-0.06706242391555062
0,1966-06-27,79.15043995833531,4.856564919745877,-0.004562259651720524,0.0019089271882730685
0,1966-06-28,78.37166107380742,4.950245607885385,-0.009839223697781563,0.09368068813950803
0,1966-06-29,78.42016403104554,4.955879636652013,0.0006188838742673397,0.005634028766627885
0,1966-06-30,78.15353307792626,4.912832362403368,-0.0034000305458903313,-0.04304727424864563
0,1966-07-01,78.86391789195015,4.802230092242432,0.009089605882763863,-0.11060227016093549
0,1966-07-05,79.02017349349794,4.700123807019736,0.001981331966817379,-0.10210628522269616
0,1966-07-06,79.30606955424383,4.701003321158411,0.0036180135793983936,0.0008795141386750416
0,1966-07-07,80.15714224198656,4.758919880144643,0.01073149498552084,0.05791655898623205
0,1966-07-08,80.64841050060988,4.705420218662284,0.006128814537078142,-0.05349966148235907
0,1966-07-11,80.42757279732133,4.698787960451153,-0.00273827719502151,-0.006632258211131337
0,1966-07-12,80.99482670167423,4.723634240504519,0.0070529780350625515,0.02484628005336642
0,1966-07-13,80.42786048342828,4.76436040239884,-0.007000030018389225,0.04072616189432132
0,1966-07-14,80.086610169325,4.891029153861824,-0.004242936614900827,0.12666875146298384
0,1966-07-15,80.84965390272612,4.945313551629578,0.00952773168683052,0.054284397767753845
0,1966-07-18,80.1863738779879,5.003863090121758,-0.008203869685530663,0.05854953849217992
0,1966-07-19,78.53433544909028,4.886156670046273,-0.020602483302354813,-0.11770642007548471
0,1966-07-20,78.26792805930907,4.946588676381654,-0.0033922409638762474,0.060432006335380706
0,1966-07-21,78.40542048937414,4.869996802459697,0.001756689278408885,-0.07659187392195665
0,1966-07-22,77.57968584565053,4.915636399786446,-0.010531601496040821,0.04563959732674849
0,1966-07-25,77.51611936677831,5.013216033322278,-0.0008193701505661011,0.09757963353583232
0,1966-07-26,77.29623924034952,4.9992750407026465,-0.00283657293766737,-0.013940992619631665
0,1966-07-27,77.30374358353095,5.0071081114255955,9.70854889601469e-05,0.007833070722949032
0,1966-07-28,77.76864424201304,4.967552319970129,0.006013947539031506,-0.039555791455466505
0,1966-07-29,77.37221947955773,4.989124514113318,-0.005097488407045603,0.02157219414318856
0,1966-08-01,78.94518954747143,5.012650493429262,0.020329907536506653,0.023525979315944134
0,1966-08-02,79.59271295853772,4.942771364116712,0.008202189579606056,-0.06987912931254936
0,1966-08-03,79.07781163960574,4.9109526892254705,-0.006469201762229204,-0.031818674891241905
0,1966-08-04,79.67810447686908,4.993423402834933,0.0075911665335297585,0.0824707136094629
0,1966-08-05,79.03819957147049,5.01056143130652,-0.008031126111745834,0.017138028471586964
0,1966-08-08,79.06307477530474,4.943997000517739,0.0003147238167002797,-0.06656443078878116
0,1966-08-09,79.11704656800956,4.91180801619927,0.0006826422177255154,-0.03218898431846906
0,1966-08-10,79.56466663160795,4.945858095232712,0.005657694302499294,0.034050079033441705
0,1966-08-11,79.33948449868821,4.948863933448681,-0.0028301775455474854,0.0030058382159694474
0,1966-08-12,79.73953089532475,4.9403099338186705,0.005042210686951876,-0.0085539996300108
0,1966-08-15,79.21690107147164,4.921860964903414,-0.006554212421178818,-0.018448968915256714
0,1966-08-16,78.33262390350771,4.998394590998333,-0.011162733659148216,0.07653362609491943
0,1966-08-17,77.16180302931225,4.975031364345837,-0.01494678482413292,-0.02336322665249657
0,1966-08-18,77.10991449258309,4.946669292322095,-0.0006724640261381865,-0.02836207202374119
0,1966-08-19,76.45812267202211,4.979490810346359,-0.008452762849628925,0.032821518024263696
0,1966-08-22,76.3138425502912,4.952409745558759,-0.0018870476633310318,-0.027081064787600084
0,1966-08-23,76.03048140948582,4.925256124253406,-0.0037131027784198523,-0.02715362130535315
0,1966-08-24,75.20994216874965,4.917292129773281,-0.010792240500450134,-0.00796399448012508
0,1966-08-25,74.53884835834164,4.906820737292922,-0.008922940120100975,-0.01047139248035922
0,1966-08-26,74.23930299455989,4.838026453504989,-0.004018647596240044,-0.06879428378793229
0,1966-08-29,73.95709120641915,4.811770376130102,-0.003801379818469286,-0.026256077374887
0,1966-08-30,74.45618356271515,4.781530367295902,0.00674840435385704,-0.030240008834200083
0,1966-08-31,73.305704966858,4.783581301060402,-0.01545175351202488,0.0020509337645000514
0,1966-09-01,74.86211309713431,4.807542079954426,0.021231746301054955,0.023960778894023704
0,1966-09-02,74.06791997381274,4.788989967000023,-0.010608745738863945,-0.018552112954402844
0,1966-09-06,73.61149662778179,4.83606763456225,-0.006162227131426334,0.047077667562226644
0,1966-09-07,74.48699246859859,4.856237337447007,0.011893466114997864,0.020169702884757612
0,1966-09-08,74.48877419541682,4.782980433527777,2.3919972591102123e-05,-0.07325690391923079
0,1966-09-09,74.63679429836199,4.752125764520908,0.001987146446481347,-0.030854669006868285
0,1966-09-12,76.00491971147902,4.867257259386548,0.018330441787838936,0.1151314948656399
0,1966-09-13,75.26303143910998,4.786682013216659,-0.009761055931448936,-0.08057524616988943
0,1966-09-14,74.88193068163133,4.803575259600635,-0.005063585005700588,0.016893246383975935
0,1966-09-15,75.67588555166395,4.762931835004197,0.010602756403386593,-0.04064342459643733
0,1966-09-16,76.57071448259343,4.729794027338068,0.011824492365121841,-0.033137807666129504
0,1966-09-19,76.14566508847253,4.627426999609425,-0.005551069974899292,-0.10236702772864259
0,1966-09-20,76.22740502411162,4.632623545453051,0.0010734680108726025,0.005196545843626055
0,1966-09-21,75.98952637536712,4.6246537389399744,-0.0031206447165459394,-0.007969806513076882
0,1966-09-22,76.96294861552673,4.673697067664196,0.012809952720999718,0.04904332872422135
0,1966-09-23,76.82963134148575,4.670014000973751,-0.0017322266940027475,-0.003683066690444825
0,1966-09-26,77.51860808658098,4.732517625779693,0.00896759144961834,0.06250362480594163
0,1966-09-27,77.77518443219826,4.711200469766046,0.003309867810457945,-0.021317156013646255
0,1966-09-28,77.51016474990604,4.7283219146230095,-0.003407509531825781,0.01712144485696321
0,1966-09-29,77.7020437697542,4.698800459863212,0.0024755336344242096,-0.029521454759797727
0,1966-09-30,78.06408457263652,4.776086930028144,0.004659347236156464,0.07728647016493184
0,1966-10-03,78.27934564390272,4.781598626009721,0.0027574917767196894,0.005511695981577525
0,1966-10-04,78.0563812231323,4.802048527195298,-0.0028483173809945583,0.02044990118557699
0,1966-10-05,77.75405877826293,4.86124419789911,-0.003873129142448306,0.05919567070381149
0,1966-10-06,77.94164582902562,4.920108710889822,0.0024125692434608936,0.05886451299071194
0,1966-10-07,78.01170406565643,5.0101516614019985,0.0008988549816422164,0.09004295051217692
0,1966-10-10,78.52381300833753,5.055315381184243,0.006564514245837927,0.045163719782244094
0,1966-10-11,77.87128754923536,5.098435083229026,-0.008309905417263508,0.043119702044783104
0,1966-10-14,77.9102419738582,5.04147305958315,0.0005002411780878901,-0.05696202364587588
0,1966-10-17,78.0980727350089,5.039613642236296,0.002410860965028405,-0.0018594173468535757
0,1966-10-18,78.07247926528098,5.0948064312615085,-0.00032770936377346516,0.055192789025212186
0,1966-10-19,78.54041825822692,5.003157905036671,0.005993648432195187,-0.09164852622483721
0,1966-10-20,78.8825635159757,5.0059133993800655,0.004356295336037874,0.0027554943433942825
0,1966-10-21,79.56487970777506,5.049522863006449,0.00864977203309536,0.043609463626383516
0,1966-10-24,79.54026543475739,5.1018233154884305,-0.00030936102848500013,0.05230045248198145
0,1966-10-25,79.59685182902098,5.157876775328013,0.0007114182226359844,0.056053459839582764
0,1966-10-26,80.2832099412215,5.130229982889347,0.008622930385172367,-0.027646792438666523
0,1966-10-27,79.9355006926642,5.120421887090357,-0.004331033211201429,-0.009808095798989669
0,1966-10-28,81.1199371218559,5.120048399989231,0.014817401766777039,-0.0003734871011262797
0,1966-10-31,81.5939054664133,5.12227258951041,0.0058428095653653145,0.0022241895211791984
0,1966-11-01,82.85627724402502,5.104991297711589,0.015471397899091244,-0.017281291798821208
0,1966-11-02,82.6680926728118,5.105041051815856,-0.0022712168283760548,4.9754104267663024e-05
0,1966-11-03,82.10124870091501,5.095181449255549,-0.006856865249574184,-0.009859602560307046
0,1966-11-04,82.21550219426042,5.078795443970881,0.0013916169991716743,-0.016386005284668492
0,1966-11-07,81.08578536475089,5.139099046832607,-0.013740922324359417,0.06030360286172609
0,1966-11-09,80.42432783874631,5.1046181009444105,-0.008157502859830856,-0.0344809458881965
0,1966-11-10,81.04509808560536,5.142236912062628,0.0077186874113976955,0.03761881111821719
0,1966-11-15,81.6365523172173,5.119461078522962,0.007297840900719166,-0.022775833539665946
0,1966-11-16,80.41717729064622,5.10545996131181,-0.014936630614101887,-0.014001117211151382
0,1966-11-17,79.64544174690211,5.137770262278214,-0.00959665048867464,0.03231030096640364
0,1966-11-18,79.44003970669357,5.133990454682006,-0.002578955376520753,-0.003779807596208329
0,1966-11-21,79.28790336287338,5.169023906430205,-0.0019151091109961271,0.03503345174819916
0,1966-11-22,78.34454616917482,5.220100107252642,-0.01189787033945322,0.05107620082243702
0,1966-11-23,79.45715138849975,5.248310699187943,0.014201438054442406,0.028210591935301288
0,1966-11-25,77.95967397205962,5.239459517105632,-0.01884635165333748,-0.008851182082310949
0,1966-11-28,77.73089570962796,5.210781730214676,-0.002934571821242571,-0.028677786890956014
0,1966-11-29,77.71582642464024,5.148237487993013,-0.00019386480562388897,-0.0625442422216631
0,1966-11-30,77.55102135011632,5.140496905594691,-0.0021206114906817675,-0.007740582398321649
0,1966-12-01,77.20646432352146,5.1346973207899245,-0.004442972131073475,-0.005799584804766944
0,1966-12-02,77.22774122093264,4.994194625219555,0.0002755844034254551,-0.14050269557036987
0,1966-12-05,77.5959838039578,5.042221474762294,0.004768268205225468,0.04802684954273939
0,1966-12-06,78.59870831335635,4.944052452371949,0.01292237639427185,-0.09816902239034508
0,1966-12-07,78.75745563525886,4.951703653370086,0.00201971922069788,0.00765120099813732
0,1966-12-08,79.08465712221322,4.946383780152859,0.004154546186327934,-0.005319873217227489
0,1966-12-09,79.57325336688088,4.947355943366893,0.006178142037242651,0.0009721632140342606
0,1966-12-12,79.11731549597108,4.92021048943902,-0.0057297879830002785,-0.027145453927873042
0,1966-12-13,79.27666613001362,4.882611387744429,0.002014105673879385,-0.037599101694590686
0,1966-12-14,79.73519334388153,4.8454693147357375,0.005783886183053255,-0.03714207300869177
0,1966-12-15,79.94595752797225,4.866351646755624,0.0026433018501847982,0.02088233201988654
0,1966-12-16,80.33312368982679,4.885385005130291,0.004842848517000675,0.01903335837466713
0,1966-12-19,80.54035639054278,4.8732468174632935,0.002579666906967759,-0.012138187666997702
0,1966-12-20,80.69160951873336,4.910932403551117,0.0018779793754220009,0.03768558608782335
0,1966-12-21,81.82899856060773,4.890997544467929,0.014095505699515343,-0.019934859083187817
0,1966-12-22,81.10533038534273,4.925224639110931,-0.008843664079904556,0.03422709464300233
0,1966-12-23,81.73581977462001,4.9772682427087975,0.007773710880428553,0.052043603597866195
0,1966-12-27,81.04590848125441,4.974535468389333,-0.008440745994448662,-0.0027327743194645038
0,1966-12-28,79.82795722072123,4.9935903893496,-0.015027917921543121,0.01905492096026684
0,1966-12-29,80.06860179622527,4.977955660184987,0.0030145400669425726,-0.015634729164612615
0,1966-12-30,78.86526374547886,5.007560715582887,-0.015028838068246841,0.029605055397899704
0,1967-01-03,79.08055257132486,4.978985707037682,0.0027298307977616787,-0.02857500854520456
0,1967-01-04,79.69081652119705,4.987536383692719,0.007716991472989321,0.008550676655036504
0,1967-01-05,79.70612186206696,5.090283951060601,0.00019205902935937047,0.10274756736788238
0,1967-01-06,79.21977990815867,5.0905686098765806,-0.006101688835769892,0.00028465881597927734
0,1967-01-09,78.7346556778502,5.110704784795064,-0.00612377654761076,0.020136174918483185
0,1967-01-10,78.69948593174607,5.083110125284771,-0.0004466869868338108,-0.027594659510293162
0,1967-01-11,78.98992717605105,5.092133834722204,0.003690510056912899,0.009023709437433247
0,1967-01-12,79.25774977734628,5.070983978782075,0.003390591824427247,-0.02114985594012886
0,1967-01-13,80.06351348532586,5.077912150716868,0.010166371241211891,0.006928171934792893
0,1967-01-16,79.8802878859827,5.090315036133807,-0.0022885031066834927,0.012402885416939569
0,1967-01-17,79.52154004745424,5.098912580764314,-0.004491068422794342,0.008597544630506881
0,1967-01-18,79.104558280428,5.087512388147272,-0.005243632942438126,-0.011400192617042393
0,1967-01-19,78.58441228850704,5.0247482100436756,-0.006575423758476973,-0.06276417810359636
0,1967-01-20,78.34350905090356,5.0031554139920225,-0.003065534634515643,-0.021592796051653096
0,1967-01-23,78.1232148017203,5.0197214045145495,-0.0028119017370045185,0.016565990522527052
0,1967-01-24,78.57014563759867,5.174313326660185,0.005720845423638821,0.15459192214563533
0,1967-01-25,79.26767551811027,5.172600802057324,0.008877797983586788,-0.0017125246028610874
0,1967-01-26,79.46397088894669,5.17456434545803,0.002476360881701112,0.001963543400706591
0,1967-01-27,79.04725839355359,5.147397317403908,-0.005244043190032244,-0.027167028054122078
0,1967-01-30,79.71910093714263,5.118735604646284,0.008499251678586006,-0.02866171275762408
0,1967-01-31,79.33359432231094,5.2249141739280525,-0.004835812374949455,0.10617856928176828
0,1967-02-01,79.88217779923382,5.37068035540007,0.0069148950278759,0.14576618147201792
0,1967-02-02,79.1799108368841,5.356904646669498,-0.008791284635663033,-0.013775708730572767
0,1967-02-03,77.88521626397679,5.2371283361441705,-0.016351301223039627,-0.11977631052532711
0,1967-02-06,76.62110437235566,5.288962281009252,-0.016230447217822075,0.05183394486508153
0,1967-02-07,76.83747044266909,5.251182066947125,0.0028238443192094564,-0.03778021406212684
0,1967-02-08,78.06639844464257,5.3057334314891955,0.015993863344192505,0.054551364542070324
0,1967-02-09,78.69081304304466,5.2656894907996605,0.007998506538569927,-0.040043940689534985
0,1967-02-10,77.76964693760164,5.246648134445613,-0.011706145480275154,-0.019041356354047245
0,1967-02-15,77.67852810238166,5.271074472030861,-0.0011716503649950027,0.024426337585247815
0,1967-02-16,77.53606947122402,5.303040411324572,-0.001833951217122376,0.03196593929371083
0,1967-02-17,78.41503696233042,5.376203086977217,0.011336239986121655,0.07316267565264489
0,1967-02-20,79.00059368710862,5.359571846859586,0.007467403542250395,-0.016631240117630952
0,1967-02-21,79.22795180628346,5.441906594469981,0.0028779292479157448,0.08233474761039528
0,1967-02-23,79.26441477727172,5.474215434420715,0.00046022862079553306,0.032308839950733415
0,1967-02-24,79.59396388012254,5.488217827100468,0.004157592076808214,0.014002392679753228
0,1967-02-27,80.08989616697934,5.50905083272814,0.006230777595192194,0.020833005627672208
0,1967-02-28,80.4781575607604,5.496053224219461,0.004847819916903973,-0.01299760850867937
0,1967-03-01,81.48449011339665,5.484499299791057,0.01250441838055849,-0.011553924428403306
0,1967-03-02,80.57019636206013,5.5670638761326945,-0.011220463551580906,0.08256457634163716
0,1967-03-03,79.06830904292389,5.651603932352587,-0.018640730530023575,0.08454005621989236
0,1967-03-06,77.49950658840102,5.5318123957826675,-0.01984110288321972,-0.11979153656991937
0,1967-03-07,78.32883059416278,5.432347389547274,0.010701023042201996,-0.0994650062353939
0,1967-03-08,78.571119414933,5.394794562010865,0.0030932265799492598,-0.037552827536408984
0,1967-03-09,78.56072200763957,5.432751699813372,-0.00013233115896582603,0.037957137802507646
0,1967-03-10,77.26423128975703,5.4803691262570835,-0.016503039747476578,0.04761742644371125
0,1967-03-13,76.72936898495986,5.449977059393296,-0.006922508589923382,-0.03039206686378737
0,1967-03-14,75.9311197872462,5.438218877745069,-0.010403437539935112,-0.011758181648227506
0,1967-03-15,76.9575966916317,5.43997834464408,0.013518527150154114,0.0017594668990117412
0,1967-03-16,76.10657759044068,5.644690656297534,-0.01105828583240509,0.20471231165345394
0,1967-03-17,76.21090316386487,5.62175346133612,0.001370782614685595,-0.022937194961413887
0,1967-03-20,76.15777329965965,5.61412235721586,-0.0006971425609663129,-0.007631104120260801
0,1967-03-21,76.85771988160342,5.643257119680138,0.009190743789076805,0.029134762464278374
0,1967-03-22,77.43059663515933,5.661213168804127,0.007453730795532465,0.017956049123989182
0,1967-03-23,77.91061406625991,5.660091928045385,0.00619932496920228,-0.0011212407587422035
0,1967-03-27,77.26158559235013,5.675703110110679,-0.008330424316227436,0.015611182065294216
0,1967-03-28,76.05040698866898,5.579378430097761,-0.015676336362957954,-0.09632468001291805
0,1967-03-29,77.59375350897356,5.568866236215607,0.02029373124241829,-0.010512193882154186
0,1967-03-30,77.01527370669807,5.361280285690404,-0.007455236744135618,-0.20758595052520334
0,1967-03-31,76.88738723916934,5.224124175003764,-0.0016605338314548135,-0.13715611068663947
0,1967-04-03,77.15077063264927,5.223884761992325,0.0034255734644830227,-0.00023941301143892701
0,1967-04-04,76.96585759869298,5.164464432022596,-0.0023967749439179897,-0.059420329969729124
0,1967-04-05,76.47645022222532,5.233188166579063,-0.006358759477734566,0.06872373455646663
0,1967-04-06,76.01250539360235,5.224203519704179,-0.0060665057972073555,-0.008984646874883317
0,1967-04-07,75.80637978405633,5.219050550092443,-0.0027117328718304634,-0.005152969611736502
0,1967-04-10,76.11850697820337,5.2223111435567136,0.004117426462471485,0.0032605934642706558
0,1967-04-11,76.18294444340324,5.170398379093191,0.0008465413702651858,-0.05191276446352244
0,1967-04-12,76.3517391081754,5.2818805817475685,0.002215649001300335,0.11148220265437736
0,1967-04-13,76.02937502460277,5.376648599061527,-0.004222092218697071,0.09476801731395845
0,1967-04-14,76.50574936618858,5.347242548687002,0.006265661679208279,-0.029406050374524817
0,1967-04-17,75.89502284929979,5.487794054914078,-0.007982753217220306,0.14055150622707568
0,1967-04-18,75.4094185868508,5.455241820556,-0.006398367695510387,-0.03255223435807775
0,1967-04-19,75.29431958621197,5.4038924766461705,-0.0015263212844729424,-0.05134934390982959
0,1967-04-20,75.78547618427899,5.45735473003687,0.006523156072944403,0.05346225339069921
0,1967-04-21,76.11162036162638,5.446688648159518,0.00430351821705699,-0.01066608187735163
0,1967-04-24,75.93518650514359,5.575247230365883,-0.002318093553185463,0.12855858220636485
0,1967-04-25,75.85109366577687,5.829079763972169,-0.0011074291542172432,0.2538325336062863
0,1967-04-26,75.81213901129321,5.535247474602455,-0.000513567472808063,-0.29383228936971406
0,1967-04-27,76.01761346604916,5.384491796456105,0.0027103107422590256,-0.15075567814634994
0,1967-04-28,76.36028376000297,5.276555661863892,0.004507774952799082,-0.1079361345922134
0,1967-05-01,77.015514742824,5.12239601898972,0.008580782450735569,-0.1541596428741716
0,1967-05-02,78.0421764898665,5.153739395345948,0.013330583460628986,0.03134337635622764
0,1967-05-03,78.68370630865428,5.232410595344465,0.00822029635310173,0.07867119999851724
0,1967-05-04,78.28739315610306,5.169415560956835,-0.005036788061261177,-0.06299503438763043
0,1967-05-05,77.58022910484222,5.340052558987772,-0.009032923728227615,0.17063699803093701
0,1967-05-08,77.97574266320714,5.384825114757428,0.005098123103380203,0.04477255576965611
0,1967-05-09,79.10886638925984,5.4600136479429775,0.014531746506690979,0.07518853318554974
0,1967-05-10,78.98142056539864,5.575740070580874,-0.0016110182041302323,0.11572642263789668
0,1967-05-11,78.7848227458515,5.741380466714239,-0.0024891654029488564,0.165640396133365
0,1967-05-12,78.42738970072902,5.700125883366737,-0.00453682616353035,-0.041254583347502205
0,1967-05-15,78.99733966795266,5.889211208570973,0.007267231121659279,0.18908532520423638
0,1967-05-16,79.07478695037277,5.927530924558901,0.0009803783614188433,0.03831971598792805
0,1967-05-17,79.64061957762836,6.008248227553701,0.007155664265155792,0.08071730299479984
0,1967-05-18,79.78833888386811,6.111659365663259,0.0018548236694186926,0.10341113810955793
0,1967-05-19,79.52529501375294,6.173305201390591,-0.003296770853921771,0.06164583572733218
0,1967-05-22,80.19744399989786,5.996447745068521,0.008452014997601509,-0.17685745632206995
0,1967-05-23,79.44998752450455,6.016194184245005,-0.009320203214883804,0.01974643917648322
0,1967-05-24,80.00881073092559,6.089807634491337,0.007033647503703833,0.07361345024633259
0,1967-05-25,79.86222143955061,6.0839126772662695,-0.0018321643583476543,-0.005894957225067721
0,1967-05-26,81.36339019788885,6.0662821794706385,0.018796982243657112,-0.017630497795630973
0,1967-05-29,81.65954231149284,6.023966228361976,0.0036398693919181824,-0.042315951108662375
0,1967-05-31,82.34592194334847,5.967308011869033,0.008405381813645363,-0.056658216492943225
0,1967-06-01,81.64552058149849,6.073045258476387,-0.00850559864193201,0.10573724660735451
0,1967-06-02,81.68368214047248,6.050345473824024,0.0004674054216593504,-0.022699784652363775
0,1967-06-05,81.42800228082085,6.085448688349415,-0.003130121622234583,0.03510321452539156
0,1967-06-06,81.0406689045647,6.124719065600402,-0.00475675892084837,0.03927037725098703
0,1967-06-07,79.71619624247741,6.137264645650096,-0.016343308612704277,0.01254558004969386
0,1967-06-08,78.97413084019607,6.1627210897289055,-0.009308841079473495,0.025456444078809426
0,1967-06-09,78.33933845207697,6.168892023350385,-0.008037978783249855,0.006170933621479691
0,1967-06-12,77.24553099971455,6.125426450975036,-0.013962429016828537,-0.043465572375349204
0,1967-06-13,76.98035476653472,6.195254643247012,-0.00343290064483881,0.06982819227197634
0,1967-06-14,76.11323671609235,6.249366600828546,-0.011264147236943245,0.054111957581533865
0,1967-06-15,76.72799250387736,6.235427402521753,0.008076857775449753,-0.01393919830679291
0,1967-06-16,76.62974677782204,6.203693074005992,-0.0012804417638108134,-0.03173432851576141
0,1967-06-19,76.75995096882839,6.159168002566769,0.001699133776128292,-0.044525071439222685
0,1967-06-20,76.90301528888551,6.185395213440409,0.0018637885805219412,0.026227210873639883
0,1967-06-21,77.4601521363287,6.188891262858954,0.007244668435305357,0.0034960494185449775
0,1967-06-22,77.82255110841204,6.2066044714433,0.004678521305322647,0.017713208584345885
0,1967-06-23,77.11888812270534,6.256572808356344,-0.009041890501976013,0.04996833691304392
0,1967-06-26,76.50817915905722,6.163760103672796,-0.007919058203697205,-0.0928127046835483
0,1967-06-27,75.69107199662146,6.25530600436721,-0.010679997503757477,0.09154590069441415
0,1967-06-28,75.5650936896965,6.27403893205984,-0.0016643747221678495,0.01873292769263024
0,1967-06-29,76.21435792983065,6.270821867159641,0.008592118509113789,-0.00321706490019924
0,1967-06-30,76.56845342025503,6.251905996763623,0.00464604701846838,-0.018915870396018164
0,1967-07-03,78.64160049704752,6.226986017710175,0.027075733989477158,-0.024919979053447783
0,1967-07-05,78.270238958427,6.125364610001301,-0.004722202196717262,-0.10162140770887351
0,1967-07-06,78.40164721627721,6.086906953333161,0.0016789045184850693,-0.038457656668140494
0,1967-07-07,79.06156761305549,6.039423428553331,0.008417175151407719,-0.04748352477982998
0,1967-07-10,79.21586407315029,6.075593990043688,0.0019515987951308489,0.03617056149035758
0,1967-07-11,78.89911565473479,6.143323346689659,-0.003998547792434692,0.06772935664597046
0,1967-07-12,79.8877253908552,6.226311132648723,0.012530048377811909,0.0829877859590642
0,1967-07-13,79.40778105762678,6.225322825375841,-0.00600773561745882,-0.0009883072728822384
0,1967-07-14,79.32915978558728,6.230851613988752,-0.0009900953155010939,0.005528788612910951
0,1967-07-17,78.94196149623359,6.310708248564499,-0.004880907479673624,0.07985663457574699
0,1967-07-18,78.96103690503449,6.319564376532367,0.00024163839407265186,0.008856127967868055
0,1967-07-19,78.5649769470924,6.333760336153175,-0.005015891045331955,0.014195959620808551
0,1967-07-20,78.40652889501301,6.348076060343466,-0.0020167771726846695,0.014315724190290702
0,1967-07-21,78.41299709040948,6.3330843300663755,8.249562233686447e-05,-0.014991730277090554
0,1967-07-24,78.31487827870016,6.305947710908382,-0.0012513080146163702,-0.027136619157993813
0,1967-07-25,78.17182404181523,6.256745699684956,-0.0018266546539962292,-0.049202011223425934
0,1967-07-26,77.84887901692122,6.336965859545318,-0.004131220281124115,0.08022015986036202
0,1967-07-27,77.99826272798468,6.315354229401376,0.0019188935402780771,-0.021611630143941518
0,1967-07-28,78.45494136642343,6.224413308754274,0.005854984745383263,-0.09094092064710235
0,1967-07-31,79.5339416514075,6.230647407741008,0.01375312078744173,0.006234098986734438
0,1967-08-01,78.84328941995446,6.147814103121622,-0.00868374202400446,-0.08283330461938654
0,1967-08-02,78.65352904748006,6.145573444445189,-0.002406804356724024,-0.0022406586764329717
0,1967-08-03,77.68285279569449,6.147773022038377,-0.012341165915131569,0.002199577593188451
0,1967-08-04,78.11050386445245,6.187396730056237,0.005505089648067951,0.03962370801786008
0,1967-08-07,77.30513118893543,6.1594691397105175,-0.010310683399438858,-0.0279275903457199
0,1967-08-08,77.78587441971287,6.140568977133415,0.006218775175511837,-0.018900162577102364
0,1967-08-09,77.68820895584604,6.086641455878651,-0.001255568116903305,-0.05392752125476452
0,1967-08-10,77.91187333031846,6.045963894938221,0.0028790002688765526,-0.040677560940429736
0,1967-08-11,77.76070739937856,6.114829827146407,-0.0019402168691158295,0.06886593220818593
0,1967-08-14,78.3033706841413,6.1550158173877465,0.006978631019592285,0.04018599024133973
0,1967-08-15,77.8292150597415,6.14400688053061,-0.006055366713553667,-0.01100893685713622
0,1967-08-16,78.32536390168744,6.099522064053398,0.006374840624630451,-0.044484816477212696
0,1967-08-17,78.46972495638266,6.101583568606607,0.0018430945929139853,0.0020615045532093035
0,1967-08-18,78.92035084085099,6.014442397638886,0.005742671899497509,-0.08714117096772078
0,1967-08-21,79.05030176767455,6.019677561020959,0.001646608579903841,0.0052351633820730825
0,1967-08-22,78.34085563175654,5.973555416867858,-0.008974616415798664,-0.04612214415310145
0,1967-08-23,77.98835616103551,5.9917690372204815,-0.004499561153352261,0.01821362035262375
0,1967-08-24,78.35988052027574,5.975079852221859,0.004763843957334757,-0.016689184998622153
0,1967-08-25,78.29270882455268,6.0246274469048435,-0.000857220496982336,0.0495475946829842
0,1967-08-28,78.93948976233756,6.034859591418888,0.008261062204837799,0.010232144514044528
0,1967-08-29,79.1513188519234,5.979743219648407,0.0026834362652152777,-0.05511637177048101
0,1967-08-30,79.25157288768932,5.912846290134614,0.0012666123220697045,-0.06689692951379289
0,1967-08-31,78.47403076350281,5.907327010691718,-0.00981106236577034,-0.005519279442895986
0,1967-09-01,77.59875022940146,5.906881218311513,-0.011153760366141796,-0.00044579238020503453
0,1967-09-05,77.48504556804501,5.8853988966718,-0.0014652898535132408,-0.021482321639712865
0,1967-09-06,77.80132298953431,5.883018976580591,0.0040817866101861,-0.002379920091208909
0,1967-09-07,78.15967259787519,5.9014797007685535,0.004605957772582769,0.018460724187962185
0,1967-09-08,78.79246948106343,5.898400996979733,0.008096206933259964,-0.0030787037888204694
0,1967-09-11,78.73689378476244,5.95901008108757,-0.0007053427398204803,0.06060908410783661
0,1967-09-12,78.53844224833205,5.969324750432366,-0.0025204389821738005,0.010314669344796634
0,1967-09-13,78.94221761683984,5.981002047418628,0.005141117610037327,0.011677296986261965
0,1967-09-14,78.35183877519336,6.000341992504825,-0.007478619925677776,0.01933994508619641
0,1967-09-15,78.16038055857067,6.013073842370682,-0.002443570178002119,0.012731849865857292
0,1967-09-18,77.52371921173756,6.016370081541684,-0.00814557634294033,0.003296239171001858
0,1967-09-19,77.32008779559838,6.026283564389376,-0.0026266982313245535,0.009913482847692556
0,1967-09-20,77.83859841628171,6.026651491422875,0.006706027314066887,0.0003679270334986384
0,1967-09-21,77.83759846811643,6.071512354336943,-1.2846430763602257e-05,0.0448608629140681
0,1967-09-22,77.77547742975658,6.0213952780872235,-0.0007980852387845516,-0.050117076249719616
0,1967-09-25,78.44804808359368,5.988403968825352,0.00864759273827076,-0.032991309261871216
0,1967-09-26,78.46362229042734,6.029412466910756,0.0001985289272852242,0.041008498085403744
0,1967-09-27,78.65870544111843,6.071191697577126,0.002486287849023938,0.04177923066636957
0,1967-09-28,78.36569694997957,6.0503375365312015,-0.0037250611931085587,-0.02085416104592408
0,1967-09-29,78.71274592224474,6.018559313815202,0.004428582731634378,-0.031778222715999505
0,1967-10-02,79.0554412857042,6.074023402778811,0.004353746771812439,0.05546408896360866
0,1967-10-03,78.92339148257427,6.09463005708425,-0.001670344267040491,0.020606654305439065
0,1967-10-04,79.20790429811177,6.091408154013143,0.003604923840612173,-0.003221903071106702
0,1967-10-05,79.35226618287747,6.098578373207231,0.0018225691746920347,0.007170219194088112
0,1967-10-06,78.93173170158974,6.1630795793937425,-0.005299590062350035,0.06450120618651134
0,1967-10-09,78.93365119073762,6.178038307217113,2.4318345822393894e-05,0.014958727823370488
0,1967-10-10,78.73449928209864,6.2426219811162404,-0.0025230292230844498,0.06458367389912745
0,1967-10-11,79.24414928519062,6.277256799028358,0.006473020184785128,0.0346348179121172
0,1967-10-16,78.96050508242759,6.31680691599148,-0.0035793709103018045,0.03955011696312205
0,1967-10-17,77.8953233246593,6.353232293355344,-0.013490057550370693,0.03642537736386409
0,1967-10-18,76.85745576237036,6.377694204721379,-0.013323875144124031,0.024461911366035594
0,1967-10-19,75.16275610798768,6.4217441905901484,-0.022049905732274055,0.04404998586876907
0,1967-10-20,74.54623565282972,6.440631632982895,-0.00820247270166874,0.018887442392746756
0,1967-10-23,74.10396687765989,6.477555655765964,-0.00593281164765358,0.03692402278306872
0,1967-10-24,74.77548222812695,6.4683091850159204,0.009061800315976143,-0.009246470750043478
0,1967-10-25,73.98730225294966,6.444942006675894,-0.010540620423853397,-0.023367178340026662
0,1967-10-26,75.12191855822844,6.3384222940642045,0.015335284173488617,-0.10651971261168924
0,1967-10-27,74.33373471642248,6.386585341716445,-0.010492062196135521,0.04816304765224011
0,1967-10-30,74.00094976137669,6.389920698626893,-0.004476903472095728,0.003335356910448617
0,1967-10-31,74.4883241755546,6.351987226821818,0.00658605620265007,-0.03793347180507567
0,1967-11-01,73.78041407966684,6.387855832937348,-0.009503638371825218,0.03586860611553
0,1967-11-02,74.11287689454875,6.39438544655327,0.004506112076342106,0.006529613615922081
0,1967-11-03,73.38243939000613,6.379193455572276,-0.009855743497610092,-0.015191990980993886
0,1967-11-06,73.19293207722065,6.428865337953799,-0.002582461340352893,0.049671882381523424
0,1967-11-08,73.65715098794085,6.38179289107577,0.006342400796711445,-0.047072446878028806
0,1967-11-09,73.85881745111008,6.467218446699935,0.0027379074599593878,0.08542555562416432
0,1967-11-10,73.82108409976716,6.416264114214753,-0.0005108848563395441,-0.05095433248518155
0,1967-11-13,75.28688203182692,6.401601864039436,0.019856087863445282,-0.014662250175317304
0,1967-11-14,75.23447231755229,6.396390592159272,-0.0006961334147490561,-0.0052112718801637925
0,1967-11-15,75.63022809899996,6.375365447689518,0.005260298494249582,-0.02102514446975423
0,1967-11-16,75.78022529023393,6.532154621628295,0.001983296824619174,0.156789173938777
0,1967-11-17,75.06894932626857,6.567101304233086,-0.009386036545038223,0.03494668260479106
0,1967-11-20,74.34286412559996,6.679884317159973,-0.00967224407941103,0.11278301292688742
0,1967-11-21,73.66920955373544,6.614233996711871,-0.009061455726623535,-0.06565032044810248
0,1967-11-22,74.33479203690807,6.628541057283595,0.009034744463860989,0.01430706057172415
0,1967-11-24,74.48535258455446,6.624337506441729,0.0020254384726285934,-0.004203550841865855
0,1967-11-27,73.66611686359097,6.6485311539408425,-0.010998615063726902,0.024193647499113347
0,1967-11-28,72.9459464817812,6.639361297259248,-0.009776141494512558,-0.00916985668159409
0,1967-11-29,71.79499817085882,6.626786344435054,-0.01577809825539589,-0.012574952824194519
0,1967-11-30,71.74572019120868,6.645383698993329,-0.0006863706512376666,0.018597354558274937
0,1967-12-01,71.23025401958948,6.712718745037824,-0.007184626068919897,0.06733504604449525
0,1967-12-04,71.0221410996922,6.676656798508646,-0.002921692794188857,-0.036061946529177824
0,1967-12-05,71.11533555808995,6.610056025983179,0.0013121888041496277,-0.06660077252546692
0,1967-12-06,71.6934386587141,6.604990673171877,0.008129091933369637,-0.0050653528113020485
0,1967-12-07,72.2816374744191,6.62045472110987,0.008204360492527485,0.01546404793799283
0,1967-12-08,72.45730675205715,6.627938562013044,0.0024303444661200047,0.0074838409031743325
0,1967-12-11,72.92132890218235,6.582021660630422,0.00640407670289278,-0.04591690138262283
0,1967-12-12,72.90043724927398,6.586807984174439,-0.00028649577870965004,0.0047863235440175345
0,1967-12-13,73.06304923532106,6.630277970336066,0.002230603713542223,0.043469986161627006
0,1967-12-14,73.32210059527307,6.663742620216897,0.003545586485415697,0.03346464988083042
0,1967-12-15,73.57868904902872,6.684729334622024,0.0034994694869965315,0.02098671440512767
0,1967-12-18,73.78972663638595,6.713684167831875,0.002868189010769129,0.02895483320985104
0,1967-12-19,73.8446372844273,6.732706636659523,0.0007441503112204373,0.019022468827647465
0,1967-12-20,74.02024352449543,6.744200322648578,0.0023780500050634146,0.011493685989055535
0,1967-12-21,74.66925093005088,6.724155276143487,0.008767971768975258,-0.02004504650509098
0,1967-12-22,74.47839622746514,6.741003569061454,-0.002556001301854849,0.016848292917966745
0,1967-12-26,74.24538732534538,6.775345484020679,-0.003128543496131897,0.03434191495922523
0,1967-12-27,73.78994733576118,6.830746717768887,-0.006134252995252609,0.055401233748208156
0,1967-12-28,72.7970685626395,6.887331145210743,-0.013455474749207497,0.05658442744185521
0,1967-12-29,73.15688085621392,6.904114728330003,0.004942675586789846,0.016783583119260648
0,1968-01-02,73.71371705115644,6.951034433346606,0.007611535489559174,0.046919705016602364
0,1968-01-03,73.6771006590418,6.921431222061904,-0.0004967378336004913,-0.02960321128470156
0,1968-01-04,73.50184323640346,6.927451159474435,-0.002378723118454218,0.006019937412530929
0,1968-01-05,73.38663242974954,6.904543715521686,-0.0015674546593800187,-0.02290744395274924
0,1968-01-08,73.84611518721516,6.738314740997589,0.006261123344302177,-0.16622897452409635
0,1968-01-09,74.13068104637067,6.824637088655726,0.00385349802672863,0.08632234765813696
0,1968-01-10,73.47946572214099,6.831661731295913,-0.008784693665802479,0.007024642640186762
0,1968-01-11,73.77422026188952,6.765464803290633,0.004011386539787054,-0.06619692800528032
0,1968-01-12,72.67753474947378,6.803273511511954,-0.014865430071949959,0.037808708221320764
0,1968-01-15,72.53052408483644,6.9628721657959005,-0.0020227800123393536,0.15959865428394693
0,1968-01-16,71.00381649578803,6.985550303675106,-0.021049173548817635,0.022678137879205806
0,1968-01-17,71.22167388291263,7.031057357588823,0.00306824897415936,0.04550705391371679
0,1968-01-18,71.23809702949961,7.079438328272615,0.00023059197701513767,0.04838097068379188
0,1968-01-19,70.79116713558112,6.983707788208417,-0.006273748353123665,-0.09573054006419834
0,1968-01-22,71.40562866239887,6.853624093967079,0.008679918013513088,-0.13008369424133726
0,1968-01-23,72.5921142876831,6.8317972104518345,0.016616135835647583,-0.021826883515244866
0,1968-01-24,72.22840288462743,6.89058789720112,-0.0050103431567549706,0.058790686749285115
0,1968-01-25,71.14132993409163,6.841148840510457,-0.015050491318106651,-0.0494390566906624
0,1968-01-26,71.54837109276474,6.822382905193411,0.005721584893763065,-0.01876593531704618
0,1968-01-29,71.38184143246794,6.756113839416868,-0.002327511552721262,-0.06626906577654346
0,1968-01-30,72.07319699922908,6.742315872083797,0.009685314260423183,-0.013797967333070815
0,1968-01-31,71.8793512617778,6.767613063346107,-0.0026895676273852587,0.025297191262310115
0,1968-02-01,72.46553355853041,6.81474279283511,0.00815508607774973,0.0471297294890034
0,1968-02-02,72.22460078130992,6.850435032410021,-0.0033247913233935833,0.03569223957491108
0,1968-02-05,72.68491320836888,6.834908298646995,0.006373346783220768,-0.015526733763026712
0,1968-02-06,72.20813137513254,6.85120081344343,-0.006559570785611868,0.016292514796435675
0,1968-02-07,72.64408633668624,6.811943513921692,0.006037477403879166,-0.039257299521738176
0,1968-02-08,71.42811459233307,6.918604829789747,-0.016738757491111755,0.10666131586805516
0,1968-02-09,70.49732456720916,6.999321376803794,-0.013031143695116043,0.08071654701404629
0,1968-02-13,69.93726224370492,7.068296955465521,-0.007944447919726372,0.06897557866172743
0,1968-02-14,69.43499759548354,7.1651283225055185,-0.0071816458366811275,0.0968313670399974
0,1968-02-15,68.58565046840508,7.179806880986669,-0.012232262641191483,0.014678558481150183
0,1968-02-16,68.16375205655937,7.224461398125899,-0.006151409354060888,0.04465451713923052
0,1968-02-19,68.41249232169305,7.214374498944567,0.0036491574719548225,-0.01008689918133232
0,1968-02-20,68.39854705767242,7.260273854947486,-0.00020384090021252632,0.045899356002919056
0,1968-02-21,68.36541313184262,7.271221577430487,-0.00048442441038787365,0.010947722483001243
0,1968-02-23,69.56467417417379,7.258750643630678,0.017541926354169846,-0.012470933799809458
0,1968-02-26,70.28124896432655,7.309083858611761,0.010300843045115471,0.0503332149810829
0,1968-02-27,70.6102908339505,7.269076666491237,0.004681787453591824,-0.04000719212052317
0,1968-02-28,70.35021724415883,7.233027977075326,-0.003683225018903613,-0.036048689415911106
0,1968-02-29,70.49296224692084,7.261108299926218,0.0020290627144277096,0.028080322850891903
0,1968-03-01,70.42775546489926,7.174934770917599,-0.0009250112343579531,-0.08617352900861963
0,1968-03-04,70.63766750494892,7.281610560677513,0.0029805300291627645,0.10667578975991443
0,1968-03-05,69.98674487953107,7.254790508618315,-0.00921495072543621,-0.026820052059197685
0,1968-03-06,70.96665059041774,7.2307204034599035,0.014001304283738136,-0.024070105158411792
0,1968-03-07,70.42439182090891,7.278129589912703,-0.007641036529093981,0.0474091864527999
0,1968-03-08,69.5832456623726,7.264061436109791,-0.011943960562348366,-0.014068153802912597
0,1968-03-11,70.66459639179176,7.229212045169642,0.015540389344096184,-0.03484939094014905
0,1968-03-12,70.17149830824694,7.2054749282023005,-0.00697800749912858,-0.023737116967341265
0,1968-03-13,70.07251174380424,7.301761493718747,-0.0014106377493590117,0.09628656551644621
0,1968-03-14,69.45272680119717,7.3587655944428185,-0.008844908326864243,0.057004100724071805
0,1968-03-15,69.91798832315561,7.410961953092346,0.006698966957628727,0.05219635864952732
0,1968-03-18,69.99868113325975,7.405040758566453,0.0011541065759956837,-0.005921194525893014
0,1968-03-19,69.57237480403533,7.397449953323543,-0.006090205162763596,-0.007590805242910115
0,1968-03-20,69.98315004669875,7.1447421085231655,0.0059042866341769695,-0.2527078448003772
0,1968-03-21,71.4263488308173,7.053580171881189,0.020622089505195618,-0.09116193664197692
0,1968-03-22,70.92817746915671,6.979579136000743,-0.006974616087973118,-0.07400103588044527
0,1968-03-25,71.56350417445644,7.015859026415507,0.008957324549555779,0.03627989041476365
0,1968-03-26,71.32400334565891,7.028181689770749,-0.003346689511090517,0.012322663355242014
0,1968-03-27,71.78555725601592,7.1027333914014426,0.0064712283201515675,0.07455170163069358
0,1968-03-28,71.25479704481347,7.059447793840268,-0.007393690757453442,-0.04328559756117478
0,1968-03-29,71.72405222770333,7.152566153809748,0.006585594266653061,0.09311835996948048
0,1968-04-01,71.46787353815357,7.224678199321003,-0.003571726381778717,0.07211204551125494
0,1968-04-02,71.40967929326288,7.232598535162943,-0.000814271392300725,0.007920335841939519
0,1968-04-03,71.38627476308115,7.096868970008258,-0.0003277501091361046,-0.13572956515468437
0,1968-04-04,72.48465611786338,6.967531739523527,0.015386450104415417,-0.12933723048473134
0,1968-04-05,72.22447207528145,6.939187030508315,-0.003589505096897483,-0.028344709015211578
0,1968-04-08,72.22626585811463,6.934573818358406,2.4836219381541014e-05,-0.004613212149909174
0,1968-04-10,71.34775517202668,7.1368005142811946,-0.0121633131057024,0.2022266959227883
0,1968-04-11,69.20741173762238,7.208889021545024,-0.029998749494552612,0.0720885072638291
0,1968-04-15,69.88257402971132,7.194524375945516,0.009755635634064674,-0.014364645599507675
0,1968-04-16,69.67195230288941,7.183583405471907,-0.00301393773406744,-0.010940970473608758
0,1968-04-17,70.21763808935822,7.123555527183372,0.00783221609890461,-0.060027878288535064
0,1968-04-18,70.3687848233984,7.179827183098565,0.0021525465417653322,0.05627165591519301
0,1968-04-19,70.1382044334448,7.2900748585021615,-0.0032767425291240215,0.11024767540359637
0,1968-04-22,70.1338865877804,7.2623529628280155,-6.156196468509734e-05,-0.02772189567414607
0,1968-04-23,70.85353687386903,7.22935181845816,0.010261092334985733,-0.03300114436985524
0,1968-04-24,71.1276612158225,7.203029719428345,0.0038688872009515762,-0.02632209902981497
0,1968-04-25,71.40695118003745,7.245268131373828,0.0039266012609004974,0.04223841194548239
0,1968-04-26,71.03857722118933,7.2962593159237175,-0.0051587969064712524,0.05099118454988982
0,1968-04-29,70.8980835128451,7.365664167233562,-0.0019777100533246994,0.06940485130984442
0,1968-04-30,70.6971037434291,7.358318743376015,-0.002834770129993558,-0.0073454238575472175
0,1968-05-01,70.79690526734954,7.298072638855534,0.0014116776874288917,-0.060246104520480515
0,1968-05-02,71.41455344670149,7.28850550095916,0.00872422568500042,-0.009567137896373978
0,1968-05-03,71.4268921838905,7.33157775562708,0.00017277622828260064,0.043072254667920085
0,1968-05-06,71.761380164937,7.305868515807938,0.0046829418279230595,-0.025709239819142304
0,1968-05-07,71.46221313064248,7.198341473469614,-0.0041689141653478146,-0.10752704233832411
0,1968-05-08,72.00380559151196,7.160684343595334,0.00757872499525547,-0.037657129874279605
0,1968-05-09,71.96488593060246,7.194555276517283,-0.0005405222764238715,0.03387093292194887
0,1968-05-10,73.47426022221158,7.0696625322535525,0.02097376063466072,-0.12489274426373065
0,1968-05-13,73.52329732115044,7.046117775935322,0.0006674051401205361,-0.023544756318230498
0,1968-05-14,73.16592255343895,7.09566262296298,-0.004860701039433479,0.04954484702765782
0,1968-05-15,72.03322803981033,7.159801298422783,-0.015481175854802132,0.06413867545980345
0,1968-05-16,70.93806212410871,7.1860459879859055,-0.015203621238470078,0.026244689563122314
0,1968-05-17,70.88108280181595,7.1584205027523655,-0.0008032263722270727,-0.027625485233540026
0,1968-05-20,71.58797461164701,7.175977058009892,0.00997292622923851,0.017556555257526085
0,1968-05-21,71.85990297874982,7.20357114056825,0.003798520192503929,0.027594082558358046
0,1968-05-22,71.54398670480751,7.304298459385552,-0.004396280273795128,0.10072731881730235
0,1968-05-23,70.49515899849935,7.367246531914032,-0.014659900218248367,0.06294807252847967
0,1968-05-24,70.788649600776,7.3180525862406585,0.004163273144513369,-0.04919394567337321
0,1968-05-27,72.09849147666515,7.242377756022593,0.01850355789065361,-0.0756748302180652
0,1968-05-28,72.38778891851847,7.154501160232357,0.0040125311352312565,-0.08787659579023632
0,1968-05-29,73.00808718363929,6.901153180943301,0.008569100871682167,-0.25334797928905584
0,1968-05-31,73.56050909600454,6.837832054017279,0.0075665852054953575,-0.06332112692602188
0,1968-06-03,72.66830221620165,6.954039571891629,-0.012128883972764015,0.1162075178743498
0,1968-06-04,71.27801134974875,6.965941542335585,-0.019132012501358986,0.011901970443956245
0,1968-06-05,71.63465000219637,6.996646558203817,0.005003487691283226,0.030705015868231378
0,1968-06-06,71.92273543567477,6.969128957704548,0.004021593369543552,-0.027517600499268546
0,1968-06-07,72.09556783850388,6.939808845743002,0.0024030287750065327,-0.029320111961546047
0,1968-06-10,72.59192000891954,6.864463930697092,0.006884641945362091,-0.07534491504591045
0,1968-06-11,72.14946069016233,6.84458314842996,-0.006095159333199263,-0.019880782267131636
0,1968-06-13,73.03612992005998,6.944515531020935,0.012289339676499367,0.09993238259097481
0,1968-06-14,72.48861447577153,6.948861103513896,-0.0074965013191103935,0.004345572492961303
0,1968-06-17,72.86644286351827,6.967292359278481,0.00521224457770586,0.018431255764585153
0,1968-06-18,72.3210596653223,7.0346795573308825,-0.007484696339815855,0.06738719805240123
0,1968-06-20,72.63453691924533,7.03044383173804,0.004334522411227226,-0.004235725592842243
0,1968-06-21,72.73417347399013,7.0256170166479945,0.0013717517722398043,-0.0048268150900456774
0,1968-06-24,73.99960220045429,7.04790766651218,0.017397994175553322,0.022290649864185497
0,1968-06-25,74.11840514186424,7.089700062902629,0.0016054537845775485,0.041792396390449404
0,1968-06-27,73.23723223826127,7.116948998956488,-0.011888719163835049,0.027248936053858586
0,1968-06-28,73.04262232746231,7.090429678547511,-0.002657253760844469,-0.026519320408977087
0,1968-07-01,73.23296041886351,7.10384326293748,0.0026058496441692114,0.013413584389969202
0,1968-07-02,74.21723622515701,6.748040340577889,0.013440338894724846,-0.3558029223595911
0,1968-07-03,76.01684251546257,6.78997378307909,0.024247821420431137,0.041933442501201235
0,1968-07-08,75.55298682987357,6.8003059262038335,-0.006102012004703283,0.010332143124743176
0,1968-07-09,75.76301180047624,6.732515714485505,0.002779836766421795,-0.06779021171832866
0,1968-07-11,76.49685725028138,6.750289078327911,0.009686064906418324,0.01777336384240602
0,1968-07-12,76.39781557869145,6.76796995056064,-0.0012947155628353357,0.017680872232729072
0,1968-07-15,76.73412007850453,6.797992629327819,0.004402017220854759,0.030022678767179123
0,1968-07-16,77.39987144558152,6.704420032770633,0.008676080033183098,-0.09357259655718586
0,1968-07-18,77.0184194844424,6.767219349340346,-0.004928328096866608,0.06279931656971272
0,1968-07-19,77.04983938343284,6.854668226041664,0.0004079530481249094,0.08744887670131796
0,1968-07-22,77.09241431843019,6.833166853890389,0.0005525635788217187,-0.0215013721512749
0,1968-07-23,78.53593347161582,6.807607729585062,0.018724529072642326,-0.025559124305327252
0,1968-07-25,78.93317457583073,6.872534442066918,0.005058080889284611,0.06492671248185644
0,1968-07-26,79.19827343149774,6.969987572422163,0.0033585226628929377,0.09745313035524461
0,1968-07-29,78.57905136389608,7.0333073008389055,-0.007818630896508694,0.06331972841674283
0,1968-07-30,77.99080549668166,7.178455661476737,-0.0074860393069684505,0.14514836063783143
0,1968-08-01,77.9906354681676,7.207767800768726,-2.1801097318530083e-06,0.029312139291988615
0,1968-08-02,78.67354795404857,7.284336990628147,0.00875633955001831,0.07656918985942163
0,1968-08-05,79.51813102341755,7.235253402641673,0.0107352863997221,-0.049083587986474164
0,1968-08-06,79.95065133460268,7.1423734867536135,0.005439266562461853,-0.09287991588805955
0,1968-08-08,80.26522281584896,7.225918109092156,0.003934570588171482,0.08354462233854232
0,1968-08-09,80.35981683939593,7.229426131456389,0.001178518170490861,0.0035080223642331987
0,1968-08-12,80.58964467195212,7.142176751517939,0.0028599845245480537,-0.08724937993845039
0,1968-08-13,80.15311536947033,7.279664947975896,-0.0054166922345757484,0.13748819645795773
0,1968-08-15,79.38946792637715,7.330395863979014,-0.0095273582264781,0.05073091600311752
0,1968-08-16,78.78059904679213,7.257800050134815,-0.007669391110539436,-0.07259581384419889
0,1968-08-19,79.40245083749433,7.191433867004428,0.007893463596701622,-0.06636618313038678
0,1968-08-20,80.35174769800707,7.181187120636399,0.011955510824918747,-0.010246746368029136
0,1968-08-22,80.83025219150667,7.165631208070594,0.005955122411251068,-0.01555591256580513
0,1968-08-23,80.77927534380474,7.231416048126904,-0.000630665454082191,0.06578484005630969
0,1968-08-26,80.15177230245385,7.190261657969496,-0.007768119219690561,-0.041154390157407406
0,1968-08-27,80.45243577721186,7.12918937079946,0.0037511768750846386,-0.06107228717003643
0,1968-08-29,80.19750649744918,7.178001966044978,-0.003168695606291294,0.04881259524551851
0,1968-08-30,79.76144858936817,7.193789609192265,-0.0054373000748455524,0.015787643147286978
0,1968-09-03,79.97633590638836,7.2200244681806645,0.0026941250544041395,0.026234858988399168
0,1968-09-04,80.64372014217734,7.154080742338632,0.008344771340489388,-0.06594372584203256
0,1968-09-05,80.27536821755943,7.268012653771262,-0.004567645490169525,0.11393191143262982
0,1968-09-06,79.64602524763144,7.20950199980609,-0.007839801721274853,-0.058510653965171855
0,1968-09-09,79.75401125427635,7.152504722004579,0.0013558241771534085,-0.05699727780151065
0,1968-09-10,80.66191480596285,7.138822905265517,0.011383797973394394,-0.013681816739062214
0,1968-09-12,80.46782660062901,7.042095277786115,-0.0024061938747763634,-0.09672762747940222
0,1968-09-13,80.25499793928421,6.97638526423817,-0.002644891384989023,-0.06571001354794515
0,1968-09-16,80.15435466807446,7.033105420545199,-0.0012540436582639813,0.05672015630702898
0,1968-09-17,78.93533422175065,7.0692404119065255,-0.0152084119617939,0.03613499136132692
0,1968-09-19,78.46571293383664,7.158337853886362,-0.005949443206191063,0.08909744197983649
0,1968-09-20,77.78019361149238,7.212748448209136,-0.008736546151340008,0.05441059432277395
0,1968-09-23,77.73831490159124,7.209363203890413,-0.0005384238320402801,-0.003385244318723224
0,1968-09-24,77.97545603416576,7.233430959672442,0.003050505183637142,0.024067755782029465
0,1968-09-26,77.78800999814496,7.241027020924383,-0.0024039107374846935,0.007596061251940789
0,1968-09-27,78.01437609868022,7.30568266531864,0.0029100384563207626,0.0646556443942572
0,1968-09-30,78.16839795723949,7.277561471238291,0.0019742753356695175,-0.028121194080349632
0,1968-10-01,79.44129885721983,7.301568898135686,0.01628408581018448,0.024007426897395767
0,1968-10-03,79.42310625665016,7.310480025734299,-0.00022900683688931167,0.0089111275986129
0,1968-10-04,79.51491083901882,7.312890770903835,0.0011558926198631525,0.0024107451695360993
0,1968-10-07,80.70712498320805,7.278093739140625,0.014993592165410519,-0.03479703176321003
0,1968-10-08,81.0933890676812,7.235467567768911,0.004785997327417135,-0.04262617137171443
0,1968-10-10,80.63880620106391,7.2040518049781195,-0.005605671089142561,-0.03141576279079139
0,1968-10-11,80.7927443383981,7.188937115380164,0.0019089833367615938,-0.015114689597955255
0,1968-10-14,80.93213101742433,7.231408122745023,0.0017252375837415457,0.04247100736485887
0,1968-10-15,80.7322332746306,7.360808264420826,-0.002469942905008793,0.12940014167580305
0,1968-10-17,81.02804756504987,7.367099491398535,0.0036641410551965237,0.006291226977708675
0,1968-10-18,81.16539945242398,7.35708767249167,0.00169511535204947,-0.010011818906864534
0,1968-10-21,81.13545604714584,7.327467846606607,-0.0003689183504320681,-0.029619825885062845
0,1968-10-22,81.19912661294707,7.30000398389425,0.0007847440429031849,-0.027463862712357567
0,1968-10-24,81.7107844873405,7.308018098921115,0.006301273126155138,0.008014115026865554
0,1968-10-25,81.63904350365553,7.302623897518409,-0.0008779867202974856,-0.005394201402706855
0,1968-10-28,82.50727060289769,7.324178858988043,0.010634949430823326,0.021554961469634648
0,1968-10-29,82.02775167659375,7.37439805813867,-0.005811838433146477,0.05021919915062689
0,1968-10-31,81.83297769399658,7.408955605402637,-0.0023744888603687286,0.03455754726396698
0,1968-11-01,81.86703803900714,7.4044725183430256,0.0004162178374826908,-0.004483087059611535
0,1968-11-04,82.2111450321576,7.36812058561157,0.004203242249786854,-0.03635193273145543
0,1968-11-06,82.41313451083205,7.339486178938153,0.002456959802657366,-0.02863440667341699
0,1968-11-07,82.4156500781872,7.372003277394115,3.0523864552378654e-05,0.03251709845596196
0,1968-11-08,81.9120378437026,7.3928074646119315,-0.006110638380050659,0.020804187217816406
0,1968-11-12,81.97585883046328,7.484956702736354,0.0007791405078023672,0.09214923812442244
0,1968-11-13,81.75100012412584,7.462113004630278,-0.0027429868932813406,-0.022843698106076005
0,1968-11-14,82.014225559426,7.428608583395879,0.0032198436092585325,-0.03350442123439912
0,1968-11-15,81.91691982826309,7.449396216111199,-0.0011864494299516082,0.02078763271532047
0,1968-11-18,81.99995516962993,7.431205093153682,0.0010136531200259924,-0.018191122957516903
0,1968-11-19,82.94669441692021,7.467701231921407,0.011545606888830662,0.03649613876772495
0,1968-11-21,82.5858166540394,7.578558527132394,-0.004350719042122364,0.11085729521098653
0,1968-11-22,81.41958013408299,7.609763608033653,-0.01412151101976633,0.031205080901258953
0,1968-11-25,81.2768601913589,7.582258336114023,-0.0017528946045786142,-0.027505271919629593
0,1968-11-26,80.85457972771567,7.656638253991228,-0.005195580422878265,0.07437991787720488
0,1968-11-27,79.71674400219355,7.686868056806081,-0.014072619378566742,0.0302298028148531
0,1968-11-29,79.95328333062912,7.691665395036483,0.0029672477394342422,0.004797338230401849
0,1968-12-02,80.38305789538741,7.689196512325585,0.00537532102316618,-0.002468882710897624
0,1968-12-03,80.2804200017052,7.733335093085606,-0.0012768597807735205,0.04413858076002075
0,1968-12-05,80.6820754032274,7.86971247408565,0.005003155209124088,0.13637738100004348
0,1968-12-06,79.02704068695876,7.906334968324284,-0.02051304094493389,0.036622494238634395
0,1968-12-09,78.87740202080192,7.958179117841468,-0.0018935122061520815,0.051844149517183524
0,1968-12-10,78.40548684998764,8.0054149680959,-0.005982894450426102,0.047235850254432776
0,1968-12-12,78.08636499755511,8.11818593200287,-0.004070146940648556,0.11277096390696961
0,1968-12-13,78.80214930349653,8.114337326483206,0.009166572242975235,-0.003848605519664261
0,1968-12-16,78.27261739541153,8.1025511318222,-0.0067197647877037525,-0.011786194661006277
0,1968-12-17,78.77089873081697,8.079297479006629,0.006365972571074963,-0.023253652815570902
0,1968-12-19,78.55376754354268,8.103252250281127,-0.0027564899064600468,0.0239547712744983
0,1968-12-20,77.71208160273383,8.12721440016869,-0.010714774951338768,0.023962149887562845
0,1968-12-23,78.6072793448591,8.156433566360649,0.01151941530406475,0.02921916619195919
0,1968-12-24,79.02175589880459,8.157286297635496,0.005272750277072191,0.000852731274846974
0,1968-12-26,79.90355150283114,8.20623338507406,0.0111588966101408,0.04894708743856491
0,1968-12-27,79.84303171071984,8.195435799302693,-0.0007574105402454734,-0.01079758577136758
0,1968-12-30,80.21972270004437,8.310647533359449,0.004717894364148378,0.11521173405675533
0,1968-12-31,79.72893809881694,8.278779997901731,-0.006118004210293293,-0.031867535457717366
0,1969-01-02,81.18463512287245,8.244832754928046,0.018258076161146164,-0.03394724297368512
0,1969-01-03,80.94648883373848,8.317773322281965,-0.002933391137048602,0.0729405673539194
0,1969-01-06,81.40390040103469,8.353910408444726,0.005650789476931095,0.03613708616276057
0,1969-01-07,81.77971802463998,8.229158621849244,0.0046167029067873955,-0.12475178659548192
0,1969-01-08,82.45709603762413,8.193915599556576,0.008282958529889584,-0.03524302229266851
0,1969-01-09,82.41960611988907,8.16958036914959,-0.00045465969014912844,-0.02433523040698482
0,1969-01-10,82.83602253934764,8.268007127480713,0.005052395164966583,0.09842675833112224
0,1969-01-13,82.52993742165543,8.307826726729473,-0.0036950726062059402,0.03981959924876044
0,1969-01-14,82.17662274340223,8.242151406393075,-0.004281048662960529,-0.065675320336398
0,1969-01-15,83.12206971027217,8.31224751567789,0.011505059897899628,0.07009610928481536
0,1969-01-16,83.77357566078314,8.329405487142628,0.007837941870093346,0.017157971464737187
0,1969-01-17,83.4806727278674,8.359095126450764,-0.00349636422470212,0.029689639308136506
0,1969-01-20,84.61145544727275,8.282553949389824,0.013545443303883076,-0.07654117706094077
0,1969-01-21,84.71743555954735,8.330478743072241,0.0012525503989309072,0.047924793682417643
0,1969-01-22,84.79475115379675,8.251194660038486,0.0009126290678977966,-0.07928408303375534
0,1969-01-23,85.21861047072481,8.250895950713808,0.004998650401830673,-0.0002987093246780148
0,1969-01-24,85.16820904276597,8.374240944010204,-0.0005914368666708469,0.1233449932963957
0,1969-01-27,84.50333124728657,8.425539837201725,-0.007806642912328243,0.0512988931915217
0,1969-01-28,84.93772197155924,8.423751220929889,0.005140515975654125,-0.001788616271836574
0,1969-01-29,85.57990025852222,8.469715679306393,0.007560578174889088,0.045964458376504425
0,1969-01-30,85.53584914392466,8.459742529604076,-0.0005147366900928319,-0.009973149702316775
0,1969-01-31,85.67685237062597,8.12230147887905,0.0016484693624079227,-0.33744105072502606
0,1969-02-03,86.54203215200282,8.075637876871305,0.010098174214363098,-0.04666360200774555
0,1969-02-04,85.803460827124,8.292009060595445,-0.008534249849617481,0.21637118372414044
0,1969-02-05,83.81629268116754,8.222749969046296,-0.023159533739089966,-0.06925909154914933
0,1969-02-06,84.99022352135911,8.074149010931558,0.014005998149514198,-0.14860095811473784
0,1969-02-07,84.6800826722559,8.209855888896884,-0.003649135585874319,0.1357068779653261
0,1969-02-11,81.98004231022063,8.255313981879228,-0.031885188072919846,0.0454580929823436
0,1969-02-14,82.54431957091641,8.334702734657048,0.0068831052631139755,0.07938875277782032
0,1969-02-17,80.90232416254777,8.360058499316732,-0.019892288371920586,0.025355764659684255
0,1969-02-18,81.42488968370597,8.268274891887296,0.006459215190261602,-0.09178360742943603
0,1969-02-19,81.41030653606474,8.290272481339935,-0.00017909938469529152,0.021997589452638522
0,1969-02-20,82.12502494389992,8.261382055592327,0.008779212832450867,-0.02889042574760836
0,1969-02-24,82.58130832620952,8.162708558981663,0.005555960349738598,-0.09867349661066349
0,1969-02-25,83.28153554941905,8.089890397174077,0.008479245938360691,-0.07281816180758582
0,1969-02-26,83.75751182227764,8.119873923278348,0.0057152677327394485,0.029983526104270908
0,1969-02-27,82.90170314889846,8.085941808505563,-0.010217694565653801,-0.03393211477278513
0,1969-02-28,82.99010808473098,7.951977334490601,0.0010663826251402497,-0.13396447401496214
0,1969-03-03,83.79818352921468,7.8599825310059135,0.009737009182572365,-0.09199480348468736
0,1969-03-04,84.33874563160084,7.905660964717296,0.006450761575251818,0.045678433711382915
0,1969-03-05,83.2188617516506,7.938177110313119,-0.01327840331941843,0.03251614559582272
0,1969-03-06,83.1045371920769,7.898644272063841,-0.0013737818226218224,-0.039532838249278335
0,1969-03-07,83.12941162399113,7.796616114986323,0.0002993149682879448,-0.10202815707751789
0,1969-03-10,83.71519302858084,7.775971595423773,0.007046620361506939,-0.0206445195625502
0,1969-03-11,83.79209869319764,7.755868107620823,0.0009186583920381963,-0.020103487802949793
0,1969-03-12,83.3855309500098,7.702394662150867,-0.00485210120677948,-0.05347344546995547
0,1969-03-13,82.33788440204532,7.697748234985336,-0.012563888914883137,-0.0046464271655315414
0,1969-03-14,82.54581933722034,7.740106360636763,0.0025253859348595142,0.04235812565142716
0,1969-03-17,82.34952628655691,7.856425672955645,-0.0023779890034347773,0.1163193123188817
0,1969-03-18,81.935453034642,7.914809875810115,-0.0050282408483326435,0.058384202854470324
0,1969-03-19,81.69055748971273,7.93883921573703,-0.0029888837598264217,0.024029339926914695
0,1969-03-20,81.80125497222524,8.027666617564963,0.0013550829607993364,0.08882740182793292
0,1969-03-21,81.95427289832212,8.101321561949474,0.0018706060945987701,0.07365494438451137
0,1969-03-24,82.48429763754666,8.113075843438157,0.0064673228189349174,0.01175428148868285
0,1969-03-25,82.56941887366953,8.175802733731974,0.0010319689754396677,0.06272689029381695
0,1969-03-26,66.64222074445489,8.670812670068498,-0.19289463758468628,0.49500993633652435
0,1969-03-27,67.09028073764205,8.656812165296031,0.006723365280777216,-0.014000504772466726
0,1969-03-28,63.171668149791145,8.84346771348448,-0.05840805172920227,0.18665554818844932
0,1969-04-01,63.20850156489397,8.840821343728216,0.0005830685840919614,-0.002646369756265088
0,1969-04-02,65.12967271163987,8.787612143844312,0.030394189059734344,-0.053209199883903935
0,1969-04-03,63.4931181067535,8.713012981859395,-0.025127634406089783,-0.07459916198491712
0,1969-04-07,64.3336526428857,8.665462907316797,0.013238199055194855,-0.04755007454259719
0,1969-04-08,62.25665377606737,8.744513771520172,-0.03228479623794556,0.07905086420337426
0,1969-04-09,61.25812748815355,8.811589458305923,-0.016038868576288223,0.06707568678575093
0,1969-04-10,62.4568962425714,8.699194648023248,0.019569138064980507,-0.11239481028267484
0,1969-04-11,61.480001871410295,8.745058885907895,-0.015641096979379654,0.045864237884647
0,1969-04-14,60.060852147255126,8.810687035903426,-0.02308311127126217,0.0656281499955309
0,1969-04-15,59.54173348144532,8.888097438009344,-0.008643211796879768,0.07741040210591876
0,1969-04-16,53.69907869275234,8.867689827406839,-0.09812705218791962,-0.020407610602505954
0,1969-04-17,52.7133388415036,8.83952427040227,-0.01835673674941063,-0.028165557004568242
0,1969-04-18,52.82738596966369,8.812527443994743,0.0021635345183312893,-0.026996826407527763
0,1969-04-21,48.27149822713374,8.679479805296527,-0.08624102175235748,-0.13304763869821556
0,1969-04-22,53.39001157405719,8.83011999962278,0.10603593289852142,0.15064019432625386
0,1969-04-23,47.87512541876523,8.713219712662987,-0.10329434275627136,-0.11690028695979393
0,1969-04-24,47.034672318280826,8.619802926245328,-0.017555110156536102,-0.09341678641765938
0,1969-04-25,49.78271308280196,8.556945601384477,0.05842585116624832,-0.06285732486085038
0,1969-04-28,52.70858449395946,8.52206298515731,0.05877283960580826,-0.03488261622716671
0,1969-04-29,51.55556763581079,8.596513712375723,-0.02187531441450119,0.07445072721841228
0,1969-04-30,51.55749558864815,8.624298056505117,3.739562816917896e-05,0.0277843441293939
0,1969-05-01,52.20388380709105,8.577134816163651,0.012537230737507343,-0.04716324034146524
0,1969-05-02,52.50699292513972,8.411564570335418,0.005806256085634232,-0.1655702458282331
0,1969-05-05,52.18705067421917,8.470173028478346,-0.006093326490372419,0.05860845814292759
0,1969-05-06,53.84205246569874,8.353926037718548,0.03171288222074509,-0.11624699075979805
0,1969-05-07,54.5993379874214,8.495970411587649,0.01406494528055191,0.1420443738691013
0,1969-05-08,55.92241996653205,8.464727351784058,0.024232564494013786,-0.031243059803591322
0,1969-05-09,55.64089920473873,8.417850169576013,-0.005034130532294512,-0.04687718220804449
0,1969-05-12,56.55606664473386,8.194722733501042,0.016447747126221657,-0.22312743607497154
0,1969-05-13,56.42669640270673,8.272166276891426,-0.002287468872964382,0.07744354339038395
0,1969-05-14,56.972522049673444,8.234751952584721,0.009673180989921093,-0.037414324306704216
0,1969-05-15,55.4242948277351,8.38734528749858,-0.02717498131096363,0.15259333491385796
0,1969-05-16,55.02367733485364,8.228686526691794,-0.007228192873299122,-0.15865876080678554
0,1969-05-19,55.54243359974494,8.167394037233677,0.0094278734177351,-0.061292489458116606
0,1969-05-20,56.478088050681606,8.277078620789911,0.016845759004354477,0.10968458355623412
0,1969-05-21,57.050517701045074,8.289508482546584,0.010135428979992867,0.012429861756672267
0,1969-05-22,58.09463444586602,8.183977924414213,0.018301617354154587,-0.10553055813237044
0,1969-05-23,59.31680271906408,8.08253862681123,0.021037541329860687,-0.1014392976029832
0,1969-05-26,57.76512433267163,8.166510347412684,-0.026159171015024185,0.08397172060145408
0,1969-05-27,57.37863359715507,8.103939517099622,-0.006690728012472391,-0.06257083031306188
0,1969-05-28,56.561584917177406,8.089548635645842,-0.0142395980656147,-0.014390881453779869
0,1969-05-29,56.5926011099741,8.051926721660687,0.0005483614513650537,-0.037621913985155686
0,1969-06-02,57.02510058268489,8.048410893107263,0.007642332464456558,-0.0035158285534233613
0,1969-06-03,58.4426926563616,8.000767546911616,0.02485908940434456,-0.04764334619564714
0,1969-06-04,58.79800665858005,8.141269609103908,0.006079699378460646,0.1405020621922919
0,1969-06-05,58.875433613259986,8.13773220792122,0.0013168295845389366,-0.0035374011826885265
0,1969-06-06,58.22477152663043,8.229154326564238,-0.01105150394141674,0.09142211864301863
0,1969-06-09,58.4413639982706,8.247618698114367,0.0037199368234723806,0.018464371550129144
0,1969-06-10,57.43238128320244,8.376439240512754,-0.017264872789382935,0.1288205423983868
0,1969-06-11,55.8602627239767,8.556012014712234,-0.027373382821679115,0.17957277419947992
0,1969-06-12,56.28959608502828,8.577273430080933,0.007685845717787743,0.021261415368698522
0,1969-06-13,57.40799203587516,8.60110307023192,0.019868608564138412,0.02382964015098743
0,1969-06-16,59.717906623594864,8.443898103265465,0.040236812084913254,-0.15720496696645547
0,1969-06-17,62.382428172998836,8.310612794655349,0.04461846873164177,-0.133285308610116
0,1969-06-18,62.223382925020935,8.41499743474397,-0.002549519995227456,0.1043846400886217
0,1969-06-19,62.80734728651377,8.3765485457969,0.00938496645539999,-0.03844888894706955
0,1969-06-20,64.11912798679366,8.340369388529837,0.020885784178972244,-0.036179157267064
0,1969-06-23,61.9799473452176,8.58480053335122,-0.03336259722709656,0.24443114482138384
0,1969-06-24,61.05683432938034,8.669682531548329,-0.014893736690282822,0.08488199819710829
0,1969-06-25,61.180666237270614,8.688413752103715,0.002028141636401415,0.01873122055538623
0,1969-06-26,61.26939053812603,8.763774054531815,0.0014502016128972173,0.07536030242810021
0,1969-06-27,60.57124227149581,8.830245119097883,-0.01139473170042038,0.066471064566068
0,1969-06-30,62.17546360087284,8.777392872174795,0.026484867557883263,-0.052852246923087876
0,1969-07-01,62.96982545703361,8.874055875926002,0.012776130810379982,0.09666300375120684
0,1969-07-02,63.111992700795014,8.826972919546677,0.002257704269140959,-0.04708295637932558
0,1969-07-03,63.31770436156946,8.818247336627019,0.003259470220655203,-0.008725582919657526
0,1969-07-07,63.77824520323953,8.819617513719075,0.007273492403328419,0.001370177092056224
0,1969-07-08,62.73914851818798,8.778345848059201,-0.016292337328195572,-0.041271665659873946
0,1969-07-09,63.91035894781483,8.780610062172967,0.018667936325073242,0.002264214113765206
0,1969-07-10,65.1309190214061,8.724581661937487,0.01909800060093403,-0.056028400235479836
0,1969-07-11,66.17148653076035,8.68413728490514,0.015976551920175552,-0.04044437703234749
0,1969-07-14,67.910422222958,8.807193498892032,0.026279229670763016,0.12305621398689226
0,1969-07-15,66.99853734115177,8.951097197503042,-0.01342776045203209,0.1439036986110107
0,1969-07-16,66.13296599215496,8.932315008453736,-0.012919257394969463,-0.018782189049305842
0,1969-07-17,68.47810051998567,8.942201848259714,0.03546090051531792,0.009886839805977488
0,1969-07-18,66.94617835829106,8.953310453509463,-0.02237097918987274,0.011108605249749104
0,1969-07-22,68.91097321811837,8.846562204245092,0.02934887260198593,-0.10674824926437054
0,1969-07-23,69.39930419149165,8.844872383361857,0.007086403667926788,-0.0016898208832358819
0,1969-07-24,68.15956070550746,8.796814235175582,-0.017863918095827103,-0.04805814818627496
0,1969-07-25,69.10978401083551,8.721991508794503,0.013941159471869469,-0.07482272638107901
0,1969-07-28,70.61685540960568,8.67809420815855,0.02180691808462143,-0.043897300635952874
0,1969-07-29,70.10463028246052,8.726266477977562,-0.007253581658005714,0.04817226981901257
0,1969-07-30,69.8002227238865,8.733215939456146,-0.004342189058661461,0.006949461478583885
0,1969-07-31,69.88805038827967,8.777000900167494,0.0012582719791680574,0.04378496071134741
0,1969-08-01,70.75819022014008,8.88602817577663,0.012450480833649635,0.10902727560913661
0,1969-08-04,69.2414731241043,8.797522200167448,-0.021435216069221497,-0.08850597560918239
0,1969-08-05,70.59832536972065,8.69714448630622,0.019595947116613388,-0.10037771386122785
0,1969-08-06,71.16058201240578,8.667408640027784,0.007964164018630981,-0.029735846278436284
0,1969-08-07,71.0323708250035,8.773160805616383,-0.0018017163965851068,0.10575216558859957
0,1969-08-08,70.62286895021268,8.784764937111923,-0.005765003617852926,0.01160413149553996
0,1969-08-11,70.09658125158862,8.779731943130132,-0.007452086079865694,-0.005032993981791023
0,1969-08-12,69.54942089609308,8.770221149566785,-0.0078058065846562386,-0.009510793563347164
0,1969-08-13,69.94120530496147,8.687514469683638,0.005633180029690266,-0.08270667988314706
0,1969-08-14,69.34982766967673,8.712531976740953,-0.008455353789031506,0.025017507057315314
0,1969-08-15,71.00570684012945,8.655650176497103,0.02387719228863716,-0.05688180024385048
0,1969-08-18,70.7849647339972,8.710533850653196,-0.003108793869614601,0.054883674156092965
0,1969-08-19,71.01830261234839,8.707760997941541,0.0032964327838271856,-0.0027728527116543944
0,1969-08-20,71.40241924593151,8.767269355675683,0.005408699158579111,0.05950835773414198
0,1969-08-21,71.78980673647915,8.876772887961833,0.0054254112765192986,0.10950353228614951
0,1969-08-22,69.41280155944597,8.938261879771115,-0.03311062231659889,0.06148899180928247
0,1969-08-25,70.1415389327847,8.877695892282944,0.01049860194325447,-0.06056598748817166
0,1969-08-26,69.60182189227174,8.815357698667986,-0.007694684900343418,-0.062338193614957405
0,1969-08-27,70.32513899693073,8.80337396814062,0.010392215102910995,-0.011983730527365566
0,1969-08-28,71.49858020058993,8.592338916103015,0.01668594218790531,-0.2110350520376052
0,1969-08-29,72.38083212082377,8.488870144735353,0.01233943272382021,-0.10346877136766253
0,1969-09-02,72.94210085900546,8.545564480422701,0.007754383608698845,0.056694335687348385
0,1969-09-03,72.22420341379205,9.017634910127779,-0.00984201766550541,0.4720704297050773
0,1969-09-04,71.24280505707121,9.07421844543156,-0.01358821988105774,0.056583535303781574
0,1969-09-05,72.55606833348726,8.864006449603691,0.018433626741170883,-0.2102119958278692
0,1969-09-08,73.80538542960825,8.789005533912295,0.01721864379942417,-0.07500091569139578
0,1969-09-09,74.26178195599103,8.699346934746481,0.006183783523738384,-0.08965859916581387
0,1969-09-10,74.43863119195274,8.611063656795316,0.002381430007517338,-0.08828327795116486
0,1969-09-11,74.75178870011315,8.650021533474522,0.0042069219052791595,0.03895787667920558
0,1969-09-12,75.59093183211623,8.533314842812725,0.011225726455450058,-0.11670669066179684
0,1969-09-15,77.00629081393208,8.468525705691997,0.018723925575613976,-0.06478913712072831
0,1969-09-16,75.93472199135475,8.607875724542437,-0.013915341347455978,0.13935001885043974
0,1969-09-17,75.39577499056014,8.61762368266802,-0.00709750410169363,0.009747958125583267
0,1969-09-18,75.36378812017848,8.703295329867784,-0.00042425282299518585,0.08567164719976361
0,1969-09-19,75.86969288625137,8.680587214834377,0.006712836213409901,-0.02270811503340653
0,1969-09-22,75.31272670374473,8.73330801787117,-0.007341089192777872,0.052720803036793384
0,1969-09-23,75.54401800439418,8.771262116595892,0.0030710785649716854,0.037954098724721774
0,1969-09-24,76.38720359075649,8.885359805004873,0.01116151362657547,0.1140976884089806
0,1969-09-25,76.92484732334977,8.864262485917093,0.007038400508463383,-0.021097319087779454
0,1969-09-26,76.70981464238453,8.947702487366586,-0.002795360516756773,0.08344000144949248
0,1969-09-29,76.55082163367061,8.972597701790598,-0.00207265536300838,0.02489521442401177
0,1969-09-30,76.54323515109408,9.013657670667016,-9.910386870615184e-05,0.04105996887641794
0,1969-10-01,76.66192747048198,8.925157362639913,0.0015506572090089321,-0.08850030802710229
0,1969-10-02,77.2156367817321,8.931962397380282,0.0072227418422698975,0.006805034740368754
0,1969-10-03,78.4682564654947,8.91052657883621,0.016222357749938965,-0.02143581854407195
0,1969-10-06,78.11171463798415,8.79853443429624,-0.004543771501630545,-0.11199214453997008
0,1969-10-07,79.51840068048215,8.477955717901137,0.0180086437612772,-0.3205787163951026
0,1969-10-08,78.47409592010607,8.416738851265773,-0.013132869265973568,-0.0612168666353643
0,1969-10-09,75.62502815876057,8.524772273238082,-0.03630583733320236,0.10803342197230847
0,1969-10-10,73.99211575034349,8.608797073234427,-0.021592222154140472,0.08402479999634593
0,1969-10-15,73.42265747928516,8.65346757322655,-0.007696202024817467,0.04467049999212236
0,1969-10-16,73.71862996970502,8.701181320449411,0.004031078424304724,0.04771374722286126
0,1969-10-17,74.18694847661412,8.730046972384505,0.0063527836464345455,0.02886565193509405
0,1969-10-20,72.90984762266226,8.75900747749878,-0.01721462979912758,0.028960505114275392
0,1969-10-21,73.69256352704913,8.816325394547626,0.01073539350181818,0.057317917048845146
0,1969-10-22,73.63752355634625,8.820042662079103,-0.0007468863623216748,0.0037172675314778303
0,1969-10-23,74.71815543065617,8.80796414388119,0.014675016514956951,-0.012078518197913723
0,1969-10-24,74.69422469767005,8.763955890552658,-0.00032028002897277474,-0.04400825332853131
0,1969-10-27,74.74698585632665,8.82649483688852,0.0007063619559630752,0.06253894633586121
0,1969-10-28,73.2675031664362,8.954342935452377,-0.019793208688497543,0.1278480985638577
0,1969-10-29,71.23964453151301,8.885661218716104,-0.027677463367581367,-0.06868171673627366
0,1969-10-30,72.05836774443887,8.83751506258315,0.011492522433400154,-0.04814615613295459
0,1969-10-31,71.56526550902845,8.808681396450053,-0.00684309471398592,-0.028833666133095903
0,1969-11-03,72.02166589271268,8.753992051837153,0.006377400830388069,-0.05468934461289976
0,1969-11-06,71.59126127419945,8.811709326414878,-0.00597604364156723,0.05771727457772435
0,1969-11-07,71.66641247686842,8.881595593205473,0.001049725920893252,0.06988626679059529
0,1969-11-10,71.85119455716762,8.884373508185798,0.0025783637538552284,0.002777914980324425
0,1969-11-13,72.73692983046745,8.883136510535815,0.01232735626399517,-0.0012369976499826407
0,1969-11-14,72.40394714784301,9.08315801186421,-0.004577904008328915,0.20002150132839525
0,1969-11-17,71.39397873737741,9.315670286887364,-0.013949079439043999,0.2325122750231543
0,1969-11-18,69.78821310129862,9.402239364849331,-0.022491611540317535,0.08656907796196656
0,1969-11-19,69.35105156357797,9.404815633973723,-0.006264117080718279,0.0025762691243915725
0,1969-11-20,69.38468989332523,9.39951794863446,0.00048504426376894116,-0.005297685339263225
0,1969-11-21,68.79869338990048,9.541943829493453,-0.0084456168115139,0.142425880858994
0,1969-11-24,68.10162516692257,9.946291801959148,-0.010131997987627983,0.4043479724656951
0,1969-11-25,66.24102855407445,9.773018774532655,-0.02732088416814804,-0.1732730274264931
0,1969-11-26,69.38678346193463,9.822442212795634,0.04748952388763428,0.04942343826297879
0,1969-11-28,68.15989352534841,9.735513681247994,-0.017681896686553955,-0.08692853154764002
0,1969-12-01,69.8132031560838,9.62124289768825,0.02425634115934372,-0.11427078355974452
0,1969-12-02,70.74126289571743,9.683073303392398,0.01329347025603056,0.061830405704148106
0,1969-12-03,70.51418629159117,9.546591684673935,-0.003209959715604782,-0.13648161871846298
0,1969-12-04,71.51076287937968,9.5586330500722,0.01413299422711134,0.012041365398264503
0,1969-12-05,70.14904532980967,9.800757246744702,-0.019042134284973145,0.24212419667250273
0,1969-12-08,68.523105277696,9.923171361329244,-0.02317836321890354,0.12241411458454188
0,1969-12-09,68.62076007750194,9.913183554299396,0.001425136812031269,-0.009987807029848028
0,1969-12-10,68.40909037393789,10.006307619492716,-0.0030846307054162025,0.0931240651933205
0,1969-12-11,68.40118063806517,10.100476303761345,-0.00011562404688447714,0.09416868426862912
0,1969-12-12,67.3317125980593,10.210212259919823,-0.015635227784514427,0.10973595615847742
0,1969-12-15,67.53027078415714,10.109513815610025,0.0029489549342542887,-0.10069844430979735
0,1969-12-16,68.58294682408898,10.121174760843001,0.015588209964334965,0.01166094523297545
0,1969-12-17,66.93947944668153,10.147910753516168,-0.023963207378983498,0.026735992673167175
0,1969-12-18,67.11641217125089,10.149900699276552,0.0026431744918227196,0.0019899457603838044
0,1969-12-19,67.11422214370192,10.173705158007792,-3.263028338551521e-05,0.02380445873123982
0,1969-12-22,67.19101968117461,10.277055276338055,0.0011442811228334904,0.10335011833026364
0,1969-12-23,67.5402957786582,10.23095901246061,0.005198255646973848,-0.0460962638774447
0,1969-12-24,68.33436309691712,10.256860427796614,0.011756941676139832,0.025901415336003097
0,1969-12-26,66.67051665295861,10.313157933013976,-0.024348605424165726,0.05629750521736199
0,1969-12-29,66.12643576756409,10.36646585841375,-0.008160741999745369,0.0533079253997748
0,1969-12-30,65.99006132618031,10.33923327700301,-0.0020623286254704,-0.027232581410739698
0,1969-12-31,66.32496686378654,10.346800834015989,0.005075090564787388,0.0075675570129778436
0,1970-01-02,66.84825374260244,10.366709478324852,0.007889742031693459,0.019908644308863188
0,1970-01-05,66.84204031352944,10.301011497335768,-9.294826304540038e-05,-0.06569798098908386
0,1970-01-06,68.5918148435367,10.15749825833683,0.026177754625678062,-0.14351323899893842
0,1970-01-07,68.99943541921282,10.142317121867126,0.0059426999650895596,-0.015181136469703205
0,1970-01-08,69.43281699195477,10.130456576209745,0.006280943751335144,-0.011860545657381039
0,1970-01-09,70.0920838771905,10.263179074959826,0.009495032951235771,0.13272249875008058
0,1970-01-12,70.53753432633167,10.249406491229239,0.006355217657983303,-0.013772583730586874
0,1970-01-13,71.09469804717217,10.178060371865259,0.007898826152086258,-0.07134611936398016
0,1970-01-14,71.77319909774894,10.114783679664738,0.00954362377524376,-0.06327669220052101
0,1970-01-15,72.32525280290186,10.090450946942305,0.007691641338169575,-0.024332732722433192
0,1970-01-16,72.54993758451725,10.187015222883556,0.003106588264927268,0.09656427594125105
0,1970-01-19,72.75684984218115,10.341762390232628,0.002851997734978795,0.1547471673490719
0,1970-01-20,73.1322164521127,10.391073810500174,0.005159192718565464,0.049311420267546424
0,1970-01-21,73.22237973693488,10.355372040547207,0.0012328805169090629,-0.0357017699529667
0,1970-01-22,73.30936812612616,10.424519670781095,0.001188002759590745,0.06914763023388737
0,1970-01-23,73.31485676520909,10.39757773024894,7.486954564228654e-05,-0.026941940532154263
0,1970-01-26,73.88896449964722,10.67600670968696,0.00783071480691433,0.27842897943802036
0,1970-01-27,73.72540573905033,10.721638891150118,-0.0022135749459266663,0.04563218146315684
0,1970-01-28,73.977484055693,10.641666542460486,0.003419151296839118,-0.07997234868963154
0,1970-01-29,75.65925037952775,10.699806060522663,0.02273348905146122,0.058139518062176876
0,1970-01-30,75.71206338701033,10.690606891501343,0.0006980376783758402,-0.00919916902132023
0,1970-02-02,77.01021076914331,10.759663598850528,0.017145846039056778,0.06905670734918523
0,1970-02-03,76.6425201988768,10.756117258241355,-0.004774569068104029,-0.0035463406091729155
0,1970-02-04,77.97244632546108,10.748471675270038,0.017352327704429626,-0.007645582971317566
0,1970-02-05,76.79622379700322,10.756437895429148,-0.01508510485291481,0.007966220159110193
0,1970-02-06,77.10324191734512,10.92788455630423,0.003997828345745802,0.1714466608750822
0,1970-02-09,76.73982125025267,11.129345519018678,-0.0047134291380643845,0.2014609627144477
0,1970-02-10,76.21526886347542,11.3313423684275,-0.00683546531945467,0.2019968494088218
0,1970-02-11,76.48799451214497,11.342299201106506,0.003578359726816416,0.010956832679006823
0,1970-02-16,77.55046718406021,11.351084027391787,0.013890711590647697,0.008784826285280545
0,1970-02-17,77.54806524092261,11.27655584453548,-3.097264561802149e-05,-0.07452818285630691
0,1970-02-18,78.12205977118089,11.213527146005996,0.0074017904698848724,-0.06302869852948412
0,1970-02-19,78.15676512387842,11.150938605036144,0.00044424523366615176,-0.06258854096985189
0,1970-02-20,78.83099757156984,11.149352656817532,0.008626667782664299,-0.001585948218611577
0,1970-02-24,77.83929203293266,11.130926300000183,-0.0125801470130682,-0.018426356817348832
0,1970-02-25,78.35625851400772,11.085507001602302,0.006641459185630083,-0.04541929839788139
0,1970-02-26,77.93877844392664,11.085134121311578,-0.005327973514795303,-0.00037288029072435336
0,1970-02-27,78.61485812695021,11.182216898891182,0.008674496784806252,0.0970827775796046
0,1970-03-02,77.77108295084282,11.097550654807911,-0.010733024217188358,-0.08466624408327128
0,1970-03-03,79.98232459223526,10.871097253116195,0.028432697057724,-0.22645340169171568
0,1970-03-04,80.04040496765269,10.98457155687936,0.0007261651335284114,0.11347430376316403
0,1970-03-05,79.83055222467674,10.950128411162193,-0.002621835097670555,-0.03444314571716589
0,1970-03-06,80.17880868116825,10.843199472972051,0.004362445790320635,-0.10692893819014238
0,1970-03-09,80.94872278939187,10.72241048548543,0.00960246380418539,-0.12078898748662148
0,1970-03-10,80.08163749556549,10.760273709008015,-0.010711537674069405,0.03786322352258509
0,1970-03-11,79.20005534869843,10.636186452834803,-0.011008542962372303,-0.12408725617321181
0,1970-03-12,79.90169506958638,10.450289163389659,0.008859081193804741,-0.18589728944514405
0,1970-03-13,80.12574345399113,10.347253340224503,0.0028040504548698664,-0.1030358231651558
0,1970-03-16,80.25252399723172,10.222689757776845,0.0015822697896510363,-0.1245635824476583
0,1970-03-17,80.85797394044984,10.32887163639235,0.007544310297816992,0.1061818786155051
0,1970-03-18,79.94083082218111,10.378267868048342,-0.011342642828822136,0.04939623165599194
0,1970-03-19,80.12445016660128,10.296051896002261,0.0022969406563788652,-0.08221597204608067
0,1970-03-20,80.6225657088849,10.25113779088603,0.006216773297637701,-0.04491410511623073
0,1970-03-23,80.94793443164968,10.246669500675353,0.004035702906548977,-0.00446829021067785
0,1970-03-24,81.00153082523646,10.208511945326315,0.0006621094653382897,-0.038157555349037864
0,1970-03-25,82.67840375263904,9.980855592507265,0.02070174366235733,-0.22765635281905006
0,1970-03-26,82.915984255229,9.944272677052675,0.0028735497035086155,-0.03658291545458958
0,1970-03-30,82.98547183478064,9.852182688068364,0.0008380480576306581,-0.09208998898431098
0,1970-03-31,84.0402012157736,9.853573285290716,0.012709807604551315,0.0013905972223522411
0,1970-04-01,84.36021410261583,9.89252531472798,0.0038078548386693,0.03895202943726339
0,1970-04-02,85.36259062405709,9.909630392342427,0.011882100254297256,0.01710507761444724
0,1970-04-03,85.47253859722187,9.874926769750243,0.0012880112044513226,-0.0347036225921844
0,1970-04-06,86.13117374107989,9.833988838520229,0.007705810014158487,-0.04093793123001355
0,1970-04-07,85.91823012909047,9.861972389262588,-0.0024723175447434187,0.027983550742359142
0,1970-04-08,84.42603095444323,10.021051544034279,-0.017367666587233543,0.15907915477169077
0,1970-04-09,83.0019178104954,10.111462663529075,-0.01686817593872547,0.09041111949479586
0,1970-04-10,82.61705042792931,10.056579331217417,-0.0046368492767214775,-0.05488333231165754
0,1970-04-13,84.19361288657008,9.874152977489086,0.019082773476839066,-0.1824263537283315
0,1970-04-14,86.00818548293475,9.826974744890634,0.021552378311753273,-0.04717823259845133
0,1970-04-15,85.22811289550225,9.783641025841554,-0.009069748222827911,-0.043333719049080344
0,1970-04-16,85.72150269402819,9.808085874493562,0.005789049901068211,0.024444848652008133
0,1970-04-17,84.82199271406009,9.818505745497466,-0.010493399575352669,0.01041987100390429
0,1970-04-20,84.88665011326856,9.812765892551152,0.0007622716366313398,-0.0057398529463146275
0,1970-04-21,83.84597328418923,9.909022820405706,-0.012259605340659618,0.09625692785455442
0,1970-04-22,83.36588214877644,9.96180001048187,-0.005725869908928871,0.05277719007616355
0,1970-04-23,82.65155590576882,9.925473976981785,-0.008568568155169487,-0.03632603350008523
0,1970-04-24,83.26532229678412,10.033750331040682,0.007425950840115547,0.1082763540588978
0,1970-04-27,80.25547933336787,10.092838173286747,-0.03614761680364609,0.05908784224606478
0,1970-04-28,80.87412982815407,10.196654839640251,0.007708514109253883,0.10381666635350406
0,1970-04-29,78.83707097034271,10.261245633531635,-0.025188015773892403,0.06459079389138367
0,1970-04-30,80.58360670832054,10.275382079535593,0.022153737023472786,0.014136446003957914
0,1970-05-01,79.13605924399143,10.303058773724354,-0.01796329952776432,0.027676694188761175
0,1970-05-04,81.02208706270207,10.366174155032912,0.02383272349834442,0.06311538130855787
0,1970-05-05,80.40097116397435,10.365577745802055,-0.007666007149964571,-0.0005964092308570201
0,1970-05-06,81.30497923653884,10.431157566177363,0.011243745684623718,0.06557982037530863
0,1970-05-07,80.3463752147664,10.38479834625618,-0.01179022528231144,-0.04635921992118419
0,1970-05-08,81.1557129778078,10.278902789512612,0.010073108598589897,-0.1058955567435671
0,1970-05-11,81.61237283070399,10.33375385078067,0.005626958794891834,0.05485106126805839
0,1970-05-12,81.48303032467004,10.410751804870763,-0.0015848394250497222,0.07699795409009269
0,1970-05-13,81.32799931252727,10.404524434305145,-0.0019026171648874879,-0.006227370565618173
0,1970-05-14,81.66240827679312,10.476801825823753,0.004111855290830135,0.07227739151860746
0,1970-05-15,82.22150992478946,10.50467720758845,0.006846499629318714,0.02787538176469795
0,1970-05-18,81.84403899117171,10.48298320807208,-0.004590902477502823,-0.021693999516370965
0,1970-05-19,82.69572868534614,10.44171952720752,0.0104062519967556,-0.041263680864560115
0,1970-05-20,82.60670413977638,10.450250157850714,-0.0010765313636511564,0.008530630643194925
0,1970-05-21,82.31900762870535,10.377881526284105,-0.0034827259369194508,-0.07236863156660966
0,1970-05-22,82.50922078097813,10.39158898699123,0.0023106832522898912,0.013707460707125918
0,1970-05-25,82.02196729131268,10.520503499281254,-0.005905442871153355,0.1289145122900237
0,1970-05-26,81.91485420823774,10.492440422773152,-0.00130590726621449,-0.02806307650810247
0,1970-05-27,82.9149845575321,10.503504764472732,0.012209389358758926,0.011064341699579927
0,1970-05-28,82.50282857920855,10.47338002415975,-0.004970826208591461,-0.030124740312981402
0,1970-05-29,83.2449467696997,10.490293011402017,0.008995063602924347,0.016912987242266198
0,1970-06-01,83.15922791343712,10.502352455992833,-0.0010297184344381094,0.012059444590816426
0,1970-06-02,83.70717855836979,10.611678853150698,0.006589174270629883,0.10932639715786507
0,1970-06-03,81.90245426191541,10.696918856723796,-0.02155997045338154,0.08524000357309802
0,1970-06-04,82.48163941928723,10.812798857224518,0.0070716459304094315,0.11588000050072189
0,1970-06-05,82.092525222365,10.807800680907002,-0.004717585630714893,-0.004998176317515757
0,1970-06-08,83.69309248790148,10.912318105748852,0.019497113302350044,0.10451742484185012
0,1970-06-09,82.04894543767563,10.965736163696981,-0.019644955173134804,0.053418057948128705
0,1970-06-10,82.98558833343735,10.957409275434209,0.011415660381317139,-0.008326888262772059
0,1970-06-11,83.18778305142034,10.90101321220172,0.0024365040007978678,-0.05639606323248891
0,1970-06-12,83.63414889061403,11.049069947965549,0.005365761928260326,0.14805673576382894
0,1970-06-15,82.32036452766434,11.0479044388686,-0.01570870727300644,-0.0011655090969497905
0,1970-06-16,82.2568763845434,10.971306397588133,-0.0007712325314059854,-0.07659804128046588
0,1970-06-17,84.05311012544394,10.873545641743059,0.021836882457137108,-0.0977607558450746
0,1970-06-18,84.84028384817726,10.54255825467898,0.009365194477140903,-0.33098738706407893
0,1970-06-19,87.20915765388474,10.450144258907404,0.027921568602323532,-0.09241399577157594
0,1970-06-22,86.54296655691832,10.589756208778923,-0.0076390039175748825,0.1396119498715187
0,1970-06-23,85.22766045641141,10.665588755444327,-0.015198301523923874,0.07583254666540462
0,1970-06-24,84.45975692068316,10.704100068967463,-0.009010027162730694,0.03851131352313608
0,1970-06-25,84.2853670589763,10.564678818010902,-0.0020647686906158924,-0.13942125095656088
0,1970-06-26,86.43047506728064,10.439791966196621,0.025450538843870163,-0.12488685181428139
0,1970-06-29,86.56129641547103,10.484711640814755,0.001513602095656097,0.04491967461813395
0,1970-06-30,86.4164100421553,10.38319301180969,-0.0016738008707761765,-0.10151862900506536
0,1970-07-01,87.1108119680393,10.38326743961964,0.008035533130168915,7.442780995070564e-05
0,1970-07-02,86.26542558446319,10.413324340449229,-0.009704723954200745,0.030056900829588784
0,1970-07-06,87.30417687404223,10.368716767833284,0.01204133965075016,-0.044607572615944946
0,1970-07-07,88.05030132881723,10.322606223060033,0.008546262979507446,-0.04611054477325105
0,1970-07-08,89.08449338827529,10.30062584877161,0.011745468713343143,-0.021980374288423477
0,1970-07-09,89.32751491587412,10.24055471306729,0.0027279891073703766,-0.060071135704319545
0,1970-07-10,90.70463930235397,10.300879833406178,0.015416575595736504,0.06032512033888793
0,1970-07-13,89.48183574383812,10.331008959644208,-0.013481157831847668,0.030129126238030324
0,1970-07-14,88.9366307884149,10.391256231963089,-0.0060929120518267155,0.06024727231888072
0,1970-07-15,89.26813316325617,10.372822141930413,0.003727399744093418,-0.0184340900326756
0,1970-07-16,88.8476470834787,10.473993366856845,-0.004710371606051922,0.10117122492643205
0,1970-07-17,87.65129602801143,10.64722649914645,-0.013465196825563908,0.1732331322896048
0,1970-07-20,86.44694319327606,10.513390321853434,-0.013740274123847485,-0.13383617729301633
0,1970-07-21,88.81344416938963,10.474923681044544,0.02737518399953842,-0.03846664080889006
0,1970-07-22,87.73483395998069,10.417240521062949,-0.012144672684371471,-0.05768315998159501
0,1970-07-23,88.25183196198525,10.435166281995336,0.0058927335776388645,0.01792576093238729
0,1970-07-24,88.90421822439727,10.391691780094156,0.007392325438559055,-0.04347450190117996
0,1970-07-27,88.84337410493951,10.31444111201753,-0.0006843783194199204,-0.07725066807662628
0,1970-07-28,88.5360855981943,10.254528813152849,-0.003458766732364893,-0.05991229886468119
0,1970-07-29,88.75715477550385,10.267318592865653,0.0024969386868178844,0.012789779712804261
0,1970-07-30,88.8335406221457,10.271523229871597,0.0008606162155047059,0.004204637005944534
0,1970-07-31,89.70054917780608,10.273139836638324,0.009759923443198204,0.0016166067667260364
0,1970-08-03,89.7861274427201,10.312343630647595,0.0009540439350530505,0.03920379400927132
0,1970-08-04,89.13584356785648,10.26144096907758,-0.007242587395012379,-0.05090266157001544
0,1970-08-05,90.12615228135648,10.280839231353191,0.011110106483101845,0.0193982622756117
0,1970-08-06,90.10459330156023,10.276192899084826,-0.00023920892272144556,-0.004646332268364972
0,1970-08-07,90.9393050294238,10.17189019282619,0.009263808839023113,-0.10430270625863614
0,1970-08-10,90.50449801293554,10.175122885637258,-0.004781288094818592,0.00323269281106775
0,1970-08-11,90.36111579707772,10.211497285964942,-0.0015842551365494728,0.03637440032768424
0,1970-08-12,89.1778522334251,10.237675039586819,-0.013094831258058548,0.026177753621876576
0,1970-08-13,88.75884660314897,10.262734044135062,-0.004698539152741432,0.02505900454824328
0,1970-08-14,88.78938100257587,10.318877017029383,0.000344015279551968,0.05614297289432102
0,1970-08-17,89.13970212113722,10.202966620689647,0.003945529460906982,-0.11591039633973566
0,1970-08-18,90.81630720396214,10.093221298689144,0.01880873553454876,-0.10974532200050291
0,1970-08-19,91.3064295667864,10.083135690935958,0.005396854132413864,-0.010085607753186565
0,1970-08-20,91.7004498067373,9.986196721264134,0.004315361380577087,-0.09693896967182347
0,1970-08-21,92.4210521601521,9.944055157999635,0.007858220487833023,-0.04214156326449903
0,1970-08-24,92.2293888480609,9.928244185654647,-0.0020738057792186737,-0.015810972344988627
0,1970-08-25,93.11475889821,9.869891511044717,0.009599652141332626,-0.05835267460992988
0,1970-08-26,93.65474813609971,9.832204473767405,0.005799179896712303,-0.03768703727731193
0,1970-08-27,93.44999845764373,9.81854523574838,-0.002186217810958624,-0.013659238019025466
0,1970-08-28,93.51298012393892,9.802688772405379,0.0006739611271768808,-0.015856463343000726
0,1970-08-31,92.771748665541,9.857682478856857,-0.007926508784294128,0.054993706451478275
0,1970-09-01,92.69975473479019,9.828398968108683,-0.000776032917201519,-0.029283510748173924
0,1970-09-02,92.94284676782233,9.81560990080078,0.0026223589666187763,-0.012789067307902968
0,1970-09-03,92.7436330679448,9.835996625447786,-0.0021434000227600336,0.02038672464700575
0,1970-09-04,92.3447317831222,9.780366402579185,-0.004301117733120918,-0.055630222868600754
0,1970-09-08,92.63858682548316,9.75966804257324,0.0031821527518332005,-0.020698360005944494
0,1970-09-09,93.28782420936682,9.719573704458961,0.007008282467722893,-0.04009433811427954
0,1970-09-10,93.55636621393906,9.690283756111922,0.002878639381378889,-0.029289948347038575
0,1970-09-11,93.94828023608507,9.65426356935223,0.004189068451523781,-0.03602018675969276
0,1970-09-14,93.2998913413528,9.716218724808957,-0.006901551503688097,0.061955155456727695
0,1970-09-15,93.840035830919,9.662570039636723,0.005789336748421192,-0.05364868517223442
0,1970-09-16,94.78053951199188,9.49980035994415,0.010022413916885853,-0.16276967969257328
0,1970-09-17,95.47193462953167,9.551779296805844,0.007294694893062115,0.05197893686169408
0,1970-09-18,96.08375252032404,9.563818556022856,0.006408353336155415,0.012039259217011988
0,1970-09-21,96.45911099834528,9.59711331188364,0.003906575962901115,0.033294755860783454
0,1970-09-22,96.66762309207435,9.565586952606571,0.0021616630256175995,-0.03152635927706804
0,1970-09-23,96.4062349098638,9.514301442063868,-0.0027039889246225357,-0.05128551054270325
0,1970-09-24,96.30192857380388,9.61125806139774,-0.001081945956684649,0.09695661933387179
0,1970-09-25,96.21972106213774,9.540740939633748,-0.0008536434615962207,-0.0705171217639915
0,1970-09-28,96.84441485009144,9.666346410684948,0.00649236747995019,0.1256054710512
0,1970-09-29,96.00951141691183,9.660808070968098,-0.008621079847216606,-0.005538339716849805
0,1970-09-30,96.15046539513513,9.730027627131726,0.0014681251486763358,0.06921955616362752
0,1970-10-01,95.88826701196008,9.69600147104046,-0.002726959064602852,-0.034026156091265136
0,1970-10-02,96.75878613022418,9.60700957053424,0.009078473784029484,-0.08899190050622074
0,1970-10-05,97.29433326074953,9.530864821435564,0.005534868221729994,-0.07614474909867575
0,1970-10-06,97.77726577671109,9.522097632688448,0.00496362429112196,-0.00876718874711635
0,1970-10-07,98.24403186304411,9.453163398729892,0.004773769062012434,-0.06893423395855613
0,1970-10-08,98.27587330502516,9.383883530856426,0.00032410561107099056,-0.0692798678734654
0,1970-10-09,98.01795462904195,9.377984981353231,-0.0026244353502988815,-0.005898549503195127
0,1970-10-14,97.85152937269594,9.392040858902455,-0.0016979058273136616,0.014055877549223439
0,1970-10-15,98.0893566260112,9.322096800508874,0.002430490916594863,-0.06994405839358109
0,1970-10-16,98.66063950959084,9.276002209919616,0.0058241067454218864,-0.04609459058925758
0,1970-10-19,98.92698322731088,9.280241455094245,0.0026995944790542126,0.004239245174629147
0,1970-10-20,98.88777225730918,9.312745258712525,-0.00039636273868381977,0.03250380361827965
0,1970-10-21,98.31840284314539,9.230565611430977,-0.0057577332481741905,-0.08217964728154747
0,1970-10-22,100.4846410777947,9.11307102885041,0.022032886743545532,-0.11749458258056755
0,1970-10-23,100.75493917005909,9.122735776886469,0.0026899443473666906,0.009664748036058768
0,1970-10-26,99.75687251977855,9.235399313502619,-0.009905883111059666,0.11266353661615014
0,1970-10-27,98.3753155780074,9.25813028589374,-0.013849240727722645,0.02273097239112154
0,1970-10-28,98.97783711346644,9.230447635828185,0.006124722771346569,-0.027682650065555592
0,1970-10-29,100.09904474308749,9.156167617323156,0.011327865533530712,-0.07428001850502852
0,1970-10-30,100.96664433287707,9.099906980043166,0.008667411282658577,-0.05626063727999053
0,1970-11-02,101.28496531889573,9.07908142330664,0.0031527341343462467,-0.02082555673652564
0,1970-11-05,100.57976147977769,9.108575345785297,-0.006962571758776903,0.029493922478657453
0,1970-11-06,99.84924972303632,9.16167492812221,-0.007263009436428547,0.053099582336912476
0,1970-11-09,98.64815941572357,9.21819426319148,-0.01202903687953949,0.05651933506926987
0,1970-11-10,97.44590109476371,9.28704831250934,-0.012187336571514606,0.06885404931785999
0,1970-11-13,96.97866969329887,9.264823391930113,-0.004794777370989323,-0.022224920579226648
0,1970-11-16,96.17583743830347,9.244180351404095,-0.008278441615402699,-0.020643040526017842
0,1970-11-17,96.62320632421482,9.254747460052636,0.004651572555303574,0.010567108648540824
0,1970-11-18,95.83884470313814,9.291366512847846,-0.008117735385894775,0.03661905279520994
0,1970-11-19,95.63771311676871,9.29389121779606,-0.002098643686622381,0.002524704948214662
0,1970-11-20,95.06076173845558,9.28507778702976,-0.006032676436007023,-0.008813430766300812
0,1970-11-23,94.71634284327816,9.316047113929418,-0.0036231447011232376,0.030969326899658256
0,1970-11-24,93.13139658297615,9.427161076152286,-0.01673360913991928,0.11111396222286807
0,1970-11-25,92.57658644656293,9.379410226358548,-0.005957283545285463,-0.047750849793738226
0,1970-11-27,94.01611776080776,9.342134648447015,0.01554962620139122,-0.03727557791153302
0,1970-11-30,92.86955447739918,9.429723427538969,-0.012195390649139881,0.08758877909195384
0,1970-12-01,91.8654478684804,9.4190431998902,-0.010812010616064072,-0.010680227648768081
0,1970-12-02,92.9296481632489,9.461118852447541,0.011584336869418621,0.04207565255734025
0,1970-12-03,93.11341555092072,9.454874914616424,0.0019774893298745155,-0.006243937831117208
0,1970-12-04,93.3624991511126,9.357812242047414,0.002675055991858244,-0.09706267256900958
0,1970-12-07,94.76711762682626,9.247633744314907,0.015044782310724258,-0.1101784977325071
0,1970-12-08,95.38156873130843,9.256684660056873,0.006483800709247589,0.009050915741966037
0,1970-12-09,95.36249847382047,9.29259394606481,-0.00019993650494143367,0.035909286007937524
0,1970-12-10,95.26703686633451,9.28172839644735,-0.0010010392870754004,-0.010865549617459891
0,1970-12-11,95.95025773068758,9.26106334091714,0.007171639706939459,-0.020665055530210807
0,1970-12-14,96.46746067881247,9.244180837901633,0.00539032369852066,-0.01688250301550731
0,1970-12-15,95.99872421131607,9.310933351531256,-0.0048590111546218395,0.06675251362962342
0,1970-12-16,94.74575219656967,9.320625795874571,-0.013051965273916721,0.009692444343315287
0,1970-12-17,95.4536231975151,9.258339645479342,0.007471268996596336,-0.062286150395229
0,1970-12-18,94.10407808450644,9.313704122556667,-0.014138228259980679,0.05536447707732428
0,1970-12-21,92.80657668852025,9.38954143156455,-0.01378794014453888,0.0758373090078841
0,1970-12-22,92.59408189129874,9.43984285142771,-0.002289652358740568,0.050301419863158614
0,1970-12-23,91.42463659433109,9.488673399017308,-0.012629806064069271,0.04883054758959915
0,1970-12-24,91.44450320206141,9.530046886082616,0.00021730037406086922,0.0413734870653073
0,1970-12-28,90.57929790673985,9.575781088134777,-0.009461534209549427,0.045734202052161166
0,1970-12-29,91.27608447206848,9.592611660585568,0.007692558690905571,0.016830572450791337
0,1970-12-30,91.96924683861197,9.622718592782729,0.00759412907063961,0.03010693219716032
0,1970-12-31,91.16060012551256,9.719398542920953,-0.008792577311396599,0.09667995013822406
0,1971-01-04,91.38966835794908,9.825105761340865,0.0025127986446022987,0.10570721841991215
0,1971-01-05,91.36145852769891,9.827961346107223,-0.0003086763608735055,0.0028555847663582767
0,1971-01-06,92.15834922978543,9.826427260085831,0.008722394704818726,-0.0015340860213921559
0,1971-01-07,92.40750947440706,9.949342897216436,0.002703610109165311,0.12291563713060505
0,1971-01-08,90.47204232156568,10.035486483365702,-0.020944911986589432,0.08614358614926587
0,1971-01-11,90.29819889479948,10.039426607947252,-0.0019215154461562634,0.003940124581550464
0,1971-01-12,90.14318123009473,10.028294152954171,-0.0017167304176837206,-0.011132454993081353
0,1971-01-13,90.30159456417759,9.986422679715663,0.0017573523800820112,-0.04187147323850837
0,1971-01-14,90.61465617696075,9.999274951102988,0.003466844791546464,0.012852271387325587
0,1971-01-15,90.33730935445745,9.89220675053879,-0.0030607280787080526,-0.10706820056419808
0,1971-01-18,91.83841279923092,9.732982643198262,0.01661664992570877,-0.1592241073405276
0,1971-01-19,92.287550747456,9.648107022482563,0.004890523850917816,-0.08487562071569954
0,1971-01-20,93.63622786243928,9.65239627353329,0.014613857492804527,0.004289251050726861
0,1971-01-21,93.13118255672076,9.713991459330149,-0.005393695551902056,0.0615951857968593
0,1971-01-22,92.75262299232027,9.672830095827637,-0.004064799286425114,-0.041161363502512316
0,1971-01-25,91.51146812608104,9.706024361078155,-0.013381345197558403,0.033194265250518384
0,1971-01-26,91.6114596441625,9.638371400868685,0.0010926665272563696,-0.06765296020946998
0,1971-01-27,92.07190149314705,9.92356743724955,0.005026028957217932,0.28519603638086544
0,1971-01-28,89.46548925106451,9.948676584876852,-0.0283084437251091,0.0251091476273011
0,1971-01-29,90.55339730091885,9.725820932776385,0.012160086072981358,-0.22285565210046698
0,1971-02-01,92.1640650275244,9.801443445588989,0.017786938697099686,0.07562251281260401
0,1971-02-02,89.32069489235595,9.81034795082918,-0.030851179733872414,0.008904505240192151
0,1971-02-03,90.70773110850558,9.884711145393094,0.015528721734881401,0.07436319456391338
0,1971-02-04,87.89094244384756,9.81089186356048,-0.031053457409143448,-0.07381928183261444
0,1971-02-05,89.57058400793116,9.747530735064768,0.01911051943898201,-0.0633611284957123
0,1971-02-08,88.99737820698031,9.72135487023925,-0.006399487145245075,-0.026175864825518147
0,1971-02-09,88.85911345897716,9.637668482055394,-0.0015535822603851557,-0.08368638818385499
0,1971-02-10,90.06385136238775,9.506967254244758,0.013557842932641506,-0.1307012278106363
0,1971-02-11,91.34741885267042,9.30020875246215,0.014251749962568283,-0.20675850178260724
0,1971-02-17,93.45662371699115,9.295074157596984,0.023089922964572906,-0.005134594865166875
0,1971-02-18,93.0948944785229,9.302596327621576,-0.003870557527989149,0.007522170024591546
0,1971-02-19,94.75710102179852,9.278452683994548,0.017854969948530197,-0.0241436436270277
0,1971-02-22,93.91367018142093,9.388569423354996,-0.008900977671146393,0.11011673936044808
0,1971-02-23,92.15069228535926,9.417098950913278,-0.018772324547171593,0.028529527558282197
