path_id,Date,sp500_abs,DGS10_abs,sp500,DGS10
0,1971-02-24,123.93167910874223,4.661454409305559,-0.0006292681791819632,0.027130550465361836
0,1971-02-25,124.28531572608226,4.6492994274336,0.002853480400517583,-0.012154981871959514
0,1971-02-26,124.06112161218596,4.615103694330698,-0.0018038664711639285,-0.03419573310290147
0,1971-03-01,125.45626000423385,4.700442510270827,0.011245572939515114,0.08533881594012893
0,1971-03-02,124.03899435034349,4.7034176135933174,-0.011296890676021576,0.002975103322490291
0,1971-03-03,122.63614405604596,4.6737717045321405,-0.011309752240777016,-0.029645909061176923
0,1971-03-04,122.05818791622178,4.704669963873605,-0.004712771624326706,0.030898259341464396
0,1971-03-05,122.79525157283463,4.684490595132787,0.006038625258952379,-0.02017936874081805
0,1971-03-08,122.79618449506204,4.726377821953249,7.597380317747593e-06,0.041887226820461976
0,1971-03-09,124.25512131866422,4.74101424415934,0.011880962178111076,0.014636422206090849
0,1971-03-10,124.62834300505763,4.731808546605154,0.0030036724638193846,-0.009205697554185654
0,1971-03-11,124.1651336492294,4.890502902633995,-0.0037167256232351065,0.15869435602884074
0,1971-03-12,127.2422976163889,4.9222498357997235,0.024782834574580193,0.03174693316572874
0,1971-03-15,127.19002023139342,4.8345319762390115,-0.00041084911208599806,-0.08771785956071199
0,1971-03-16,126.09147791032571,4.867389269246887,-0.008637016639113426,0.032857293007875654
0,1971-03-17,126.4823752132415,4.932761273607571,0.0031001088209450245,0.06537200436068424
0,1971-03-18,125.3313119290621,5.020374863880809,-0.00910058245062828,0.08761359027323756
0,1971-03-19,124.63242121875382,4.8635846685180155,-0.005576345603913069,-0.15679019536279348
0,1971-03-22,124.81991368317124,4.8848727421277855,0.0015043634921312332,0.02128807360977003
0,1971-03-23,126.74919110936378,4.85775611333938,0.01545648742467165,-0.027116628788405706
0,1971-03-24,125.33888688921088,4.826257628213452,-0.011126731522381306,-0.0314984851259279
0,1971-03-25,126.78781428711376,4.9029801317792545,0.011560078710317612,0.07672250356580257
0,1971-03-26,129.317157336011,4.896733562565739,0.01994941756129265,-0.006246569213515407
0,1971-03-29,129.5797768596985,4.936771015597184,0.002030817326158285,0.040037453031445125
0,1971-03-30,129.0174661596279,4.8861481176064565,-0.004339494276791811,-0.05062289799072772
0,1971-03-31,129.9388188325016,4.950293765277576,0.00714130187407136,0.0641456476711193
0,1971-04-01,130.63711300224963,4.943041269350393,0.005374022759497166,-0.0072524959271831335
0,1971-04-02,131.91244801696746,4.9836111023330645,0.009762424975633621,0.040569832982671805
0,1971-04-05,132.88108306215938,4.962708969144122,0.00734301470220089,-0.020902133188942074
0,1971-04-06,131.72838042203796,4.902328029111315,-0.008674693293869495,-0.06038094003280747
0,1971-04-07,131.75296534217338,4.9409715896916495,0.00018663343507796526,0.03864356058033458
0,1971-04-08,131.96115290154452,4.768331279545383,0.001580135663971305,-0.17264031014626635
0,1971-04-12,132.3946065891226,4.753525939194614,0.003284706734120846,-0.014805340350768859
0,1971-04-13,133.07551923921946,4.830215516034833,0.00514305429533124,0.07668957684021827
0,1971-04-14,126.51366222205003,4.893787102019322,-0.049309272319078445,0.06357158598448986
0,1971-04-15,123.14553784065465,4.89409455460455,-0.02662261389195919,0.0003074525852273524
0,1971-04-16,123.16553218340809,4.834070906357533,0.00016236351802945137,-0.060023648247017114
0,1971-04-19,123.32304533703496,4.899467674276807,0.0012788736494258046,0.06539676791927462
0,1971-04-20,122.39349380532276,4.897053951602914,-0.007537533063441515,-0.0024137226738929485
0,1971-04-21,122.35788617494661,4.902690642008877,-0.0002909274771809578,0.005636690405962597
0,1971-04-22,121.43990947055275,4.876159271375053,-0.007502391003072262,-0.02653137063382438
0,1971-04-23,121.44546843534016,4.901210571672054,4.5775435864925385e-05,0.025051300297001866
0,1971-04-26,122.84910145405105,4.926007154684628,0.011557722464203835,0.024796583012573592
0,1971-04-27,124.52041834196794,4.908569936659323,0.013604632578790188,-0.017437218025304624
0,1971-04-28,125.14985387403034,5.017788792890803,0.005054878070950508,0.10921885623147976
0,1971-04-29,124.38775043980326,4.930561251755397,-0.0060895271599292755,-0.0872275411354062
0,1971-04-30,122.51495061769695,4.924941303075777,-0.015056143514811993,-0.0056199486796195686
0,1971-05-03,123.48270937214123,4.955470319500335,0.007899107411503792,0.030529016424557298
0,1971-05-04,124.49437322158074,4.903597384245919,0.00819275714457035,-0.05187293525441561
0,1971-05-05,124.98191429099703,4.909793319887601,0.0039161695167422295,0.006195935641682304
0,1971-05-06,126.57397496268045,4.9222559373929045,0.01273832842707634,0.012462617505303086
0,1971-05-07,126.72077675347538,4.896089176328069,0.0011598102282732725,-0.026166761064835065
0,1971-05-10,127.59135871828103,4.964847363942801,0.006870080716907978,0.06875818761473163
0,1971-05-11,127.16347298162432,4.929766863502645,-0.003353563603013754,-0.03508050044015576
0,1971-05-12,130.12816161221758,4.9693643022008045,0.023313995450735092,0.03959743869815924
0,1971-05-13,130.33052057927756,4.944995024820235,0.0015550743555650115,-0.024369277380569265
0,1971-05-14,126.83046588646414,4.919501656298532,-0.026855219155550003,-0.02549336852170292
0,1971-05-17,128.54678165674642,4.870034355402239,0.013532361947000027,-0.04946730089629359
0,1971-05-18,126.62165805785264,4.786977473847859,-0.014976054430007935,-0.08305688155437974
0,1971-05-19,126.93161764848269,4.709457478069632,0.0024479192215949297,-0.07751999577822666
0,1971-05-20,127.1544612911952,4.679958176963008,0.0017556196544319391,-0.029499301106624465
0,1971-05-21,127.75612348075367,4.694207847646787,0.004731742665171623,0.014249670683779136
0,1971-05-24,133.28550295985605,4.794516138938487,0.04328073933720589,0.10030829129170016
0,1971-05-25,130.59764759925545,4.7398762290353424,-0.020166149362921715,-0.05463990990314471
0,1971-05-26,130.0580771963954,4.685225985667262,-0.004131547641009092,-0.054650243368080886
0,1971-05-27,130.4483817629772,4.709076158909301,0.0030010021291673183,0.02385017324203975
0,1971-05-28,131.70120893530995,4.682066291175627,0.009604007005691528,-0.027009867733674753
0,1971-06-01,128.0896738891423,4.7118968798690295,-0.027422185987234116,0.029830588693402937
0,1971-06-02,128.58419690319315,4.718333212253062,0.003860756289213896,0.006436332384032184
0,1971-06-03,127.36680886059669,4.72202095928953,-0.009467633441090584,0.0036877470364684584
0,1971-06-04,125.88353323359912,4.71949192471906,-0.011645699851214886,-0.0025290345704700457
0,1971-06-07,124.4365787241347,4.711892379490361,-0.011494390666484833,-0.007599545228699434
0,1971-06-08,126.24279761684973,4.7574603722012725,0.01451517641544342,0.04556799271091183
0,1971-06-09,128.0139882070666,4.791335954899316,0.0140300327911973,0.033875582698043694
0,1971-06-10,127.05700282851127,4.7857851593867515,-0.007475631311535835,-0.005550795512564655
0,1971-06-11,125.84954943005056,4.775615682297427,-0.009503241628408432,-0.010169477089324808
0,1971-06-14,125.40604526709005,4.81704594937233,-0.0035240822471678257,0.041430267074903604
0,1971-06-15,125.9561509714975,4.780054200861207,0.004386596381664276,-0.036991748511123745
0,1971-06-16,123.08310184330419,4.701739421040853,-0.022809915244579315,-0.07831477982035384
0,1971-06-17,121.29160680565708,4.608254886696002,-0.014555166475474834,-0.09348453434485116
0,1971-06-18,119.72060561908793,4.546388914953493,-0.01295226626098156,-0.06186597174250874
0,1971-06-21,120.37883106436954,4.586085479443025,0.0054980129934847355,0.03969656448953174
0,1971-06-22,120.63793999283443,4.589045118217037,0.0021524459589272738,0.0029596387740120633
0,1971-06-23,119.75336200846999,4.542209564708906,-0.007332502398639917,-0.04683555350813062
0,1971-06-24,118.53446458728094,4.465475898678853,-0.010178398340940475,-0.07673366603005327
0,1971-06-25,116.72493695584438,4.307880285010892,-0.01526583544909954,-0.1575956136679606
0,1971-06-28,115.64943612252961,4.430881019761472,-0.009213976562023163,0.12300073475057971
0,1971-06-29,118.53931043765894,4.51400025617159,0.02498822659254074,0.08311923641011809
0,1971-06-30,118.97685646743032,4.603155211436521,0.003691147081553936,0.08915495526493089
0,1971-07-01,122.11327050994733,4.728547443475135,0.02636154741048813,0.12539223203861383
0,1971-07-02,121.57268297165324,4.678467693454479,-0.004426935221999884,-0.05007975002065557
0,1971-07-06,120.47846478757388,4.640316189346497,-0.009000526741147041,-0.03815150410798207
0,1971-07-07,121.7794141158443,4.6259234611771065,0.010798189789056778,-0.014392728169390523
0,1971-07-08,121.50981166397301,4.612138697193688,-0.002213858999311924,-0.013784763983418102
0,1971-07-09,121.1220436298021,4.531724726108868,-0.003191248746588826,-0.08041397108482062
0,1971-07-12,120.94277676149142,4.508489530497512,-0.0014800515491515398,-0.02323519561135612
0,1971-07-13,122.58522855764498,4.495160118688032,0.013580404222011566,-0.013329411809479552
0,1971-07-14,123.33184621311814,4.503046438412192,0.00609060050919652,0.007886319724160096
0,1971-07-15,123.36383454158816,4.5250705859904645,0.00025936795282177627,0.022024147578272313
0,1971-07-16,124.33125541133987,4.522502990194847,0.007842013612389565,-0.0025675957956172724
0,1971-07-19,124.74467217058611,4.5429084037091725,0.0033251233398914337,0.020405413514325232
0,1971-07-20,124.23888597778806,4.490327713849483,-0.0040545715019106865,-0.05258068985968922
0,1971-07-21,122.3122324007588,4.4656240916083645,-0.01550765335559845,-0.024703622241118772
0,1971-07-22,122.7121428505463,4.543435110607506,0.0032695867121219635,0.07781101899914145
0,1971-07-23,123.99504221661024,4.628021359646469,0.010454542934894562,0.0845862490389635
0,1971-07-26,121.75181364952329,4.645010360046549,-0.018091276288032532,0.016989000400079668
0,1971-07-27,118.87382536903779,4.57957996626232,-0.023638155311346054,-0.06543039378422932
0,1971-07-28,118.49780699349148,4.57053667027622,-0.0031631721649318933,-0.009043295986099764
0,1971-07-29,119.18001225710496,4.594271260444864,0.005757112987339497,0.023734590168643876
0,1971-07-30,118.46940000502748,4.6451196184426955,-0.005962511990219355,0.050848357997831606
0,1971-08-02,119.83127854856912,4.575389574865887,0.011495614424347878,-0.06973004357680868
0,1971-08-03,119.08651414368164,4.565545894699617,-0.006215108558535576,-0.009843680166270019
0,1971-08-04,119.34371829586343,4.597132783093178,0.0021598092280328274,0.031586888393561274
0,1971-08-05,122.3848239041851,4.609055288282131,0.02548190765082836,0.011922505188953103
0,1971-08-06,121.97336760935656,4.73190306663657,-0.003361987881362438,0.12284777835443883
0,1971-08-09,123.01427234254479,4.7751017142149355,0.008533868938684464,0.043198647578365446
0,1971-08-10,121.2844493715904,4.6593306849458775,-0.014061969704926014,-0.11577102926905791
0,1971-08-11,119.58920370040023,4.595011208539821,-0.01397743634879589,-0.06431947640605618
0,1971-08-12,118.20176502543254,4.567842158882968,-0.011601705104112625,-0.027169049656853517
0,1971-08-13,120.71338941419644,4.622923307126947,0.021248620003461838,0.05508114824397925
0,1971-08-16,120.28732692701955,4.567555534597343,-0.003529537934809923,-0.05536777252960423
0,1971-08-17,120.01265433978071,4.522610433151644,-0.002283470705151558,-0.04494510144569919
0,1971-08-18,121.80636410846678,4.585939131902187,0.014946005307137966,0.06332869875054303
0,1971-08-19,121.07713950248377,4.610232798668882,-0.005986752919852734,0.02429366676669531
0,1971-08-20,121.09660096143277,4.630475635674855,0.00016073603183031082,0.020242837005972625
0,1971-08-23,121.03537908658576,4.627316946296758,-0.0005055622896179557,-0.003158689378096824
0,1971-08-24,121.18258836713929,4.598740446692838,0.001216250006109476,-0.02857649960392017
0,1971-08-25,121.76852111113416,4.629018038911015,0.00483512319624424,0.030277592218177496
0,1971-08-26,121.62320108294422,4.631639302756112,-0.0011934121139347553,0.002621263845096422
0,1971-08-27,121.21984954604821,4.631372961995924,-0.0033164029009640217,-0.00026634076018794417
0,1971-08-30,123.53147317519179,4.719336154307751,0.019069679081439972,0.08796319231182714
0,1971-08-31,123.55747927934598,4.739353635719092,0.00021052209194749594,0.020017481411341187
0,1971-09-01,123.8750421400888,4.755548849625012,0.002570162992924452,0.01619521390592027
0,1971-09-02,123.38273157435522,4.769833555839512,-0.003974251449108124,0.014284706214500176
0,1971-09-03,123.84761970149145,4.803065548688551,0.003767854068428278,0.03323199284903833
0,1971-09-07,122.32562542303606,4.815887704246101,-0.012289249338209629,0.012822155557549841
0,1971-09-08,122.08243156970626,4.807344566092792,-0.0019880859181284904,-0.00854313815330876
0,1971-09-09,122.19557628278241,4.818334928880062,0.0009267894783988595,0.010990362787270058
0,1971-09-10,122.37393797418322,4.818296246276785,0.0014596411492675543,-3.868260327699602e-05
0,1971-09-13,122.97199168428673,4.8459168683270555,0.00488710030913353,0.027620622050270605
0,1971-09-14,122.76646478204621,4.8546185648756355,-0.0016713310033082962,0.008701696548579996
0,1971-09-15,122.11415170932095,4.883855366506232,-0.005313446745276451,0.02923680163059661
0,1971-09-16,122.5725567133954,4.904639000958425,0.003753905650228262,0.02078363445219278
0,1971-09-17,123.46481021451956,4.917680872051152,0.0072793904691934586,0.013041871092727142
0,1971-09-20,123.08645472632254,4.900485207612077,-0.0030644803773611784,-0.017195664439075387
0,1971-09-21,123.02901184657229,4.860328030974304,-0.00046668725553900003,-0.04015717663777263
0,1971-09-22,120.84304665547405,4.860117217059703,-0.017767883837223053,-0.00021081391460064935
0,1971-09-23,120.46696672548585,4.925526217092405,-0.0031121354550123215,0.06540900003270167
0,1971-09-24,121.89668462175227,4.924427263181296,0.011868132278323174,-0.0010989539111090352
0,1971-09-27,122.05637042357132,4.901325392166564,0.0013100093929097056,-0.023101871014731934
0,1971-09-28,122.20860840137934,4.93149469538256,0.0012472759699448943,0.0301693032159962
0,1971-09-29,123.45405352390982,4.941282895062306,0.010191140696406364,0.00978819967974598
0,1971-09-30,123.98995776767377,4.9873432900881305,0.004340920597314835,0.04606039502582426
0,1971-10-01,124.31463096104365,5.0278446089579285,0.0026185442693531513,0.04050131886979802
0,1971-10-04,122.45582647059331,5.060720691402891,-0.014952419325709343,0.03287608244496276
0,1971-10-05,121.47247218088256,5.081359356899167,-0.00803027767688036,0.0206386654962758
0,1971-10-06,120.77585344394211,5.06651738748746,-0.005734786856919527,-0.014841969411707012
0,1971-10-07,120.95508202746181,5.109388055808332,0.0014839769573882222,0.04287066832087216
0,1971-10-08,121.7671982613096,5.177703061033011,0.006714196875691414,0.0683150052246786
0,1971-10-13,122.8034905408703,5.194618745005684,0.008510438725352287,0.01691568397267318
0,1971-10-14,122.7481449308182,5.2573688418491225,-0.00045068433973938227,0.06275009684343846
0,1971-10-15,123.27485165722116,5.236655355331471,0.004290954675525427,-0.020713486517651702
0,1971-10-18,122.4531926540044,5.229282581134118,-0.0066652605310082436,-0.007372774197352605
0,1971-10-19,120.3131593887186,5.20156334413271,-0.017476337030529976,-0.027719237001408104
0,1971-10-20,118.75392717925017,5.296718961732781,-0.012959781102836132,0.09515561760007074
0,1971-10-21,118.96513503863521,5.289011777052005,0.0017785336822271347,-0.00770718468077547
0,1971-10-22,120.80744508689061,5.266880517081605,0.015486134216189384,-0.022131259970400663
0,1971-10-27,120.37165243904583,5.311621806028951,-0.003607332706451416,0.04474128894734619
0,1971-10-28,121.12892420209363,5.310660525555223,0.006291113793849945,-0.0009612804737280101
0,1971-10-29,120.42030890293923,5.301639093329513,-0.005850091576576233,-0.009021432225710058
0,1971-11-01,121.14746419009718,5.366629972564294,0.006038477178663015,0.06499087923478086
0,1971-11-04,122.98972593180399,5.4364581544071475,0.015206770971417427,0.06982818184285389
0,1971-11-05,123.32485919318565,5.484548694086387,0.0027248882688581944,0.048090539679239264
0,1971-11-08,124.52405800714718,5.3306396929801,0.009723901748657227,-0.15390900110628714
0,1971-11-09,124.88512897552852,5.334647797221926,0.0028996081091463566,0.004008104241826516
0,1971-11-10,125.53330709561305,5.261085565684778,0.005190194584429264,-0.07356223153714847
0,1971-11-11,125.64655354174067,5.2501719914505145,0.0009021227015182376,-0.010913574234263201
0,1971-11-12,125.6345564461252,5.280184794472795,-9.548288653604686e-05,0.03001280302228082
0,1971-11-15,126.13622112675387,5.1131545545385535,0.003993046935647726,-0.16703023993424182
0,1971-11-16,122.32407814414121,5.070847951407973,-0.03022242896258831,-0.0423066031305801
0,1971-11-17,121.96027194548633,5.078451286948159,-0.0029741176404058933,0.007603335540185441
0,1971-11-18,121.25300727234973,5.0813381598979035,-0.005799139849841595,0.0028868729497446566
0,1971-11-19,122.12010313555278,5.100267068259833,0.007151128724217415,0.01892890836192951
0,1971-11-22,123.13406198855002,5.107064444856413,0.008302964270114899,0.006797376596580307
0,1971-11-23,122.81012178594105,5.147497081690644,-0.0026307927910238504,0.040432636834230706
0,1971-11-24,122.77242125054629,5.031554046289485,-0.0003069823142141104,-0.11594303540115902
0,1971-11-26,122.84955927852863,4.971684576964926,0.0006283009424805641,-0.05986946932455872
0,1971-11-29,124.20364140071786,4.9928927904562235,0.011022279039025307,0.0212082134912972
0,1971-11-30,124.91631066476974,5.071576004189501,0.005737909581512213,0.07868321373327714
0,1971-12-01,124.65266648689743,5.101544460657351,-0.0021105664782226086,0.029968456467850402
0,1971-12-02,125.22258328203398,5.043908007501205,0.004572038538753986,-0.05763645315614596
0,1971-12-03,125.7475350427016,5.033876206907883,0.004192149266600609,-0.010031800593321982
0,1971-12-06,128.34092955861053,5.064317717266047,0.020623819902539253,0.030441510358164336
0,1971-12-07,128.0610709019521,5.065662716719922,-0.0021805877331644297,0.0013449994538747845
0,1971-12-08,128.09426980590288,5.062162489205994,0.0002592427481431514,-0.0035002275139284222
0,1971-12-09,129.01821141473263,5.03692004173203,0.007212981581687927,-0.02524244747396409
0,1971-12-10,130.40099677858365,5.047525665470809,0.010717753320932388,0.010605623738779713
0,1971-12-13,129.6097038423797,5.063341782313002,-0.006068150978535414,0.015816116842192862
0,1971-12-14,130.42525082291175,5.067844345398678,0.006292329635471106,0.004502563085675426
0,1971-12-15,130.08744144576877,5.062655392118499,-0.002590061165392399,-0.005188953280178765
0,1971-12-16,130.20024764471805,5.107131976632053,0.0008671567193232477,0.04447658451355441
0,1971-12-17,129.57863594794713,5.162088461201981,-0.004774274304509163,0.054956484569927966
0,1971-12-20,128.71509127600947,5.190360530049615,-0.006664251908659935,0.02827206884763367
0,1971-12-21,126.980884152479,5.230191267837007,-0.013473222963511944,0.03983073778739232
0,1971-12-22,126.39096053143918,5.236063718583346,-0.004645767156034708,0.00587245074633902
0,1971-12-23,125.63089918626333,5.228239965529439,-0.0060135736130177975,-0.007823753053907367
0,1971-12-27,124.81766063682545,5.221601628618173,-0.006473236717283726,-0.0066383369112656965
0,1971-12-28,125.34098476487146,5.233336598464348,0.004192708991467953,0.011734969846174614
0,1971-12-29,125.23342798596208,5.219301939780397,-0.0008581134025007486,-0.014034658683950596
0,1971-12-30,125.5176923914388,5.247243639123755,0.0022698764223605394,0.027941699343357662
0,1971-12-31,126.82210977076309,5.253147801150736,0.010392298921942711,0.005904162026981297
0,1972-01-03,126.43610893228126,5.265362449891538,-0.003043639939278364,0.012214648740801692
0,1972-01-04,126.3559663822626,5.25630741965586,-0.0006338580860756338,-0.009055030235677997
0,1972-01-05,128.4905277734976,5.255994605093008,0.016893237829208374,-0.0003128145628519263
0,1972-01-06,128.99423081208622,5.243777408435705,0.003920156974345446,-0.012217196657302587
0,1972-01-07,127.30788921647982,5.249633014289091,-0.013073000125586987,0.005855605853385626
0,1972-01-10,126.58705632179499,5.220005954372894,-0.005662122741341591,-0.029627059916196963
0,1972-01-11,127.105619209833,5.226590779751112,0.004096492193639278,0.006584825378218362
0,1972-01-12,126.89628074253794,5.1575081999658465,-0.0016469646943733096,-0.06908257978526589
0,1972-01-13,127.87754137412807,5.169446849353294,0.007732776924967766,0.011938649387447597
0,1972-01-14,127.97389185816111,5.16241080624927,0.0007534589967690408,-0.007036043104023726
0,1972-01-17,130.94037059344194,5.140795613212867,0.023180343210697174,-0.02161519303640347
0,1972-01-18,130.22340310134697,5.134758320625701,-0.005475526675581932,-0.006037292587166121
0,1972-01-19,130.4911767779413,5.15974800651315,0.002056263852864504,0.024989685887448765
0,1972-01-20,129.29892423175625,5.15354741037319,-0.009136652573943138,-0.00620059613995938
0,1972-01-21,127.67036577988314,5.159918045053007,-0.012595297768712044,0.006370634679816689
0,1972-01-24,126.90651182132318,5.18530248407907,-0.005983016919344664,0.025384439026063355
0,1972-01-25,127.10366366712134,5.179589386492271,0.0015535203274339437,-0.005713097586799165
0,1972-01-26,126.00265570864485,5.192522930576766,-0.008662283420562744,0.012933544084495097
0,1972-01-27,126.69629625148116,5.2061781660025215,0.005504967644810677,0.013655235425755308
0,1972-01-28,126.75362355408207,5.198098218461283,0.0004524781252257526,-0.008079947541238752
0,1972-01-31,125.47873457731487,5.184354622606188,-0.010058008134365082,-0.013743595855094881
0,1972-02-01,121.94356076671548,5.121309734695867,-0.02817348949611187,-0.06304488791032092
0,1972-02-02,121.19991005206131,5.114605783174268,-0.006098318845033646,-0.006703951521599194
0,1972-02-03,120.28734425374749,5.109340530511183,-0.0075294263660907745,-0.005265252663084752
0,1972-02-04,120.0051877927129,5.085551170530146,-0.002345687011256814,-0.023789359981036817
0,1972-02-07,120.5705385210187,5.0970208316282895,0.004711052402853966,0.011469661098143291
0,1972-02-08,119.54847862225309,5.098328207886324,-0.00847686268389225,0.0013073762580342319
0,1972-02-09,119.39924676229847,5.0213028531502015,-0.0012482957681640983,-0.07702535473612215
0,1972-02-10,120.93205631364121,5.054518961472705,0.012837681919336319,0.033216108322503324
0,1972-02-11,121.24793519276847,5.04315879330934,0.0026120359543710947,-0.011360168163364825
0,1972-02-14,121.11876230503945,5.015899988117685,-0.0010653615463525057,-0.027258805191655355
0,1972-02-15,119.49344115559686,5.049368670600285,-0.01341923512518406,0.033468682482600265
0,1972-02-16,119.06364150893731,5.006721888713727,-0.003596847178414464,-0.04264678188655768
0,1972-02-17,117.02966086317505,4.987335873848672,-0.01708313822746277,-0.019386014865054868
0,1972-02-18,117.68181351874176,4.999914545574806,0.005572541616857052,0.012578671726133805
0,1972-02-22,117.53073149715178,4.948750646218239,-0.0012838179245591164,-0.051163899356566844
0,1972-02-23,117.0149325571248,4.922197384885327,-0.004388630390167236,-0.02655326133291247
0,1972-02-24,116.45407939279968,4.906176629834881,-0.004793005064129829,-0.01602075505044631
0,1972-02-25,117.82298580130013,4.891399957958722,0.011754903011023998,-0.014776671876158609
0,1972-02-28,117.87599307226998,4.882764411817324,0.00044988904846832156,-0.008635546141397832
0,1972-02-29,118.78711123222689,4.874242367173828,0.007729463279247284,-0.008522044643496152
0,1972-03-01,120.06351791631185,4.900413027023231,0.010745329782366753,0.026170659849403144
0,1972-03-02,120.15296643541316,4.945942100160596,0.0007450099801644683,0.04552907313736476
0,1972-03-03,119.09476854480445,4.957000563804686,-0.008807089179754257,0.011058463644090466
0,1972-03-06,117.33170400614142,4.942797734628237,-0.014803878962993622,-0.014202829176449328
0,1972-03-07,117.6010640812574,4.928513911859872,0.0022957143373787403,-0.014283822768365262
0,1972-03-08,117.5554691238554,4.927029582586732,-0.00038770871469751,-0.001484329273139906
0,1972-03-09,118.82352244608954,4.955877934921918,0.010786850936710835,0.0288483523351859
0,1972-03-10,120.82586371661124,4.940378277832044,0.016851387917995453,-0.015499657089873331
0,1972-03-13,119.917304085907,4.9594570464193835,-0.007519579026848078,0.019078768587339034
0,1972-03-14,119.94874352234837,4.938037756254568,0.0002621759776957333,-0.021419290164815585
0,1972-03-15,121.4731538009123,4.912483882409281,0.012708847410976887,-0.02555387384528718
0,1972-03-16,120.23478023838635,4.932106350258242,-0.010194627568125725,0.019622467848961378
0,1972-03-17,120.3825379129067,4.881731735893116,0.0012289095902815461,-0.05037461436512647
0,1972-03-20,121.91497147248153,4.882009513329886,0.012729699723422527,0.00027777743677059874
0,1972-03-21,122.39161949465029,4.932175751318475,0.003909675870090723,0.05016623798858877
0,1972-03-22,122.97886317396745,4.883808047852332,0.00479807099327445,-0.04836770346614294
0,1972-03-23,123.04478262289396,4.863103539832789,0.0005360225914046168,-0.020704508019543155
0,1972-03-24,123.08994182007305,4.9263277478226,0.0003670143196359277,0.0632242079898111
0,1972-03-27,122.83250385238624,4.917230882373458,-0.0020914622582495213,-0.009096865449142122
0,1972-03-28,122.22883850094804,4.915086474086566,-0.004914540797472,-0.0021444082868917747
0,1972-03-29,120.90774568797265,4.9360611368396725,-0.01080835610628128,0.020974662753106443
0,1972-03-30,120.46838439810587,4.948865780955938,-0.0036338556092232466,0.012804644116265251
0,1972-04-03,121.71156846496334,4.94562759419805,0.010319587774574757,-0.0032381867578878953
0,1972-04-04,121.72489339024804,4.965101921714375,0.00010947952978312969,0.01947432751632494
0,1972-04-05,121.43075659190981,5.001568413143282,-0.0024164062924683094,0.03646649142890723
0,1972-04-06,121.89497249318974,5.006548752998867,0.003822885686531663,0.004980339855585214
0,1972-04-07,121.65645187361962,5.01158302338601,-0.001956771593540907,0.005034270387143103
0,1972-04-10,121.40335019888853,4.975971289088475,-0.002080462407320738,-0.03561173429753506
0,1972-04-11,121.12067893059806,4.951973170792851,-0.0023283646441996098,-0.023998118295624593
0,1972-04-12,121.06468192565838,4.944354833456032,-0.00046232406748458743,-0.007618337336818826
0,1972-04-13,120.65547043201097,4.9474489478741335,-0.003380106296390295,0.00309411441810159
0,1972-04-14,120.86823203192363,4.8900678144606715,0.0017633812967687845,-0.05738113341346196
0,1972-04-17,122.17633400124285,5.021649854969883,0.010822545737028122,0.13158204050921185
0,1972-04-18,122.66623746570299,5.030687309724519,0.004009806551039219,0.00903745475463591
0,1972-04-19,122.61415167090003,5.049782628436917,-0.000424613943323493,0.01909531871239789
0,1972-04-20,123.62945242431692,5.0729036888803165,0.008280453272163868,0.023121060443399344
0,1972-04-21,123.09397945414838,5.064480283357733,-0.00433127349242568,-0.008423405522583138
0,1972-04-24,124.59211251534516,5.041499788659009,0.012170644477009773,-0.022980494698724208
0,1972-04-25,124.28713359107914,5.0426865722238015,-0.002447818871587515,0.001186783564792293
0,1972-04-26,124.40033175965334,5.05797735996831,0.0009107794612646103,0.015290787744508982
0,1972-04-27,125.14023331920282,5.183394260930437,0.005947745870798826,0.12541690096212665
0,1972-04-28,121.77635105783095,5.126872851708608,-0.0268809013068676,-0.05652140922182891
0,1972-05-01,119.8159713016348,5.100015246423484,-0.016098197549581528,-0.02685760528512393
0,1972-05-02,120.7183296320492,5.11044903796618,0.007531202398240566,0.010433791542696191
0,1972-05-03,120.65252180317786,5.091238973459025,-0.0005451353499665856,-0.019210064507155344
0,1972-05-04,120.0299703884626,5.0594194212504995,-0.005159870721399784,-0.031819552208525614
0,1972-05-05,119.19589541957227,5.114017964547024,-0.00694888923317194,0.05459854329652458
0,1972-05-08,121.43388774722735,5.10366589726613,0.01877574995160103,-0.010352067280893884
0,1972-05-09,121.70209141643693,5.090382610631356,0.0022086394019424915,-0.013283286634774072
0,1972-05-10,123.29065056407715,5.0666145138284175,0.013052850030362606,-0.023768096802938565
0,1972-05-11,126.04490808319254,5.089517928112323,0.02233954891562462,0.0229034142839053
0,1972-05-12,125.83195759533923,5.025802826694682,-0.00168948108330369,-0.0637151014176407
0,1972-05-15,124.00041160524437,5.005410052286242,-0.014555491507053375,-0.020392774408439784
0,1972-05-16,125.37366804133784,5.017757771392525,0.0110746119171381,0.012347719106283073
0,1972-05-17,126.24821304435305,5.068445498544993,0.006975507829338312,0.05068772715246794
0,1972-05-18,126.04524902215496,4.995996973126453,-0.0016076585743576288,-0.0724485254185403
0,1972-05-19,125.17895006898198,5.021601611463127,-0.006872920319437981,0.025604638336673702
0,1972-05-22,126.60985330097061,5.033106330733937,0.011430861428380013,0.011504719270810426
0,1972-05-23,127.27741751702196,5.073525278787078,0.00527260871604085,0.040418948053140724
0,1972-05-24,126.97893271995105,5.067945365224576,-0.0023451512679457664,-0.005579913562502092
0,1972-05-25,127.68478817194438,5.078141364282621,0.005558839067816734,0.01019599905804558
0,1972-05-26,125.96162795770243,5.08179179887341,-0.013495422899723053,0.0036504345907886204
0,1972-05-30,126.08878974088373,5.079988788407223,0.001009527943097055,-0.0018030104661868052
0,1972-05-31,125.11005849745406,5.102616402595044,-0.007762238383293152,0.022627614187820555
0,1972-06-01,126.06910328905921,5.107607267975095,0.007665609009563923,0.004990865380051446
0,1972-06-02,128.57152389132762,5.152844820494392,0.019849594682455063,0.045237552519297175
0,1972-06-05,128.90461324698413,5.137760296595658,0.0025906930677592754,-0.015084523898734048
0,1972-06-06,128.5008142653521,5.13423941001176,-0.0031325409654527903,-0.003520886583898708
0,1972-06-07,129.66618101703017,5.1680101564468215,0.009068944491446018,0.03377074643506184
0,1972-06-08,128.9181239072931,5.200146068609437,-0.005769099574536085,0.03213591216261591
0,1972-06-09,127.4495857548796,5.181791251958041,-0.011391246691346169,-0.01835481665139671
0,1972-06-12,125.22041398238427,5.197712837146247,-0.01749061606824398,0.015921585188205967
0,1972-06-13,125.535356567293,5.170984980728862,0.002515105763450265,-0.026727856417384288
0,1972-06-14,125.28486266624397,5.107847155757763,-0.0019954051822423935,-0.06313782497109965
0,1972-06-15,125.07284667101987,5.005683622777301,-0.0016922714421525598,-0.10216353298046155
0,1972-06-16,124.89430788524442,5.037525222546711,-0.001427478389814496,0.031841599769410145
0,1972-06-19,125.63910248535652,5.061616754774508,0.005963399074971676,0.024091532227796364
0,1972-06-20,126.55865976741593,5.0484082597453614,0.007319037336856127,-0.013208495029146228
0,1972-06-21,126.79532090031711,5.059603173130524,0.001869971863925457,0.011194913385162764
0,1972-06-22,124.9360348312455,5.104226523278294,-0.014663680456578732,0.04462335014776997
0,1972-06-23,124.07295896072888,5.107676795491936,-0.0069081420078873634,0.003450272213641803
0,1972-06-26,124.39767128640604,5.037524468681196,0.0026171079371124506,-0.07015232681073957
0,1972-06-27,123.8946459654764,5.0344252381503285,-0.004043687600642443,-0.0030992305308679136
0,1972-06-28,124.9088277404484,5.059455247995199,0.008185840211808681,0.025030009844870804
0,1972-06-29,125.2270546402306,5.04410507147665,0.0025476734153926373,-0.015350176518548864
0,1972-06-30,125.69428666575618,5.101536504083571,0.0037310789339244366,0.057431432606920296
0,1972-07-03,125.97185635578657,5.138235435420727,0.00220829201862216,0.03669893133715618
0,1972-07-05,124.70788378146362,5.121320704906782,-0.01003376953303814,-0.01691473051394521
0,1972-07-06,124.76463430001398,5.14349993555016,0.00045506760943681,0.022179230643378567
0,1972-07-07,125.27105986924795,5.103121062861123,0.0040590474382042885,-0.04037887268903706
0,1972-07-10,125.49392178589511,5.105329923036391,0.0017790375277400017,0.0022088601752674464
0,1972-07-11,124.53149826970468,5.205726268698366,-0.007669084705412388,0.10039634566197542
0,1972-07-12,124.49578752510978,5.266981359023313,-0.00028676073998212814,0.06125509032494669
0,1972-07-13,122.61398646846271,5.3288432608735565,-0.015115379355847836,0.06186190185024376
0,1972-07-14,120.78387551042154,5.272448255821866,-0.014925792813301086,-0.056395005051690816
0,1972-07-17,122.12085897266289,5.394569389815033,0.011069221422076225,0.1221211339931676
0,1972-07-18,121.20708989539618,5.3297080262454655,-0.007482497952878475,-0.06486136356956784
0,1972-07-19,121.94650234643368,5.3387287050459316,0.006100405938923359,0.009020678800466086
0,1972-07-20,122.68248958931143,5.315905587669599,0.006035328842699528,-0.02282311737633247
0,1972-07-21,123.6495807100929,5.336738379808043,0.007882878184318542,0.020832792138444134
0,1972-07-24,125.0659780670668,5.400238076583209,0.011454930528998375,0.06349969677516576
0,1972-07-25,125.0083348498905,5.271036738803129,-0.0004609024617820978,-0.12920133778007958
0,1972-07-26,124.34671491930642,5.293101526828565,-0.0052926065400242805,0.022064788025435433
0,1972-07-27,123.93138446448735,5.248047485616002,-0.0033400999382138252,-0.04505404121256262
0,1972-07-28,123.47975367917535,5.235399304577131,-0.003644200274720788,-0.012648181038871442
0,1972-07-31,122.95901819926436,5.212845597995835,-0.004217172972857952,-0.022553706581295963
0,1972-08-01,121.55172282586278,5.26339721444837,-0.011445239186286926,0.05055161645253481
0,1972-08-02,118.93516947944421,5.24796670655817,-0.02152625471353531,-0.015430507890199507
0,1972-08-03,119.14751047117345,5.325413574080934,0.0017853507306426764,0.07744686752276397
0,1972-08-04,120.17193475160889,5.373128365926543,0.008597949519753456,0.04771479184560867
0,1972-08-07,119.17230951089826,5.445838753572136,-0.00831829197704792,0.07271038764559368
0,1972-08-08,120.26755937689761,5.445676572626423,0.009190472774207592,-0.00016218094571307518
0,1972-08-09,121.01455866490632,5.3612385347566125,0.0062111453153193,-0.08443803786981086
0,1972-08-10,119.88416363097862,5.346213759255553,-0.0093409838154912,-0.015024775501059295
0,1972-08-11,121.57450848605401,5.29083388944798,0.014099817723035812,-0.05537986980757292
0,1972-08-14,123.12555423213794,5.295888861503841,0.012757984921336174,0.005054972055861029
0,1972-08-15,123.6827372983166,5.286121582072242,0.004525324329733849,-0.009767279431599718
0,1972-08-16,124.50920166332885,5.2999300913940015,0.00668213190510869,0.01380850932175992
0,1972-08-17,124.11188313690678,5.360581224013996,-0.0031910776160657406,0.06065113261999411
0,1972-08-18,123.3614907937255,5.395153993647385,-0.006046095862984657,0.03457276963338973
0,1972-08-21,123.14252138879782,5.408169039489476,-0.0017750223632901907,0.013015045842090345
0,1972-08-22,122.7875332879744,5.45574945993374,-0.0028827418573200703,0.04758042044426425
0,1972-08-23,124.32717614748594,5.47442363566603,0.012539081275463104,0.01867417573228991
0,1972-08-24,124.85861400198719,5.443404038624796,0.004274510778486729,-0.031019597041233915
0,1972-08-25,125.53348776946628,5.370673537348852,0.005405103787779808,-0.07273050127594427
0,1972-08-28,126.31157930384242,5.217654610777336,0.0061982786282896996,-0.15301892657151583
0,1972-08-29,124.81426944170006,5.286973275389461,-0.011854098178446293,0.06931866461212532
0,1972-08-30,124.79484345661746,5.237531165241778,-0.00015563913621008396,-0.04944211014768296
0,1972-08-31,123.75748968065999,5.231127093066297,-0.008312473073601723,-0.006404072175481446
0,1972-09-01,123.44974781427791,5.144267471803496,-0.0024866524618119,-0.08685962126280078
0,1972-09-05,122.83724649370767,5.17977249098997,-0.004961543716490269,0.03550501918647431
0,1972-09-06,123.42811662412191,5.284183075443118,0.00481018703430891,0.10441058445314777
0,1972-09-07,124.76587792488309,5.2538456906608015,0.010838383808732033,-0.030337384782316512
0,1972-09-08,123.90285691588392,5.235015277665589,-0.006917123682796955,-0.018830412995212598
0,1972-09-11,122.30870248503648,5.221208866304697,-0.01286616362631321,-0.01380641136089178
0,1972-09-12,123.05009809247636,5.21549903952041,0.006061675027012825,-0.005709826784286776
0,1972-09-13,123.84756643827605,5.241592506906788,0.00648084282875061,0.026093467386377966
0,1972-09-14,123.51934729961481,5.136697348671986,-0.0026501864194869995,-0.10489515823480211
0,1972-09-15,122.86988872717697,5.016892076961566,-0.005257950164377689,-0.11980527171041988
0,1972-09-18,123.23237777025473,5.0219824719294515,0.0029501861426979303,0.0050903949678851035
0,1972-09-19,123.41935024104912,5.037776969110086,0.0015172349521890283,0.01579449718063497
0,1972-09-20,124.46294025909319,5.094898146575514,0.008455643430352211,0.057121177465427664
0,1972-09-21,125.2567863533525,5.0197438434442105,0.006378172431141138,-0.07515430313130356
0,1972-09-22,124.7189819951341,4.9362231745072895,-0.004293614532798529,-0.083520668936921
0,1972-09-25,125.12887197431202,4.999070459498899,0.0032865083776414394,0.06284728499160952
0,1972-09-26,125.08766483660028,4.902572554171041,-0.00032931758323684335,-0.09649790532785829
0,1972-09-27,125.03628758489985,4.967028740848547,-0.0004107299610041082,0.06445618667750619
0,1972-09-28,124.27254987745556,4.970798718821082,-0.0061081284657120705,0.003769977972535088
0,1972-09-29,124.01542289252227,5.002524061461961,-0.0020690569654107094,0.031725342640879006
0,1972-10-02,124.88342057862893,5.056123530596893,0.0069991108030080795,0.053599469134931965
0,1972-10-03,124.26711414081878,5.017660610476713,-0.004935054108500481,-0.038462920120180044
0,1972-10-04,125.77894101965991,5.087064093657975,0.012165945023298264,0.06940348318126244
0,1972-10-05,125.72314931756424,5.086645627965989,-0.0004435695009306073,-0.00041846569198611405
0,1972-10-06,124.57807429360155,5.098604922398555,-0.00910790916532278,0.011959294432565493
0,1972-10-11,123.08392355668254,5.093089700334325,-0.011993689462542534,-0.005515222064230052
0,1972-10-12,120.47104385745847,5.085577754768915,-0.02122844010591507,-0.0075119455654100165
0,1972-10-13,118.85448572731221,5.114691467790219,-0.013418644666671753,0.029113713021303944
0,1972-10-16,119.31304836569008,5.0724207841364,0.0038581853732466698,-0.04227068365381825
0,1972-10-17,120.20126307470223,5.064950929791095,0.00744440546259284,-0.007469854345305116
0,1972-10-18,119.36434884512222,4.984421566438352,-0.006962607614696026,-0.08052936335274286
0,1972-10-19,119.0791580085268,5.0459690411135965,-0.002389246365055442,0.06154747467524402
0,1972-10-20,120.26910549366266,5.10627416031569,0.009992911480367184,0.06030511920209314
0,1972-10-25,120.93983507699193,5.140141363423447,0.005576906725764275,0.03386720310775715
0,1972-10-26,120.52775317455136,5.089047911979993,-0.00340732978656888,-0.05109345144345401
0,1972-10-27,120.02967443327887,5.13304451328765,-0.004132481757551432,0.043996601307656924
0,1972-10-30,120.12433218317854,5.142457442866696,0.0007886195671744645,0.009412929579045937
0,1972-10-31,121.05756153667879,5.189359332384666,0.007768861949443817,0.046901889517970474
0,1972-11-01,122.51944495316805,5.197683766260652,0.012075936421751976,0.008324433875985804
0,1972-11-02,122.51548312338905,5.142620775382354,-3.23363346979022e-05,-0.055062990878298024
0,1972-11-03,122.74563119500134,5.159714626269028,0.0018785223364830017,0.017093850886674034
0,1972-11-06,123.2437653381276,5.099514524743725,0.0040582637302577496,-0.06020010152530286
0,1972-11-08,123.4857532292892,5.1438156780179956,0.0019634899217635393,0.04430115327427053
0,1972-11-09,125.47762102432652,5.186036791528938,0.016130344942212105,0.04222111351094249
0,1972-11-10,126.47239764958204,5.202032335801939,0.007927920669317245,0.015995544273001094
0,1972-11-13,126.59307239070957,5.204930117203598,0.0009541587205603719,0.002897781401658861
0,1972-11-14,125.5522121564661,5.192657333879854,-0.008222094736993313,-0.01227278332374393
0,1972-11-15,126.51788679541075,5.172094148735267,0.007691418752074242,-0.020563185144586882
0,1972-11-16,127.83685974165608,5.17364955967198,0.010425189509987831,0.0015554109367128532
0,1972-11-17,127.85520186633416,5.21852734341736,0.0001434807199984789,0.044877783745380206
0,1972-11-20,128.25382815874775,5.234719269993679,0.003117794869467616,0.01619192657631885
0,1972-11-21,127.12915696823535,5.239775289426227,-0.00876910425722599,0.0050560194325477426
0,1972-11-22,125.72421357096346,5.2755675451431445,-0.011051307432353497,0.03579225571691769
0,1972-11-24,124.99060476916524,5.302860781307535,-0.0058350637555122375,0.0272932361643905
0,1972-11-27,124.6850847500613,5.299216765689145,-0.002444343874230981,-0.0036440156183896733
0,1972-11-28,124.0192115112739,5.2748029475588085,-0.005340440198779106,-0.02441381813033683
0,1972-11-29,123.26698361389235,5.188420444692553,-0.006065414287149906,-0.0863825028662557
0,1972-11-30,122.66713584442283,5.162302218345758,-0.004866248462349176,-0.026118226346794948
0,1972-12-01,123.17816468312671,5.140727028619216,0.0041659800335764885,-0.021575189726541488
0,1972-12-04,124.13788665552993,5.1641850467361285,0.007791331969201565,0.02345801811691217
0,1972-12-05,125.58691903611177,5.112044945562178,0.011672765016555786,-0.052140101173950626
0,1972-12-06,125.97176405908601,5.063865697248071,0.0030643718782812357,-0.04817924831410725
0,1972-12-07,126.56572459873271,5.031860079651337,0.004715029150247574,-0.03200561759673359
0,1972-12-08,127.75220888649403,5.0254052400672435,0.009374451823532581,-0.006454839584093541
0,1972-12-11,128.64533355080096,5.079575526362126,0.006991070229560137,0.054170286294882075
0,1972-12-12,127.83444423923912,5.145993266964061,-0.006303293630480766,0.06641774060193573
0,1972-12-13,127.60395861825312,5.106921698580212,-0.0018030009232461452,-0.039071568383849176
0,1972-12-14,125.89506198355839,5.1095793286367925,-0.013392191380262375,0.0026576300565803734
0,1972-12-15,127.52224521572549,5.106400951971226,0.012924917042255402,-0.003178376665566418
0,1972-12-18,127.88243223891645,5.041266773467093,0.0028245034627616405,-0.06513417850413283
0,1972-12-19,128.3578831207288,5.090600393752092,0.003717874875292182,0.049333620284998325
0,1972-12-20,128.3101736377701,5.08115160221914,-0.0003716911014635116,-0.009448791532951972
0,1972-12-21,128.93064131152963,5.189913551187649,0.0048356857150793076,0.10876194896850944
0,1972-12-22,129.16368488998896,5.180566584013584,0.0018075112020596862,-0.009346967174065135
0,1972-12-26,129.64460100830794,5.189923709873529,0.0037233075127005577,0.009357125859945192
0,1972-12-27,129.32423042968708,5.190127570782838,-0.002471144776791334,0.00020386090930912815
0,1972-12-29,129.45121509934586,5.191614779559407,0.0009819093393161893,0.0014872087765684938
0,1973-01-02,129.68789884231094,5.197349352165361,0.0018283624667674303,0.0057345726059541136
0,1973-01-03,130.93095477004383,5.146407938996661,0.009584980085492134,-0.050941413168700045
0,1973-01-04,131.0263415472116,5.1720477999317325,0.0007285273168236017,0.025639860935071646
0,1973-01-05,130.54336562266505,5.1644609681268445,-0.003686097916215658,-0.00758683180488795
0,1973-01-08,129.55683256572317,5.220587183971992,-0.007557129021733999,0.056126215845147875
0,1973-01-09,129.60972572178792,5.187043826345902,0.0004082621890120208,-0.0335433576260904
0,1973-01-10,129.5277761348621,5.1881157718031155,-0.0006322796107269824,0.0010719454572134524
0,1973-01-11,130.167381382935,5.168225429421392,0.004937977530062199,-0.01989034238172316
0,1973-01-12,129.8983932144232,5.123263974239887,-0.0020664790645241737,-0.04496145518150563
0,1973-01-15,131.1274938508542,5.147003714656789,0.009462015703320503,0.023739740416901967
0,1973-01-16,130.87265643382628,5.163024616169258,-0.0019434323767200112,0.016020901512469266
0,1973-01-17,131.22866433801187,5.339502718013691,0.002720261923968792,0.1764781018444328
0,1973-01-18,129.82786103960336,5.258764618140822,-0.010674522258341312,-0.0807380998728684
0,1973-01-19,128.23012645817795,5.313901856922215,-0.012306561693549156,0.055137238781393094
0,1973-01-22,128.3455519164602,5.2914033661339275,0.0009001430589705706,-0.022498490788287917
0,1973-01-23,128.89004086477254,5.388119840937235,0.00424236711114645,0.09671647480330758
0,1973-01-24,129.48198328298162,5.467335552495002,0.004592615645378828,0.07921571155776697
0,1973-01-26,130.35138879628917,5.401166848977144,0.006714490242302418,-0.06616870351785842
0,1973-01-29,129.50742271292154,5.326536388372886,-0.006474546156823635,-0.07463046060425782
0,1973-01-30,129.1178266825141,5.4259046636662305,-0.0030082911252975464,0.09936827529334469
0,1973-01-31,130.86975398467493,5.447171694674921,0.013568438589572906,0.02126703100869065
0,1973-02-01,132.5528280122189,5.446569813472184,0.012860679998993874,-0.0006018812027370757
0,1973-02-02,134.08786045738927,5.471410981428779,0.011580533348023891,0.024841167956594745
0,1973-02-05,135.05182558236524,5.408610679376961,0.007189055904746056,-0.06280030205181752
0,1973-02-06,135.8066196634585,5.417374609967573,0.005588921718299389,0.008763930590611757
0,1973-02-07,136.04664930433177,5.3734473899935615,0.0017674369737505913,-0.0439272199740115
0,1973-02-08,139.3283685708135,5.407095077972016,0.02412201464176178,0.033647687978454854
0,1973-02-09,139.6839536894575,5.374153412849993,0.0025521372444927692,-0.032941665122023345
0,1973-02-14,140.21733515528325,5.337822997231548,0.003818487748503685,-0.03633041561844497
0,1973-02-15,141.58519502453643,5.32234727090597,0.00975528359413147,-0.01547572632557781
0,1973-02-16,142.27061730444038,5.27563570631903,0.0048410589806735516,-0.046711564586940035
0,1973-02-20,142.70278930849398,5.210518695429865,0.0030376757495105267,-0.065117010889165
0,1973-02-21,143.45695380869867,5.2242033305635545,0.005284861661493778,0.013684635133689227
0,1973-02-22,144.6431330727523,5.351054188911898,0.008268537931144238,0.12685085834834364
0,1973-02-23,143.33246367410894,5.384415069747882,-0.009061400778591633,0.033360880835983764
0,1973-02-26,142.5027498084239,5.402135075366709,-0.0057887365110218525,0.017720005618826917
0,1973-02-27,141.868876426741,5.4284526668508475,-0.004448148421943188,0.026317591484138703
0,1973-02-28,141.79704450491207,5.453348387941582,-0.0005063261487521231,0.02489572109073457
0,1973-03-01,140.90782810478203,5.4033277090260565,-0.006271050311625004,-0.05002067891552553
0,1973-03-02,141.3917290539949,5.421878998481284,0.003434166545048356,0.018551289455227327
0,1973-03-05,140.3782340480037,5.455009818127243,-0.007167993579059839,0.03313081964595899
0,1973-03-06,139.4852583901608,5.525613913868435,-0.006361211650073528,0.0706040957411922
0,1973-03-07,137.78063201875537,5.502109483599774,-0.01222083531320095,-0.02350443026866067
0,1973-03-08,138.92572488828904,5.476247700482882,0.008310985751450062,-0.025861783116892134
0,1973-03-09,138.82290394723086,5.468194678406389,-0.000740114483051002,-0.008053022076492944
0,1973-03-12,140.1019294705069,5.4052958424374955,0.009213360957801342,-0.06289883596889378
0,1973-03-13,139.66868931763372,5.4127781969750774,-0.00309232110157609,0.007482354537581948
0,1973-03-14,140.01335693561805,5.443288245655678,0.0024677515029907227,0.030510048680600477
0,1973-03-15,140.82352022394704,5.43892293132199,0.005786328576505184,-0.00436531433368792
0,1973-03-16,141.21776353973974,5.457577188710794,0.002799555892124772,0.01865425738880422
0,1973-03-19,141.45533817883094,5.41682502162356,0.0016823282930999994,-0.04075216708723417
0,1973-03-20,142.85007432506546,5.4665720689154815,0.009859904646873474,0.049747047291921476
0,1973-03-21,143.23988371573466,5.390154011068476,0.002728800754994154,-0.07641805784700573
0,1973-03-22,144.52051899196323,5.4063006892676375,0.008940493687987328,0.016146678199161713
0,1973-03-23,144.81163832849617,5.410531606307033,0.00201438064686954,0.0042309170393952655
0,1973-03-26,144.00376004352188,5.4309790704703484,-0.005578821524977684,0.020447464163315665
0,1973-03-27,144.57783186693962,5.367603669449987,0.003986505791544914,-0.06337540102036154
0,1973-03-28,145.2956364097359,5.332636787120262,0.004964831285178661,-0.03496688232972467
0,1973-03-29,146.95398096931552,5.3595277776987755,0.01141358818858862,0.026890990578513296
0,1973-03-30,147.30582932081577,5.403569606638016,0.002394275739789009,0.0440418289392408
0,1973-04-02,147.47546351261667,5.438564750052657,0.0011515782680362463,0.034995143414640495
0,1973-04-03,145.64882091625557,5.4483923594874755,-0.012386078014969826,0.00982760943481864
0,1973-04-04,147.14564452650455,5.436427574518168,0.010276935994625092,-0.011964784969307196
0,1973-04-05,145.0793287306957,5.473723586818159,-0.014042656868696213,0.0372960122999908
0,1973-04-06,144.75291021988315,5.440401124649078,-0.0022499312181025743,-0.03332246216908086
0,1973-04-09,144.03666224348743,5.43989664133512,-0.00494807306677103,-0.0005044833139580263
0,1973-04-10,145.65938070370618,5.429638698598145,0.011266009882092476,-0.01025794273697489
0,1973-04-11,145.1710526737044,5.410673871231529,-0.0033525340259075165,-0.018964827366616532
0,1973-04-12,144.14514040012364,5.423983412328557,-0.0070669203996658325,0.013309541097028088
0,1973-04-13,144.3235926708458,5.443697990108441,0.001238004071637988,0.019714577779883946
0,1973-04-16,145.17138400150313,5.464643028584482,0.00587423937395215,0.020945038476041233
0,1973-04-17,144.31306191628332,5.502993971541192,-0.0059124743565917015,0.03835094295671038
0,1973-04-18,143.39410522572814,5.5063215837391954,-0.006367799825966358,0.003327612198003038
0,1973-04-19,144.2922918752303,5.509598815158513,0.006263762712478638,0.003277231419317239
0,1973-04-23,145.1703202813549,5.528179987332614,0.006085067987442017,0.018581172174100935
0,1973-04-24,144.45243017431724,5.489729704226735,-0.004945157561451197,-0.03845028310587839
0,1973-04-25,143.7366053193928,5.477036877849678,-0.004955436568707228,-0.012692826377056932
0,1973-04-26,142.81513615799207,5.4494747473941265,-0.006410817615687847,-0.02756213045555178
0,1973-04-27,141.02705096886916,5.440362048678665,-0.012520277872681618,-0.009112698715461498
0,1973-04-30,141.44598967465686,5.454127259482059,0.002970626577734947,0.013765210803393657
0,1973-05-01,141.86834211916158,5.452287221230121,0.0029859626665711403,-0.0018400382519372371
0,1973-05-02,143.0145902381177,5.453575921134671,0.008079661056399345,0.001288699904549162
0,1973-05-03,143.73318432257196,5.464496237880076,0.005024620797485113,0.0109203167454055
0,1973-05-04,144.0781694151031,5.476837373310173,0.00240017706528306,0.012341135430096628
0,1973-05-07,144.5299673084683,5.468682387913184,0.0031357831321656704,-0.008154985396989112
0,1973-05-08,143.66783164817247,5.467334014241539,-0.005965099669992924,-0.0013483736716448647
0,1973-05-09,143.96681467697383,5.47226406418517,0.0020810714922845364,0.004930049943631332
0,1973-05-10,148.3306511980416,5.462015831758262,0.030311405658721924,-0.010248232426907755
0,1973-05-11,148.83974921555208,5.451529564585696,0.003432183526456356,-0.010486267172566066
0,1973-05-14,150.81436100961943,5.48755078988033,0.013266696594655514,0.036021225294633474
0,1973-05-15,150.23894615169823,5.4123181856950735,-0.0038153850473463535,-0.07523260418525624
0,1973-05-16,149.87852171457013,5.472374463178674,-0.002399008022621274,0.06005627748360087
0,1973-05-17,150.49158446288732,5.431782451804482,0.004090397618710995,-0.04059201137419244
0,1973-05-18,150.81657847216897,5.4083886844209985,0.0021595493890345097,-0.02339376738348342
0,1973-05-21,150.87169652229406,5.326625093692483,0.0003654641332104802,-0.08176359072851547
0,1973-05-22,151.29970483432592,5.371570497195416,0.0028369026258587837,0.044945403502932635
0,1973-05-23,153.20740312436754,5.3783643837696955,0.01260873768478632,0.006793886574279817
0,1973-05-24,152.93046327806826,5.386620100840305,-0.0018076139967888594,0.008255717070609236
0,1973-05-25,151.8682313120342,5.430275954989351,-0.006945849396288395,0.043655854149045936
0,1973-05-29,152.36524836982846,5.402409322120438,0.003272686153650284,-0.027866632868912333
0,1973-05-30,152.7435969019346,5.382284366669118,0.00248316815122962,-0.02012495545132076
0,1973-05-31,155.71940196702957,5.350107950022659,0.019482355564832687,-0.03217641664645843
0,1973-06-01,155.02373186164598,5.3067382302681185,-0.00446745939552784,-0.043369719754540625
0,1973-06-04,153.86161112209314,5.280048940769676,-0.007496405392885208,-0.026689289498442292
0,1973-06-05,154.78982076126755,5.304861363873257,0.00603275652974844,0.02481242310358045
0,1973-06-06,155.86464808744606,5.357065567281701,0.006943785585463047,0.05220420340844445
0,1973-06-07,155.82574003757838,5.4437210759265815,-0.0002496271627023816,0.08665550864488036
0,1973-06-08,156.4036602399501,5.409846610809366,0.003708759555593133,-0.03387446511721581
0,1973-06-11,158.18243167340884,5.3819189286972735,0.011372952722012997,-0.027927682112092178
0,1973-06-12,157.70769974689046,5.508960012549544,-0.003001167206093669,0.1270410838522702
0,1973-06-13,158.9513435943469,5.559207394983228,0.007885752245783806,0.05024738243368443
0,1973-06-14,159.31541070738015,5.5636040327762295,0.0022904311772435904,0.004396637793001368
0,1973-06-15,158.95900840313695,5.5855165234035375,-0.002237086184322834,0.021912490627308046
0,1973-06-18,156.98319261850204,5.549856533275727,-0.012429718859493732,-0.03565999012781074
0,1973-06-19,155.0256853872659,5.553979068242823,-0.012469533830881119,0.004122534967096136
0,1973-06-20,154.41506470186386,5.548573870808497,-0.003938835579901934,-0.005405197434326325
0,1973-06-21,156.5030626262132,5.62727289415377,0.013521983288228512,0.07869902334527357
0,1973-06-22,155.85937822810067,5.509307371094983,-0.004112918861210346,-0.11796552305878727
0,1973-06-25,156.07772075341606,5.548948956937361,0.0014008943689987063,0.03964158584237776
0,1973-06-26,155.69159156179057,5.557464915484062,-0.002473954576998949,0.008515958546701619
0,1973-06-27,156.31723524713735,5.52120655169082,0.0040184808894991875,-0.03625836379324188
0,1973-06-28,155.63613719626863,5.55033001208294,-0.004357152618467808,0.029123460392119327
0,1973-06-29,158.63268478094466,5.504150510185245,0.019253546372056007,-0.046179501897694486
0,1973-07-02,158.77363376468963,5.458908392967303,0.0008885242277756333,-0.045242117217942024
0,1973-07-03,158.53658041068968,5.456934749880957,-0.00149302720092237,-0.0019736430863463994
0,1973-07-05,159.234775880989,5.459768151114738,0.004404002334922552,0.0028334012337811743
0,1973-07-06,160.1402637100147,5.463629807976093,0.005686495453119278,0.0038616568613552005
0,1973-07-09,160.0923017459683,5.49911655425258,-0.00029949971940368414,0.035486746276486514
0,1973-07-10,158.36159856961913,5.4037316129350135,-0.01081065833568573,-0.09538494131756625
0,1973-07-11,157.93006468400867,5.3846443943786655,-0.002724990714341402,-0.019087218556347985
0,1973-07-12,157.8552617986851,5.374539118327023,-0.0004736456321552396,-0.010105276051642242
0,1973-07-13,159.65935205210997,5.370814988435274,0.01142876222729683,-0.003724129891748973
0,1973-07-16,159.47176506669624,5.410974092524038,-0.0011749201221391559,0.04015910408876344
0,1973-07-17,160.05694037823028,5.463013647980274,0.00366946030408144,0.052039555456236286
0,1973-07-18,160.7019509837168,5.436464265032522,0.00402988214045763,-0.026549382947751887
0,1973-07-19,159.05753777058393,5.467926340652324,-0.010232689790427685,0.0314620756198023
0,1973-07-20,157.23376208224954,5.46190972204322,-0.011466138064861298,-0.006016618609104185
0,1973-07-23,156.2820737500267,5.429707209583512,-0.006052697077393532,-0.03220251245970829
0,1973-07-24,154.03166184999913,5.403437024604555,-0.014399680308997631,-0.026270184978956834
0,1973-07-25,153.61046937414505,5.435733909486176,-0.00273445388302207,0.03229688488162097
0,1973-07-26,152.84769763677173,5.398250251640026,-0.004965623375028372,-0.03748365784614993
0,1973-07-27,153.62812641445,5.399117815977363,0.00510592432692647,0.0008675643373372566
0,1973-07-30,154.2713121494483,5.334111037387412,0.004186640493571758,-0.06500677858995108
0,1973-07-31,152.79500742341472,5.274980073098474,-0.009569535031914711,-0.05913096428893816
0,1973-08-01,151.8021871413347,5.283800442278337,-0.006497727241367102,0.00882036917986273
0,1973-08-02,151.76951773650538,5.308895865164829,-0.00021521036978811026,0.025095422886492358
0,1973-08-03,151.94784981487402,5.314347370916382,0.0011750190751627088,0.00545150575155251
0,1973-08-06,151.9459782064205,5.34364305873276,-1.2317439541220665e-05,0.02929568781637837
0,1973-08-07,152.27065884491174,5.374447810441579,0.002136816270649433,0.03080475170881858
0,1973-08-08,152.4250655176586,5.322753481506317,0.0010140277445316315,-0.0516943289352616
0,1973-08-09,153.00932315661697,5.332776410817539,0.0038330811075866222,0.01002292931122195
0,1973-08-10,152.48998058620643,5.218847773212574,-0.0033941890578716993,-0.11392863760496486
0,1973-08-13,151.566408666489,5.163372719879273,-0.006056607235223055,-0.05547505333330083
0,1973-08-14,152.08074607994703,5.116701936466856,0.003393478924408555,-0.04667078341241737
0,1973-08-15,153.45199003649702,5.163157200778591,0.00901655200868845,0.04645526431173508
0,1973-08-16,155.28827276979928,5.127676694685947,0.011966496706008911,-0.03548050609264397
0,1973-08-17,157.19934282999404,5.1580472846126195,0.012306596152484417,0.03037058992667241
0,1973-08-20,156.1011522298667,5.120531003700998,-0.006985974498093128,-0.03751628091162118
0,1973-08-21,155.90525440486454,5.122222589157555,-0.0012549415696412325,0.0016915854565562327
0,1973-08-22,155.97348969944395,5.193514122964289,0.0004376715514808893,0.07129153380673436
0,1973-08-23,158.13179341919164,5.028217609785124,0.013837631791830063,-0.1652965131791646
0,1973-08-24,160.68645537339285,5.049389809804384,0.016155270859599113,0.02117220001925979
0,1973-08-27,160.53995962466374,5.095074726751215,-0.0009116869769059122,0.04568491694683097
0,1973-08-28,158.88668851536423,4.97549671506068,-0.010298190638422966,-0.11957801169053539
0,1973-08-29,157.33000292054072,4.9796082422765435,-0.009797457605600357,0.0041115272158638305
0,1973-08-30,157.59208333018984,4.974537775864999,0.0016658005770295858,-0.0050704664115448494
0,1973-08-31,156.66964746338516,5.037034071155304,-0.005853313487023115,0.062496295290305426
0,1973-09-04,156.47167430457299,5.175378821282817,-0.0012636344181373715,0.13834475012751302
0,1973-09-05,156.14720167789568,5.215438458754452,-0.0020736828446388245,0.04005963747163488
0,1973-09-06,158.6060236683427,5.195219988995967,0.015746820718050003,-0.02021846975848529
0,1973-09-07,159.4118424971337,5.123510789792589,0.00508063193410635,-0.0717091992033776
0,1973-09-10,159.40146343130493,5.18223257598361,-6.510849925689399e-05,0.058721786191020975
0,1973-09-11,161.84870374016356,5.241233488733011,0.015352684073150158,0.05900091274940067
0,1973-09-12,161.72810481190638,5.2761417013253835,-0.0007451337296515703,0.034908212592372756
0,1973-09-13,163.81380820534335,5.355958051245292,0.012896357104182243,0.07981634991990827
0,1973-09-14,162.61169762775262,5.3412184379892915,-0.0073382738046348095,-0.014739613256000261
0,1973-09-17,163.03116494611385,5.269649584927513,0.0025795642286539078,-0.07156885306177863
0,1973-09-18,162.12025085054904,5.302938368499494,-0.005587361752986908,0.033288783571981284
0,1973-09-19,162.23608980364395,5.173979188909256,0.000714524881914258,-0.12895917959023784
0,1973-09-20,162.74434206085934,5.205446853730761,0.003132794052362442,0.03146766482150465
0,1973-09-21,163.09561545797123,5.173428227171642,0.0021584369242191315,-0.032018626559119134
0,1973-09-24,162.17820926792908,5.264042998466614,-0.005624959245324135,0.09061477129497231
0,1973-09-25,162.2916672883483,5.283092086812023,0.0006995885632932186,0.019049088345409082
0,1973-09-26,162.64189782926644,5.339831546773123,0.00215803156606853,0.05673945996109975
0,1973-09-27,164.67942833095594,5.326437319180544,0.01252770982682705,-0.013394227592579355
0,1973-09-28,164.52796666673157,5.2984752026260145,-0.0009197363979183137,-0.02796211655452918
0,1973-10-01,162.6801520656721,5.235511467684566,-0.011231006123125553,-0.06296373494144802
0,1973-10-02,160.81516926845626,5.272812859696225,-0.011464107781648636,0.03730139201165894
0,1973-10-03,161.20318541592485,5.271851333359252,0.0024128081277012825,-0.0009615263369733285
0,1973-10-04,159.11567001587923,5.3117238884613975,-0.012949591502547264,0.03987255510214549
0,1973-10-05,156.48315111748542,5.245110806648216,-0.016544686630368233,-0.06661308181318137
0,1973-10-10,156.25410465723112,5.205261686340927,-0.0014637132408097386,-0.03984912030728882
0,1973-10-11,156.07331520784652,5.205295892065605,-0.0011570220813155174,3.4205724677605076e-05
0,1973-10-12,155.09190128648729,5.1980855996517565,-0.006288159638643265,-0.007210292413848407
0,1973-10-15,157.3274120349262,5.166903584997516,0.014414103701710701,-0.031182014654240753
0,1973-10-16,155.55052564366764,5.209157476323401,-0.011294194497168064,0.04225389132588564
0,1973-10-17,155.68524784799072,5.271751037094313,0.0008660993189550936,0.06259356077091116
0,1973-10-18,156.60009293864817,5.242434376218572,0.005876247771084309,-0.029316660875740475
0,1973-10-19,157.33268520045277,5.206617169143708,0.0046781087294220924,-0.03581720707486369
0,1973-10-24,157.5175826978847,5.184367586454184,0.0011752007994800806,-0.022249582689524594
0,1973-10-25,160.13739605989758,5.051966568868747,0.016631878912448883,-0.13240101758543688
0,1973-10-26,158.11248245427052,4.982926805732565,-0.012644851580262184,-0.06903976313618188
0,1973-10-29,157.75161886993624,4.8898221435133244,-0.0022823219187557697,-0.09310466221924063
0,1973-10-30,153.95319306376115,4.911146627392647,-0.024078521877527237,0.021324483879322287
0,1973-10-31,153.7355952362888,4.8890870434401785,-0.0014134024968370795,-0.02205958395246821
0,1973-11-01,152.09934638078016,4.861405282073947,-0.010643266141414642,-0.027681761366231683
0,1973-11-02,151.36053810000706,4.86953564993543,-0.00485740602016449,0.008130367861483023
0,1973-11-05,153.27531796968526,4.837469956876989,0.01265045627951622,-0.03206569305844109
0,1973-11-08,152.32525314425737,4.849065774969328,-0.006198420189321041,0.01159581809233945
0,1973-11-09,148.89919087570837,4.710692968454487,-0.022491754963994026,-0.13837280651484107
0,1973-11-12,146.35516625249076,4.646746696110248,-0.017085550352931023,-0.06394627234423922
0,1973-11-13,141.7751250409773,4.511077518788848,-0.031294018030166626,-0.13566917732140027
0,1973-11-14,127.39797981018309,4.080749237056926,-0.10140809416770935,-0.4303282817319216
0,1973-11-15,135.60663674890694,4.4460766194176085,0.06443317979574203,0.3653273823606824
0,1973-11-16,138.7821522273372,4.543253074713515,0.02341710962355137,0.0971764552959069
0,1973-11-19,142.1762682499775,4.530796567867323,0.024456430226564407,-0.012456506846191928
0,1973-11-20,131.14675383165152,4.224599234601898,-0.07757633924484253,-0.3061973332654251
0,1973-11-21,125.80820987762795,4.151776722975283,-0.04070664197206497,-0.07282251162661524
0,1973-11-23,129.45762082238394,4.229508964595452,0.02900773286819458,0.07773224162016845
0,1973-11-26,123.79228022806053,3.9182184246623475,-0.043762125074863434,-0.31129053993310407
0,1973-11-27,120.91803897686557,3.83243563488835,-0.02321825921535492,-0.08578278977399734
0,1973-11-28,124.39104906930264,3.852576611422608,0.028722018003463745,0.02014097653425795
0,1973-11-29,128.01169293149795,3.859813030113101,0.029106948524713516,0.007236418690492741
0,1973-11-30,130.65090080260845,3.8502288453774725,0.0206169281154871,-0.009584184735628387
0,1973-12-03,130.2430053106351,3.9882201090723175,-0.003122025867924094,0.13799126369484505
0,1973-12-04,132.40809709393073,4.086217542795343,0.01662347838282585,0.09799743372302583
0,1973-12-05,134.54685700963068,4.169243015735641,0.01615278795361519,0.08302547294029772
0,1973-12-06,137.45017762304582,4.2427893540239205,0.021578509360551834,0.0735463382882795
0,1973-12-07,141.0264645418431,4.075578761631919,0.026018787175416946,-0.16721059239200198
0,1973-12-10,139.48298364058684,4.0518759906651045,-0.010944618843495846,-0.023702770966814057
0,1973-12-11,138.9552541161042,4.080845380445402,-0.0037834688555449247,0.02896938978029784
0,1973-12-12,135.8766290399753,4.047482766061446,-0.022155513986945152,-0.03336261438395649
0,1973-12-13,134.92053141171027,3.9966670633885846,-0.007036512717604637,-0.050815702672861285
0,1973-12-14,131.2131020974643,3.9540901754574667,-0.027478614822030067,-0.04257688793111791
0,1973-12-17,134.50228810175932,4.15576759283836,0.025067511945962906,0.20167741738089306
0,1973-12-18,138.23933188777897,4.140419714909658,0.027784239500761032,-0.015347877928701514
0,1973-12-19,136.25395354749602,4.572505332199129,-0.014361891895532608,0.4320856172894709
0,1973-12-20,137.77533039695834,4.646916387330203,0.011165744625031948,0.07441105513107349
0,1973-12-21,139.08521159321768,4.6515286922545185,0.009507371112704277,0.004612304924315858
0,1973-12-27,139.69398821673596,4.6909586437816735,0.004377004690468311,0.039429951527155005
0,1973-12-28,136.49322233115157,4.832987824537383,-0.02291269600391388,0.14202918075570992
0,1973-12-31,132.73170514207465,4.805837031734058,-0.02755827084183693,-0.027150792803324997
0,1974-01-02,131.0874178211342,4.781229015353045,-0.01238805241882801,-0.02460801638101362
0,1974-01-03,128.84680492665032,4.817754629846219,-0.01709250919520855,0.03652561449317382
0,1974-01-04,130.5757360587125,4.862259253219448,0.013418502174317837,0.04450462337322936
0,1974-01-07,130.6159270442715,4.8870040073284216,0.00030779826920479536,0.024744754108973588
0,1974-01-08,133.76955270463512,5.036888655179499,0.024144265800714493,0.1498846478510778
0,1974-01-09,137.00639214812503,5.096850463172025,0.024197131395339966,0.059961807992525706
0,1974-01-10,135.21498538357304,5.085534894036306,-0.01307535171508789,-0.01131556913571874
0,1974-01-11,136.12840025988118,5.0970138638378995,0.006755278445780277,0.01147896980159313
0,1974-01-14,138.221966785289,5.033738884592776,0.015379351563751698,-0.06327497924512304
0,1974-01-15,135.83161416201133,5.030041553064794,-0.017293579876422882,-0.0036973315279826835
0,1974-01-16,137.4982794302223,5.039353818537851,0.012270083650946617,0.009312265473057302
0,1974-01-17,141.73645929660765,5.005640757979514,0.030823512002825737,-0.03371306055833667
0,1974-01-18,145.18761781155357,5.026823043776027,0.024349123239517212,0.021182285796512268
0,1974-01-21,137.6943798656367,4.94084910987123,-0.05161072313785553,-0.08597393390479624
0,1974-01-22,139.12587064353437,5.010536984219316,0.010396145284175873,0.06968787434808554
0,1974-01-23,141.33990998096414,4.9905891385295735,0.015913929790258408,-0.019947845689742394
0,1974-01-24,140.37277636836617,5.136574983947979,-0.006842608097940683,0.1459858454184051
0,1974-01-25,142.0607201200066,5.161619903537523,0.01202472299337387,0.025044919589544357
0,1974-01-28,139.23872219493936,5.097421091574896,-0.019864730536937714,-0.06419881196262711
0,1974-01-29,141.3126851057771,5.0190441846497755,0.014895015396177769,-0.07837690692512034
0,1974-01-30,138.96881419948136,5.035632571005542,-0.016586415469646454,0.016588386355766538
0,1974-01-31,137.95605755168688,5.055284323860085,-0.007287654094398022,0.019651752854542792
0,1974-02-01,140.2300588787264,5.004222996245309,0.016483519226312637,-0.051061327614776
0,1974-02-04,140.1504565409162,5.167900382141624,-0.000567655311897397,0.16367738589631475
0,1974-02-05,139.7715950915122,5.270924541709864,-0.002703248057514429,0.10302415956823996
0,1974-02-06,142.33037030753098,5.295585354157533,0.018306832760572433,0.024660812447669045
0,1974-02-07,142.2431429646957,5.433167351291907,-0.0006128512322902679,0.13758199713437413
0,1974-02-08,138.39849117441184,5.3380194828938325,-0.027028732001781464,-0.09514786839807421
0,1974-02-11,136.16712109970018,5.314342555247225,-0.016122791916131973,-0.02367692764660756
0,1974-02-14,138.80219250791777,5.310842888513698,0.019351745024323463,-0.0034996667335267517
0,1974-02-15,141.54869974016862,5.309273909490388,0.019787203520536423,-0.001568979023310213
0,1974-02-19,137.96826169055439,5.153840320984688,-0.025294743478298187,-0.15543358850569966
0,1974-02-20,139.19630909596358,5.014327109450825,0.008900941349565983,-0.1395132115338633
0,1974-02-21,137.65054107806657,5.002680487442984,-0.011104949750006199,-0.011646622007840612
0,1974-02-22,137.6302545028409,5.01465460410859,-0.00014737737365067005,0.01197411666560555
0,1974-02-25,137.251493318618,5.044271934166207,-0.002752019790932536,0.029617330057616797
0,1974-02-26,135.19545348873368,4.956331321899259,-0.014980090782046318,-0.08794061226694794
0,1974-02-27,137.54294415176278,4.9752836223120145,0.01736368052661419,0.01895230041275564
0,1974-02-28,139.5845850341955,4.971255517648269,0.014843661338090897,-0.004028104663745147
0,1974-03-01,140.39762726629957,5.010444076152759,0.005824727937579155,0.03918855850448999
0,1974-03-04,137.24600492623318,4.986124886404014,-0.02244783192873001,-0.024319189748744918
0,1974-03-05,134.95113455064745,4.945346181635443,-0.016720853745937347,-0.04077870476857104
0,1974-03-06,135.05593137722187,4.860847238907225,0.0007765538757666945,-0.08449894272821812
0,1974-03-07,133.66665115321584,4.913643580897549,-0.010286702774465084,0.0527963419903239
0,1974-03-08,134.03477228698384,4.996843442913854,0.002754023764282465,0.08319986201630503
0,1974-03-11,133.91520647712719,4.961179009058996,-0.0008920506807044148,-0.0356644338548584
0,1974-03-12,131.97366564538984,4.860497954279169,-0.01449828501790762,-0.1006810547798267
0,1974-03-13,130.72274119548607,4.8865262938240095,-0.00947859138250351,0.026028339544840406
0,1974-03-14,129.58382146059768,4.827985064790264,-0.008712483569979668,-0.0585412290337457
0,1974-03-15,126.3754920500519,4.848453664939388,-0.0247587189078331,0.020468600149124327
0,1974-03-18,125.30402945218097,4.880620414013717,-0.008478404954075813,0.032166749074328926
0,1974-03-19,125.07211746841568,4.886179992798279,-0.0018507943022996187,0.005559578784562369
0,1974-03-20,127.36131539255105,4.9170890613325335,0.018303023651242256,0.030909068534254125
0,1974-03-21,126.34421910207575,4.885967199347749,-0.007985912263393402,-0.031121861984784616
0,1974-03-22,128.57499597790576,4.881135494908173,0.017656343057751656,-0.0048317044395762565
0,1974-03-25,131.30928242431727,4.865360581533324,0.021266082301735878,-0.015774913374849042
0,1974-03-26,131.59728170470348,4.948358874754677,0.002193289576098323,0.08299829322135377
0,1974-03-27,132.6323649875214,4.912647419954713,0.007865536957979202,-0.03571145479996396
0,1974-03-28,130.8200608233429,4.886994501352257,-0.013664117082953453,-0.02565291860245633
0,1974-03-29,128.82105098755346,4.85882663938831,-0.015280606225132942,-0.02816786196394716
0,1974-04-01,127.248893833151,4.8860930037672805,-0.012204194441437721,0.027266364378970565
0,1974-04-02,126.8357989446549,4.900756391053056,-0.0032463534735143185,0.014663387285775542
0,1974-04-03,126.62794722671958,4.883251751194123,-0.001638746471144259,-0.01750463985893269
0,1974-04-04,125.47667714272508,4.869384774941812,-0.009091753512620926,-0.013866976252311147
0,1974-04-05,125.94183079000324,4.788409250210695,0.0037070924881845713,-0.0809755247311168
0,1974-04-08,126.86017804929922,4.768374346771017,0.00729183666408062,-0.02003490343967851
0,1974-04-09,128.07892428747985,4.738873024924412,0.009607004001736641,-0.029501321846605144
0,1974-04-10,127.89822326070546,4.714343936629351,-0.00141085684299469,-0.024529088295060397
0,1974-04-11,128.46405055955898,4.702243184958672,0.004424043465405703,-0.0121007516706797
0,1974-04-15,126.79047971062641,4.658830008291414,-0.013027542270720005,-0.04341317666725786
0,1974-04-16,125.2614186907785,4.688701987601557,-0.01205974631011486,0.029871979310143182
0,1974-04-17,126.12103937774475,4.700395161674152,0.006862613372504711,0.011693174072594736
0,1974-04-18,126.74695340944541,4.782987108266399,0.004962804261595011,0.08259194659224711
0,1974-04-19,124.09002972224172,4.8107496944286865,-0.02096242643892765,0.02776258616228766
0,1974-04-22,124.9140996537655,4.7065888079917455,0.006640903651714325,-0.10416088643694099
0,1974-04-23,123.2946966306403,4.760634821931852,-0.01296413317322731,0.05404601394010644
0,1974-04-24,124.45321595092022,4.827241995758381,0.009396343491971493,0.06660717382652948
0,1974-04-25,124.62636802904564,4.863567222275155,0.0013913025613874197,0.036325226516773945
0,1974-04-26,123.61325048737427,4.8314264607265205,-0.008129239082336426,-0.03214076154863488
0,1974-04-29,123.94919310669366,4.761428909061093,0.002717691008001566,-0.06999755166542787
0,1974-04-30,124.17282042290053,4.828711143725576,0.0018041853327304125,0.06728223466448302
0,1974-05-01,126.1262334089287,4.788802460047122,0.015731405466794968,-0.039908683678453905
0,1974-05-02,126.60358789495413,4.845452217575369,0.003784735919907689,0.05664975752824741
0,1974-05-03,126.90277210797404,4.914354044635424,0.002363157458603382,0.06890182706005454
0,1974-05-06,127.77036241280415,4.8831002166637,0.006836653687059879,-0.0312538279717236
0,1974-05-07,126.16061018137198,4.89557593212147,-0.012598792091012001,0.01247571545776971
0,1974-05-08,127.12244449557468,4.95520781020119,0.007623887620866299,0.05963187807972048
0,1974-05-09,128.98939615712467,4.941895777481693,0.01468624733388424,-0.013312032719497324
0,1974-05-10,128.0374363531647,4.977095732824482,-0.007380140013992786,0.0351999553427893
0,1974-05-13,127.3576139191808,4.930499451997538,-0.005309559870511293,-0.046596280826944
0,1974-05-14,125.1434834888688,4.909071585592381,-0.017385143786668777,-0.02142786640515748
0,1974-05-15,124.7987684331601,4.988280411246065,-0.002754558576270938,0.07920882565368448
0,1974-05-16,123.45126818332072,4.879844968501186,-0.010797384195029736,-0.10843544274487904
0,1974-05-17,121.56380722840134,4.888215048075757,-0.015289117582142353,0.008370079574571143
0,1974-05-20,122.40122764226673,4.855237227902086,0.006888731382787228,-0.03297782017367101
0,1974-05-21,121.80342239115903,4.9040665547105675,-0.004883980844169855,0.04882932680848118
0,1974-05-22,122.99055872372608,5.0096479572850425,0.009746329858899117,0.10558140257447501
0,1974-05-23,123.64717277502527,4.98559018663501,0.0053387354128062725,-0.024057770650032673
0,1974-05-24,123.11272330547219,4.936636535033728,-0.004322375170886517,-0.04895365160128229
0,1974-05-28,122.1455955878013,4.959213698916555,-0.007855627685785294,0.022577163882827378
0,1974-05-29,121.74122756650077,5.029741624609814,-0.003310541156679392,0.07052792569325916
0,1974-05-30,123.77733621794314,5.070141498620244,0.01672489009797573,0.040399874010430104
0,1974-05-31,124.39825774822734,5.098573773216443,0.0050164395943284035,0.02843227459619868
0,1974-06-03,124.55399645824961,5.125552064607164,0.001251936424523592,0.026978291390721054
0,1974-06-04,124.02757204523725,5.134438727774008,-0.004226475488394499,0.008886663166843611
0,1974-06-05,124.9318235014268,5.115620341767909,0.007290729321539402,-0.018818386006098642
0,1974-06-06,125.4834252924752,5.143631627263725,0.004415222443640232,0.028011285495815663
0,1974-06-07,125.23310893281936,5.186641944139787,-0.001994816120713949,0.04301031687606205
0,1974-06-10,124.47841348235045,5.207046822019637,-0.006026325281709433,0.02040487787985068
0,1974-06-11,123.96839055683857,5.261936758115615,-0.004097280092537403,0.05488993609597781
0,1974-06-12,124.24444902116059,5.223622488808948,0.002226845594123006,-0.03831426930666737
0,1974-06-13,125.53979430896274,5.319321359333706,0.010425779968500137,0.09569887052475856
0,1974-06-14,125.40330339467206,5.374218909073031,-0.0010872322600334883,0.0548975497393247
0,1974-06-17,125.16224838044053,5.331012526359256,-0.001922238152474165,-0.04320638271377497
0,1974-06-18,124.49600783567682,5.360516475476834,-0.0053230151534080505,0.029503949117578365
0,1974-06-19,124.80166238441895,5.376389393929648,0.002455135341733694,0.015872918452813245
0,1974-06-20,124.97688377068965,5.542049863582178,0.0014039988163858652,0.16566046965253012
0,1974-06-21,123.05513890764996,5.518882572576491,-0.015376802533864975,-0.02316729100568704
0,1974-06-24,121.36930069393591,5.4859898134061424,-0.01369986031204462,-0.032892759170348285
0,1974-06-25,120.07856918607483,5.494173829850172,-0.01063474453985691,0.008184016444029218
0,1974-06-26,118.37609742189807,5.487258022594485,-0.01417798176407814,-0.0069158072556865235
0,1974-06-27,117.45383316622758,5.414591378601143,-0.0077909668907523155,-0.0726666439933421
0,1974-06-28,116.28084148935599,5.481386960178655,-0.009986831806600094,0.06679558157751231
0,1974-07-01,117.46636778103644,5.48990271803429,0.010195370763540268,0.008515757855634298
0,1974-07-02,116.78114609600654,5.439958750156477,-0.005833343602716923,-0.04994396787781241
0,1974-07-03,118.00637731353201,5.453462517608744,0.010491686873137951,0.013503767452267113
0,1974-07-05,118.39731486682238,5.464918142803608,0.003312851069495082,0.01145562519486365
0,1974-07-08,118.79926170505388,5.359342247977837,0.003394898260012269,-0.10557589482577079
0,1974-07-09,119.62586009596626,5.371518981788963,0.00695794215425849,0.012176733811125828
0,1974-07-10,119.95349996820289,5.367383957281135,0.0027388716116547585,-0.004135024507828433
0,1974-07-11,119.12777271949629,5.326194416218395,-0.006883727852255106,-0.04118954106273964
0,1974-07-12,118.26088022287942,5.366902245453338,-0.007276997435837984,0.040707829234943205
0,1974-07-15,119.19857240278826,5.4114768019525075,0.007929014042019844,0.044574556499169304
0,1974-07-16,120.32478818432098,5.395209302312211,0.009448232129216194,-0.01626749964029628
0,1974-07-17,118.64835735366245,5.372557201298009,-0.013932547532022,-0.02265210101420223
0,1974-07-18,117.37070432239588,5.38475160200147,-0.010768400505185127,0.012194400703460673
0,1974-07-19,116.93907722544856,5.414339710836615,-0.0036774687469005585,0.029588108835145732
0,1974-07-22,115.4812000715766,5.4355388781833,-0.012466980144381523,0.021199167346684256
0,1974-07-23,115.25804087464186,5.428716396293844,-0.0019324288005009294,-0.006822481889456
0,1974-07-24,115.31009489504262,5.371929639082372,0.000451630272436887,-0.05678675721147197
0,1974-07-25,115.19246907111803,5.370329695886022,-0.0010200826218351722,-0.00159994319635004
0,1974-07-26,115.82211466773038,5.335280791910966,0.005466030910611153,-0.035048903975055445
0,1974-07-29,116.14884902196671,5.271253494711798,0.0028210014570504427,-0.06402729719916778
0,1974-07-30,116.08309867257259,5.208306433757161,-0.0005660869646817446,-0.0629470609546372
0,1974-07-31,116.42688577900435,5.214455537775414,0.002961560385301709,0.006149104018252416
0,1974-08-01,116.6386016183968,5.281409846646016,0.0018184445798397064,0.06695430887060283
0,1974-08-02,116.65703493501314,5.284553384362865,0.00015803787391632795,0.003143537716848499
0,1974-08-05,117.26745209494231,5.3211539089674655,0.0052325790748000145,0.036600524604600615
0,1974-08-06,115.31733155752814,5.355323069327487,-0.01662968285381794,0.0341691603600216
0,1974-08-07,114.65775360565421,5.368469541610745,-0.005719677545130253,0.013146472283257715
0,1974-08-08,114.75065438307495,5.330399220649365,0.0008102441788651049,-0.03807032096137952
0,1974-08-09,114.53271039915697,5.381801335817163,-0.0018992831464856863,0.05140211516779747
0,1974-08-12,115.06625769325309,5.307152681668639,0.0046584708616137505,-0.07464865414852362
0,1974-08-13,114.4725774025789,5.25723480382914,-0.005159464664757252,-0.049917877839499525
0,1974-08-14,114.81008017871982,5.287881768532276,0.0029483286198228598,0.030646964703135993
0,1974-08-15,114.23896627795938,5.300145179782937,-0.004974422976374626,0.012263411250660994
0,1974-08-16,114.17890923906798,5.329647305139873,-0.0005257141310721636,0.029502125356936304
0,1974-08-19,114.72275542034679,5.391223253115342,0.004763105418533087,0.06157594797546917
0,1974-08-20,116.05287704101256,5.383888567080261,0.011594226583838463,-0.007334686035081361
0,1974-08-21,116.6730284558232,5.388145907118103,0.0053436970338225365,0.004257340037842283
0,1974-08-22,118.52474777590649,5.414516783208369,0.015871014446020126,0.026370876090266115
0,1974-08-23,118.1098429556925,5.434296761994946,-0.0035005754325538874,0.01977997878657689
0,1974-08-26,117.02884108292096,5.434383789074493,-0.00915251299738884,8.702707954721944e-05
0,1974-08-27,117.39995849447867,5.463904097961041,0.0031711619812995195,0.029520308886548108
0,1974-08-28,118.80721187086606,5.462678584762511,0.011986830271780491,-0.0012255131985305923
0,1974-08-29,118.97550139646356,5.474219987689248,0.0014164925087243319,0.011541402926737554
0,1974-08-30,118.37897845490917,5.470931155644262,-0.005013830028474331,-0.0032888320449862007
0,1974-09-03,118.24616391958531,5.443541456090083,-0.0011219435837119818,-0.02738969955417936
0,1974-09-04,117.93683108605732,5.491741459994314,-0.0026160073466598988,0.04820000390423118
0,1974-09-05,118.28256437193815,5.439725703559806,0.002931512426584959,-0.05201575643450784
0,1974-09-06,118.27671773317473,5.4567641422396465,-4.94294217787683e-05,0.01703843867984034
0,1974-09-09,119.85337826854314,5.455093359867764,0.013330269604921341,-0.001670782371882673
0,1974-09-10,121.0329815763746,5.49369149774135,0.009842053055763245,0.03859813787358579
0,1974-09-11,120.25483649296235,5.568519781065272,-0.0064291986636817455,0.07482828332392266
0,1974-09-12,118.57317893462003,5.550514185006275,-0.013984115794301033,-0.01800559605899732
0,1974-09-13,117.14175129385956,5.543697046191415,-0.012072103098034859,-0.006817138814859902
0,1974-09-16,115.98553731302331,5.542296468578729,-0.009870212525129318,-0.0014005776126859715
0,1974-09-17,115.09999317187628,5.5287771317263905,-0.0076349531300365925,-0.013519336852338526
0,1974-09-18,115.72590682337854,5.522780767582418,0.005437999032437801,-0.005996364143972421
0,1974-09-19,115.85315248195668,5.545465628668364,0.0010995434131473303,0.022684861085945585
0,1974-09-20,117.13643970545975,5.521634973177143,0.011076843366026878,-0.023830655491220654
0,1974-09-23,116.58376761099528,5.598923324190661,-0.004718190990388393,0.07728835101351805
0,1974-09-24,116.9140289755104,5.578490915059055,0.002832824597135186,-0.020432409131606377
0,1974-09-25,118.47057307121563,5.626329211635473,0.013313578441739082,0.04783829657641814
0,1974-09-26,121.051693309218,5.6324141100043805,0.021787015721201897,0.006084898368907687
0,1974-09-27,121.31448323229851,5.621386663543993,0.0021708901040256023,-0.011027446460387225
0,1974-09-30,119.92167220181697,5.633233888178049,-0.011480995453894138,0.011847224634055742
0,1974-10-01,119.68405175563421,5.79309453629451,-0.001981463748961687,0.15986064811646106
0,1974-10-02,119.36510746348236,5.90649275234915,-0.0026648854836821556,0.11339821605464007
0,1974-10-03,118.63696714866751,5.8935735292426035,-0.0061001102440059185,-0.012919223106546696
0,1974-10-04,118.85648199942311,5.946555315828864,0.0018503073370084167,0.05298178658626096
0,1974-10-07,119.31954578550754,5.883413203177177,0.003895991016179323,-0.06314211265168712
0,1974-10-08,119.03360816562504,6.091316094508237,-0.0023964021820575,0.20790289133105944
0,1974-10-09,117.91787590476588,6.118263582435886,-0.009373254142701626,0.026947487927649227
0,1974-10-10,116.92998190451335,6.170357925414405,-0.00837781373411417,0.05209434297851878
0,1974-10-11,116.70468230399207,6.260384490548686,-0.001926790690049529,0.09002656513428153
0,1974-10-16,115.15131827490391,6.217562941555405,-0.013310211710631847,-0.042821548993281056
0,1974-10-17,115.50348478797736,6.217729839364225,0.003058293368667364,0.00016689780881939953
0,1974-10-18,115.31828088156169,6.346150738988652,-0.0016034486470744014,0.1284208996244276
0,1974-10-21,114.35192759428423,6.324377044288672,-0.008379879407584667,-0.021773694699979806
0,1974-10-22,116.18122518229161,6.295768370724604,0.015997085720300674,-0.02860867356406871
0,1974-10-23,117.5441573776125,6.29127324395862,0.011731088161468506,-0.004495126765983848
0,1974-10-24,117.82898663716647,6.046955157055978,0.002423168160021305,-0.24431808690264223
0,1974-10-25,117.72139463391228,6.125978843598542,-0.0009131199913099408,0.07902368654256442
0,1974-10-28,116.93379375043509,6.18489976592363,-0.006690380163490772,0.05892092232508794
0,1974-10-29,117.61087622783499,6.021483655703361,0.005790306255221367,-0.16341611022026914
0,1974-10-30,119.12652563067626,5.972248114767622,0.012886983342468739,-0.04923554093573923
0,1974-10-31,119.31065384453994,5.981755960077942,0.0015456525143235922,0.009507845310320562
0,1974-11-01,119.37221420076041,6.081560474666723,0.0005159669672138989,0.09980451458878115
0,1974-11-04,118.13421057675984,6.15526723214001,-0.010370953008532524,0.07370675747328637
0,1974-11-07,117.78198396592244,6.150304951226719,-0.0029815800953656435,-0.004962280913290762
0,1974-11-08,117.43735602830104,6.231519998195372,-0.002925981767475605,0.08121504696865323
0,1974-11-13,118.36255321174053,6.345384407356063,0.007878218777477741,0.11386440916069063
0,1974-11-14,117.07267904741602,6.357039723156862,-0.010897654108703136,0.011655315800799038
0,1974-11-15,118.09860202359195,6.44237680773434,0.008763128891587257,0.08533708457747835
0,1974-11-18,118.70399222083918,6.367079188980499,0.00512614194303751,-0.075297618753841
0,1974-11-19,118.448866406953,6.39388771356703,-0.002149260602891445,0.026808524586530602
0,1974-11-20,118.82272845928982,6.330130043554611,0.003156316000968218,-0.06375767001241872
0,1974-11-21,119.29429101717905,6.315198505780565,0.003968622535467148,-0.014931537774046433
0,1974-11-22,118.56495316528829,6.330188103139633,-0.006113769952207804,0.014989597359068796
0,1974-11-25,118.5139554647242,6.27893758130404,-0.0004301245789974928,-0.051250521835593865
0,1974-11-26,119.4689287084509,6.360361451333728,0.008057896979153156,0.08142387002968832
0,1974-11-27,119.50226068905546,6.39124308505972,0.00027900125132873654,0.030881633725992508
0,1974-11-29,118.93997092041873,6.343392255810419,-0.004705264698714018,-0.04785082924930162
0,1974-12-02,120.18313099308372,6.301413144763172,0.010451995767652988,-0.0419791110472465
0,1974-12-03,121.20055478593551,6.304865991719918,0.008465612307190895,0.0034528469567458586
0,1974-12-04,121.19441578999567,6.404118304904932,-5.065154982730746e-05,0.09925231318501382
0,1974-12-05,122.88864998448645,6.42286899472976,0.01397947408258915,0.018750689824828193
0,1974-12-06,123.43794222669372,6.406984222761204,0.004469837062060833,-0.01588477196855642
0,1974-12-09,123.49340916505864,6.341032537304762,0.00044935080222785473,-0.06595168545644192
0,1974-12-10,122.49718223156383,6.364129668907806,-0.008067045360803604,0.02309713160304394
0,1974-12-11,122.52099840349472,6.504206208943614,0.00019442220218479633,0.1400765400358086
0,1974-12-12,122.6025699110231,6.508011122064963,0.0006657757330685854,0.0038049131213488963
0,1974-12-13,123.64865897010806,6.541754962916663,0.008532358333468437,0.03374384085169968
0,1974-12-16,123.76157033692185,6.555660484092839,0.000913162890356034,0.013905521176176272
0,1974-12-17,123.84212032547177,6.529666976226763,0.000650848145596683,-0.025993507866076015
0,1974-12-18,122.94933000164906,6.5179174845352525,-0.0072091007605195045,-0.011749491691510627
0,1974-12-19,123.36700911724289,6.505342458083646,0.003397164633497596,-0.012575026451606242
0,1974-12-20,124.51296976843628,6.446402403957509,0.009289036504924297,-0.05894005412613712
0,1974-12-23,125.90201839366239,6.397196581600631,0.011155854910612106,-0.049205822356878315
0,1974-12-24,125.98560990913116,6.416920509881544,0.0006639410275965929,0.019723928280913405
0,1974-12-26,126.66247394029543,6.3817044960336675,0.005372550338506699,-0.03521601384787676
0,1974-12-27,126.77152945029466,6.415258890096041,0.0008609930519014597,0.03355439406237348
0,1974-12-30,126.70796346342968,6.434339518734647,-0.0005014216294512153,0.019080628638605823
0,1974-12-31,124.8432574059401,6.484271013313572,-0.014716565608978271,0.04993149457892532
0,1975-01-02,123.91883647734959,6.4368624620635995,-0.007404652424156666,-0.047408551249972675
0,1975-01-03,122.41152809111823,6.503776038023148,-0.012163674458861351,0.06691357595954894
0,1975-01-06,121.57929220264808,6.55415123671459,-0.006798672489821911,0.0503751986914418
0,1975-01-07,122.32585407324635,6.5375306158017255,0.006140534766018391,-0.01662062091286476
0,1975-01-08,123.29109483563411,6.467634748672868,0.007890733890235424,-0.06989586712885743
0,1975-01-09,122.49376097693168,6.457891318083875,-0.006467083934694529,-0.009743430588993185
0,1975-01-10,121.49825860823907,6.491523737224657,-0.00812696386128664,0.03363241914078241
0,1975-01-13,119.85950726410577,6.5031943931651455,-0.013487858697772026,0.011670655940488217
0,1975-01-14,120.01454712194081,6.468533245525627,0.0012935132253915071,-0.03466114763951822
0,1975-01-15,122.20727111729116,6.4071597634234845,0.01827048510313034,-0.06137348210214277
0,1975-01-16,122.76359875970469,6.399808173783423,0.004552328493446112,-0.007351589640061107
0,1975-01-17,122.34140598372589,6.453733678540556,-0.0034390713553875685,0.053925504757132536
0,1975-01-20,122.1709920802375,6.500338267189558,-0.0013929372653365135,0.046604588649001855
0,1975-01-21,123.20648943551107,6.428310194393652,0.008475803770124912,-0.07202807279590573
0,1975-01-22,124.04461985214456,6.418550980258679,0.006802648305892944,-0.009759214134972716
0,1975-01-23,124.00485245072868,6.346828184552537,-0.0003205894900020212,-0.07172279570614215
0,1975-01-24,125.68278525076599,6.38635305401845,0.013531186617910862,0.039524869465912715
0,1975-01-27,124.21296565091764,6.374979046916874,-0.011694677174091339,-0.011374007101576211
0,1975-01-28,123.30109168974137,6.419369318098933,-0.0073412139900028706,0.04439027118205896
0,1975-01-29,122.02829871364554,6.450893158396576,-0.01032264158129692,0.03152384029764299
0,1975-01-30,122.88936456208238,6.430593684706451,0.007056280039250851,-0.02029947369012497
0,1975-01-31,122.95593120484071,6.406751857294881,0.0005416794447228312,-0.023841827411569483
0,1975-02-03,124.57744068265508,6.327585415382288,0.013187728822231293,-0.07916644191259348
0,1975-02-04,123.84534334923677,6.34951674788802,-0.005876644514501095,0.021931332505732648
0,1975-02-05,123.84522065635004,6.418144399400566,-9.906943887472153e-07,0.06862765151254546
0,1975-02-06,123.14345442925787,6.451950902897962,-0.00566647807136178,0.033806503497396
0,1975-02-07,124.16682899795008,6.39252885184982,0.008310426026582718,-0.059422051048142244
0,1975-02-10,125.03549691876381,6.382783613835826,0.006995974108576775,-0.009745238013993962
0,1975-02-11,125.40732096581961,6.4580048606674,0.002973747905343771,0.07522124683157472
0,1975-02-14,126.70292890123955,6.223114015223336,0.010331198573112488,-0.23489084544406413
0,1975-02-18,125.98601349052637,6.119720910593109,-0.005658238660544157,-0.10339310463022677
0,1975-02-19,125.59706624406611,6.124174295731639,-0.003087225602939725,0.004453385138529775
0,1975-02-20,126.04234734910507,6.0676583144619185,0.0035453145392239094,-0.05651598126972068
0,1975-02-21,125.39247052281696,5.9873092948352316,-0.005156019702553749,-0.08034901962668695
0,1975-02-24,126.36086569958012,5.9637123346755105,0.007722913287580013,-0.023596960159721014
0,1975-02-25,126.58081636347885,5.963493367776348,0.001740654930472374,-0.0002189668991627869
0,1975-02-26,126.1379361274653,5.89044216779545,-0.0034987942781299353,-0.07305119998089804
0,1975-02-27,126.27568673358815,5.9151994366266525,0.0010920632630586624,0.024757268831202772
0,1975-02-28,125.98491888921362,5.961046947040874,-0.002302643144503236,0.045847510414221304
0,1975-03-03,125.61159090563793,5.955745361935856,-0.00296327518299222,-0.005301585105017992
0,1975-03-04,127.43319429499985,5.958163430129021,0.014501873403787613,0.002418068193165368
0,1975-03-05,129.25352193784474,5.91203232089875,0.014284564182162285,-0.04613110923027097
0,1975-03-06,129.09376545980382,5.864592634072088,-0.0012359932297840714,-0.047439686826662
0,1975-03-07,128.53674617682677,5.965132030842319,-0.004314842633903027,0.10053939677023038
0,1975-03-10,128.75205157961483,5.9558486085415945,0.0016750494251027703,-0.009283422300724098
0,1975-03-11,129.13093736857257,5.98315977650706,0.002942755352705717,0.02731116796546562
0,1975-03-12,130.01048052600947,6.057325023421617,0.00681125046685338,0.07416524691455706
0,1975-03-13,130.46119735997698,6.099443801735081,0.0034667730797082186,0.04211877831346378
0,1975-03-14,129.23237024907732,6.026079859130987,-0.009419100359082222,-0.07336394260409396
0,1975-03-17,128.90908397150423,6.054326483751454,-0.002501589013263583,0.028246624620466676
0,1975-03-18,130.53798351603177,5.955196565054239,0.012636033818125725,-0.09912991869721477
0,1975-03-19,131.17494613164357,5.996913403645661,0.00487951934337616,0.04171683859142217
0,1975-03-20,130.53001652881042,5.9383504384059655,-0.004916560836136341,-0.05856296523969551
0,1975-03-21,130.7821272527041,5.968510843598868,0.0019314386881887913,0.03016040519290275
0,1975-03-24,129.11920245558534,5.9209790727015905,-0.012715229764580727,-0.04753177089727778
0,1975-03-25,126.72558562187598,5.956080039160238,-0.018538039177656174,0.03510096645864724
0,1975-03-26,125.41362550585879,5.958108297860268,-0.010352764278650284,0.0020282587000304275
0,1975-03-27,125.61659292967036,5.929680761747874,0.001618384150788188,-0.028427536112394236
0,1975-03-31,125.57503609979368,5.941680203877035,-0.0003308227751404047,0.011999442129161153
0,1975-04-01,123.43598558203053,5.911414757268179,-0.01703404262661934,-0.030265446608855662
0,1975-04-02,121.86802003206249,5.952211352489732,-0.01270266156643629,0.04079659522155232
0,1975-04-03,122.43166394491533,5.948891269512954,0.00462503544986248,-0.0033200829767778828
0,1975-04-04,122.50251849616183,5.981748826821266,0.0005787273403257132,0.0328575573083123
0,1975-04-07,122.34886345827323,5.988810941810472,-0.0012543010525405407,0.007062114989206059
0,1975-04-08,122.95874776014014,6.016640175043528,0.004984797444194555,0.02782923323305564
0,1975-04-09,123.0878059009539,6.062501551485568,0.0010496051982045174,0.04586137644203969
0,1975-04-10,124.09540089505579,6.060628949809904,0.008185985498130322,-0.00187260167566361
0,1975-04-11,125.71753389278582,5.974469511296589,0.01307166088372469,-0.08615943851331487
0,1975-04-14,126.97179686671089,5.930888067157079,0.009976834058761597,-0.043581444139509706
0,1975-04-15,127.51650564763929,5.9487784184976915,0.004289998207241297,0.01789035134061212
0,1975-04-16,128.24302636132882,6.032901759376688,0.005697464104741812,0.08412334087899609
0,1975-04-17,127.56247159724924,6.105780754341701,-0.00530675845220685,0.07287899496501371
0,1975-04-18,127.27972400351611,6.083723732906823,-0.002216542139649391,-0.022057021434878088
0,1975-04-21,126.95316501137658,6.112155669949424,-0.002565679606050253,0.028431937042601163
0,1975-04-22,126.61891121719701,6.103265086959627,-0.002632890595123172,-0.008890582989796947
0,1975-04-23,126.14881640127835,6.1019140608425895,-0.003712674602866173,-0.0013510261170379678
0,1975-04-24,126.91618223431429,6.123173514309091,0.0060830204747617245,0.021259453466501377
0,1975-04-25,126.55305637417727,6.096225598684976,-0.0028611470479518175,-0.026947915624115026
0,1975-04-28,126.7702615838336,6.131321830361752,0.0017163173761218786,0.03509623167677578
0,1975-04-29,126.70131933220867,5.936816513360173,-0.000543836154974997,-0.19450531700157825
0,1975-04-30,126.55556127533126,5.959889975617978,-0.0011504067806527019,0.0230734622578046
0,1975-05-01,125.36503040253376,5.858944207704097,-0.009407179430127144,-0.10094576791388121
0,1975-05-02,124.20013469044922,5.878552638653819,-0.009292030707001686,0.019608430949721978
0,1975-05-05,124.12538978623522,5.861688736616114,-0.0006018101703375578,-0.016863902037704825
0,1975-05-06,123.05627587801983,5.868907384559048,-0.00861317664384842,0.00721864794293392
0,1975-05-07,122.359152612568,6.000626688806531,-0.005665076896548271,0.13171930424748357
0,1975-05-08,122.32840110181789,6.063867569721408,-0.0002513217041268945,0.06324088091487656
0,1975-05-09,121.67822015805085,6.044920834046391,-0.005315044894814491,-0.01894673567501659
0,1975-05-12,122.17058594348934,5.998831424033161,0.0040464578196406364,-0.04608941001323075
0,1975-05-13,123.0648279654454,5.807337374960951,0.0073196180164813995,-0.1914940490722099
0,1975-05-14,122.87094839702293,5.859596542643881,-0.00157542631495744,0.05225916768293004
0,1975-05-15,122.69257007634621,5.843239840907562,-0.0014517534291371703,-0.016356701736318868
0,1975-05-16,122.7705902758437,5.874538303251249,0.0006358999526128173,0.03129846234368738
0,1975-05-19,124.12947525325454,5.918041787573661,0.011068489402532578,0.0435034843224118
0,1975-05-20,125.50569012097478,5.903609747491993,0.011086930520832539,-0.014432040081667985
0,1975-05-21,125.18946012811405,5.881128497661799,-0.0025196466594934464,-0.02248124983019384
0,1975-05-22,125.10522981732069,5.901546502001705,-0.0006728227017447352,0.020418004339905593
0,1975-05-23,125.09208602015806,5.8299973403618335,-0.00010506193211767823,-0.07154916163987135
0,1975-05-27,126.15614330831782,5.851329300859417,0.00850619189441204,0.02133196049758368
0,1975-05-28,125.14696519661335,5.811600492407993,-0.007999436929821968,-0.039728808451424236
0,1975-05-29,124.74127702207329,5.815002067059542,-0.0032416940666735172,0.0034015746515487777
0,1975-05-30,123.60066604758262,5.741266459323163,-0.009143813513219357,-0.07373560773637866
0,1975-06-02,122.11712778553135,5.7433070244529425,-0.0120026720687747,0.002040565129779459
0,1975-06-03,122.50195513662351,5.769286369674893,0.003151297103613615,0.025979345221950112
0,1975-06-04,122.87356672017812,5.759585956926403,0.0030335155315697193,-0.009700412748489207
0,1975-06-05,123.47678125436944,5.793690618444463,0.004909229464828968,0.03410466151806002
0,1975-06-06,122.99450263109277,5.8267100630505695,-0.0039058243855834007,0.03301944460610606
0,1975-06-09,123.63020720736507,5.861611575415782,0.005168560892343521,0.034901512365212106
0,1975-06-10,123.807177338292,5.968703026344623,0.0014314473373815417,0.10709145092884143
0,1975-06-11,124.03967154798484,6.025184481246455,0.0018778734374791384,0.05648145490183154
0,1975-06-12,124.7736940664641,6.1008619632999554,0.005917643196880817,0.07567748205350089
0,1975-06-13,126.31459067612218,6.0398333540462525,0.012349531054496765,-0.0610286092537029
0,1975-06-16,125.6873332290379,6.017341991203825,-0.004965835250914097,-0.022491362842427698
0,1975-06-17,124.91788695724017,5.981461609702909,-0.006121907848864794,-0.03588038150091588
0,1975-06-18,124.82194952949472,6.013512006394125,-0.0007680039270780981,0.03205039669121579
0,1975-06-19,124.38704277292295,6.031490209116438,-0.00348421698436141,0.017978202722312986
0,1975-06-20,124.29115856602584,6.058680275805198,-0.0007708536577410996,0.02719006668876034
0,1975-06-23,124.83160014322463,6.009163120929938,0.004348190035670996,-0.04951715487525998
0,1975-06-24,125.29060547925928,5.994195944136198,0.0036769963335245848,-0.014967176793740045
0,1975-06-25,125.04452066271014,6.000874004965089,-0.001964112278074026,0.006678060828891219
0,1975-06-26,124.65531143169446,6.032507086135508,-0.0031125652603805065,0.031633081170419075
0,1975-06-27,125.87519939757115,5.957985744842473,0.009786088950932026,-0.07452134129303545
0,1975-06-30,126.62003256802053,5.924436485967038,0.005917235277593136,-0.033549258875434695
0,1975-07-01,126.21701282339231,5.959839361920348,-0.0031829066574573517,0.035402875953309376
0,1975-07-02,127.02273652978245,5.946550736520856,0.006383637897670269,-0.013288625399491494
0,1975-07-03,126.6034262560114,6.025352032028362,-0.0033010647166520357,0.07880129550750592
0,1975-07-07,126.0121425443522,6.03792799165874,-0.004670361056923866,0.012575959630377831
0,1975-07-08,128.13428509894393,6.005504243074168,0.016840778291225433,-0.032423748584571754
0,1975-07-09,127.57353727354706,5.9544206022610755,-0.004376251250505447,-0.05108364081309258
0,1975-07-10,128.72407197514764,6.04041018381616,0.00901859998703003,0.08598958155508463
0,1975-07-11,128.02320965197686,6.110932645596104,-0.005444687325507402,0.07052246177994359
0,1975-07-14,127.1441238839212,6.052483318502551,-0.00686661247164011,-0.05844932709355266
0,1975-07-15,126.90506979672512,6.075281395434087,-0.0018801819533109665,0.022798076931535682
0,1975-07-16,126.83720861846415,6.107939935545107,-0.000534739694558084,0.03265854011102043
0,1975-07-17,126.22957768962145,6.0554554252943795,-0.004790636245161295,-0.052484510250727645
0,1975-07-18,129.4953904438964,6.073677116966244,0.025872008875012398,0.01822169167186427
0,1975-07-21,129.303277338269,6.08456036947368,-0.0014835516922175884,0.010883252507436048
0,1975-07-22,129.47725348305397,6.147879298352262,0.001345489057712257,0.06331892887858181
0,1975-07-23,128.86798912075196,6.1273133438914416,-0.004705570638179779,-0.0205659544608201
0,1975-07-24,129.77865857746346,6.1382271514554665,0.007066684775054455,0.010913807564024935
0,1975-07-25,129.51605219680042,6.147699901726873,-0.0020234943367540836,0.009472750271406483
0,1975-07-28,130.16698125032917,6.141081655959648,0.005025856196880341,-0.006618245767224806
0,1975-07-29,131.09825074914957,6.162561624759099,0.007154421880841255,0.02147996879945069
0,1975-07-30,129.8870641327129,6.084303016224265,-0.009238770231604576,-0.07825860853483402
0,1975-07-31,129.8045801534754,6.086298358452571,-0.000635043834336102,0.0019953422283061073
0,1975-08-01,130.01394964481955,6.087973796137254,0.0016129591967910528,0.0016754376846828123
0,1975-08-04,130.33150088806659,6.084909728493002,0.0024424397852271795,-0.0030640676442521553
0,1975-08-05,130.18404825831664,6.033009818965873,-0.0011313660070300102,-0.05189990952712886
0,1975-08-06,130.58192001865734,5.998150004094042,0.003056225134059787,-0.03485981487183043
0,1975-08-07,130.59484258138866,6.008053527531575,9.896134724840522e-05,0.009903523437532868
0,1975-08-08,132.595285834609,6.06029006322122,0.015317934565246105,0.05223653568964526
0,1975-08-11,130.6883422857287,6.059593255445696,-0.014381684362888336,-0.0006968077755242774
0,1975-08-12,128.26670896793297,6.104678981250343,-0.01852983422577381,0.04508572580464687
0,1975-08-13,127.54563856978587,6.154781282203107,-0.005621648859232664,0.05010230095276391
0,1975-08-14,126.947500502504,6.23617322916209,-0.004689600318670273,0.08139194695898322
0,1975-08-15,126.26549467610275,6.245533685142674,-0.005372345447540283,0.009360455980583993
0,1975-08-18,126.9100827297294,6.333279985492225,0.00510502140969038,0.08774630034955067
0,1975-08-19,126.67062573604939,6.36789155834703,-0.0018868240294978023,0.03461157285480532
0,1975-08-20,126.70263941830251,6.362444265048181,0.00025273169740103185,-0.005447293298849409
0,1975-08-21,126.88710362611849,6.4069863033675665,0.0014558829134330153,0.044542038319385746
0,1975-08-22,126.8469306047145,6.3378957640714155,-0.00031660444801673293,-0.06909053929615094
0,1975-08-25,128.71857069706343,6.241778341135698,0.014755107462406158,-0.09611742293571712
0,1975-08-26,128.74335804414477,6.218735560091778,0.00019257009262219071,-0.023042781043920435
0,1975-08-27,129.81024472062074,6.290097843506934,0.008286925964057446,0.07136228341515594
0,1975-08-28,130.7434271195424,6.2609790674755335,0.007188819348812103,-0.02911877603140045
0,1975-08-29,130.61907438683565,6.297805807133759,-0.0009511203388683498,0.036826739658225804
0,1975-09-02,131.034637163929,6.287817784432965,0.0031814861577004194,-0.00998802270079402
0,1975-09-03,130.84731545422724,6.2419608546798475,-0.0014295587316155434,-0.045856929753117726
0,1975-09-04,131.854257769349,6.269949433304117,0.007695551961660385,0.027988578624269067
0,1975-09-05,132.35865919021273,6.3141188426350485,0.003825446590781212,0.04416940933093194
0,1975-09-08,133.36732626430813,6.232547467947647,0.007620710879564285,-0.08157137468740139
0,1975-09-09,132.69988438229944,6.124722405143405,-0.005004538223147392,-0.10782506280424187
0,1975-09-10,134.28514193948098,6.102823830851973,0.011946186423301697,-0.021898574291432382
0,1975-09-11,134.3449276484652,6.131350676285521,0.00044521462405100465,0.02852684543354833
0,1975-09-12,134.44034344259288,6.138508974377888,0.0007102299714460969,0.007158298092366344
0,1975-09-15,136.51594999775904,6.113020877557583,0.015438866801559925,-0.02548809682030484
0,1975-09-16,137.95861017805325,6.132248884169859,0.01056770421564579,0.019228006612276083
0,1975-09-17,137.99527116712912,6.14326672179579,0.0002657390432432294,0.011017837625931115
0,1975-09-18,139.1660883818443,6.188219978155367,0.008484473451972008,0.0449532563595767
0,1975-09-19,138.66766932539488,6.212272642374652,-0.003581469180062413,0.02405266421928509
0,1975-09-22,138.2311992619669,6.245302312961358,-0.0031475978903472424,0.03302967058670614
0,1975-09-23,137.55579635082424,6.217608296427547,-0.004886038135737181,-0.027694016533811094
0,1975-09-24,140.1472906783498,6.091612326479725,0.018839586526155472,-0.12599596994782214
0,1975-09-25,141.59568972702965,6.171553485397866,0.010334834456443787,0.07994115891814157
0,1975-09-26,142.25267499328845,6.170144448371338,0.004639867693185806,-0.0014090370265282814
0,1975-09-29,142.994854482512,6.095891530600541,0.0052173323929309845,-0.07425291777079668
0,1975-09-30,142.88275621701848,6.1073404862923315,-0.0007839321624487638,0.011448955691790275
0,1975-10-01,141.8766830255396,6.131306395617528,-0.007041249889880419,0.023965909325196932
0,1975-10-02,142.97401275264616,6.063258250036056,0.007734390906989574,-0.06804814558147232
0,1975-10-03,144.5283246073673,6.051490904958907,0.010871289297938347,-0.011767345077148939
0,1975-10-06,146.520661285633,5.929635291363283,0.013785094954073429,-0.12185561359562413
0,1975-10-07,145.47308345779922,5.964294762084355,-0.007149693556129932,0.03465947072107234
0,1975-10-08,145.67558310851382,5.992278636662312,0.0013920076889917254,0.02798387457795659
0,1975-10-09,148.21599983932606,5.951075141506862,0.017438864335417747,-0.0412034951554503
0,1975-10-10,148.28053276607724,5.877470883971441,0.00043539784383028746,-0.07360425753542099
0,1975-10-15,150.0646838217573,5.849927462956612,0.01203226763755083,-0.027543421014828873
0,1975-10-16,149.84601242408414,6.004840065432453,-0.0014571809442713857,0.15491260247584115
0,1975-10-17,149.8295123903053,5.974997672627314,-0.00011011326569132507,-0.029842392805139006
0,1975-10-20,150.6136132814976,5.972803864220168,0.00523328734561801,-0.002193808407145781
0,1975-10-21,151.87362305063596,6.062784458180106,0.008365842513740063,0.08998059395993785
0,1975-10-22,152.64706249751936,6.1631792011598066,0.005092651583254337,0.10039474297970052
0,1975-10-23,155.39504046118398,6.120407503222544,0.018002167344093323,-0.042771697937262765
0,1975-10-24,157.1245414565541,6.0099490789725465,0.011129705235362053,-0.1104584242499973
0,1975-10-27,157.5753528317355,6.039098751411495,0.00286913407035172,0.029149672438948393
0,1975-10-28,156.71392331273643,6.081981409092018,-0.005466778296977282,0.04288265768052302
0,1975-10-29,157.22633584239372,6.055955343401775,0.0032697319984436035,-0.02602606569024246
0,1975-10-30,155.20551023787425,6.17679372210362,-0.012852971442043781,0.120838378701845
0,1975-10-31,152.8518881673807,6.23503213330424,-0.015164552256464958,0.058238411200619566
0,1975-11-03,153.88229254946577,6.2661757005886605,0.006741194985806942,0.03114356728442047
0,1975-11-06,152.76215492810925,6.3274220017410325,-0.0072791846469044685,0.06124630115237206
0,1975-11-07,152.27251744287653,6.352050051485621,-0.003205227665603161,0.024628049744588765
0,1975-11-10,151.69060246973132,6.388149816361195,-0.0038215364329516888,0.03609976487557365
0,1975-11-13,151.95263705437287,6.4201812752363185,0.0017274279380217195,0.0320314588751236
0,1975-11-14,152.04432781345082,6.4236106721184925,0.0006034167017787695,0.0034293968821739185
0,1975-11-17,150.68239703257336,6.540043565940153,-0.008957458660006523,0.11643289382166078
0,1975-11-18,150.68159439272964,6.563395255672678,-5.326699465513229e-06,0.023351689732524328
0,1975-11-19,151.5441198078583,6.521466562318896,0.0057241590693593025,-0.04192869335378191
0,1975-11-20,151.6421494350961,6.5308009596390315,0.0006468718638643622,0.009334397320135857
0,1975-11-21,152.5338999069468,6.44192047430638,0.005880624055862427,-0.08888048533265192
0,1975-11-24,153.06279536186597,6.448877637041635,0.0034673961345106363,0.006957162735255373
0,1975-11-25,152.2638121062271,6.494206730345125,-0.005219970364123583,0.04532909330349
0,1975-11-26,152.685044659254,6.532394293081462,0.002766465302556753,0.03818756273633728
0,1975-11-28,151.38036800032484,6.53357366606616,-0.008544888347387314,0.0011793729846978351
0,1975-12-01,151.33905117225243,6.542094687198074,-0.00027293385937809944,0.008521021131913997
0,1975-12-02,150.6977529970694,6.525335851144918,-0.0042374930344522,-0.016758836053155868
0,1975-12-03,150.97961376451678,6.453809704855327,0.001870371401309967,-0.07152614628959153
0,1975-12-04,153.92056239516066,6.45092336720719,0.019479110836982727,-0.0028863376481362835
0,1975-12-05,153.2478313101088,6.484762344995812,-0.00437063816934824,0.03383897778862188
0,1975-12-08,154.64114593987674,6.475586012087245,0.009091904386878014,-0.009176332908567453
0,1975-12-09,156.1479104574655,6.457614100797205,0.009743619710206985,-0.017971911290040055
0,1975-12-10,157.1608470115739,6.487684444677357,0.006487032398581505,0.030070343880152173
0,1975-12-11,155.63010378166777,6.456347128033227,-0.009739978238940239,-0.0313373166441302
0,1975-12-12,154.76863796298207,6.412184261505806,-0.005535341799259186,-0.04416286652742052
0,1975-12-15,153.4709372668674,6.436234700392747,-0.008384778164327145,0.024050438886940917
0,1975-12-16,152.17995721209758,6.518573253972908,-0.008411886170506477,0.08233855358016129
0,1975-12-17,150.49547361618426,6.535849336831845,-0.011069023981690407,0.017276082858936448
0,1975-12-18,151.37104507842304,6.542578257728935,0.0058179255574941635,0.006728920897089985
0,1975-12-19,152.6030898635474,6.564503197099621,0.008139236830174923,0.021924939370686403
0,1975-12-22,150.48861373503183,6.622517769933514,-0.013856050558388233,0.05801457283389233
0,1975-12-23,149.39727916699488,6.657354942209995,-0.007251941133290529,0.03483717227648153
0,1975-12-24,152.08260992915578,6.621007476260771,0.017974428832530975,-0.03634746594922422
0,1975-12-26,155.1320385507386,6.616263349174851,0.020051132887601852,-0.004744127085920091
0,1975-12-29,154.72046914337596,6.554508914057822,-0.0026530264876782894,-0.06175443511702916
0,1975-12-30,156.30755228714006,6.524874862325489,0.010257745161652565,-0.0296340517323328
0,1975-12-31,156.86858861805314,6.546297725119843,0.0035893104504793882,0.021422862794354458
0,1976-01-02,156.1138218739177,6.565741736891055,-0.004811458755284548,0.019444011771211578
0,1976-01-05,157.22667713152524,6.517098552597917,0.007128486409783363,-0.0486431842931383
0,1976-01-06,156.85428776161996,6.45299661643753,-0.002368487184867263,-0.06410193616038651
0,1976-01-07,156.9890037772043,6.392664224306851,0.0008588609052821994,-0.06033239213067887
0,1976-01-08,158.1064989791617,6.3898143081401475,0.007118302397429943,-0.0028499161667037143
0,1976-01-09,158.9309721553529,6.405589622623129,0.005214669741690159,0.01577531448298153
0,1976-01-12,157.99486752204461,6.4420553432347285,-0.005890007596462965,0.03646572061159947
0,1976-01-13,158.3813439726149,6.432766426874048,0.002446132944896817,-0.00928891636068041
0,1976-01-14,158.59388865297583,6.376696049234679,0.0013419805327430367,-0.05607037763936873
0,1976-01-15,158.47192470366247,6.353653307427648,-0.0007690330967307091,-0.023042741807031142
0,1976-01-16,157.1365135774892,6.397626630344473,-0.008426799438893795,0.0439733229168251
0,1976-01-19,155.75897628732275,6.376904243737261,-0.008766500279307365,-0.02072238660721215
0,1976-01-20,153.57781730462793,6.387437711790048,-0.014003423973917961,0.010533468052786432
0,1976-01-21,154.26076786159084,6.350472193686713,0.004446934908628464,-0.036965518103334816
0,1976-01-22,154.53472780494232,6.381813326783366,0.0017759534530341625,0.031341133096653095
0,1976-01-23,154.02652207280752,6.358121121494977,-0.003288618288934231,-0.023692205288388557
0,1976-01-26,155.30429064351503,6.2758935495770425,0.008295769803225994,-0.08222757191793484
0,1976-01-27,155.6984155080839,6.3038467217544625,0.002537759020924568,0.027953172177419994
0,1976-01-28,154.11674696518256,6.31481965570348,-0.01015853974968195,0.010972933949017438
0,1976-01-29,153.24259055078244,6.286239721787349,-0.005672040395438671,-0.028579933916130784
0,1976-01-30,153.28648400501282,6.2110091712278885,0.0002864311682060361,-0.0752305505594606
0,1976-02-02,153.13396297051386,6.225852357097485,-0.000995006412267685,0.014843185869596098
0,1976-02-03,155.57270881968884,6.249522397690788,0.0159255713224411,0.02367004059330302
0,1976-02-04,154.74989164597326,6.326945604542176,-0.005288955755531788,0.07742320685138804
0,1976-02-05,153.29476160602394,6.38678288694054,-0.0094031086191535,0.05983728239836417
0,1976-02-06,151.21638118449033,6.430347392737814,-0.01355806551873684,0.04356450579727422
0,1976-02-09,152.27412567946075,6.4322625457246705,0.006994906812906265,0.0019151529868564054
0,1976-02-10,151.66973383367767,6.4203593739466385,-0.003969104029238224,-0.011903171778032018
0,1976-02-11,151.91725318466902,6.323338502922382,0.0016319627175107598,-0.09702087102425683
0,1976-02-17,153.59353174366453,6.27088688924871,0.011034155264496803,-0.05245161367367146
0,1976-02-18,153.11502091594707,6.284161216913331,-0.0031154360622167587,0.013274327664620778
0,1976-02-19,153.97231798244383,6.256310423202215,0.0055990396067500114,-0.027850793711116317
0,1976-02-20,154.54475209289168,6.150994802334408,0.0037177728954702616,-0.10531562086780699
0,1976-02-23,154.7569432214411,6.108483408220335,0.0013730076607316732,-0.04251139411407223
0,1976-02-24,156.76981620649724,6.012935557796727,0.013006673194468021,-0.0955478504236087
0,1976-02-25,155.83469388614452,5.9914425447156745,-0.005964938551187515,-0.021493013081052226
0,1976-02-26,155.73688192651224,6.016738981811257,-0.0006276648491621017,0.025296437095582824
0,1976-02-27,155.63944087808724,6.083445723473748,-0.0006256774067878723,0.06670674166249047
0,1976-03-01,154.81496127842638,6.166411538513509,-0.005297369323670864,0.08296581503976164
0,1976-03-02,154.4445511733754,6.160843344703174,-0.002392598893493414,-0.005568193810335131
0,1976-03-03,154.54163694414828,6.151734454606046,0.000628612469881773,-0.009108890097127897
0,1976-03-04,153.0113589684067,6.1630602057824575,-0.009902043268084526,0.011325751176411103
0,1976-03-05,151.68673179193325,6.199110679658215,-0.008657051250338554,0.03605047387575766
0,1976-03-08,152.10644232120316,6.191504922813853,0.0027669561095535755,-0.007605756844362155
0,1976-03-09,153.02078869633408,6.170456252021905,0.006011227145791054,-0.02104867079194772
0,1976-03-10,151.5407919960837,6.156737738398579,-0.00967186689376831,-0.01371851362332599
0,1976-03-11,150.92107696232705,6.158529590374741,-0.004089427180588245,0.001791851976161496
0,1976-03-12,149.9323802231006,6.137121088077054,-0.006551084574311972,-0.021408502297687093
0,1976-03-15,151.04193722724034,6.134249362489957,0.007400382775813341,-0.0028717255870969183
0,1976-03-16,150.34394049910105,6.1205113915896785,-0.004621211439371109,-0.013737970900278285
0,1976-03-17,151.16039825345092,6.120874646634073,0.005430599674582481,0.0003632550443946059
