path_id,Date,sp500_abs,DGS10_abs,sp500,DGS10
0,1996-05-07,598.7042032007347,8.106272997422527,-0.0003985848743468523,0.028677567988152575
0,1996-05-08,600.0927321859483,8.065092405413553,0.002319223713129759,-0.04118059200897406
0,1996-05-09,599.0460333907199,8.02561011015099,-0.0017442284151911736,-0.03948229526256419
0,1996-05-10,603.7424104086901,8.090116152478402,0.007839759811758995,0.06450604232741242
0,1996-05-13,602.8115795589108,8.086933259799663,-0.0015417682006955147,-0.0031828926787387246
0,1996-05-14,617.1666999584121,8.000536851752793,0.023813610896468163,-0.08639640804686977
0,1996-05-15,613.3054552553315,7.965474642743131,-0.006256404798477888,-0.03506220900966195
0,1996-05-16,603.0958336780977,8.074655298093324,-0.01664687879383564,0.10918065535019306
0,1996-05-17,596.6464891943189,8.140417488911321,-0.010693730786442757,0.06576219081799728
0,1996-05-20,602.666286081221,8.11711918278893,0.010089386254549026,-0.02329830612239192
0,1996-05-21,607.7918594498065,8.098852246473188,0.008504828438162804,-0.018266936315741944
0,1996-05-22,609.4151654218363,8.06308732360933,0.002670825459063053,-0.035764922863856796
0,1996-05-23,612.0231873421899,7.908429630075259,0.004279548767954111,-0.15465769353407222
0,1996-05-24,610.1984591603361,7.881765587309257,-0.0029814690351486206,-0.02666404276600165
0,1996-05-28,612.9236009405786,7.83243492035527,0.00446599256247282,-0.04933066695398658
0,1996-05-29,622.9039214905227,7.803213953400905,0.01628313958644867,-0.029220966954365046
0,1996-05-30,619.2565361496164,7.817329134678274,-0.005855454131960869,0.01411518127736855
0,1996-05-31,627.2941048436915,7.634205882406177,0.012979384511709213,-0.1831232522720967
0,1996-06-03,632.9658062827957,7.619844529187899,0.00904153473675251,-0.014361353218277806
0,1996-06-04,628.5734994623559,7.635253172400465,-0.00693924818187952,0.015408643212565742
0,1996-06-05,629.6356689274924,7.69510577883859,0.0016898094909265637,0.059852606438124845
0,1996-06-06,624.5012583664188,7.785846385034971,-0.00815457385033369,0.09074060619638136
0,1996-06-07,624.6408031082904,7.7778908279005305,0.00022344989702105522,-0.007955557134440738
0,1996-06-10,628.4843928164285,7.794228385362096,0.0061532799154520035,0.016337557461565844
0,1996-06-11,630.3876465222322,7.756304880805029,0.0030283229425549507,-0.03792350455706739
0,1996-06-12,633.3984137632901,7.733099364923141,0.004776056855916977,-0.02320551588188824
0,1996-06-13,634.7679496883126,7.69496365614433,0.002162202959880233,-0.03813570877881034
0,1996-06-14,637.0995454953788,7.723583566406579,0.0036731467116624117,0.028619910262248638
0,1996-06-17,645.4091763572496,7.679512667343336,0.013042908161878586,-0.04407089906324302
0,1996-06-18,641.8794329919797,7.629582407928898,-0.005469000898301601,-0.04993025941443818
0,1996-06-19,638.9931797446817,7.601365420138801,-0.004496566019952297,-0.028216987790097292
0,1996-06-20,644.299050545862,7.487266731731956,0.008303485810756683,-0.11409868840684467
0,1996-06-21,647.9102807645359,7.470698921202801,0.005604897625744343,-0.016567810529155125
0,1996-06-24,651.1595624398723,7.52105513240079,0.005015017930418253,0.05035621119798961
0,1996-06-25,643.8943535664731,7.5644562204045345,-0.011157340370118618,0.04340108800374409
0,1996-06-26,640.050341568935,7.6429297190919385,-0.005969942081719637,0.07847349868740405
0,1996-06-27,637.0974027970856,7.672320551855996,-0.0046136039309203625,0.029390832764057073
0,1996-06-28,636.8118178179284,7.659949371311571,-0.00044825952500104904,-0.012371180544424654
0,1996-07-01,641.547716763418,7.619607219448312,0.007436889223754406,-0.040342151863258735
0,1996-07-02,645.138701323346,7.603289910122289,0.005597377195954323,-0.016317309326023377
0,1996-07-03,646.211467904421,7.659221201775551,0.0016628464218229055,0.055931291653262605
0,1996-07-05,641.4910721908359,7.568533526576899,-0.007304722908884287,-0.0906876751986525
0,1996-07-08,639.1613258587796,7.6003210199495275,-0.003631767351180315,0.03178749337262854
0,1996-07-09,644.7516153513487,7.5971960175129585,0.00874628871679306,-0.003125002436568991
0,1996-07-10,636.7306808544223,7.531897740052812,-0.012440348044037819,-0.06529827746014671
0,1996-07-11,650.2111277889596,7.53735185597573,0.02117134816944599,0.0054541159229186675
0,1996-07-12,653.6555786601594,7.5079651071015165,0.005297434516251087,-0.029386748874213886
0,1996-07-15,647.8522350544744,7.535024073728739,-0.008878289721906185,0.02705896662722207
0,1996-07-16,635.710218189831,7.676397917709589,-0.018741954118013382,0.1413738439808503
0,1996-07-17,624.5744737314146,7.701178008484718,-0.01751701347529888,0.024780090775129437
0,1996-07-18,624.3308180302535,7.700406941453114,-0.0003901147283613682,-0.0007710670316045665
0,1996-07-19,611.8666623300963,7.729008106110683,-0.019964024424552917,0.028601164657569456
0,1996-07-22,614.7674532320051,7.76661809532416,0.004740887321531773,0.037609989213477135
0,1996-07-23,611.572556737608,7.746805850992429,-0.005196918733417988,-0.019812244331731677
0,1996-07-24,619.5883368054231,7.691421728330674,0.013106834143400192,-0.05538412266175463
0,1996-07-25,608.8547461967414,7.735861842989688,-0.017323745414614677,0.04444011465901365
0,1996-07-26,604.7721936308998,7.723205002747799,-0.006705298088490963,-0.01265684024188829
0,1996-07-29,603.624567910468,7.739828587841323,-0.001897616544738412,0.016623585093523907
0,1996-07-30,598.0311733917738,7.709149886591435,-0.00926634669303894,-0.030678701249888363
0,1996-07-31,608.9555147147569,7.618975990337575,0.018267177045345306,-0.09017389625385963
0,1996-08-01,604.2069248362923,7.672024980864627,-0.007797925733029842,0.05304899052705192
0,1996-08-02,600.0961022975672,7.673393018310038,-0.006803666707128286,0.001368037445410586
0,1996-08-05,595.2378851038774,7.755063623460097,-0.00809573195874691,0.08167060515005886
0,1996-08-06,589.9028344452532,7.719131767159462,-0.008962888270616531,-0.03593185630063456
0,1996-08-07,595.6682049032902,7.720226057362618,0.00977342389523983,0.0010942902031558788
0,1996-08-08,591.9858395120755,7.845813198899292,-0.006181906908750534,0.12558714153667427
0,1996-08-09,580.782571464149,7.85948752670305,-0.01892489194869995,0.013674327803757436
0,1996-08-12,581.3448803715678,7.792962852995039,0.0009681917726993561,-0.06652467370801052
0,1996-08-13,585.9640315585652,7.704926633151069,0.007945629768073559,-0.08803621984397036
0,1996-08-14,594.4484143996791,7.634905728108172,0.014479357749223709,-0.07002090504289704
0,1996-08-15,594.3325270791194,7.71477752175266,-0.0001949493307620287,0.0798717936444886
0,1996-08-16,586.0070901780252,7.563249887959684,-0.014008045196533203,-0.15152763379297607
0,1996-08-19,600.4206810748459,7.528126260013849,0.02459627389907837,-0.035123627945835345
0,1996-08-20,586.1286152074678,7.666658062140568,-0.02380342036485672,0.13853180212671923
0,1996-08-21,583.0675141217363,7.7362084374738105,-0.00522257573902607,0.06955037533324226
0,1996-08-22,579.3430872387531,7.841241080219313,-0.006387642584741116,0.10503264274550261
0,1996-08-23,582.870742925763,7.880051846524901,0.006089061498641968,0.03881076630558766
0,1996-08-26,579.9686596470277,7.899364689740256,-0.004978948272764683,0.019312843215355535
0,1996-08-27,581.6617976655278,7.938144409605135,0.0029193612281233072,0.038779719864878714
0,1996-08-28,577.6717534292125,7.9610170175193335,-0.006859732326120138,0.02287260791419854
0,1996-08-29,573.4547411907765,8.026494764126236,-0.007300014607608318,0.06547774660690209
0,1996-08-30,576.2913497911334,8.086812985690461,0.004946525674313307,0.06031822156422528
0,1996-09-03,576.2887032586221,8.012020480564516,-4.5923516154289246e-06,-0.07479250512594504
0,1996-09-04,566.997579106913,7.741513944266311,-0.01612234301865101,-0.2705065362982051
0,1996-09-05,586.6748995247186,7.7294967930414,0.03470441699028015,-0.012017151224910982
0,1996-09-06,583.8167828739122,8.173346093232839,-0.004871721379458904,0.443849300191439
0,1996-09-09,561.2971851461558,8.329871102631,-0.03857305645942688,0.15652500939816072
0,1996-09-10,554.1340333978102,8.847333005032915,-0.012761780992150307,0.5174619024019158
0,1996-09-11,528.9829307522431,8.763280180733982,-0.0453881211578846,-0.0840528242989329
0,1996-09-12,546.3366017718864,8.89025787282168,0.032805729657411575,0.1269776920876975
0,1996-09-13,531.7392049671133,9.269121528625574,-0.026718687266111374,0.3788636558038938
0,1996-09-16,508.5206029775564,9.457782617605647,-0.04366539418697357,0.18866108898007283
0,1996-09-17,504.2148065452779,9.46182236657542,-0.008467299863696098,0.004039748969773882
0,1996-09-18,508.98869374288665,9.327257383220818,0.009467963129281998,-0.13456498335460232
0,1996-09-19,513.7406265656193,9.485043411461426,0.00933602824807167,0.15778602824060783
0,1996-09-20,492.6506675854768,9.38198042843188,-0.04105176404118538,-0.10306298302954531
0,1996-09-23,508.75003680277825,9.34092514056265,0.03267907723784447,-0.04105528786923074
0,1996-09-24,502.3173736776516,9.379628744120817,-0.012644054368138313,0.03870360355816693
0,1996-09-25,503.5703309279988,9.193644175753667,0.002494353801012039,-0.18598456836715016
0,1996-09-26,512.1747243594361,8.9778685750867,0.017086775973439217,-0.21577560066696577
0,1996-09-27,514.3669561964587,8.902169721461293,0.004280242137610912,-0.07569885362540774
0,1996-09-30,509.6452476315279,8.943780450688697,-0.009179649874567986,0.041610729227404164
0,1996-10-01,508.2479558471128,9.002330746433344,-0.0027416949160397053,0.058550295744646874
0,1996-10-02,503.34929812991214,8.91545685155898,-0.00963832251727581,-0.0868738948743637
0,1996-10-03,508.1796355655683,8.99850251402237,0.009596392512321472,0.08304566246338929
0,1996-10-04,496.61139973610796,9.122695727543858,-0.022764068096876144,0.12419321352148849
0,1996-10-07,497.81084426254813,9.128988022970006,0.002415257738903165,0.0062922954261477315
0,1996-10-08,498.276368055477,9.136232381265575,0.0009351419284939766,0.007244358295569242
0,1996-10-09,499.4078265673935,9.065769662559342,0.0022707448806613684,-0.07046271870623322
0,1996-10-10,498.188494063083,9.219341382888057,-0.0024415566585958004,0.15357172032871524
0,1996-10-11,491.14283532945785,9.518538814436404,-0.014142556115984917,0.29919743154834677
0,1996-10-16,485.18843177572825,9.752028943030092,-0.01212356798350811,0.23349012859368834
0,1996-10-17,485.4652578891792,9.562688949759249,0.0005705538205802441,-0.18933999327084372
0,1996-10-18,490.00073108107193,9.531639625089554,0.009342528879642487,-0.03104932466969501
0,1996-10-21,490.26758899431314,9.620855414842174,0.0005446071736514568,0.08921578975262001
0,1996-10-22,488.81301916080344,9.614143438874212,-0.0029668896459043026,-0.006711975967961692
0,1996-10-23,490.96104176048715,9.644060640987844,0.004394364543259144,0.029917202113631802
0,1996-10-24,484.96064054018143,9.739132576718838,-0.012221746146678925,0.09507193573099393
0,1996-10-25,494.0570872946746,9.596330024747251,0.018757082521915436,-0.1428025519715863
0,1996-10-28,516.6088339887509,9.421197912357396,0.04564603418111801,-0.17513211238985527
0,1996-10-29,523.6184073030403,9.367402051795567,0.013568434864282608,-0.053795860561828945
0,1996-10-30,530.8649837883721,9.366603503057672,0.013839422725141048,-0.0007985487378956435
0,1996-10-31,528.5642251162107,9.310333572831917,-0.004333980847150087,-0.05626993022575455
0,1996-11-01,527.7918800819144,9.257430452051404,-0.0014612132217735052,-0.05290312078051329
0,1996-11-04,524.9753262068514,9.496440653057423,-0.005336485803127289,0.23901020100601933
0,1996-11-05,525.1824695720596,9.570045080574804,0.000394577335100621,0.07360442751738105
0,1996-11-06,522.40366626986,9.524455792940193,-0.005291119683533907,-0.0455892876346109
0,1996-11-07,521.9308756753094,9.620288362357167,-0.0009050292428582907,0.09583256941697371
0,1996-11-08,523.4460768489115,9.619252462918544,0.002903068671002984,-0.0010358994386230336
0,1996-11-13,530.9495047386127,9.664538674230537,0.014334672130644321,0.04528621131199273
0,1996-11-14,532.3560144083038,9.710840753903847,0.002649046014994383,0.04630207967331046
0,1996-11-15,527.7654498674647,9.68656718796026,-0.008623110130429268,-0.024273565943586206
0,1996-11-18,525.669043861674,10.17699367518103,-0.003972230479121208,0.49042648722076976
0,1996-11-19,516.3607432823721,9.814865250835634,-0.01770753040909767,-0.3621284243453964
0,1996-11-20,535.3406496397978,9.62020969465708,0.03675706684589386,-0.1946555561785548
0,1996-11-21,532.6237319040439,9.547643608834319,-0.005075119435787201,-0.07256608582276058
0,1996-11-22,532.4889963575204,9.59311824251323,-0.00025296572130173445,0.04547463367891069
0,1996-11-25,530.5779171072566,9.524060862645273,-0.003588955383747816,-0.06905737986795657
0,1996-11-26,537.0743966866864,9.403050150427022,0.012244157493114471,-0.12101071221825066
0,1996-11-27,542.7891068541476,9.264711561069314,0.010640444234013557,-0.13833858935770849
0,1996-11-29,536.4293100537444,9.304465283117997,-0.01171688362956047,0.039753722048683215
0,1996-12-02,532.6575315755722,9.325520063744436,-0.007031268440186977,0.021054780626439396
0,1996-12-03,530.9739045033066,9.336474497358335,-0.003160805907100439,0.010954433613898473
0,1996-12-04,532.0487422078586,9.356592018695128,0.0020242759492248297,0.02011752133679323
0,1996-12-05,517.5673587574478,9.559543049153785,-0.027218151837587357,0.2029510304586566
0,1996-12-06,518.0012331745379,9.249974433113369,0.0008382955566048622,-0.30956861604041563
0,1996-12-09,528.0097145686734,9.221258749695314,0.019321346655488014,-0.02871568341805464
0,1996-12-10,531.0536155249604,9.41589627258005,0.005764857865869999,0.1946375228847348
0,1996-12-11,521.6045480155562,9.35953761694289,-0.01779305748641491,-0.05635865563716003
0,1996-12-12,534.2507149807665,9.415017247759344,0.02424474060535431,0.05547963081645513
0,1996-12-13,532.3465678683516,9.325320607307695,-0.0035641451831907034,-0.08969664045164905
0,1996-12-16,539.907032960434,9.153752698140536,0.014202148653566837,-0.17156790916715892
0,1996-12-17,547.4596112375476,9.101968941798392,0.013988664373755455,-0.05178375634214483
0,1996-12-18,544.6469618319741,8.858202723804604,-0.005137638188898563,-0.2437662179937874
0,1996-12-19,554.608054643061,8.85865043378576,0.018289081752300262,0.0004477099811559526
0,1996-12-20,551.7412024429858,8.829646353863579,-0.005169149953871965,-0.029004079922181347
0,1996-12-23,551.3063009149531,8.867075654595084,-0.0007882346399128437,0.037429300731504966
0,1996-12-24,548.7439039333514,8.725900828074204,-0.004647864494472742,-0.14117482652087965
0,1996-12-26,555.9986740149944,8.608220077049205,0.013220684602856636,-0.11768075102499864
0,1996-12-27,561.858879417186,8.568905936030799,0.010539962910115719,-0.0393141410184068
0,1996-12-30,561.5708730392975,8.449525289281747,-0.0005125955794937909,-0.11938064674905213
0,1996-12-31,558.5561781227299,8.289363556248137,-0.005368324927985668,-0.16016173303360937
0,1997-01-02,563.6733750880771,7.9378767495187414,0.00916147232055664,-0.3514868067293957
0,1997-01-03,573.0141022527996,7.767160367043005,0.0165711697191,-0.17071638247573606
0,1997-01-06,567.0174329259581,7.700874592314689,-0.010465133935213089,-0.06628577472831676
0,1997-01-07,584.5814585349301,7.600274928325244,0.03097616508603096,-0.10059966398944464
0,1997-01-08,586.1944283777028,7.565470135478537,0.0027591874822974205,-0.03480479284670679
0,1997-01-09,595.0623611409819,7.5408323951640615,0.015127971768379211,-0.024637740314475742
0,1997-01-10,608.118940652404,7.441218762388931,0.02194153144955635,-0.09961363277513069
0,1997-01-13,610.7295866841034,7.29985436026753,0.004292985890060663,-0.14136440212140045
0,1997-01-14,626.064573645283,7.22957527665984,0.025109291076660156,-0.07027908360769075
0,1997-01-15,636.4331868507393,7.157315719761668,0.01656157150864601,-0.07225955689817187
0,1997-01-16,642.3616846265678,7.276765253587571,0.009315192699432373,0.11944953382590295
0,1997-01-17,644.1653001110465,7.26140048411346,0.002807788085192442,-0.015364769474111029
0,1997-01-22,637.8934874154131,7.1724638263240665,-0.009736340492963791,-0.08893665778939308
0,1997-01-23,640.0460044605887,7.164982791687042,0.0033744145184755325,-0.007481034637024209
0,1997-01-24,634.7227381160559,7.362453100254935,-0.008317005820572376,0.19747030856789305
0,1997-01-27,626.9770105206138,7.319437509066049,-0.01220332458615303,-0.04301559118888676
0,1997-01-28,634.300995103314,7.261789999523328,0.01168142445385456,-0.05764750954272024
0,1997-01-29,631.1794318506069,7.3423178490148935,-0.004921264946460724,0.0805278494915651
0,1997-01-30,632.8074849607405,7.24717322568546,0.002579382387921214,-0.09514462332943374
0,1997-01-31,641.0018847804954,7.175066319983816,0.012949277646839619,-0.07210690570164413
0,1997-02-03,640.2114480697405,7.206776089117909,-0.0012331269681453705,0.03170976913409351
0,1997-02-04,643.5404650290587,7.230431806631789,0.005199871025979519,0.02365571751388007
0,1997-02-05,644.2626359051839,7.203699032614313,0.0011221840977668762,-0.02673277401747587
0,1997-02-06,640.5059936221141,7.1254391568351245,-0.0058309175074100494,-0.0782598757791888
0,1997-02-07,647.3444485714523,6.9860991984070155,0.010676644742488861,-0.13933995842810898
0,1997-02-10,655.2023433810497,7.0057778713861625,0.012138660997152328,0.01967867297914694
0,1997-02-11,645.6932472090018,7.069837848925834,-0.014513220638036728,0.06405997753967174
0,1997-02-12,653.3657295572827,7.1160101495607435,0.011882550083100796,0.04617230063490929
0,1997-02-13,656.8578001903774,7.1892015699083895,0.00534474104642868,0.07319142034764603
0,1997-02-14,653.5590908685197,7.147449940755033,-0.005021953489631414,-0.04175162915335662
0,1997-02-18,656.9538137176089,7.05219131327529,0.005194209516048431,-0.09525862747974312
0,1997-02-19,664.7590809927544,7.0353369506089685,0.011880998499691486,-0.016854362666321343
0,1997-02-20,662.5800554845351,7.031459592478889,-0.0032779176253825426,-0.0038773581300795
0,1997-02-21,664.1215796991321,6.921038340542533,0.0023265478666871786,-0.11042125193635588
0,1997-02-24,664.523819013853,6.997737005092685,0.0006056712009012699,0.07669866455015217
0,1997-02-25,657.5377505311372,7.058151309092918,-0.01051289401948452,0.06041430400023273
0,1997-02-26,650.8164602248307,7.066402091369704,-0.010221907868981361,0.008250782276785884
0,1997-02-27,644.4198351939789,7.0037731814743225,-0.009828615933656693,-0.06262890989538139
0,1997-02-28,646.9382527877476,6.975974167724688,0.003908038605004549,-0.027799013749634227
0,1997-03-03,643.5441837172237,7.029682963821048,-0.005246357060968876,0.05370879609635981
0,1997-03-04,632.3295975884727,7.209619665395165,-0.01742628775537014,0.17993670157411668
0,1997-03-05,638.5401273648419,7.388748640125831,0.009821665473282337,0.17912897473066636
0,1997-03-06,627.7792310180912,7.46685459396684,-0.01685234159231186,0.07810595384100871
0,1997-03-07,630.3177188596602,7.387454667499458,0.0040435995906591415,-0.07939992646738148
0,1997-03-10,634.0168282703842,7.422628968432428,0.005868642590939999,0.03517430093296969
0,1997-03-11,626.166537753958,7.46806425102869,-0.012381833046674728,0.04543528259626228
0,1997-03-12,627.2443758259545,7.524232469112464,0.0017213281244039536,0.0561682180837737
0,1997-03-13,614.9780567291668,7.527903951683752,-0.01955588534474373,0.0036714825712875765
0,1997-03-14,617.0526595485167,7.511234150248028,0.003373458283022046,-0.016669801435723386
0,1997-03-17,617.2847874754984,7.565085507326437,0.0003761881962418556,0.05385135707840849
0,1997-03-18,607.1816657621816,7.575422817364554,-0.01636703498661518,0.010337310038117664
0,1997-03-19,605.0539515512746,7.523761521137386,-0.003504246473312378,-0.05166129622716831
0,1997-03-20,619.7305731470738,7.458486415426913,0.024256715551018715,-0.06527510571047301
0,1997-03-21,616.8234094654389,7.4230470287698855,-0.00469101220369339,-0.035439386657027505
0,1997-03-24,607.368523488322,7.4447923232492155,-0.01532835140824318,0.021745294479329935
0,1997-03-25,618.0092055317255,7.384396715867175,0.01751931756734848,-0.06039560738204042
0,1997-03-26,622.8059518011333,7.3249091534702755,0.007761609740555286,-0.05948756239689956
0,1997-03-27,633.2926767300222,7.316304965979827,0.016837868839502335,-0.008604187490448112
0,1997-03-31,633.1765190574222,7.347349000392605,-0.00018341862596571445,0.031044034412778032
0,1997-04-01,630.6730931120567,7.32610361147578,-0.0039537567645311356,-0.02124538891682537
0,1997-04-02,630.5079795832889,7.334555512155581,-0.00026180525310337543,0.00845190067980095
0,1997-04-03,623.9191594882194,7.337964670219152,-0.01045001856982708,0.003409158063570672
0,1997-04-04,615.7877077737162,7.372821919737879,-0.013032861053943634,0.03485724951872715
0,1997-04-07,623.1712980449657,7.380717496273452,0.011990480124950409,0.00789557653557349
0,1997-04-08,630.6021588744194,7.222947420466215,0.011924266815185547,-0.15777007580723712
0,1997-04-09,623.6880015100644,7.244829670343471,-0.010964373126626015,0.02188224987725551
0,1997-04-10,612.2369642730371,7.30892024754497,-0.0183602012693882,0.06409057720149924
0,1997-04-11,610.696465128572,7.2255366263727305,-0.002516181208193302,-0.08338362117223941
0,1997-04-14,625.3466772697672,7.184210368669123,0.023989351466298103,-0.04132625770360754
0,1997-04-15,624.2742130199251,7.155345126956399,-0.0017149915220215917,-0.0288652417127242
0,1997-04-16,622.9244692774798,7.117366846303517,-0.0021621007472276688,-0.03797828065288211
0,1997-04-17,625.9151638846811,7.13809009714436,0.004801054950803518,0.020723250840843477
0,1997-04-18,638.0971029043269,7.128916639983255,0.019462604075670242,-0.00917345716110507
0,1997-04-21,648.1965190028819,7.12551859667037,0.015827396884560585,-0.0033980433128855125
0,1997-04-22,659.5476212482934,7.074958619579494,0.017511822283267975,-0.05055997709087556
0,1997-04-23,660.6851571437952,7.01282256918093,0.001724721398204565,-0.06213605039856418
0,1997-04-24,664.1800430269227,6.945362432135691,0.005289790220558643,-0.06746013704523879
0,1997-04-25,660.7280731086157,6.936514985548999,-0.005197340622544289,-0.008847446586692342
0,1997-04-28,652.237737330171,6.9768536538145,-0.012849969789385796,0.04033866826550092
0,1997-04-29,660.5255379857732,6.900418149068937,0.012706717476248741,-0.07643550474556271
0,1997-04-30,655.146900474538,6.8570186493818275,-0.008142966777086258,-0.04339949968710943
0,1997-05-01,655.1176320405752,6.828694283787747,-4.467461258172989e-05,-0.028324365594080803
0,1997-05-02,653.9459747487747,6.857496670912418,-0.0017884685657918453,0.028802387124671647
0,1997-05-05,648.1736082954944,6.892922141000943,-0.00882697757333517,0.03542547008852459
0,1997-05-06,655.3313405782241,6.90497807306119,0.011042924597859383,0.01205593206024691
0,1997-05-07,654.0978578396499,6.877842912040934,-0.0018822276033461094,-0.02713516102025615
0,1997-05-08,654.6337518832399,6.943375529632384,0.0008192872628569603,0.06553261759145013
0,1997-05-09,662.3766889987824,6.974306003166664,0.011827891692519188,0.030930473534279912
0,1997-05-12,659.7762831870343,6.94296728017413,-0.003925871569663286,-0.03133872299253415
0,1997-05-13,661.7329412307328,6.95458285986568,0.0029656386468559504,0.011615579691550693
0,1997-05-14,663.0784677792981,7.028825357028663,0.0020333377178758383,0.0742424971629827
0,1997-05-15,661.1951782836927,6.974996035102435,-0.0028402211610227823,-0.053829321926228246
0,1997-05-16,669.8666729813044,6.871797808509793,0.01311487890779972,-0.10319822659264144
0,1997-05-19,670.9722659304874,6.908529964021121,0.0016504671657457948,0.036732155511328024
0,1997-05-20,675.4749984097733,6.932955421366762,0.006710757967084646,0.02442545734564039
0,1997-05-21,673.6795303586831,6.867341713745072,-0.0026580821722745895,-0.06561370762169005
0,1997-05-22,684.037660228983,6.790481696789543,0.015375455841422081,-0.07686001695552847
0,1997-05-23,693.893922599758,6.788786356198959,0.014408946968615055,-0.0016953405905839602
0,1997-05-27,689.8052119196178,6.756063577951786,-0.005892414599657059,-0.03272277824717307
0,1997-05-28,694.5753160061385,6.778595979225517,0.0069151464849710464,0.022532401273730684
0,1997-05-29,697.6780468655578,6.705597614307059,0.004467090591788292,-0.07299836491845824
0,1997-05-30,707.1165685554323,6.662473673831231,0.013528477400541306,-0.04312394047582746
0,1997-06-02,709.0952796807175,6.633467809267327,0.002798281377181411,-0.02900586456390375
0,1997-06-03,716.4890320122237,6.660244828272317,0.010427022352814674,0.026777019004989633
0,1997-06-04,709.7010102790387,6.649401225045382,-0.009474006481468678,-0.01084360322693545
0,1997-06-05,714.2800783655316,6.649376246236961,0.006452108733355999,-2.4978808420783594e-05
0,1997-06-06,718.8815459137555,6.721613890335657,0.006442105397582054,0.07223764409869649
0,1997-06-09,729.8565086666401,6.65206432029748,0.01526671927422285,-0.06954957003817697
0,1997-06-10,732.9311777759402,6.669672921585461,0.0042127035558223724,0.017608601287980363
0,1997-06-11,738.3065363053643,6.631566206495534,0.007334056310355663,-0.0381067150899268
0,1997-06-12,735.5368035398703,6.666082589323126,-0.003751467214897275,0.03451638282759184
0,1997-06-13,722.7917179611518,6.680526215104438,-0.017327597364783287,0.014443625781312086
0,1997-06-16,718.0788905836118,6.704646328441628,-0.006520311813801527,0.02412011333719022
0,1997-06-17,731.7249490910665,6.717163440173698,0.01900356449186802,0.012517111732069708
0,1997-06-18,729.182506845297,6.736281547054283,-0.0034745873417705297,0.019118106880585017
0,1997-06-19,731.5763302269135,6.773038957078824,0.00328288646414876,0.03675741002454114
0,1997-06-20,729.1796304465145,6.700240193359753,-0.003276076167821884,-0.07279876371907079
0,1997-06-23,746.4857540277006,6.656796953547275,0.02373369038105011,-0.04344323981247822
0,1997-06-24,751.6253296773942,6.625604596769236,0.0068850284442305565,-0.031192356778039
0,1997-06-25,750.4018794248865,6.693526296966942,-0.0016277395188808441,0.06792170019770616
0,1997-06-26,744.4720932782044,6.689072013094133,-0.007902147248387337,-0.004454283872808773
0,1997-06-27,755.8208741490847,6.5847630582924745,0.01524406485259533,-0.1043089548016587
0,1997-06-30,764.0660582084694,6.554776301321339,0.010908912867307663,-0.02998675697113562
0,1997-07-01,762.7423683489001,6.6175752435080515,-0.0017324285581707954,0.06279894218671256
0,1997-07-02,751.8229208657845,6.631152196843377,-0.014316036365926266,0.013576953335325825
0,1997-07-03,765.8374339357663,6.646183901803869,0.018640710040926933,0.015031704960491332
0,1997-07-07,772.2438578172095,6.658930725019498,0.008365252986550331,0.012746823215628922
0,1997-07-08,768.2960531467074,6.795570458653069,-0.0051121218129992485,0.1366397336335714
0,1997-07-09,767.3681354943818,6.846099080905353,-0.0012077605351805687,0.05052862225228427
0,1997-07-10,771.9390151246764,6.901859089674127,0.005956566892564297,0.05576000876877352
0,1997-07-11,762.0255388474973,6.866863099149175,-0.01284230500459671,-0.03499599052495217
0,1997-07-14,766.4000919821312,6.887865016718705,0.005740690976381302,0.021001917569530626
0,1997-07-15,752.3619907401392,6.846094846303168,-0.018316935747861862,-0.04177017041553732
0,1997-07-16,764.7905238937411,6.920745856867519,0.016519352793693542,0.07465101056435142
0,1997-07-17,753.7938236674152,6.970116351219263,-0.01437870878726244,0.04937049435174412
0,1997-07-18,756.7015783676054,6.8721201247848915,0.0038574934005737305,-0.09799622643437189
0,1997-07-21,763.5779215580116,6.7714429196837935,0.009087258949875832,-0.10067720510109801
0,1997-07-22,766.2077437678573,6.745877210684333,0.003444078378379345,-0.025565708999460313
0,1997-07-23,780.6704266244236,6.739202834685469,0.018875667825341225,-0.006674375998864335
0,1997-07-24,768.8276645919215,6.806175912843888,-0.015169989317655563,0.06697307815841924
0,1997-07-25,773.9585254701698,6.857603257207947,0.006673616357147694,0.05142734436405849
0,1997-07-28,764.7307807053797,6.905247072107351,-0.011922789737582207,0.047643814899404724
0,1997-07-29,767.4524795244698,6.930554393720948,0.0035590287297964096,0.025307321613596834
0,1997-07-30,768.851418637937,6.807059485538172,0.0018228348344564438,-0.12349490818277609
0,1997-07-31,778.1169067157438,6.782777259398755,0.01205107755959034,-0.024282226139416885
0,1997-08-01,785.1536597177112,6.768508435638946,0.009043310768902302,-0.014268823759809202
0,1997-08-04,786.3302125694715,6.753958035399027,0.0014985001180320978,-0.01455040023991927
0,1997-08-05,796.4418040533558,6.706936906811584,0.012859217822551727,-0.047021128587442895
0,1997-08-06,788.3365905260536,6.63602824286532,-0.010176780633628368,-0.0709086639462635
0,1997-08-07,787.2053524941056,6.592595784051889,-0.0014349683187901974,-0.04343245881343094
0,1997-08-08,771.8755400068248,6.701743872629277,-0.019473714753985405,0.10914808857738745
0,1997-08-11,750.2296257462747,6.739386500236975,-0.028043270111083984,0.03764262760769821
0,1997-08-12,762.9894299487396,6.675950168409628,0.017007865011692047,-0.0634363318273472
0,1997-08-13,745.4074231322063,6.636761554529947,-0.02304357849061489,-0.039188613879680645
0,1997-08-14,748.4454766594399,6.776894732066686,0.0040756952948868275,0.1401331775367387
0,1997-08-15,743.9175233986745,6.802353966305016,-0.006049810443073511,0.025459234238329742
0,1997-08-18,752.3552668213831,6.767863763413036,0.011342310346662998,-0.03449020289197957
0,1997-08-19,752.7964912482882,6.685758639702153,0.0005864575505256653,-0.08210512371088274
0,1997-08-20,752.577589857825,6.701987443536324,-0.00029078428633511066,0.01622880383417069
0,1997-08-21,755.5389843718697,6.712254292232417,0.003935002256184816,0.010266848696092623
0,1997-08-22,751.1155290535858,6.7529256920437915,-0.0058547016233205795,0.0406713998113748
0,1997-08-25,741.0280962531219,6.8171984810358515,-0.013429935090243816,0.06427278899206001
0,1997-08-26,749.1585051832244,6.78574441579018,0.0109717957675457,-0.03145406524567118
0,1997-08-27,759.554829428837,6.7066065053984625,0.01387733593583107,-0.0791379103917178
0,1997-08-28,751.8897285423598,6.707626813683158,-0.0100915702059865,0.0010203082846951261
0,1997-08-29,750.6672326654591,6.687045071748009,-0.001625897828489542,-0.020581741935148834
0,1997-09-02,752.3091141514807,6.5688148345293245,0.0021872294601053,-0.11823023721868431
0,1997-09-03,761.9580398301937,6.634918225979023,0.012825746089220047,0.06610339144969846
0,1997-09-04,752.0595678546664,6.630559003168168,-0.012990836054086685,-0.004359222810855101
0,1997-09-05,747.7559031868868,6.591603001916521,-0.005722505040466785,-0.038956001251646555
0,1997-09-08,741.0455975133846,6.521161988695364,-0.0089739253744483,-0.07044101322115726
0,1997-09-09,735.4041267729036,6.43953102703698,-0.00761285237967968,-0.08163096165838368
0,1997-09-10,744.7549852407836,6.283924887515713,0.012715265154838562,-0.15560613952126712
0,1997-09-11,751.8663074830927,6.2907246844869915,0.00954853929579258,0.006799796971278305
0,1997-09-12,746.4237987105859,6.500448593922793,-0.007238665595650673,0.20972390943580166
0,1997-09-15,731.1992399546873,6.555943385439195,-0.02039666846394539,0.05549479151640213
0,1997-09-16,725.7916121607834,6.345748575835002,-0.007395559921860695,-0.210194809604193
0,1997-09-17,739.1068988922576,6.227116670033963,0.01834588125348091,-0.11863190580103922
0,1997-09-18,746.6889991354575,6.240357711223959,0.010258462280035019,0.013241041189996139
0,1997-09-19,731.1120836181138,6.262282702377698,-0.020861316472291946,0.021924991153738915
0,1997-09-22,709.4033917558276,6.264798763103315,-0.029692700132727623,0.002516060725616498
0,1997-09-23,720.6940428236481,6.209490346165968,0.015915699303150177,-0.055308416937347005
0,1997-09-24,724.9677893617754,6.1613608524188965,0.005930042825639248,-0.048129493747071095
0,1997-09-25,732.1055892797269,6.181653975353068,0.009845678694546223,0.020293122934171848
0,1997-09-26,725.7747760311695,6.21704131582405,-0.008647404611110687,0.03538734047098124
0,1997-09-29,721.1933182044054,6.232557784687263,-0.006312506273388863,0.015516468863213007
0,1997-09-30,727.1889113996947,6.258935691519886,0.008313434198498726,0.02637790683262331
0,1997-10-01,722.138930122958,6.209192515533155,-0.006944524589926004,-0.04974317598673128
0,1997-10-02,735.5115478615841,6.213447805960203,0.01851806789636612,0.004255290427048308
0,1997-10-03,745.689069380003,6.27195183520783,0.013837337493896484,0.058504029247626654
0,1997-10-06,739.0698438923589,6.290990028918607,-0.00887665618211031,0.019038193710777307
0,1997-10-07,735.8568833790706,6.300491296310546,-0.0043473029509186745,0.009501267391939017
0,1997-10-08,723.085781073575,6.2907486560124255,-0.01735541597008705,-0.009742640298120442
0,1997-10-09,725.7033461106992,6.264001733474597,0.003619992407038808,-0.02674692253782851
0,1997-10-10,741.5063054583197,6.144814933253959,0.02177605964243412,-0.11918680022063821
0,1997-10-15,743.3400235978005,6.133289876612923,0.002472963649779558,-0.011525056641035647
0,1997-10-16,753.9558307090423,6.122096441196624,0.014281226322054863,-0.011193435416299025
0,1997-10-17,762.0750246734688,6.1477760255257206,0.01076879259198904,0.02567958432909645
0,1997-10-20,756.8989507559041,6.179425691279993,-0.006792079191654921,0.03164966575427286
0,1997-10-21,746.3579985839915,6.187034006316271,-0.013926498591899872,0.007608315036277347
0,1997-10-22,767.801393130043,6.1000357257286,0.028730709105730057,-0.08699828058767078
0,1997-10-23,782.8130425664608,5.988497961388159,0.01955147460103035,-0.11153776434044094
0,1997-10-24,776.4493237145278,5.954718999677958,-0.008129295893013477,-0.033778961710201116
0,1997-10-27,777.631639243216,5.926799434833474,0.001522720791399479,-0.02791956484448388
0,1997-10-28,771.0434482043082,5.88928829044869,-0.008472123183310032,-0.03751114438478442
0,1997-10-29,778.5797600097525,5.897533255914433,0.00977417267858982,0.00824496546574327
0,1997-10-30,790.8944034890087,5.891170145340112,0.01581680402159691,-0.006363110574320707
0,1997-10-31,798.777153166966,5.881501918726407,0.009966880083084106,-0.009668226613705144
0,1997-11-03,795.7102700345557,5.7814543265991984,-0.0038394727744162083,-0.1000475921272086
0,1997-11-04,794.3612959400086,5.874578297937654,-0.0016953081358224154,0.09312397133845529
0,1997-11-05,795.6013425746776,5.836176718320103,0.0015610612463206053,-0.03840157961755075
0,1997-11-06,794.6498925410833,5.8306920145174095,-0.0011958879185840487,-0.0054847038026935024
0,1997-11-07,797.1924056106424,5.756970498405353,0.003199538681656122,-0.07372151611205613
0,1997-11-10,806.0747520500337,5.753318306335864,0.011142035946249962,-0.0036521920694889687
0,1997-11-13,807.6012140121974,5.686536387904024,0.0018936977721750736,-0.06678191843184056
0,1997-11-14,800.1554283774948,5.689603974765758,-0.009219631552696228,0.0030675868617340285
0,1997-11-17,797.4187304742929,5.657331298904028,-0.0034202078823000193,-0.032272675861729994
0,1997-11-18,786.366549706681,5.598670287110687,-0.01385994628071785,-0.05866101179334127
0,1997-11-19,797.0070998711022,5.620521661224898,0.013531285338103771,0.021851374114211453
0,1997-11-20,808.8869391102708,5.652984459798934,0.014905562624335289,0.032462798574036
0,1997-11-21,812.715433723217,5.6302063226770755,0.00473304046317935,-0.0227781371218585
0,1997-11-24,830.1809292412776,5.68846291367501,0.021490296348929405,0.05825659099793423
0,1997-11-25,831.2011012200202,5.616668544225614,0.0012288549914956093,-0.0717943694493961
0,1997-11-26,847.2276103307682,5.605884513924907,0.019281145185232162,-0.01078403030070696
0,1997-11-28,854.3455994631114,5.647584739824128,0.008401507511734962,0.04170022589922162
0,1997-12-01,861.0565636921316,5.594866387182804,0.007855093106627464,-0.05271835264132463
0,1997-12-02,866.6495982872397,5.657477135045541,0.006495548412203789,0.06261074786273735
0,1997-12-03,864.8752614753593,5.679204857105457,-0.0020473520271480083,0.021727722059916132
0,1997-12-04,859.513588868969,5.670740224543025,-0.006199359428137541,-0.008464632562431795
0,1997-12-05,866.3849286204126,5.627195887843958,0.007994451560080051,-0.04354433669906754
0,1997-12-08,866.5550124724213,5.63479057487957,0.00019631441682577133,0.007594687035612502
0,1997-12-09,860.8160785734077,5.639983364325951,-0.006622700020670891,0.0051927894463803526
0,1997-12-10,854.3515222670312,5.71833379338346,-0.007509799674153328,0.078350429057509
0,1997-12-11,854.9572046210324,5.736014968823517,0.0007089381106197834,0.01768117544005765
0,1997-12-12,846.6000786286382,5.746663652344431,-0.009774905629456043,0.010648683520913416
0,1997-12-15,836.1675595010431,5.770668296496645,-0.01232284214347601,0.024004644152213928
0,1997-12-16,829.3275703419959,5.774140403401954,-0.00818016566336155,0.0034721069053089693
0,1997-12-17,809.5293719898225,5.779945382446505,-0.02387259155511856,0.0058049790445515725
0,1997-12-18,821.9160098247044,5.813473577674851,0.015301035717129707,0.033528195228345936
0,1997-12-19,836.4867706973497,5.789415180346525,0.017727797850966454,-0.02405839732832593
0,1997-12-22,857.948102015463,5.772226823342367,0.025656510144472122,-0.01718835700415866
0,1997-12-23,865.7145478771329,5.746132396800719,0.009052349254488945,-0.02609442654164784
0,1997-12-24,856.7809700716605,5.748334358894549,-0.010319311171770096,0.0022019620938298345
0,1997-12-26,849.667888777659,5.7364452007901185,-0.008302100002765656,-0.011889158104430031
0,1997-12-29,843.39747084859,5.698092222442871,-0.007379845716059208,-0.03835297834724738
0,1997-12-30,853.1339767401806,5.679379202842257,0.011544385924935341,-0.018713019600614444
0,1997-12-31,890.202369738655,5.667046473387238,0.04344967380166054,-0.012332729455018843
0,1998-01-02,850.3603175055049,5.744692639505417,-0.044756174087524414,0.07764616611817932
0,1998-01-05,819.6466291186582,5.789955536366277,-0.036118440330028534,0.04526289686085949
0,1998-01-06,807.383264169511,5.787356914861777,-0.014961770735681057,-0.002598621504499299
0,1998-01-07,826.0155875765603,5.703107286909303,0.02307742089033127,-0.0842496279524747
0,1998-01-08,818.1590559845259,5.703902371355234,-0.009511359967291355,0.0007950844459312378
0,1998-01-09,829.9826115040592,5.7306751265741225,0.014451414346694946,0.026772755218888555
0,1998-01-12,823.5268288941942,5.638514776154369,-0.007778214290738106,-0.09216035041975346
0,1998-01-13,830.5758388895027,5.614352789241689,0.00855953898280859,-0.0241619869126799
0,1998-01-14,833.5001742290153,5.632360040946669,0.0035208528861403465,0.018007251704980298
0,1998-01-15,842.3040966563844,5.927129183919161,0.010562592186033726,0.29476914297249124
0,1998-01-16,852.6498159976529,5.897175652118748,0.012282641604542732,-0.029953531800412492
0,1998-01-20,852.8937455819802,6.043697160661761,0.00028608413413167,0.14652150854301293
0,1998-01-21,859.2569501044474,6.007030145860321,0.007460723631083965,-0.03666701480144052
0,1998-01-22,854.4856125751228,6.064571748588949,-0.005552864633500576,0.057541602728628405
0,1998-01-23,845.158459655228,6.077901382706419,-0.010915517807006836,0.013329634117470235
0,1998-01-26,851.4626313872894,6.052863425928754,0.007459159474819899,-0.025037956777665293
0,1998-01-27,871.8265626055284,6.148799646171378,0.02391641214489937,0.09593622024262416
0,1998-01-28,861.005228445534,6.182444880258876,-0.012412255629897118,0.033645234087497755
0,1998-01-29,875.1785882031626,6.18030118320339,0.016461409628391266,-0.0021436970554855606
0,1998-01-30,874.7687064484775,6.224559463288506,-0.000468340702354908,0.04425828008511612
0,1998-02-02,891.1152750704176,6.138366686114601,0.018686732277274132,-0.08619277717390528
0,1998-02-03,892.8463727271705,6.06492663837528,0.00194261921569705,-0.07344004773932156
0,1998-02-04,907.1104935454448,6.255995057449397,0.015976008027791977,0.1910684190741172
0,1998-02-05,886.5182974738991,6.147065963385689,-0.022700868546962738,-0.10892909406370777
0,1998-02-06,884.6666676143294,6.134787604475252,-0.0020886538550257683,-0.012278358910436715
0,1998-02-09,869.032226522356,6.045972818965127,-0.017672691494226456,-0.08881478551012556
0,1998-02-10,876.1203582303754,5.9705245309993655,0.008156350813806057,-0.0754482879657612
0,1998-02-11,869.3053338581014,6.017317012575153,-0.007778639439493418,0.04679248157578719
0,1998-02-12,861.998527856155,5.981545189290351,-0.00840533897280693,-0.03577182328480166
0,1998-02-13,867.2036144441729,5.9022747170373,0.006038393825292587,-0.07927047225305106
0,1998-02-17,846.1018663551902,5.948752329210505,-0.02433309517800808,0.046477612173204896
0,1998-02-18,843.8268310281245,6.070739107142775,-0.0026888432912528515,0.12198677793227031
0,1998-02-19,825.0578952666414,6.071554601878139,-0.02224263921380043,0.0008154947353640196
0,1998-02-20,815.5908172861998,6.156115888772479,-0.011474440805613995,0.08456128689434017
0,1998-02-23,812.2872349745564,6.1266514796216045,-0.0040505388751626015,-0.029464409150874893
0,1998-02-24,802.1109674989386,6.18945285324247,-0.012527917511761189,0.06280137362086524
0,1998-02-25,800.3093966738511,6.074145573867827,-0.0022460368927568197,-0.11530727937464302
0,1998-02-26,814.5526705291813,6.129724410361321,0.017797209322452545,0.0555788364934946
0,1998-02-27,802.0640898174518,6.1811329914069875,-0.015331827104091644,0.051408581045666146
0,1998-03-02,779.4815847387706,6.187187139500335,-0.028155487030744553,0.006054148093347145
0,1998-03-03,788.9566531839922,6.280745193775634,0.012155602686107159,0.09355805427529962
0,1998-03-04,780.1104327719084,6.195663088712505,-0.011212555691599846,-0.08508210506312963
0,1998-03-05,786.6198821720446,6.191922664917536,0.008344266563653946,-0.003740423794968528
0,1998-03-06,790.3019571830016,6.090680822328171,0.004680882208049297,-0.1012418425893653
0,1998-03-09,796.1249824075774,6.106823191945279,0.007368101738393307,0.01614236961710791
0,1998-03-10,791.0553307628776,6.08281149630833,-0.0063679092563688755,-0.024011695636948716
0,1998-03-11,795.3683843950727,6.090988981894849,0.005452278070151806,0.008177485586519317
0,1998-03-12,799.1569611906327,6.1209432840169065,0.004763298202306032,0.029954302122057186
0,1998-03-13,808.9625611496465,6.04659933614689,0.012269929982721806,-0.07434394787001608
0,1998-03-16,823.295983089014,6.035712267778235,0.017718276008963585,-0.01088706836865505
0,1998-03-17,812.286215676001,6.021904047750661,-0.013372793793678284,-0.01380822002757398
0,1998-03-18,822.0665619026458,6.062447594662399,0.012040517292916775,0.04054354691173767
0,1998-03-19,837.3807706431779,6.039107543348243,0.018628915771842003,-0.02334005131415573
0,1998-03-20,842.7035714481083,6.043417529367318,0.006356487981975079,0.004309986019074508
0,1998-03-23,838.7108421323002,6.076895481288061,-0.004737999755889177,0.03347795192074354
0,1998-03-24,831.4153457542195,6.11660591952768,-0.00869846437126398,0.039710438239618284
0,1998-03-25,822.6895653861858,6.114897098425953,-0.010495091788470745,-0.0017088211017268762
0,1998-03-26,828.325332166207,6.11283892491031,0.006850417237728834,-0.002058173515642636
0,1998-03-27,827.774031270302,6.111763386252894,-0.0006655608303844929,-0.00107553865741572
0,1998-03-30,821.7631017705476,6.091184976062182,-0.007261558435857296,-0.02057841019071205
0,1998-03-31,816.3651282573761,6.081878084097246,-0.006568770855665207,-0.00930689196493617
0,1998-04-01,806.3789280357204,6.126848391296834,-0.012232516892254353,0.04497030719958772
0,1998-04-02,810.1429852118081,6.084716522864293,0.004667851608246565,-0.042131868432540465
0,1998-04-03,817.7358426667962,6.072037989815297,0.009372243657708168,-0.012678533048996243
0,1998-04-06,824.8421472899116,6.014537698732584,0.008690220303833485,-0.057500291082713595
0,1998-04-07,817.7934162828922,6.056346114665922,-0.00854555144906044,0.04180841593333806
0,1998-04-08,823.2393796419763,6.088903913093423,0.006659338716417551,0.032557798427501616
0,1998-04-09,826.374008107106,6.057362940231409,0.0038076755590736866,-0.03154097286201463
0,1998-04-13,836.7412300811968,6.017423226950225,0.012545435689389706,-0.03993971328118384
0,1998-04-14,832.3105667852981,6.042192221704118,-0.005295141600072384,0.02476899475389338
0,1998-04-15,828.6609972677602,6.035419734949812,-0.004384865052998066,-0.006772486754305973
0,1998-04-16,838.2089023660582,5.982095596383929,0.011522088199853897,-0.05332413856588314
0,1998-04-17,834.7501919076898,5.917569233431804,-0.0041263108141720295,-0.0645263629521251
0,1998-04-20,843.9941409322855,5.869248510929323,0.011073910631239414,-0.04832072250248132
0,1998-04-21,833.7566510365521,5.877974613629667,-0.012129811570048332,0.008726102700344462
0,1998-04-22,847.3079806349959,5.863136539304948,0.016253339126706123,-0.014838074324718953
0,1998-04-23,851.1086220490105,5.8431577704548765,0.004485548939555883,-0.01997876885007166
0,1998-04-24,839.38158521753,5.836027067770064,-0.01377854309976101,-0.00713070268481264
0,1998-04-27,829.4120356559333,5.894540768394613,-0.011877255514264107,0.05851370062454908
0,1998-04-28,842.6058395870912,5.957217928981991,0.015907417982816696,0.06267716058737793
0,1998-04-29,854.9092819684569,5.906631387244188,0.014601658098399639,-0.05058654173780308
0,1998-04-30,853.7905689213154,5.896797797366514,-0.0013085751561447978,-0.009833589877673354
0,1998-05-01,855.6638686727704,5.849190307116344,0.002194097498431802,-0.047607490250170414
0,1998-05-04,855.5679449347266,5.80967058943998,-0.00011210446245968342,-0.039519717676363975
0,1998-05-05,849.0367759628515,5.839494879781384,-0.007633723318576813,0.02982429034140388
0,1998-05-06,857.8192318035881,5.925254477560657,0.010344022884964943,0.08575959777927267
0,1998-05-07,858.0680280384152,5.876684739245477,0.00029003340750932693,-0.0485697383151793
0,1998-05-08,852.9162670414293,5.802428367957372,-0.006003907416015863,-0.07425637128810525
0,1998-05-11,858.8019039484521,5.785057892342772,0.0069006034173071384,-0.017370475614599812
0,1998-05-12,850.4504371381342,5.8257771578120945,-0.009724555537104607,0.04071926546932225
0,1998-05-13,856.595314457735,5.741657800730195,0.007225438486784697,-0.08411935708189944
0,1998-05-14,872.6218828931976,5.742413876650898,0.018709614872932434,0.0007560759207025924
0,1998-05-15,888.9031506842052,5.6903825742166525,0.018657872453331947,-0.05203130243424514
0,1998-05-18,883.1265260081809,5.716853616065166,-0.0064985984936356544,0.0264710418485139
0,1998-05-19,895.1959838826781,5.684250076616089,0.013666736893355846,-0.032603539449077346
0,1998-05-20,910.4239058397902,5.6826953362112445,0.01701071299612522,-0.0015547404048446012
0,1998-05-21,914.2518675186192,5.525618398130894,0.004204592667520046,-0.15707693808035028
0,1998-05-22,910.9190511597245,5.56916371617513,-0.0036454028449952602,0.043545318044236225
0,1998-05-26,907.9545923753968,5.57993742118832,-0.0032543602865189314,0.010773705013189527
0,1998-05-27,916.5189782838797,5.560134428371898,0.009432614780962467,-0.019802992816422282
0,1998-05-28,922.0162851835008,5.522540541258058,0.005998028442263603,-0.037593887113839486
0,1998-05-29,925.8420005287132,5.533109860226229,0.004149292595684528,0.01056931896817126
0,1998-06-01,922.4013055344608,5.478330302881517,-0.00371628743596375,-0.054779557344712515
0,1998-06-02,924.05173521449,5.503567818094966,0.0017892750911414623,0.025237515213449413
0,1998-06-03,919.7470615375331,5.409453618562565,-0.0046584769152104855,-0.09411419953240152
0,1998-06-04,922.868892283788,5.404322981780379,0.0033942274749279022,-0.005130636782185505
0,1998-06-05,921.7655817669211,5.4250423934572405,-0.001195522490888834,0.0207194116768612
0,1998-06-08,935.2416284885638,5.435305637097884,0.014619819819927216,0.010263243640643793
0,1998-06-09,928.8610113702044,5.438755667243223,-0.006822426337748766,0.003450030145338623
0,1998-06-10,936.2139311245434,5.369958968598099,0.007916060276329517,-0.06879669864512383
0,1998-06-11,949.4716252406304,5.344953215977849,0.014160966500639915,-0.025005752620249844
0,1998-06-12,946.4170343780468,5.360480880624762,-0.0032171481288969517,0.01552766464691313
0,1998-06-15,969.7033878962596,5.5349745083979665,0.02460474893450737,0.1744936277732041
0,1998-06-16,973.610793988802,5.561269943409394,0.004029485862702131,0.026295435011427948
0,1998-06-17,981.3348891958615,5.571563574971418,0.007933452725410461,0.010293631562023897
0,1998-06-18,972.8879026784027,5.654885251596046,-0.008607649244368076,0.08332167662462808
0,1998-06-19,978.5342033401721,5.622498047583149,0.00580364977940917,-0.032387204012897186
0,1998-06-22,979.4436000337422,5.621315830039904,0.0009293458424508572,-0.001182217543244768
0,1998-06-23,975.0577180794996,5.656115946978655,-0.004477932117879391,0.03480011693875085
0,1998-06-24,961.914962359852,5.843333518943225,-0.013478951528668404,0.18721757196456945
0,1998-06-25,943.5369548765466,5.895430346622885,-0.01910564675927162,0.05209682767966051
0,1998-06-26,960.3189491306541,6.124911762930122,0.017786260694265366,0.2294814163072365
0,1998-06-29,959.7070981030807,6.069578068483713,-0.00063713314011693,-0.0553336944464089
0,1998-06-30,938.3612996640891,5.990156876967164,-0.022241992875933647,-0.07942119151654925
0,1998-07-01,944.5033277252833,5.845641579969369,0.006545483134686947,-0.14451529699779453
0,1998-07-02,948.1496806274697,5.684602050832521,0.003860603552311659,-0.16103952913684783
0,1998-07-06,955.7178535526385,5.647655755304832,0.007982044480741024,-0.03694629552768891
0,1998-07-07,965.2088409554707,5.687494140235363,0.009930741973221302,0.0398383849305306
0,1998-07-08,968.1071465121698,5.705108073779592,0.00300277560018003,0.017613933544229354
0,1998-07-09,960.616500742544,5.597496835787794,-0.007737413980066776,-0.10761123799179817
0,1998-07-10,954.7555610605259,5.565715862743462,-0.00610122736543417,-0.031780973044331695
0,1998-07-13,956.2210924407582,5.546613957303362,0.001534980721771717,-0.019101905440100708
0,1998-07-14,951.5058232419632,5.507326794168228,-0.004931149538606405,-0.039287163135133696
0,1998-07-15,943.5684913058042,5.467725014951393,-0.008341863751411438,-0.039601779216835276
0,1998-07-16,930.5415914129221,5.3842927105583245,-0.013805992901325226,-0.08343230439306826
0,1998-07-17,931.0732862360728,5.35339786394349,0.0005713821155950427,-0.030894846614834215
0,1998-07-20,954.1305736714929,5.34692412235424,0.024764202535152435,-0.0064737415892501815
0,1998-07-21,955.4722234305721,5.323504591486908,0.0014061490073800087,-0.02341953086733195
0,1998-07-22,949.9167132424275,5.205732726009703,-0.005814413074404001,-0.11777186547720486
0,1998-07-23,950.787550159271,5.168546310126425,0.0009167508105747402,-0.0371864158832782
0,1998-07-24,934.7801789372061,5.116139980676097,-0.016835907474160194,-0.05240632945032786
0,1998-07-27,934.0129151003813,5.119920278009036,-0.0008207960054278374,0.003780297332938609
0,1998-07-28,927.4783779008422,5.224760603172231,-0.006996195763349533,0.1048403251631953
0,1998-07-29,907.8671437635963,5.25189145992917,-0.021144680678844452,0.027130856756938826
0,1998-07-30,904.0507278594985,5.277336504941626,-0.004203716292977333,0.02544504501245637
0,1998-07-31,899.0250423375835,5.273464372713134,-0.005559074692428112,-0.0038721322284924753
0,1998-08-03,912.2898557395682,5.243953786728909,0.014754665084183216,-0.029510585984224846
0,1998-08-04,914.2057380742455,5.239022314663271,0.002100080717355013,-0.004931472065638154
0,1998-08-05,901.6541268708288,5.146467992099526,-0.013729525730013847,-0.0925543225637444
0,1998-08-06,890.5418090785345,5.159985036948487,-0.012324368581175804,0.013517044848960325
0,1998-08-07,907.5645132993236,5.180937317364269,0.01911499723792076,0.020952280415782454
0,1998-08-10,887.6260883086991,5.19009287922818,-0.021969154477119446,0.009155561863910755
0,1998-08-11,904.709902844358,5.252294997938355,0.01924663409590721,0.062202118710175114
0,1998-08-12,909.0491326940589,5.31404159177771,0.004796266555786133,0.06174659383935488
0,1998-08-13,887.6731936779045,5.2615182398070806,-0.02351461350917816,-0.052523351970629406
0,1998-08-14,893.2644981109048,5.188229857903239,0.006298832129687071,-0.07328838190384168
0,1998-08-17,896.9354850129229,5.182854644356821,0.004109630361199379,-0.00537521354641779
0,1998-08-18,884.4980773212277,5.207395639067406,-0.013866557739675045,0.024540994710585018
0,1998-08-19,871.4283813221199,5.193410504020691,-0.014776398427784443,-0.013985135046715058
0,1998-08-20,870.4487824519174,5.192818218273921,-0.0011241300962865353,-0.0005922857467703935
0,1998-08-21,853.9889201555102,5.184250895304468,-0.018909627571702003,-0.008567322969452285
0,1998-08-24,847.6743344402502,5.168055819927252,-0.007394224405288696,-0.016195075377216206
0,1998-08-25,865.2908819921539,5.138713483773357,0.020782211795449257,-0.029342336153895587
0,1998-08-26,871.7287765668462,5.120866679812568,0.007440150715410709,-0.017846803960788193
0,1998-08-27,875.7900710979782,5.101103147612365,0.004658896941691637,-0.019763532200203215
0,1998-08-28,857.3923347980332,5.183482805974127,-0.02100701630115509,0.08237965836176198
0,1998-08-31,851.4061971206783,5.169077385361833,-0.006981795188039541,-0.014405420612294328
0,1998-09-01,863.419856420163,5.142775925761785,0.014110373333096504,-0.026301459600047927
0,1998-09-02,872.6627891210233,5.095838812638107,0.010705026797950268,-0.04693711312367821
0,1998-09-03,896.6976048214246,5.1160198266188806,0.027541927993297577,0.020181013980773876
0,1998-09-04,895.5764365835037,5.094380955419844,-0.0012503303587436676,-0.021638871199036736
0,1998-09-08,891.4745985456343,5.153514847458151,-0.004580109380185604,0.05913389203830732
0,1998-09-09,885.281510769996,5.196353683760633,-0.0069470154121518135,0.042838836302482086
0,1998-09-10,891.782422945339,5.183586719506379,0.00734332762658596,-0.012766964254254276
0,1998-09-11,904.9569622413999,5.115980572269214,0.014773266389966011,-0.06760614723716518
0,1998-09-14,900.0037084361242,5.154231759793099,-0.005473468918353319,0.03825118752388512
0,1998-09-15,911.4678338392722,5.194393789885379,0.012737864628434181,0.040162030092280254
0,1998-09-16,894.2344591071035,5.196317858138612,-0.018907276913523674,0.0019240682532331022
0,1998-09-17,906.5087243940454,5.197711665481853,0.013726003468036652,0.0013938073432404607
0,1998-09-18,918.1617883900819,5.2087879477042245,0.012854883447289467,0.01107628222237178
0,1998-09-21,911.1069886543073,5.222091269593472,-0.007683612871915102,0.013303321889247322
0,1998-09-22,902.988878293502,5.2113176070048945,-0.008910161443054676,-0.01077366258857726
0,1998-09-23,906.4917802637664,5.2281529052678115,0.0038792304694652557,0.016835298262916965
0,1998-09-24,904.1684323712087,5.17732246650393,-0.002563010435551405,-0.0508304387638816
0,1998-09-25,893.1555913234838,5.159466680342095,-0.012180076912045479,-0.01785578616183514
0,1998-09-28,894.8560123937561,5.125303793071845,0.001903835218399763,-0.03416288727024952
0,1998-09-29,914.3850420112656,5.151250904671586,0.02182365581393242,0.025947111599740502
0,1998-09-30,906.7906772684502,5.092992732109392,-0.008305434137582779,-0.058258172562193344
0,1998-10-01,905.9407932162532,5.064546146397857,-0.0009372439235448837,-0.028446585711535022
0,1998-10-02,889.8523501774184,5.082419918494493,-0.017758823931217194,0.01787377209663532
0,1998-10-05,872.866283264222,5.117182932218468,-0.019088635221123695,0.03476301372397561
0,1998-10-06,877.6633766491066,5.171462471820237,0.005495794117450714,0.05427953960176879
0,1998-10-07,872.644900935024,5.185893362577022,-0.005717996042221785,0.01443089075678472
0,1998-10-08,863.2980182054837,5.19344808351017,-0.010710980743169785,0.007554720933148573
0,1998-10-09,870.9400499486036,5.210739966641366,0.008852136321365833,0.017291883131195895
0,1998-10-14,859.3292336332411,5.187128172700056,-0.01333136111497879,-0.023611793941309855
0,1998-10-15,858.4299190349204,5.19027117702148,-0.0010465309023857117,0.0031430043214237813
0,1998-10-16,857.8912484601819,5.2022475979004685,-0.0006275067571550608,0.011976420878988314
0,1998-10-19,851.6914323265969,5.2094808475649845,-0.007226808927953243,0.007233249664515995
0,1998-10-20,844.4523228598106,5.103270758863621,-0.008499685674905777,-0.1062100887013635
0,1998-10-21,849.1010504028172,5.111487121448605,0.00550502073019743,0.00821636258498426
0,1998-10-22,834.5653245410169,5.083929520974602,-0.01711895875632763,-0.027557600474003685
0,1998-10-23,824.1005970264413,4.8000110536125495,-0.012539135292172432,-0.28391846736205206
0,1998-10-26,835.4055872641485,4.85529115664216,0.013717973604798317,0.055280103029610395
0,1998-10-27,833.1483329666116,4.8660252927118846,-0.002701986115425825,0.01073413606972462
0,1998-10-28,825.9601669392762,4.90449839001334,-0.008627714589238167,0.03847309730145554
0,1998-10-29,830.0402243085728,5.039831273577875,0.0049397749826312065,0.13533288356453532
0,1998-10-30,829.2596771402916,5.1185709071248775,-0.0009403727017343044,0.07873963354700209
0,1998-11-02,832.6209843295717,5.1076255481351485,0.004053383134305477,-0.010945358989729037
0,1998-11-03,847.1685031575511,5.066859753171226,0.017471957951784134,-0.04076579496392263
0,1998-11-04,849.4635444882382,5.205615486717126,0.0027090730145573616,0.1387557335459002
0,1998-11-05,859.1037344572741,5.353252859280944,0.011348562315106392,0.1476373725638176
0,1998-11-06,860.3319753152741,5.394635888675583,0.0014296770095825195,0.04138302939463934
0,1998-11-09,856.647521392062,5.310496880324465,-0.004282595589756966,-0.08413900835111754
0,1998-11-10,874.3402409026697,5.362286650296604,0.020653441548347473,0.0517897699721388
0,1998-11-13,890.8017920602332,5.400975138745866,0.018827397376298904,0.03868848844926198
0,1998-11-16,901.9745990140985,5.40506300563669,0.012542416341602802,0.004087866890824188
0,1998-11-17,914.4132296360027,5.370559994928725,0.01379044447094202,-0.03450301070796513
0,1998-11-18,920.1740304353626,5.2680543529804265,0.006299997214227915,-0.10250564194829881
0,1998-11-19,926.4252977718075,5.307389781600717,0.006793570704758167,0.03933542862029071
0,1998-11-20,923.8981210297869,5.2450873762614245,-0.0027278796769678593,-0.062302405339292655
0,1998-11-23,911.6294779823153,5.162118671706663,-0.01327921636402607,-0.08296870455476135
0,1998-11-24,903.8838329020721,5.128041362886429,-0.008496483787894249,-0.03407730882023419
0,1998-11-25,894.3953450261554,5.108268011803337,-0.01049746386706829,-0.019773351083092194
0,1998-11-27,895.2650714694644,5.039659080975512,0.0009724183473736048,-0.06860893082782482
0,1998-11-30,897.9626100896754,5.04320551144183,0.003013117238879204,0.0035464304663177515
0,1998-12-01,902.7612647348112,4.928634502400376,0.005343935918062925,-0.11457100904145356
0,1998-12-02,912.5879390147477,4.89619617592427,0.010885130614042282,-0.03243832647610656
0,1998-12-03,920.3894001557053,4.872552008042634,0.008548722602427006,-0.023644167881635703
0,1998-12-04,935.8112580770759,4.853902151875045,0.01675579696893692,-0.018649856167589185
0,1998-12-07,931.0292453097561,4.800580600324084,-0.0051100184209644794,-0.053321551550960855
0,1998-12-08,942.9720027964472,4.727138520754223,0.012827478349208832,-0.07344207956986093
0,1998-12-09,923.4082589261517,4.768415438964682,-0.020746897906064987,0.041276918210458646
0,1998-12-10,930.3919788917614,4.856539659277727,0.00756298191845417,0.08812422031304568
0,1998-12-11,935.1981080815883,4.81574138486036,0.005165703594684601,-0.04079827441736761
0,1998-12-14,920.3594499294844,4.746091448347608,-0.01586686074733734,-0.06964993651275186
0,1998-12-15,916.8311682193068,4.728176751936339,-0.003833591006696224,-0.017914696411268416
0,1998-12-16,926.4721788189778,4.750915239598996,0.010515579022467136,0.022738487662656404
0,1998-12-17,945.2976777191751,4.883090867211937,0.02031955122947693,0.13217562761294133
0,1998-12-18,954.1405829104716,4.932723859910688,0.009354624897241592,0.049632992698750655
0,1998-12-21,962.0705863185244,4.975037811762112,0.008311147801578045,0.04231395185142439
0,1998-12-22,956.4311638057846,4.895659237743099,-0.005861755460500717,-0.07937857401901294
0,1998-12-23,952.6076832032298,4.930015668679411,-0.0039976537227630615,0.03435643093631224
0,1998-12-24,936.2788934927471,4.920785089668741,-0.017141148447990417,-0.009230579010670148
0,1998-12-28,941.6975567469576,4.9140204590334156,0.0057874456979334354,-0.00676463063532573
0,1998-12-29,954.6056374094597,4.955530704472007,0.013707246631383896,0.04151024543859183
0,1998-12-30,953.4664888268458,4.930097078715194,-0.0011933185160160065,-0.025433625756813072
0,1998-12-31,955.0949962385615,4.941213406081693,0.0017079859972000122,0.011116327366498702
0,1999-01-04,951.8244236396592,4.918035589175116,-0.0034243427217006683,-0.02317781690657661
0,1999-01-05,959.0374669831195,4.973152673943165,0.007578123826533556,0.05511708476804866
0,1999-01-06,961.487973966243,4.983064904353502,0.0025551733560860157,0.009912230410336953
0,1999-01-07,970.0464327538725,5.007198148743435,0.008901264518499374,0.02413324438993314
0,1999-01-08,984.6265607367768,5.031686823878376,0.015030340291559696,0.024488675134940685
0,1999-01-11,971.8069838483468,4.933558204228768,-0.013019734993577003,-0.09812861964960806
0,1999-01-12,981.9833443892345,4.945066896055742,0.010471586138010025,0.011508691826974449
0,1999-01-13,986.4282093536891,4.758202966138362,0.004526415839791298,-0.1868639299173802
0,1999-01-14,967.2958174998632,4.744321320447241,-0.019395625218749046,-0.013881645691120603
0,1999-01-15,977.7498357308509,4.698689365115159,0.010807467624545097,-0.045631955332082086
0,1999-01-19,974.2777051187162,4.671546061947214,-0.003551144152879715,-0.027143303167945554
0,1999-01-20,986.2200570832513,4.703281309597794,0.012257646769285202,0.031735247650580334
0,1999-01-21,996.4970084907277,4.729200083805056,0.010420545935630798,0.02591877420726174
0,1999-01-22,976.340341813285,4.762434034785833,-0.020227523520588875,0.03323395098077686
0,1999-01-25,980.6516462664831,4.755628120605951,0.004415780305862427,-0.006805914179881967
0,1999-01-26,976.3385636403845,4.5552457594517755,-0.0043981801718473434,-0.2003823611541753
0,1999-01-27,962.0004295998725,4.501843362964475,-0.014685616828501225,-0.05340239648730005
0,1999-01-28,956.2663347812849,4.365120049316031,-0.005960594862699509,-0.13672331364844403
0,1999-01-29,949.7912718687468,4.352365284597497,-0.006771191954612732,-0.012754764718533984
0,1999-02-01,961.6186130832384,4.3455526976029235,0.012452568858861923,-0.006812586994573877
0,1999-02-02,945.8154418767215,4.277445844218952,-0.016433928161859512,-0.06810685338397171
0,1999-02-03,930.8230426496617,4.166627737571596,-0.015851294621825218,-0.11081810664735592
0,1999-02-04,938.9994302419539,4.111352465782472,0.008784040808677673,-0.055275271789123614
0,1999-02-05,929.2873396207929,4.060144938568534,-0.010343020781874657,-0.051207527213938064
0,1999-02-08,940.6716787102379,4.243858511452038,0.012250612489879131,0.1837135728835042
0,1999-02-09,938.4539680022865,4.357122184074012,-0.0023575820960104465,0.11326367262197401
0,1999-02-10,958.3943722693848,4.310846978626484,0.021248143166303635,-0.04627520544752883
0,1999-02-11,945.3103378290571,4.2234065340650355,-0.013652035966515541,-0.08744044456144806
0,1999-02-12,952.241291551639,4.314205117541473,0.007331934757530689,0.09079858347643732
0,1999-02-16,972.8192251378379,4.335186650379063,0.021609999239444733,0.020981532837589967
0,1999-02-17,972.7076640070287,4.262965570948154,-0.00011467817239463329,-0.07222107943090883
0,1999-02-18,962.3960943089716,4.223496644418518,-0.010600892826914787,-0.039468926529636406
0,1999-02-19,985.1640200632329,4.232287569002168,0.02365754172205925,0.008790924583650828
0,1999-02-22,988.6422024119676,4.236304529580787,0.0035305616911500692,0.004016960578618445
0,1999-02-23,986.4179327239965,4.249307684576655,-0.0022498227190226316,0.013003154995868016
0,1999-02-24,966.044410470602,4.218541433941414,-0.020654046908020973,-0.0307662506352413
0,1999-02-25,962.6081200273097,4.217534388262777,-0.003557072952389717,-0.001007045678636409
0,1999-02-26,962.3833767750532,4.22746671211872,-0.0002334732562303543,0.009932323855943004
0,1999-03-01,932.6107306571292,4.131283622326374,-0.03093636780977249,-0.09618308979234591
0,1999-03-02,924.2259469822087,4.171181151344452,-0.008990657515823841,0.03989752901807808
0,1999-03-03,931.6800101657037,4.1521902153748815,0.008065195754170418,-0.0189909359695708
0,1999-03-04,923.1585521817076,4.0913695588015955,-0.009146335534751415,-0.06082065657328606
0,1999-03-05,929.6951504245469,4.130852570098965,0.0070806886069476604,0.03948301129736986
0,1999-03-08,933.1411502913343,4.127479632803648,0.0037065912038087845,-0.003372937295317513
0,1999-03-09,914.7717051689656,4.07564295688756,-0.01968560181558132,-0.051836675916088204
0,1999-03-10,907.5067489350306,4.0154552038056055,-0.00794182438403368,-0.06018775308195412
0,1999-03-11,914.6212351222837,3.982692639657337,0.007839595898985863,-0.0327625641482685
0,1999-03-12,914.096195519497,3.8430408483965737,-0.0005740514025092125,-0.13965179126076332
0,1999-03-15,906.3417198959332,3.752716741797782,-0.008483216166496277,-0.09032410659879186
0,1999-03-16,895.0293267821098,3.7262119063350676,-0.012481377460062504,-0.026504835462714205
0,1999-03-17,893.9394657578794,3.6998735020440376,-0.0012176819145679474,-0.02633840429102996
0,1999-03-18,878.4808381255372,3.658767992447154,-0.017292700707912445,-0.04110550959688375
0,1999-03-19,892.9454414550069,3.7300741091493474,0.016465473920106888,0.07130611670219356
0,1999-03-22,902.4168551006992,3.723832346459541,0.010606934316456318,-0.006241762689806585
0,1999-03-23,897.9885267736078,3.74687099625487,-0.004907187074422836,0.023038649795329214
0,1999-03-24,911.8743217169975,3.7632476410221423,0.01546322088688612,0.016376644767272186
0,1999-03-25,904.3783902037552,3.782879963155105,-0.008220355957746506,0.01963232213296262
0,1999-03-26,902.9988726984668,3.77722087708957,-0.001525376457720995,-0.00565908606553478
0,1999-03-29,904.600911701314,3.8470450170967294,0.0017741317860782146,0.06982414000715931
0,1999-03-30,903.0705656245467,3.8565964185616504,-0.0016917361645027995,0.00955140146492095
0,1999-03-31,898.7632827810481,3.849098789204642,-0.004769597202539444,-0.007497629357008151
0,1999-04-01,909.0771519065174,3.897752457458843,0.011475623585283756,0.0486536682542007
0,1999-04-05,900.0194479682309,3.830860021528925,-0.009963625110685825,-0.06689243592991811
0,1999-04-06,888.2528775287158,3.7593407823851126,-0.013073684647679329,-0.0715192391438122
0,1999-04-07,882.1922420825139,3.825066623306469,-0.006823096890002489,0.06572584092135658
0,1999-04-08,891.8931581824319,3.8336848565417987,0.010996374301612377,0.008618233235329509
0,1999-04-09,904.4897076616666,3.907107328703607,0.014123383909463882,0.0734224721618082
0,1999-04-12,903.5585224153265,3.8627387748379562,-0.0010295144747942686,-0.04436855386565064
0,1999-04-13,895.115491166232,3.919659662080367,-0.009344199672341347,0.056920887242410956
0,1999-04-14,901.5536126133889,3.9775054790485114,0.007192503660917282,0.05784581696814417
0,1999-04-15,899.6615562332909,3.9167504253717156,-0.00209866208024323,-0.06075505367679579
0,1999-04-16,898.291482113372,3.9358820822534732,-0.0015228772535920143,0.019131656881757664
0,1999-04-19,905.8650660124192,3.9794488157378836,0.00843109842389822,0.043566733484410314
0,1999-04-20,906.8156216135017,4.129632613633046,0.0010493346489965916,0.15018379789516212
0,1999-04-21,897.6789609115887,4.272149338944685,-0.010075544007122517,0.14251672531163972
0,1999-04-22,887.7777913110515,4.176726896173733,-0.011029744520783424,-0.09542244277095246
0,1999-04-23,891.0569261787188,4.042066703417265,0.0036936437245458364,-0.1346601927564679
0,1999-04-26,906.1965098270846,4.092865838387079,0.01699059084057808,0.050799134969813586
0,1999-04-27,910.8514385364665,4.09166941713615,0.005136776249855757,-0.0011964212509285588
0,1999-04-28,907.9129892742271,4.065980184265077,-0.003226046683266759,-0.025689232871073386
0,1999-04-29,901.4363516333057,3.921117954585107,-0.0071335444226861,-0.14486222967996953
0,1999-04-30,887.0343390530977,3.7990971902091646,-0.015976738184690475,-0.12202076437594256
0,1999-05-03,877.9224745011365,3.7704548908552664,-0.010272279381752014,-0.02864229935389817
0,1999-05-04,878.1631239798608,4.038493039318984,0.00027411244809627533,0.268038148463718
0,1999-05-05,895.8694841953604,4.05185847981304,0.020162951201200485,0.013365440494055747
0,1999-05-06,901.2302895324201,4.056437469241876,0.005983913317322731,0.0045789894288361666
0,1999-05-07,902.4311961159963,4.022559289448408,0.0013325191102921963,-0.03387817979346863
0,1999-05-10,906.5600505138926,4.024360015953509,0.00457525672391057,0.0018007265051016574
0,1999-05-11,912.7555392057739,4.054425431728107,0.006834063213318586,0.030065415774597426
0,1999-05-12,904.7397512566445,3.9958981288197717,-0.00878196582198143,-0.05852730290833508
0,1999-05-13,909.5163593540566,4.127802226543312,0.005279538221657276,0.1319040977235404
0,1999-05-14,920.3360271744273,4.141686589913657,0.011896067298948765,0.013884363370344488
0,1999-05-17,908.8181031594006,4.2727042483545645,-0.012514911592006683,0.13101765844090796
0,1999-05-18,914.8521325317446,4.263808150144687,0.006639424711465836,-0.008896098209877579
0,1999-05-19,914.0147938430733,4.256357753182888,-0.0009152721613645554,-0.007450396961798944
0,1999-05-20,909.5966054926095,4.193069379851547,-0.0048338258638978004,-0.06328837333134096
0,1999-05-21,901.1223603259813,4.182201386784409,-0.009316487237811089,-0.010867993067138038
0,1999-05-24,917.2718011250367,4.144405011124727,0.01792147383093834,-0.03779637565968219
0,1999-05-25,907.9002651175284,4.144698832311472,-0.010216749273240566,0.00029382118674536883
0,1999-05-26,906.7926437264207,4.042804060925987,-0.001219981350004673,-0.10189477138548497
0,1999-05-27,894.6365437514371,4.068520930612222,-0.013405600562691689,0.0257168696862351
0,1999-05-28,899.5078495374715,4.139909620760884,0.005445010960102081,0.07138869014866156
0,1999-06-01,905.0264264579631,4.140460785253219,0.006135107018053532,0.0005511644923350545
0,1999-06-02,906.8454880078884,4.0534965007254815,0.002009954070672393,-0.08696428452773741
0,1999-06-03,898.540008893608,4.065427683631419,-0.009158648550510406,0.011931182905937199
0,1999-06-04,908.9336925788784,4.14623909418435,0.01156730204820633,0.08081141055293095
0,1999-06-07,914.9036098735139,4.072149283102868,0.006568044889718294,-0.07408981108148183
0,1999-06-08,910.8222357566556,4.086711898578218,-0.004460988100618124,0.014562615475350427
0,1999-06-09,894.6266709280853,4.164491088916336,-0.01778125762939453,0.07777919033811731
0,1999-06-10,896.9582963726969,4.240814036746992,0.0026062552351504564,0.07632294783065685
0,1999-06-11,913.4580273009992,4.273543731262303,0.018395204097032547,0.032729694515310825
0,1999-06-14,906.0956305509698,4.336373731206019,-0.008059917949140072,0.06282999994371607
0,1999-06-15,918.1743751594441,4.3425428001551145,0.013330540619790554,0.006169068949095191
0,1999-06-16,916.2616466727299,4.35636246178964,-0.002083186525851488,0.013819661634525637
0,1999-06-17,915.4498947524052,4.256775665666773,-0.0008859389927238226,-0.09958679612286758
0,1999-06-18,909.3175861927357,4.218403045690876,-0.006698682904243469,-0.03837261997589625
0,1999-06-21,909.2197833133865,4.246523943290719,-0.00010755634866654873,0.02812089759984282
0,1999-06-22,919.2075389769824,4.314966330061768,0.010984973981976509,0.06844238677104908
0,1999-06-23,921.3877923724176,4.31343480130018,0.0023718837182968855,-0.0015315287615882411
0,1999-06-24,924.575191131182,4.306832650191292,0.0034593455493450165,-0.006602151108888066
0,1999-06-25,920.0984901151037,4.250843970523353,-0.004841900430619717,-0.05598867966793897
0,1999-06-28,918.1593483943097,4.2395107647542005,-0.002107537118718028,-0.011333205769152421
0,1999-06-29,908.9848721339339,4.2248105302516175,-0.009992248378694057,-0.014700234502583065
0,1999-06-30,889.6197295875029,4.18815214596722,-0.021304141730070114,-0.03665838428439727
0,1999-07-01,900.3056074813994,4.2012850758604054,0.012011736631393433,0.013132929893185263
0,1999-07-02,919.1534273242141,4.235355030179055,0.02093491330742836,0.034069954318649565
0,1999-07-06,927.2499667533023,4.261985626891672,0.00880869198590517,0.026630596712617027
0,1999-07-07,940.8625653775466,4.277270623969699,0.01468061376363039,0.015284997078026663
0,1999-07-08,931.9718104056631,4.208500172029854,-0.009449578821659088,-0.06877045193984443
0,1999-07-09,931.7799998159846,4.231368682552054,-0.00020581157878041267,0.022868510522199514
0,1999-07-12,911.3893932361332,4.178456562167804,-0.02188349887728691,-0.052912120384250194
0,1999-07-13,912.6236837091611,4.201572140292227,0.0013542954111471772,0.023115578124423664
0,1999-07-14,929.3538712308446,4.225048615074271,0.018331967294216156,0.02347647478204351
0,1999-07-15,929.9882495516929,4.2440789478658525,0.0006826014723628759,0.019030332791581728
0,1999-07-16,932.1622334869912,4.292450723013757,0.002337646670639515,0.04837177514790447
0,1999-07-19,932.5425688834215,4.321632396415875,0.00040801416616886854,0.029181673402118413
0,1999-07-20,927.7848329144334,4.31755341632724,-0.005101896822452545,-0.0040789800886349425
0,1999-07-21,922.7655902134561,4.27131731206232,-0.005409921053797007,-0.04623610426492064
0,1999-07-22,917.1601365168881,4.246853085050364,-0.006074623670428991,-0.02446422701195594
0,1999-07-23,925.4063952771944,4.251894663521835,0.008991078473627567,0.00504157847147102
0,1999-07-26,933.878855907511,4.205937172214836,0.0091553945094347,-0.04595749130699911
0,1999-07-27,930.1880137581927,4.171161576457382,-0.003952163737267256,-0.034775595757453814
0,1999-07-28,921.3459313222819,4.145605841134708,-0.009505693800747395,-0.025555735322673634
0,1999-07-29,924.9140597064053,4.165532897656945,0.0038727347273379564,0.019927056522236697
0,1999-07-30,918.6825585063713,4.171454460495979,-0.0067373840138316154,0.005921562839033889
0,1999-08-02,927.1127550197308,4.135535936840283,0.009176397696137428,-0.035918523655696255
0,1999-08-03,919.2004783715473,4.103339350931087,-0.008534319698810577,-0.03219658590919572
0,1999-08-04,918.7226304509837,4.117355263517682,-0.0005198516882956028,0.014015912586595292
0,1999-08-05,926.7325641073879,4.20234330122494,0.008718554861843586,0.08498803770725782
0,1999-08-06,918.7559696829572,4.19884551148125,-0.008607223629951477,-0.003497789743690305
0,1999-08-09,921.7916155719221,4.210687882112492,0.003304082900285721,0.011842370631241828
0,1999-08-10,922.6901561216206,4.208011480163075,0.0009747762233018875,-0.0026764019494169844
0,1999-08-11,922.5496354634816,4.173862346285201,-0.00015229452401399612,-0.03414913387787344
0,1999-08-12,922.5151990761091,4.187982616631373,-3.732740879058838e-05,0.014120270346172248
0,1999-08-13,915.4331357939885,4.222124017806687,-0.007676906883716583,0.03414140117531339
0,1999-08-16,917.1511890260067,4.260646406575373,0.0018767653964459896,0.03852238876868608
0,1999-08-17,922.3085900186684,4.229015025382556,0.005623283330351114,-0.03163138119281683
0,1999-08-18,914.3463275910722,4.144205386622549,-0.008632970042526722,-0.08480963876000747
0,1999-08-19,904.396440257246,4.084090586972851,-0.010881967842578888,-0.060114799649697126
0,1999-08-20,911.9163574564701,4.104800266661042,0.008314846083521843,0.020709679688190263
0,1999-08-23,904.1684863822098,4.101920054615465,-0.00849625188857317,-0.0028802120455768687
0,1999-08-24,910.3404148331538,4.112072507419208,0.006826082244515419,0.01015245280374355
0,1999-08-25,925.2723868680606,4.117033949248222,0.016402624547481537,0.004961441829014035
0,1999-08-26,918.0202004955934,4.173823296291861,-0.007837893441319466,0.05678934704363847
0,1999-08-27,924.1967511304722,4.144328974392519,0.006728120613843203,-0.029494321899341536
0,1999-08-30,920.2476522276784,4.1635495797832345,-0.004273006692528725,0.01922060539071513
0,1999-08-31,921.7102299917553,4.133339379769383,0.0015893306117504835,-0.030210200013851107
0,1999-09-01,915.8969921405884,4.049704055689969,-0.006307012401521206,-0.0836353240794141
0,1999-09-02,900.5005488002358,4.035695173419894,-0.016810234636068344,-0.01400888227007524
0,1999-09-03,902.011379031277,3.9700415403601985,0.0016777671407908201,-0.06565363305969552
0,1999-09-07,886.6986315770853,3.931016498568012,-0.01697622425854206,-0.03902504179218669
0,1999-09-08,894.3246843493392,3.9419027858075895,0.008600501343607903,0.01088628723957763
0,1999-09-09,902.8512878739585,3.9074446288925797,0.009534125216305256,-0.03445815691500975
0,1999-09-10,898.980774660731,3.8409062633357642,-0.004286988638341427,-0.06653836555681547
0,1999-09-13,893.4173951121202,3.8406111894304713,-0.006188541185110807,-0.00029507390529293076
0,1999-09-14,896.2057196144143,3.8097801962583433,0.003120965091511607,-0.030830993172128007
0,1999-09-15,886.2566820022507,3.6983601054218016,-0.01110128778964281,-0.1114200908365417
0,1999-09-16,883.947287707477,3.6682085771182202,-0.0026057849172502756,-0.030151528303581365
0,1999-09-17,874.2499865328867,3.646433446989115,-0.01097045186907053,-0.021775130129105147
0,1999-09-20,869.4816764028889,3.6118729306762565,-0.005454172380268574,-0.034560516312858613
0,1999-09-21,864.4713350154597,3.6162810970650536,-0.005762446206063032,0.004408166388797152
0,1999-09-22,862.1273098848125,3.671189405486423,-0.0027115128468722105,0.05490830842136951
0,1999-09-23,872.4902016115606,3.679207177875797,0.012020140886306763,0.008017772389373956
0,1999-09-24,845.1816053425387,3.6099004234329706,-0.03129960224032402,-0.06930675444282652
0,1999-09-27,851.8373216452137,3.599307307504602,0.007874894887208939,-0.010593115928368757
0,1999-09-28,847.9179190663061,3.6186725782775246,-0.004601116292178631,0.019365270772922827
0,1999-09-29,852.6297627623703,3.649996382185003,0.005556957330554724,0.031323803907478354
0,1999-09-30,861.6355431256208,3.6951046561245318,0.010562357492744923,0.045108273939528765
0,1999-10-01,870.2187166171365,3.700436130273454,0.009961489588022232,0.005331474148922322
0,1999-10-04,867.5940373558363,3.6677234036864883,-0.00301611446775496,-0.03271272658696578
0,1999-10-05,860.0952140969624,3.6353943735989036,-0.008643239736557007,-0.0323290300875847
0,1999-10-06,860.1853738888179,3.6548592513386158,0.00010482536163181067,0.019464877739712172
0,1999-10-07,870.6814890164129,3.7171738901451916,0.012202154844999313,0.06231463880657584
0,1999-10-08,878.497773229222,3.7578696253324253,0.008977202698588371,0.040695735187233684
0,1999-10-13,875.2074404102917,3.751553757598658,-0.0037454082630574703,-0.006315867733767355
0,1999-10-14,890.9919779355961,3.7498363443209644,0.018035195767879486,-0.0017174132776935913
0,1999-10-15,881.572615343343,3.7783830470761335,-0.010571770370006561,0.02854670275516913
0,1999-10-18,873.6998635825439,3.7338794032610156,-0.008930349722504616,-0.044503643815117844
0,1999-10-19,869.5785181361454,3.7395590416038993,-0.004717118106782436,0.005679638342883653
0,1999-10-20,864.9498288062072,3.641305645377231,-0.005322911310940981,-0.09825339622666851
0,1999-10-21,854.8806824801915,3.606175953455135,-0.011641306802630424,-0.035129691922095585
0,1999-10-22,860.8250067134824,3.677370998971954,0.0069533963687717915,0.07119504551681866
0,1999-10-25,867.788132314343,3.7138085305984565,0.008088897913694382,0.03643753162650265
0,1999-10-26,872.415592505789,3.7395929921284035,0.0053324769251048565,0.025784461529946956
0,1999-10-27,871.5019966126414,3.7526499821902712,-0.001047202618792653,0.01305699006186778
0,1999-10-28,869.4669153972646,3.746167887921088,-0.002335142344236374,-0.006482094269183225
0,1999-10-29,865.3372404080584,3.729357505404504,-0.004749663174152374,-0.016810382516584177
0,1999-11-01,864.5397492056767,3.7279431069297053,-0.0009215958416461945,-0.0014143984747985172
0,1999-11-02,864.542586382041,3.7291093362989676,3.2817188184708357e-06,0.0011662293692622505
0,1999-11-03,873.6863901272217,3.752868485348613,0.010576464235782623,0.0237591490496456
0,1999-11-04,867.5831383152797,3.7855590528025633,-0.006985632237046957,0.03269056745395016
0,1999-11-05,883.8647019688568,3.763966944780168,0.018766574561595917,-0.02159210802239553
0,1999-11-08,885.9064313949332,3.7310012303571956,0.0023100022226572037,-0.03296571442297225
0,1999-11-09,880.9889449595239,3.712408270566239,-0.005550796631723642,-0.01859295979095643
0,1999-11-10,870.8516719659362,3.7247758179893293,-0.011506697162985802,0.012367547423090208
0,1999-11-15,867.1785899438426,3.760240220465095,-0.004217804409563541,0.035464402475765766
0,1999-11-16,882.8265633337633,3.7888697324435117,0.018044695258140564,0.028629511978416566
0,1999-11-17,879.6294854672368,3.810932314365083,-0.003621411044150591,0.0220625819215714
0,1999-11-18,874.5989544760574,3.815199061319023,-0.0057189203798770905,0.004266746953939915
0,1999-11-19,859.1162806646478,3.7742404236403173,-0.017702598124742508,-0.04095863767870567
0,1999-11-22,857.7650720924083,3.828462443405914,-0.0015727889258414507,0.054222019765596485
0,1999-11-23,842.8946189519264,3.803457615453741,-0.017336277291178703,-0.025004827952172626
0,1999-11-24,854.2516983577576,3.8231863014254532,0.013473901897668839,0.019728685971712068
0,1999-11-26,847.2484581835765,3.8019739259690826,-0.008198099210858345,-0.02121237545637067
0,1999-11-29,842.1829019717444,3.84196300397832,-0.005978832021355629,0.039989078009237566
0,1999-11-30,846.8816728330794,3.8048364393996215,0.005579276010394096,-0.03712656457869867
0,1999-12-01,842.3128078391059,3.77924154119103,-0.005394927226006985,-0.0255948982085914
0,1999-12-02,859.3747789244337,3.8169131618218852,0.020256098359823227,0.03767162063085516
0,1999-12-03,863.281085421423,3.8496433119966538,0.004545521456748247,0.032730150174768546
0,1999-12-06,861.8098820500801,3.866560933445485,-0.001704199705272913,0.016917621448831355
0,1999-12-07,872.2906503432715,3.939833792704954,0.012161346152424812,0.07327285925946869
0,1999-12-08,873.2766273685326,3.9892414106078826,0.0011303308419883251,0.0494076179029288
0,1999-12-09,851.6255035664594,3.9164491756620805,-0.024792972952127457,-0.07279223494580211
0,1999-12-10,856.2681189385321,3.9279215993493306,0.005451475270092487,0.0114724236872501
0,1999-12-13,845.4819389194296,3.9408552705030355,-0.012596732005476952,0.012933671153704918
0,1999-12-14,837.9119505698676,3.975556786883975,-0.008953459560871124,0.034701516380939434
0,1999-12-15,852.1366441244035,4.012510551926327,0.016976358368992805,0.036953765042351705
0,1999-12-16,842.0851851400017,3.9877119654616378,-0.011795595288276672,-0.02479858646468891
0,1999-12-17,860.4619224361074,4.022026369096313,0.021822895854711533,0.034314403634675195
0,1999-12-20,857.6002370874857,4.000833256987579,-0.003325754776597023,-0.02119311210873409
0,1999-12-21,844.3279459064748,3.964667846519915,-0.015476081520318985,-0.03616541046766386
0,1999-12-22,855.4336113886774,3.8111018053589882,0.013153260573744774,-0.15356604116092676
0,1999-12-23,839.891823826103,3.6810847665380093,-0.018168315291404724,-0.13001703882097893
0,1999-12-27,846.1763017275781,3.697122782080677,0.007482484914362431,0.016038015542667594
0,1999-12-28,834.2732848825082,3.6848929573778246,-0.014066828414797783,-0.012229824702852277
0,1999-12-29,831.8871060404183,3.659423403711272,-0.0028601884841918945,-0.02546955366655279
0,1999-12-30,822.4330645610304,3.6734416821099907,-0.011364572681486607,0.01401827839871883
0,1999-12-31,825.3762342557881,3.6551701400942704,0.003578613046556711,-0.018271542015720232
0,2000-01-03,814.9059823862427,3.5876465158418966,-0.01268542930483818,-0.06752362425237379
0,2000-01-04,800.0343294143181,3.5290640317810054,-0.01824953220784664,-0.05858248406089128
0,2000-01-05,786.9013829512248,3.48985992778472,-0.01641547866165638,-0.039204103996285156
0,2000-01-06,783.14683625298,3.4681893499153422,-0.004771305248141289,-0.021670577869377983
0,2000-01-07,795.8662019341721,3.492709104287649,0.01624135486781597,0.02451975437230658
0,2000-01-10,798.1213561128985,3.528893656154095,0.0028335845563560724,0.03618455186644631
0,2000-01-11,826.7955731905145,3.6095845073586457,0.03592713922262192,0.08069085120455055
0,2000-01-12,814.9060129342879,3.603110420741038,-0.014380290172994137,-0.006474086617607622
0,2000-01-13,796.5711870126738,3.6033966101444572,-0.022499313578009605,0.0002861894034191792
0,2000-01-14,792.4576657900942,3.622775980632264,-0.00516403466463089,0.019379370487806913
0,2000-01-18,794.1836358608687,3.580495616183767,0.0021779965609312057,-0.04228036444849703
0,2000-01-19,793.7090027734988,3.579590331892325,-0.0005976364482194185,-0.0009052842914423209
0,2000-01-20,795.5267769193044,3.5470133112211335,0.0022902274504303932,-0.03257702067119128
0,2000-01-21,794.674204102787,3.559108787910545,-0.0010717085096985102,0.012095476689411466
0,2000-01-24,803.5757012832261,3.58189106537737,0.01120144221931696,0.02278227746682493
0,2000-01-25,803.7881439938457,3.591355502005094,0.00026437174528837204,0.009464436627724115
0,2000-01-26,807.125038896528,3.5795957792591113,0.004151460714638233,-0.011759722745982693
0,2000-01-27,805.4215745308277,3.6008959225619215,-0.0021105334162712097,0.02130014330281016
0,2000-01-28,805.9166220449522,3.6491924642956577,0.0006146439700387418,0.04829654173373621
0,2000-01-31,816.0084907830055,3.708228337202723,0.012522224336862564,0.05903587290706547
0,2000-02-01,815.4153128801959,3.715127095766876,-0.0007269261404871941,0.006898758564152896
0,2000-02-02,822.7917940496378,3.783393764975733,0.009046287275850773,0.06826666920885716
0,2000-02-03,812.2983199405368,3.744476980573428,-0.012753498740494251,-0.03891678440230528
0,2000-02-04,809.7135700310988,3.803441520389612,-0.003182020504027605,0.058964539816184214
0,2000-02-07,807.447821316226,3.8025945541643726,-0.0027982101310044527,-0.0008469662252394983
0,2000-02-08,801.2522535151161,3.756179181163918,-0.007673025596886873,-0.04641537300045462
0,2000-02-09,796.2267510407539,3.7105224112577297,-0.006272060330957174,-0.04565676990618828
0,2000-02-10,793.0530104248533,3.712121133364512,-0.003985975868999958,0.0015987221067823576
0,2000-02-11,790.8237175601841,3.669048087905133,-0.00281102629378438,-0.04307304545937907
0,2000-02-14,795.255272585976,3.665445156845198,0.005603720434010029,-0.003602931059935255
0,2000-02-15,806.1926484623938,3.7022418034851556,0.013753289356827736,0.03679664663995785
0,2000-02-16,812.8609136583167,3.7425826440271317,0.00827130489051342,0.040340840541976064
0,2000-02-17,806.9046433025026,3.6932163619391334,-0.0073275393806397915,-0.049366282087998314
0,2000-02-18,807.3727238900058,3.6990732371779416,0.0005800940562039614,0.005856875238808179
0,2000-02-22,808.27915151285,3.687420456523159,0.0011226879432797432,-0.011652780654782369
0,2000-02-23,805.6502286782528,3.6788675902935446,-0.0032524936832487583,-0.008552866229614597
0,2000-02-24,803.3718506781161,3.6689028657501934,-0.002827998949214816,-0.009964724543351178
0,2000-02-25,790.6819249860973,3.6339900467774666,-0.015795830637216568,-0.0349128189727268
0,2000-02-28,795.0432168364778,3.6556807462154106,0.005515861324965954,0.021690699437943994
0,2000-02-29,799.0168216306774,3.677961877776676,0.004997973330318928,0.022281131561265433
0,2000-03-01,807.2914924245166,3.671386339546486,0.010356065817177296,-0.00657553823018997
0,2000-03-02,796.999387707292,3.656203330517812,-0.012748932465910912,-0.0151830090286742
0,2000-03-03,797.0089981642396,3.655496552879894,1.2058299034833908e-05,-0.0007067776379177104
0,2000-03-06,789.0058816893662,3.6118772950691205,-0.010041438043117523,-0.04361925781077369
0,2000-03-07,785.4330929311025,3.5858896907725226,-0.004528215620666742,-0.025987604296597855
0,2000-03-08,784.9426234442691,3.549826154578637,-0.000624457374215126,-0.03606353619388569
0,2000-03-09,777.4769621370386,3.537160940707538,-0.009511091746389866,-0.012665213871098757
0,2000-03-10,773.4504269844725,3.5310652231934236,-0.005178976804018021,-0.006095717514114529
0,2000-03-13,772.0466804855158,3.5399120489798603,-0.00181491463445127,0.008846825786436696
0,2000-03-14,785.097410929169,3.5731717360166475,0.016904069110751152,0.03325968703678717
0,2000-03-15,776.5661290970054,3.557426560150142,-0.010866526514291763,-0.0157451758665057
0,2000-03-16,774.7966472294288,3.5375013225722785,-0.002278597792610526,-0.019925237577863353
0,2000-03-17,777.5200843153069,3.536870399471795,0.00351503468118608,-0.0006309231004832938
0,2000-03-20,787.0895296995327,3.5515160488798645,0.012307650409638882,0.014645649408069339
0,2000-03-21,789.785004016198,3.548879482232355,0.0034246095456182957,-0.002636566647509664
0,2000-03-22,796.5211523863954,3.5671170094485105,0.008529091253876686,0.01823752721615568
0,2000-03-23,790.3526086032491,3.5479180255036984,-0.007744356524199247,-0.01919898394481212
0,2000-03-24,795.6619769197159,3.5400924193238885,0.006717721000313759,-0.007825606179809874
0,2000-03-27,797.2364111120116,3.5331706191572483,0.0019787726923823357,-0.006921800166640235
0,2000-03-28,800.5797464877061,3.525334223862322,0.004193656146526337,-0.007836395294926302
0,2000-03-29,805.8902935266841,3.526280228305965,0.006633376702666283,0.0009460044436431225
0,2000-03-30,821.5379869068793,3.5541913907939082,0.019416654482483864,0.02791116248794312
0,2000-03-31,812.7386531913094,3.5676518920377154,-0.010710805654525757,0.013460501243807155
0,2000-04-03,800.5467039627202,3.5562170031486127,-0.015001069754362106,-0.011434888889102712
0,2000-04-04,799.0453828429595,3.56118765929706,-0.0018753698095679283,0.004970656148447272
0,2000-04-05,802.9941296161041,3.5837105780789003,0.004941830411553383,0.022522918781840318
0,2000-04-06,806.2445912189635,3.6192055153699307,0.004047926981002092,0.03549493729103048
0,2000-04-07,818.5082328638066,3.627309316407489,0.015210820361971855,0.008103801037558256
0,2000-04-10,826.8984989578905,3.673854725223086,0.010250680148601532,0.04654540881559699
0,2000-04-11,828.8075377675657,3.680816656069096,0.0023086736910045147,0.006961930846010045
0,2000-04-12,832.2133146865136,3.706295672090837,0.004109249450266361,0.025479016021741074
0,2000-04-13,839.9946563978882,3.6747341731599916,0.009350176900625229,-0.03156149893084548
0,2000-04-14,844.0342474711869,3.6979723318115463,0.0048090675845742226,0.023238158651554652
0,2000-04-17,834.0682168691162,3.6437848677482423,-0.011807614006102085,-0.05418746406330399
0,2000-04-18,836.0220655767635,3.7133073702866,0.0023425526451319456,0.06952250253835768
0,2000-04-19,833.7227158513249,3.727564758818546,-0.002750345738604665,0.014257388531945914
0,2000-04-20,836.0826221702913,3.7910045335823153,0.0028305649757385254,0.06343977476376939
0,2000-04-24,824.3180017489482,3.7644785025204492,-0.01407112181186676,-0.026526031061866018
0,2000-04-25,827.5264234628482,3.8292233913791573,0.003892213571816683,0.0647448888587081
0,2000-04-26,818.1626719989171,3.724418928591265,-0.01131535042077303,-0.10480446278789213
0,2000-04-27,816.576415275607,3.6679085947421566,-0.0019388035871088505,-0.05651033384910864
0,2000-04-28,803.1190133238864,3.5774942014864157,-0.016480272635817528,-0.09041439325574085
0,2000-05-01,806.5107825867213,3.585249184065264,0.00422324612736702,0.007754982578848324
0,2000-05-02,814.1704850646262,3.645526440860598,0.009497334249317646,0.06027725679533402
0,2000-05-03,839.4498738147232,3.698358967628334,0.031049257144331932,0.05283252676773609
0,2000-05-04,872.9780643176408,3.7473896169563647,0.039940670132637024,0.049030649328030584
0,2000-05-05,860.4384395610188,3.741334820366349,-0.014364192262291908,-0.006054796590015954
0,2000-05-08,854.7635934880348,3.7310766379038824,-0.00659529585391283,-0.010258182462466348
0,2000-05-09,871.2932511606929,3.750516309618595,0.019338279962539673,0.019439671714712503
0,2000-05-10,865.4673242547298,3.7737660821341503,-0.006686528213322163,0.023249772515555378
0,2000-05-11,874.2240003062617,3.7430048450336404,0.010117858648300171,-0.03076123710050993
0,2000-05-12,868.0206537466427,3.724233421301761,-0.007095831912010908,-0.018771423731879455
0,2000-05-15,882.7411544184365,3.791023897649014,0.016958698630332947,0.06679047634725288
0,2000-05-16,880.3357825802066,3.791626174979904,-0.002724889200180769,0.000602277330890022
0,2000-05-17,890.8005561635522,3.816628037087518,0.01188725233078003,0.025001862107614237
0,2000-05-18,894.4729041303885,3.8901393546333476,0.004122525453567505,0.07351131754582951
0,2000-05-19,894.9909332583674,3.924070551818343,0.0005791445728391409,0.033931197184995376
0,2000-05-22,904.3207331976038,3.954755695295765,0.010424463078379631,0.030685143477422017
0,2000-05-23,904.9584870374715,3.9377643283468258,0.0007052297005429864,-0.016991366948939213
0,2000-05-24,915.0372366810257,3.9833583543226423,0.011137250810861588,0.04559402597581652
0,2000-05-25,931.9584855030491,4.010497570673545,0.01849241554737091,0.02713921635090255
0,2000-05-26,913.4795769676709,3.982895863240144,-0.019828038290143013,-0.027601707433400957
0,2000-05-30,905.7306929680948,3.955988878119177,-0.00848282128572464,-0.026906985120966898
0,2000-05-31,896.4111698311698,3.9503376434413795,-0.010289507918059826,-0.00565123467779749
0,2000-06-01,893.6870557244542,3.90525732340199,-0.0030389113817363977,-0.045080320039389665
0,2000-06-02,890.1010062139624,3.8704422929407456,-0.004012645687907934,-0.034815030461244234
0,2000-06-05,885.4525450416039,3.89503035390871,-0.005222397390753031,0.02458806096796451
0,2000-06-06,891.190886927773,3.898103142555038,0.006480688229203224,0.003072788646327762
0,2000-06-07,891.7067716923538,3.8781658541727246,0.0005788712296634912,-0.019937288382313234
0,2000-06-08,903.4122563757659,3.908451572857073,0.013127055950462818,0.03028571868434815
0,2000-06-09,896.4810224198997,3.9177426648025304,-0.00767228240147233,0.00929109194545763
0,2000-06-12,902.3785607399702,3.940825747684773,0.0065785422921180725,0.02308308288224259
0,2000-06-13,885.3632768423778,3.8671165591223224,-0.01885603740811348,-0.07370918856245057
0,2000-06-14,869.3679887302877,3.811420911388523,-0.01806635595858097,-0.055695647733799536
0,2000-06-15,871.6618788747526,3.7905504488179136,0.0026385721284896135,-0.020870462570609316
0,2000-06-16,862.1964785570606,3.822703364192072,-0.01085902750492096,0.03215291537415821
0,2000-06-19,861.5054865542769,3.853825408802183,-0.000801432179287076,0.031122044610111033
0,2000-06-20,856.4476935499071,3.8142974311151354,-0.0058708772994577885,-0.03952797768704741
0,2000-06-21,836.1174350470352,3.796137894807892,-0.023737886920571327,-0.018159536307243318
0,2000-06-22,832.5879717348392,3.7816075734453722,-0.0042212530970573425,-0.01453032136251986
0,2000-06-23,840.1013601817384,3.7980777896985045,0.009024137631058693,0.016470216253132275
0,2000-06-26,826.3909862330752,3.815354468488539,-0.01631990447640419,0.017276678790034694
0,2000-06-27,826.5882627524566,3.7993353720537217,0.00023872056044638157,-0.01601909643481747
0,2000-06-28,820.9272239836691,3.8083815981127698,-0.006848680321127176,0.009046226059048035
0,2000-06-29,818.5517976397978,3.6826393477415285,-0.002893589437007904,-0.12574225037124132
0,2000-06-30,817.979826642539,3.7004898625249014,-0.0006987596862018108,0.01785051478337296
0,2000-07-03,818.0535011895774,3.6669054484061903,9.006890468299389e-05,-0.03358441411871116
0,2000-07-05,823.459897763293,3.5860397103026473,0.00660885451361537,-0.08086573810354292
0,2000-07-06,817.0821198903735,3.5296149299990485,-0.007745098322629929,-0.056424780303598876
0,2000-07-07,830.0756713880921,3.5206330499636493,0.015902381390333176,-0.008981880035399126
0,2000-07-10,832.1974400058529,3.4697927426993673,0.0025561146903783083,-0.050840307264282014
0,2000-07-11,833.2075214786324,3.4710893755706778,0.0012137521989643574,0.0012966328713104325
0,2000-07-12,826.6979705433495,3.4563726847396072,-0.007812640629708767,-0.014716690831070522
0,2000-07-13,829.7819244959607,3.409512105164762,0.0037304481957107782,-0.04686057957484513
0,2000-07-14,823.5730400544817,3.407157887809002,-0.007482549641281366,-0.0023542173557600243
0,2000-07-17,835.3228503067459,3.486418897997041,0.01426687091588974,0.0792610101880391
0,2000-07-18,830.2001183622216,3.4516234585683594,-0.006132637150585651,-0.034795439428681796
0,2000-07-19,821.3145149039317,3.3954833463138456,-0.010702965781092644,-0.05614011225451376
0,2000-07-20,830.7021665441295,3.4166800200424623,0.011430032551288605,0.021196673728616666
0,2000-07-21,837.8034240283987,3.4226904479352,0.008548500016331673,0.006010427892737535
0,2000-07-24,831.394977243142,3.386998859110897,-0.007649105507880449,-0.03569158882430301
0,2000-07-25,824.9115104627247,3.3806319083182927,-0.007798299193382263,-0.006366950792604076
0,2000-07-26,818.2413431263792,3.3760089624547427,-0.008085918612778187,-0.004622945863550054
0,2000-07-27,820.9650559221773,3.3566972092469065,0.003328740131109953,-0.01931175320783618
0,2000-07-28,822.3343114354359,3.378278611424296,0.001667860895395279,0.021581402177389464
0,2000-07-31,822.2475731727756,3.384121317673321,-0.00010547810234129429,0.005842706249024943
0,2000-08-01,825.4905706285238,3.3843949755081844,0.003944064490497112,0.00027365783486343886
0,2000-08-02,813.11531065783,3.3922465069244683,-0.014991400763392448,0.007851531416283919
0,2000-08-03,820.5042235573494,3.420574826076872,0.009087164886295795,0.028328319152403747
0,2000-08-04,815.0890550373455,3.4413127975108555,-0.006599805783480406,0.020737971433983482
0,2000-08-07,827.4556416305887,3.4819852927443136,0.015172068029642105,0.04067249523345806
0,2000-08-08,834.3015928138536,3.5062561901163396,0.00827349629253149,0.024270897372026035
0,2000-08-09,841.5526274661174,3.5030017655448753,0.008691143244504929,-0.0032544245714642983
0,2000-08-10,838.7849445549853,3.491393126573456,-0.003288781736046076,-0.011608638971419172
0,2000-08-11,825.7067725908529,3.4904848062034493,-0.015591805800795555,-0.0009083203700068765
0,2000-08-14,835.7713800425923,3.4920420105406342,0.012189081870019436,0.0015572043371849809
0,2000-08-15,830.1755213244271,3.4611335193731008,-0.006695441901683807,-0.03090849116753347
0,2000-08-16,838.7159295672437,3.4872213041009945,0.010287472978234291,0.026087784727893748
0,2000-08-17,839.1308055624428,3.473048528680478,0.000494656153023243,-0.014172775420516537
0,2000-08-18,848.1960599725353,3.5046762081632714,0.01080314815044403,0.031627679482793436
0,2000-08-21,852.6995559935502,3.4594081872410403,0.005309498868882656,-0.045268020922231145
0,2000-08-22,847.6666216362657,3.447468973484911,-0.005902353674173355,-0.011939213756129163
0,2000-08-23,852.1006990401585,3.4777138395297276,0.005230921320617199,0.030244866044816465
0,2000-08-24,853.7125841788027,3.504961709665949,0.0018916603876277804,0.02724787013622132
0,2000-08-25,859.6051254370789,3.5069458245877145,0.006902254186570644,0.001984114921765645
0,2000-08-28,857.3784606169172,3.47111594887473,-0.0025903345085680485,-0.03582987571298446
0,2000-08-29,839.541307521367,3.4333207592526898,-0.02080429345369339,-0.037795189622040315
0,2000-08-30,847.6868538119052,3.4538305086275525,0.009702377021312714,0.020509749374862718
0,2000-08-31,850.004993235831,3.4895374486274506,0.0027346648275852203,0.03570693999989816
0,2000-09-01,843.6240871886595,3.492884590954076,-0.007506904192268848,0.003347142326625363
0,2000-09-05,827.1604171859124,3.473017691724677,-0.01951541006565094,-0.019866899229398882
0,2000-09-06,827.7497107832835,3.4848260001652545,0.0007124296389520168,0.011808308440577342
0,2000-09-07,816.649961711998,3.455836890187152,-0.013409547507762909,-0.028989109978102334
0,2000-09-08,810.6572934089239,3.4421259256874235,-0.007338111288845539,-0.01371096449972864
0,2000-09-11,815.1636494987002,3.408318743927327,0.0055588916875422,-0.03380718176009667
0,2000-09-12,812.3434724895548,3.3933830163032614,-0.003459645202383399,-0.014935727624065365
0,2000-09-13,816.5478625708959,3.353534655138417,0.0051756310276687145,-0.03984836116484436
0,2000-09-14,813.7924687943228,3.3240909036105113,-0.003374442458152771,-0.029443751527905793
0,2000-09-15,830.3013154696664,3.3912805718646895,0.020286310464143753,0.06718966825417816
0,2000-09-18,815.1968816590971,3.313860675282247,-0.018191508948802948,-0.07741989658244242
0,2000-09-19,817.0699649707934,3.244666587260256,0.0022977066691964865,-0.06919408802199101
0,2000-09-20,819.8998671561633,3.2511139187925453,0.003463475964963436,0.006447331532289269
0,2000-09-21,811.7313153419824,3.2291862281352115,-0.009962865151464939,-0.021927690657333798
0,2000-09-22,824.5849372475382,3.223695485010176,0.01583482325077057,-0.00549074312503528
0,2000-09-25,825.1990221334277,3.2133516097227544,0.0007447199895977974,-0.010343875287421866
0,2000-09-26,822.6447141006988,3.1423105582347115,-0.003095384221524,-0.07104105148804285
0,2000-09-27,819.5200665675744,3.119926562583815,-0.0037982952781021595,-0.022383995650896438
0,2000-09-28,817.4713931443811,3.1717373248461453,-0.0024998453445732594,0.05181076226233028
0,2000-09-29,808.5720443953738,3.1619831863904344,-0.010886434465646744,-0.009754138455710937
0,2000-10-02,822.6119500375473,3.2100886701530045,0.01736382767558098,0.04810548376257007
0,2000-10-03,833.9219755934623,3.2956040276493366,0.01374891959130764,0.0855153574963321
0,2000-10-04,851.66209888309,3.43321061397187,0.021273121237754822,0.13760658632253353
0,2000-10-05,851.6435455953022,3.428806419812227,-2.1784799173474312e-05,-0.0044041941596431045
0,2000-10-06,841.9847666637914,3.4084923617940848,-0.011341339908540249,-0.020314058018142234
0,2000-10-11,843.0861996326115,3.3451887989376563,0.0013081388315185905,-0.06330356285642846
0,2000-10-12,841.5999393318141,3.3980795629419833,-0.0017628805944696069,0.05289076400432702
0,2000-10-13,833.3235687921228,3.4129906215789383,-0.009834091179072857,0.014911058636954966
0,2000-10-16,840.5539217409797,3.452982413056093,0.008676525205373764,0.03999179147715459
0,2000-10-17,842.9443065979422,3.4408153294616217,0.002843820955604315,-0.012167083594471162
0,2000-10-18,845.945357592021,3.4454694050929597,0.003560200799256563,0.004654075631338017
0,2000-10-19,850.8534710551105,3.4768955497271246,0.005801927298307419,0.03142614463416482
0,2000-10-20,851.3141195002005,3.4611130251203632,0.000541395740583539,-0.015782524606761328
0,2000-10-23,855.376225780933,3.431726992225723,0.004771571606397629,-0.029386032894640035
0,2000-10-24,843.8527373571394,3.4200015839808136,-0.013471836224198341,-0.01172540824490964
0,2000-10-25,838.7810545887531,3.363203114134953,-0.006010151468217373,-0.056798469845860566
0,2000-10-26,848.4997024829731,3.3764367962600206,0.011586632579565048,0.013233682125067592
0,2000-10-27,836.3810510003426,3.380813503242843,-0.01428244635462761,0.0043767069828222205
0,2000-10-30,828.3426571145553,3.318790587920593,-0.009610923007130623,-0.062022915322249794
0,2000-10-31,822.6566268139829,3.254638965787636,-0.006864345632493496,-0.064151622132957
0,2000-11-01,811.7364904221995,3.2269005007605984,-0.013274233788251877,-0.027738465027037584
0,2000-11-02,820.8387388427308,3.261177370675624,0.011213304474949837,0.03427686991502554
0,2000-11-03,813.4659301733153,3.2304149079262667,-0.008982042782008648,-0.030762462749357233
0,2000-11-06,806.6092545112677,3.1982820146664572,-0.008428964763879776,-0.0321328932598095
0,2000-11-07,801.4529981734572,3.2385760612061127,-0.006392508279532194,0.040294046539655515
0,2000-11-08,814.4305060775889,3.2771263644580526,0.016192475333809853,0.038550303251939866
0,2000-11-09,823.54350633765,3.3168575921102104,0.0111894141882658,0.03973122765215775
0,2000-11-10,821.5806021922737,3.306710404464393,-0.002383485669270158,-0.010147187645817457
0,2000-11-13,826.3245755527862,3.3783174512800533,0.005774203222244978,0.07160704681566044
0,2000-11-14,826.6067028035959,3.3885512917683918,0.00034142425283789635,0.01023384048833842
0,2000-11-15,818.0442392914512,3.3436675057520944,-0.010358570143580437,-0.04488378601629739
0,2000-11-16,808.8721561132643,3.3085406198900382,-0.011212209239602089,-0.035126885862056145
0,2000-11-17,803.2169335620944,3.3109618686950633,-0.006991491187363863,0.0024212488050250336
0,2000-11-20,793.664832255143,3.256491249160195,-0.011892305687069893,-0.05447061953486809
0,2000-11-21,793.8788029665758,3.288814950225824,0.0002695983275771141,0.032323701065628985
0,2000-11-22,808.7205835242041,3.3202938751246043,0.018695272505283356,0.031478924898780125
0,2000-11-24,814.8144553229547,3.3181605196487185,0.0075352005660533905,-0.0021333554758857787
0,2000-11-27,821.7175309603506,3.314380335696477,0.008471960201859474,-0.003780183952241334
0,2000-11-28,822.1847160411924,3.319115504784444,0.0005685470532625914,0.004735169087966895
0,2000-11-29,828.651685488932,3.3442904761077368,0.007865591906011105,0.025174971323292716
0,2000-11-30,816.7290306557106,3.2987374072179954,-0.014388017356395721,-0.04555306888974142
0,2000-12-01,815.2290867667016,3.295026240620306,-0.0018365257419645786,-0.0037111665976894415
0,2000-12-04,815.4073349742929,3.2986321657987485,0.00021864799782633781,0.003605925178442604
0,2000-12-05,811.4849190242456,3.2591754174955465,-0.004810376092791557,-0.039456748303202005
0,2000-12-06,809.7397491302999,3.299464241486511,-0.0021505882032215595,0.04028882399096467
0,2000-12-07,807.6967605641013,3.2847884589677943,-0.0025230187457054853,-0.014675782518716929
0,2000-12-08,812.7736429354858,3.285740434102322,0.0062856292352080345,0.0009519751345279381
0,2000-12-11,821.9612138056546,3.3090004016261356,0.011303972452878952,0.02325996752381343
0,2000-12-12,823.8257615671326,3.2923957144754277,0.0022684133145958185,-0.016604687150707953
0,2000-12-13,812.6881739300701,3.236637812820978,-0.013519348576664925,-0.055757901654449604
0,2000-12-14,805.5178792383659,3.2363883436220386,-0.008822934702038765,-0.00024946919893942265
0,2000-12-15,818.8283407721508,3.3261320107208117,0.01652410440146923,0.08974366709877302
0,2000-12-18,832.1361920530684,3.3485672300262834,0.0162523090839386,0.022435219305471765
0,2000-12-19,821.1639005061603,3.2998071880808006,-0.013185692019760609,-0.04876004194548278
0,2000-12-20,806.4925330790126,3.2859363455808963,-0.017866551876068115,-0.013870842499904334
0,2000-12-21,822.7765821710291,3.358149928235145,0.020191196352243423,0.07221358265424849
0,2000-12-22,824.1818996800979,3.5301221253274626,0.00170801836065948,0.1719721970923178
0,2000-12-26,837.3854180450849,3.517746373217789,0.0160201508551836,-0.012375752109673677
0,2000-12-27,837.1445401020503,3.4209725737180254,-0.000287654809653759,-0.0967737994997635
0,2000-12-28,834.5246105319129,3.4528570568284818,-0.0031296024098992348,0.03188448311045633
0,2000-12-29,835.3814643744537,3.4790107634274827,0.0010267568286508322,0.02615370659900096
0,2001-01-02,832.529597771425,3.5088195140970906,-0.0034138495102524757,0.029808750669607864
0,2001-01-03,838.712659774052,3.610080595300007,0.007426837459206581,0.10126108120291644
0,2001-01-04,834.3461423518654,3.6696782223666897,-0.005206213798373938,0.0595976270666827
0,2001-01-05,832.8475019051165,3.6325006862539193,-0.0017961855046451092,-0.037177536112770415
0,2001-01-08,840.33017730124,3.6673749908826423,0.00898444838821888,0.034874304628722985
0,2001-01-09,839.1841663881014,3.690673515567031,-0.001363762654364109,0.023298524684388866
0,2001-01-10,835.0872912374776,3.752003289170697,-0.004881973844021559,0.06132977360366576
0,2001-01-11,831.4934144813492,3.8381055305706777,-0.004303594119846821,0.0861022413999808
0,2001-01-12,839.3450565288127,3.900364949539188,0.009442819282412529,0.06225941896851017
0,2001-01-16,830.3686151094529,3.715828721500585,-0.010694578289985657,-0.1845362280386027
0,2001-01-17,822.1049619160558,3.620390301715788,-0.009951788932085037,-0.09543841978479728
0,2001-01-18,811.1763332918447,3.6020888266632367,-0.013293471187353134,-0.018301475052551197
0,2001-01-19,830.5133378496288,3.6961276198742796,0.02383822575211525,0.09403879321104291
0,2001-01-22,824.9046279947829,3.6978067438916757,-0.006753304973244667,0.0016791240173961164
0,2001-01-23,825.8846989801731,3.6817125955625665,0.0011881021782755852,-0.01609414832910927
0,2001-01-24,822.4118702579574,3.6473156520834404,-0.004204980097711086,-0.03439694347912603
0,2001-01-25,826.4436216792043,3.6674791980256907,0.004902350716292858,0.020163545942250227
0,2001-01-26,827.1654045503609,3.69036034307015,0.0008733600843697786,0.022881145044459483
0,2001-01-29,830.7528549668848,3.6592125933477684,0.004337041173130274,-0.031147749722381768
0,2001-01-30,832.3939147955033,3.682506695894465,0.0019753887318074703,0.023294102546696838
0,2001-01-31,824.6891451818797,3.7283801552148974,-0.009256158024072647,0.045873459320432186
0,2001-02-01,814.4902415107584,3.6547419210671808,-0.012366967275738716,-0.07363823414771664
0,2001-02-02,797.2289762323549,3.558556361308318,-0.021192722022533417,-0.09618555975886256
0,2001-02-05,790.0594509237241,3.4791027784303505,-0.00899305660277605,-0.07945358287796767
0,2001-02-06,793.2985618764682,3.5017673438422516,0.0040998319163918495,0.022664565411901094
0,2001-02-07,824.7035742268499,3.6316229355467677,0.03958788514137268,0.1298555917045161
0,2001-02-08,814.0247156665538,3.5977990943710974,-0.012948723509907722,-0.03382384117567039
0,2001-02-09,822.320355930691,3.5874850719957765,0.010190894827246666,-0.010314022375320864
0,2001-02-12,831.769746129627,3.6070070181767933,0.011491130106151104,0.01952194618101677
0,2001-02-13,826.1946746761768,3.591398560944723,-0.006702661979943514,-0.015608457232070272
0,2001-02-14,839.8254063054482,3.5709617250249694,0.016498208045959473,-0.020436835919753538
0,2001-02-15,807.9579352291693,3.493528049397814,-0.037945352494716644,-0.07743367562715564
0,2001-02-16,820.3237580529905,3.4711782962701294,0.015305032953619957,-0.02234975312768439
0,2001-02-20,824.0165330632221,3.4786431325153555,0.0045016068033874035,0.007464836245226092
0,2001-02-21,827.8859822406738,3.598951318623071,0.004695839248597622,0.12030818610771554
0,2001-02-22,854.1933465918188,3.624638728215189,0.0317765548825264,0.025687409592118016
0,2001-02-23,855.4587971323618,3.613222764246427,0.0014814567985013127,-0.0114159639687621
0,2001-02-26,865.1193320599754,3.6637961077361334,0.01129281148314476,0.050573343489706435
0,2001-02-27,855.2119825432643,3.7091899796348082,-0.011452003382146358,0.04539387189867483
0,2001-02-28,859.7603574691975,3.783305632650768,0.0053184181451797485,0.0741156530159599
0,2001-03-01,849.4266366860488,3.848838334485936,-0.012019303627312183,0.0655327018351679
0,2001-03-02,861.312306559988,3.7592966787696924,0.013992579653859138,-0.08954165571624362
0,2001-03-05,863.0145600109361,3.7461120798845795,0.0019763486925512552,-0.01318459888511292
0,2001-03-06,856.1186462237982,3.762524074800605,-0.007990495301783085,0.016411994916025296
0,2001-03-07,857.0960114694767,3.749290573684654,0.001141623593866825,-0.013233501115951007
0,2001-03-08,857.2316320313192,3.7568823266839897,0.00015823263674974442,0.007591752999335899
0,2001-03-09,860.5951032498115,3.7641310259636804,0.003923643380403519,0.00724869927969074
0,2001-03-12,851.837511792993,3.7652903503082693,-0.010176204144954681,0.0011593243445888746
0,2001-03-13,847.8261401274829,3.7507906281745593,-0.004709080792963505,-0.01449972213370998
0,2001-03-14,852.2647536030879,3.7682690537020296,0.005235287360846996,0.017478425527470254
0,2001-03-15,859.6999877718155,3.7772348351675453,0.008724089711904526,0.008965781465515743
0,2001-03-16,859.9375013179408,3.7871102690387324,0.00027627492090687156,0.009875433871187056
0,2001-03-19,859.3357167769619,3.841866785541347,-0.0006998003227636218,0.054756516502614705
0,2001-03-20,872.8226259643044,3.8543566204994844,0.015694575384259224,0.01248983495813727
0,2001-03-21,871.633906061337,3.8047684905880477,-0.0013619260862469673,-0.049588129911436685
0,2001-03-22,866.7510106450343,3.769288548810802,-0.005602002609521151,-0.03547994177724556
0,2001-03-23,864.6823786789121,3.7087596678576356,-0.0023866507690399885,-0.06052888095316655
0,2001-03-26,859.5931286784042,3.8081426014272024,-0.005885687191039324,0.09938293356956684
0,2001-03-27,863.4903062279503,3.850849689976335,0.004533746745437384,0.04270708854913252
0,2001-03-28,875.7852939268245,3.839573832569829,0.014238709583878517,-0.011275857406505718
0,2001-03-29,887.7845695641097,3.8685976238595075,0.013701161369681358,0.029023791289678247
0,2001-03-30,886.9119641170796,3.8753004560529463,-0.0009829022455960512,0.006702832193438812
0,2001-04-02,892.1769275584672,3.900172515282183,0.00593628641217947,0.024872059229236854
0,2001-04-03,902.3211050745352,3.9568962450498013,0.011370141059160233,0.05672372976761819
0,2001-04-04,907.6677809013611,4.043833477102842,0.005925469100475311,0.0869372320530406
0,2001-04-05,923.1573241265053,4.120037145418132,0.01706521213054657,0.0762036683152898
0,2001-04-06,926.2914428185015,4.1407290270491846,0.0033949995413422585,0.020691881631052844
0,2001-04-09,931.5082537211817,4.111281473527585,0.005631932523101568,-0.029447553521599446
0,2001-04-10,939.9927323357487,4.175021453399795,0.009108323603868484,0.06373997987221003
0,2001-04-11,943.9094446500025,4.144207170452418,0.004166747443377972,-0.03081428294737698
0,2001-04-12,937.0242165286411,4.1048094802877335,-0.007294373586773872,-0.03939769016468464
0,2001-04-16,931.1868633319114,4.1029293568232195,-0.006229671649634838,-0.0018801234645140497
0,2001-04-17,948.6126290254531,4.173624523754228,0.01871350035071373,0.0706951669310083
0,2001-04-18,948.2569322507402,4.19796892736244,-0.00037496525328606367,0.024344403608211884
0,2001-04-19,942.6654545889539,4.209113568031688,-0.005896585062146187,0.01114464066924814
0,2001-04-20,938.6350688324735,4.210750137260092,-0.004275520797818899,0.0016365692284043831
0,2001-04-23,945.3014994800573,4.1584812492636205,0.0071022603660821915,-0.05226888799647167
0,2001-04-24,931.2190718429243,4.1229218292747385,-0.014897286891937256,-0.03555941998888201
0,2001-04-25,936.8306857965762,4.135720502846841,0.006026094313710928,0.012798673572102182
0,2001-04-26,937.890606437364,4.153873853309238,0.001131389755755663,0.018153350462397633
0,2001-04-27,948.1059729593335,4.116566690141271,0.010891852900385857,-0.03730716316796734
0,2001-04-30,940.7658784148197,4.126966872259272,-0.007741850335150957,0.010400182118001311
0,2001-05-01,925.4295299001152,4.107228403858064,-0.01630198210477829,-0.019738468401207854
0,2001-05-02,912.8929950426656,4.080421419485394,-0.013546720147132874,-0.02680698437267015
0,2001-05-03,911.5808132772089,4.092546564336852,-0.0014373883605003357,0.012125144851458103
