path_id,Date,sp500_abs,DGS10_abs,sp500,DGS10
0,1971-02-24,94.64138006168552,3.8385802316480238,0.012651990167796612,0.0717900110645413
0,1971-02-25,95.71123807819188,3.888139687952583,0.011304336600005627,0.04955945630455938
0,1971-02-26,94.69041769434102,3.864111550480563,-0.01066562719643116,-0.024028137472019928
0,1971-03-01,94.05256222205863,3.8664738837366235,-0.006736219860613346,0.0023623332560602783
0,1971-03-02,93.06823875735567,3.854107361513599,-0.010465674102306366,-0.012366522223024479
0,1971-03-03,93.5453556437068,3.8913018772541443,0.005126527510583401,0.03719451574054533
0,1971-03-04,94.4899572223719,3.8958766148481256,0.010097792372107506,0.004574737593981304
0,1971-03-05,94.19232681482703,3.9088767689083888,-0.003149862866848707,0.013000154060263114
0,1971-03-08,95.84509555602082,3.9787031800240475,0.017546745017170906,0.06982641111565879
0,1971-03-09,96.3759426250585,3.992230962027002,0.005538593977689743,0.013527782002954236
0,1971-03-10,96.56919211033717,4.041378885469458,0.002005163114517927,0.04914792344245589
0,1971-03-11,96.65620484144917,4.030728346807267,0.0009010402718558908,-0.010650538662190456
0,1971-03-12,97.1798039741289,4.043130914097098,0.005417129024863243,0.012402567289830913
0,1971-03-15,97.17449608651624,4.0439178010756915,-5.461924592964351e-05,0.0007868869785934152
0,1971-03-16,97.49103318444286,4.04809202448081,0.003257409203797579,0.004174223405118305
0,1971-03-17,96.78961674522228,4.0416898485212105,-0.00719467643648386,-0.006402175959599354
0,1971-03-18,96.85813835501342,4.035252658173354,0.0007079438073560596,-0.006437190347856614
0,1971-03-19,95.80884087231881,3.9674600691142574,-0.010833343490958214,-0.06779258905909646
0,1971-03-22,96.24629456644983,3.9870033137978584,0.00456590112298727,0.019543244683601024
0,1971-03-23,96.23336768309754,3.9884995411007775,-0.00013431045226752758,0.0014962273029190953
0,1971-03-24,97.08207035321333,4.000870681394369,0.008819214068353176,0.012371140293591765
0,1971-03-25,96.5020391504323,3.9906134276762093,-0.005974648054689169,-0.010257253718159998
0,1971-03-26,95.51578358662475,3.9964433379354753,-0.010220048949122429,0.005829910259266047
0,1971-03-29,96.95317003880673,4.0121799831486,0.015048679895699024,0.015736645213124234
0,1971-03-30,96.11199422841766,3.9929199089647063,-0.008676104247570038,-0.019260074183893305
0,1971-03-31,96.12358005250582,3.974572180577254,0.0001205450389534235,-0.018347728387452467
0,1971-04-01,96.280994736497,3.982648373996053,0.0016376281855627894,0.008076193418799171
0,1971-04-02,96.21271547876009,3.9782612690844945,-0.0007091665174812078,-0.00438710491155847
0,1971-04-05,96.4052344441532,4.017761538193462,0.0020009721629321575,0.03950026910896787
0,1971-04-06,97.89793103903418,4.064706981112734,0.015483563765883446,0.04694544291927194
0,1971-04-07,98.24139608874857,4.043968770997969,0.003508399473503232,-0.020738210114765288
0,1971-04-08,98.44889941721829,4.080354351119232,0.0021121781319379807,0.03638558012126314
0,1971-04-12,98.78093141420311,4.087512045910646,0.003372632898390293,0.007157694791414038
0,1971-04-13,97.73178778133156,4.061398292603154,-0.010620912536978722,-0.026113753307492438
0,1971-04-14,97.07686667956717,4.118782434591807,-0.006701208651065826,0.0573841419886536
0,1971-04-15,98.77500918812515,4.132951544819693,0.017492761835455894,0.014169110227885362
0,1971-04-16,98.69213946359264,4.118798168009372,-0.0008389746071770787,-0.014153376810321028
0,1971-04-19,98.98678450444915,4.1600157317933055,0.0029854965396225452,0.04121756378393382
0,1971-04-20,99.28842110560107,4.168314894345256,0.0030472411308437586,0.008299162551950623
0,1971-04-21,98.86061536537873,4.184925306473465,-0.004308717325329781,0.016610412128208907
0,1971-04-22,99.02259031431088,4.15683812925657,0.0016384173650294542,-0.028087177216894688
0,1971-04-23,97.61134760649877,4.125871186265099,-0.014251724816858768,-0.030966942991470958
0,1971-04-26,97.90864235396448,4.125807854082621,0.0030456986278295517,-6.333218247878136e-05
0,1971-04-27,98.2296805575519,4.1667990996241056,0.00327895674854517,0.04099124554148492
0,1971-04-28,99.35728720121327,4.191984700840871,0.011479286476969719,0.02518560121676572
0,1971-04-29,98.93318820631252,4.164924358879997,-0.004268423654139042,-0.027060341960874368
0,1971-04-30,99.83988444927823,4.1581714027987395,0.00916473288089037,-0.006752956081257366
0,1971-05-03,99.5274977401664,4.146209399748158,-0.0031288769096136093,-0.011962003050581593
0,1971-05-04,99.08827739314673,4.132249165209897,-0.004413055256009102,-0.013960234538260785
0,1971-05-05,100.23129463862749,4.161704126341046,0.011535342782735825,0.029454961131149204
0,1971-05-06,101.33389637584125,4.157657333096511,0.011000573635101318,-0.004046793244535607
0,1971-05-07,100.97495612331677,4.168791831965463,-0.003542153863236308,0.01113449886895257
0,1971-05-10,100.37631964511516,4.143050645019552,-0.0059285638853907585,-0.02574118694591121
0,1971-05-11,101.16304321135728,4.178085461061895,0.007837740704417229,0.0350348160423426
0,1971-05-12,100.7364128687168,4.17666575062121,-0.004217254929244518,-0.0014197104406843408
0,1971-05-13,98.93921354398167,4.099766265115454,-0.017840612679719925,-0.07689948550575654
0,1971-05-14,98.52361131778397,4.131150328996952,-0.004200581461191177,0.03138406388149839
0,1971-05-17,98.45036561779138,4.072685510836359,-0.0007434329600073397,-0.058464818160593346
0,1971-05-18,97.99279930911032,4.0368862382955815,-0.004647685214877129,-0.035799272540777416
0,1971-05-19,99.15557835358851,4.069155176744345,0.011865964159369469,0.03226893844876333
0,1971-05-20,98.81617289643856,4.270400331125928,-0.0034229587763547897,0.2012451543815832
0,1971-05-21,100.48678439815193,4.366489249606081,0.01690625585615635,0.09608891848015322
0,1971-05-24,100.48126356655644,4.351935835503917,-5.4940872360020876e-05,-0.014553414102164375
0,1971-05-25,99.06989968271407,4.3091884222008074,-0.01404604036360979,-0.04274741330310938
0,1971-05-26,97.98154523041106,4.263339267380564,-0.0109857227653265,-0.04584915482024332
0,1971-05-27,99.2339719877682,4.15797169697067,0.012782271951436996,-0.10536757040989375
0,1971-05-28,98.0704330463119,4.096360635802142,-0.011725207790732384,-0.0616110611685281
0,1971-06-01,98.60305170986713,4.108869691156966,0.005430981051176786,0.012509055354823495
0,1971-06-02,99.33222203133573,4.044261050563742,0.007395007647573948,-0.06460864059322358
0,1971-06-03,98.33569342481395,4.118726742712068,-0.010032279416918755,0.07446569214832621
0,1971-06-04,99.16629645388969,4.1180188804648585,0.008446607738733292,-0.0007078622472098672
0,1971-06-07,98.60874230154538,4.154728767601571,-0.00562241580337286,0.03670988713671264
0,1971-06-08,99.25194578311601,4.1799882299009266,0.0065227835439145565,0.025259462299355384
0,1971-06-09,99.09259923355908,4.240408699931361,-0.0016054753214120865,0.060420470030434714
0,1971-06-10,99.05986137351321,4.163705930597399,-0.00033037643879652023,-0.07670276933396192
0,1971-06-11,98.47919456828681,4.102954481999535,-0.005861776880919933,-0.06075144859786441
0,1971-06-14,98.74219242521151,4.157713510725515,0.0026705930940806866,0.054759028725980485
0,1971-06-15,99.54337442101189,4.182487618740642,0.008113876916468143,0.024774108015126473
0,1971-06-16,98.90323106694761,3.9870705613801682,-0.006430798210203648,-0.19541705736047366
0,1971-06-17,96.90090837064912,3.9634625203436262,-0.020245270803570747,-0.023608041036542016
0,1971-06-18,97.85959166547195,3.9824948121360366,0.009893439710140228,0.019032291792410394
0,1971-06-21,98.28808719699857,3.995878355920225,0.004378676880151033,0.01338354378418849
0,1971-06-22,98.46770689746185,3.9867788722899764,0.0018274819012731314,-0.009099483630248706
0,1971-06-23,98.13703824215193,3.9852464398059655,-0.003358143148943782,-0.001532432484010915
0,1971-06-24,96.51080241381877,3.931329630535713,-0.01657107099890709,-0.053916809270252664
0,1971-06-25,96.97835180347535,3.9996274981045357,0.004844529088586569,0.06829786756882283
0,1971-06-28,97.94775316383299,4.043763527402329,0.009996059350669384,0.04413602929779348
0,1971-06-29,97.566348869625,4.0098590257974775,-0.0038939565420150757,-0.03390450160485159
0,1971-06-30,98.36274994490395,4.016112964386033,0.008162661455571651,0.0062539385885553855
0,1971-07-01,98.10659417149647,3.9854249881344996,-0.0026041949167847633,-0.0306879762515333
0,1971-07-02,97.69710678390372,3.9282636925992382,-0.004173902794718742,-0.05716129553526139
0,1971-07-06,97.37211168762056,3.9341288911680454,-0.003326558042317629,0.005865198568807184
0,1971-07-07,98.6945218184815,3.9175024919492736,0.013580994680523872,-0.016626399218771848
0,1971-07-08,98.03077057556551,3.919516326108701,-0.006725309882313013,0.0020138341594275744
0,1971-07-09,99.53885337930382,3.984843218327524,0.015383769758045673,0.06532689221882304
0,1971-07-12,101.35013482769287,4.030126304736269,0.018196728080511093,0.04528308640874501
0,1971-07-13,101.08509319283134,4.0530773674358045,-0.0026151088532060385,0.022951062699535285
0,1971-07-14,102.07154454025229,4.0809463507608665,0.00975862331688404,0.027868983325062047
0,1971-07-15,101.51674499160494,4.04893146652649,-0.005435398779809475,-0.032014884234376595
0,1971-07-16,101.32497745467312,4.06830816411619,-0.0018890236970037222,0.019376697589700065
0,1971-07-19,101.79582488101255,4.110233617551299,0.004646903835237026,0.041925453435109006
0,1971-07-20,101.51832085527452,4.050966881751934,-0.002726084552705288,-0.05926673579936459
0,1971-07-21,101.31913030029177,4.014039451700574,-0.0019621143583208323,-0.03692743005136023
0,1971-07-22,101.4404617437325,4.003654695436845,0.001197517616674304,-0.010384756263729145
0,1971-07-23,101.93851463225414,4.0241625177446965,0.00490980502218008,0.02050782230785142
0,1971-07-26,103.28337598566233,4.038309534134364,0.013192867860198021,0.014147016389667755
0,1971-07-27,102.17973332044896,4.004602891593438,-0.010685578919947147,-0.03370664254092581
0,1971-07-28,101.1448321624324,3.9158278114247738,-0.010128242895007133,-0.08877508016866464
0,1971-07-29,101.05270771164794,3.8919217955810166,-0.0009108171798288822,-0.023906015843757178
0,1971-07-30,100.9843570925234,3.8604774653341227,-0.0006763858254998922,-0.03144433024689386
0,1971-08-02,101.24153853461863,3.9332178971841536,0.002546745352447033,0.07274043185003087
0,1971-08-03,100.40157283946131,3.939675137531476,-0.00829665083438158,0.006457240347322202
0,1971-08-04,99.90645059981888,3.9590929693541983,-0.0049314191564917564,0.019417831822722498
0,1971-08-05,100.08121015479192,4.049638354299468,0.0017492319457232952,0.09054538494526954
0,1971-08-06,99.71333310555742,4.039709153457242,-0.003675785381346941,-0.009929200842226038
0,1971-08-09,99.84943399622756,3.9898852784233805,0.001364921685308218,-0.04982387503386132
0,1971-08-10,99.86911248763123,3.9501808004838073,0.00019708165200427175,-0.03970447793957321
0,1971-08-11,99.18689685132085,3.9083132462635417,-0.006831097416579723,-0.04186755422026556
0,1971-08-12,98.03169653354611,3.8987190987859663,-0.011646702885627747,-0.009594147477575365
0,1971-08-13,103.43203653994544,3.976407177027585,0.05508769303560257,0.07768807824161872
0,1971-08-16,104.20119986580626,3.964432035099771,0.00743641285225749,-0.011975141927814015
0,1971-08-17,102.1850338058309,3.9082490283044873,-0.019348779693245888,-0.05618300679528376
0,1971-08-18,99.04502725607155,3.8315812683125423,-0.03072863444685936,-0.07666775999194497
0,1971-08-19,97.15662292393411,3.7908660923866,-0.01906611956655979,-0.040715175925942315
0,1971-08-20,96.71675482894345,3.7667087198046447,-0.0045274123549461365,-0.024157372581955272
0,1971-08-23,100.15071316241747,3.861891512589893,0.03550530970096588,0.09518279278524844
0,1971-08-24,100.95539116559797,3.9306258157406297,0.00803467072546482,0.06873430315073659
0,1971-08-25,100.50084779669595,3.960169718694343,-0.004502417985349894,0.029543902953713452
0,1971-08-26,98.38499189988637,3.8555306229643493,-0.021053114905953407,-0.10463909572999386
0,1971-08-27,97.40279277588017,3.8778855339890765,-0.00998322106897831,0.022354911024727198
0,1971-08-30,101.4239321662862,3.9803288422767067,0.04128361493349075,0.10244330828763015
0,1971-08-31,102.32897056769418,4.057767467120111,0.008923321962356567,0.07743862484340402
0,1971-09-01,103.25918940133673,4.141048363424679,0.009090473875403404,0.08328089630456859
0,1971-09-02,102.38905569280169,4.1250012321437595,-0.008426695130765438,-0.016047131280919835
0,1971-09-03,103.63660806118386,4.074453807654179,0.012184430845081806,-0.05054742448958027
0,1971-09-07,105.22609330188646,4.165813538489176,0.015337102115154266,0.09135973083499671
0,1971-09-08,107.17413040526654,4.280440984711546,0.018512871116399765,0.11462744622236976
0,1971-09-09,107.37972736152444,4.308528288258553,0.0019183449912816286,0.02808730354700728
0,1971-09-10,106.52271770656422,4.333028563429933,-0.007981112226843834,0.02450027517137965
0,1971-09-13,106.1031010650839,4.3342498006643435,-0.003939222078770399,0.0012212372344109212
0,1971-09-14,104.83220212928983,4.364140013151984,-0.011977962218225002,0.029890212487640788
0,1971-09-15,105.24452850382947,4.423852851075572,0.0039332034066319466,0.059712837923587614
0,1971-09-16,104.36455355496355,4.3640816647892295,-0.008361241780221462,-0.05977118628634237
0,1971-09-17,105.23009798451626,4.349633200375559,0.008293471299111843,-0.01444846441367087
0,1971-09-20,105.18960729361388,4.34597545918946,-0.0003847824118565768,-0.0036577411860987397
0,1971-09-21,104.5469281380771,4.268619489116506,-0.006109721027314663,-0.07735597007295425
0,1971-09-22,103.85468496514143,4.262019762474814,-0.00662136310711503,-0.006599726641691284
0,1971-09-23,104.50520408553695,4.273653765895835,0.006263743620365858,0.011634003421020722
0,1971-09-24,103.8614171494831,4.250361878313495,-0.006160333752632141,-0.023291887582340465
0,1971-09-27,104.10836068487333,4.251686098894019,0.00237762532196939,0.0013242205805239493
0,1971-09-28,104.95246461138778,4.370790240381586,0.008107936009764671,0.11910414148756754
0,1971-09-29,104.63675932928794,4.316586153137611,-0.003008078783750534,-0.054204087243975074
0,1971-09-30,104.90142900330903,4.331064101875281,0.002529413904994726,0.014477948737670054
0,1971-10-01,105.69979396570295,4.347246549081415,0.007610620465129614,0.016182447206134043
0,1971-10-04,105.91073948177804,4.31299947697158,0.001995704136788845,-0.03424707210983513
0,1971-10-05,106.14602349762504,4.443205437321081,0.0022215312346816063,0.13020596034950138
0,1971-10-06,107.80856511718096,4.49780022484804,0.015662778168916702,0.05459478752695901
0,1971-10-07,107.36650732609785,4.423571184988662,-0.004100395832210779,-0.07422903985937879
0,1971-10-08,107.52403963993102,4.505627216998803,0.0014672388788312674,0.08205603201014178
0,1971-10-13,106.278739053085,4.48313823399761,-0.011581601575016975,-0.022488983001193397
0,1971-10-14,106.14923718839003,4.510129571664231,-0.0012185114901512861,0.02699133766662065
0,1971-10-15,105.43649793532099,4.519406263119576,-0.0067145018838346004,0.009276691455345265
0,1971-10-18,103.47334897498918,4.4964022563050605,-0.018619254231452942,-0.02300400681451542
0,1971-10-19,101.93732954732177,4.460460877620027,-0.014844589866697788,-0.035941378685033776
0,1971-10-20,101.87357821547899,4.452067529447304,-0.0006253973115235567,-0.008393348172722526
0,1971-10-21,102.49232428393573,4.485525337960183,0.006073665805160999,0.03345780851287916
0,1971-10-22,102.34587698144014,4.436790246969629,-0.0014288611710071564,-0.0487350909905544
0,1971-10-27,101.83029980262097,4.362575754008012,-0.005037595983594656,-0.07421449296161686
0,1971-10-28,101.69520460500749,4.401489114720099,-0.0013266699388623238,0.03891336071208684
0,1971-10-29,102.21162137966434,4.426175174009633,0.005078083835542202,0.024686059289534157
0,1971-11-01,101.68159623251006,4.425482840568075,-0.0051855663768947124,-0.0006923334415578353
0,1971-11-04,102.14126636247273,4.4205146139155564,0.00452068168669939,-0.004968226652518837
0,1971-11-05,102.4764040883369,4.502924107165915,0.0032811197452247143,0.08240949325035896
0,1971-11-08,103.66220278194213,4.554378349147086,0.011571431532502174,0.05145424198117077
0,1971-11-09,103.79746720188268,4.575230626546963,0.0013048576656728983,0.02085227739987694
0,1971-11-10,102.88627887418991,4.5537248874883165,-0.008778521791100502,-0.02150573905864661
0,1971-11-11,101.68612761907914,4.56169376784392,-0.011664832942187786,0.007968880355603503
0,1971-11-12,101.58917299948406,4.623933218877663,-0.0009534694836474955,0.06223945103374273
0,1971-11-15,101.01776964210069,4.6368235407662,-0.005624648183584213,0.01289032188853767
0,1971-11-16,101.99981848624182,4.657256025547339,0.00972154550254345,0.02043248478113835
0,1971-11-17,101.9114066442908,4.623032384478846,-0.0008667843067087233,-0.034223641068492405
0,1971-11-18,100.49524748264986,4.575860730564832,-0.013895982876420021,-0.04717165391401412
0,1971-11-19,101.03093269227432,4.566184263582224,0.005330453161150217,-0.009676466982607934
0,1971-11-22,100.6001145083195,4.569631121405587,-0.004264220595359802,0.0034468578233628477
0,1971-11-23,100.07698557293911,4.5614889073876475,-0.005200082901865244,-0.008142214017939686
0,1971-11-24,98.48055391785253,4.409419758464543,-0.015952035784721375,-0.15206914892310408
0,1971-11-26,98.58956719519716,4.439141501153488,0.00110695231705904,0.029721742688944452
0,1971-11-29,100.48364425801691,4.452896423131887,0.01921173930168152,0.013754921978399004
0,1971-11-30,99.70970243451171,4.400951363175719,-0.007702167145907879,-0.05194505995616794
0,1971-12-01,99.11048838720076,4.447244430174387,-0.006009586155414581,0.04629306699866831
0,1971-12-02,101.13612521903144,4.506562199843843,0.020438168197870255,0.05931776966945623
0,1971-12-03,100.99088771590668,4.507546062623955,-0.001436059596017003,0.000983862780111977
0,1971-12-06,100.36477866527652,4.435979443563949,-0.00619965884834528,-0.07156661906000661
0,1971-12-07,101.35734177384944,4.451848478538783,0.009889556095004082,0.01586903497483405
0,1971-12-08,102.30510956416073,4.2549144555386995,0.00935075618326664,-0.19693402300008334
0,1971-12-09,101.46090995543366,4.118079401900607,-0.008251783438026905,-0.13683505363809267
0,1971-12-10,101.57910713419803,4.14749951518951,0.0011649528751149774,0.029420113288903593
0,1971-12-13,102.96912650424166,4.094132595831838,0.013684106990695,-0.05336691935767224
0,1971-12-14,102.72692998267257,4.172733035455917,-0.0023521275725215673,0.07860043962407914
0,1971-12-15,104.40111491263815,4.2744450126590054,0.01629742980003357,0.10171197720308811
0,1971-12-16,105.11451234164626,4.313427027440485,0.0068332357332110405,0.03898201478147989
0,1971-12-17,103.36336357626243,4.209004190926446,-0.016659438610076904,-0.10442283651403894
0,1971-12-20,101.59907792687598,4.132898136277445,-0.01706877164542675,-0.07610605464900111
0,1971-12-21,101.73448528870622,4.158598856442053,0.0013327617198228836,0.02570072016460756
0,1971-12-22,102.62932437979339,4.215331115247016,0.008795828558504581,0.056732258804963465
0,1971-12-23,102.91468589565638,4.225088768647098,0.002780506620183587,0.009757653400082056
0,1971-12-27,102.98090012728596,4.249739789026424,0.0006433895323425531,0.024651020379325317
0,1971-12-28,104.38720419692588,4.283804778905846,0.013655969873070717,0.03406498987942275
0,1971-12-29,104.35363539219934,4.314812137377308,-0.00032157968962565064,0.03100735847146119
0,1971-12-30,104.50757350767083,4.319019356120662,0.0014751581475138664,0.004207218743354169
0,1971-12-31,104.71149836488668,4.204103433379185,0.001951292622834444,-0.11491592274147688
0,1972-01-03,104.85531305987247,4.253451834688592,0.0013734374660998583,0.04934840130940721
0,1972-01-04,106.01887791639027,4.253897546772359,0.011096861213445663,0.00044571208376709137
0,1972-01-05,106.56756738168939,4.301179342118303,0.005175394006073475,0.04728179534594368
0,1972-01-06,105.28233943354562,4.237321016003356,-0.012060216628015041,-0.06385832611494724
0,1972-01-07,104.50451974548585,4.251286994629743,-0.007387940771877766,0.01396597862638771
0,1972-01-10,104.85367339146855,4.1961711838473645,0.0033410387113690376,-0.055115810782378816
0,1972-01-11,105.24503734877253,4.009357162035509,0.0037324773147702217,-0.18681402181185547
0,1972-01-12,105.08372074189175,4.011515176624196,-0.0015327716246247292,0.0021580145886872515
0,1972-01-13,105.20839442432477,3.916465093798919,0.0011864224215969443,-0.09505008282527738
0,1972-01-14,104.73758721812868,3.7906026309616996,-0.004474996589124203,-0.12586246283721936
0,1972-01-17,104.7176103891906,3.9354238060786293,-0.00019073218572884798,0.1448211751169297
0,1972-01-18,106.53061015477297,4.007959272498999,0.01731322705745697,0.07253546642036968
0,1972-01-19,106.45230812148614,3.978816465835915,-0.0007350191008299589,-0.02914280666308411
0,1972-01-20,105.74673075353166,3.866484039162888,-0.006628107745200396,-0.11233242667302701
0,1972-01-21,104.93290687581494,3.8553673080886326,-0.007695971988141537,-0.01111673107425526
0,1972-01-24,106.41094417678858,3.894154072394529,0.014085546135902405,0.03878676430589634
0,1972-01-25,107.0112098361825,3.913160829806786,0.005641014315187931,0.01900675741225699
0,1972-01-26,108.55252891811145,3.904876997816016,0.01440334226936102,-0.008283831990770096
0,1972-01-27,107.28348918877731,3.9000754777005997,-0.01169055886566639,-0.004801520115416125
0,1972-01-28,107.15071358201475,3.9054840229919123,-0.0012376145459711552,0.0054085452913126275
0,1972-01-31,106.1549507013058,3.9316414092950254,-0.009293105453252792,0.02615738630311304
0,1972-02-01,105.73128259746068,3.9601626158071777,-0.003991034813225269,0.028521206512152286
0,1972-02-02,105.29218558262062,3.941272105932972,-0.004152952693402767,-0.01889050987420582
0,1972-02-03,105.04189206572201,3.944837536067585,-0.002377132885158062,0.003565430134613301
0,1972-02-04,105.38163571624098,3.970090385433306,0.003234363393858075,0.02525284936572092
0,1972-02-07,106.1806584645124,3.9700107997253054,0.007582182064652443,-7.958570800070675e-05
0,1972-02-08,105.21245930934116,3.969937737911769,-0.009118413552641869,-7.306181353650132e-05
0,1972-02-09,106.16753154197035,4.014386638013294,0.009077558293938637,0.04444890010152491
0,1972-02-10,107.22459682883367,4.057000490762324,0.00995657779276371,0.042613852749029846
0,1972-02-11,106.77015540538288,4.052144929822596,-0.004238219931721687,-0.00485556093972761
0,1972-02-14,106.18000822399779,3.961105478175398,-0.00552726723253727,-0.09103945164719818
0,1972-02-15,104.72744011460588,3.9390951751876564,-0.01368024107068777,-0.022010302987741426
0,1972-02-16,104.78066425460194,4.006678113447845,0.0005082158022560179,0.06758293826018846
0,1972-02-17,104.47201280735375,4.032678541752809,-0.002945690881460905,0.02600042830496374
0,1972-02-18,104.74541478994642,4.0828030855358195,0.002616987796500325,0.0501245437830109
0,1972-02-22,107.24472136254484,4.14640745744984,0.02386077307164669,0.06360437191402024
0,1972-02-23,107.21356973614681,4.17995592407081,-0.0002904723514802754,0.03354846662097
0,1972-02-24,107.43849039087392,4.144677736560204,0.002097874879837036,-0.035278187510606074
0,1972-02-25,106.64850504012423,4.092818157473202,-0.00735290814191103,-0.051859579087001784
0,1972-02-28,106.34720226981311,4.021449426153052,-0.0028251945041120052,-0.07136873132014987
0,1972-02-29,107.35868848818785,4.053049468794096,0.009511169046163559,0.03160004264104366
0,1972-03-01,107.6608759767544,4.221663417232175,0.0028147464618086815,0.16861394843807975
0,1972-03-02,109.2366664995428,4.249906207099629,0.014636612497270107,0.028242789867453766
0,1972-03-03,109.48977957501354,4.218470472475915,0.002317107282578945,-0.03143573462371396
0,1972-03-06,110.49628969123746,4.181272750995658,0.009192731231451035,-0.037197721480256796
0,1972-03-07,111.67013711813065,4.2652939726756935,0.01062341034412384,0.08402122168003512
0,1972-03-08,110.92684166168074,4.303550497160121,-0.006656170357018709,0.03825652448442707
0,1972-03-09,111.73312312671231,4.232713716465576,0.007268587592989206,-0.07083678069454447
0,1972-03-10,111.60734791240299,4.2690917676145945,-0.0011256752768531442,0.036378051149018376
0,1972-03-13,113.25859210754868,4.363197251275635,0.014795120805501938,0.09410548366104088
0,1972-03-14,111.96300499801623,4.302462054672018,-0.011439194902777672,-0.06073519660361715
0,1972-03-15,110.9635042934709,4.315507423374474,-0.008927062153816223,0.013045368702456095
0,1972-03-16,110.94440977044344,4.325055895007299,-0.0001720793079584837,0.009548471632824906
0,1972-03-17,111.82349471117992,4.3551832251653,0.007923652417957783,0.03012733015800073
0,1972-03-20,112.19155120324842,4.298766528230735,0.003291405737400055,-0.05641669693456475
0,1972-03-21,112.99009740631476,4.249213018574083,0.007117703557014465,-0.049553509656652395
0,1972-03-22,113.6137987064737,4.263135498155265,0.005519964266568422,0.013922479581181868
0,1972-03-23,112.40394585794098,4.208031223182545,-0.010648819617927074,-0.0551042749727193
0,1972-03-24,112.1958601522682,4.260221760902111,-0.001851231325417757,0.05219053771956528
0,1972-03-27,113.19824937091273,4.288979438997244,0.008934279903769493,0.02875767809513352
0,1972-03-28,113.568837696028,4.245645252840933,0.0032737990841269493,-0.04333418615631146
0,1972-03-29,113.64414562029998,4.328184687264495,0.0006631037686020136,0.0825394344235626
0,1972-03-30,113.8097384934196,4.306265555290339,0.00145711749792099,-0.021919131974156514
0,1972-04-03,113.28065140670832,4.277790173625113,-0.004648873582482338,-0.028475381665225896
0,1972-04-04,113.71790533782705,4.287355362516595,0.0038599171675741673,0.009565188891482279
0,1972-04-05,114.9812477568162,4.243440784042348,0.01110944151878357,-0.04391457847424718
0,1972-04-06,115.74509656985646,4.201211689806478,0.0066432468593120575,-0.042229094235869624
0,1972-04-07,114.77353943763974,4.2541643712436095,-0.008393937721848488,0.052952681437131055
0,1972-04-10,114.94366931008773,4.22364956651438,0.0014823091914877295,-0.030514804729229184
0,1972-04-11,114.44482224393296,4.16263260947491,-0.004339926410466433,-0.0610169570394703
0,1972-04-12,113.73436218980791,4.095810807567255,-0.006207882892340422,-0.06682180190765497
0,1972-04-13,114.79635051744786,4.14508565985921,0.00933744478970766,0.04927485229195483
0,1972-04-14,116.18356456332879,4.163699935735414,0.012084130197763443,0.01861427587620401
0,1972-04-17,116.15846248025248,4.179526742069042,-0.00021605537040159106,0.015826806333627985
0,1972-04-18,115.75506100058124,4.194009815301296,-0.0034728548489511013,0.014483073232254284
0,1972-04-19,114.77863205509031,4.132252025146279,-0.008435302414000034,-0.061757790155017034
0,1972-04-20,113.50801912846377,4.393504466374308,-0.011070117354393005,0.26125244122802904
0,1972-04-21,114.87210012354618,4.434939498370474,0.012017485685646534,0.041435031996165606
0,1972-04-24,114.05848455744439,4.418437189220677,-0.007082795258611441,-0.016502309149796446
0,1972-04-25,115.05613991588582,4.514253127648001,0.008746875450015068,0.09581593842732339
0,1972-04-26,115.19755843643698,4.460138905570163,0.001229126239195466,-0.054114222077838114
0,1972-04-27,115.10992278890222,4.577668296936537,-0.0007607422303408384,0.11752939136637419
0,1972-04-28,114.16556472636125,4.319121537567708,-0.008203967474400997,-0.2585467593688291
0,1972-05-01,110.41865287645724,4.3185862143725,-0.03281998261809349,-0.0005353231952076598
0,1972-05-02,110.8465391092641,4.30058058368519,0.003875126363709569,-0.01800563068730998
0,1972-05-03,110.52449987195925,4.226299262766685,-0.002905271016061306,-0.07428132091850514
0,1972-05-04,109.63162896842364,4.285304432297728,-0.008078488521277905,0.0590051695310434
0,1972-05-05,109.36930722448007,4.234708559955603,-0.0023927560541778803,-0.05059587234212515
0,1972-05-08,108.82270678976181,4.150813749661099,-0.00499774981290102,-0.0838948102945043
0,1972-05-09,107.42426816157611,4.054596450213352,-0.01285061426460743,-0.09621729944774682
0,1972-05-10,108.03754499731392,4.075859867303443,0.005708922632038593,0.02126341709009072
0,1972-05-11,108.99017475043536,4.018870875706901,0.0088175805285573,-0.05698899159654136
0,1972-05-12,109.23229871136175,4.070132703329655,0.0022215209901332855,0.051261827622753664
0,1972-05-15,110.70914650513951,4.304956963280003,0.013520248234272003,0.23482425995034806
0,1972-05-16,110.00626329396836,4.1511373642998475,-0.006348917260766029,-0.15381959898015563
0,1972-05-17,109.52979582563411,4.137431022730277,-0.004331275820732117,-0.013706341569570846
0,1972-05-18,110.3012274726448,4.214110017119337,0.007043121382594109,0.07667899438906023
0,1972-05-19,111.06060412275014,4.19811892800181,0.00688457116484642,-0.015991089117527224
0,1972-05-22,110.8461005299279,4.166254883699575,-0.0019314102828502655,-0.03186404430223444
0,1972-05-23,110.3496457899277,4.145236710443739,-0.004478774964809418,-0.021018173255836103
0,1972-05-24,110.64916151996933,4.225217809658944,0.002714242786169052,0.07998109921520502
0,1972-05-25,110.27521342927265,4.283272883423499,-0.003379583591595292,0.058055073764554876
0,1972-05-26,110.0956337551034,4.295607797698294,-0.001628468162380159,0.012334914274794606
0,1972-05-30,110.0279871502861,4.367786659497637,-0.0006144349463284016,0.07217886179934307
0,1972-05-31,110.51614203419086,4.356217723103591,0.004436642862856388,-0.011568936394045437
0,1972-06-01,111.40692322841208,4.314892863842297,0.008060190826654434,-0.04132485926129448
0,1972-06-02,110.88853236218353,4.258763753898883,-0.004653129726648331,-0.0561291099434138
0,1972-06-05,111.90722088745024,4.242944746916007,0.009186599403619766,-0.015819006982876083
0,1972-06-06,111.15714278884667,4.229405863763966,-0.00670267827808857,-0.013538883152040881
0,1972-06-07,110.21160762134929,4.168414713270913,-0.0085062924772501,-0.06099115049305315
0,1972-06-08,110.30366037999194,4.2015253981819525,0.0008352365111932158,0.033110684911039634
0,1972-06-09,111.5851495572201,4.188268200823969,0.011617830023169518,-0.013257197357983586
0,1972-06-12,110.60392821842763,4.096181075995113,-0.008793476037681103,-0.09208712482885595
0,1972-06-13,110.95089082510675,4.0977425680238,0.003136982675641775,0.0015614920286868283
0,1972-06-14,111.50598837764817,4.083330370775414,0.005003092344850302,-0.014412197248385716
0,1972-06-15,110.47721637794535,4.069150845229649,-0.009226159192621708,-0.014179525545764626
0,1972-06-16,110.45031466224852,4.073837831140799,-0.00024350464809685946,0.004686985911149577
0,1972-06-19,110.92576442999865,4.169688015455358,0.0043046483770012856,0.09585018431455872
0,1972-06-20,111.32617056758986,4.206302585617645,0.0036096766125410795,0.03661457016228731
0,1972-06-21,112.10600235954341,4.235739022844624,0.007004927843809128,0.02943643722697864
0,1972-06-22,112.98112570453138,4.220287520637095,0.007806213106960058,-0.015451502207528556
0,1972-06-23,112.42174855105803,4.274744765403899,-0.004951067268848419,0.05445724476680347
0,1972-06-26,112.04103098422979,4.3253778200439985,-0.0033865117002278566,0.05063305464009993
0,1972-06-27,111.66882724519196,4.293602897864733,-0.0033220306504517794,-0.03177492217926581
0,1972-06-28,111.64312148504398,4.316099617541583,-0.00023019638319965452,0.022496719676849963
0,1972-06-29,114.03955229088393,4.364188535923032,0.021465100347995758,0.04808891838144902
0,1972-06-30,113.7614023148963,4.305673361195577,-0.0024390658363699913,-0.0585151747274546
0,1972-07-03,114.94398935825602,4.343974538552821,0.01039532758295536,0.03830117735724414
0,1972-07-05,115.22789961440408,4.393703723561312,0.002469987841323018,0.04972918500849044
0,1972-07-06,115.3271500300719,4.415060155679831,0.0008613401441834867,0.021356432118519564
0,1972-07-07,115.04011940482724,4.359425657789386,-0.0024888382758945227,-0.055634497890444834
0,1972-07-10,115.96541349610231,4.365639163230224,0.008043229579925537,0.00621350544083743
0,1972-07-11,116.36246468017146,4.411569540109405,0.0034238758962601423,0.045930376879181445
0,1972-07-12,115.70070362243692,4.418066860983984,-0.005687066353857517,0.006497320874578882
0,1972-07-13,115.39577625818299,4.370532867395933,-0.0026354840956628323,-0.04753399358805144
0,1972-07-14,113.2195098023282,4.3362666917794135,-0.018859151750802994,-0.034266175616519234
0,1972-07-17,113.08637043462727,4.305075508543383,-0.0011759401531890035,-0.03119118323603054
0,1972-07-18,112.03612386510345,4.312958671807121,-0.009287118911743164,0.007883163263738169
0,1972-07-19,112.27365962917084,4.331315360700166,0.002120171207934618,0.018356688893044648
0,1972-07-20,112.67316304112933,4.201894925848817,0.0035583004355430603,-0.12942043485134835
0,1972-07-21,112.83614390067353,4.182434583148405,0.0014464922714978456,-0.019460342700412525
0,1972-07-24,113.43805824718166,4.151776677642656,0.0053344108164310455,-0.030657905505749206
0,1972-07-25,113.78378012036191,4.1840086582575315,0.0030476709362119436,0.032231980614875866
0,1972-07-26,114.71796971224764,4.22994112263401,0.008210217580199242,0.045932464376478244
0,1972-07-27,115.31098172860075,4.298589133525876,0.005169303622096777,0.06864801089186656
0,1972-07-28,113.69099352056887,4.301437903809522,-0.01404886320233345,0.0028487702836459405
0,1972-07-31,112.63675800137405,4.291412761915364,-0.009272814728319645,-0.010025141894158374
0,1972-08-01,113.32500881767277,4.266508795343022,0.006110357120633125,-0.024903966572342284
0,1972-08-02,111.97083520541678,4.294702109692772,-0.011949468404054642,0.028193314349750587
0,1972-08-03,111.29098670649911,4.246542573985541,-0.006071656942367554,-0.04815953570723153
0,1972-08-04,110.88488666463603,4.21576828676576,-0.003648993093520403,-0.030774287219780483
0,1972-08-07,111.85085633765077,4.160641224032165,0.008711463771760464,-0.05512706273359491
0,1972-08-08,110.65191540530891,4.159150419965721,-0.01071910373866558,-0.0014908040664440847
0,1972-08-09,111.69596805135117,4.251467532573224,0.009435468353331089,0.09231711260750242
0,1972-08-10,111.17072181100741,4.2494739269152975,-0.004702463746070862,-0.0019936056579261674
0,1972-08-11,111.48078477656475,4.244156813318985,0.00278907036408782,-0.005317113596312595
0,1972-08-14,111.4124370351913,4.196798512602754,-0.0006130898837000132,-0.047358300716230595
0,1972-08-15,111.64235452331518,4.258971561720246,0.0020636608824133873,0.062173049117491885
0,1972-08-16,112.22017462527575,4.234031804297145,0.0051756352186203,-0.02493975742310095
0,1972-08-17,111.82231624800956,4.275473449890411,-0.0035453373566269875,0.0414416455932658
0,1972-08-18,112.85854621286184,4.191818440803286,0.009266754612326622,-0.08365500908712509
0,1972-08-21,113.2181807100464,4.137182897334567,0.0031865951605141163,-0.05463554346871913
0,1972-08-22,114.66906879885529,4.177527955675425,0.012814974412322044,0.040345058340857776
0,1972-08-23,113.4628871036311,4.155160325768063,-0.010518806055188179,-0.022367629907361852
0,1972-08-24,114.3684247370307,4.184382005997235,0.007980914786458015,0.029221680229172264
0,1972-08-25,114.38326987159888,4.23015488734031,0.00012980098836123943,0.04577288134307533
0,1972-08-28,114.03602369526685,4.244724323053764,-0.0030358126387000084,0.014569435713453593
0,1972-08-29,114.63964589620318,4.238526719585273,0.005293258931487799,-0.00619760346849052
0,1972-08-30,114.68612500612606,4.252321016914628,0.0004054366145282984,0.013794297329354777
0,1972-08-31,115.97337069994539,4.279871473191842,0.011224075220525265,0.027550456277213975
0,1972-09-01,116.40546206623345,4.329733247143789,0.0037257808726280928,0.04986177395194691
0,1972-09-05,115.34189799603047,4.324459931424006,-0.00913671962916851,-0.005273315719782623
0,1972-09-06,115.53314436219068,4.286880713458118,0.0016580823576077819,-0.037579217965888034
0,1972-09-07,114.9933454609548,4.28041174029886,-0.004672242794185877,-0.006468973159257985
0,1972-09-08,115.66513436441771,4.341843671160644,0.005841980688273907,0.06143193086178389
0,1972-09-11,115.32736754435041,4.34124532818648,-0.002920212922617793,-0.0005983429741647228
0,1972-09-12,116.58707334912293,4.30677497946301,0.01092286966741085,-0.034470348723469435
0,1972-09-13,116.04269296908934,4.341781548421988,-0.004669303074479103,0.0350065689589778
0,1972-09-14,116.90430482624004,4.303407056054992,0.0074249557219445705,-0.038374492366996193
0,1972-09-15,117.9796973966606,4.341099928060805,0.009198913350701332,0.03769287200581317
0,1972-09-18,118.58833223289709,4.477349871159381,0.005158809944987297,0.1362499430985764
0,1972-09-19,118.93625245123697,4.526498811954321,0.002933848649263382,0.04914894079493948
0,1972-09-20,119.55390167003046,4.536260436190797,0.00519311148673296,0.009761624236475974
0,1972-09-21,120.06603790843486,4.571687055034903,0.004283726681023836,0.03542661884410592
0,1972-09-22,120.223631136525,4.622211747467786,0.001312554581090808,0.05052469243288371
0,1972-09-25,119.08226794096163,4.671139539243519,-0.009493667632341385,0.04892779177573292
0,1972-09-26,118.69661487550417,4.61877507668903,-0.0032385431695729494,-0.05236446255448968
0,1972-09-27,117.5685132156942,4.65152527883408,-0.009504076093435287,0.03275020214505009
0,1972-09-28,117.4849889379077,4.712641183127879,-0.0007104306714609265,0.061115904293798984
0,1972-09-29,118.89003749548667,4.828840862047078,0.011959387920796871,0.11619967891919902
0,1972-10-02,118.76321796624484,4.716723245227424,-0.0010666960151866078,-0.1121176168196536
0,1972-10-03,120.86802724877126,4.718910364471032,0.017722737044095993,0.0021871192436080378
0,1972-10-04,120.69848306738335,4.620923206666958,-0.00140272150747478,-0.09798715780407452
0,1972-10-05,120.48082389647193,4.631253302870003,-0.0018033297965303063,0.010330096203045258
0,1972-10-06,118.98565811020983,4.6992972447954,-0.012409989722073078,0.06804394192539664
0,1972-10-11,118.69192408262857,4.674509625658211,-0.002468650694936514,-0.02478761913718852
0,1972-10-12,117.17204879774938,4.633165142106397,-0.012805212289094925,-0.04134448355181419
0,1972-10-13,116.45863816818446,4.589094382996263,-0.006088573485612869,-0.04407075911013347
0,1972-10-16,116.52020232683373,4.576428953698959,0.0005286353989504278,-0.01266542929730452
0,1972-10-17,115.41055606586572,4.5494301018963075,-0.009523209184408188,-0.02699885180265138
0,1972-10-18,115.43855845382063,4.5231345829270655,0.00024263281375169754,-0.026295518969241982
0,1972-10-19,115.36072823092913,4.4999213664364035,-0.0006742133991792798,-0.023213216490661992
0,1972-10-20,116.1032130436949,4.523757094699967,0.006436200812458992,0.023835728263563283
0,1972-10-25,117.53299723537191,4.520452414114205,0.012314768508076668,-0.0033046805857619432
0,1972-10-26,117.56973337695408,4.489659648812896,0.00031256023794412613,-0.030792765301308478
0,1972-10-27,116.82215937154355,4.442201634714311,-0.006358558312058449,-0.04745801409858519
0,1972-10-30,116.7715535307389,4.423905198782577,-0.00043318700045347214,-0.018296435931734578
0,1972-10-31,115.08558957753709,4.3902922983877914,-0.014438139274716377,-0.03361290039478515
0,1972-11-01,114.71873058043886,4.443930120489157,-0.0031877057626843452,0.053637822101365806
0,1972-11-02,116.14816644231254,4.4838836959730175,0.01246035285294056,0.03995357548386025
0,1972-11-03,117.456599156798,4.501961670721608,0.011265203356742859,0.018077974748590186
0,1972-11-06,118.64791141572768,4.546672833932716,0.010142574086785316,0.04471116321110813
0,1972-11-08,118.86930866776221,4.454888731086283,0.0018660021014511585,-0.09178410284643324
0,1972-11-09,118.32643689801004,4.431580523073677,-0.004566963296383619,-0.02330820801260547
0,1972-11-10,119.62757323169777,4.457216545690929,0.010996159166097641,0.02563602261725162
0,1972-11-13,121.39512215979627,4.478110415777371,0.014775430783629417,0.020893870086442057
0,1972-11-14,121.11092039139679,4.4330041214118525,-0.0023411300498992205,-0.045106294365518274
0,1972-11-15,120.74072451925709,4.349858473836881,-0.0030566679779440165,-0.08314564757497145
0,1972-11-16,120.96974161886388,4.29890515877044,0.00189676764421165,-0.050953315066441185
0,1972-11-17,122.21181419354994,4.330254724976264,0.010267630219459534,0.031349566205824075
0,1972-11-20,122.83798768087539,4.352723401701899,0.005123673938214779,0.02246867672563546
0,1972-11-21,124.09059851596115,4.395842714506048,0.010197259485721588,0.04311931280414871
0,1972-11-22,123.14152749658557,4.44087367478302,-0.007648210506886244,0.04503096027697229
0,1972-11-24,123.36818440675816,4.47076725307096,0.0018406212329864502,0.029893578287939704
0,1972-11-27,124.37413285274665,4.497135557556899,0.008154034614562988,0.026368304485939298
0,1972-11-28,124.7489537634973,4.525457207365792,0.003013656474649906,0.028321649808892957
0,1972-11-29,124.46770645629789,4.614071818840271,-0.002254506340250373,0.0886146114744788
0,1972-11-30,124.50419439881112,4.596618813953884,0.00029315188294276595,-0.017453004886387014
0,1972-12-01,123.71127347068855,4.562961960206782,-0.006368628237396479,-0.033656853747102033
0,1972-12-04,122.64419106300458,4.567123352945542,-0.008625587448477745,0.004161392738759595
0,1972-12-05,121.77630001805673,4.5395632460361295,-0.007076495327055454,-0.02756010690941224
0,1972-12-06,121.45928795221168,4.580664194073611,-0.0026032328605651855,0.041100948037481544
0,1972-12-07,121.29116187726623,4.590976480933368,-0.0013842175249010324,0.010312286859757158
0,1972-12-08,121.34619684080428,4.5942386100208115,0.00045374257024377584,0.0032621290874432773
0,1972-12-11,121.61189298721794,4.629265374313632,0.0021895712707191706,0.03502676429282037
0,1972-12-12,120.47555934242594,4.636218449088884,-0.009343935176730156,0.006953074775251977
0,1972-12-13,121.4415746834297,4.630105566795625,0.008018351159989834,-0.006112882293258792
0,1972-12-14,121.89676237766902,4.643623525748466,0.0037482031621038914,0.013517958952840914
0,1972-12-15,122.1050381908245,4.632168968542264,0.0017086246516555548,-0.011454557206201699
0,1972-12-18,121.09032196069958,4.609154585948081,-0.008310191333293915,-0.02301438259418287
0,1972-12-19,120.52097483952134,4.64248740219849,-0.0047018383629620075,0.03333281625040829
0,1972-12-20,120.41242530275309,4.651439699211463,-0.0009006692562252283,0.008952297012973176
0,1972-12-21,121.89686461232706,4.752786858334402,0.012327957898378372,0.10134715912293935
0,1972-12-22,122.85999737915681,4.82623680098431,0.007901210337877274,0.07344994264990756
0,1972-12-26,124.32449409258248,4.868450472571428,0.011920045129954815,0.04221367158711864
0,1972-12-27,125.09072715460928,4.83503160412827,0.00616317056119442,-0.033418868443158445
0,1972-12-29,124.23528180547076,4.863840706057553,-0.006838599219918251,0.028809101929282654
0,1973-01-02,122.97626082335614,4.814859252908208,-0.010134166106581688,-0.04898145314934421
0,1973-01-03,123.22535407118174,4.802612031179674,0.0020255392882972956,-0.01224722172853454
0,1973-01-04,123.24646441346704,4.785094658444093,0.00017131492495536804,-0.01751737273558085
0,1973-01-05,122.63141149242807,4.756577118295501,-0.004990430548787117,-0.028517540148592424
0,1973-01-08,121.7657441423647,4.764143171251148,-0.007059099618345499,0.007566052955647606
0,1973-01-09,121.54563791345204,4.683148677861021,-0.001807620283216238,-0.08099449339012743
0,1973-01-10,121.62827617674243,4.620478639831004,0.0006798949325457215,-0.06267003803001714
0,1973-01-11,122.24798633605396,4.65182201286564,0.00509511586278677,0.031343373034636635
0,1973-01-12,122.91302129947367,4.657304304395546,0.005440048407763243,0.005482291529905758
0,1973-01-15,124.47085929347011,4.6804206706996885,0.012674312107264996,0.02311636630414249
0,1973-01-16,122.79911998187552,4.6676474281548295,-0.013430768623948097,-0.01277324254485901
0,1973-01-17,124.09894372548494,4.710877047274281,0.010584959760308266,0.04322961911945189
0,1973-01-18,123.28873493489124,4.710255970435703,-0.006528732366859913,-0.0006210768385779275
0,1973-01-19,122.34115197434478,4.690062522269938,-0.007685884367674589,-0.020193448165765737
0,1973-01-22,120.82191681122058,4.686410104239963,-0.012418022379279137,-0.0036524180299748465
0,1973-01-23,120.63856946445664,4.676730165890162,-0.0015175007283687592,-0.009679938349800743
0,1973-01-24,121.2023955126697,4.7368156544445705,0.0046736798249185085,0.06008548855440843
0,1973-01-26,121.09392946369246,4.755783313155419,-0.0008949167095124722,0.01896765871084849
0,1973-01-29,121.24197526432643,4.730624590831687,0.0012225699611008167,-0.02515872232373173
0,1973-01-30,121.84201633359069,4.755527572054281,0.004949119873344898,0.024902981222593823
0,1973-01-31,121.333377332292,4.74584089618131,-0.004174578003585339,-0.009686675872971229
0,1973-02-01,122.44651872131864,4.757341284897181,0.00917423889040947,0.01150038871587089
0,1973-02-02,122.80788102046715,4.709633891641462,0.0029511847533285618,-0.0477073932557186
0,1973-02-05,123.10081839076202,4.679031533527066,0.0023853303864598274,-0.030602358114395933
0,1973-02-06,122.7579248846839,4.693226562651983,-0.002785468939691782,0.014195029124916658
0,1973-02-07,123.0459385199716,4.709337837296357,0.0023461917880922556,0.01611127464437434
0,1973-02-08,121.97739979732886,4.706253667644947,-0.008684063330292702,-0.003084169651410562
0,1973-02-09,121.91567637745416,4.597257576457753,-0.0005060234107077122,-0.10899609118719411
0,1973-02-14,120.84202885436449,4.508522115754369,-0.00880647636950016,-0.08873546070338367
0,1973-02-15,121.74388853300144,4.4891574797419365,0.007463129237294197,-0.019364636012432435
0,1973-02-16,120.92888037992509,4.5111557340120765,-0.006694448180496693,0.021998254270140016
0,1973-02-20,122.31522074702909,4.519304897929012,0.01146409660577774,0.008149163916935542
0,1973-02-21,121.52651628758997,4.42210767938497,-0.006448130123317242,-0.09719721854404195
0,1973-02-22,121.77979577396538,4.455525898015779,0.002084149979054928,0.03341821863080874
0,1973-02-23,123.22438859615522,4.493161748061745,0.011862335726618767,0.037635850045965924
0,1973-02-26,124.3147872787116,4.53351579441043,0.008848886936903,0.04035404634868556
0,1973-02-27,124.33469642178312,4.561030350061074,0.00016015104483813047,0.027514555650643757
0,1973-02-28,124.35780396223716,4.598403725425134,0.00018584949430078268,0.03737337536406038
0,1973-03-01,124.23246923403184,4.578256916338084,-0.0010078557534143329,-0.020146809087050244
0,1973-03-02,125.5360286212696,4.598279176970852,0.010492904111742973,0.020022260632767797
0,1973-03-05,125.88778301805023,4.630217797489615,0.0028020194731652737,0.03193862051876284
0,1973-03-06,126.7672163838741,4.676678139202849,0.006985851563513279,0.04646034171323432
0,1973-03-07,126.94987150639791,4.722442200348411,0.0014408703427761793,0.04576406114556164
0,1973-03-08,127.89998623990628,4.7407588557848195,0.007484172470867634,0.018316655436408702
0,1973-03-09,126.34521466420631,4.770792231440743,-0.012156151235103607,0.030033375655923678
0,1973-03-12,126.30766652936417,4.857768823060093,-0.0002971868379972875,0.0869765916193499
0,1973-03-13,127.78973427238131,4.895268676603389,0.01173379085958004,0.03749985354329599
0,1973-03-14,126.60963710562979,4.8809657523377075,-0.00923467893153429,-0.014302924265681582
0,1973-03-15,125.67663777829468,4.819358243571543,-0.007369101978838444,-0.06160750876616472
0,1973-03-16,125.27882740058233,4.805953575901434,-0.0031653486657887697,-0.01340466767010895
0,1973-03-19,124.85259629905434,4.826834687404535,-0.0034022596664726734,0.020881111503101124
0,1973-03-20,125.8922689649067,4.83369511520141,0.008327201008796692,0.006860427796874902
0,1973-03-21,127.90261503314544,4.8500948308683345,0.01596878096461296,0.016399715666924664
0,1973-03-22,127.64884531922131,4.792773350992156,-0.0019840854220092297,-0.05732147987617875
0,1973-03-23,128.4455516073828,4.887428058645683,0.006241390481591225,0.09465470765352713
0,1973-03-26,128.92319714912523,4.930613086109106,0.0037186616100370884,0.0431850274634229
0,1973-03-27,128.40107175493395,4.9694522088355235,-0.004049894865602255,0.03883912272641776
0,1973-03-28,128.62132751841915,5.142556199222638,0.0017153732478618622,0.17310399038711477
0,1973-03-29,128.14388450988767,5.114771795673245,-0.0037120049819350243,-0.027784403549393488
0,1973-03-30,128.95847623496573,5.197641011423572,0.006356852129101753,0.08286921575032746
0,1973-04-02,128.50943153487654,5.281841656674155,-0.003482087515294552,0.0842006452505828
0,1973-04-03,128.16842157680153,5.258727266076256,-0.0026535792276263237,-0.023114390597899437
0,1973-04-04,126.38999661229057,5.293797449631242,-0.013875687494874,0.03507018355498648
0,1973-04-05,127.03403432415723,5.241922076771316,0.005095638334751129,-0.05187537285992594
0,1973-04-06,126.39845162093555,5.21422179264741,-0.005003247410058975,-0.027700284123906016
0,1973-04-09,127.90279593981424,5.176962017257015,0.011901604011654854,-0.037259775390395156
0,1973-04-10,127.58808226678354,5.147015503731632,-0.002460569143295288,-0.029946513525382912
0,1973-04-11,127.85253979701324,5.13474299440652,0.002072744769975543,-0.012272509325112146
0,1973-04-12,127.95529562846603,5.179020997139934,0.000803705828730017,0.04427800273341376
0,1973-04-13,126.82446024047405,5.175908653028293,-0.008837738074362278,-0.0031123441116402972
0,1973-04-16,126.1940766311706,5.1442628659163985,-0.004970520734786987,-0.03164578711189492
0,1973-04-17,126.87244092017089,5.222998689385528,0.005375563632696867,0.07873582346912933
0,1973-04-18,126.25377912924039,5.237235981021359,-0.004876250401139259,0.01423729163583154
0,1973-04-19,125.77939656351968,5.211178516778694,-0.003757373197004199,-0.026057464242665418
0,1973-04-23,125.82489696241474,5.194740024077076,0.00036174763226881623,-0.016438492701618124
0,1973-04-24,124.40522203257504,5.168018800718822,-0.011282941326498985,-0.026721223358253887
0,1973-04-25,126.48453568174828,5.156890830754096,0.01671403832733631,-0.011127969964725537
0,1973-04-26,128.05102197865568,5.196185018047263,0.012384804897010326,0.039294187293166694
0,1973-04-27,128.84048457299343,5.150093798164891,0.006165219005197287,-0.046091219882372414
0,1973-04-30,127.9756667579436,5.119254844516693,-0.006712314207106829,-0.030838953648197887
0,1973-05-01,129.85018481044946,5.249872403350597,0.01464745681732893,0.13061755883390447
0,1973-05-02,129.29934137848034,5.202430592265531,-0.004242145922034979,-0.047441811085065844
0,1973-05-03,128.7332325802204,5.214047863019648,-0.0043782806023955345,0.011617270754116227
0,1973-05-04,130.14782945190106,5.329908207021933,0.010988591238856316,0.11586034400228495
0,1973-05-07,130.27438030897864,5.374623248426019,0.0009723624098114669,0.04471504140408644
0,1973-05-08,130.7017683076354,5.329266123862865,0.0032806757371872663,-0.04535712456315366
0,1973-05-09,130.53329576245838,5.309510146974904,-0.0012889844365417957,-0.0197559768879616
0,1973-05-10,130.34080088758304,5.2536416427585095,-0.0014746802626177669,-0.05586850421639422
0,1973-05-11,130.10202871225547,5.236986655741602,-0.0018319066148251295,-0.016654987016907263
0,1973-05-14,128.9655975280328,5.229586786634308,-0.008734922856092453,-0.007399869107294066
0,1973-05-15,130.13460393315066,5.234486137394884,0.009064482524991035,0.004899350760576127
0,1973-05-16,130.8817159887594,5.213960448589199,0.005741071421653032,-0.020525688805685505
0,1973-05-17,131.74032888976495,5.27416526768134,0.006560220383107662,0.06020481909214137
0,1973-05-18,131.98813740262372,5.284610988246656,0.0018810376059263945,0.010445720565315675
0,1973-05-21,132.43942631960454,5.309143523271568,0.003419162705540657,0.02453253502491215
0,1973-05-22,132.06464930668358,5.316678181095433,-0.0028297994285821915,0.0075346578238653095
0,1973-05-23,132.74363785868346,5.295127529286104,0.005141334608197212,-0.02155065180932958
0,1973-05-24,130.23462096288785,5.307917004680864,-0.018901221454143524,0.012789475394760608
0,1973-05-25,128.88616088387312,5.3664443787783656,-0.01035408303141594,0.058527374097501195
0,1973-05-29,128.61110455901633,5.396647092128532,-0.002134102862328291,0.030202713350166555
0,1973-05-30,129.26943684732217,5.463536252855722,0.005118782632052898,0.06688916072718953
0,1973-05-31,129.66650775561092,5.537489926118259,0.003071653423830867,0.07395367326253766
0,1973-06-01,129.52305704354126,5.546880399842447,-0.0011063050478696823,0.009390473724187665
0,1973-06-04,129.57559145267726,5.578362725366989,0.0004055988974869251,0.031482325524542
0,1973-06-05,131.23890603967567,5.487910785440271,0.012836635112762451,-0.09045193992671763
0,1973-06-06,137.48906135868296,5.476170335917543,0.04762425646185875,-0.011740449522728014
0,1973-06-07,135.11601807108664,5.37630120078056,-0.0172598697245121,-0.09986913513698337
0,1973-06-08,132.85675937076184,5.344811087974401,-0.016720879822969437,-0.031490112806158876
0,1973-06-11,134.03388738823477,5.336941954368945,0.008860128931701183,-0.007869133605455936
0,1973-06-12,136.05906415982685,5.307233274285249,0.015109438449144363,-0.029708680083696315
0,1973-06-13,136.30185784898399,5.239867203691946,0.0017844727262854576,-0.06736607059330257
0,1973-06-14,136.55216761260363,5.266397844000739,0.0018364369170740247,0.02653064030879282
0,1973-06-15,135.82058636340054,5.239970779772482,-0.005357522051781416,-0.026427064228257358
0,1973-06-18,133.96965877697127,5.350444985423035,-0.013627739623188972,0.11047420565055344
0,1973-06-19,133.7161996027946,5.296374238298812,-0.0018919147551059723,-0.05407074712422322
0,1973-06-20,134.0839997847724,5.389513437764377,0.0027506030164659023,0.09313919946556481
0,1973-06-21,134.70254013568447,5.342629664931044,0.004613080993294716,-0.04688377283333267
0,1973-06-22,134.86730146146303,5.369706323072745,0.0012231493601575494,0.027076658141701238
0,1973-06-25,135.2881138830129,5.361326135915246,0.0031201960518956184,-0.008380187157499108
0,1973-06-26,135.65461891503233,5.368285334996251,0.0027090704534202814,0.006959199081005174
0,1973-06-27,134.52481219247576,5.458855261497435,-0.008328553289175034,0.09056992650118367
0,1973-06-28,134.6126656133555,5.499220932701489,0.0006530648097395897,0.040365671204053655
0,1973-06-29,135.88886232331154,5.498405708730422,0.009480509907007217,-0.0008152239710668141
0,1973-07-02,136.9392040934364,5.524701555257039,0.007729417644441128,0.026295846526616984
0,1973-07-03,135.45790508731778,5.56074047126277,-0.010817201808094978,0.03603891600573128
0,1973-07-05,136.06302207623224,5.673507912087991,0.0044671958312392235,0.11276744082522061
0,1973-07-06,136.8750419842132,5.719446432812559,0.005967969074845314,0.045938520724567944
0,1973-07-09,135.8401594846407,5.581194758271524,-0.007560783065855503,-0.13825167454103493
0,1973-07-10,134.2314171803059,5.562711710473194,-0.011842906475067139,-0.018483047798329544
0,1973-07-11,132.92495031928112,5.535874876296366,-0.009732943959534168,-0.02683683417682836
0,1973-07-12,132.53547334965387,5.580338811492058,-0.0029300516471266747,0.04446393519569192
0,1973-07-13,134.2904284444752,5.590315982206334,0.013241399079561234,0.009977170714276618
0,1973-07-16,134.07611376526947,5.684980804944154,-0.0015959043521434069,0.09466482273781995
0,1973-07-17,134.1322555607807,5.548505111507934,0.000418730778619647,-0.13647569343622035
0,1973-07-18,135.77324725469353,5.566799288958135,0.012234131805598736,0.018294177450201232
0,1973-07-19,136.90375810238908,5.541112941830441,0.008326462469995022,-0.02568634712769402
0,1973-07-20,136.78856950308366,5.521879998451303,-0.0008413837640546262,-0.019232943379138057
0,1973-07-23,137.88962784236696,5.517877229480232,0.008049344643950462,-0.004002768971071546
0,1973-07-24,139.4719185865105,5.467438844198565,0.011475052684545517,-0.050438385281666775
0,1973-07-25,140.87522031416492,5.489654889521311,0.010061535984277725,0.022216045322745792
0,1973-07-26,151.262413092813,5.7662420433423005,0.07373328506946564,0.27658715382098986
0,1973-07-27,153.34803160351842,5.716491790254448,0.013788081705570221,-0.049750253087852414
0,1973-07-30,150.37756471151485,5.681502745745374,-0.019370753318071365,-0.03498904450907414
0,1973-07-31,143.14909800828858,5.6006867611408175,-0.048068784177303314,-0.08081598460455641
0,1973-08-01,144.38181343830314,5.621439751706591,0.008611408993601799,0.02075299056577329
0,1973-08-02,145.61841372178105,5.656020578061767,0.008564792573451996,0.03458082635517634
0,1973-08-03,144.57546330734922,5.666141954780228,-0.0071622151881456375,0.010121376718460695
0,1973-08-06,148.9756336350073,5.770436344165714,0.03043511137366295,0.10429438938548596
0,1973-08-07,141.5037503495671,5.612819573762294,-0.050155069679021835,-0.15761677040342015
0,1973-08-08,133.40879914112165,5.367889692331994,-0.057206619530916214,-0.24492988143029937
0,1973-08-09,124.15095440227743,5.46552630881609,-0.0693945586681366,0.09763661648409538
0,1973-08-10,127.77778456924216,5.457337330723261,0.029213067144155502,-0.008188978092828592
0,1973-08-13,126.14015559038548,5.455100578490739,-0.012816226109862328,-0.0022367522325223987
0,1973-08-14,119.20496061213186,5.44730671096405,-0.0549800731241703,-0.007793867526689091
0,1973-08-15,115.75455205538275,5.4982940638396185,-0.02894517593085766,0.05098735287556888
0,1973-08-16,121.61290009953824,5.60584492393481,0.05061008781194687,0.10755086009519133
0,1973-08-17,121.96539314501072,5.6329672374672555,0.0028984840027987957,0.027122313532445652
0,1973-08-20,116.98444008856082,5.72143795744118,-0.040839068591594696,0.08847071997392408
0,1973-08-21,116.63495977262363,5.664734473055308,-0.002987408544868231,-0.05670348438587158
0,1973-08-22,117.09017072200423,5.688665541831219,0.0039028688333928585,0.023931068775911335
0,1973-08-23,120.57039276885129,5.804545244097333,0.029722580686211586,0.11587970226611333
0,1973-08-24,123.82989495998493,5.778796294735701,0.02703401818871498,-0.02574894936163208
0,1973-08-27,125.04364337316248,5.809572076861845,0.009801739826798439,0.030775782126144513
0,1973-08-28,127.65283840199146,5.829909708509394,0.0208662748336792,0.02033763164754898
0,1973-08-29,124.94127007597145,5.8988222273710855,-0.02124173939228058,0.06891251886169147
0,1973-08-30,123.81736397361153,5.978115924481805,-0.008995475247502327,0.07929369711071921
0,1973-08-31,125.27507243091989,5.980654893403388,0.01177305355668068,0.00253896892158334
0,1973-09-04,127.05678267058717,5.983906169522936,0.014222384430468082,0.00325127611954823
0,1973-09-05,124.10342522848431,5.965212200934429,-0.02324439026415348,-0.018693968588507026
0,1973-09-06,124.66125313470855,5.680015720482325,0.004494863096624613,-0.2851964804521039
0,1973-09-07,123.79128836274126,5.604681544351315,-0.0069786300882697105,-0.07533417613101001
0,1973-09-10,119.68609287801823,5.560699929718396,-0.033162232488393784,-0.043981614632919275
0,1973-09-11,121.28631687464221,5.617394433952083,0.013370174914598465,0.05669450423368705
0,1973-09-12,123.06117149038502,5.533838804738658,0.014633593149483204,-0.08355562921342496
0,1973-09-13,122.58648901896393,5.501400519273553,-0.0038572887424379587,-0.032438285465104855
0,1973-09-14,122.47143196063124,5.53158545778539,-0.0009385786252096295,0.030184938511836457
0,1973-09-17,120.66729101712171,5.554252669628839,-0.014731116592884064,0.022667211843448776
0,1973-09-18,119.6748041782881,5.5082161388002095,-0.008224986493587494,-0.04603653082862902
0,1973-09-19,118.26606770002691,5.5350867036704425,-0.01177137065678835,0.026870564870232982
0,1973-09-20,115.47759814586018,5.518116654391029,-0.023577934131026268,-0.016970049279413146
0,1973-09-21,115.33889029213181,5.525394163241545,-0.001201166771352291,0.0072775088505157015
0,1973-09-24,116.10830215005316,5.538254523797296,0.006670879665762186,0.012860360555751349
0,1973-09-25,114.81834806831621,5.649546007343571,-0.011109921149909496,0.1112914835462746
0,1973-09-26,114.60703674975885,5.49374557264644,-0.0018403967842459679,-0.1558004346971309
0,1973-09-27,113.2556378125967,5.474265140203763,-0.011791587807238102,-0.019480432442676943
0,1973-09-28,109.32059342565213,5.393111730225156,-0.03474479913711548,-0.0811534099786071
0,1973-10-01,108.73404689069592,5.4544220869115785,-0.005365380086004734,0.061310356686422374
0,1973-10-02,109.15058763912181,5.523427027656718,0.003830821719020605,0.06900494074513919
0,1973-10-03,112.29758584166424,5.674887776585989,0.028831711038947105,0.15146074892927164
0,1973-10-04,110.37989159064564,5.608852572154733,-0.017076896503567696,-0.06603520443125621
0,1973-10-05,112.47477489167328,5.5706882739939125,0.018978849053382874,-0.038164298160820564
0,1973-10-10,111.62592085683625,5.618181937255628,-0.007547061424702406,0.04749366326171511
0,1973-10-11,111.44039986666725,5.5715467331121085,-0.001661988440901041,-0.04663520414351918
0,1973-10-12,110.73566684361045,5.536468177299153,-0.006323855835944414,-0.03507855581295516
0,1973-10-15,110.41664730807884,5.497657719914524,-0.002880910411477089,-0.038810457384629515
0,1973-10-16,109.4986659796935,5.56653177828057,-0.008313794620335102,0.06887405836604632
0,1973-10-17,109.62836039953042,5.578278128340266,0.0011844383552670479,0.011746350059695487
0,1973-10-18,108.32100006037487,5.543048795259963,-0.011925384402275085,-0.03522933308030218
0,1973-10-19,108.53137728624085,5.490830341116185,0.0019421647302806377,-0.05221845414377846
0,1973-10-24,107.39692915172002,5.269643484122463,-0.01045272033661604,-0.22118685699372165
0,1973-10-25,109.23000739909455,5.304778795622773,0.017068255692720413,0.03513531150030946
0,1973-10-26,108.11113193141965,5.088586033131055,-0.010243297554552555,-0.21619276249171815
0,1973-10-29,107.06236108795065,5.023868626871636,-0.00970085896551609,-0.06471740625941891
0,1973-10-30,107.1901346573217,4.988488659377277,0.001193449948914349,-0.03537996749435912
0,1973-10-31,108.63988220991698,5.143438969247987,0.013525009155273438,0.1549503098707108
0,1973-11-01,107.49292407058608,5.164516035537136,-0.010557431727647781,0.021077066289148405
0,1973-11-02,106.95451907344933,5.1538714777070505,-0.0050087482668459415,-0.010644557830085333
0,1973-11-05,106.91313888915342,5.180146190418399,-0.00038689514622092247,0.026274712711348513
0,1973-11-08,104.90691954601921,5.131893850589573,-0.01876494660973549,-0.04825233982882615
0,1973-11-09,105.39786021362637,5.146177414340053,0.004679773934185505,0.0142835637504799
0,1973-11-12,105.16667574377617,5.0093760442440285,-0.002193445572629571,-0.13680137009602422
0,1973-11-13,102.96985953041572,4.9628046242826604,-0.020888900384306908,-0.046571419961368044
0,1973-11-14,104.29619583687098,5.00290738433172,0.012880820780992508,0.04010276004905933
0,1973-11-15,105.00020668733903,4.813654276659012,0.006750110536813736,-0.18925310767270798
0,1973-11-16,100.86802187844991,4.809894701839582,-0.03935406357049942,-0.0037595748194299006
0,1973-11-19,102.46018577466167,4.855332847956912,0.015784624963998795,0.04543814611732966
0,1973-11-20,102.29862658790172,4.779451743747491,-0.0015767996665090322,-0.07588110420942051
0,1973-11-21,102.39664437031878,4.823399836930811,0.0009581534541212022,0.04394809318332005
0,1973-11-23,102.44392788883069,4.808830294982147,0.00046176824253052473,-0.014569541948664444
0,1973-11-26,101.53597754423795,4.7540209842316346,-0.008862900547683239,-0.0548093107505121
0,1973-11-27,102.19566703805793,4.655546989663459,0.006497100926935673,-0.09847399456817563
0,1973-11-28,102.16735840858725,4.636238407185364,-0.0002770042046904564,-0.01930858247809475
0,1973-11-29,100.45765231339534,4.712770042633692,-0.016734367236495018,0.07653163544832786
0,1973-11-30,98.288403539035,4.677995267548905,-0.021593663841485977,-0.0347747750847871
0,1973-12-03,97.60665524342048,4.624817044149719,-0.006936202757060528,-0.05317822339918621
0,1973-12-04,97.42653351600599,4.614850388880332,-0.0018453836673870683,-0.00996665526938667
0,1973-12-05,98.38028715547094,4.648842648676707,0.009789464995265007,0.0339922597963751
0,1973-12-06,97.2569770187,4.6384064644455725,-0.011418040841817856,-0.010436184231134682
0,1973-12-07,100.01480118850758,4.699124217174299,0.028356054797768593,0.060717752728726815
0,1973-12-10,98.56663712997536,4.75537260937409,-0.014479497447609901,0.05624839219979094
0,1973-12-11,98.01483821306928,4.731283552099377,-0.00559823215007782,-0.024089057274713
0,1973-12-12,99.11886238884153,4.762981213315125,0.011263847351074219,0.03169766121574735
0,1973-12-13,99.62504852660646,4.7354429965739016,0.005106859840452671,-0.02753821674122303
0,1973-12-14,101.90327339115065,4.805672205805062,0.022867992520332336,0.07022920923116072
0,1973-12-17,101.90778180008759,4.8330823435397665,4.4242042349651456e-05,0.027410137734704243
0,1973-12-18,103.82679316532092,4.760183171465604,0.018830861896276474,-0.07289917207416252
0,1973-12-19,103.58898267216406,4.784090100488217,-0.0022904539946466684,0.02390692902261282
0,1973-12-20,104.05433426312545,4.811644373282423,0.004492288455367088,0.02755427279420619
0,1973-12-21,104.7308958023141,4.74343887020018,0.006502002477645874,-0.06820550308224327
0,1973-12-27,104.32362484979268,4.745851712467758,-0.0038887374103069305,0.002412842267577986
0,1973-12-28,105.3866061047949,4.7664845382173615,0.010189266875386238,0.02063282574960379
0,1973-12-31,103.07703076487446,4.693850245919014,-0.021915264427661896,-0.07263429229834717
0,1974-01-02,104.74681227598747,4.870971801126511,0.016199355944991112,0.1771215552074965
0,1974-01-03,106.0375383226977,4.925354259515705,0.01232234202325344,0.05438245838919453
0,1974-01-04,106.60548572657136,5.003376193716937,0.0053560975939035416,0.0780219342012316
0,1974-01-07,107.21806745363824,5.004197376095967,0.005746249575167894,0.000821182379030283
0,1974-01-08,108.84515313433027,5.014272785659778,0.015175480395555496,0.010075409563810922
0,1974-01-09,110.45475403298234,5.085735670498138,0.014787988737225533,0.07146288483835939
0,1974-01-10,109.58451176643482,5.112575024017501,-0.007878721691668034,0.02683935351936384
0,1974-01-11,107.6178924802035,5.156376487671953,-0.017946142703294754,0.04380146365445192
0,1974-01-14,108.36822482307231,5.138845772966798,0.006972189527004957,-0.017530714705155326
0,1974-01-15,109.03988302411045,5.190923938082116,0.00619792565703392,0.05207816511531771
0,1974-01-16,108.76650272315267,5.214550318472357,-0.002507158787921071,0.02362638039024123
0,1974-01-17,108.30193205262478,5.100855423143314,-0.004271266050636768,-0.11369489532904264
0,1974-01-18,108.9951467557355,5.069719634920237,0.006400760263204575,-0.031135788223076943
0,1974-01-21,108.93998891665558,4.990595264576076,-0.0005060577532276511,-0.07912437034416175
0,1974-01-22,110.12994661027385,5.063760280441801,0.010923056863248348,0.0731650158657251
0,1974-01-23,109.40656084279304,5.026791964339624,-0.006568474695086479,-0.036968316102176324
0,1974-01-24,108.29714592365325,5.025207517934312,-0.010140296071767807,-0.0015844464053120788
0,1974-01-25,108.17920909332153,5.003817784520596,-0.0010890114353969693,-0.021389733413716527
0,1974-01-28,107.00284959330254,5.001112132851107,-0.010874173603951931,-0.0027056516694887733
0,1974-01-29,107.2871607710496,5.2006805117494554,0.0026570430491119623,0.19956837889834844
0,1974-01-30,107.26120999496906,5.244567373788328,-0.0002418814692646265,0.04388686203887282
0,1974-01-31,104.58819613524379,5.301916640435881,-0.024920601397752762,0.057349266647552355
0,1974-02-01,104.65426110560561,5.35407560911401,0.0006316675571724772,0.05215896867812919
0,1974-02-04,102.6418995563658,5.308893826203752,-0.01922866329550743,-0.04518178291025787
0,1974-02-05,103.03879531235575,5.3100210579952005,0.0038668005727231503,0.0011272317914485797
0,1974-02-06,101.39082551767679,5.265364594326264,-0.01599368266761303,-0.04465646366893683
0,1974-02-07,102.27745313608483,5.13690943380105,0.008744653314352036,-0.12845516052521333
0,1974-02-08,102.71547039221555,5.111590451773386,0.004282637499272823,-0.025318982027664028
0,1974-02-11,105.229141758558,5.138270204780491,0.024472178891301155,0.026679753007104345
0,1974-02-14,104.25443131761739,5.068288956256741,-0.009262742474675179,-0.06998124852374943
0,1974-02-15,103.80539248432362,5.06749418173489,-0.004307143855839968,-0.0007947745218510605
0,1974-02-19,106.18261526905927,5.112990730472151,0.022900763899087906,0.045496548737260945
0,1974-02-20,105.89289917439046,5.124539775573596,-0.0027284701354801655,0.011549045101444833
0,1974-02-21,107.36660010330294,5.287030882040333,0.013916900381445885,0.16249110646673692
0,1974-02-22,108.40023450739248,5.212592644664072,0.009627150371670723,-0.07443823737626065
0,1974-02-25,109.76460280572519,5.219400603425172,0.012586396187543869,0.006807958761100075
0,1974-02-26,111.6694352725306,5.267499295896022,0.01735379546880722,0.04809869247084997
0,1974-02-27,111.52498529912314,5.248328457332555,-0.0012935497798025608,-0.019170838563467463
0,1974-02-28,112.45781801931842,5.287137820888242,0.008364338427782059,0.038809363555687426
0,1974-03-01,113.85626286951573,5.294273647657099,0.01243528351187706,0.007135826768856823
0,1974-03-04,114.01105803949423,5.25978284359812,0.001359566580504179,-0.03449080405897931
0,1974-03-05,112.01025560635556,5.274968205371143,-0.017549196258187294,0.015185361773022876
0,1974-03-06,109.68217458278886,5.306239536964888,-0.020784534513950348,0.03127133159374562
0,1974-03-07,109.62181952113946,5.265531116106283,-0.000550272292457521,-0.040708420858605265
0,1974-03-08,109.67614311039678,5.27990780790595,0.0004955545300617814,0.01437669179966683
0,1974-03-11,110.62961587326382,5.351932333334763,0.008693529292941093,0.07202452542881321
0,1974-03-12,109.74439849545615,5.412989196173114,-0.008001631125807762,0.06105686283835077
0,1974-03-13,110.54178299026904,5.429041055061715,0.007265833206474781,0.016051858888601167
0,1974-03-14,109.43740364230878,5.419703847589234,-0.009990605525672436,-0.009337207472481346
0,1974-03-15,111.32165703486997,5.4136911966280845,0.017217636108398438,-0.006012650961149113
0,1974-03-18,112.70974773944192,5.531023316320545,0.012469188310205936,0.1173321196924606
0,1974-03-19,111.45271970503303,5.460853442706452,-0.011152788996696472,-0.07016987361409299
0,1974-03-20,111.59198764667393,5.440006023717462,0.0012495697010308504,-0.020847418988990007
0,1974-03-21,112.61227698343372,5.435355673784032,0.009143033996224403,-0.004650349933430498
0,1974-03-22,111.90450529488768,5.399836941598898,-0.006285031326115131,-0.03551873218513357
0,1974-03-25,112.55344323782259,5.42217847747846,0.005799033213406801,0.022341535879562002
0,1974-03-26,111.49429778569989,5.253579614244167,-0.009410155937075615,-0.16859886323429318
0,1974-03-27,110.6653525782912,5.263734893672895,-0.007434866391122341,0.010155279428728292
0,1974-03-28,109.2265713509055,5.288265666675725,-0.013001189567148685,0.02453077300283013
0,1974-03-29,108.54967949570802,5.270479804635639,-0.006197135429829359,-0.017785862040086364
0,1974-04-01,109.20675858149865,5.288036399471291,0.006053256802260876,0.01755659483565175
0,1974-04-02,108.44203765675655,5.282543901061342,-0.007002505473792553,-0.005492498409948254
0,1974-04-03,108.62199191028634,5.2776648643317134,0.0016594510525465012,-0.004879036729628972
0,1974-04-04,107.87562370675201,5.30986728486177,-0.006871243938803673,0.03220242053005684
0,1974-04-05,104.84254817614648,5.254754793388713,-0.028116412460803986,-0.05511249147305719
0,1974-04-08,103.96665868970965,5.241789409943832,-0.00835433229804039,-0.012965383444881518
0,1974-04-09,103.99153969216229,5.20919244840146,0.0002393171307630837,-0.032596961542371794
0,1974-04-10,104.12054418906214,5.2023405866111485,0.0012405287707224488,-0.0068518617903112755
0,1974-04-11,105.67581839400002,5.213036306161858,0.014937246218323708,0.010695719550709804
0,1974-04-15,104.34550644075507,5.2488038963652235,-0.012588612735271454,0.035767590203365174
0,1974-04-16,105.63064471564742,5.234136395992853,0.012316182255744934,-0.014667500372370412
0,1974-04-17,106.21667486169528,5.247728434803215,0.005547917913645506,0.013592038810362084
0,1974-04-18,107.2894023989917,5.2267391420927645,0.010099426843225956,-0.02098929271045069
0,1974-04-19,106.75466689656324,5.301456282260083,-0.00498404772952199,0.07471714016731834
0,1974-04-22,107.62074917368734,5.289160611343213,0.008112828247249126,-0.012295670916869561
0,1974-04-23,107.49466350246688,5.216082730685665,-0.0011715739965438843,-0.07307788065754828
0,1974-04-24,108.15402987694623,5.073957032616616,0.006133945193141699,-0.14212569806904884
0,1974-04-25,108.35706000603182,5.080536058708237,0.001877231290563941,0.006579026091620754
0,1974-04-26,107.38265161082887,5.098800541432253,-0.008992569521069527,0.018264482724015707
0,1974-04-29,106.2398669800319,5.121572355853759,-0.01064217183738947,0.022771814421506775
0,1974-04-30,108.97479554442042,5.135591057271845,0.02574295923113823,0.014018701418085477
0,1974-05-01,109.31935277364563,5.130172188049664,0.0031618066132068634,-0.005418869222181044
0,1974-05-02,109.41809366017168,5.088587199112944,0.0009032333618961275,-0.04158498893671947
0,1974-05-03,109.86680985182373,5.021878544037456,0.004100932274013758,-0.06670865507548829
0,1974-05-06,111.02930696108452,5.041438086610718,0.010580967180430889,0.01955954257326198
0,1974-05-07,110.2063357024223,5.006825280561805,-0.007412198465317488,-0.034612806048913036
0,1974-05-08,110.42142555736595,4.984090395558212,0.0019517013570293784,-0.022734885003592886
0,1974-05-09,110.35593495960072,4.995458550942767,-0.0005930968327447772,0.011368155384555045
0,1974-05-10,111.37661390535376,5.004048623341092,0.009248971939086914,0.008590072398324544
0,1974-05-13,110.79555304438642,4.968275811269033,-0.005217081401497126,-0.03577281207205907
0,1974-05-14,110.0679997733305,5.043179111743454,-0.006566628813743591,0.07490330047442129
0,1974-05-15,109.5870943362218,5.035747599702155,-0.0043691666796803474,-0.00743151204129866
0,1974-05-16,108.16671179572324,5.106744674797187,-0.012961220927536488,0.07099707509503173
0,1974-05-17,108.53929629443904,5.136305363699674,0.0034445393830537796,0.029560688902487087
0,1974-05-20,108.24258813392012,5.148503211195061,-0.002733647357672453,0.012197847495387215
0,1974-05-21,108.27488927867824,5.223837948721288,0.0002984143793582916,0.07533473752622655
0,1974-05-22,106.39713660787177,5.311551772996326,-0.01734245754778385,0.08771382427503838
0,1974-05-23,107.16826859639495,5.427741872769978,0.007247676141560078,0.11619009977365202
0,1974-05-24,107.6916276110033,5.466902297525176,0.0048835258930921555,0.03916042475519799
0,1974-05-28,108.41765945259333,5.4176788592918115,0.006741766817867756,-0.049223438233364725
0,1974-05-29,108.3001070068388,5.4672634915181755,-0.0010842555202543736,0.049584632226364
0,1974-05-30,108.6996076348297,5.528396011725721,0.0036888294853270054,0.06113252020754523
0,1974-05-31,107.85151453842693,5.533882601537016,-0.007802172563970089,0.005486589811295239
0,1974-06-03,105.04113468355717,5.615464335254542,-0.026057861745357513,0.08158173371752575
0,1974-06-04,104.60849461591029,5.711116556671143,-0.004118768032640219,0.0956522214166009
0,1974-06-05,104.9694103097959,5.785391561803146,0.003450156655162573,0.07427500513200336
0,1974-06-06,105.39299357823766,5.7254048412727965,0.004035301972180605,-0.05998672053034948
0,1974-06-07,105.09239523323768,5.686432327245105,-0.0028521663043648005,-0.03897251402769175
0,1974-06-10,105.20043291002695,5.633592654617202,0.001028025639243424,-0.052839672627902345
0,1974-06-11,104.9172562209619,5.665539816741246,-0.002691782545298338,0.03194716212404369
0,1974-06-12,105.12901290565277,5.481909287907883,0.0020183208398520947,-0.18363052883336284
0,1974-06-13,105.09747420946204,5.498801111553331,-0.000299999926937744,0.016891823645448056
0,1974-06-14,104.71572639554469,5.429797187615846,-0.0036323214881122112,-0.06900392393748511
0,1974-06-17,103.16077617886522,5.445806959256143,-0.014849252067506313,0.016009771640296933
0,1974-06-18,103.41382229043215,5.392912717693161,0.0024529295042157173,-0.05289424156298228
0,1974-06-19,103.28097611150758,5.391601950577022,-0.0012846075696870685,-0.0013107671161387557
0,1974-06-20,103.71574909535394,5.359470181058818,0.004209613427519798,-0.0321317695182044
0,1974-06-21,103.75765885686025,5.281395763235811,0.0004040829080622643,-0.07807441782300639
0,1974-06-24,102.6172423282985,5.222488122878571,-0.010991155169904232,-0.05890764035724061
0,1974-06-25,102.97143793436621,5.139529019860941,0.003451618831604719,-0.08295910301762977
0,1974-06-26,101.18376766016159,5.1314970681391054,-0.017360836267471313,-0.008031951721835462
0,1974-06-27,101.85863611269784,5.036074165996718,0.0066697304137051105,-0.09542290214238758
0,1974-06-28,102.32721682206348,5.078141767015083,0.004600304178893566,0.04206760101836515
0,1974-07-01,101.3360263498889,5.0913929932128275,-0.009686479344964027,0.013251226197744437
0,1974-07-02,100.7459099221169,5.099720981444593,-0.005823362618684769,0.008327988231765282
0,1974-07-03,101.42432326763645,5.031225582076917,0.006733904592692852,-0.06849539936767535
0,1974-07-05,101.20203140883972,5.0415622984799615,-0.0021917016711086035,0.010336716403044122
0,1974-07-08,100.46850336780206,4.983789112227561,-0.007248155307024717,-0.057773186252400244
0,1974-07-09,99.73215153822909,4.975219258668888,-0.007329180836677551,-0.008569853558673124
0,1974-07-10,100.50899623673976,4.99922032683673,0.007789310533553362,0.0240010681678422
0,1974-07-11,100.49049991909276,5.010520001097308,-0.0001840264885686338,0.01129967426057732
0,1974-07-12,100.02012658227575,4.953145487067051,-0.004680774174630642,-0.05737451403025684
0,1974-07-15,100.64687656359749,4.981147039083121,0.006266238633543253,0.02800155201606991
0,1974-07-16,100.93675766329362,5.048963331414322,0.002880179788917303,0.06781629233120157
0,1974-07-17,101.08504255072985,5.0776724167918195,0.0014690870884805918,0.028709085377497168
0,1974-07-18,101.70912427915376,5.082168728405872,0.006173828616738319,0.004496311614052395
0,1974-07-19,101.32115332678164,5.096118956077206,-0.0038145147264003754,0.01395022767133458
0,1974-07-22,100.32437545387718,5.126697780687044,-0.009837806224822998,0.03057882460983752
0,1974-07-23,99.37298386490235,5.062465045971763,-0.009483154863119125,-0.06423273471528113
0,1974-07-24,99.84375824960075,5.000997636600984,0.004737448412925005,-0.06146740937077855
0,1974-07-25,98.77140180556245,4.948138096123111,-0.01074034534394741,-0.05285954047787289
0,1974-07-26,99.8654812918672,4.979348831507054,0.011076885275542736,0.03121073538394281
0,1974-07-29,99.04322567329707,4.960663297120174,-0.00823363196104765,-0.018685534386880143
0,1974-07-30,97.95745497202701,4.975575869997738,-0.0109625943005085,0.014912572877563868
0,1974-07-31,98.66960976950557,4.99580036918227,0.007270041853189468,0.02022449918453173
0,1974-08-01,98.82705619236998,5.015672780367719,0.0015956931747496128,0.01987241118544958
0,1974-08-02,98.27123865587727,5.010851030395818,-0.005624143406748772,-0.0048217499719012125
0,1974-08-05,98.13472820367645,5.066805109876903,-0.0013891190756112337,0.05595407948108466
0,1974-08-06,97.9677120435007,5.0900181645490505,-0.0017019067890942097,0.023213054672147848
0,1974-08-07,97.17689778560406,5.073784134852958,-0.008072192780673504,-0.016234029696092556
0,1974-08-08,98.26262418585969,5.076920260172282,0.01117268018424511,0.003136125319324279
0,1974-08-09,97.71888547334619,5.07202465843703,-0.005533525254577398,-0.004895601735252164
0,1974-08-12,97.50627918465042,5.006082420037571,-0.0021756929345428944,-0.06594223839945901
0,1974-08-13,98.47695175497131,5.042986376416163,0.009954974986612797,0.03690395637859201
0,1974-08-14,98.8949444063143,4.87913153459911,0.004244573414325714,-0.16385484181705312
0,1974-08-15,99.10213611930423,4.646890150452086,0.0020950688049197197,-0.23224138414702367
0,1974-08-16,97.57739935797676,4.666991610049035,-0.01538550853729248,0.020101459596948423
0,1974-08-19,97.96971833395271,4.579059148275955,0.004020592663437128,-0.08793246177307967
0,1974-08-20,97.70586749569577,4.574058477630002,-0.002693187678232789,-0.005000670645952887
0,1974-08-21,98.76846208808062,4.524285630546523,0.010875442996621132,-0.049772847083478844
0,1974-08-22,99.13645472446949,4.4070249078264645,0.0037258111406117678,-0.11726072272005883
0,1974-08-23,99.28089125668002,4.476074186439674,0.0014569467166438699,0.06904927861320953
0,1974-08-26,100.1382758194195,4.394122483804459,0.008635947480797768,-0.081951702635215
0,1974-08-27,100.93423862458185,4.429340830682521,0.007948637008666992,0.0352183468780618
0,1974-08-28,101.9600094003427,4.499996056488487,0.01016276329755783,0.07065522580596628
0,1974-08-29,101.82285600067452,4.545539087496633,-0.0013451685663312674,0.04554303100814572
0,1974-08-30,102.35822222693126,4.468347568188177,0.005257819779217243,-0.0771915193084558
0,1974-09-03,101.78609560776546,4.584534920508166,-0.005589454434812069,0.11618735231998922
0,1974-09-04,101.98539069827632,4.614417208125386,0.001957979518920183,0.02988228761721956
0,1974-09-05,101.23640941486956,4.506111264580563,-0.0073440056294202805,-0.10830594354482237
0,1974-09-06,100.26607251502175,4.450895603629803,-0.009584860876202583,-0.05521566095076036
0,1974-09-09,99.63277658027015,4.425768927372475,-0.006316153798252344,-0.025126676257327674
0,1974-09-10,99.42961187838164,4.50074206140913,-0.0020391352009028196,0.07497313403665462
0,1974-09-11,98.71267775684015,4.487854933437125,-0.007210468873381615,-0.012887127972004642
0,1974-09-12,98.08944432628968,4.496845313838203,-0.006313610821962357,0.00899038040107758
0,1974-09-13,98.03038326865544,4.479388164294498,-0.0006021143053658307,-0.01745714954370481
0,1974-09-16,97.88579839936489,4.4621005368352336,-0.0014748985413461924,-0.0172876274592646
0,1974-09-17,97.51272597913653,4.387601640983203,-0.0038113028276711702,-0.07449889585203096
0,1974-09-18,97.94388063351177,4.3861116697223395,0.004421521909534931,-0.0014899712608631432
0,1974-09-19,97.36540648892996,4.428754450583526,-0.0059061795473098755,0.042642780861186225
0,1974-09-20,96.77614343356558,4.5762411919932715,-0.0060520782135427,0.14748674140974583
0,1974-09-23,97.55401179784405,4.5823501570618435,0.008037811145186424,0.006108965068571948
0,1974-09-24,96.50929854386091,4.5814261780851835,-0.010709075257182121,-0.0009239789766599671
0,1974-09-25,95.74741108430247,4.611870948772858,-0.007894446142017841,0.030444770687674705
0,1974-09-26,95.35562690494214,4.662527858655361,-0.0040918514132499695,0.05065690988250271
0,1974-09-27,96.4075725259458,4.694634683557685,0.011031814850866795,0.03210682490232397
0,1974-09-30,95.37468800280611,4.776600386600891,-0.0107137281447649,0.08196570304320616
0,1974-10-01,96.89486222964574,4.776971235428221,0.01593896932899952,0.0003708488273304056
0,1974-10-02,96.21200362965381,4.782467683956065,-0.007047418039292097,0.005496448527843256
0,1974-10-03,97.91985366627192,4.785154971169235,0.017750903964042664,0.002687287213170464
0,1974-10-04,99.06738314010336,4.7961076777901,0.011719068512320518,0.01095270662086456
0,1974-10-07,99.00857733165698,4.803810908787061,-0.0005935940425843,0.007703230996961352
0,1974-10-08,98.29193903235343,4.771372436551957,-0.007238143589347601,-0.03243847223510432
0,1974-10-09,99.15672061415569,4.7790761333192,0.008798092603683472,0.007703696767243251
0,1974-10-10,98.85563977858419,4.796094934884503,-0.0030364138074219227,0.01701880156530322
0,1974-10-11,98.87816907563415,4.801301614819943,0.00022790097864344716,0.005206679935439773
0,1974-10-16,100.1419664770975,4.874121631316354,0.012781359255313873,0.07282001649641057
0,1974-10-17,101.16442061590355,4.957161186027193,0.010210046544671059,0.08303955471083935
0,1974-10-18,101.73677685143728,4.941744800718235,0.005657683126628399,-0.01541638530895817
0,1974-10-21,102.57012986249158,5.011209289647272,0.008191266097128391,0.06946448892903767
0,1974-10-22,102.68835434815139,4.9844881205817115,0.0011526210000738502,-0.02672116906556088
0,1974-10-23,102.69240799881695,5.003583411951611,3.9475271478295326e-05,0.019095291369899847
0,1974-10-24,103.32621219563113,5.024060544995813,0.006171870045363903,0.020477133044201956
0,1974-10-25,102.96829069489691,5.139901641007037,-0.0034639951772987843,0.1158410960112235
0,1974-10-28,102.51510085365466,5.162640658272942,-0.004401256330311298,0.02273901726590477
0,1974-10-29,103.78050686562054,5.245855902263436,0.012343605980277061,0.08321524399049451
0,1974-10-30,102.7734845852088,5.16149910197458,-0.009703385643661022,-0.08435680028885617
0,1974-10-31,101.9652604739556,5.15876822837144,-0.007864130660891533,-0.0027308736031397274
0,1974-11-01,100.89326975799028,5.193355554020814,-0.01051329355686903,0.03458732564937339
0,1974-11-04,100.3609432291078,5.14953905641301,-0.005276135168969631,-0.043816497607803484
0,1974-11-07,99.89030757574373,5.34374093253402,-0.0046894303523004055,0.19420187612101003
0,1974-11-08,101.22474702971851,5.305785730586824,0.013359048403799534,-0.03795520194719604
0,1974-11-13,101.61920489005,5.321945537044198,0.003896852023899555,0.016159806457373804
0,1974-11-14,101.62653593749367,5.3776716259324795,7.214234210550785e-05,0.055726088888281566
0,1974-11-15,101.77512697808254,5.431627512060237,0.0014621283626183867,0.05395588612775715
0,1974-11-18,103.32722213659093,5.421371762090362,0.015250240452587605,-0.01025574996987455
0,1974-11-19,103.8388658208821,5.418987865972399,0.004951683338731527,-0.002383896117962969
0,1974-11-20,105.77499656754365,5.257363940558957,0.018645530566573143,-0.1616239254134424
0,1974-11-21,108.2349858028939,5.219813414639961,0.023256812244653702,-0.03755052591899588
0,1974-11-22,108.79920101150007,5.379816730546891,0.005212872754782438,0.1600033159069305
0,1974-11-25,109.526294712094,5.408172550747419,0.006682895589619875,0.028355820200527404
0,1974-11-26,110.44099501002076,5.36049975348876,0.008351421914994717,-0.047672797258658584
0,1974-11-27,108.62623492130274,5.398051759988136,-0.016431942582130432,0.037552006499375956
0,1974-11-29,108.54199285162716,5.418777118692093,-0.0007755223195999861,0.020725358703956864
0,1974-12-02,108.7223880352923,5.526027736539954,0.0016619851812720299,0.10725061784786138
0,1974-12-03,109.56756196534587,5.56659757807555,0.0077736880630254745,0.04056984153559551
0,1974-12-04,108.46492154474025,5.546845679171004,-0.010063566267490387,-0.01975189890454576
0,1974-12-05,109.48740377588398,5.580530501215545,0.009426847100257874,0.03368482204454093
0,1974-12-06,109.2048099444495,5.581587988078955,-0.0025810624938458204,0.0010574868634103396
0,1974-12-09,109.23326669711226,5.644029240149307,0.0002605814952403307,0.062441252070351894
0,1974-12-10,108.50855605928527,5.6335803748173205,-0.006634523160755634,-0.010448865331986745
0,1974-12-11,107.30119583494451,5.527004333663356,-0.011126866564154625,-0.10657604115396424
0,1974-12-12,107.13682509037173,5.583450898091941,-0.0015318631194531918,0.05644656442858498
0,1974-12-13,107.67934925000408,5.559068427268845,0.005063843913376331,-0.024382470823096192
0,1974-12-16,107.3689030852685,5.81983034696318,-0.0028830613009631634,0.2607619196943345
0,1974-12-17,106.54088359887687,5.805530624737455,-0.007711911574006081,-0.014299722225724842
0,1974-12-18,106.6843527940028,5.795502933278839,0.001346611650660634,-0.010027691458615706
0,1974-12-19,106.67609502378423,5.896926438981502,-7.740376167930663e-05,0.10142350570266334
0,1974-12-20,107.59404337826817,5.893612590794702,0.008605005219578743,-0.00331384818680025
0,1974-12-23,106.591783930479,5.97031773398155,-0.009315194562077522,0.07670514318684774
0,1974-12-24,106.43527958159403,6.03316070843976,-0.0014682590262964368,0.06284297445820997
0,1974-12-26,105.56593596561392,5.871620421271529,-0.008167814463376999,-0.161540287168231
0,1974-12-27,106.7829782614641,5.985015665709863,0.011528740637004375,0.11339524443833415
0,1974-12-30,105.54981139190906,5.977549818308981,-0.01154834683984518,-0.007465847400881742
0,1974-12-31,105.67033009181498,5.9491168638695555,0.0011418182402849197,-0.02843295443942573
0,1975-01-02,105.34408066143774,5.999499805017455,-0.0030874270014464855,0.050382941147899096
0,1975-01-03,104.30866089267269,6.098784317362927,-0.009828931652009487,0.09928451234547264
0,1975-01-06,104.498417569128,6.036250620687229,0.0018191842827945948,-0.06253369667569864
0,1975-01-07,105.41110479290369,6.078686734609878,0.008733981288969517,0.042436113922649454
0,1975-01-08,105.8116670469568,6.034004622138027,0.0038000005297362804,-0.044682112471851276
0,1975-01-09,108.16934829133425,6.045928696098116,0.022281864657998085,0.01192407396008921
0,1975-01-10,107.77774330597946,5.946539708044422,-0.0036202953197062016,-0.09938898805369423
0,1975-01-13,108.7408204334243,5.917642456710828,0.008935770019888878,-0.028897251333593665
0,1975-01-14,110.69743304203952,5.817429850316107,0.01799335889518261,-0.10021260639472107
0,1975-01-15,110.84953070768839,5.758262146093806,0.0013739945134148002,-0.05916770422230133
0,1975-01-16,111.79854804639054,5.791629920304007,0.008561311289668083,0.033367774210200984
0,1975-01-17,112.95176569646185,5.720457270648802,0.010315139777958393,-0.07117264965520498
0,1975-01-20,114.8133602492655,5.7442429877334025,0.016481323167681694,0.023785717084600755
0,1975-01-21,114.72080127049769,5.7164979937921165,-0.0008061690605245531,-0.027744993941285934
0,1975-01-22,112.1705957602146,5.701181090008352,-0.022229669615626335,-0.015316903783764602
0,1975-01-23,115.07851390605369,5.712045675904905,0.025924067944288254,0.010864585896553258
0,1975-01-24,113.52367329134594,5.854901998045556,-0.013511128723621368,0.14285632214065114
0,1975-01-27,115.26114120446634,5.909905612512861,0.015304895117878914,0.05500361446730473
0,1975-01-28,115.45027859615304,6.025188210176149,0.001640946720726788,0.1152825976632883
0,1975-01-29,115.87553243872819,6.0666217362949775,0.0036834371276199818,0.04143352611882811
0,1975-01-30,115.74530086519101,6.089392321007401,-0.0011238919105380774,0.02277058471242377
0,1975-01-31,115.97881093214475,6.1348609546079444,0.002017447492107749,0.04546863360054321
0,1975-02-03,116.0602779856164,6.104759261762093,0.0007024304941296577,-0.03010169284585107
0,1975-02-04,118.33480285650553,6.06551348176766,0.019597789272665977,-0.03924577999443368
0,1975-02-05,117.81983215764053,6.0825576569858155,-0.004351811017841101,0.01704417521815582
0,1975-02-06,117.64265326262905,6.048343984956559,-0.0015038121491670609,-0.034213672029256514
0,1975-02-07,117.18459946259371,6.093959988272425,-0.003893603105098009,0.04561600331586568
0,1975-02-10,118.19652857028012,6.1420935192723185,0.008635342121124268,0.048133530999893814
0,1975-02-11,119.54167177806185,6.089324412236129,0.011380564421415329,-0.05276910703618931
0,1975-02-14,118.88462288447451,6.0409427287127775,-0.005496400408446789,-0.048381683523351704
0,1975-02-18,118.25723026598945,6.010315973552565,-0.0052773235365748405,-0.030626755160212404
0,1975-02-19,116.29715926739053,6.0764527365774414,-0.016574639827013016,0.06613676302487637
0,1975-02-20,115.37663687478965,6.082378575463716,-0.007915261201560497,0.005925838886274626
0,1975-02-21,114.13075580984922,6.088470922100137,-0.010798382572829723,0.006092346636420665
0,1975-02-24,113.75191454876295,6.113624431212904,-0.003319361712783575,0.02515350911276748
0,1975-02-25,111.33307711473941,6.15836438713345,-0.021264147013425827,0.04473995592054614
0,1975-02-26,110.86803611417469,6.306807525859416,-0.0041770245879888535,0.14844313872596526
0,1975-02-27,109.40165244925784,6.3078226281351535,-0.013226388022303581,0.001015102275737867
0,1975-02-28,109.2164393649876,6.353381515594927,-0.0016929642297327518,0.04555888745977388
0,1975-03-03,109.56778794372336,6.403194752692731,0.0032169935293495655,0.04981323709780394
0,1975-03-04,107.71182273042466,6.414508710401959,-0.016938967630267143,0.011313957709227829
0,1975-03-05,106.30465242488336,6.452279373447151,-0.013064214028418064,0.037770663045192165
0,1975-03-06,107.17993907522256,6.42611409480853,0.008233756758272648,-0.02616527863862128
0,1975-03-07,107.01685455999551,6.4549168178709095,-0.0015215955208986998,0.02880272306237952
0,1975-03-10,106.74056683101169,6.589441251516888,-0.0025817216373980045,0.13452443364597855
0,1975-03-11,107.19172335084495,6.517079741602053,0.0042266640812158585,-0.0723615099148347
0,1975-03-12,108.43061623860424,6.316203013743717,0.011557728983461857,-0.20087672785833632
0,1975-03-13,108.63589096960186,6.405575562865148,0.0018931436352431774,0.089372549121431
0,1975-03-14,109.30176833882614,6.430962388698934,0.006129441782832146,0.025386825833786375
0,1975-03-17,108.53430609634182,6.479756325933116,-0.007021498866379261,0.048793937234181683
0,1975-03-18,108.14179314864111,6.420106474311836,-0.0036164873745292425,-0.05964985162128045
0,1975-03-19,107.12744713018444,6.431167183797802,-0.009379778057336807,0.011060709485966491
0,1975-03-20,107.12999726922007,6.530137706065526,2.3804721422493458e-05,0.09897052226772374
0,1975-03-21,106.79615181478182,6.481749472889218,-0.0031162649393081665,-0.04838823317630769
0,1975-03-24,107.6262324810518,6.4883706532906595,0.007772570941597223,0.006621180401441329
0,1975-03-25,108.39686156879603,6.5099615448044625,0.007160234730690718,0.021590891513803
0,1975-03-26,109.18575277825416,6.50718718679096,0.007277804892510176,-0.002774358013502898
0,1975-03-27,110.60793734842308,6.488873806740375,0.013025367632508278,-0.018313380050584804
0,1975-03-31,110.81872005727489,6.605110358564563,0.001905674347653985,0.1162365518241879
0,1975-04-01,110.63129082566705,6.5497483599849415,-0.0016913138097152114,-0.05536199857962121
0,1975-04-02,110.89276844296015,6.525334104702295,0.0023635050747543573,-0.024414255282646735
0,1975-04-03,110.94049970039597,6.680421684068765,0.000430427142418921,0.15508757936647033
0,1975-04-04,109.04501276744531,6.764882629963935,-0.017085617408156395,0.08446094589517017
0,1975-04-07,109.14999012155467,6.676025728212322,0.0009626974351704121,-0.08885690175161365
0,1975-04-08,110.27286830542779,6.683370955004176,0.010287478566169739,0.007345226791854564
0,1975-04-09,110.01423199128884,6.541701108616335,-0.0023454211186617613,-0.14166984638784097
0,1975-04-10,109.71498823533543,6.609701858204419,-0.002720045857131481,0.06800074958808366
0,1975-04-11,110.34489899122325,6.53274414492684,0.005741337314248085,-0.0769577132775785
0,1975-04-14,109.53430027002422,6.626837962980126,-0.007346046157181263,0.09409381805328554
0,1975-04-15,109.02934916649376,6.654505101266299,-0.004609981551766396,0.027667138286172843
0,1975-04-16,109.555104876394,6.736000239125331,0.004822148475795984,0.08149513785903206
0,1975-04-17,109.23378687248311,6.760285351987751,-0.002932935021817684,0.024285112862419744
0,1975-04-18,110.98554656556661,6.736322706022776,0.01603679358959198,-0.023962645964974882
0,1975-04-21,109.59013851426353,6.699609030524996,-0.01257288083434105,-0.03671367549778015
0,1975-04-22,110.26909646358362,6.71277769435232,0.0061954292468726635,0.013168663827324067
0,1975-04-23,108.44192377633664,6.740058128053391,-0.01657012477517128,0.027280433701071694
0,1975-04-24,108.61369042592399,6.755512838897061,0.0015839505940675735,0.01545471084366934
0,1975-04-25,108.96311215432597,6.837434738919669,0.0032171057537198067,0.08192190002260791
0,1975-04-28,107.44697787161935,6.906393883092127,-0.01391419768333435,0.06895914417245841
0,1975-04-29,107.8271880145011,6.880804578962506,0.0035385838709771633,-0.025589304129621127
0,1975-04-30,108.522707494047,6.814678430648294,0.0064503164030611515,-0.06612614831421215
0,1975-05-01,108.8004974703167,6.694497997563753,0.00255974056199193,-0.12018043308454107
0,1975-05-02,109.67821233255361,6.549886603287047,0.008067195303738117,-0.14461139427670577
0,1975-05-05,109.93554149249829,6.477022528246838,0.0023462194949388504,-0.07286407504020875
0,1975-05-06,109.88979147494467,6.502827503901736,-0.00041615311056375504,0.025804975654898143
0,1975-05-07,108.05473086765952,6.559061610811729,-0.01669909991323948,0.056234106909992754
0,1975-05-08,107.72023394483081,6.409211318162809,-0.0030956249684095383,-0.14985029264892002
0,1975-05-09,109.26310121012122,6.44545083367078,0.014322910457849503,0.036239515507970665
0,1975-05-12,107.80285648917558,6.38510062848519,-0.01336448173969984,-0.06035020518558998
0,1975-05-13,108.97911584117509,6.337565836892862,0.010911207646131516,-0.04753479159232743
0,1975-05-14,109.2396662624528,6.371381107024856,0.002390828914940357,0.03381527013199381
0,1975-05-15,109.37265041804253,6.37279043662452,0.0012173614231869578,0.0014093295996637778
0,1975-05-16,111.06981049691109,6.329682268938778,0.015517225489020348,-0.04310816768574188
0,1975-05-19,109.93976527905562,6.514025076271873,-0.010174188762903214,0.1843428073330955
0,1975-05-20,109.7479657069924,6.461754656251675,-0.0017445877892896533,-0.052270420020198216
0,1975-05-21,111.13375561963147,6.490594347022347,0.01262702140957117,0.02883969077067139
0,1975-05-22,111.26629585843385,6.518636458565037,0.0011926190927624702,0.028042111542690762
0,1975-05-23,110.84175562059667,6.544099241671629,-0.0038155331276357174,0.025462783106591225
0,1975-05-27,110.49372283887675,6.61016534875012,-0.003139906795695424,0.06606610707849114
0,1975-05-28,111.01276641056988,6.50540396598717,0.004697493743151426,-0.1047613827629501
0,1975-05-29,111.32912987373165,6.563821122351433,0.002849793527275324,0.058417156364263256
0,1975-05-30,110.59223973296814,6.575406358226036,-0.006619023624807596,0.011585235874602695
0,1975-06-02,108.62040242024763,6.428146813220608,-0.01782979816198349,-0.14725954500542748
0,1975-06-03,108.61996420503125,6.438009140557219,-4.034372977912426e-06,0.009862327336611187
0,1975-06-04,107.38811551195346,6.433610392101609,-0.011340904980897903,-0.004398748455610502
0,1975-06-05,108.03763213373496,6.452740354750804,0.006048310082405806,0.01912996264919542
0,1975-06-06,107.49316520955044,6.469773427690394,-0.005039604380726814,0.01703307293959
0,1975-06-09,109.00856668806244,6.427813877314977,0.01409765426069498,-0.04195955037541754
0,1975-06-10,109.36264415778642,6.450248827062419,0.003248161869123578,0.02243494974744209
0,1975-06-11,107.51091918360878,6.408546783729222,-0.016931969672441483,-0.04170204333319649
0,1975-06-12,107.21541860388717,6.395523387451594,-0.0027485634200274944,-0.013023396277628052
0,1975-06-13,108.28064252820616,6.37508509301932,0.009935361333191395,-0.020438294432274517
0,1975-06-16,106.8511568375391,6.397171410532771,-0.01320167351514101,0.022086317513450915
0,1975-06-17,108.47149494703125,6.179554616053371,0.015164441429078579,-0.2176167944793992
0,1975-06-18,107.54849939722845,6.227421952624513,-0.008509106934070587,0.04786733657114173
0,1975-06-19,107.40552533669468,6.265695370239664,-0.0013293914962559938,0.038273417615150684
0,1975-06-20,106.93056888553859,6.337558208186843,-0.004422085825353861,0.07186283794717951
0,1975-06-23,106.87501648841796,6.317990264388944,-0.0005195183912292123,-0.019567943797899723
0,1975-06-24,107.73985162616485,6.23950310496052,0.008092023432254791,-0.07848715942842333
0,1975-06-25,107.58794454077771,6.208839701371559,-0.001409943331964314,-0.030663403588961025
0,1975-06-26,107.27515632450651,6.262138273427731,-0.0029072794131934643,0.053298572056172056
0,1975-06-27,106.87294550673224,6.186370238343796,-0.0037493379786610603,-0.07576803508393493
0,1975-06-30,108.246589281711,6.087859412208871,0.012853054329752922,-0.09851082613492501
0,1975-07-01,109.88033818280638,6.024682184346135,0.015092844143509865,-0.06317722786273627
0,1975-07-02,109.4100208638683,6.008954291911944,-0.0042802682146430016,-0.01572789243419148
0,1975-07-03,109.15338029440882,5.986077694676068,-0.002345676999539137,-0.022876597235875984
0,1975-07-07,109.2348993661316,6.021216463198228,0.0007468304829671979,0.03513876852216047
0,1975-07-08,108.35201096681581,5.967788368056307,-0.008082475513219833,-0.05342809514192126
0,1975-07-09,108.49444992739787,5.969728810543688,0.0013145945267751813,0.0019404424873812331
0,1975-07-10,107.63927899622331,5.900405562798878,-0.007882162928581238,-0.06932324774481025
0,1975-07-11,109.48332395434447,5.950861418655426,0.017131710425019264,0.05045585585654777
0,1975-07-14,108.53607915641543,5.901083119283844,-0.008651955053210258,-0.049778299371581625
0,1975-07-15,108.67520739734532,5.878675119058657,0.0012818616814911366,-0.022408000225187408
0,1975-07-16,108.64600228807154,5.8592551775279915,-0.00026873755268752575,-0.019419941530665064
0,1975-07-17,107.48643003079002,5.853476786164068,-0.01067293994128704,-0.005778391363923774
0,1975-07-18,107.52162778766079,5.921573507088244,0.0003274623304605484,0.06809672092417607
0,1975-07-21,107.99114423984877,5.873901015812037,0.004366716369986534,-0.04767249127620676
0,1975-07-22,108.22555087324972,5.8367812252659474,0.002170609775930643,-0.037119790546089604
0,1975-07-23,108.11528591152151,5.720120429499484,-0.0010188440792262554,-0.11666079576646382
0,1975-07-24,108.58024680329284,5.599247305901864,0.004300602711737156,-0.1208731235976197
0,1975-07-25,108.49827290872882,5.45260317962647,-0.0007549613947048783,-0.14664412627539392
0,1975-07-28,108.42265528895473,5.490796086838295,-0.0006969476817175746,0.03819290721182522
0,1975-07-29,108.23877584344021,5.419730867893033,-0.0016959503991529346,-0.07106521894526185
0,1975-07-30,108.8874538259009,5.471688278808457,0.005993027705699205,0.051957410915423274
0,1975-07-31,108.79080537187805,5.430624122035356,-0.000887599540874362,-0.04106415677310071
0,1975-08-01,108.10405229458975,5.4920682234983484,-0.006312602199614048,0.061444101462992506
0,1975-08-04,109.96785585719356,5.541313580087478,0.01724082976579666,0.04924535658912976
0,1975-08-05,110.06220908557852,5.628207859872778,0.0008580073481425643,0.08689427978529984
0,1975-08-06,109.9255898624023,5.653071204730555,-0.0012412909418344498,0.02486334485777686
0,1975-08-07,109.99574719871066,5.647615518607534,0.0006382256979122758,-0.005455686123021053
0,1975-08-08,110.06785796326517,5.630043241230653,0.0006555777508765459,-0.01757227737688094
0,1975-08-11,110.33506531711846,5.624619135604033,0.002427660161629319,-0.0054241056266199905
0,1975-08-12,110.80051077067536,5.636991065376038,0.004218472633510828,0.012371929772005075
0,1975-08-13,110.44076232609197,5.663253825139031,-0.0032468121498823166,0.02626275976299297
0,1975-08-14,109.40863357549124,5.6321402082340075,-0.009345541708171368,-0.031113616905023456
0,1975-08-15,109.15195448332278,5.587026324696973,-0.0023460588417947292,-0.04511388353703438
0,1975-08-18,109.04651121509501,5.555214488144922,-0.0009660227224230766,-0.031811836552051
0,1975-08-19,109.98730881390144,5.574933466797545,0.00862748920917511,0.019718978652623065
0,1975-08-20,110.53963563521947,5.57956214351509,0.005021732300519943,0.004628676717544522
0,1975-08-21,110.14009821113808,5.6523460458484935,-0.0036144268233329058,0.07278390233340382
0,1975-08-22,110.99567983006254,5.650487544487301,0.0077681210823357105,-0.0018585013611929213
0,1975-08-25,111.94587438198391,5.603152546447616,0.008560644462704659,-0.047334998039684884
0,1975-08-26,111.7612130562849,5.607118424641906,-0.0016495590098202229,0.003965878194290617
0,1975-08-27,111.73862122675298,5.674015051252679,-0.00020214373944327235,0.06689662661077289
0,1975-08-28,112.32536350348731,5.706020452789654,0.005251024849712849,0.032005401536975064
0,1975-08-29,111.96578967626955,5.738465535793392,-0.0032011810690164566,0.032445083003737274
0,1975-09-02,110.64132737567223,5.702988809789598,-0.01182916946709156,-0.035476726003793146
0,1975-09-03,111.67996414240469,5.773299335918575,0.009387421421706676,0.07031052612897692
0,1975-09-04,111.31559928340411,5.803668524709261,-0.0032625803723931313,0.03036918879068562
0,1975-09-05,110.84089867998945,5.807941281449912,-0.004264457151293755,0.004272756740650863
0,1975-09-08,111.95778508688888,5.755224870136793,0.010076482780277729,-0.05271641131311888
0,1975-09-09,113.11701863609997,5.8466201750023306,0.01035420224070549,0.0913953048655376
0,1975-09-10,112.55897645069194,5.908040623482604,-0.00493331765756011,0.06142044848027339
0,1975-09-11,112.18776879572931,5.895417463629625,-0.0032978947274386883,-0.012623159852979349
0,1975-09-12,111.5937596837379,5.968312638858448,-0.005294776055961847,0.07289517522882338
0,1975-09-15,111.82049423342652,5.939829294001399,0.0020317852031439543,-0.028483344857049175
0,1975-09-16,113.32949973162081,5.942969033459981,0.013494892045855522,0.003139739458582369
0,1975-09-17,110.709881406895,6.020467013803295,-0.023115061223506927,0.07749798034331423
0,1975-09-18,111.50813362020473,6.009583639273216,0.007210306823253632,-0.010883374530079593
0,1975-09-19,113.59517219174806,6.039447322249729,0.018716469407081604,0.029863682976513317
0,1975-09-22,113.19148086316335,6.005638658379266,-0.0035537718795239925,-0.03380866387046311
0,1975-09-23,113.98799084316943,6.028298779466694,0.007036836817860603,0.02266012108742821
0,1975-09-24,113.8560622081017,6.019695918497497,-0.0011573906522244215,-0.008602860969197046
0,1975-09-25,113.9232311690136,6.036360607444205,0.0005899462848901749,0.01666468894670814
0,1975-09-26,114.17629359420856,6.027109674291229,0.002221341710537672,-0.009250933152975982
0,1975-09-29,115.45481581034284,5.998624674378342,0.011197790503501892,-0.028484999912887332
0,1975-09-30,114.76661734254225,6.026028336515379,-0.005960760172456503,0.027403662137037266
0,1975-10-01,115.03949154918985,6.047625446493528,0.0023776444140821695,0.02159710997814912
0,1975-10-02,115.00742574087805,6.105232932339554,-0.0002787373960018158,0.0576074858460256
0,1975-10-03,115.06904803228602,6.156804033532553,0.0005358114140108228,0.0515711011929989
0,1975-10-06,115.74605495225063,6.151531277958044,0.005883484147489071,-0.005272755574508459
0,1975-10-07,115.22607179866361,6.14555008869269,-0.004492448177188635,-0.005981189265354736
0,1975-10-08,116.44351236524021,6.14472123355724,0.010565669275820255,-0.0008288551354498352
0,1975-10-09,116.88476593044005,6.1281941497296835,0.0037894216366112232,-0.01652708382755641
0,1975-10-10,116.81616398363784,6.14431741647669,-0.0005869194865226746,0.01612326674700615
0,1975-10-15,115.69413681052961,6.159000124353686,-0.009605067782104015,0.014682707876996659
0,1975-10-16,116.70627055121801,6.023116446308833,0.008748358115553856,-0.1358836780448529
0,1975-10-17,117.50007248677413,5.973618041718432,0.006801707670092583,-0.049498404590401
0,1975-10-20,116.7733040819126,5.952925297119676,-0.0061852592043578625,-0.020692744598756363
0,1975-10-21,117.64653502820698,5.9069558892343865,0.007478001527488232,-0.04596940788528947
0,1975-10-22,117.88957465177405,5.954623821956263,0.002065845998004079,0.047667932721876305
0,1975-10-23,117.82100919624409,5.946910801834805,-0.0005816074553877115,-0.007713020121458136
0,1975-10-24,119.09502331262549,5.9079727451882,0.010813131928443909,-0.03893805664660466
0,1975-10-27,119.8735722360585,5.972996302628444,0.006537207867950201,0.06502355744024424
0,1975-10-28,120.32140042566789,5.947878131913207,0.0037358375266194344,-0.025118170715237476
0,1975-10-29,120.4755642832879,5.9263031056259905,0.0012812671484425664,-0.021575026287216303
0,1975-10-30,119.29259350810328,6.004569938155131,-0.00981917604804039,0.0782668325291409
0,1975-10-31,119.20829155394793,6.002804262647249,-0.0007066822145134211,-0.0017656755078823139
0,1975-11-03,117.8838452094297,6.004846785548278,-0.011110354214906693,0.002042522901028576
0,1975-11-06,116.52747000053515,5.9939295362645755,-0.011506031267344952,-0.01091724928370219
0,1975-11-07,117.39948075567607,6.010977940618867,0.007483306340873241,0.017048404354291335
0,1975-11-10,117.19135033732405,6.030679867696952,-0.001772839343175292,0.019701927078084935
0,1975-11-13,117.89671110048776,6.054559604951123,0.006018880754709244,0.023879737254171474
0,1975-11-14,116.7443657625568,6.103244756263247,-0.009774194099009037,0.04868515131212359
0,1975-11-17,116.6908006680947,6.032356940039169,-0.000458823808003217,-0.07088781622407758
0,1975-11-18,115.73837847853132,6.1594911360282385,-0.008161930367350578,0.12713419598906928
0,1975-11-19,114.69235189429207,6.125116317548903,-0.00903785414993763,-0.034374818479335545
0,1975-11-20,117.33667702322258,6.095247569717455,0.02305581048130989,-0.029868747831447884
0,1975-11-21,117.79338325989774,6.131822187230249,0.0038922717794775963,0.03657461751279367
0,1975-11-24,117.77080989905518,6.080116719398601,-0.00019163521938025951,-0.05170546783164731
0,1975-11-25,118.2800107759426,6.086905373200119,0.004323659464716911,0.006788653801517164
0,1975-11-26,118.74406443753809,6.102122094616375,0.003923348151147366,0.015216721416256185
0,1975-11-28,119.76813310106434,6.1473399580782715,0.008624167181551456,0.04521786346189671
0,1975-12-01,120.19605891992364,6.1435781542207,0.0035729522351175547,-0.003761803857571522
0,1975-12-02,119.48277061599624,6.16427813488009,-0.00593437347561121,0.020699980659389716
0,1975-12-03,119.07982579950628,6.215583425160359,-0.0033724093809723854,0.05130529028026931
0,1975-12-04,118.19341377942693,6.176628637627733,-0.007443847134709358,-0.038954787532626156
0,1975-12-05,119.38743722900789,6.143441822679817,0.010102284140884876,-0.03318681494791598
0,1975-12-08,120.25650833736063,6.173966577155052,0.007279418408870697,0.03052475447523495
0,1975-12-09,120.33945339663867,6.189471624334573,0.0006897344719618559,0.015505047179520837
0,1975-12-10,121.06160528020263,6.22244907335018,0.006000956986099482,0.03297744901560762
0,1975-12-11,120.90979475973452,6.225034358771715,-0.0012539939489215612,0.002585285421535133
0,1975-12-12,120.42813725479071,6.254664725302802,-0.003983610309660435,0.029630366531086416
0,1975-12-15,120.34797612229025,6.2578653564715205,-0.0006656345794908702,0.003200631168718715
0,1975-12-16,121.04029860789562,6.224483469731437,0.00575267244130373,-0.033381886740083466
0,1975-12-17,122.00152901361007,6.249184247151448,0.007941408082842827,0.0247007774200112
0,1975-12-18,120.37964634625556,6.25894181638681,-0.013293953612446785,0.00975756923536153
0,1975-12-19,120.40450971129619,6.2728634969549075,0.0002065412700176239,0.013921680568097727
0,1975-12-22,120.14121273133088,6.258902728730765,-0.002186770085245371,-0.013960768224142939
0,1975-12-23,122.67641380818121,6.224854641595198,0.02110184356570244,-0.03404808713556662
0,1975-12-24,123.11940522477322,6.2312050618078585,0.0036110561341047287,0.006350420212660524
0,1975-12-26,123.43051671448231,6.237881140520227,0.0025269086472690105,0.006676078712368749
0,1975-12-29,124.648158636139,6.242420838689855,0.00986499898135662,0.004539698169628181
0,1975-12-30,124.17815523026881,6.226520218346914,-0.0037706405855715275,-0.015900620342941707
0,1975-12-31,124.86253109050965,6.2222358385856396,0.005511241964995861,-0.00428437976127416
0,1976-01-02,124.5677479751862,6.260694472391225,-0.0023608612827956676,0.03845863380558523
0,1976-01-05,124.38083814219904,6.339105597902965,-0.0015004673041403294,0.07841112551174056
0,1976-01-06,124.78275927461137,6.361183325955045,0.0032313750125467777,0.022077728052079415
0,1976-01-07,125.52392302627878,6.414105728837025,0.0059396326541900635,0.05292240288197991
0,1976-01-08,125.29799141061955,6.394541265089693,-0.0017999088158831,-0.019564463747332006
0,1976-01-09,126.18981014135302,6.446122331482505,0.007117582019418478,0.05158106639281268
0,1976-01-12,125.55859644200977,6.466462025486595,-0.005002097226679325,0.020339694004089637
0,1976-01-13,125.6626525910081,6.45889508047758,0.0008287457167170942,-0.0075669450090147805
0,1976-01-14,125.73122035434132,6.466742249568142,0.0005456494982354343,0.007847169090561934
0,1976-01-15,126.76937329361918,6.484413882513569,0.008256922475993633,0.01767163294542673
0,1976-01-16,125.80093486041338,6.586621778814456,-0.007639372255653143,0.10220789630088678
0,1976-01-19,125.93884134100983,6.578585299834202,0.0010962277883663774,-0.008036478980253392
0,1976-01-20,126.52069717587531,6.554985328201521,0.004620146006345749,-0.023599971632680905
0,1976-01-21,126.95815611281975,6.581170513450523,0.003457607701420784,0.02618518524900182
0,1976-01-22,126.99857861907121,6.572022454851249,0.000318392354529351,-0.009148058599274478
0,1976-01-23,127.48509468806681,6.547995777539441,0.0038308780640363693,-0.02402667731180763
0,1976-01-26,127.28373044773201,6.587405569549631,-0.001579512027092278,0.039409792010189904
0,1976-01-27,126.21069844011194,6.599188337798498,-0.0084302369505167,0.01178276824886737
0,1976-01-28,126.08139224412682,6.670358008677603,-0.00102452642749995,0.07116967087910453
0,1976-01-29,125.5630200497046,6.712320959248079,-0.0041114091873168945,0.04196295057047639
0,1976-01-30,128.12081513500127,6.6966414155896175,0.0203706081956625,-0.015679543658461803
0,1976-02-02,128.28031058141522,6.666692168758917,0.0012448831694200635,-0.029949246830700105
0,1976-02-03,127.95510025446431,6.677877594320146,-0.002535153878852725,0.011185425561228257
0,1976-02-04,128.79928245730824,6.672996868636453,0.006597487721592188,-0.004880725683692688
0,1976-02-05,128.22622690528917,6.6334683653355135,-0.004449213854968548,-0.03952850330093938
0,1976-02-06,128.75949778033277,6.742624949386436,0.004158828407526016,0.10915658405092277
0,1976-02-09,129.53221048547022,6.783163051202772,0.006001209374517202,0.04053810181633555
0,1976-02-10,129.1095188735331,6.863097861157307,-0.00326321623288095,0.07993480995453517
0,1976-02-11,130.5109975906521,6.805210767861913,0.010854960419237614,-0.057887093295393655
0,1976-02-17,131.15745645373792,6.730143888786995,0.004953290335834026,-0.07506687907491827
0,1976-02-18,130.66662890053837,6.703680799461869,-0.003742277156561613,-0.026463089325126532
0,1976-02-19,128.97084534838595,6.687143794187234,-0.01297793909907341,-0.01653700527463453
0,1976-02-20,129.26034386004454,6.710609863813963,0.002244681818410754,0.023466069626729258
0,1976-02-23,129.62408249863694,6.730676930553228,0.002814000239595771,0.02006706673926484
0,1976-02-24,129.19762151275845,6.6831943254891915,-0.0032899826765060425,-0.047482605064036676
0,1976-02-25,130.30911949045623,6.684496201305251,0.008603083901107311,0.0013018758160594501
0,1976-02-26,130.62127109790063,6.67426244548311,0.0023954701609909534,-0.010233755822141255
0,1976-02-27,130.27462180592238,6.616091410606665,-0.002653850242495537,-0.058171034876444594
0,1976-03-01,130.09889510822975,6.608597870249348,-0.0013488943222910166,-0.007493540357317308
0,1976-03-02,129.89590820789118,6.60835213412812,-0.0015602507628500462,-0.00024573612122757993
0,1976-03-03,130.36687975865127,6.645867089508608,0.00362576125189662,0.037514955380487436
0,1976-03-04,131.14675354494332,6.617771350039673,0.0059821465983986855,-0.02809573946893451
0,1976-03-05,130.70396786277985,6.630679288160768,-0.0033762610983103514,0.012907938121094809
0,1976-03-08,131.69923402701596,6.591809794573952,0.007614659145474434,-0.038869493586815906
0,1976-03-09,132.31895407572426,6.574873136101032,0.004705570638179779,-0.01693665847292003
0,1976-03-10,132.6396162990021,6.589923623790819,0.002423403551802039,0.015050487689786785
0,1976-03-11,132.7656644313772,6.60739423711087,0.0009503053152002394,0.017470613320051065
0,1976-03-12,133.23775200256583,6.542913302827363,0.003555795643478632,-0.0644809342835071
0,1976-03-15,134.93077516054575,6.511600028804448,0.012706782668828964,-0.031313274022914506
0,1976-03-16,135.0255385430512,6.471384218124304,0.0007023111102171242,-0.04021581068014424
0,1976-03-17,135.07677813849372,6.461468942448731,0.0003794807707890868,-0.009915275675573376
