day,firm_id,sector,latent_state,observation,price,return,market_weight,buy_value,sell_value,imbalance
0,0,2,0.05118331673297691,0.09342735747729843,8176.453074409946,-0.017292393814840996,0.01118263916452655,0.9555439190893641,33.7505642336119,-0.944935115435151
0,1,6,0.014223579391238358,0.012917960171319375,9411.915286728808,-0.007028961765426333,0.002156654337788548,0.4170346831126123,36.13745762242836,-0.9771828490946933
0,2,0,-0.02870364954877198,-0.023886993046287306,6811.398569208625,0.013011369572082999,0.010017542008026643,0.8902605076132588,43.02667051478732,-0.9594570710034865
0,3,3,-0.026251894993002765,-0.08614736205800176,7124.082792412207,0.013327682740752304,0.003327491076697778,0.6070091213985953,96.74635967086162,-0.9875297767417245
0,4,5,-0.003742652342826543,0.004458951652884673,6795.229887485383,0.008188105910335777,0.0059326789591064915,0.436182565357406,54.44909760061253,-0.984105663138442
0,5,0,-0.009738124598544888,0.0901416423932914,9281.424408308863,0.013845143432241929,0.010038084519361225,0.9116535073423484,63.411415939490176,-0.9716539177726361
0,6,5,0.0027240014191400206,-0.05781712110257252,6377.337006980259,0.005167264457334356,0.008399971807699568,1.1115621180117679,52.07081966451319,-0.958198106920585
0,7,6,0.05847326439168453,-0.007801676606418263,8054.3036467511365,0.012833456877751902,0.02820716717387448,0.689417911493556,74.76265358757895,-0.9817256730454939
0,8,4,0.013558918846344529,0.05387385680305243,8950.047405412522,0.000525908449004321,0.01101992325448299,0.7407852511138004,51.61481977142118,-0.9717017785858535
0,9,1,-0.014313157444941622,0.020972538861508155,7273.894966197708,0.028573528984119932,0.012460500582639573,0.38963736828668283,29.0427153074869,-0.9735231924497723
0,10,5,-0.01521940660041882,-0.0072609542237146735,8726.161801028056,0.011441280810891439,0.02903195517498336,0.7869919275038569,63.89986255830521,-0.9756676396078483
0,11,2,-0.0768846575267601,-0.06677182051598164,7417.995375298585,-0.007037921079077011,0.004527245184658515,0.54161993254429,109.68620954227255,-0.9901727188928614
0,12,5,-0.035736517168164075,-0.025979390699508387,6492.564241385829,-0.00010774786545082043,0.0033076867720078745,0.6320238725807303,62.39186454325703,-0.9799433551639801
0,13,5,0.007194836252981197,-0.048622445326739365,7907.5613211996915,0.004140440756114519,0.008910214346382435,0.8698375959102957,71.3280419239183,-0.9759040680368083
0,14,0,-0.007863194825055422,-0.021390054577144994,7566.237317215249,0.027975695748097624,0.011181438610793355,0.5758245496881658,74.37276570420018,-0.9846341459331022
0,15,0,-0.11349905756307607,-0.10196483392710536,8372.471514497889,-0.0012255432162807623,0.01603201819397966,0.599313584175798,133.6593699056848,-0.9910722559004298
0,16,0,-0.01672524461018495,0.04643974334455451,9427.348791446952,0.03381714899287961,0.004646132281485307,0.4809893725647001,35.54632383666416,-0.9732986265027315
0,17,0,-0.015652383436305182,-0.07492768796728556,7524.056456256313,-0.0035525782475012554,0.033450592309001506,0.7086117379484366,54.25084831915537,-0.974213293300215
0,18,2,-0.03932195737749983,-0.025058352837315313,9203.577404365391,-0.0002336940229929847,0.008784715435901647,0.4309284876715904,66.09019764658747,-0.98704386070388
0,19,0,0.001653611012097031,0.08594438657074599,6370.5899021593395,0.0077794073765871385,0.00404723896031521,0.9039869715833679,25.490479778694727,-0.9315017817482829
0,20,7,-0.020654130411201087,0.03465930547184148,8093.042556851026,-0.0010092244277053334,0.007635609717961435,0.3819601144407231,40.7982664890318,-0.9814493437052025
0,21,7,0.012921709152183446,0.0014944040062615197,7752.217342269936,0.001905185257094967,0.002511219063751908,0.6961500990055282,39.152893687779134,-0.9650606371780031
0,22,1,0.02471313150059861,0.08321168062052119,7475.961805551906,0.002909767646322714,0.003692794241890878,1.0088669309032117,33.203379418254634,-0.9410230523259077
0,23,2,0.06540734064046275,0.015257144814931643,7724.7875196522045,0.022998178340305455,0.0037245848617995366,0.6568449985511485,34.43346447414782,-0.9625625986830655
0,24,5,-0.033463506287172214,-0.0398889727721798,8218.392481516199,0.014816897178351343,0.009632338037207137,0.6613643559256458,59.73076547584627,-0.9780976641076581
0,25,5,-0.04029985368162518,-0.11795535363891659,7279.654231298998,0.00043055738423014404,0.01376152393966237,0.6680670530346507,132.8647693541403,-0.9899939659561705
0,26,4,0.04843219912723831,-0.01636183996071828,7944.790626860326,0.028849417721471385,0.006975147932468862,0.677162089930101,88.90717916790881,-0.9848821327273354
0,27,7,0.023260136863519326,-0.006457067800840401,7839.491397141235,0.013474281460669165,0.009403237208695214,0.650721869004197,37.19400730760634,-0.9656109643987534
0,28,5,0.04616302401608166,0.03639673236321256,6338.724038177376,-0.00015331045566934452,0.0054848771637078545,0.4917317714188934,34.539306080783945,-0.9719259375654535
0,29,5,-0.024026761415896155,-0.04398933136548756,6952.132823480192,-0.0011178030072139964,0.007181592760436435,0.8156174707670265,56.16313492661977,-0.9713711712898048
0,30,4,-0.030022149596502963,0.008501816255219098,7592.67602240084,-0.0024726379761297584,0.07424714935716399,0.5737770059489573,47.293107507091264,-0.9760261394793449
0,31,4,-0.03189525946682736,-0.06118663027963731,7480.225420109219,0.007939320458185066,0.006368418931039895,0.6259188606430547,85.97150213699057,-0.985544168546245
0,32,2,0.003011397968555775,-0.00411098190185941,7238.4578881087555,0.009656544702654514,0.004551505131547197,0.389339559572851,53.70251325737524,-0.9856045027193572
0,33,4,-0.0084922678743296,0.0030897332917426863,8472.458021326764,0.008763846908194158,0.0233488958473746,0.5999673312457852,49.574228681988885,-0.9760846259868092
0,34,7,0.0020104507236884776,0.031233175967346923,7913.650239037137,-0.0021264412111949103,0.0016137976010823431,0.34525628465451214,53.857537860484605,-0.9872605724264456
0,35,3,0.07556902664433013,0.15232058382243074,6143.3283485494285,0.016274664381030514,0.01838267746307946,1.9477196011406437,37.70939260689016,-0.9017719902864183
0,36,1,-0.00457881483570129,-0.012656288552438822,8121.036523947117,0.009843384751099228,0.007411149962661632,0.6566119975754132,59.40022964105764,-0.9781336487184803
0,37,4,-0.02806674343939329,-0.03650867531565652,7176.195682533337,0.008044688587543616,0.002466793346293481,0.4898643433189217,68.95614971445781,-0.9858922257682255
0,38,6,0.011969230420192867,0.03835314981796064,7032.422015827855,0.009029486549460128,0.008212711583073263,0.48594316045337527,47.015701400017726,-0.9795399437034429
0,39,7,-0.00035122025488528233,-0.06616655596157779,7632.592828573267,0.006535175189116303,0.005060852296254277,0.5984037272238439,111.52996877071263,-0.9893264529862053
0,40,4,-0.01861778836190999,-0.016651293433345322,7235.258980370447,0.016467181120100094,0.016727313110191308,0.7055430828412023,49.1868652230248,-0.9717174172470602
0,41,6,0.015202854066776274,0.07504225075552483,7283.826954511354,0.003271958545321431,0.01647231121486782,0.9962101566330275,38.19737605686118,-0.949164633637704
0,42,2,-0.010041561825416493,0.013203897097878888,7433.339462158742,0.007620679468581047,0.01740036372160666,0.5700309055211862,38.96719784020312,-0.9711648527683715
0,43,3,0.0023015766417572255,0.030789332578905506,7626.198680604395,0.013271590758986778,0.02756529924307378,0.5815870370374691,28.229854964832644,-0.9596280507251576
0,44,3,-0.018855614813048798,-0.07063689394886838,8486.212911525361,-0.009150533134995866,0.005050088267752901,0.7849234871555182,89.19337807176835,-0.9825530494786505
0,45,2,0.00118485593446928,0.07841465256294912,7008.128681781268,0.010055499849880467,0.013820058070709762,0.7651043649599912,40.48680752859594,-0.9629057500454441
0,46,5,0.01940693191281919,0.03863809801997689,7276.496581259042,0.014412737133032115,0.008729168886796522,0.46380812153295714,31.132335333887205,-0.9706414725789129
0,47,7,-0.043773698196837275,0.008847845510457072,8111.162192774463,0.02495701601892589,0.01044212531076171,0.3257444928310459,45.04369893881953,-0.9856403575320644
0,48,2,-0.018751653540998562,-0.04598021561390929,8323.103937220143,0.009575104866558206,0.03479330530830864,0.8300623478356943,85.51973323402706,-0.9807744223890107
0,49,1,-0.0003895703629389277,-0.042319848877218305,9632.235805930357,-0.004156174721195264,0.01049935216006418,0.4535780168945356,112.43712879366342,-0.9919642983872592
0,50,6,0.03340495251331322,0.0660960466241652,6095.665645541055,0.005182494191024919,0.004195144576967367,1.07746569058831,15.260811070633938,-0.8681053446738457
0,51,6,-0.000764051211356722,0.03812870420793613,7626.673502541532,0.01552010922414296,0.010732707939933023,0.5513633413119773,38.93578872433807,-0.9720737853729571
0,52,7,0.0019851662858012473,-0.11317528066977074,9280.163433116451,0.00957303963830005,0.005003258820013863,0.5507136021753658,144.61996623313752,-0.9924128811231536
0,53,2,-0.006874321478239607,-0.03438315696038514,8857.354027600915,0.006644372630008104,0.010027061503476181,0.7825480360253968,89.42668040078328,-0.9826503773488119
0,54,5,0.006993092804207456,-0.01475282113290659,7488.148999660736,0.010714958935974406,0.007471951766374238,0.5148420073321592,60.379054240537556,-0.9830905217255922
0,55,5,-0.03956564062485784,-0.04444481490870346,8469.678605772462,0.0063219257857969734,0.007260780214394705,0.5616634055544604,113.59437129890196,-0.9901597246697706
0,56,6,-0.005896515727735179,0.07649332137638688,7386.046101229437,0.020325525119340652,0.009518654947015637,0.8278507227401186,29.687581000262103,-0.9457421588704599
0,57,6,-0.019728039601122727,-0.07618403891396427,7790.741434443716,0.0055756396744304085,0.015214391973702952,0.32491018111987857,114.32294573997727,-0.9943320321342833
0,58,7,9.57035376390105e-05,-0.007368245156268356,6685.059538774504,0.012696827849228603,0.0041292459886381055,0.6182162723281382,41.27765734606702,-0.9704879636384074
0,59,3,0.027314498098366315,0.0716145813955599,7325.647174985145,0.001403824519536257,0.021317591918829537,1.0070340915964906,30.75172183630003,-0.9365822707696043
0,60,0,-0.004820708494639059,0.04647515645310278,5688.633676177059,-0.005696284611122039,0.013581333954148404,0.6870010516250079,22.411775227068006,-0.9405162382797764
0,61,1,0.0029363826163023013,0.012114257093793072,6014.132518515164,4.712914061812991e-05,0.005780987313883331,0.5721437902987706,30.852021344898148,-0.9635857443900886
0,62,7,-0.025508407707761287,0.02322352949649468,6855.618488798099,-0.007027266414047714,0.004495228588182055,0.340612973474547,44.75594958849365,-0.9848940604508847
0,63,6,0.03111214552821051,-0.026561844006335017,7004.756722526841,0.005840748069627299,0.0030172645644617685,0.635907235666372,63.031749636437,-0.9800241671392492
0,64,0,-0.023092076117521832,-0.029813970550611107,8513.692000603434,0.0030990907349121638,0.009443306679132972,0.524161808733177,91.7549579780842,-0.9886396443650867
0,65,2,0.027293891446748694,-0.01019904336358431,9037.452862196002,0.015451944360963293,0.11021397863193777,0.3955878492787407,72.66315535674713,-0.9891706910791561
0,66,1,0.02564220421907834,0.09392349722283373,6874.901062326787,-0.038567043738420514,0.00982891743098402,1.0777264392424248,21.08937036223995,-0.9027634110731418
0,67,2,-0.03790415713739673,0.04151332816409945,8282.38978605383,0.005767984328350824,0.01681398742609616,0.6197312780133275,32.93983965016123,-0.9630667936833144
0,68,5,-0.012735902909417823,-0.016251918063712872,6880.691185174633,-0.0021536523212010994,0.0013436272112773058,0.8045679773402369,24.295653777011545,-0.935891564171644
0,69,4,-0.033984478859240684,-0.0838501507178386,6314.624280987956,-0.0008710971831852755,0.005440749393467759,0.6407558871871835,102.09779421633436,-0.9875264759521074
0,70,3,0.001553323140313718,-0.026558366890955757,7231.851804704428,0.0017973960562992744,0.006576297120797944,0.6762984508595626,50.94286068753349,-0.973796611078717
0,71,3,0.015573268678586936,0.06822195194674438,7200.043885543632,0.015447109750005182,0.0017878922828596228,0.9329612867697006,46.19710812878233,-0.9604090849506771
0,72,5,-0.03966595937197595,0.0008040212859515353,7454.5322835321995,-0.0032614101369321646,0.00600182244602543,0.5398301038938811,33.54727230619942,-0.9683264304555145
0,73,5,-0.018523124918926333,0.044535832793541466,7194.26770966384,-0.0026653351045190033,0.01086016956035006,0.6699837551907432,24.11811473737098,-0.9459431100885162
0,74,0,0.02204857589002756,-0.03114211865513756,8651.57729863539,0.005818233139277372,0.009889588212576461,0.48767607626500753,75.81429870399155,-0.9872172095633677
0,75,1,-0.009344779222332272,0.007539084460134496,6945.7737057455615,0.007847349185901568,0.033647184602900844,0.5100251722327709,40.22531601040456,-0.9749590818236407
0,76,2,0.015924425855481487,0.016307657864321517,9133.452140655543,0.00184785053233897,0.011943842544813338,0.5212750330796514,41.901397012477226,-0.9754246958792422
0,77,3,0.049817500704431056,0.08552645441103729,7712.748218026177,0.017664950980435905,0.00655782555030125,0.7932044899044436,53.378274836353576,-0.9707150515269269
0,78,7,0.03836374053353391,0.06405240784255876,7356.310128776473,-0.0003330063335152131,0.009560358021047783,0.8948972066751475,32.6698089554271,-0.9466762972494658
0,79,7,0.02271425570402593,-0.002366202835355196,7629.439167528087,-0.023812596544201103,0.018516696920412235,0.48355626218473236,59.89225266116434,-0.9839817876961076
1,0,2,0.05174801720630012,0.03802251435321619,8116.124287046296,-0.007378356704872759,0.011196829122387082,50.009822068187205,35.348289823214984,0.17176495496355113
1,1,6,0.005481877092752867,-0.03147979378532433,9327.60829831467,-0.008957474206447248,0.0021559556968949543,43.07896101057032,74.68087455119968,-0.2683590155302524
1,2,0,-0.05417054392049868,-0.03384195234999646,6749.836846255853,-0.009038044437902343,0.010013482712188519,38.84136532651584,50.501465458398954,-0.13050963383758563
1,3,3,-0.02359312112267635,-0.003532344661743455,7114.059386459372,-0.0014069749390772015,0.003351756237301224,50.25696985856978,92.82044398897297,-0.29748562673532486
1,4,5,-0.013247313928564678,-0.03953598232814827,6877.221214851289,0.012066012294434193,0.006056569238451112,58.270254232083936,41.348868251511405,0.16986082148223278
1,5,0,0.004342010893387571,0.004285792204861957,9241.607681473184,-0.004289937091987215,0.01008209401173959,38.175738255211236,46.99453498077409,-0.10354313060643415
1,6,5,0.01147787792460817,-0.015281028783368305,6301.99365191398,-0.011814234528269647,0.008373044910245818,63.05484035065729,49.37609584246511,0.12166352937393102
1,7,6,0.031286846138287513,0.032956559195863516,7931.692592177924,-0.015223048441024505,0.028019755827477004,29.833552492310453,25.68571105112209,0.07470995067988985
1,8,4,0.008966321627922316,0.07146926379712037,8914.826117750941,-0.003935318559349898,0.01107217928797799,68.63259469503355,43.23341216508799,0.2270500507046606
1,9,1,-0.027725737753170207,-0.004417235242605077,7222.360914949781,-0.007084794527197509,0.01248000185191943,32.31864071703427,30.529098464432437,0.028474250241623346
1,10,5,-0.03756156051942126,-0.09908924366811425,8547.952043621752,-0.02042246768622947,0.02868679954092069,67.49546718275724,97.59054509347085,-0.18229938136839302
1,11,2,-0.068520228075794,-0.021154110852273346,7296.621523062764,-0.01636208248929181,0.004491964088557994,62.16235939251362,67.50838950446595,-0.0412277260475946
1,12,5,-0.23360634575693492,-0.30261323109633365,6429.049218864225,-0.009782733009669382,0.0033038617804874337,47.88764442891254,104.61666386644194,-0.3719830611427093
1,13,5,-0.011240741159649553,0.005283295031753343,7878.010427059474,-0.0037370426785048533,0.008954248296108648,40.56024076341697,50.72726947800608,-0.11137371024348844
1,14,0,0.005492353568518183,0.07173277782589217,7570.447682042789,0.0005564674554895,0.011285122708131621,46.413417547352594,25.33286446880355,0.2938208431972574
1,15,0,-0.08766012858311427,-0.10402693535655128,8260.227581133217,-0.013406308181557837,0.015954879547030912,40.37173602676349,139.5288659762543,-0.5511773103865227
1,16,0,-0.05965115897014547,-0.20343555974775485,9342.679817715256,-0.008981207294304563,0.0046445159549504105,29.302796603420298,169.68325389547283,-0.7054788862806639
1,17,0,-0.01447222035327235,-0.019168425002357308,7530.4383917480545,0.0008482040942733859,0.033770619291805096,39.719018702230755,70.21338994265632,-0.27739200492416805
1,18,2,-0.05092952619991141,-0.08267400376732194,9066.020452831845,-0.014946030819309683,0.008728803595501702,49.68591252407594,104.10588817843828,-0.3538548570562307
1,19,0,0.024796180944271405,0.01580257674018303,6354.380798337498,-0.0025443646617948866,0.004072109369659879,37.675588865700895,30.028280640534952,0.11295230657900045
1,20,7,0.008001066562036148,0.06286709623542168,8062.34549852127,-0.003793018276392174,0.007672913487550882,63.88002878490639,38.27406775536187,0.2506601487019193
1,21,7,0.007988397180117185,0.06385433703355066,7676.1861561679725,-0.009807669566666356,0.0025082519365990396,60.25290022787941,38.768795242386076,0.21696361472347922
1,22,1,-0.029488599945947293,-0.024257445296036524,7369.798816933239,-0.014200579320753937,0.0036720675945775888,36.34469658639887,36.65252952068198,-0.004217049752374566
1,23,2,0.05991737795275037,0.036671100334937985,7598.195855584943,-0.01638772118264815,0.003695462620854254,32.73891840009229,30.35565497790496,0.03777287482192033
1,24,5,-0.057082794667490985,-0.08945821864351522,8208.70106441081,-0.001179235127451661,0.009704792995011913,43.69515118164776,107.78070318797901,-0.4230743722991558
1,25,5,-0.002552610208637132,0.04084384538358241,7239.87279117722,-0.00546474308501315,0.013805549967198936,73.78239190192618,32.54006177444746,0.3878985924518355
1,26,4,0.06428400593065028,0.04945964566794789,7941.994978999417,-0.0003518843972371618,0.007033436532545143,60.991279208712925,26.718545992245318,0.3907513569608895
1,27,7,0.021667763364947086,0.05789097038060183,7748.290829868735,-0.011633480113997858,0.009374808733374285,28.335731578311414,61.2126426131709,-0.3671413504860655
1,28,5,0.027527430838322858,0.033158955302669116,6361.380895770943,0.003574356204357116,0.005552434700654831,46.38775023218833,21.15871634361905,0.3735063455892431
1,29,5,-0.01935071310799416,0.05712226608553806,6904.693478358423,-0.006823710985720407,0.0071947236205815845,43.51588811568348,27.277527977770497,0.2293766996107017
1,30,4,-0.027129797250115377,-0.022078187738779793,7512.809341520321,-0.01051891067719552,0.07410615508636197,52.9114224273904,72.60967408238025,-0.1569318003312662
1,31,4,-0.023796502869426774,0.06728804903190753,7399.176553707801,-0.01083508341654165,0.006354294333543944,55.63024900207011,29.33138489266995,0.30953811624753574
1,32,2,0.0023241601875246707,0.05573528404199483,7154.458338823008,-0.011604619462349978,0.00453787723040283,42.95310111007578,36.98919018285534,0.07460270190770969
1,33,4,-0.03760145970561028,-0.13993487906053875,8466.343920555633,-0.0007216442684922428,0.02353530479855202,41.976932562847324,122.45547669464304,-0.48943237221126024
1,34,7,-0.015575410386513605,0.06298642394733035,7805.150037735946,-0.013710512598342038,0.0016055375533174058,40.45357715229651,50.231975622227104,-0.10782752236329557
1,35,3,0.0745217689284376,0.02431630165808297,6150.07544094777,0.0010982796320718963,0.018563184482934352,77.48475817825128,26.53275744769914,0.4898405852461134
1,36,1,0.01611846309910572,0.028419771589325925,8013.484165873769,-0.013243673730095945,0.007376706749650786,43.433345859320816,32.3669666897818,0.1459938461628947
1,37,4,-0.01743657702796242,-0.03528156141532528,7142.180951931466,-0.00473993911351427,0.002476488657651077,27.222242908340256,82.98989343158613,-0.50600280853586
1,38,6,0.022159720167748666,0.038439930678080186,7003.817640178766,-0.004067499871979985,0.008250560907583953,50.6570646677573,39.365622118435056,0.1254288552397293
1,39,7,0.030061513245818357,0.15235879343684045,7521.012845392162,-0.014618883214023548,0.005030311695686316,81.9819541544435,47.57083614218591,0.2656146419787861
1,40,4,-0.022593297170379327,-0.10530285317666088,7203.739726473996,-0.004356340800234553,0.01679952943452781,36.379431102279554,104.76209416648612,-0.4844971239577146
1,41,6,0.04980599704111364,0.08635423225088007,7201.150894472473,-0.011350634845556666,0.016427210760945592,91.66481943200698,34.65832201914575,0.4512751722094681
1,42,2,-0.016961994187851936,-0.061523646728803755,7403.892372841278,-0.003961488570160476,0.017482416212877726,69.06357074151819,55.24591988662251,0.111155236699655
1,43,3,-0.008597060218553422,-0.01612868499755326,7466.836159945253,-0.02089671766150638,0.027224393687244365,42.97754271542002,45.463991138124285,-0.028114035502749306
1,44,3,-0.0004926201587726747,0.058071899218937656,8465.671209133092,-0.002420597103375986,0.005081751699439927,64.45287226653507,24.71455583854044,0.44565955609621327
1,45,2,-0.015413656957684692,-0.05609589470857804,6911.507846079027,-0.013786966548348538,0.013748255801666973,46.78683768271275,34.390761559390576,0.15270316243523693
1,46,5,-0.03608342984539774,-0.05695940765681712,7233.676168411677,-0.0058847568152028806,0.008753397034885315,47.074341212693454,44.05646418788662,0.03311588229148374
1,47,7,-0.05641350153083678,-0.04173413786491118,7943.796817814894,-0.020633957376497796,0.010315753141925154,38.26562059178999,65.92419316180377,-0.2654633075279329
1,48,2,-0.06809419606464232,-0.045226342586983555,8214.325086810253,-0.013069505226702752,0.03463771661068263,37.11833742498633,76.41426544058938,-0.34612020708962243
1,49,1,-0.017101061029388496,0.0776414309346505,9565.946506750772,-0.0068820261998541726,0.010517931622285924,51.642963319688725,40.66698226512125,0.118903558927617
1,50,6,0.013012650109165103,-0.006616847816580225,6022.181626611773,-0.01205512624909708,0.004180677268280491,54.07532439473645,17.76484835789027,0.5054341414430008
1,51,6,-0.01163963647050852,-0.015332001248336011,7644.49041696891,0.0023361317908050655,0.010851498026998665,49.15432089086892,45.09255760554936,0.04309705902281763
1,52,7,-0.012907049858340477,-0.014168552495529278,9102.976110080768,-0.019093125278740988,0.00495048497111554,45.718781331170874,80.69690614725964,-0.2766913309060647
1,53,2,0.04354250041850773,0.04337829843183935,8698.916909348143,-0.017887635264330216,0.009933489934872208,32.927928722890286,28.18093877244123,0.07768086932283644
1,54,5,-0.008965039131460847,0.06119741846282677,7457.21997792643,-0.00413039614138387,0.00750591315322004,70.85611075921068,35.38812187011682,0.33383448692695905
1,55,5,-0.02910587635751831,0.01440433584416027,8406.097008697667,-0.007506966915068236,0.007269051672340337,49.906318550505134,62.10545326234987,-0.10890939866675509
1,56,6,-0.01065401297708596,-0.10268865094269311,7365.331762312036,-0.0028045233719775804,0.009574649443882723,60.998944233469274,56.563265442391156,0.03773048161709727
1,57,6,-0.04091978645329848,-0.020391077208230062,7665.850854140939,-0.01603064115959761,0.015100911902881063,45.94328819668293,75.74962300357792,-0.24493074011188726
1,58,7,-0.013049140621576982,0.012737310611753126,6639.263196389765,-0.006850551161005086,0.004136684127483794,43.97064308885305,26.509360763244974,0.24774803307336296
1,59,3,0.05544809325200735,0.03549892843276709,7259.5006705599535,-0.009029441746943706,0.021309138617162403,58.95552242841268,31.857430725078594,0.2983945655553644
1,60,0,0.009184405295714227,-0.04571846315336337,5712.070232495839,0.004119891990396217,0.01375608964804491,47.449878174203164,37.69296626810918,0.11459462001636653
1,61,1,0.009368589510460103,-0.001653801198864633,5964.961053513501,-0.008175986287346202,0.005783671711146146,49.84969979495754,46.08975807732884,0.03919077510938934
1,62,7,-0.013045652466091646,-0.08792868113932421,6907.499045873193,0.007567596878365588,0.004568703475380794,59.22701931989779,54.28743962562748,0.04351498249749194
1,63,6,0.023932722611568605,-0.04284688092075397,6898.439406536326,-0.015177874150661921,0.002997355035721443,58.903578006793985,78.06379310063444,-0.13988890155942707
1,64,0,-0.011733800450889039,-0.0033705538134984015,8464.04859169336,-0.00583100832242411,0.009470028929638498,46.16454444661081,78.92511846240167,-0.26189673274088443
1,65,2,-0.00941994222370833,0.033499970449912944,8925.497991624641,-0.012387878783818728,0.10979690299446564,24.826446635872404,56.54250451368748,-0.38978083690829096
1,66,1,0.029572524320915578,0.09376093114670953,6797.3934780922245,-0.011273992677405895,0.009802766165185335,107.5878061425383,15.973666382357875,0.7414458397699963
1,67,2,-0.012800812908535731,-0.0005233866652148336,8230.200212921129,-0.006301269860611995,0.01685359104849202,43.20658839302738,31.473000362294194,0.15711907665988514
1,68,5,-0.0064424768600813,-0.009537623013662464,6806.676211692237,-0.01075690966074311,0.001340753114780804,71.79393053202642,42.369114497220416,0.2577437911454628
1,69,4,-0.020910985567828142,-0.08082777867794325,6259.22860305963,-0.008772600785625705,0.005440001493540929,70.40598010730166,70.26464737129963,0.001004706800092452
1,70,3,0.00242711302328713,-0.04722530481544334,7115.832854830002,-0.01604277203232413,0.006527165812450717,40.75911299369055,78.49156388366472,-0.3164128865152198
1,71,3,0.03366963637966995,0.013305681090399948,7194.574660621115,-0.0007596099425863966,0.0018020976839080046,47.117812192181965,29.527191078473486,0.22950773517957135
1,72,5,-0.014420337367117203,-0.09106675357162468,7377.526948994631,-0.01033000215287564,0.005991568743907021,58.849862488598724,86.0674778550932,-0.18781475910167994
1,73,5,-0.021725483706876516,-0.031380922936748344,7283.626906017806,0.012420888401738519,0.011090846674102997,62.68151835731262,53.902907411317464,0.07529831611764011
1,74,0,0.026740912797485708,-0.017980507659778107,8660.814651711848,0.0010677073968829182,0.009986393138683372,43.153456364467935,60.71876777308828,-0.16910498984973882
1,75,1,-0.03035848211656093,-0.004382078621947956,6861.205225992343,-0.012175530522001135,0.03352706290102276,50.010499193556264,23.40594508413618,0.36237867920200384
1,76,2,-0.010143700241057766,0.02788879131832283,9113.19631004858,-0.002217762823412703,0.012021172692590098,49.31611289745509,24.459378801075903,0.33692400448667165
1,77,3,0.0564318788967838,0.05570946010362199,7683.078148374443,-0.0038468868440939574,0.006589507467456245,60.54192886782015,49.62436248652411,0.09910078887997725
1,78,7,0.033153245509102716,0.1003814050844063,7330.82167450192,-0.0034648422685236305,0.009610229960525737,72.28976072341628,24.596589414248495,0.4922589326660443
1,79,7,0.008800825031780611,0.03282401139303562,7555.821587347277,-0.009649147016485239,0.018497779429867824,42.809463073348155,50.67402227325571,-0.0841277918839291
2,0,2,0.03254650488470634,0.07432224490728542,8128.533299496544,0.001528933270533299,0.011202956049023213,82.92757338723811,20.68621554060183,0.6007053548575711
2,1,6,0.2427561122923708,0.36685324599494445,9340.251476123445,0.0013554576269094896,0.0021567618008489576,149.6270074270893,28.875452044951878,0.6764699810781837
2,2,0,-0.06833639955367943,-0.07882121636980441,6812.282379059153,0.009251413660159606,0.010096215232914532,76.99365673305603,68.49112262641582,0.05844277417896231
2,3,3,-0.00833322393592174,-0.10472245269547426,7020.283450961796,-0.013181775749028107,0.0033043319461569416,31.139617124209266,108.21969161465445,-0.5531031632363174
2,4,5,-0.0234460156287944,0.020924766840294456,6979.518255096731,0.014874763665378727,0.006140634118579694,39.98389993194998,39.0475831821605,0.011847389329967626
2,5,0,0.006652953235367681,-0.024847047886851194,9307.701222590349,0.007151736299049383,0.010144245012878509,45.847971748976526,60.39622064736269,-0.13693218019840217
2,6,5,-0.023084969984057135,0.018859645381892914,6387.833682272826,0.013621091213377508,0.008478775591425377,31.65124661797597,56.917555752462206,-0.2852732390862062
2,7,6,0.06882680276079262,0.10182817528171884,7930.665831659597,-0.00012945036716872,0.02798866633663747,33.40880361466415,48.981188452785624,-0.1890082089725643
2,8,4,0.01093417025095771,0.022766184549410838,9017.50973455572,0.011518297210566929,0.011188733616823118,45.065357598826,46.10479819696438,-0.011401105866871594
2,9,1,-0.01692925595239142,0.017988464934565275,7272.934044845319,0.007002298900745326,0.012555071589015357,51.51292934485638,31.565149428357277,0.2401088254666119
2,10,5,-0.030579158380877314,-0.0972176612352239,8540.037097031536,-0.0009259465366469328,0.02863214339897732,69.89101083589821,77.13205798407319,-0.049251095125706607
2,11,2,-0.08063523977626672,-0.12464436381153977,7284.4900699203645,-0.0016626123616326894,0.004480099844579498,46.99247081080051,128.1012716683672,-0.46323072263278403
2,12,5,-0.20124202962444135,-0.1290753247165907,6382.509941565107,-0.007238905118747777,0.0032767303290268954,49.88230282051697,92.7256192892436,-0.30042732433511743
2,13,5,-0.028281433199405803,-0.04797412310539694,7858.29126689723,-0.0025030634758379184,0.008923079967994558,36.87127791775213,64.5695852942976,-0.27304881385297847
2,14,0,-0.00514858815836685,0.010462068003071381,7528.051042748258,-0.005600281657727685,0.011210922747610324,38.42917391559759,29.052311337000404,0.13895459685510145
2,15,0,-0.07274505272814495,-0.07941902447468199,8145.2008297361945,-0.013925373153125788,0.015717280188148174,36.3190357957965,109.17908773298196,-0.5007628288915598
2,16,0,-0.03403631690213086,-0.01859495468897171,9381.051394567874,0.004107127462493097,0.0046590201693982565,26.180064480998364,128.4700306443526,-0.6614284076565367
2,17,0,-0.0239552249711264,-0.008099301414525775,7563.706525067759,0.004417821591391104,0.03388656255686176,60.605035369725194,45.70562856477742,0.14014969198186045
2,18,2,-0.047803102871038165,-0.02470829829182308,9124.429264478516,0.006442607531116688,0.008776428468665647,56.67092281118714,83.52674398088722,-0.19155683389038208
2,19,0,0.021165189630887656,-0.039088872751912376,6440.576941916156,0.013564837600102558,0.004123301111916943,40.13398744136364,27.437915834785223,0.187889803170187
2,20,7,0.013332397324415022,0.15507718964794176,7970.185571929921,-0.011430907619656417,0.007577769856821296,89.88498921496844,53.35855610123229,0.2549953160741132
2,21,7,-0.007186053720531663,-0.0360560784169293,7752.667385828451,0.009963441232991085,0.0025307595901852354,43.57109069744633,60.15105564417195,-0.15984980576817368
2,22,1,-0.007126277761156572,0.016762560047641824,7516.663326157905,0.019927885804320984,0.003741572927799066,43.76231343073971,40.94832853057511,0.03321878851321248
2,23,2,0.043677732255938774,0.11413225922768494,7597.410960449708,-0.00010330019785669779,0.0036914588400284885,64.72985978147253,55.87146390195813,0.07345189595674392
2,24,5,-0.02798138626976039,-0.04991892465824653,8129.015478017847,-0.009707453806357172,0.009601163557229779,38.79200483968161,85.05082198824013,-0.3735284338467267
2,25,5,-0.022317865804709094,-0.021465931894164337,7225.225533845655,-0.002023137388465449,0.01376411417090716,58.96807601943374,55.391238616412934,0.031277184673406074
2,26,4,0.07589793260554387,0.046857362454421125,7917.086625983525,-0.0031362841555247134,0.007004504895888811,44.01257556577976,42.37573458284262,0.018947482363090296
2,27,7,0.0015077731785951357,0.01685300715683838,7791.03355392003,0.005516406777934387,0.009417283805515963,30.405917444179998,26.203422638344765,0.07423677434915553
2,28,5,0.05468680650874367,0.11563086852010349,6373.990638513636,0.001982233566783546,0.00555798745683128,97.76237085736892,20.71613478132975,0.6502971628486108
2,29,5,-0.015434121488379929,-0.08927364230504081,6908.991104390664,0.0006224209728804147,0.00719214487505665,48.000709759473295,98.91482735383582,-0.3465536633797165
2,30,4,0.0128183817793798,0.10427349770519515,7537.845145497349,0.003332415723458392,0.07428022426140908,44.4023952026835,42.23314135772469,0.025038845848449495
2,31,4,0.022011551538598118,0.05232878689625894,7414.275817947414,0.0020406681919283823,0.006361019942615959,39.66847259799613,23.762493688080944,0.25076046986148065
2,32,2,-0.0021237779041874114,-0.0002001179603244663,7142.8798629084995,-0.0016183581434360782,0.004526092343293265,42.70189581068676,47.69535659310468,-0.055239076958419196
2,33,4,-0.03394402849344121,-0.0995141612805513,8570.579960354025,0.01231181260488534,0.0238017129529569,83.58129075614978,102.95628682426045,-0.10386645049925594
2,34,7,-0.02248671111605967,-0.029961739038867494,7830.678203506986,0.0032706822607660338,0.001609209808831201,46.5925024338169,51.533704633642245,-0.050355581321695715
2,35,3,0.04988463536716337,0.06701807100457714,6176.150040930426,0.004239720347013653,0.018623613807992,48.63957487881559,28.927995771811673,0.2541213930178744
2,36,1,-0.0062966386780337665,0.0115397757210157,7993.037032594687,-0.0025515909005171984,0.007350671973528106,35.86546177288987,42.5578693375491,-0.0853369459038837
2,37,4,-0.041907546192173614,-0.06176268141056503,7150.516336318118,0.0011670642962915132,0.0024769485110923473,69.77015820690573,71.00172264321256,-0.008748653700303546
2,38,6,-0.03173248260018799,-0.09326868863908727,7009.262275271263,0.0007773810473395389,0.008248880981294872,66.44300404356488,59.91735797213849,0.051643141625091094
2,39,7,-0.0007499366649203094,0.00958335369157621,7559.304019603022,0.005091225742862651,0.005050966168279277,50.50730893100881,44.91093767460484,0.058650954669880434
2,40,4,-0.049737310566846715,-0.05536781962863404,7176.909609571754,-0.003724470611235378,0.016720553966658582,73.96523343372213,66.11075751052041,0.05607296346932238
2,41,6,0.03816515898130759,0.01715591132506199,7161.751727818408,-0.005471231922706589,0.01632131929365391,45.88488634702231,43.93389938535173,0.021721368706342354
2,42,2,0.007325357728786367,0.11854556107725334,7498.715838722322,0.012807245311786472,0.01768896149568982,44.92494947106439,38.19274831754523,0.08099600124344078
2,43,3,-0.0011165998448670247,0.06920366306029507,7510.070537116039,0.005790186933886658,0.027355187258830224,41.67067668697735,15.541140167968813,0.45671572683664624
2,44,3,0.009588989507314984,-0.010216170693212878,8449.625010947439,-0.0018954431124541217,0.005067147671174975,44.06683793699089,61.47163120256352,-0.16491421002509715
2,45,2,-0.04676771794797117,-0.05808634834097312,6848.094018157877,-0.009175107564570814,0.01360876123530977,43.103327250896626,66.09056113468338,-0.21051758686717764
2,46,5,-0.027994950335351654,-0.03158852816192025,7031.817146055697,-0.027905454661831152,0.008500788584488805,54.747756477179244,67.00886326679736,-0.10070176730677496
2,47,7,-0.01609705881549236,0.006870901892902114,7936.926535982001,-0.0008648612232233397,0.010296728354665385,68.00214782502917,49.69242529559549,0.15556981128188938
2,48,2,-0.05670124652859733,-0.03554083093673842,8078.737569625325,-0.01650622732263679,0.03403258600297419,42.92789202559403,84.1507757155392,-0.32438869892462385
2,49,1,-0.05109906761968897,-0.11743078835137039,9438.377454251948,-0.013335748052615438,0.0103674946083045,87.56257287010605,82.79906206424994,0.027961170997587787
2,50,6,0.01691875981767088,0.10420856902525386,6034.38429523691,0.002026287047075013,0.004185042180453209,54.180611360481926,38.09279958108465,0.17434937773581125
2,51,6,-0.01963016939800081,0.01330274938055553,7693.073858157213,0.006355353795782125,0.010909758541997997,33.58593264993666,29.64231154861548,0.06237119425418287
2,52,7,-0.04266618232622287,0.0015030070360719933,9116.133808659313,0.001445428222532005,0.004952780900837556,61.55337445094773,89.42239204102876,-0.18459265508267858
2,53,2,0.03414679741559058,-0.015970380389795827,8590.072514491514,-0.01251240769292343,0.009799582763093641,39.98877588247951,42.80445147102935,-0.03400852555841942
2,54,5,-0.029863134971108755,-0.10710001384386258,7478.07053195395,0.002796022390279193,0.007519521741701538,42.53269150565271,99.49503552704445,-0.40106495549194415
2,55,5,-0.02458656518145167,0.0005775698527023289,8586.496341898948,0.021460534302022084,0.007417771129476052,43.41236061083506,46.82835386827268,-0.03785423549799826
2,56,6,0.01775562498562995,0.09714614496325132,7398.759346957205,0.004538503590050977,0.009608676045462951,54.48064175887015,21.528934088364664,0.4335204782131504
2,57,6,-0.013066634036954128,0.016035317883231478,7585.517309189059,-0.010479403588772506,0.014928016066465155,43.15863892261738,58.86780979874063,-0.15397155416898045
2,58,7,-0.013652151525898541,-0.05840791696458095,6623.55168178689,-0.002366454550471616,0.00412284953555842,57.612952535045956,59.04871246851419,-0.012307041335404492
2,59,3,0.05017554353485764,0.055517321627880714,7277.2881262256315,0.0024502312862664925,0.02134041184232108,53.881130415061925,25.280706672611654,0.3612905510317218
2,60,0,0.03478108221552596,-0.0015186501526268173,5748.626882335536,0.006399895020850183,0.013830556712653954,36.07547115323061,32.35285158618354,0.05440173626889833
2,61,1,0.05262926292084306,-0.0023349872069411,5986.349900818571,0.0035857480230272014,0.005798720828045748,47.67531257822336,45.739013577687054,0.020728073307341083
2,62,7,-0.028139494828287294,-0.07768208234017011,6787.101502326092,-0.017429976138618762,0.0044846707489178145,58.099234680050294,68.29673334982616,-0.08067898706456189
2,63,6,0.04541072433161052,0.019196813199824504,6890.6336935695645,-0.0011315186677388557,0.0029910286918899487,61.38500250774639,39.17561808455568,0.22085568179826834
2,64,0,-0.029141985431424055,-0.10722848071908404,8501.80820017081,0.0044611757681196264,0.009502952149624863,46.67998315809669,79.69176128386172,-0.26122752575173847
2,65,2,0.002928474074286126,-0.04241502055192125,8899.029143490592,-0.002965531801014054,0.10936398945106988,30.62929209432518,79.55611102741742,-0.44404083977066827
2,66,1,0.007283994174400652,0.016056792126391422,6830.6318297607995,0.004889867237449306,0.00984104441245407,51.16254866831134,34.529534408834856,0.1941021114436924
2,67,2,0.011581424119904433,0.042112489911372175,8291.809206001211,0.007485722277248964,0.016963108243345418,34.85821449446565,41.1450047079799,-0.08271742012250508
2,68,5,-0.01392386416822974,-0.03056624366429573,6961.372149517268,0.02272708925970348,0.0013698804114834144,60.54898202040184,45.33715607915001,0.143662109263125
2,69,4,-0.025247878606845596,-0.012959536782455998,6252.4092468118015,-0.0010894882868625552,0.005428748018384149,66.56299995435386,57.26384942842918,0.0750980144629484
2,70,3,0.01651711023721934,0.0789151196603913,7204.18228861108,0.0124158950306302,0.0066017288385441224,39.41727090283229,22.37125924733653,0.2758766329898416
2,71,3,0.01756845010358869,-0.04251470845829289,7243.968771325518,0.006865466415236213,0.0018126913224278333,51.8813150132426,34.120694986265875,0.20651401085709178
2,72,5,-0.018933616413392147,-0.014990772056537094,7469.064188423902,0.012407577778044687,0.006059963596658923,57.753360116482845,81.44648470238548,-0.17020941809642634
2,73,5,-0.050633457066104184,-0.06313180635573427,7194.064101671066,-0.012296456902912183,0.010943730628559925,61.392496608866665,77.06888627536014,-0.11321849702662531
2,74,0,0.032639237148321065,-0.008951055897582397,8656.807707582007,-0.00046265210502443904,0.009971988453475336,47.805592480849405,57.82881837834967,-0.0948859923189747
2,75,1,-0.021668137142197515,-0.014428526944016699,6977.173881936178,0.016902082378254833,0.03406032028395966,60.169020142589645,50.51029068406191,0.08726770510496032
2,76,2,0.0023853791304856067,-0.04290955130034811,9125.420498973277,0.0013413722813386242,0.012025498208720401,50.55213980374953,58.86957698111133,-0.0760126730020064
2,77,3,0.01400146039516154,-0.0047614721886840485,7690.926116792475,0.0010214614854193419,0.006589772547506655,28.697395938027725,33.86988582033065,-0.08267084228138553
2,78,7,0.017628324039460838,0.09574057000569292,7351.9679616680305,0.0028845725765860642,0.009628503932018645,109.08871624480528,20.287180260523776,0.6863839276270242
2,79,7,-0.0037393636837759945,-0.025218714018239233,7620.200702750483,0.008520465267604149,0.018637102496102325,68.15243735455365,47.70798469258474,0.1764576056306314
20,0,2,0.012473603046803304,0.006444157063734599,8249.640358168255,-0.0034704295592103297,0.011512307811256903,19.417813161003046,59.93486115487205,-0.5105946125025892
20,1,6,-0.010934961960265964,-0.00543299046207614,9456.902374881245,0.009463027138591287,0.002211054530679968,65.0438988875925,42.392266392689585,0.2108380584470597
20,2,0,-0.041697073460371256,-0.07360851557577251,7166.777553982238,0.0054613095046796905,0.010754663280496696,55.127639407311875,63.800017198712254,-0.07292145526802694
20,3,3,0.013292503496989636,-0.0007252027727273069,6493.389195002447,0.010533535427943446,0.0030946204400749385,50.44940303341322,29.452345459350305,0.2627859586289501
20,4,5,0.02634069487988717,0.034368071443278546,7050.758203367205,0.0024826826166189165,0.006281025105743272,27.712860562870187,41.74222618077767,-0.20199190981484985
20,5,0,0.027047210507671525,0.04992579401363794,8798.255743755364,0.007052685572344036,0.009709141086672212,40.4713828446683,22.297391809106397,0.2895387258317212
20,6,5,0.034180191422895745,0.010577873315937136,6336.007296558923,0.014239926096711363,0.008515342952730112,67.35391288019025,33.462036143391174,0.3361757446585698
20,7,6,-0.04060584724239721,-0.0388227322591937,8583.059188411238,-0.004317121580620763,0.030670552228742196,36.618855764801715,37.319442051747906,-0.009475282872686083
20,8,4,-0.016355140510360952,-0.023678713022232345,8855.038371061702,0.012999946712160875,0.011124786780755947,68.5151078557952,76.80175752405609,-0.05702469322155392
20,9,1,0.067759531852345,0.09114384119768244,7326.903871176313,0.023612333351756207,0.012806692210484496,34.22246978424191,38.81822340866857,-0.06292045465978434
20,10,5,0.21212733630196762,0.15584556773149175,8147.637165523815,0.0010405589823809106,0.027658760768544212,112.76976695658755,59.19689490643298,0.31153056917809063
20,11,2,-0.04004048681618977,-0.07113603227712487,7316.246394722326,0.012206713478235633,0.004556000830167349,55.71933484093282,49.58862021789325,0.05821701332588474
20,12,5,-0.0006776431017955671,0.07063590428104251,5901.103521198213,0.007381936556348948,0.003067533883246594,46.34163046821786,25.23680373910007,0.2948489578256974
20,13,5,-0.015052732592733412,-0.05375365185218069,7939.876923341838,0.014132854310527404,0.009128667060797105,47.867324044275136,38.697261051211655,0.10593319407517898
20,14,0,0.05039153375860432,0.036437631241466324,7927.439791907279,0.002996031930211446,0.011953599235276904,59.65214365486249,36.765682467319266,0.237367529509573
20,15,0,0.03034405670316591,0.07432159950612877,7980.063272999283,-0.0031558040815087406,0.01559153476645386,50.427876156698154,26.088748433978914,0.3180894067479118
20,16,0,-0.048257216065181636,-0.07597997291966851,9323.943995979325,0.03165539556896346,0.004688669984890212,59.56334283412415,63.46060694940013,-0.03167890579112454
20,17,0,-0.22549206952896222,-0.26452045512698247,7035.54761032092,-0.008245464392118977,0.03191520858292005,29.898976798146037,94.27524840624916,-0.5184350576910711
20,18,2,-0.007605285619266135,-0.06103551303792293,8229.106378765446,-0.0018303922025739768,0.008014413012118112,66.32267307683152,43.22487447531255,0.21084724503132937
20,19,0,-0.07563719309914368,-0.08244225226455601,6653.780250156492,0.014887826488734258,0.004313160964458157,74.27011030070105,65.67699511133691,0.06140259324408705
20,20,7,0.05815177124052932,0.0379674720315078,8057.591562386985,0.015574440657385464,0.007756845859192203,48.55135507234235,62.295564275607056,-0.12399270348684677
20,21,7,0.015967673080409594,-0.03710556411249239,7820.186519613277,-0.008254672683434936,0.002584781193875513,31.06161039837966,71.45522728247725,-0.3940193415783281
20,22,1,0.046249854480713115,0.0664400657569339,7253.7311252145455,0.008237617155013534,0.0036559269022984017,60.538600558238656,29.056717547428143,0.35137866214538216
20,23,2,-0.006855790853012363,0.02120186839211893,6934.8755404974545,-0.009563184874201222,0.0034117564148876405,31.265571920781703,37.88869095213547,-0.0957731129811782
20,24,5,0.04749251529760397,0.0486385454033171,8489.743118871325,-0.0007614947659384491,0.01015283670863662,31.402516065798796,39.782377066547895,-0.11771965415543396
20,25,5,0.016896219180898227,0.009933756328036848,7331.809287877558,-0.0029607998303899288,0.014142134137843801,40.57410959533632,26.716499734675796,0.20593675697738087
20,26,4,0.0669155644269624,0.05354842838752438,8188.870530130253,0.007795786151884164,0.007335724037192707,32.91272574609489,30.7465800476498,0.03402716494316398
20,27,7,0.0027864659194029445,0.029348839828131457,7772.565788764731,0.038129939926001125,0.009512658912851517,38.36689340511861,36.59818363562195,0.02359378312266446
20,28,5,0.02461890789899313,-0.08961899678933832,6317.6924980307895,0.00848262425208451,0.005577910721630767,66.10552117991027,58.41188304317019,0.061787652775789244
20,29,5,0.018703862645996782,0.0034008539054018443,7130.104356767175,0.01261818253677658,0.007515305057279347,32.97367770226865,33.15982219563059,-0.002814677790325671
20,30,4,0.024966828584632863,-0.02570089229323755,7277.3747693131845,0.03328509048506827,0.07261187810396039,45.43719460679458,52.87253873228737,-0.07563182070458653
20,31,4,-0.005653543691555745,-0.05712243412750695,7064.623043416397,0.0055873448244809585,0.006136969243025593,48.352989085073645,60.41375518138692,-0.1108865230594335
20,32,2,-0.028269368780907522,-0.00017666429781080378,6584.330245554356,-0.005807503320779146,0.004224434727562716,54.46137878227145,39.76326412738035,0.15599013380001384
20,33,4,0.014430869440847656,-0.010017368865879981,8350.7814205962,0.010740041806746672,0.023481836115253483,26.00097583236874,44.91338180379882,-0.2666936090459307
20,34,7,-0.022389317973354483,-0.05169853243683653,7852.674227977648,0.0005374452492573727,0.0016339464114979855,44.73965617919405,56.434991193894845,-0.11559551051814193
20,35,3,-0.11519687714526866,-0.08687242301565029,6317.161049372185,0.01878218648073049,0.019287458395533637,41.53085876208023,83.9966259533075,-0.3382985589743385
20,36,1,-0.024746947063286583,0.042777659613996766,8276.645343468777,0.021740300219749334,0.007706842747771643,40.144109088618464,44.067496546677575,-0.04658962892839193
20,37,4,0.007897401749101505,-0.025426614335405485,6924.614820600555,0.009694508624518781,0.0024287461813608186,53.77758950459658,39.63093616441356,0.15144927337960282
20,38,6,-0.0011829265338094697,-0.09807574626165726,6797.020494695661,0.002387751026588423,0.008099314070986158,63.40871702656546,56.21143795082625,0.060167779226162454
20,39,7,0.05107994458246192,0.04895015777063468,6942.261061627488,-0.002234941196918119,0.0046967832955328494,42.99905929835343,34.27121998589651,0.11295208705325557
20,40,4,0.006065513304315335,-0.05583549845294148,7281.224351220499,0.0025454555294406253,0.017176098912540898,35.49523962842846,49.34953312450965,-0.16328988865655414
20,41,6,-0.03399205064032405,-0.030224485777977414,6922.9713054360955,0.0015781416186520737,0.015974801306491974,48.68329461084339,58.52119702187725,-0.09176763269067538
20,42,2,0.08887696980612741,0.13457456645144886,7913.99033078238,-0.007047262381035189,0.0189024409304971,88.78236136441295,57.03177778253543,0.21774694667752498
20,43,3,-0.007682342748991627,0.016471654181562212,7338.996416415078,0.0033772738660198835,0.027066947825304853,31.619405788223876,39.61227591653095,-0.11220948231047205
20,44,3,-0.013474500630744592,0.03923984576125277,7952.2078003445085,0.01904712884921446,0.0048285949929224034,42.06200274504828,30.316707541137635,0.16227555253896336
20,45,2,-0.009571751207316584,-0.004004289951523411,6445.787243148004,0.002754182204332338,0.012969755261486256,30.159294189488534,22.50490240274597,0.14534336953553537
20,46,5,-0.07315491639611693,-0.11404662731972523,6382.367909230579,0.009195524560583628,0.007812327048538139,47.14745677151182,62.57548581943975,-0.14060896184039828
20,47,7,-0.011710791135576286,0.017577763293270772,7873.4700089461785,0.0016662703786688958,0.010342368475360755,55.29559720002551,35.34157403538288,0.22015275733392733
20,48,2,0.04805736599632968,0.12080261813854708,7947.4671240020025,0.020695320901754303,0.03389901851674453,38.22308964009001,26.412669867908583,0.18272268883197976
20,49,1,0.039586258418393604,0.04108382788320244,9167.866097053979,0.0034263103232024415,0.010196512885912553,38.961180339443466,43.18665460902797,-0.051437439248198845
20,50,6,0.007828212521163933,-0.008940630205463495,5738.180731145114,0.005150391259109384,0.004029470976922151,39.95060908599392,31.81356375155907,0.11338590013070536
20,51,6,-0.03135792192036252,-0.03349775322150325,7885.662617509485,0.004864102290862976,0.011322970168273808,31.339507352140718,45.39343676635556,-0.18315378844748417
20,52,7,0.018050043363340283,0.049462403904439074,8734.205290306129,0.009196475363876744,0.0048047274216566635,42.21011450438546,35.984705610186275,0.07961408294050738
20,53,2,0.07744040976255816,0.05756331521173616,7547.199260449265,-0.053464487620958775,0.008717731834890032,51.74954125865032,59.2477283609888,-0.06755289682318683
20,54,5,-0.023148400472070473,-0.04081672409946807,7176.933629975631,0.020348458841211742,0.007307124828657141,44.767340170643905,52.671364425590134,-0.08111791189771829
20,55,5,-0.051760734752737195,-0.15047945676478697,8184.790092890963,-0.01257584184109798,0.007159322401999741,34.82406179604476,139.2309751048638,-0.5998499966861586
20,56,6,0.01704254002449956,-0.04394755518554669,7007.622696410589,0.01772384520443871,0.009214723211183726,30.413953727762856,51.36855416478899,-0.2562235003150142
20,57,6,-0.17265779088419564,-0.2878656174017191,8140.203907979708,0.0015884300974079966,0.016220308432546262,52.75410406667543,121.56448347806511,-0.394739197811215
20,58,7,-0.00634901433851254,0.07753540196063723,6491.119509692462,0.014106669987423723,0.0040910340607318366,29.6044743709749,32.647088928289016,-0.04887611484772492
20,59,3,0.017832580962559786,-0.08497718209725344,7657.283263683595,0.01711975515259352,0.022736042567117237,47.67551290897848,45.5624219789299,0.0226634248449014
20,60,0,0.07489533458224704,0.12830376072673294,6067.070204178758,0.01205222841676954,0.014779559658027104,65.22664868765779,48.77201972220587,0.14434053655914328
20,61,1,-0.026244122688461494,-0.09902542540950897,5861.2944561122185,0.011877595169640537,0.005748712332376361,56.38056731636233,50.99334891869513,0.050172505451171245
20,62,7,0.004299975349999742,-0.05431283518957589,7089.944267707793,0.004615822035477488,0.004743468001079843,33.63488839375976,35.42044830683233,-0.025856943117785153
20,63,6,0.032977656105903724,0.058429983941294145,6989.299397223198,-0.0035016426074613452,0.0030718640707418535,44.57930132459594,37.93415182647716,0.08053413406262008
20,64,0,0.09536429990145795,0.04521813641403984,8222.587801756124,0.013353467269123193,0.009305992391627518,74.78198644590388,33.836834497241426,0.37696185240049274
20,65,2,0.01320684494807511,0.01812784833966427,9095.927589990055,-0.004576767190572331,0.11318415785412118,22.446426704455547,41.6002173966383,-0.29906002040716706
20,66,1,-0.009216227892079008,0.0019751088796651204,7108.967869908381,0.0046005269946673005,0.010370359208669164,32.817191866602656,39.76784288515812,-0.09575873376971956
20,67,2,0.049575360654783816,0.07860618402704249,7759.963845167504,0.008090694911002436,0.016073955619264113,29.82460956533585,34.29153620106893,-0.06966929440733731
20,68,5,0.0005837588957077443,0.002720346848056057,6751.049392200398,0.0043904914667197825,0.0013451354665261774,44.711329465893726,39.45779718828439,0.0624163809983662
20,69,4,0.08217244732138371,0.09320069320598688,6125.056297681508,0.021745873435521604,0.005384796634424813,55.74709095766634,16.000995723340466,0.5539673191632789
20,70,3,-0.037482652713476075,-0.03562892131281607,6759.035479901013,0.0028041559275033107,0.006271402127983927,44.16309985980543,53.70371439847154,-0.0974856963606715
20,71,3,-0.022180334784185338,0.013720013211366632,7594.124964239225,0.008143257219142512,0.0019241191404447983,27.74776534438273,34.76645060350548,-0.11227342697317434
20,72,5,-0.05223104596748809,-0.10742293712999554,6673.900509057319,-0.006647655482993672,0.005482649538481237,49.73626478238281,67.08551012407413,-0.14851037279167284
20,73,5,-0.01593045394028688,-0.047759765302184,6847.951704202782,0.006129660154950993,0.010547722960862439,32.284429770672226,45.502119075715136,-0.16992255731739994
20,74,0,-0.03448702343574029,-0.03584632111976322,7932.258239188156,-0.018438335478210353,0.009251832785476208,36.62122787495885,58.39719509067925,-0.22917626430577737
20,75,1,0.05021551782267348,0.05332676260196257,6463.322719226749,0.011042967038820453,0.03194713790117897,28.975954858154843,38.79314777167101,-0.14486237138177271
20,76,2,0.018428636777726118,0.018086700824809874,9482.235384667889,-0.0013573456985212888,0.012652252723602885,39.97012490280984,32.09470158265709,0.10928248500857324
20,77,3,0.019786047985403354,0.07753727958110886,7471.680484484203,0.01548924739518135,0.006482119173284502,53.413090645848264,18.099108324288128,0.49381759797113056
20,78,7,-0.03467978092543032,0.008443163929262136,7247.355445914073,-0.005563697160429051,0.009610405269617154,42.37723924050915,67.61373740254524,-0.22944153176950868
20,79,7,0.0108817915345307,-0.0031758001269829896,7078.132009235151,0.014911098176446046,0.01752821032774867,46.95240343599401,55.170145349075575,-0.08046941650757683
60,0,2,-0.005545157559141152,0.005557174669158123,8358.697582459255,0.010307416162789617,0.01175887792909808,64.06558839295711,48.01093672147404,0.14324722911374954
60,1,6,0.07402392974421103,0.11877042387820848,9630.509765808123,0.028042442961007767,0.0022698633668216026,100.74482639565777,25.9429222879967,0.5904430766534076
60,2,0,-0.012785414110926447,-0.07516105725208642,8178.390086317312,0.016097132240639706,0.01237201979240609,55.713068275349364,64.3174800440758,-0.07168518255666627
60,3,3,0.004992338413779784,-0.01745215047381827,6974.119375595641,0.01918406367056583,0.0033506203717787973,69.746631349166,37.88401883138359,0.29603660726788394
60,4,5,-0.05772226826539252,0.013528716377693595,6728.717769676163,0.00874741308142982,0.006042642662359997,51.275113204592564,64.85609216077098,-0.1169451304094708
60,5,0,-0.0305328643153581,-0.0038235217194629995,8372.544825528852,0.010574759909432494,0.009314115170094091,59.89159717239376,57.644532157091156,0.019118079080044963
60,6,5,-0.06625645655222687,-0.09621635772057946,6079.835855790565,0.003263485406184258,0.008237173646081604,43.19294553275809,75.7821364073013,-0.2739161036315822
60,7,6,0.03145608540542942,0.06508435296262415,8426.546211428269,0.026831832180212293,0.03035491262042574,26.420307638714053,49.30177793485666,-0.3021769688792981
60,8,4,0.009096486447219249,0.014813690253173688,7824.925560215484,0.0013255345322180888,0.009910175724023272,52.37450649114434,29.65529424982937,0.2769629090381272
60,9,1,0.016510721007977052,0.002989520183138094,6715.695586203131,0.010879188593940086,0.011833340799478172,25.262114499869014,50.11724182510169,-0.32973387591357356
60,10,5,-0.0005060561074811884,-0.003106801217611206,7635.5400674493785,0.007728302197109604,0.02613007702375761,49.84255257763553,31.3305341232969,0.2280561107934057
60,11,2,-0.010210478318071238,0.0022499056390737435,7412.004334946071,0.0055711021019626585,0.004652978310696314,37.36458422084365,48.64363056933067,-0.1311391752040458
60,12,5,-0.01288359189172508,-0.021142076566062918,6345.849231288725,0.028258447912077454,0.0033254144288032183,41.449668367529455,24.933301271827833,0.24880428195939813
60,13,5,-0.013435585550303842,-0.01635759058863528,7084.444455770805,0.01103589109143051,0.008211061200066408,46.59068266894488,61.392520163648626,-0.13707537011579457
60,14,0,-0.03527648543924737,-0.07076770321967868,8830.166434309884,0.025414305306640406,0.01342253423844878,61.85882235858864,115.07879494788152,-0.30078382086953753
60,15,0,0.008074260711702917,0.008969634641326489,7642.3167451694835,0.028667871259152537,0.015052459184157943,51.06370924148871,39.313279437148964,0.13001572608257492
60,16,0,-0.020012005683637715,-0.025668109822170215,7703.239289213292,0.003047420193646169,0.003905020249381723,44.73690296589257,66.38689022800357,-0.19482764797400176
60,17,0,-0.09320657693942436,-0.13159081974366393,7638.053191523704,0.01423210997392429,0.034928694312053865,65.83606700624908,68.12666456404942,-0.017098767178998758
60,18,2,-0.1691465011252891,-0.19073891462736525,8035.188744897692,0.012056450897367087,0.007888873964568504,21.487560723853115,88.36973044405896,-0.6088095656515919
60,19,0,0.009153845186301909,-0.018878198509105982,6697.922874769311,0.00909550249721835,0.00437690627455518,45.14128168913321,54.77959063370916,-0.09645941553971134
60,20,7,0.01973813781353222,-0.04318641967175191,7806.139299875977,0.02233793376427942,0.007575583703166044,65.19065007700802,47.61779480695922,0.15577606169438954
60,21,7,-0.06397557606783572,-0.001977292187929608,8094.893801473946,0.022787712617540073,0.0026972283837464178,59.98090414267325,73.4811190257469,-0.10115398045432093
60,22,1,0.0023159685407031436,-0.010966962572567029,8082.437680638788,0.016941668535917317,0.004106561270626583,49.707419455053014,25.618381560786624,0.3197979652268299
60,23,2,-0.05961444380802601,-0.05008072685727068,7125.403185289859,-0.0007817581809028019,0.0035338546377850395,63.01072161730768,86.46930806496569,-0.15693458515738437
60,24,5,0.030430857429467557,0.0027815214222924323,9691.285585368521,0.013831886144357269,0.011683531543526386,17.84128179482794,42.9854046756985,-0.413373213953398
60,25,5,-0.02497820635890502,-0.09607569926620595,7828.797926990144,0.010977160868800791,0.015222948142014735,27.568792847244342,112.40378938368765,-0.6060829569884857
60,26,4,0.008058876855915324,0.09638445308958932,8135.248160464693,0.007917758451731264,0.0073466555425043,22.32488234433766,42.236918106699356,-0.3084182228956634
60,27,7,0.016316501245860142,-0.02176870674008665,7306.788232916368,0.0185658503808452,0.009014962633968919,32.44730752695057,29.865416650588195,0.04143440862840027
60,28,5,0.01959694694604688,-0.03446869746374723,5678.403356560881,-0.0012150536659010867,0.005054046181290478,54.44971330561475,45.195236656253364,0.09287451750249251
60,29,5,0.0553403907687451,0.05969338263009068,5632.291993434514,0.003967745355250548,0.00598460900120701,44.72284211933492,25.431446348032377,0.2749852673653881
60,30,4,-0.02249808459777549,-0.0979234428280195,7084.693123806561,0.005779733290268237,0.07126132031145417,44.95234067193111,70.36828754024982,-0.22039376009411746
60,31,4,-0.012336245203928205,0.057656439953695446,7035.103339269504,0.01875084562849147,0.006160774692926264,45.718697079729694,32.17414945368982,0.1738869258046022
60,32,2,-0.02083904561798246,-0.01335685954396988,6579.6016755549035,0.012138335279227693,0.0042555577979474,49.5575051354878,50.27713938716252,-0.007208261772337374
60,33,4,0.011950960983007587,0.012351232819287877,8135.176240593908,0.012945206703575584,0.023060663274479316,77.64635626461134,34.429375336729095,0.38560516456160043
60,34,7,-0.010709786003619836,-0.050936626305408385,7372.706096436896,0.027858747247181258,0.0015464897350247,39.34537554740551,47.318164352791534,-0.09199703606009636
60,35,3,-0.03540229379184398,-0.05227356132826316,5594.286330971142,0.009403458321075453,0.017218592039006036,54.71241200186968,76.65195369221925,-0.16701288491944347
60,36,1,0.039232534334338806,0.048706642760803456,8249.694220400926,0.015867114005459777,0.007743902836462249,64.78662339279529,23.58906891803041,0.4661638669760347
60,37,4,-0.07031597503403643,-0.10439267476402891,6142.492458289324,-0.02299640689707162,0.0021718560344063313,70.40135275779751,85.24165735342356,-0.09534835252110554
60,38,6,0.010485407749691061,-0.04856289942531883,6995.74127785851,0.019532358725549936,0.00840355975282966,41.394753963908464,54.11673630705007,-0.13319844876168457
60,39,7,-0.003537776617941276,-0.0028042146308319294,7953.255759764832,0.005180230701323639,0.005424309010501281,44.96766667197246,68.70036971065393,-0.20878959286834403
60,40,4,0.04481120389494196,0.0521157848149917,7563.882476757865,0.02006624111792371,0.01798725054543604,38.45768375061989,49.2033766925296,-0.12258228325626966
60,41,6,-0.07725543257111372,2.7223739589701812e-05,6483.991672364682,-0.0035487230356950564,0.015082914668914598,46.323117421628794,50.70989523669688,-0.04520912723249844
60,42,2,-0.032020722078607455,-0.026232109674712442,7008.888757632973,0.02961335973824658,0.016876074479751115,52.05822370431097,62.42658918346308,-0.09056542276245266
60,43,3,0.02180887444994614,0.015091057154855467,7942.250028508733,0.014706257293391051,0.029528817593361702,27.633821363866947,51.67877005143054,-0.3031668523016225
60,44,3,-0.048079986666344866,-0.08452653488008677,7433.857010522871,0.025481306013116153,0.004550374645258905,57.21057618364005,74.05159250825567,-0.12830061008680488
60,45,2,0.0004160967247697478,-0.0273764284431288,6013.213383948711,0.00584251333490335,0.01219726113661083,58.34714313526969,35.035456719108474,0.2496362968290032
60,46,5,-0.004599911711283588,-0.040220029347260246,6303.35581433941,0.031967177208529596,0.007778042210812536,55.04501603291907,42.37185066324474,0.1300921062167902
60,47,7,-0.011760200489760564,-0.039691388156532004,8140.924165012641,0.026499685703387545,0.010780215195111457,43.75155419530419,63.668130775362634,-0.18540900194700508
60,48,2,0.012084551895763945,-0.014054336473864813,8840.35701607692,0.015116289227981599,0.03801264418311818,25.88960664011239,39.38287219197721,-0.20672212535958512
60,49,1,0.0025162172417757533,-0.0046434057324487125,8892.113837065637,0.010234280522616346,0.009969842943918705,38.26825708115267,58.771255120940495,-0.21128504847465923
60,50,6,-0.009703718167604914,-0.016651438224042706,5667.447738463199,0.020129842291354318,0.00401200278054896,64.51876177978535,33.032154489983625,0.3227710050657582
60,51,6,0.005724860374123102,0.04431217086275534,6742.600000506099,0.0008961044817291947,0.009759991945701398,39.62894499128192,29.7158360526301,0.1429539294706471
60,52,7,-0.02168606147786519,-0.016596908903414594,8123.671978415533,0.018628044554819874,0.004505029406399808,45.75065337425361,38.417021928256,0.08713121064057491
60,53,2,0.006863433719242185,-0.054173578088070225,7150.494251160579,0.012172503085927554,0.008326330454617122,84.25447835186354,55.284033297672394,0.2076161248354542
60,54,5,-0.05230906344750117,-0.027135208729902705,7056.1807751436045,0.016856261105678276,0.007242311279780232,40.16621957358829,64.25608238673254,-0.2306965309198738
60,55,5,-0.04418080285166157,-0.023685208691377413,7679.308111364084,0.005290533931808084,0.006771523018613967,54.800786259130476,75.15602376037637,-0.15663078755190968
60,56,6,-0.043477836879760465,-0.028966803999617294,7251.51147185717,0.01043882079357545,0.00961258104472793,55.83640366896978,59.56930810488011,-0.03234592446509941
60,57,6,-0.03128752390358986,-0.04551180874327776,8455.971594716062,0.021655217774019367,0.016985847934111842,64.1396029422692,61.57094634623607,0.020433102953974415
60,58,7,-0.07866990868428911,-0.0776099450283026,5732.380201828733,0.010484797290692802,0.003642070679609156,60.299121511680525,78.82122349900409,-0.13313726317863797
60,59,3,0.20724876504362752,0.2405477073196681,7075.327985636645,0.004898151949818819,0.02117808219539087,139.63722041439556,21.38672693576612,0.7343658842293084
60,60,0,0.050344553634811974,0.1029973226224042,5794.895767114583,0.01582096768906718,0.014230756753047505,64.57465794585866,27.937983110832977,0.39601804052030853
60,61,1,-0.022872289864680817,-0.030969336356112417,5484.969766036624,-0.033962220786495814,0.00542314438599209,40.53665480726422,65.98903775720943,-0.23893187020869608
60,62,7,0.0036755831296293854,0.03038008764606976,6777.397429390272,0.02088030612206528,0.004571050292058025,51.633821118245876,25.745353123056162,0.33456635133018614
60,63,6,-0.037846798101124984,-0.02643613160723651,6715.881963955277,-0.002860499599901395,0.0029755777075220905,46.52612605740168,59.60683611669668,-0.12324832729830354
60,64,0,-0.04751764585737152,-0.037028910965008204,7887.101927415864,0.012708963803349049,0.008998528965102132,30.18824561020766,47.78548673200872,-0.2256816570527036
60,65,2,0.036996211048697436,0.0211370648385912,9637.508616384519,0.021022894999798227,0.12089360292647086,46.00764895774558,38.65907460113314,0.0867941269915248
60,66,1,0.02523703504069367,-0.02258446797485184,7289.093483264648,0.027856747258616317,0.010719157706366753,38.656040080917165,40.45437060048879,-0.022731907268072966
60,67,2,-0.0018766358656467676,-0.014385773142146079,7600.00327699187,0.014798883831151584,0.015869993126753728,62.86176182826303,43.77403546868067,0.1789992370596776
60,68,5,0.017467192906340957,-0.1061982843028048,6283.308518209607,0.020517312782773803,0.0012620687547258013,45.43080380703512,69.30929921916176,-0.20810941233394842
60,69,4,-0.03742550205816376,0.016327808848609147,5894.881579340046,0.014470438910053776,0.005224373266079465,58.12354997727089,29.489305160337988,0.3268269795754491
60,70,3,0.007979592657127233,0.03217703533284132,7230.231843305678,0.02293582059385809,0.006762885559567276,43.61318998285135,32.56378896485193,0.1450490839947849
60,71,3,-0.012413912846594441,-0.014567253248910075,7408.60664023193,0.010796532146180676,0.0018923028744270843,37.58662848973711,54.406073768115654,-0.18283456040949111
60,72,5,-0.019027666601708536,0.0401718544385789,6959.347558618162,0.010813254623656489,0.005763405491717965,36.21029921836494,29.536446676808318,0.10150848457345577
60,73,5,0.02699093342016537,0.08027873127687832,6783.459262096984,0.038598995478734854,0.010532928567034404,33.349145758920635,34.304082298813015,-0.014115165932117006
60,74,0,-0.07688656307928476,-0.10084110944648525,7015.02284939551,0.013664440271024553,0.008248213852185174,62.264841234291346,68.25528504392672,-0.04589670559175053
60,75,1,0.005491928495436633,0.010519481507456371,6268.518891806808,-0.005066969496054154,0.031234959442174273,59.28052359250736,39.946048126405195,0.19485179353649043
60,76,2,-0.01574173231804679,-0.02478042994301588,8571.655789382958,0.007476033764621296,0.011529799129008245,42.706784125357444,51.51164034484906,-0.09345153316782975
60,77,3,0.004268111375306992,0.036209545055669,6708.610293005262,0.02099773409930917,0.005867203826238764,62.06209849384645,23.925025947842425,0.44352073398410585
60,78,7,-0.050620973421661775,-0.07716343457319104,6717.877456393792,0.004197754993825438,0.008980367508577313,55.59799535162765,53.015830017915135,0.02377381815715725
60,79,7,-0.01995115046084724,-0.050368901021110524,6976.252934430348,0.021277237324630906,0.01741570372922543,50.74622794525075,51.21530166693131,-0.004600497103761718
252,0,2,-0.016210976085180604,-0.024273940462976693,9457.94950992776,0.036847908150583766,0.011795049971613585,50.025903690517175,55.02022501513082,-0.04754407788373424
252,1,6,0.012075956391798145,-0.01888588836416078,13792.19905160907,0.05245914309099252,0.002881771095368198,49.244037676854155,27.02492530235475,0.291325743871266
252,2,0,0.057898265886142795,-0.060104297733160686,7965.32964398352,0.03531230956238462,0.010681987446470606,28.820417531369444,62.54451220044623,-0.36911421885507184
252,3,3,0.003093288754588027,-0.018253039509038987,7342.9875104704015,0.04203307717584185,0.0031274052585704287,43.33672823666109,31.033193531355487,0.16543697253734915
252,4,5,0.041093110827900486,-0.0025555264758876026,7355.40565189867,0.06920314719398155,0.0058556721587838005,29.17515494366205,51.326553231507525,-0.27516681061437176
252,5,0,0.04472951862171382,0.013940228119692373,8108.878584077608,0.03716148554607463,0.007996877527075947,48.56419195889369,31.913915654824883,0.20689199581804837
252,6,5,0.00976143907209155,-0.049666324308454614,5428.153840055441,0.04828818981441864,0.006519496242904768,63.282067877758806,51.985912704049966,0.09799907239281994
252,7,6,-0.01878798566598418,0.041553505508845894,8400.626626558425,0.02995884031316219,0.026826658917049388,46.72173127877118,21.033609519816174,0.3791305815276993
252,8,4,0.06324614124329009,-0.02218730505695103,10426.445315312129,0.04289542058880037,0.011706119012683333,51.145086077037256,45.48413602616024,0.05858424529975705
252,9,1,0.002444922517834662,-0.019576283284031243,6797.998060959158,0.029030759109670727,0.010618738639499746,56.99708389101581,40.730981021343204,0.16644249411971218
252,10,5,0.01577379215627121,0.050580635001889855,10576.99350967424,0.03350591031759362,0.032087707644461755,42.24187011392813,32.38161056227229,0.1321334714244765
252,11,2,-0.015262294068495547,-0.08863778216391124,7973.9216233455145,0.029560887474018496,0.004437545824640705,57.07154878672679,55.76250125828685,0.011601529218406249
252,12,5,-0.005408889287750025,0.07394193821046582,8029.892850657182,0.034141848216013515,0.0037302788864370016,44.07657481801126,57.76411718722914,-0.13440150591650693
252,13,5,0.0101580643450778,-0.04381062985152151,5091.512040024191,0.049332075449079804,0.005231374237430111,64.5417601327761,29.413787758967835,0.37387863901245105
252,14,0,0.0011655801678474853,0.05470135142273898,11772.202077596998,0.05299015910531733,0.01586349456916468,50.20590991884699,32.95573412879505,0.20742947048957025
252,15,0,0.059519415204237903,0.08520352795241329,7620.295745120452,0.09043837309128733,0.013305456398860792,84.74349785746425,37.13482156657003,0.3906246534698706
252,16,0,0.036185967766438426,0.06581685572919323,11437.008998803403,0.04677169827562121,0.005139701405246276,52.12846306863268,44.246476657607545,0.08178460534795341
252,17,0,0.02329729752712644,0.02380291676361937,8118.7154542226735,0.04299679324216876,0.03291262473924435,47.61186356002581,30.768373385736012,0.21489460647752817
252,18,2,-0.08290871214152898,-0.058527613165547804,10990.254389258585,0.028327864999505015,0.009565379494653798,54.3990700113838,92.57647463134073,-0.2597534488645762
252,19,0,-0.012653756009750725,0.02365258812119598,8413.27022351191,0.03239570392005136,0.0048737973486761696,51.772648203623135,71.09290827851203,-0.157247162084362
252,20,7,0.05413972404156851,0.01714206763376997,7689.790772772411,0.04223515539245213,0.006615609351106408,43.30052021342929,32.28764207617929,0.1456958047863308
252,21,7,0.02396068444107867,0.07172621520147579,9649.580661284925,0.04313293399075671,0.0028502997271293543,50.66714938715118,23.264958104490837,0.37063993185082006
252,22,1,0.00806374563189128,0.10350934223505036,8308.549781890191,0.030729935514217984,0.0037422835742898417,49.711979920467705,31.301493404726273,0.2272521564606068
252,23,2,0.004702765761248683,0.03537678721726812,8622.934463499601,0.02971665779292739,0.003791140220835344,36.42328370818174,37.61533647017855,-0.016100418391226494
252,24,5,-0.049950151964682346,-0.04091735138668952,11206.716073076288,0.02342862275289777,0.011976961059897342,76.27295031419894,70.81945894375029,0.03707527395820972
252,25,5,-0.02296903541780068,0.08739057016165168,8364.293699577862,0.03090815632056907,0.014418114937578158,37.340079909937884,50.247732890040254,-0.1473681390975232
252,26,4,-0.03121956318827167,0.034592568384954385,8189.485624991082,0.0371224699509996,0.006556182318590243,44.21854955753535,28.801005429364253,0.21114267446201232
252,27,7,0.007703036147700074,0.04484704183230979,11019.845412455898,0.04624952476898892,0.012052813520132965,55.6952112252686,47.51918512510627,0.07921400879319702
252,28,5,-0.421745578196557,-0.35679354327122204,6688.873580095125,0.06719119454836081,0.005277660867778356,31.670193179690123,119.78213231134887,-0.5817800343797976
252,29,5,-0.02737068788500869,-0.10981761649367533,7350.542278208334,0.05048098005441504,0.0069238161011043456,73.33394996879065,93.73347023070691,-0.1221035210661349
252,30,4,-0.05291621882450808,-0.05822764332061925,8510.74699284605,0.04706261704161426,0.07588851001185157,63.4727064704997,43.83924230302109,0.1829569250366667
252,31,4,-0.10385526486833399,-0.14239750667057816,8245.70338338411,0.027242699151464135,0.006401298482700807,76.11665381860544,133.94225128370533,-0.2752827709763612
252,32,2,0.012512703894319462,0.007894904197901603,7122.045257485034,0.02938991775079917,0.00408354310916226,51.37457665487382,45.375940519359574,0.06200107565988084
252,33,4,-0.006955844965584787,-0.029644868939914075,7106.905036246086,0.04197562166042026,0.017859153315417937,21.844693093222276,34.329627226249016,-0.22225340799498605
252,34,7,0.038780562744219545,0.05805840540286859,7501.0792785904205,0.05621236719502281,0.0013948239642733837,75.07787325394045,36.857855761716394,0.3414460943613155
252,35,3,-0.08748788893579812,-0.06789636090268791,7522.688882280198,0.042134287344027646,0.020525869865161403,44.254433277575075,76.59560917094097,-0.2676141045368364
252,36,1,0.042028784116934774,0.07084422409997393,8391.648668066659,0.03338077987182892,0.006983045334243027,68.09674501449074,48.030513582893725,0.17279518757085485
252,37,4,0.008089298326858004,0.07613561147883542,7608.9608386256805,0.040360402445785364,0.0023849939163599707,47.93053595011194,43.71920571078841,0.045950268521861196
252,38,6,0.014174131364450272,-0.03008804008288373,7996.952502408414,0.039187687792279546,0.008515881197071744,50.517871827534044,57.59467067562324,-0.06545770439000702
252,39,7,-0.010935357685803036,0.014796246432536814,9310.733645442466,0.044164448319505736,0.005629358424027627,50.210087627582276,39.58561858545526,0.11831823023700572
252,40,4,0.03134465617500463,-0.014501130033711972,10047.78690139604,0.035826688553795276,0.02118195066193093,57.45417819504918,51.74666309762359,0.05226621910426886
252,41,6,0.0200215635654214,0.005403730473138944,8435.26362793647,0.04162193521421345,0.01739470270609454,47.40174709901397,40.828355003462164,0.074502827706609
252,42,2,-0.0870719682514646,-0.03046783648733524,8647.960049079922,0.04135881720671905,0.018459140088298315,46.12601224750496,54.77096434340392,-0.08568098260133805
252,43,3,-0.053495540919826244,-0.0449075202268764,8983.61502005827,0.03901617572267527,0.02960936949361245,73.99897120195998,53.38801936840067,0.1617979335339844
252,44,3,0.02814646992959252,0.018704827996704372,8269.045722373185,-0.0005557309748210129,0.004487080589302565,46.70496977752036,35.018843814112955,0.14299535777489472
252,45,2,0.027433407290759312,-0.10436198965729036,8344.29409922182,0.04572557276119353,0.01500447602420497,42.59376479147188,64.47559082239309,-0.20437057741928963
252,46,5,0.0661365447376381,0.01688270488419595,6770.021820025656,0.030831522521450404,0.007405665056030814,51.55334580719424,44.29872102667694,0.07568563746272873
252,47,7,-0.0728348453127454,-0.1086627117794107,8635.17783929416,0.024248485988113067,0.010136791928573757,55.60644518745997,88.1934480918516,-0.2266135402539502
252,48,2,0.02019567200788027,-0.016869116052821438,9875.023127409348,0.040904810749389404,0.03764193343521999,37.28379086588904,29.584248858884248,0.11514532261721315
252,49,1,0.16196518227308648,0.19557218866978826,10375.547956890894,0.06168731481557381,0.010312640295150416,113.82139522517689,26.655714926615918,0.6204973906692233
252,50,6,0.024312560131884146,0.11594224912949606,5303.937938307691,0.04212387035508873,0.003328493090810776,59.23937368542629,29.055501822228344,0.34185304287834156
252,51,6,0.04070817359961127,0.164721430913319,8037.582947275799,0.06064946002879891,0.010313903308176938,67.3596314298211,19.59478258398002,0.5493090763363743
252,52,7,-0.059614836644314835,-0.02641803836798122,6331.372756385688,0.034385439770352,0.0031125666450198147,74.58720763825859,63.696714650275425,0.07875458554886108
252,53,2,-0.004724275957327293,0.010596722366052198,9828.84048176448,0.043420544387394455,0.010146012493834757,50.303357277657426,39.65425842818789,0.11837906958509124
252,54,5,0.003599504475371728,0.0691585840019104,8709.32158461119,0.04467184366812841,0.007924417349252593,36.484357409992384,37.32252404170431,-0.01135621252672916
252,55,5,-0.03275758599079549,-0.09504977408817555,10127.914381558003,0.04893655016859282,0.007916984822156563,41.470517102069884,117.28100655361538,-0.4775418068773477
252,56,6,0.05412318217150767,0.04927448936642405,8433.365603225187,0.04647447740480526,0.009910325731956635,73.79021166483437,19.607985760229106,0.580120681103052
252,57,6,-0.013752932537592327,0.020172092149519764,10490.245908078834,0.04241453333087374,0.01868034573864791,30.77979506558949,29.596442534495722,0.019599640158307872
252,58,7,0.08182933079055406,0.052513890533046774,8004.576068362445,0.039506081357123496,0.004508449850097469,75.06302638305985,44.41498498270837,0.2565161660271487
252,59,3,0.005670001443429898,0.09954093554880497,7964.277601927441,0.03897437783786224,0.021133039594015433,44.203060458334924,23.755748734523603,0.3008780166451056
252,60,0,-0.03075701854978312,-0.12328102392730393,6074.713533265532,0.039535820627821606,0.013224634989052127,64.86520760935846,50.602162542463425,0.12352446451337548
252,61,1,0.006799500368207858,0.0354693126607626,4803.891395115165,0.03908307262474967,0.004210615980995678,46.25160688423929,19.88872326983413,0.39859014239261314
252,62,7,-0.36925513041916747,-0.4907532629625903,6659.659440501092,0.020533997549784744,0.003981810538130112,39.24911881082403,141.3378383408423,-0.5653161288038844
252,63,6,-0.04166899610283629,-0.02895824715538459,8929.859272569349,0.04245535019304952,0.0035074249051721923,52.89078979452994,65.68615219731213,-0.10790767739274795
252,64,0,-0.006980607116401177,0.02044626988414769,9572.912080758262,0.024268663479432698,0.009682191332735977,39.70527752725294,63.3476455197088,-0.22941967382577294
252,65,2,0.07674340336050371,0.13718083578862472,9668.064219948725,0.037491561487561005,0.10751117115110331,85.73810951246296,59.762829036557655,0.17852311287308614
252,66,1,-0.0020368260083160165,0.05432683840817134,6840.124847763611,0.047426716036019494,0.008917162764011837,46.32377673780512,37.035589644170244,0.11142343682127384
252,67,2,0.05565300447424239,-0.02865587909209443,9419.309987306942,0.03231470773114538,0.017436430117752217,50.45336838230278,46.090192341770724,0.04519385868682679
252,68,5,-0.024754875119795808,-0.04853443874315232,8969.06508496002,0.04185507264803779,0.001597045651538419,35.313798314023416,52.13075641933715,-0.19231566969950686
252,69,4,0.029308557282980794,0.03426974704718171,6775.6814769412795,0.054413577326338274,0.005323381853580916,69.49063119759023,47.6951977798157,0.18599035060622235
252,70,3,0.07347687484887278,0.0652977550119757,9049.157187351606,0.035021923050729833,0.007503492828740567,75.18015791883845,43.16162527634652,0.2705598291468378
252,71,3,0.03140030186943104,0.07174432286068008,10885.888335679023,0.04094227327713047,0.0024648671246829345,58.150041489776875,40.93763344231611,0.17370887003941815
252,72,5,0.017489120395349708,0.012789245922525587,8597.361944141674,0.03378932733284622,0.006311773202121939,38.10579782273556,35.29745338750869,0.03825912870187249
252,73,5,-0.05889974675652024,-0.05395739606488698,6301.083942386203,0.04907027038982828,0.008673386660431003,72.84729767954377,79.72301607636848,-0.04506589930580911
252,74,0,0.04146996625837673,0.05378083327652927,10987.047744557334,0.04082460291149563,0.011452158734114438,43.73731484244255,40.38921526544316,0.03979837956784754
252,75,1,-0.08710376933877902,-0.09580541925960404,7213.553490655,0.037398376238552564,0.031864036334939,64.7137429743239,65.03398490069544,-0.002468189089812384
252,76,2,-0.01290931489305204,-0.011312710345006385,6748.163212468285,-0.008558964566619663,0.008046705761227726,63.03177720310693,54.101741407104186,0.07623809053020308
252,77,3,0.03147206383127013,0.03520430623927823,6741.0691134650615,0.037110137271705305,0.005226403261703904,48.64818507519408,23.08746661750907,0.356318202374799
252,78,7,-0.18505059018865708,-0.26542418683528834,7372.0312239704945,0.04530319220813205,0.008736243356682414,49.514490026515304,116.00796617719331,-0.40171876176391874
252,79,7,0.043735643083705394,0.08222318644809107,7542.603627984627,0.04639991499871078,0.016692278431348163,62.16358979914022,33.72116768583884,0.29663131929452313
504,0,2,-0.019532710168915418,-0.045449869570260606,7721.753844001142,0.0005980210459260518,0.01104497287578909,48.46594462677564,57.365338612415876,-0.08409039098054248
504,1,6,-0.062289051226275365,-0.0800105060790931,11186.449631614441,-0.029310444030808333,0.0026807983217608327,35.790922323846075,60.64583660823353,-0.2577327832184306
504,2,0,0.1244536894948966,0.10307458172499678,8829.318407906121,-0.0075665234643077775,0.013580676218851501,81.63278588430877,47.19917034959607,0.2672754225040906
504,3,3,-0.0930348673665714,-0.09346840041896556,5793.82702809127,0.005085833270244297,0.0028302370032261856,31.28288207677287,92.43297650025154,-0.49427854380457514
504,4,5,0.026534533282594374,-0.07953973162109304,5170.41467330836,-0.00797521221192498,0.004721080513489607,42.35120967298322,44.93226565588215,-0.029570957998000153
504,5,0,0.04179761933960435,-0.01455374723781995,7132.647561057172,-0.02182545977285929,0.008067822208768808,31.85903588846846,39.933031215093834,-0.11246361404897176
504,6,5,0.004057358602299482,0.029512604035071034,4832.781379107697,-0.0043194193742091685,0.006657404542122957,17.1366527311548,38.1674058961124,-0.380275041047499
504,7,6,0.03237152274787431,0.008479218263488707,6643.211033952909,0.010480551191376709,0.02433205898666638,45.79115818115047,25.70998658215544,0.2808510502201043
504,8,4,-0.06830447048188355,-0.11224317115526379,8641.034316639123,-0.009304602232124589,0.01112726169403686,70.16421976389775,47.135402939146886,0.19632473058207714
504,9,1,-0.07118676642346271,-0.052645988643704685,6069.8018982821895,-0.031594638044835574,0.010874575657360733,39.570301669160116,65.28783924618267,-0.2452602854893293
504,10,5,0.00924704126676537,-0.012190096061323,8946.871550690546,-0.013947739137560013,0.03113103525412779,50.41763717609967,31.154675435381055,0.2361458333568361
504,11,2,-0.0028802708374167027,0.02848856462832132,9621.649142998158,-0.014822647415340728,0.006141384819882265,51.11146960146715,45.348335990390254,0.05974647756809952
504,12,5,-0.009895542033066723,0.0431782626975023,5979.784680411575,-0.005185211411767121,0.0031861264281490133,23.894346839421132,31.366576186818715,-0.1352172373905931
504,13,5,0.021300688696938415,0.06951366300571707,4897.251583002536,0.009729057520736696,0.00577121609691447,42.083887969034905,49.899251847298,-0.08496517833358845
504,14,0,0.01327302886683327,0.02692271487463021,8977.925082271033,-0.008045920302490503,0.013875960012655886,34.387782161453266,28.487185560967472,0.09384651498258886
504,15,0,0.11638250441746323,0.12127903660092083,5890.41415386661,-0.01294802353640763,0.011796405344730709,80.08370008621955,65.62328453453854,0.099243118572654
504,16,0,0.056863518377913896,0.04959386677486613,8293.462632786392,-0.005209980046402527,0.004274715591895843,48.952012769263256,40.51471802773157,0.0943065055163588
504,17,0,-0.04070992220650402,-0.02946592510607318,6056.4542672536745,-0.017719211169614352,0.028160447154046125,32.28967847369259,42.40255783126438,-0.13539398279825307
504,18,2,0.040325610989327,0.027666921310196584,10622.128249645306,-0.010167924956389905,0.010603565104277212,22.785190512158174,25.87842925595754,-0.06356367977711523
504,19,0,0.05490209336618819,-0.06943102249614617,7209.146794357277,-0.004471881767809699,0.004789965714517654,38.61092417285212,76.08485631280502,-0.3267245924911103
504,20,7,-0.0631179681637335,-0.026360111932653578,5891.287359971918,-0.0028000933930261212,0.0058131488372583605,41.20032334266891,47.61037138445509,-0.07217653303365378
504,21,7,0.02584096174387944,0.031111925400237758,6975.860771006788,-0.007068405843325316,0.002363337800286881,33.79168847219953,41.274147743724605,-0.09967862410674243
504,22,1,0.06795722497794603,0.04921470546843405,7194.637075102514,-0.02658464200834617,0.0037167749477942562,62.06405976123044,29.754184748394024,0.3518894875963107
504,23,2,-0.07468165823431355,-0.12554576311499727,7614.882170137485,-0.0027266480639319534,0.0038399348567885066,51.68397186665979,144.83597662804647,-0.4740078830390186
504,24,5,-0.0035043046136664932,0.03406193166387094,8966.981422089335,-0.01208045583842789,0.010991588101701167,36.49114749695906,29.839008845375716,0.10028830050016589
504,25,5,-0.007672896219270929,0.02690406445027413,7628.132121612904,0.02476107789956851,0.015081457778880631,48.021792874165726,20.826388620027988,0.39500541137802236
504,26,4,-0.06730104079012982,-0.1803166159452565,5263.393383967179,-0.0017478639542103467,0.0048328813633963085,32.01305396856248,63.19841866776715,-0.3275378884012534
504,27,7,-0.060342224113897724,-0.12188540386857336,7818.15160569005,0.0022126620908029925,0.00980760416974944,68.01932729068957,60.21374865913029,0.06087024407457007
504,28,5,-0.004319947346958441,-0.06548866358612426,5363.705722775431,-5.571462110775735e-05,0.004853995185807766,44.79066067116977,36.52173824149323,0.1016932539212922
504,29,5,-0.0035770315126228257,-0.01821492908228651,6437.841920337282,0.002596021439681521,0.006955243831493071,36.61435651005071,52.62609459332385,-0.17942242430561
504,30,4,0.050409308926113464,-0.01393106285440128,8862.03230505857,0.002930478571620364,0.0906332558582851,29.437195238627655,54.92946918237922,-0.30216050519951526
504,31,4,-0.045283260990406526,-0.01617327372191816,6489.861325329247,0.000786330510090319,0.005778587498528225,44.1940314475442,58.808009878118995,-0.14188047384641309
504,32,2,0.008989668541725709,-0.07611128841645161,7846.444162872899,-0.02622737852953147,0.005160017932802628,60.383173999652776,60.86737546352825,-0.003993396038328975
504,33,4,-0.033349812470204056,-0.02480015037627629,5781.00897366811,-0.013677368033438305,0.016662106402995692,54.4838510226521,41.23263646797776,0.13844234051978888
504,34,7,-0.07208137569921738,-0.08073936052146187,5856.98885155399,-0.01910230884134634,0.0012491539020917475,49.3557490745146,59.42925910741828,-0.09260016799340648
504,35,3,0.07528470405269161,0.04275039039879811,6294.303859786239,-0.021709088744535657,0.019697997670735254,48.38841608469499,19.003131541370337,0.4360381320508974
504,36,1,-0.07854886259850836,-0.06334889406183608,6027.1463927846335,-0.035578981906752405,0.005752481298068861,48.24795208663369,67.01117709234305,-0.162791660315346
504,37,4,0.003587299417769204,0.04754866519763681,7022.417865678255,-0.008871214014594335,0.002524611184262998,33.652995235235984,23.102895640797286,0.18588554300550822
504,38,6,-0.06759813093043492,-0.10914908473332374,7805.869340303531,0.0011839747044486947,0.009533936649187459,49.070670492529636,87.95903073942083,-0.28379511811662633
504,39,7,-0.0006038579496264341,-0.027070986654029492,8129.341155860626,-0.008098006941921206,0.005637366297355499,26.708026032640852,36.68700461431807,-0.1574094764160904
504,40,4,0.01420003875539215,0.0358536523082734,10533.83058832439,-0.004663030872747596,0.025469931246815732,32.59668789772175,59.17088750737878,-0.2895815814252234
504,41,6,-0.006969143448975101,-0.04471701327265478,6976.383604928974,-0.021113076099084062,0.016500405226264746,31.235667924768485,61.73983846146043,-0.3280882430437828
504,42,2,-0.0061352348256698145,-0.01586164347184986,7330.696647229351,-0.018122688151489038,0.01794687947013267,48.77185164100654,43.30755528593888,0.059343305277189895
504,43,3,0.057457114581056117,-0.016500662241144076,8741.237989423553,-0.03058647922283155,0.033044324494859965,30.364099452051335,45.156699336679594,-0.19587451565249742
504,44,3,0.05615305156528817,0.05646844261298829,4602.483261507387,-0.004365106302588236,0.0028644853197432748,34.55505219415849,31.937431994460624,0.039367159034592564
504,45,2,0.06209946343611461,0.04015583795918224,7390.440726444618,-0.013981976709774819,0.015242193693580364,49.389994685277664,36.09278830522508,0.15555420535822248
504,46,5,0.012427777714800097,0.0024167496213834475,7441.340647097174,-0.04062977170036158,0.009336220284731554,36.46857029682117,42.72486867920003,-0.07900021091638902
504,47,7,0.028103913195577257,0.005610073748551056,7147.332077976648,-0.021550242998137913,0.009623191170095947,32.20998724747738,48.329704766544445,-0.20014625231073027
504,48,2,-0.0014980328987867038,0.01830481659925769,6220.405015728133,-0.022716216350387047,0.02719558282876678,28.31497857842467,46.64465885591197,-0.2445273337040785
504,49,1,0.06310443089149877,0.1395571475576367,10310.338197604,-0.012981527500163032,0.011753782383587447,102.9389308589541,25.008176349499784,0.6090857090022282
504,50,6,-0.06876825846388374,-0.10239678512027721,3886.180663018989,-0.00582501865117047,0.0027971652183668293,49.429764744177795,43.686158552795234,0.0616823201441379
504,51,6,0.03762954596163145,0.11392253207363537,7857.427634730115,-0.0029236291992735287,0.011564420755985265,51.80885173278398,41.63530340969344,0.10887303018010824
504,52,7,0.0197068669191346,-0.04041018211698974,4346.198420290252,-0.01685566026837319,0.002450621460577854,32.485484493937335,35.78171377497487,-0.04828423261205226
504,53,2,-0.045797003016866185,-0.03249628054796656,7269.699131215251,-0.0065540913158017924,0.00860707228014327,40.80867857816239,71.79450550872608,-0.2751771824354344
504,54,5,0.0076153560559391615,0.022034518260054627,7711.0639858082395,0.0017566519735666957,0.008047170942931862,24.294705296099615,31.132176949893005,-0.12336020675534896
504,55,5,0.05808849454618823,0.09846513107608236,11193.14093190157,0.001042296985878599,0.010035468909419218,59.870226449659015,38.080485823894925,0.222456173311817
504,56,6,0.11391330654388483,0.1797531355219418,6691.981729176406,-0.0002583269578105823,0.009019607813516455,97.95619077789259,45.16349442529464,0.36887096472633524
504,57,6,0.06946893358116726,0.17089995752287684,8526.272695011856,-0.024278801087678492,0.017414233619353004,83.2846315388681,27.465290070564667,0.5040124693239078
504,58,7,0.10501472386381194,0.11963667884286394,6078.168860890892,-0.0190974769967963,0.003926517840849176,87.58291758293498,25.928791701460217,0.5431521229802095
504,59,3,-0.04092922347273518,-0.0561616449906826,7383.7216650862965,-0.006247007217478725,0.022471745176189203,40.206574420251144,73.82746220997751,-0.29483204123039136
504,60,0,0.0021006121491371176,-0.02479110278505248,6062.381302320883,-0.023006325266510065,0.015137252196620455,43.96148538143107,38.28885497053028,0.06896786550131946
504,61,1,0.041470265827916665,0.09408953912696752,4227.4875896454305,0.014240267163210276,0.0042499194824716134,59.92465441865173,37.46278887480081,0.23064437040345231
504,62,7,-0.011781871627422093,0.07684728823468592,6808.226673647393,-0.025178922780458725,0.004668834552144938,21.334265321605233,31.810789220375323,-0.19713073942368997
504,63,6,-0.001590425807652774,0.022557464663055214,6807.678291819292,-0.014465180281987993,0.0030668229013995144,28.239594201017866,42.866677765764436,-0.20570736110837012
504,64,0,0.0575062901771557,0.12506457703510238,10729.562999587553,-0.018403283451942747,0.012446794841696194,35.450588924336266,31.360936305715608,0.061211783513062466
504,65,2,-0.038824622658117036,-0.07759714433579327,8604.446246160793,-0.01039121815794379,0.10974453402521765,40.93452472478139,36.39481863579802,0.05870612488918271
504,66,1,0.036323151428884974,0.03230266682143225,5722.10355256566,-0.007111968149782845,0.0085558721227217,32.32463164999757,33.032078988943,-0.010824402452608982
504,67,2,-0.013954776747117884,-0.000787458022742403,8819.999039356377,-0.008254192104110691,0.018726341044604373,23.515871185013676,25.638907587977283,-0.04319084442888306
504,68,5,-0.04747589579908666,-0.04614961467332821,8117.644855828792,-0.0020370392719235367,0.0016578533417683638,34.67352327586031,32.37458998006235,0.03428781488583641
504,69,4,0.006171391257198086,0.04465599993776981,5330.69830976326,0.0011955987680621581,0.0048035758115908865,30.897233174102162,29.76292653866433,0.0186993677693929
504,70,3,-0.016539698575204955,0.03375002070356645,7574.229724171187,-0.02016948299339516,0.007203436290113244,24.82978233296396,25.53990649471415,-0.014098243969017328
504,71,3,0.0668110054573116,-0.024021521608562427,12161.831557204065,-0.022934951938234506,0.003158453796307739,31.79754125046488,38.126166827315316,-0.09050757962836052
504,72,5,-0.038663471763452625,0.000660913179426216,8108.037114315874,-0.0022739103228775585,0.006827281490539755,38.670328450929695,55.491838188470325,-0.1786440386591891
504,73,5,-0.06475804619094458,-0.03586380072930053,4407.369336551382,-0.01186935628833091,0.006958230241078039,45.91943553063852,52.72570967781119,-0.06899755819428463
504,74,0,0.008845645183599388,-0.06379184401915904,7890.39180192135,-0.005833230602329793,0.009433021469604466,45.449241990926474,45.63926684011333,-0.002086156109298555
504,75,1,-0.02475827517129426,-0.06591108141380105,6126.035504830669,-0.009743402528019456,0.031036800766942117,49.57578515771228,60.80299610071056,-0.10171530084764212
504,76,2,0.008725715954929339,0.036017781263298625,6925.470482257315,-0.006719030610808376,0.009471695602255224,24.62758015625808,36.61383350024104,-0.19572136938277918
504,77,3,-0.0062436109569935175,0.04805384747738991,5062.677866681965,0.00012416362631220527,0.004501946583670036,31.64464813340834,33.54238464519442,-0.02911217815669448
504,78,7,-0.03382633680984896,-0.0038922281970830974,7430.023603511631,-0.022411783196381714,0.010098890364577787,35.83848113657277,34.1540267827605,0.024066209425293632
504,79,7,0.07520961662793478,0.0934577206538103,6464.300577508213,-0.015626296996925172,0.016408231828025595,75.84888310706667,40.8137150676225,0.30031191304931004
756,0,2,-0.021672005065997015,-0.10357288603703645,7961.8890012392085,0.014328397531664648,0.011158412681808314,40.85724971736916,94.80448879044462,-0.397659942044533
756,1,6,0.15100604364770776,0.11065428307854856,11249.881486070415,-0.0029346971112070384,0.0026415413818898803,85.69991071927572,91.19750589016468,-0.03107787143661708
756,2,0,-0.025747876642936617,0.01784343568499763,7850.589326512699,0.00781551045236486,0.011831343834336665,41.09926538734308,36.65528964849723,0.05715389582951485
756,3,3,0.07125280438100609,0.05093304349978453,6806.089583709836,-0.012527839569415142,0.003257560875630555,41.32867028588823,44.953086620305186,-0.04200675165105249
756,4,5,0.0044828224206552286,-0.09062409995448616,4820.381990906887,-0.010098018314234684,0.00431255936741375,58.34077223292232,39.89448424917909,0.1877766562040421
756,5,0,-0.013994018014136574,0.012322637246563073,12180.827219824349,0.0035069978885712717,0.013499570048341595,51.818229896235316,32.010980974661884,0.2362809898311185
756,6,5,-0.021872230289249266,-0.04437350411278583,6089.105911733947,-0.0038066906489276787,0.00821862049051715,23.888644360230767,45.9165643351576,-0.3155626977742497
756,7,6,0.0025948629714508714,0.0024713352886782014,6746.027844029903,-0.016477741107221368,0.024209540194717823,29.034963097041867,31.44185405869596,-0.03979857199521844
756,8,4,-0.03698448029146668,-0.07096508287123837,7676.2209448400845,-0.009188782153538456,0.009685178707905147,49.88609658154974,39.939986419874,0.1107263038666326
756,9,1,-0.020073073245551597,-0.06363025186299254,5390.56368513604,-0.016223228915114983,0.009462580412492082,41.63433539376081,49.36878580970893,-0.08499104551117569
756,10,5,-0.04985671813125503,-0.022922363621225378,8635.29997362804,-0.009139253748854013,0.02943997179654885,42.869657448580156,21.29915080010009,0.33615252077846636
756,11,2,-0.030009243883507092,-0.027944569855583384,9066.997336340513,-0.010567044364653994,0.005670454670774156,35.946532982561216,42.91707710423918,-0.08838733243275984
756,12,5,-0.05207817086894511,-0.02285428869108118,5847.575716471532,-0.025740139589215037,0.0030527476989159054,75.02909505878277,59.83801882787743,0.11263736423958033
756,13,5,0.005533668258542252,0.012820424084867423,6278.855935620099,-0.011672811328250618,0.007249917080846265,37.535540888194745,29.247641945676623,0.1241015865178341
756,14,0,-0.04229724903410059,-0.08911551923218711,10029.445325469578,-0.0053159034729077185,0.015188034594698164,65.30118812083913,51.7118811220408,0.11613495045134953
756,15,0,0.001875952539001061,0.026995868400131236,6825.0493823163015,-0.004742100824225184,0.01339205592179108,40.658983362312405,29.982746813756172,0.15113214981846393
756,16,0,0.022657970125510282,-0.04871584215781891,7590.686699547262,0.008693762138056036,0.003833451733817491,31.353797799200663,39.98204743767751,-0.12095251145766735
756,17,0,0.010140331215742378,-0.07012407518350772,6467.430826649381,-0.011599720878664737,0.029463917965369717,28.911976483775213,49.39994879039661,-0.2616200819304457
756,18,2,0.005646739804942033,-0.009090143297051434,11136.025614583523,-0.022735144594807334,0.010892013918253974,36.50857033176788,35.332853599543014,0.016365443053197634
756,19,0,0.015224054463173372,0.01080971559179913,7928.817650868059,-0.0022338911976728434,0.005161721468177944,45.38380637497184,31.275373794077645,0.1840410052598804
756,20,7,0.001564560895151463,0.05138627129056747,5423.034876350879,-0.003663985290347534,0.0052430166037133515,38.90232286833821,19.371772226009206,0.3351497884329793
756,21,7,-0.057722629328651194,-0.07806271811094564,5224.709903966841,-0.0004961056839319134,0.0017343141957411364,63.862420302255195,56.76185301702192,0.05886516113038137
756,22,1,-0.01745000579251941,-0.011293240303447688,7725.3838638117895,-0.01623532898882839,0.003910344694351149,48.67390881669895,85.00204833474767,-0.2717627035699428
756,23,2,-0.035655084656874864,-0.08893513538328887,7102.278028353582,-0.0056171048130255604,0.0035091015656837374,14.425164356699154,78.33036243494762,-0.6889637770168383
756,24,5,0.1008244100139716,0.12727481952192726,8067.875987825442,-7.684744110772034e-05,0.009689714681168714,66.05435534650192,48.38587205336445,0.15439049444779163
756,25,5,0.0241008810177396,0.04580703653167116,6339.302208870383,0.013023702795658745,0.012280164147950186,42.52318893021642,25.8803152892536,0.24330440129677414
756,26,4,0.015218354903832932,0.023958254232536808,6800.991638061533,0.007972712600566888,0.006118572984679562,38.83984714560766,21.9970214154519,0.2768522793538335
756,27,7,0.04588584487324754,0.10580153218399285,10627.313118706059,0.015579940310269411,0.01306230795307809,56.586784784541365,50.30210141567192,0.05879641553228298
756,28,5,-0.02840349792282927,0.0035028285235189707,5828.000276053274,-0.029357597136377065,0.005167631803278254,32.06884547293719,31.848553108980234,0.0034465164233988864
756,29,5,-0.029645766976882898,-0.034144657872212235,5500.991042913176,-0.027113776077051094,0.005823050935117387,43.49563033560537,43.31170718170671,0.002118751238740184
756,30,4,-0.017051988615976052,-0.0013432206298469862,7621.433129660496,0.001504396159080601,0.07637100332037719,46.99274696432792,55.8691026156879,-0.08629395337062071
756,31,4,-0.00592507170879273,0.03182049914525586,6185.860205599474,-0.0019708072483337817,0.005396646582770445,41.863385079042146,29.685281242620718,0.17020727935726795
756,32,2,0.03459731682053169,0.008820901348358012,7296.102492182523,-0.014399352166082563,0.004701179659351813,26.66081969965641,41.646969208085636,-0.21939151812468186
756,33,4,-0.06765313235986269,-0.1413977277573654,5931.507477917881,0.004050865392376999,0.016750545009015332,60.778382678006665,55.843460146908825,0.04231559381602577
756,34,7,0.018991244123916368,-0.02950416692767265,6223.4381824788625,-0.020839114070454176,0.0013004975295081052,35.90511337404944,44.42685085105386,-0.10608152756005108
756,35,3,-0.023332835659498532,-0.002587762941166718,7729.6356515124535,-0.003611043717576122,0.023701236294486644,48.14384681277681,46.1369387379643,0.02128650141243382
756,36,1,-0.0075082285549169766,-0.10098602130395695,4785.932717523916,-0.0029043727652521304,0.004475562888506192,73.43331515868395,43.353089488722006,0.25756615901072283
756,37,4,0.06707714323737012,0.0004991030651802925,5693.730565846369,-0.01264355696864649,0.0020055908764223113,48.57471456860492,27.708767364056204,0.27353165686241876
756,38,6,-0.0042330554515489045,0.05510266396870652,7411.8010122338,-0.01744448922384691,0.008869769528928357,48.80090994845185,41.74712622136291,0.07790101282574807
756,39,7,-0.011586087639382806,-0.006777595372378221,8609.011366348948,-0.005667436566062161,0.005849406270366948,28.62751480173814,41.48333463832779,-0.18336420024972094
756,40,4,0.09705934661129487,0.12759191806431436,9077.732547263033,-0.014979174109380326,0.02150584078461214,55.32852400842104,37.7170091748337,0.18927845572889446
756,41,6,-0.21287616677826862,-0.1863312200575452,7848.747348866992,0.008849224757879436,0.01818872289233691,27.151854688485564,73.95885642123369,-0.4629282221296323
756,42,2,0.013906890823777959,0.01936121474503758,6339.568949614348,-0.004834394411818184,0.01520691181188678,31.12856471554731,23.620858505548696,0.13712849867920837
756,43,3,0.04031228254663419,-0.029382605848537094,11912.39977753556,-0.020247007285813752,0.04412256925671467,29.30203203151622,46.6190176210598,-0.2280920201783316
756,44,3,-0.011927390325706506,0.00956130085284581,4724.047395880135,9.494016273632871e-05,0.002880754369146593,46.7488635435449,36.933212911701766,0.11729692961162677
756,45,2,0.020592905553945058,-0.0657948849394598,7451.974326305333,-0.004612001622749308,0.01505865168479528,45.896756425845645,48.13206017037709,-0.023772539370632315
756,46,5,-0.006488422371872996,-0.03802930753654356,6387.638457452153,-0.006103680846720996,0.007852317129920756,53.297238179823886,17.707051191869898,0.5012399575065806
756,47,7,0.018158309686738303,0.03950239387408906,6239.648975757661,0.004935935016432878,0.00823138491987152,65.76352516761473,37.082386745598775,0.2788748515929311
756,48,2,0.04194440322131946,0.025820112271657928,6789.284523165097,0.015117348175041215,0.02908314154413081,55.41553820628594,61.350301365069654,-0.050826193521318
756,49,1,-0.06004133827437439,-0.1111626798146686,10138.193796137823,0.017328154924354394,0.011324079851214638,39.00116086176021,70.59817917292388,-0.28829569868647104
756,50,6,-0.2334556430202833,-0.22930385193328856,2829.194700963135,-0.017102945576024653,0.0019952419566893636,38.128623193267366,95.53311260531588,-0.4294758635943699
756,51,6,-0.05835019061756299,0.004801575397086109,8663.535608269734,-0.0036382445374384255,0.01249327383491591,29.29262426779439,49.4601180637495,-0.2560862415532807
756,52,7,-0.02445711452830312,-0.04996980697469493,2981.344665887344,0.012951304013558061,0.001647086734090464,30.999394747844594,45.016059225735496,-0.1843923011046956
756,53,2,0.0031827339139220354,0.0057175496884280565,8372.741758989469,0.0005777275519467922,0.009712796938229303,28.311957621086158,45.06692505724803,-0.22833500353747685
756,54,5,0.001014885178083737,0.03752511136442426,9496.336926535354,-0.016032788493687833,0.009710076127573955,35.56704389771558,26.991015645832338,0.13708910273625427
756,55,5,0.043757540000538525,0.037465596756159986,8358.16529156428,0.007235034541211986,0.007342335973828521,42.95888754229686,24.04309379519895,0.28231693107006506
756,56,6,0.012203311875659824,-0.038345258943470586,7741.012660308396,-8.011932660668356e-05,0.010222762830857214,51.68441501224307,50.00504665417344,0.016514674485760765
756,57,6,0.034578958971597594,0.02744914154397856,10049.81929954733,0.0075881871007632586,0.020111339656228192,35.09333829729833,30.328270287322372,0.07283630153697097
756,58,7,0.01945889754597071,-0.013236143315489717,6095.550258940256,0.006477206121808065,0.0038582052722567865,51.10806759649474,27.03675648273854,0.3080346190176534
756,59,3,0.04788698105801317,0.002859252409926058,7929.33671095189,-0.024235560212380484,0.02364481629411653,42.23446074764669,36.19066245876364,0.07706456861915364
756,60,0,0.03666084316598336,0.04713872807025784,7364.123302578748,0.0020135815450271653,0.018016169105782572,36.036249526746985,39.03420812179502,-0.03993526466887501
756,61,1,-0.02644978464872312,0.0032415708923520907,3429.708454068047,-0.01233136414168408,0.003378260728462398,34.83100551405092,17.958403888994344,0.31962095836146304
756,62,7,0.004391894439860117,-0.014088865265907911,7482.626886439565,-0.0045550410063748175,0.00502766309166753,50.942468373896546,37.31884737938135,0.15435551666195135
756,63,6,-0.023873014799330742,-0.03890858459887232,6783.47217337629,-0.02351871737814515,0.0029941897625598863,37.26512750624457,59.96161051867652,-0.23343869673361836
756,64,0,-0.03141290383947319,-0.08839683138012874,12797.200996356605,-0.0014316790419243667,0.014545481026067696,34.35455871282446,83.76042294571704,-0.4182861779151917
756,65,2,0.04201375282510565,0.01740990778136909,8140.928872707172,0.0027081380248094923,0.10173526794713054,53.957175795034274,22.49087705591559,0.41160366504110524
756,66,1,-0.03208402623303033,0.015899391532296046,5056.896776282014,-0.004197266789932143,0.007408499579681115,35.37590056543992,22.195305328256335,0.22894422710707624
756,67,2,-0.0610552817374167,-0.11102832163356496,7985.55135243397,-0.0233226853691089,0.016612190296061084,64.33994983776046,76.2478268978928,-0.08470065703107313
756,68,5,-0.03379887945168778,-0.08191726036222438,7948.590401847391,-0.008604014555554935,0.0015905370123260013,45.82908359814548,41.84785015651608,0.04540799125941512
756,69,4,0.025536758489201603,-0.017211414739949613,4193.20764865805,0.0017242694499696237,0.0037022395341517085,50.67553482609992,44.18458789005928,0.06842650789515055
756,70,3,0.007888982437378704,0.03497619264734235,5419.281816312755,-0.0030438273433373076,0.00504987446783722,36.41428670469489,31.79637507224626,0.06770073053215894
756,71,3,0.025496283678600178,-0.029834954934164937,11866.694186697829,-0.0128190390624595,0.003019554651522678,39.22591314075726,21.494509572615108,0.2920171299127859
756,72,5,0.03845271341687653,-0.013045831785210994,9265.014646196865,-0.00866987917841426,0.007643913984568394,18.66592176901413,71.57562953847592,-0.5863120369971295
756,73,5,-0.0023011312452908134,-0.025996124586503244,4884.179760924066,-0.0035525848043803923,0.007555245637623079,35.706730111075686,56.593886829537404,-0.22629487657351605
756,74,0,0.0707621119769215,0.0782251654840486,8766.65602753065,0.004824686108988811,0.010268897540042852,74.14638821610012,28.103926180900675,0.45029164268368915
756,75,1,-0.00731346078386192,-8.535762009805915e-05,8056.025049592243,-0.010173897550005476,0.03999040907537772,45.154116683909976,15.4507017846767,0.49011639089620157
756,76,2,0.11555328653555896,0.16382990032260494,5006.516159586503,0.0010141909628565756,0.006708905460986158,114.24834087345612,22.556530958400284,0.6702378993277507
756,77,3,0.15197002111271543,0.06508482592201689,5895.98462869528,0.00019390900372908988,0.005137052281429836,63.954609938955066,42.684152810029275,0.1994627148740894
756,78,7,0.062236144827957085,0.03722107103351109,6723.486474748006,-0.026746276120861074,0.008953969268687304,54.38224453882526,46.68018293146705,0.0762109302148521
756,79,7,0.02014203133904942,0.047331095699684994,7594.864453757578,0.00968400551964599,0.0188885173158764,51.69497268145854,30.38121167258789,0.25968264943544705
1008,0,2,-0.0161057687155014,-0.033258014627504565,8053.180305348289,0.015178948683396223,0.00834049248907474,68.24578459994434,72.67919609158959,-0.031459372709214235
1008,1,6,0.0008288616365846905,0.03848650002004024,14750.170843279868,0.03420811967605825,0.0025594372955766434,84.43832304091306,27.989405463975203,0.5020907059772306
1008,2,0,-0.0493903125618206,-0.07740482451521735,8696.14238815826,0.015334215672262449,0.009684928761877478,80.54592612464396,96.30031956294206,-0.08908525808368307
1008,3,3,-0.01184631543765612,-0.057092268595539876,8759.380671940258,0.021555119891285297,0.003098177189596208,49.8640283547403,113.90204805783588,-0.39103348572248536
1008,4,5,-0.03223432494990178,-0.09369394911911805,5986.086844874753,0.01834247588484143,0.003957624782297086,69.6831445844292,89.68655018909863,-0.12551574270735558
1008,5,0,-0.04722562898750285,-0.07618567397308348,15443.063200825487,0.036602703650743654,0.01264778792472677,56.180379042097925,113.74403463728679,-0.33876036025913175
1008,6,5,0.001634135517760909,0.07178152436146253,7106.999789562276,-0.002011536527467616,0.007088750212535593,66.8748780517807,36.5806720697762,0.2928234004470226
1008,7,6,-0.03357131082192093,-0.08281090442896571,10769.785236831285,0.024530556273879244,0.02856165881232058,80.18222155933431,115.71611812448708,-0.18138947283740564
1008,8,4,-0.08195154158278492,-0.059856026182828176,10111.924170464801,0.008305939925669156,0.009428268640934462,61.47861024701386,116.65231854039473,-0.30973682486615517
1008,9,1,-0.3486319868828343,-0.4235307004031775,9029.052139920832,0.015544976426116679,0.011712659958925512,24.203582242163744,207.52786158960586,-0.7911066202985348
1008,10,5,-0.03652451212081219,-0.06122182505817565,13147.569466245981,0.026118806198111817,0.03312404814796365,54.27349546258893,96.56620099887095,-0.28038179954046505
1008,11,2,-0.06513086791086255,-0.14117113443617338,14486.216258072629,0.012107573224117972,0.006694949900400135,108.7695641210977,128.04217135676782,-0.08138366621357802
1008,12,5,0.0391891084030924,0.011378824366229758,6738.328721457718,0.015544389838019089,0.0025995921962061585,41.500120535449376,78.60403207296197,-0.3089311296186202
1008,13,5,-0.041753157252283436,-0.06735236688617861,6606.2459216921325,-0.006126693558940462,0.005636963590244106,96.22573274976226,84.65631827693889,0.06396109733989898
1008,14,0,-0.09484152935709615,-0.15135553936060975,12048.352777403556,-0.0034620584065479312,0.013483117211919362,74.42366383525378,85.6801234668241,-0.07030726643749999
1008,15,0,-0.044373719473552585,0.03134641946879084,6887.936769324688,0.021893848330047545,0.009987771086183872,61.33821667004404,68.4867669705664,-0.055062978634808565
1008,16,0,0.058022008364177,0.07610944472602721,8817.339637275802,0.027407897083313044,0.003290671084090792,64.20578214283859,47.09421437225424,0.15374275207735688
1008,17,0,-0.0010719317773602776,-0.025491133171642748,10315.366826245765,0.02610106276073322,0.034728126368032276,74.12503476844552,90.26061199495983,-0.09815684972569133
1008,18,2,-0.04832049078370851,-0.03793119455792104,16257.07693857745,0.03367731910092389,0.01175055554449255,55.485341952763825,157.4480522738063,-0.47884790777378483
1008,19,0,0.007006352795573526,0.11940120698615905,12361.799627700371,0.03712615350646553,0.005947107761573038,102.9300991685327,42.33092473330178,0.41717435831765787
1008,20,7,-0.03544702722322527,0.04190334093260727,6744.167131289147,0.020414583508018638,0.004818425317496008,69.60429994440652,65.91652237826094,0.02721188894012155
1008,21,7,-0.13103758505202254,-0.07685324684853166,6816.510011789346,0.0005475594575652908,0.001672113088366324,74.80905310105489,132.61497156291023,-0.2786847789460477
1008,22,1,-0.033438470352818515,-0.0823426531888389,10901.331640432,0.010873412590063948,0.004077673961082465,108.13127710778828,67.01535394350648,0.2347514360810373
1008,23,2,-0.04698816874755271,-0.08102469759756738,7994.404266217053,0.01898318899757458,0.002918921042942509,68.81100893222073,106.00809688348488,-0.21277472949818524
1008,24,5,-0.06641974546082689,0.026038022202042696,11584.455932589517,0.015076258787816566,0.010281710923803198,81.88273205712609,83.44181750345825,-0.009430453314203006
1008,25,5,-0.01238487463480975,-0.07820999108330429,7841.909348557186,0.01713848063362101,0.011225934548604842,68.99884859619898,87.82733661932949,-0.12005959334618886
1008,26,4,-0.016474834166270037,-0.06890812480210809,9921.547922101188,0.02405709202266509,0.006596222712748142,66.74812718135746,81.43499023913859,-0.09911293076663664
1008,27,7,-0.0390524640197222,0.001450525251890919,13380.745802738003,-0.0020937552241143444,0.012153874129823047,53.61038027948174,73.43517166436396,-0.15604474994519102
1008,28,5,0.018269717398669238,-0.06954818958270592,7704.453232502825,0.0009882918767827563,0.0050483771710874824,51.533402130833544,47.14305912558367,0.044492302919100335
1008,29,5,-0.005254363941141288,0.031521836190613835,6262.438291203112,0.01972683133528962,0.004898815494853823,51.41307404613327,35.453094832100895,0.1837306677611253
1008,30,4,0.0003069613729247654,-0.009450434367832966,10352.840814532885,0.0039930497499500155,0.07666362684469198,87.4610358881548,87.8716454573553,-0.002341888380689364
1008,31,4,-0.039519109577709474,-0.09065607779405391,8301.74852641179,0.021983058023994487,0.005352188771970407,105.44978131710174,124.87462654437226,-0.08433689424209456
1008,32,2,-0.1189643102327207,-0.05306717227973118,10214.179876282175,0.025763502107343007,0.004863594920628168,81.72689073283186,94.77387799682768,-0.073920285774537
1008,33,4,-0.03546252999230712,0.017761793463850706,5815.104281857526,0.01574057569642065,0.012135546520684435,78.25295357202864,56.75164825863549,0.15926349933021478
1008,34,7,-0.006333683063861829,-0.043531481032101055,8541.643808106923,0.0031165607989614205,0.0013190418680485046,31.16548226832721,91.1369321549246,-0.4903537691297239
1008,35,3,0.04438224320894873,0.11434970322182217,9866.204228706692,0.03176765127393103,0.022356306245167865,87.49873856346396,71.26172293082098,0.10227367368244397
1008,36,1,-0.08065385585101603,0.08362400533385159,8911.569156204976,0.03021277043417696,0.006158475656782607,63.565478940694405,65.59110432690949,-0.015683485386125753
1008,37,4,0.003377917671475206,0.038458297781537164,7123.116940141359,0.020471479001218408,0.0018541867777866503,48.454703011303856,51.78303227695723,-0.0332043541890551
1008,38,6,0.020147313513799593,0.03825841692102437,9723.06155481743,0.042604983025843916,0.008598636534036416,56.086101324088816,50.201583817648576,0.05536405744971977
1008,39,7,-0.04210303878518762,-0.017466948785775777,9578.976041652819,0.025497958330914477,0.004809673152855319,117.86348408059399,89.81239928107793,0.13507146012967444
1008,40,4,0.002667881980474962,-0.03443704424789412,13954.103274490211,0.010013870091537718,0.024429745807940037,61.22148341569347,84.65365265884134,-0.1606316873014918
1008,41,6,0.03861460764807228,0.021311267577113057,12477.865746333971,0.021769182639393873,0.021368800176730294,78.24924562727195,72.68623418882852,0.03685688378361756
1008,42,2,0.17329404682429897,0.2809110275171086,7524.884750834578,0.010154287816656142,0.013338872543364206,140.5173833095452,53.194429940241406,0.45078796127034454
1008,43,3,-0.05168315515922082,-0.09344877254582715,21504.946121880454,0.00966767244654003,0.05886238631881308,55.01333517523576,124.28283591511348,-0.38634121586782655
1008,44,3,-0.023836315027320427,-0.021237417604765635,4863.146271249549,0.02166069437679896,0.0021915293309186495,58.02448644230522,67.92080961183366,-0.07857636195635151
1008,45,2,-0.08176868791065853,-0.017106550643801913,9032.274106801426,0.022848867159194014,0.013488070244041138,88.77222255702132,108.38846566059505,-0.0994936834559168
1008,46,5,-0.008665104775564064,-0.010447495640935004,8139.888617582022,0.01663299866292206,0.007394587266237713,74.29989962442072,62.266255840238195,0.0881158566934142
1008,47,7,-0.07145958258572724,-0.05034295110608164,8099.382508789504,0.024856360177137996,0.007895918094142989,120.11637840081276,65.62388829467262,0.2933800574066434
1008,48,2,0.03473782310565983,0.0811922712900918,7507.917931080381,0.002219050286595005,0.023767023553435986,61.00588293892442,43.74055024193361,0.16482979107283957
1008,49,1,-0.05866280800953037,-0.03842811072923096,12101.565834225506,0.012136683162234489,0.009988996809311129,92.06888359357943,72.98133933035358,0.11564688568707426
1008,50,6,0.0038498295511574365,-0.06959763235406075,2906.318432977209,-0.022686778502067812,0.0015146556226109935,74.5769552949103,71.3793925820053,0.021907664581876186
1008,51,6,-0.06137084836700381,0.03154699429936467,12033.68994610567,-0.003696479691958958,0.012823833899132893,53.442821635090894,58.407948696065056,-0.04439063804593877
1008,52,7,-0.06970030342832452,-0.08471568156364812,3684.598594490803,0.007716398881114158,0.0015042930083886195,87.77829801641322,95.01916625187513,-0.039611426035948846
1008,53,2,-0.010249025887838454,-0.05163273074835491,13733.415130768773,0.040220075942142365,0.011773162352539524,80.05820657150397,51.5922803575481,0.2162234783763486
1008,54,5,-0.11208476257066483,-0.11611473065549799,10368.835576582673,0.038948806074499825,0.007834918440618809,77.74489746397929,135.11910212929035,-0.26953456091527656
1008,55,5,-0.0006628115431141796,-0.01149130625090758,11933.67464708653,0.02005947831395328,0.007747034022878659,74.95356781559515,103.58526952990013,-0.16036679828231795
1008,56,6,-0.06445297787141283,-0.04087495688095269,11664.676176168574,0.00676050832650134,0.011383640354467772,50.55167461948084,103.01421993182677,-0.34162888488547916
1008,57,6,0.01254376797500049,-0.007152682724092883,12648.460204542278,0.02980693426608015,0.01870502869086186,64.0429252453999,41.245016232599156,0.21652915512027615
1008,58,7,0.001706973740013518,0.0030683838347981877,7802.324538132388,0.008516540328952524,0.0036495086453113166,80.14151795595609,35.761639203005174,0.3829048305535023
1008,59,3,-0.03647020940542231,-0.024414656549482546,10774.13833862673,0.026069355948916365,0.023742125910026512,94.57561215902096,100.11093054543733,-0.028431951738907602
1008,60,0,0.02556584616389082,0.01617863443344822,12255.964879777905,0.023360326511804683,0.0221578122460282,48.86675935508174,54.60211249519551,-0.05543071106793916
1008,61,1,-0.07584062032333942,-0.031019407885694676,4249.920696256079,-0.0006161484273267785,0.0030935330420420156,116.5209476497212,96.35539412404877,0.09472895558778545
1008,62,7,0.03634871983210892,-0.014240343094738157,7749.9907854347375,0.013294733293963322,0.0038481432958170467,56.33451904206514,67.14497567192277,-0.08754859788509853
1008,63,6,0.14124485032044737,0.14439249672023055,9482.294297216695,0.014080220947419994,0.0030929911383583224,229.74619454766443,43.458301390578775,0.6818624727116989
1008,64,0,0.03183525662745813,0.048848274027707875,13172.547715369583,0.018667062301098936,0.011064221196683552,81.03248078332555,30.690052894750956,0.45060227539399933
1008,65,2,-0.040630444784207215,0.007415484400154375,9463.306413549208,0.024180377376953173,0.0873933621371003,78.99020065920855,85.29926416991242,-0.038402118585190964
1008,66,1,-0.06026147509395656,-0.14434578409994517,8577.409527943148,0.010349687461596153,0.009286248261293914,53.57836456610965,167.24319396083897,-0.5147361070741793
1008,67,2,0.07913473368840465,0.13076759632986112,10466.401552818463,0.0032367509916410853,0.016090048589893928,133.90995594307833,87.85273663424705,0.2076869593047718
1008,68,5,0.03609815114440373,0.044921100563155236,11142.339155218755,0.007495911643385762,0.001647661551829756,63.26065526754784,40.37815532545699,0.22079083898145907
1008,69,4,-0.06439426762056953,-0.06534061523247603,4826.860500341785,0.01661543384117203,0.003149349538649599,69.90600543724067,88.52791835969943,-0.1175374091359901
1008,70,3,-0.00938032392182197,0.02901320718163581,7111.418275082664,0.004396962186601957,0.004897033128511113,63.08477326209399,37.686167231107085,0.25204295907557284
1008,71,3,-0.016058177879840155,0.04832284911757581,18602.13326797784,0.03201008333184067,0.00349795217664757,40.405996770122385,43.816267845021144,-0.0404913248348476
1008,72,5,-0.02815605006002445,-0.02326293278942506,11077.051381310268,0.017107463808490337,0.0067535453987204105,44.173506806914354,80.6562592106334,-0.29226003995151506
1008,73,5,0.07572942135045341,0.03229373029632845,7449.525838584168,0.028894374621789697,0.008515762725119645,116.67413132613184,91.65979874632137,0.12006845246470924
1008,74,0,0.04579275629771031,0.061831695929979155,12717.296073583075,0.017222549170699483,0.011008359615255583,79.74548305358819,43.60177133038363,0.29302404746196103
1008,75,1,0.04264318323388752,0.0065487505483740605,14490.861349954735,0.0353330966142293,0.05315782609994382,50.64202970248965,66.73358894285325,-0.1370945638109739
1008,76,2,-0.033354019473506795,-0.03245300074259091,6011.297664282864,0.021455485577243506,0.005952813214951214,59.42731560855749,70.35017775834909,-0.0841660743040116
1008,77,3,-0.02247257495115068,-0.04330320464332027,7873.787610898076,0.023661842886854738,0.005069665569496034,95.84032845988214,73.64551919447527,0.1309537614641378
1008,78,7,-0.05220080794738606,-0.12764668965942866,10008.14768281115,0.020211183015039273,0.009849467271788056,65.40090794241905,137.21950314295444,-0.3544489660023461
1008,79,7,-0.027259561156073506,-0.02134662317681478,8131.153349271091,0.008131069449622956,0.014944038067666438,54.77677406235795,50.158139391980015,0.04401428007413094
1259,0,2,0.026591672130987738,0.027278012926059185,8266.327957496154,0.011028966234991992,0.00759161829642906,78.13542227318258,37.9123741120465,0.34660759974507527
1259,1,6,0.10370603301498671,0.12871664902727215,14760.631810108807,0.010597253585127397,0.0022711710849775994,105.26271125392873,52.75056327597844,0.33232744612022447
1259,2,0,0.05444193904254066,0.031605934892651,8619.938753919092,0.020553749769025326,0.00851278035719873,65.164977528745,58.170088026705514,0.05671452372835461
1259,3,3,-0.01850593852798088,0.016764008151671457,8498.58401320911,0.014370664171361095,0.002665488928767021,78.14191594412158,31.5979764075896,0.42412962632528123
1259,4,5,-0.024778809818578988,0.07361181565228746,6716.263005606461,0.026966696363243364,0.003937465465897242,62.47693289120005,42.7337273193311,0.187654041255651
1259,5,0,-0.043709591400473514,-0.08124092108900499,17407.588384594448,0.009626915087311366,0.012642041000403857,68.62611808056866,129.5197452596565,-0.30731717610588466
1259,6,5,0.014374470822239088,0.011937023057691992,10332.445724363579,-0.0010477497822426983,0.009138690364947832,56.501798410980044,78.60948869503356,-0.16362578402900813
1259,7,6,-0.018608263543995415,-0.0399071423440244,11077.62179899027,0.0073049907274653995,0.026050758765761982,71.55699811507913,120.01257339449259,-0.25293983223603683
1259,8,4,0.030555713854174178,0.11069189483214825,11184.011877820427,-0.0013147668981954626,0.009246837454391893,93.1478086938269,47.670424901974705,0.32295096047054184
1259,9,1,-0.047014784385774035,-0.0657086635280951,8318.368399698966,0.0050829819381898915,0.009568612865871025,67.95382397111952,96.03214650899633,-0.1712239312637433
1259,10,5,-0.00799073783506675,0.036717681676911196,22251.980411271612,0.009620588381471971,0.04971232344822819,72.65338267712023,81.15815420033908,-0.05529345649760495
1259,11,2,-0.018617012289529264,0.022956669673992226,18072.49516140759,0.005738108409493049,0.007406413308780901,102.38414725806966,82.89162468192882,0.10520815739657684
1259,12,5,-0.017998630639120872,-0.012073851753341495,9139.476927016218,0.00640796437273826,0.003126596455368536,63.59118138913994,69.24227200514873,-0.04254267634819488
1259,13,5,-0.03522940629564505,0.07764658852472078,6318.731986901317,0.014963603261235702,0.004780990574880281,68.12883357088059,42.20069223753005,0.23500636971956404
1259,14,0,0.0822216370128896,-0.0036458973094522368,13248.825666057408,0.004999875886036141,0.013147327451504955,55.62055913125012,44.96189499345386,0.10596941813007942
1259,15,0,-0.020908140323089457,-0.04530468490194334,6463.19265440799,0.014143710637358831,0.00831043944706282,90.40846818748253,37.020460524082864,0.41896301101160577
1259,16,0,0.02860147386469425,-0.006290765077789903,8137.349439784735,0.006679341180770268,0.0026929440530537377,48.53129969082894,81.05745181759157,-0.25099518089267286
1259,17,0,-0.08927780054178651,-0.0970676251478373,11665.849098530094,0.01431343692831857,0.03482655289621105,96.32910058529902,130.66792218772474,-0.1512743259043099
1259,18,2,-0.020780237684179834,-0.03990496912638222,22560.22804005727,0.005258196518739557,0.01445962011892336,74.38569846615029,73.01756431093263,0.00928157307669234
1259,19,0,-0.06831821681921704,-0.061864564207804174,15274.44453968724,6.864798899183962e-05,0.00651608879192686,70.30082670704145,80.92816158136473,-0.07027313344175656
1259,20,7,-0.04934972947180766,-0.15717069920573745,7035.603953386217,0.032887266246478294,0.0044573388593878655,51.136046386086086,199.53012620428458,-0.5919988257055593
1259,21,7,0.013745575721403287,0.0038048177610820466,6195.845388296517,0.00345328926180008,0.0013477259812741688,52.2911003745823,49.49428241269094,0.027477599290549406
1259,22,1,0.036428852738048294,0.01682146926337458,11314.189510930364,0.020695915192110323,0.003752786471293672,72.2483185428835,71.76172840390932,0.0033788624424973645
1259,23,2,0.023175700797923367,0.015632065532682385,9758.957413677072,0.008083534566111168,0.0031596365109385093,52.68446236398606,45.7462744940151,0.07048802123578217
1259,24,5,-0.06216095050980793,-0.022227505935564454,11042.76901207556,-0.00018853688518164803,0.008690908845190878,66.91069557537966,91.57460212281951,-0.15562267860487147
1259,25,5,0.021756487904643462,0.011494141873795615,7576.715783639527,-0.008968978817508777,0.009617875347559809,50.9033832868635,36.088114560998164,0.17030708853416074
1259,26,4,0.027358619424246063,0.15595119395283805,10030.287638677899,0.039965424696928126,0.005913256572746644,134.79200795915193,52.32937976528527,0.440690554918628
1259,27,7,-0.02586762563434155,-0.0421190161421761,16983.639056969158,0.03311768913395123,0.013679260652479552,83.27768622372066,69.72599127376702,0.08857104071951206
1259,28,5,0.0024611655192919536,0.022426801727707762,5997.035045858817,0.013947733723228396,0.003484528470210193,63.93574796998097,50.80980326991192,0.11439175251782002
1259,29,5,0.08002672814331874,0.07535531085945969,7160.4136531816,0.01874354308188199,0.004966874594601974,106.99193955339801,70.48091490067392,0.20572737596874022
1259,30,4,-0.020359816448157132,0.051632181808372105,12948.06863334728,0.009520163897734234,0.08502218802240046,79.43818899212322,44.44304186239056,0.28248950133978323
1259,31,4,0.08212919580317014,0.06629112448859152,8218.532515512308,0.01572148473855088,0.0046984389281504195,95.10037864582785,62.22989955266594,0.2089265935923812
1259,32,2,0.016480462450885126,0.05385073842939701,11625.299332753173,0.032985999732386764,0.004908575757402776,55.894689589143326,49.042690471214556,0.06529607575415301
1259,33,4,0.014839564322858507,0.03518771561298788,4475.235255960158,0.01728620653775321,0.008281617386453787,60.20251164928501,35.560297727812134,0.2573255116626626
1259,34,7,0.02057941607018475,0.030502981008906565,9633.914379206988,-0.0010528244703660698,0.0013192204212331522,35.9592641550402,66.09399492340974,-0.2952843548573908
1259,35,3,0.010635987000755114,-0.04573089221031901,14530.71278668067,0.0028331583952047046,0.02919673763270134,85.57156638787639,151.52741661262132,-0.27817854547409976
1259,36,1,0.07405772088540981,0.07754730264521799,7704.801544230441,0.028201407622703255,0.0047214779284640105,101.55227482442636,90.86226745842465,0.055557169635503695
1259,37,4,-0.013452384675495348,0.012625127686372802,6846.353867020811,0.011315942301389405,0.0015803024297811976,104.16125712280089,20.569451181717717,0.6701782349887027
1259,38,6,0.02134190368154158,-0.0009703833753666284,15230.138003323487,0.011742432541809705,0.011943396615157111,49.10738909201511,53.14972625555742,-0.039531108908782024
1259,39,7,0.019353167911368634,0.03056615512126674,11736.695059249143,-0.016307115025146205,0.005225643254045489,61.50472754343928,56.97242459664371,0.03825465809136335
1259,40,4,0.059001854535447665,0.01421787801518034,12763.038994872011,0.0007274382176757129,0.01981383631733342,41.60609186377603,65.32836722579579,-0.22183939175235703
1259,41,6,-0.2378544302173713,-0.32080051042771884,15301.653790425096,-0.0263266480557018,0.02323676470822284,82.99881016052724,225.50276099155852,-0.46192293380676963
1259,42,2,0.08430528063642459,0.0565303822125785,8906.728615762091,0.011269184625991791,0.014000222869819485,69.98131766831456,36.50639099668345,0.3143548404879877
1259,43,3,-0.010519453366716409,-0.005568570873904517,21830.54705904391,0.009484674528279911,0.052986054809784806,42.69723931401377,42.1021792134086,0.007017266284741407
1259,44,3,0.009116043939367068,-0.0036436711512292247,8085.055980826227,-0.0004940848945531855,0.0032308027666351356,43.39249633657934,97.67539963939154,-0.3847998364679218
1259,45,2,0.02572440625759396,0.10914178045059439,12049.035097215261,0.023085196941766674,0.015955206856884025,85.96356124529974,37.66457166001121,0.3906796005880872
1259,46,5,-0.02713263555194717,-0.08531657829586653,10064.203531347466,0.0005708414345029951,0.008107227254112672,121.50364733086485,107.06564488986551,0.06316685107023622
1259,47,7,-0.04795244762113605,0.002009167756038134,8573.154623690896,0.007481168909587265,0.007411205249778308,63.21834570513531,48.86986349557343,0.1280106294118859
1259,48,2,-0.021126707123646525,-0.07267447501705593,6373.826141753524,0.009708196511131147,0.0178917554093322,67.3001089479201,59.608749988570366,0.06060537478426263
1259,49,1,-0.03378969818530198,-0.0605904004122261,13858.82822905884,0.020544524947509735,0.01014388409285654,59.40303820288196,171.18212665308351,-0.4847627058728577
1259,50,6,-0.019588357702159886,-0.028087087379386717,3627.6144213291905,0.0020413747739160045,0.0016764449010945003,62.3046678024385,63.12891945736446,-0.006571219662339446
1259,51,6,0.0062017485643379895,0.012963098103932421,16021.555279565271,0.015383182882923417,0.015139836977653854,61.69406240439702,40.26794015905916,0.21013830354884558
1259,52,7,-0.02523797121808024,-0.0787123498705802,3736.6287211459025,0.019973900503507298,0.0013527566017822758,114.97351145492891,90.25930379488995,0.120420351052707
1259,53,2,0.012569653539586369,-0.04518250259234821,12689.863198392748,0.0162265412001434,0.009646482589048539,76.04675268484473,96.27105544335653,-0.11736629532420657
1259,54,5,0.05777445565880672,0.06784774496602028,13488.776535801017,0.025357600902994354,0.009038045256652402,72.90038385141312,56.50911865690624,0.12666199063184314
1259,55,5,0.0745077153831067,0.11736125086600771,14379.266268526952,0.006838145404620042,0.008277428830100271,93.31671814135427,77.96727980174634,0.08961396583361685
1259,56,6,0.04696385812955249,0.06649547561110739,10284.127997288155,0.0060767600647467085,0.008899659943320624,73.56197274112883,75.44448630293803,-0.012633771541674181
1259,57,6,-0.01422822697829693,0.022867607711932136,16474.561783392044,0.011179656715111378,0.021603894654541586,73.00931700861112,47.24680819519486,0.21423032522909422
1259,58,7,0.0032238781933328423,0.08936301932322195,7357.057671790892,0.015317138342576848,0.0030514903855529646,54.73019823660443,54.26727396905487,0.004247110122626106
1259,59,3,-0.017660725686620988,0.03242793958990538,11137.529071802612,0.015763367317095527,0.021763230734590407,99.09830301468436,62.48417676576954,0.22659713044654806
1259,60,0,-0.012314959101158516,0.009150752298992247,13196.541336415019,0.007100082457101709,0.02115616533059394,77.23226418269415,74.62714294580857,0.017154822912379634
1259,61,1,0.007650316737322315,-0.03501124118458721,5539.020601549361,0.005694241957530423,0.003575233186135994,64.03647936406327,48.781164716067615,0.13522099997962245
1259,62,7,-0.045649528572284326,-0.06893199483324856,9444.560195104856,0.013932247840122532,0.004158428590743879,66.67850178487446,114.70630114494226,-0.26478403142950424
1259,63,6,0.019993073820576905,-0.0537700699315421,13160.200338073551,0.00939174834001746,0.003806494491845928,54.59317853182526,119.89994919935802,-0.37426557433119856
1259,64,0,0.029591896237076365,-0.029789454820070976,14098.533782677654,-0.005337018296905763,0.010500802204075541,73.98671929664238,64.5411530675454,0.0681853122250845
1259,65,2,-0.02522455266267555,-0.03262675939252225,10402.716434835409,0.012565805607351597,0.08518826339157275,54.42836583523573,85.25606172376379,-0.22069529457953682
1259,66,1,-0.042071697778216816,-0.030339067097466758,9579.832557342846,0.001860198478621811,0.009196858865939902,97.63767613601154,49.829624736036145,0.32419425267119123
1259,67,2,0.036845698293267164,0.11941412106986544,11859.214326028941,0.01875194787287103,0.016166400746864568,92.09556800241651,89.6234086980832,0.013604299062250415
1259,68,5,-0.03514308601868961,-0.09717159285484886,12699.557929958757,0.025762682139461413,0.0016652433078236447,54.0425467440692,115.60082557698675,-0.36286875219654036
1259,69,4,-0.05136507167945361,-0.13682262080986352,4614.052084888873,0.013310213537075895,0.002669537766056149,89.87858165194282,149.66394294657553,-0.24958141104417883
1259,70,3,0.04691301419446233,-0.0025143921433668087,8978.315866381054,0.013111387627572468,0.005482380301568782,62.39641657185031,112.04056656220442,-0.28459647202175015
1259,71,3,-0.05371524980658218,0.00961044086253239,15771.411339237895,0.014053357750340185,0.002629778282969971,64.41651950724169,110.61867755717267,-0.26395924262400927
1259,72,5,0.006081179561242085,0.10352352862203482,11765.148651742507,0.012783749813761373,0.0063606651286247295,63.71664411455038,34.654528496534965,0.29543325393322595
1259,73,5,-0.013373514803070455,-0.09958792931551998,9599.549496097054,0.0022528283426322283,0.009730680949216895,79.36855491383747,81.91531190189484,-0.015790525353358873
1259,74,0,-0.022118508397178226,-0.021815001579436714,14502.50110695183,0.005882998523764571,0.011131871718283684,51.39460296877785,73.04130066104409,-0.1739586169317172
1259,75,1,-0.04542445396604145,-0.01389838912170574,13160.010823229135,0.03382834483933142,0.04280817535491853,81.59997792909223,56.16799864143462,0.18460007848379592
1259,76,2,0.028421220285060618,0.026959127720034802,7816.99864701677,0.011396972727316126,0.006864225120763629,56.951815669329974,72.36357794863117,-0.1191796417115914
1259,77,3,-0.0069097222546412145,-0.00013149533221843476,10095.421187594447,0.021972287325627372,0.005763914334797739,53.054660196945704,32.861331856199406,0.23503573500053704
1259,78,7,-0.027918442011147713,-0.047446405354392755,10294.445206734033,0.022812509551645377,0.008983786907662893,92.94238024095883,69.77466164139098,0.14238040669505628
1259,79,7,-0.001414054929952122,-0.010447120230053137,10039.94583970687,0.010349293474888877,0.01636231099838413,61.71813701947239,57.68980633389835,0.033735868589738864
