path_id,Date,sp500_abs,DGS10_abs,sp500,DGS10
0,2021-05-12,8098.627140934225,5.3986471223647525,-0.010376062244176865,0.05449873412586559
0,2021-05-13,8199.732514565063,5.364025141771523,0.012484260834753513,-0.034621980593229296
0,2021-05-14,8253.185150797477,5.348716342347279,0.006518826819956303,-0.015308799424244235
0,2021-05-17,8246.167188240308,5.388765979841125,-0.0008503338322043419,0.040049637493845935
0,2021-05-18,8446.936588602091,5.364697129623404,0.02434699609875679,-0.024068850217720872
0,2021-05-19,8237.982952110404,5.334118924965011,-0.02473720908164978,-0.03057820465839267
0,2021-05-20,8015.208995802316,5.387351751665314,-0.027042293921113014,0.05323282670030238
0,2021-05-21,7853.131061673391,5.402613264119032,-0.020221298560500145,0.015261512453718318
0,2021-05-24,8013.346526168765,5.448964427611626,0.020401475951075554,0.04635116349259416
0,2021-05-25,8328.795980245297,5.478245258249328,0.039365507662296295,0.029280830637701705
0,2021-05-26,8266.55265509711,5.475143877934816,-0.0074732680805027485,-0.0031013803145123475
0,2021-05-27,8149.844710775796,5.522446233568134,-0.014118091203272343,0.04730235563331853
0,2021-05-28,8192.365816129306,5.568358308862036,0.005217412952333689,0.04591207529390218
0,2021-06-01,8243.027280906332,5.542949714734342,0.006183984689414501,-0.02540859412769425
0,2021-06-02,8329.938798860929,5.552542773417657,0.010543640702962875,0.009593058683314837
0,2021-06-03,8354.286699102875,5.440855794686427,0.002922938670963049,-0.11168697873123001
0,2021-06-04,8553.800706646442,5.417808381806925,0.023881632834672928,-0.023047412879502183
0,2021-06-07,8748.199633780672,5.445717210139928,0.02272661402821541,0.02790882833300312
0,2021-06-08,8853.494589215203,5.366560599089896,0.012036185711622238,-0.07915661105003213
0,2021-06-09,9043.849429259613,5.448798747697696,0.02150053158402443,0.0822381486078001
0,2021-06-10,9241.81632401941,5.451854863413711,0.021889671683311462,0.003056115716015384
0,2021-06-11,9279.72702954729,5.521869270889544,0.00410208385437727,0.0700144074758331
0,2021-06-14,9236.644595419148,5.538006069900477,-0.0046426402404904366,0.016136799010932457
0,2021-06-15,9387.839403560985,5.534200785979615,0.016369018703699112,-0.0038052839208617684
0,2021-06-16,9438.273477224599,5.625106121223222,0.005372276995331049,0.09090533524360733
0,2021-06-17,9418.6466501405,5.634820540014672,-0.0020794933661818504,0.009714418791449297
0,2021-06-18,9361.678802903727,5.5703811396290455,-0.006048411130905151,-0.06443940038562612
0,2021-06-21,9387.229056898223,4.890314986332664,0.0027292384766042233,-0.6800661532963819
0,2021-06-22,9273.431929072169,4.831082080618678,-0.012122547253966331,-0.05923290571398532
0,2021-06-23,9477.750608085642,4.943137368349035,0.022032693028450012,0.11205528773035667
0,2021-06-24,9471.32403960452,4.985230421624537,-0.0006780689582228661,0.042093053275501724
0,2021-06-25,9477.785451975418,4.998852976674526,0.00068220793036744,0.01362255504998977
0,2021-06-28,9505.468833097495,4.91211168752,0.002920870203524828,-0.08674128915452606
0,2021-06-29,9444.601340422381,4.948455735283323,-0.006403418257832527,0.036344047763322784
0,2021-06-30,9496.685390752915,5.035843524571513,0.005514690186828375,0.08738778928819002
0,2021-07-01,9646.448149750468,5.164960884509995,0.01577000319957733,0.1291173599384816
0,2021-07-02,9714.259135868879,5.1245256093818865,0.007029632572084665,-0.040435275128108294
0,2021-07-06,9553.880151042315,5.022689578726796,-0.0165096465498209,-0.1018360306550905
0,2021-07-07,9861.771180260897,5.022416432076195,0.0322268046438694,-0.0002731466506009639
0,2021-07-08,9755.934002199127,4.984892736124649,-0.010732065886259079,-0.037523695951546365
0,2021-07-09,9589.816970333799,5.035264890831564,-0.01702728122472763,0.05037215470691514
0,2021-07-12,9712.210010048044,5.119860156585105,0.01276281289756298,0.08459526575354115
0,2021-07-13,9571.634108944585,5.142059651471937,-0.014474141411483288,0.022199494886832483
0,2021-07-14,9705.904071316805,5.244602181271879,0.014027903787791729,0.10254252979994138
0,2021-07-15,9631.346504339179,5.217983400137651,-0.007681671530008316,-0.026618781134227554
0,2021-07-16,9844.757922016173,5.2771361613169105,0.022158004343509674,0.05915276117925927
0,2021-07-19,9797.176632130304,5.310119050086716,-0.00483315996825695,0.03298288876980582
0,2021-07-20,9906.361533924732,5.453891281389287,0.011144527234137058,0.14377223130257022
0,2021-07-21,9905.941713195796,5.385483914986412,-4.2378902435302734e-05,-0.06840736640287481
0,2021-07-22,10034.0515116776,5.429059062669248,0.012932621873915195,0.043575147682836324
0,2021-07-23,9973.849944823723,5.297373916710821,-0.0059997267089784145,-0.13168514595842673
0,2021-07-26,9926.742556409905,5.2713466736342225,-0.004723089747130871,-0.02602724307659887
0,2021-07-27,9933.441561583131,5.288646472820614,0.00067484425380826,0.01729979918639124
0,2021-07-28,10062.895037463628,5.227402921538662,0.013032087124884129,-0.0612435512819518
0,2021-07-29,9927.058462288825,5.250795515077657,-0.013498757034540176,0.023392593538995143
0,2021-07-30,10147.584325196378,5.297327123407058,0.022214623168110847,0.04653160832940095
0,2021-08-02,10057.439181222855,5.279034582889495,-0.008883409202098846,-0.018292540517562905
0,2021-08-03,9873.88395002336,5.420777794814764,-0.018250692635774612,0.14174321192526929
0,2021-08-04,9711.53976694351,5.434358762730531,-0.016441775485873222,0.013580967915766351
0,2021-08-05,9766.375947211558,5.460684278008,0.005646497011184692,0.026325515277469513
0,2021-08-06,9858.66156703264,5.405423715466251,0.00944932084530592,-0.055260562541749714
0,2021-08-09,9732.231806266289,5.300517569044479,-0.012824231758713722,-0.10490614642177132
0,2021-08-10,9670.31824780351,5.255007501549796,-0.006361701991409063,-0.04551006749468289
0,2021-08-11,9762.554810328149,5.288256733632654,0.009538110345602036,0.03324923208285746
0,2021-08-12,9730.137414941604,5.26545714412545,-0.003320585237815976,-0.022799589507203954
0,2021-08-13,9654.024261559658,5.254531211850138,-0.007822412997484207,-0.010925932275311467
0,2021-08-16,9518.571097488742,5.124145411666312,-0.014030746184289455,-0.13038580018382628
0,2021-08-17,9792.820793515393,5.248632947163215,0.028812065720558167,0.12448753549690306
0,2021-08-18,10032.94282489143,5.268109467406,0.024520210921764374,0.0194765202427849
0,2021-08-19,10069.35634949409,5.206191950747988,0.003629396203905344,-0.061917516658011706
0,2021-08-20,10253.691390044483,5.244942124349689,0.018306536599993706,0.03875017360170041
0,2021-08-23,10340.985045576466,5.393846986059379,0.008513388223946095,0.1489048617096902
0,2021-08-24,10384.304438343148,5.357307535219226,0.004189097322523594,-0.03653945084015309
0,2021-08-25,10476.289805534398,5.514605552564482,0.008858115412294865,0.15729801734525584
0,2021-08-26,10681.94526747742,5.536309230532566,0.019630562514066696,0.021703677968083923
0,2021-08-27,10794.626974172113,5.54202741739469,0.010548800230026245,0.0057181868621247744
0,2021-08-30,10922.323794328478,5.526124025516358,0.011829664930701256,-0.01590339187833223
0,2021-08-31,11131.807371238805,5.559855109586902,0.019179396331310272,0.033731084070543815
0,2021-09-01,11054.677815952753,5.576008379177086,-0.006928754039108753,0.01615326959018404
0,2021-09-02,11218.302768862497,5.710517949372686,0.014801422134041786,0.13450957019559961
0,2021-09-03,11261.567393189052,5.7188518413936045,0.003856610506772995,0.008333892020918832
0,2021-09-07,11152.565498430058,5.739044997228755,-0.009679105132818222,0.02019315583515091
0,2021-09-08,11116.29582507933,5.837063479827175,-0.0032521372195333242,0.09801848259841961
0,2021-09-09,11353.657895187109,5.869889232819662,0.021352622658014297,0.03282575299248691
0,2021-09-10,11252.056776639993,6.006299823724034,-0.008948756381869316,0.13641059090437224
0,2021-09-13,11343.394013967914,6.064661861513856,0.008117381483316422,0.05836203778982174
0,2021-09-14,11372.440417728634,5.948523514342883,0.0025606448762118816,-0.11613834717097316
0,2021-09-15,11551.75556043721,5.960549052519848,0.015767516568303108,0.012025538176965611
0,2021-09-16,11494.104604718368,5.955689695203758,-0.004990666173398495,-0.004859357316090218
0,2021-09-17,11396.06479261863,6.039996753891487,-0.008529573678970337,0.08430705868772925
0,2021-09-20,11593.185811994861,6.01215776803337,0.017297288402915,-0.02783898585811695
0,2021-09-21,11413.221337202333,6.028563334641352,-0.01552329771220684,0.016405566607981648
0,2021-09-22,11476.778163108518,6.059649572930678,0.005568701773881912,0.031086238289326218
0,2021-09-23,11500.503064759518,6.052086519653056,0.0020672092214226723,-0.007563053277622522
0,2021-09-24,11558.83614904381,6.024744445206632,0.005072220228612423,-0.027342074446424114
0,2021-09-27,11799.74245065442,6.067390573295824,0.020841743797063828,0.042646128089192104
0,2021-09-28,11690.714538748718,6.170204549793205,-0.009239855222404003,0.102813976497381
0,2021-09-29,11863.006442835045,6.1552898651136845,0.014737499877810478,-0.014914684679520285
0,2021-09-30,11807.810489063893,6.066104159449879,-0.004652779549360275,-0.08918570566380524
0,2021-10-01,11801.495502964524,6.0576416522066925,-0.0005348143167793751,-0.008462507243186757
0,2021-10-04,11700.759302539534,6.071942964159041,-0.008535884320735931,0.014301311952348073
0,2021-10-05,11656.169562352894,6.082356926401134,-0.003810841590166092,0.010413962242093788
0,2021-10-06,11711.258618662241,6.083947133363189,0.0047261714935302734,0.0015902069620548076
0,2021-10-07,11671.224683700351,6.095017661833801,-0.0034184143878519535,0.011070528470611407
0,2021-10-08,11569.086347565231,6.139990875486047,-0.008751295506954193,0.04497321365224671
0,2021-10-13,11353.759978594677,6.135650396292077,-0.018612219020724297,-0.004340479193969848
0,2021-10-14,11451.605423367822,6.24255633287449,0.008617889136075974,0.10690593658241276
0,2021-10-15,11455.705998535133,6.194319767632189,0.00035807862877845764,-0.04823656524230113
0,2021-10-18,11651.500062593152,6.130488522281617,0.017091400921344757,-0.06383124535057227
0,2021-10-19,11609.711752005704,6.0811044854629,-0.00358651764690876,-0.04938403681871684
0,2021-10-20,11591.174432755426,6.014133448406427,-0.0015967079671099782,-0.06697103705647312
0,2021-10-21,11506.087752861598,5.987889498598782,-0.007340643554925919,-0.026243949807644995
0,2021-10-22,11743.904082748368,6.035045670552543,0.020668739452958107,0.04715617195376076
0,2021-10-25,11710.825504940058,5.9203014391459945,-0.0028166593983769417,-0.1147442314065481
0,2021-10-26,11741.66741345948,5.892515450426096,0.002633623778820038,-0.02778598871989857
0,2021-10-27,11684.25941371095,5.8802617562919,-0.004889254458248615,-0.012253694134195747
0,2021-10-28,11598.289808704421,5.919387607966542,-0.007357728201895952,0.03912585167464222
0,2021-10-29,11740.112281198264,5.830007581131768,0.012227877974510193,-0.08938002683477464
0,2021-11-01,11708.156843565703,5.7941646242579115,-0.0027219022158533335,-0.0358429568738563
0,2021-11-02,11662.024446132038,5.838977261596421,-0.003940192982554436,0.044812637338509376
0,2021-11-03,11832.662434406257,5.811104754026222,0.014631935395300388,-0.027872507570198657
0,2021-11-04,11756.958158736752,5.76254479557082,-0.00639790715649724,-0.048559958455402175
0,2021-11-05,11729.70334582138,5.826168116214126,-0.00231818575412035,0.06362332064330634
0,2021-11-08,11655.169834477441,5.838590053794405,-0.006354253739118576,0.012421937580278986
0,2021-11-09,11569.339218562494,5.839625989112302,-0.007364166900515556,0.0010359353178968078
0,2021-11-10,11468.6097558804,5.806811271680379,-0.008706587366759777,-0.03281471743192288
0,2021-11-15,11492.029038263503,5.795126516358244,0.0020420332439243793,-0.01168475532213531
0,2021-11-16,11699.710180308763,5.870501352031701,0.01807175576686859,0.07537483567345671
0,2021-11-17,11566.220248650143,5.902455112029696,-0.011409678496420383,0.03195375999799577
0,2021-11-18,11182.5199511746,5.9565152792718665,-0.033174216747283936,0.05406016724217011
0,2021-11-19,11077.22006329994,5.996747919817267,-0.009416472166776657,0.04023264054540032
0,2021-11-22,10970.89778983591,6.000616938733075,-0.009598281234502792,0.0038690189158083754
0,2021-11-23,10934.76825119337,6.028345907823728,-0.0032932162284851074,0.02772896909065281
0,2021-11-24,10961.604861654867,6.01697170455255,0.0024542459286749363,-0.011374203271177663
0,2021-11-26,11058.156770223331,5.974598305017312,0.008808190934360027,-0.04237339953523822
0,2021-11-29,11251.891487770195,5.96009352651142,0.017519621178507805,-0.014504778505892268
0,2021-11-30,11411.183540977672,5.975705335750764,0.014156913384795189,0.015611809239343799
0,2021-12-01,11636.049939199547,5.969438284520666,0.019705791026353836,-0.006267051230097742
0,2021-12-02,11735.910949639549,5.982560217982572,0.008582036942243576,0.013121933461905932
0,2021-12-03,11841.332530357253,5.955656571846419,0.008982820436358452,-0.02690364613615248
0,2021-12-06,11822.712619643735,5.944198928245442,-0.0015724506229162216,-0.011457643600977008
0,2021-12-07,12025.983499646713,5.904659363213745,0.017193252220749855,-0.03953956503169742
0,2021-12-08,11928.802184203303,5.956979497975778,-0.00808094535022974,0.052320134762033454
0,2021-12-09,11858.239151964099,5.901412009483309,-0.0059153493493795395,-0.05556748849246951
0,2021-12-10,11943.465608999735,5.892998193308406,0.007187108974903822,-0.008413816174902777
0,2021-12-13,11877.077915796774,5.919596569548453,-0.005558494944125414,0.026598376240047017
0,2021-12-14,11724.408555958054,5.96814104997475,-0.012854117900133133,0.048544480426296666
0,2021-12-15,11617.956295919841,6.002611774232178,-0.009079542011022568,0.03447072425742803
0,2021-12-16,11662.396455941629,6.033553666712478,0.0038251271471381187,0.03094189248029977
0,2021-12-17,11629.719198652718,6.0381230447229814,-0.0028019333258271217,0.004569378010503833
0,2021-12-20,11819.333967083217,6.0578343721695065,0.01630432903766632,0.01971132744652504
0,2021-12-21,12097.28538609402,5.948522603636979,0.02351667359471321,-0.10931176853252733
0,2021-12-22,12107.023246866143,5.952189584358235,0.0008049624739214778,0.0036669807212561523
0,2021-12-23,11857.3634427219,6.010497189352361,-0.020621072500944138,0.05830760499412602
0,2021-12-27,11842.36848740896,5.986898672751734,-0.0012646112591028214,-0.02359851660062695
0,2021-12-28,11792.19018956723,5.974867022496773,-0.004237184301018715,-0.012031650254961335
0,2021-12-29,11770.38066014676,5.952343465242185,-0.0018494892865419388,-0.022523557254587878
0,2021-12-30,11819.239364346917,5.97584107856556,0.0041509876027703285,0.023497613323375077
0,2021-12-31,11506.443429824049,5.9813133967776055,-0.026464980095624924,0.005472318212045302
0,2022-01-03,11692.512036481927,5.999077392929528,0.016170818358659744,0.017763996151922257
0,2022-01-04,11575.963390538884,6.026782548200547,-0.009967802092432976,0.027705155271019244
0,2022-01-05,11424.501890227433,6.047335216406965,-0.013084137812256813,0.020552668206417657
0,2022-01-06,11390.947609343499,6.09771887554075,-0.0029370454140007496,0.05038365913378495
0,2022-01-07,11065.930650300103,6.1394048164263175,-0.02853291667997837,0.041685940885567874
0,2022-01-10,11389.087760743296,6.1002841436896755,0.029202885925769806,-0.03912067273664199
0,2022-01-11,11236.9468032557,6.12872813555872,-0.013358484953641891,0.028443991869044893
0,2022-01-12,10952.301716894519,6.119886018118514,-0.025331176817417145,-0.008842117440206465
0,2022-01-13,10844.829600674331,6.102427268272408,-0.009812742471694946,-0.017458749846105626
0,2022-01-14,10883.014720780664,6.101485457099267,0.0035210438072681427,-0.0009418111731411827
0,2022-01-18,11009.33270349178,6.002048757513572,0.011606892570853233,-0.09943669958569501
0,2022-01-19,10798.978644994266,6.055996236226932,-0.01910688541829586,0.05394747871335959
0,2022-01-20,10707.17128007789,6.065582633107883,-0.008501485921442509,0.009586396880950865
0,2022-01-21,10787.585994509976,6.042416017062308,0.0075103603303432465,-0.02316661604557435
0,2022-01-24,11182.83056251867,5.998682236132488,0.036638833582401276,-0.04373378092981994
0,2022-01-25,10884.891567519879,6.002777093473871,-0.026642538607120514,0.00409485734138304
0,2022-01-26,10872.86513813285,5.933799273709141,-0.0011048736050724983,-0.06897781976473016
0,2022-01-27,10773.838692759422,5.869974368903228,-0.009107667952775955,-0.06382490480591319
0,2022-01-28,10887.072684920904,5.8942135848196715,0.010510087944567204,0.024239215916443513
0,2022-01-31,10740.829638006844,5.95124696997287,-0.01343272440135479,0.05703338515319878
0,2022-02-01,10743.63935040041,5.965328708098302,0.00026159174740314484,0.014081738125431897
0,2022-02-02,10673.033936295715,5.929346014348811,-0.006571833975613117,-0.03598269374949137
0,2022-02-03,10809.527468952183,5.915089607471246,0.01278863474726677,-0.01425640687756502
0,2022-02-04,10611.312235830808,5.920545441017924,-0.018337085843086243,0.005455833546678335
0,2022-02-07,10899.586196311451,5.889965281671774,0.027166664600372314,-0.030580159346150104
0,2022-02-08,10969.095231693165,5.908133465610963,0.006377217825502157,0.018168183939189397
0,2022-02-09,10765.508785918959,5.951062430435468,-0.018560003489255905,0.04292896482450459
0,2022-02-10,10969.500383161341,5.937455047067034,0.018948625773191452,-0.013607383368434256
0,2022-02-11,11020.608259473865,5.947784425770092,0.004659088794142008,0.010329378703057834
0,2022-02-14,11020.403559418215,5.9480076209796025,-1.8574297428131104e-05,0.00022319520951086247
0,2022-02-15,11063.250054936716,5.908080160917464,0.0038879243656992912,-0.03992746006213821
0,2022-02-16,11286.694849929054,5.9274046050192135,0.020197030156850815,0.019324444101749272
0,2022-02-17,11171.71770954595,5.918713881610103,-0.01018696278333664,-0.008690723409110923
0,2022-02-18,11119.737909743926,5.885559647935678,-0.004652802832424641,-0.03315423367442438
0,2022-02-22,11208.696863209509,5.832429804791477,0.008000094443559647,-0.05312984314420088
0,2022-02-23,11334.944015695648,5.83293400889055,0.011263321153819561,0.0005042040990730356
0,2022-02-24,11462.034128082949,5.799387908740186,0.011212239973247051,-0.033546100150364744
0,2022-02-25,11530.279369422984,5.755630899335313,0.005954025313258171,-0.043757009404872704
0,2022-02-28,11488.009489034006,5.734214515110577,-0.003665989264845848,-0.021416384224735907
0,2022-03-01,11398.844128276669,5.735464383505008,-0.0077616022899746895,0.0012498683944306421
0,2022-03-02,11373.196424882086,5.757919051470789,-0.0022500266786664724,0.022454667965781105
0,2022-03-03,11404.529774602259,5.753197181138498,0.0027550170198082924,-0.004721870332290656
0,2022-03-04,11220.736871261544,5.739857398466737,-0.016115780919790268,-0.013339782671761391
0,2022-03-07,11355.72898061123,5.96594101542723,0.012030592188239098,0.2260836169604934
0,2022-03-08,11259.489462608457,5.966857661612556,-0.008474974893033504,0.0009166461853258312
0,2022-03-09,11319.473804786016,6.024793864001918,0.005327447783201933,0.057936202389361924
0,2022-03-10,11415.984905694224,6.123298869185169,0.008526111952960491,0.09850500518325145
0,2022-03-11,11534.49203488122,6.177802194862291,0.010380806401371956,0.05450332567712213
0,2022-03-14,11524.33922517401,6.095557968697741,-0.000880212988704443,-0.0822442261645504
0,2022-03-15,11729.794874001136,6.123863688218633,0.017827976495027542,0.028305719520892225
0,2022-03-16,11607.76475121855,5.9995791584639075,-0.010403431951999664,-0.1242845297547257
0,2022-03-17,11684.485444406098,6.079173486130449,0.00660942867398262,0.07959432766654118
0,2022-03-18,11406.225534224253,6.067491083463525,-0.023814477026462555,-0.01168240266692333
0,2022-03-21,11637.328694052621,6.132045723526121,0.020261142402887344,0.06455464006259604
0,2022-03-22,11589.303232321852,6.117118320008955,-0.004126845858991146,-0.014927403517166482
0,2022-03-23,11552.516846983735,6.124374171908507,-0.00317416712641716,0.007255851899552468
0,2022-03-24,11358.299414812585,6.09379217296593,-0.01681169867515564,-0.030581998942577293
0,2022-03-25,11368.557515591681,6.119582389579075,0.0009031370282173157,0.025790216613144956
0,2022-03-28,11248.636007443241,6.121470280086322,-0.010548524558544159,0.0018878905072465813
0,2022-03-29,11244.25562165841,6.126678964799613,-0.00038941483944654465,0.005208684713291056
0,2022-03-30,11070.489912776547,6.153839950562667,-0.015453731641173363,0.02716098576305459
0,2022-03-31,11122.182447312573,6.097526168470016,0.0046693990007042885,-0.056313782092651365
0,2022-04-01,11203.327737488991,6.119610559301988,0.007295806426554918,0.022084390831971668
0,2022-04-04,11197.256974450982,6.103202678649819,-0.0005418714135885239,-0.016407880652169027
0,2022-04-05,10840.918678386673,6.0653486935194625,-0.03182371333241463,-0.037853985130356094
0,2022-04-06,11124.797163573174,6.024847538789602,0.026185832917690277,-0.04050115472986082
0,2022-04-07,10968.086363539061,5.962285152426918,-0.014086620882153511,-0.06256238636268385
0,2022-04-08,11040.911007330034,5.930487192175112,0.006639685481786728,-0.031797960251806145
0,2022-04-11,11058.89200945111,5.939844095507847,0.0016285795718431473,0.0093569033327352
0,2022-04-12,11207.838534197519,5.945876500924022,0.013468485325574875,0.006032405416175557
0,2022-04-13,11318.208542387503,5.936328221162524,0.00984757300466299,-0.00954827976149808
0,2022-04-14,11330.356690792221,5.997838813344199,0.0010733278468251228,0.06151059218167454
0,2022-04-18,11525.839971188236,5.968527243145782,0.017253056168556213,-0.029311570198417236
0,2022-04-19,11611.061645000485,5.98809185510872,0.007393966428935528,0.019564611962938017
0,2022-04-20,11479.211653608036,6.0611409152667655,-0.011355550028383732,0.0730490601580458
0,2022-04-21,11230.807233791045,6.108424100766909,-0.021639501675963402,0.04728318550014343
0,2022-04-22,11407.721590747242,6.090704512262596,0.01575259491801262,-0.01771958850431332
0,2022-04-25,11530.871366439254,6.080390303720252,0.010795299895107746,-0.01031420854234355
0,2022-04-26,11774.343625392077,6.117394359461478,0.02111481875181198,0.03700405574122634
0,2022-04-27,11573.429191826108,6.13166657996916,-0.017063748091459274,0.01427222050768151
0,2022-04-28,11162.246669782957,6.077898423093517,-0.03552814945578575,-0.05376815687564296
0,2022-04-29,10970.323633865142,6.1082630020210456,-0.01719394326210022,0.03036457892752864
0,2022-05-02,10939.501775577073,6.108280569346689,-0.0028095669113099575,1.756732564306418e-05
0,2022-05-03,10697.151235719273,6.121984400426176,-0.022153709083795547,0.013703831079487472
0,2022-05-04,10827.081004517224,6.128140885020535,0.012146202847361565,0.006156484594359135
0,2022-05-05,10892.235022243904,6.150794239723593,0.006017690058797598,0.02265335470305807
0,2022-05-06,10912.797456401338,6.077723789793669,0.0018878066912293434,-0.07307044992992395
0,2022-05-09,10757.506093917063,6.085391084279961,-0.014230206608772278,0.007667294486291887
0,2022-05-10,10866.248422133787,6.108001082490101,0.010108507238328457,0.022609998210139537
0,2022-05-11,10941.856804705929,6.12941969271383,0.006958094425499439,0.02141861022372904
0,2022-05-12,10876.190347138461,6.013404696008013,-0.006001399829983711,-0.11601499670581639
0,2022-05-13,10924.124714041911,6.159659382023575,0.004407275468111038,0.14625468601556157
0,2022-05-16,10738.075427215212,6.1198058300965545,-0.017031047493219376,-0.03985355192702045
0,2022-05-17,10758.843543256791,6.091835522410971,0.0019340631552040577,-0.027970307685583506
0,2022-05-18,10768.812881328415,6.111821657510729,0.0009266179986298084,0.01998613509975833
0,2022-05-19,10718.305174705112,6.180407818830357,-0.004690183326601982,0.06858616131962769
0,2022-05-20,10726.161749726023,6.104736765897336,0.0007330053485929966,-0.07567105293302134
0,2022-05-23,10742.221431013537,6.06629120850913,0.0014972439967095852,-0.0384455573882061
0,2022-05-24,10729.092193011016,6.077952256211627,-0.0012222088407725096,0.011661047702497207
0,2022-05-25,10628.855049570337,6.09572932744352,-0.00934255588799715,0.017777071231892982
0,2022-05-26,10725.809318079295,6.041564638757907,0.009121797978878021,-0.05416468868561264
0,2022-05-27,10683.388311831322,6.004149702756535,-0.003955040127038956,-0.03741493600137247
0,2022-05-31,10435.529825773418,6.010403749836956,-0.02320036292076111,0.006254047080421543
0,2022-06-01,10331.091657261113,6.031264471501408,-0.010007941164076328,0.02086072166445163
0,2022-06-02,10049.399691722881,6.064166222223724,-0.027266427874565125,0.03290175072231616
0,2022-06-03,9841.576654671226,6.154993059494073,-0.020680144429206848,0.0908268372703489
0,2022-06-06,9847.827132280827,6.061634889041612,0.0006351093761622906,-0.09335817045246131
0,2022-06-07,9882.293810637539,5.985905773022632,0.003499927232041955,-0.07572911601897925
0,2022-06-08,9732.87347648614,6.002464370901584,-0.01512000523507595,0.01655859787895153
0,2022-06-09,9815.282994082456,5.963055482849428,0.008467131294310093,-0.039408888052156144
0,2022-06-10,9851.392339998181,5.933801112022085,0.0036788899451494217,-0.029254370827342946
0,2022-06-13,9698.17255770591,5.926882035785678,-0.015553109347820282,-0.0069190762364064184
0,2022-06-14,9855.529534284111,5.856611816603144,0.016225425526499748,-0.07027021918253418
0,2022-06-15,9985.057447352288,5.900088899825026,0.013142663985490799,0.04347708322188204
0,2022-06-16,10108.60902999646,6.025846955649466,0.012373647652566433,0.12575805582443955
0,2022-06-17,10130.17433114325,6.070842441450591,0.0021333598997443914,0.04499548580112478
0,2022-06-21,10244.4761165814,6.084844188432062,0.011283298954367638,0.014001746981471719
0,2022-06-22,10233.97948202574,5.715445861478514,-0.0010246140882372856,-0.36939832695354813
0,2022-06-23,10143.676866294958,5.588130514543399,-0.008823802694678307,-0.1273153469351156
0,2022-06-24,10109.214967343598,5.477161811785881,-0.0033973774407058954,-0.11096870275751769
0,2022-06-27,10132.540055441887,5.21668874384173,0.0023073095362633467,-0.2604730679441509
0,2022-06-28,10275.969929696997,5.345695570325505,0.0141553720459342,0.12900682648377515
0,2022-06-29,10303.810646381908,5.217644283850806,0.0027093030512332916,-0.1280512864746992
0,2022-06-30,10137.562081008615,5.25615997039658,-0.01613466814160347,0.03851568654577431
0,2022-07-01,9906.512276521224,5.264936786291371,-0.022791456431150436,0.008776815894790957
0,2022-07-05,9907.96906849903,5.269547782030007,0.00014705397188663483,0.004610995738635992
0,2022-07-06,10026.370638732336,5.292555405089747,0.011950135231018066,0.02300762305973958
0,2022-07-07,10063.61625835861,5.373156312604828,0.003714765887707472,0.08060090751508131
0,2022-07-08,9862.446659994344,5.39875063508158,-0.01998979225754738,0.025594322476751863
0,2022-07-11,9757.882105521281,5.345416841735947,-0.010602293536067009,-0.05333379334563304
0,2022-07-12,9705.020027247203,5.3876222541454215,-0.005417372100055218,0.04220541240947462
0,2022-07-13,9493.703449707471,5.427516328222192,-0.021773945540189743,0.039894074076770814
0,2022-07-14,9569.759366992324,5.418264373382231,0.008011195808649063,-0.009251954839961662
0,2022-07-15,9425.407527357278,5.4487275591049755,-0.015084166079759598,0.030463185722744868
0,2022-07-18,9404.4844907063,5.465311017710991,-0.0022198548540472984,0.016583458606015178
0,2022-07-19,9532.101422277929,5.4387709752890085,0.013569795526564121,-0.026540042421982157
0,2022-07-20,9622.041751848943,5.5083547234742305,0.009435519576072693,0.06958374818522195
0,2022-07-21,9607.12297503497,5.504600330736198,-0.0015504793263971806,-0.0037543927380321307
0,2022-07-22,9564.759284302074,5.317973013935801,-0.004409612622112036,-0.18662731680039713
0,2022-07-25,9606.743459028909,5.471734286713692,0.004389464855194092,0.1537612727778912
0,2022-07-26,9589.816836426688,5.558020106729447,-0.001761952182278037,0.08628582001575413
0,2022-07-27,9519.180105763153,5.579248517309531,-0.00736580602824688,0.0212284105800844
0,2022-07-28,9668.774049812326,5.562822559776797,0.01571500301361084,-0.016425957532733904
0,2022-07-29,9467.91840139366,5.589973870802747,-0.020773641765117645,0.02715131102594981
0,2022-08-01,9219.349469144947,5.557320134294944,-0.02625381015241146,-0.03265373650780301
0,2022-08-02,9230.598577863195,5.501123794520335,0.001220162957906723,-0.05619633977460925
0,2022-08-03,9141.108792773663,5.579345134882786,-0.009694905951619148,0.07822134036245121
0,2022-08-04,9137.659833613372,5.602368676024891,-0.00037730205804109573,0.023023541142105586
0,2022-08-05,9208.424495158617,5.621752296758511,0.0077442871406674385,0.019383620733619544
0,2022-08-08,9302.261340769106,5.474658322059825,0.010190325789153576,-0.14709397469868613
0,2022-08-09,9239.340179689218,5.454922272595552,-0.006764071527868509,-0.019736049464272654
0,2022-08-10,9200.54208570242,5.452725019694799,-0.004199227783828974,-0.0021972529007534547
0,2022-08-11,9216.519170403435,5.443364919393929,0.0017365373205393553,-0.009360100300869867
0,2022-08-12,9210.217598354067,5.4545200712122295,-0.0006837258115410805,0.011155151818300624
0,2022-08-15,9172.07741301489,5.389086135451954,-0.0041410732083022594,-0.06543393576027512
0,2022-08-16,9010.389989720543,5.395062089286182,-0.017628222703933716,0.005975953834227887
0,2022-08-17,8972.239594724886,5.316272791453059,-0.004234044812619686,-0.07878929783312305
0,2022-08-18,8850.94859810467,5.320144909765792,-0.013518474996089935,0.0038721183127323755
0,2022-08-19,9046.42761600529,5.374827470254595,0.022085657343268394,0.05468256048880349
0,2022-08-22,9045.805789955766,5.382127039440602,-6.873719394207001e-05,0.007299569186006494
0,2022-08-23,8945.713664835204,5.344302254608058,-0.01106503140181303,-0.03782478483254348
0,2022-08-24,9183.700070073091,5.382863650169012,0.026603400707244873,0.03856139556095428
0,2022-08-25,9161.164629479526,5.43982886365477,-0.002453851979225874,0.05696521348575789
0,2022-08-26,9276.542780972646,5.449363875310862,0.012594266794621944,0.009535011656091719
0,2022-08-29,9223.522993542902,5.447999678230538,-0.005715468432754278,-0.0013641970803242032
0,2022-08-30,9187.652518945193,5.479760763185089,-0.003889020998030901,0.03176108495455132
0,2022-08-31,9206.948291323994,5.466448842015881,0.0021001852583140135,-0.013311921169208318
0,2022-09-01,9249.156942178497,5.467913742939044,0.004584434442222118,0.0014649009231630927
0,2022-09-02,9328.45726361158,5.494367481823909,0.008573789149522781,0.026453738884865352
0,2022-09-06,9202.067073203156,5.512710683287052,-0.01354888454079628,0.018343201463142833
0,2022-09-07,9102.638056369113,5.498738260687176,-0.010805074125528336,-0.013972422599875856
0,2022-09-08,9110.327294489553,5.488707583429561,0.0008447263389825821,-0.010030677257614862
0,2022-09-09,9140.243851728554,5.527086697458182,0.0032838070765137672,0.038379114028620265
0,2022-09-12,8967.004730726536,5.467876090589021,-0.018953446298837662,-0.059210606869160465
0,2022-09-13,9208.33752290513,5.502044871445503,0.026913423091173172,0.034168780856481895
0,2022-09-14,9251.782146954432,5.55996727513833,0.004717966075986624,0.057922403692827196
0,2022-09-15,9328.23764735346,5.56001522045229,0.008263867348432541,4.794531395990731e-05
0,2022-09-16,9243.381400621201,5.615553658435431,-0.009096707217395306,0.05553843798314073
0,2022-09-19,9269.559376892774,5.614984360188953,0.0028320779092609882,-0.0005692982464777785
0,2022-09-20,9294.69295876181,5.46073189109612,0.0027114106342196465,-0.15425246909283352
0,2022-09-21,9129.067687535533,5.4384975989780475,-0.01781933754682541,-0.02223429211807204
0,2022-09-22,9065.656823819596,5.446835887196101,-0.0069460393860936165,0.008338288218053158
0,2022-09-23,9152.546843728996,5.489003987609734,0.009584525600075722,0.04216810041363317
0,2022-09-26,9132.740596462616,5.531174384965627,-0.0021640148479491472,0.04217039735589356
0,2022-09-27,9057.552507492976,5.612319667228054,-0.00823280680924654,0.08114528226242701
0,2022-09-28,9059.567291562536,5.617592205396693,0.00022244243882596493,0.005272538168638263
0,2022-09-29,9139.628328799465,5.534253923283421,0.008837181143462658,-0.08333828211327177
0,2022-09-30,9332.970115766544,5.567248190049954,0.02115422859787941,0.03299426676653283
0,2022-10-03,9297.127558737742,5.57727698503848,-0.003840423421934247,0.010028794988525824
0,2022-10-04,9279.476264856517,5.4858824248541085,-0.001898574992083013,-0.09139456018437109
0,2022-10-05,9295.669646782597,5.535211995171159,0.001745074987411499,0.04932957031705065
0,2022-10-06,9235.400645537808,5.491504638374359,-0.00648355670273304,-0.04370735679680049
0,2022-10-07,9111.58835202745,5.447190165743679,-0.013406272046267986,-0.04431447263067945
0,2022-10-12,9042.225266715639,5.439725426814523,-0.007612622808665037,-0.007464738929155779
0,2022-10-13,9009.54202410006,5.518344389727927,-0.0036145132035017014,0.07861896291340376
0,2022-10-14,8944.295057442527,5.535794230385138,-0.0072419848293066025,0.017449840657210558
0,2022-10-17,8800.721631012804,5.5376616250868,-0.01605195552110672,0.001867394701662306
0,2022-10-18,8803.335762356352,5.581578209878807,0.0002970360219478607,0.04391658479200711
0,2022-10-19,8881.387998245618,5.539559119885571,0.008866211399435997,-0.04201908999323578
0,2022-10-20,8916.327888683792,5.500848964894483,0.003934057429432869,-0.03871015499108843
0,2022-10-21,8764.427082320537,5.738203778176386,-0.017036251723766327,0.237354813281903
0,2022-10-24,8797.283169833285,5.676624114855796,0.0037488003727048635,-0.06157966332058962
0,2022-10-25,8786.672180908998,5.684276933097825,-0.0012061665765941143,0.007652818242029014
0,2022-10-26,8591.486427051901,5.660408111954119,-0.02221384271979332,-0.023868821143706143
0,2022-10-27,8584.89096374802,5.651403633635357,-0.0007676742970943451,-0.009004478318762388
0,2022-10-28,8543.641729696139,5.6266957299860305,-0.004804864060133696,-0.02470790364932629
0,2022-10-31,8673.972831745003,5.614971952085271,0.015254748053848743,-0.011723777900759735
0,2022-11-01,8761.926713531886,5.63880597460716,0.010139976628124714,0.023834022521889153
0,2022-11-02,8820.714458779528,5.688286055862809,0.0067094541154801846,0.04948008125564929
0,2022-11-03,8879.27508374246,5.63663786951244,0.0066389888525009155,-0.05164818635036905
0,2022-11-04,8985.622791338603,5.584549116829703,0.011977070942521095,-0.05208875268273694
0,2022-11-07,8930.32117802498,5.71275634651256,-0.006154455244541168,0.12820722968285647
0,2022-11-08,8896.292197246543,5.683415313033305,-0.003810499096289277,-0.02934103347925454
0,2022-11-09,8802.045025879028,5.637047354870088,-0.010593983344733715,-0.04636795816321726
0,2022-11-10,8747.461016146457,5.7003680406138555,-0.006201287265866995,0.06332068574376759
0,2022-11-15,8686.138529766406,5.760996988220339,-0.007010318338871002,0.06062894760648341
0,2022-11-16,8742.123216094555,5.671038953651484,0.006445290520787239,-0.08995803456885465
0,2022-11-17,8710.740759676484,5.612998975850101,-0.0035897979978471994,-0.058039977801382925
0,2022-11-18,8716.804420432398,5.614717517922757,0.0006961131002753973,0.0017185420726555378
0,2022-11-21,8826.35570643015,5.591601451793116,0.012567826546728611,-0.023116066129641233
0,2022-11-22,8946.524353348672,5.656383464220741,0.01361475232988596,0.06478201242762527
0,2022-11-23,9002.772207239583,5.715396731504788,0.006287117954343557,0.059013267284047544
0,2022-11-25,8983.48325514072,5.656857241189204,-0.002142556942999363,-0.05853949031558425
0,2022-11-28,9068.58584768126,5.681498852999574,0.009473228827118874,0.02464161181036939
0,2022-11-29,9053.77822385318,5.73567763526974,-0.0016328481724485755,0.05417878227016626
0,2022-11-30,9118.537080952447,5.656602528712846,0.007152688689529896,-0.07907510655689354
0,2022-12-01,9171.494992265514,5.600882898802754,0.005807720124721527,-0.05571962991009194
0,2022-12-02,9163.409351389688,5.621993647095488,-0.0008816055487841368,0.02111074829273374
0,2022-12-05,9199.927955630299,5.665487230194304,0.0039852638728916645,0.043493583098816124
0,2022-12-06,9113.954683251932,5.648863168571067,-0.009344994090497494,-0.016624061623237374
0,2022-12-07,9127.80679137214,5.679933213354305,0.0015198789769783616,0.03107004478323816
0,2022-12-08,9112.085602439609,5.593321442639518,-0.001722340239211917,-0.08661177071478665
0,2022-12-09,9183.01037795103,5.6039567283044205,0.007783594075590372,0.010635285664902128
0,2022-12-12,9139.562794038606,5.570489467887535,-0.004731300752609968,-0.0334672604168853
0,2022-12-13,8994.774503976256,5.558514072370499,-0.015841927379369736,-0.011975395517036524
0,2022-12-14,8995.99608951955,5.595133551779366,0.00013581058010458946,0.03661947940886723
0,2022-12-15,8894.511549816567,5.602025284055994,-0.011281078681349754,0.006891732276628204
0,2022-12-16,8968.238297048036,5.569044197540587,0.008289015851914883,-0.032981086515406766
0,2022-12-19,9094.879255292559,5.554942038080161,0.014121051877737045,-0.014102159460426478
0,2022-12-20,9167.424740435203,5.5392398557951195,0.007976519875228405,-0.01570218228504139
0,2022-12-21,9088.3837508,5.511758723778763,-0.00862194038927555,-0.027481132016356824
0,2022-12-22,9084.873208354158,5.509839235863916,-0.00038626696914434433,-0.0019194879148463073
0,2022-12-23,9258.782264748921,5.566148877250847,0.01914270594716072,0.05630964138693084
0,2022-12-27,9278.346705681666,5.540244279409128,0.002113068476319313,-0.025904597841718946
0,2022-12-28,9227.224496857814,5.535500209355743,-0.005509840324521065,-0.004744070053384952
0,2022-12-29,9174.8763500327,5.594904795122563,-0.005673227831721306,0.05940458576681973
0,2022-12-30,9178.950724685763,5.515544399658801,0.0004440795164555311,-0.07936039546376161
0,2023-01-03,9330.744703692397,5.559335924678045,0.01653718203306198,0.04379152501924377
0,2023-01-04,9288.010697236867,5.6264239248705135,-0.004579913802444935,0.0670880001924683
0,2023-01-05,9198.044848447527,5.625634641753231,-0.009686234407126904,-0.0007892831172826575
0,2023-01-06,9294.670379300936,5.593000266845246,0.010505007579922676,-0.03263437490798449
0,2023-01-09,9183.776910939589,5.62014529429582,-0.011930866166949272,0.027145027450573345
0,2023-01-10,9172.17177869521,5.603971521494919,-0.0012636557221412659,-0.01617377280090082
0,2023-01-11,9261.1729840763,5.654850537131861,0.009703394956886768,0.050879015636942526
0,2023-01-12,9290.09113605441,5.655913637896862,0.003122515045106411,0.001063100765001046
0,2023-01-13,9315.718974440848,5.6571604667205175,0.002758620772510767,0.0012468288236551217
0,2023-01-17,9329.895981028085,5.669315739308751,0.0015218370826914907,0.012155272588233679
0,2023-01-18,9359.706198852024,5.694629287385612,0.0031951286364346743,0.025313548076860926
0,2023-01-19,9436.200899020345,5.716780840904274,0.008172767236828804,0.022151553518662048
0,2023-01-20,9414.40237954955,5.685348819325155,-0.002310094889253378,-0.03143202157911951
0,2023-01-23,9455.37189542651,5.676804485962111,0.004351791460067034,-0.0085443333630435
0,2023-01-24,9544.495981569258,5.754274562230289,0.009425762109458447,0.07747007626817748
0,2023-01-25,9426.529948573992,5.763929263307452,-0.012359587475657463,0.009654701077163708
0,2023-01-26,9343.178193446098,5.739290619298067,-0.00884225219488144,-0.024638644009385757
0,2023-01-27,9449.378294682796,5.738166424496403,0.011366592720150948,-0.0011241948016635916
0,2023-01-30,9418.709664985532,5.694994465760963,-0.0032455711625516415,-0.04317195873544044
0,2023-01-31,9259.992176832153,5.7089353182746105,-0.01685129851102829,0.013940852513647961
0,2023-02-01,9124.943931423564,5.715321227950713,-0.014584056101739407,0.006385909676102308
0,2023-02-02,9156.625548831917,5.652758401615328,0.0034719794057309628,-0.06256282633538479
0,2023-02-03,9150.39523529954,5.63249063494892,-0.0006804158911108971,-0.02026776666640817
0,2023-02-06,9300.489294988536,5.7303121078983095,0.016403013840317726,0.09782147294938959
0,2023-02-07,9485.130987075076,5.713333271149331,0.019852900877594948,-0.016978836748978487
0,2023-02-08,9368.175547268287,5.716190345767952,-0.012330397963523865,0.0028570746186211693
0,2023-02-09,9256.939910969344,5.675908106647314,-0.011873777955770493,-0.04028223912063833
0,2023-02-10,9519.414895098373,5.712868951645961,0.028354400768876076,0.0369608449986476
0,2023-02-13,9465.477723405045,5.6617827876765165,-0.005666017532348633,-0.051086163969444875
0,2023-02-14,9564.16369877227,5.7430648338433485,0.010425884276628494,0.08128204616683199
0,2023-02-15,9733.32900234553,5.731850881999825,0.017687411978840828,-0.011213951843523695
0,2023-02-16,9590.14460982832,5.760096038067046,-0.01471073180437088,0.028245156067221444
0,2023-02-17,9559.11726149112,5.776142118992472,-0.003235336858779192,0.0160460809254257
0,2023-02-21,9284.155517058372,5.775206545893965,-0.02876434475183487,-0.0009355730985065591
0,2023-02-22,9205.84927070032,5.903464510479745,-0.008434396237134933,0.12825796458577976
0,2023-02-23,9227.818280968304,5.8819749488448085,0.0023864186368882656,-0.02148956163493665
0,2023-02-24,9239.383031845484,5.900485309771845,0.0012532486580312252,0.01851036092703673
0,2023-02-27,9365.459368084466,5.906890603644373,0.0136455362662673,0.006405293872528084
0,2023-02-28,9440.297202068185,5.886669544078625,0.007990834303200245,-0.020221059565748156
0,2023-03-01,9764.86773828145,5.9044195735175355,0.03438138961791992,0.017750029438910353
0,2023-03-02,9827.434684719286,5.870683777835046,0.006407352164387703,-0.033735795682489744
0,2023-03-03,9833.144206901297,5.8183731722133025,0.0005809778813272715,-0.05231060562174328
0,2023-03-06,9812.182805903569,5.872205593054238,-0.002131708897650242,0.05383242084093531
0,2023-03-07,9729.160278384195,5.8543896716369,-0.00846116803586483,-0.017815921417337677
0,2023-03-08,9732.853842330373,5.828498331150642,0.0003796385135501623,-0.025891340486258407
0,2023-03-09,9833.128978893457,5.781405280136571,0.01030274759978056,-0.047093051014070575
0,2023-03-10,9872.170571210396,5.811474379516616,0.003970413934439421,0.03006909938004476
0,2023-03-13,9968.745443974389,5.821190353308124,0.009782536886632442,0.009715973791507793
0,2023-03-14,9798.477028320664,5.740492470346729,-0.01708022505044937,-0.08069788296139446
0,2023-03-15,9784.309102884932,5.7816220507530955,-0.0014459313824772835,0.04112958040636627
0,2023-03-16,10067.016581441054,5.804161669961182,0.028893964365124702,0.02253961920808667
0,2023-03-17,9999.445089057175,5.825882269524217,-0.006712166592478752,0.02172059956303496
0,2023-03-20,10014.125045096629,5.861298126273728,0.0014680770691484213,0.035415856749510866
0,2023-03-21,9988.29516271169,5.930122420201822,-0.002579344902187586,0.06882429392809364
0,2023-03-22,10030.945679907774,5.9152957491206655,0.0042700497433543205,-0.014826671081156206
0,2023-03-23,10100.011184249133,5.86349829099597,0.006885243579745293,-0.05179745812469516
0,2023-03-24,10104.743631671166,5.885394672352868,0.000468558631837368,0.021896381356897976
0,2023-03-27,10222.415370670898,5.887413190388364,0.011645197868347168,0.0020185180354959087
0,2023-03-28,10219.162940460857,5.948951135988068,-0.00031816650880500674,0.061537945599703825
0,2023-03-29,10287.126011803732,5.988776525378647,0.006650551687926054,0.03982538939057889
0,2023-03-30,10306.801855345691,5.948286677735581,0.001912666717544198,-0.04048984764306596
0,2023-03-31,10476.424567983291,5.9274641292615335,0.01645735651254654,-0.02082254847404741
0,2023-04-03,10613.659623015585,5.88913295857611,0.013099417090415955,-0.038331170685423466
0,2023-04-04,10622.790402745606,5.898006538618428,0.0008602857124060392,0.008873580042317641
0,2023-04-05,10729.996795746696,5.931580930060421,0.010092112235724926,0.03357439144199326
0,2023-04-06,10691.417681641866,5.895320655266914,-0.0035954450722783804,-0.036260274793506575
0,2023-04-10,10790.373009551942,5.938907764933671,0.009255585260689259,0.04358710966675616
0,2023-04-11,10752.907315638284,5.959744585259241,-0.003472140757367015,0.020836820325570216
0,2023-04-12,10578.422618339928,5.978520020051726,-0.016226746141910553,0.018775434792485335
0,2023-04-13,10786.115910274919,5.9439964575171285,0.019633673131465912,-0.03452356253459765
0,2023-04-14,10904.561925992884,5.996471722950013,0.010981340892612934,0.05247526543288483
0,2023-04-17,10995.351354368431,6.009116049351799,0.008325820788741112,0.012644326401785477
0,2023-04-18,11103.99899177536,6.0403704258811795,0.009881233796477318,0.03125437652938068
0,2023-04-19,11039.391452280694,5.995939261343768,-0.005818402860313654,-0.04443116453741158
0,2023-04-20,11240.690373955571,5.891695453269749,0.018234603106975555,-0.10424380807401867
0,2023-04-21,11390.873170839117,5.8703435303027725,0.013360638171434402,-0.021351922966976744
0,2023-04-24,11295.228274491448,5.793540168235022,-0.008396625518798828,-0.07680336206775085
0,2023-04-25,11404.96259725408,5.849619721976778,0.009715104475617409,0.056079553741755994
0,2023-04-26,11509.298836149,5.908082606432412,0.009148319251835346,0.05846288445563452
0,2023-04-27,11794.857052909674,5.781947051220272,0.024811087176203728,-0.12613555521213993
0,2023-04-28,12054.943721595317,5.7401953380785855,0.022050853818655014,-0.041751713141686686
0,2023-05-01,12040.729661498639,5.800393369034158,-0.0011791063006967306,0.06019803095557208
0,2023-05-02,12055.432917300783,5.745631759561885,0.0012211266439408064,-0.05476160947227271
0,2023-05-03,11928.956793580728,5.7207261083199805,-0.010491213761270046,-0.02490565124190436
0,2023-05-04,12036.1471105162,5.729155944591047,0.008985724300146103,0.008429836271066193
0,2023-05-05,11960.448814523133,5.7551819243629225,-0.006289246492087841,0.026025979771875818
0,2023-05-08,11784.832399506553,5.798256818995743,-0.01468309573829174,0.043074894632820104
0,2023-05-09,11845.205993110963,5.721837974505531,0.005122991278767586,-0.07641884449021141
0,2023-05-10,11974.441434395538,5.6966999036892165,0.010910358279943466,-0.025138070816314695
0,2023-05-11,11928.577613932815,5.804783058684203,-0.0038301427848637104,0.10808315499498633
0,2023-05-12,11932.87476745783,5.819301652021774,0.00036024022847414017,0.014518593337570884
0,2023-05-15,11663.98872780527,5.8461048425750635,-0.022533215582370758,0.026803190553289724
0,2023-05-16,11495.507751369412,5.842682843989919,-0.014444542117416859,-0.003421998585144692
0,2023-05-17,11778.708858017437,5.818725942989062,0.024635806679725647,-0.023956901000857123
0,2023-05-18,11938.531286516018,5.837907648346592,0.01356875617057085,0.019181705357530277
0,2023-05-19,12049.036107493108,5.819687293506409,0.009256148710846901,-0.01822035484018336
0,2023-05-22,12065.219014784481,5.771234102039284,0.0013430872932076454,-0.048453191467124235
0,2023-05-23,12121.036755510331,5.7209195660251355,0.004626334644854069,-0.050314536014148814
0,2023-05-24,12203.484901087573,5.686942385429542,0.006802070420235395,-0.03397718059559374
0,2023-05-25,12301.555477887798,5.7304520109808506,0.008036276325583458,0.04350962555130877
0,2023-05-26,12470.331881595397,5.732003356931312,0.013719923794269562,0.001551345950461247
0,2023-05-30,12378.017396912046,5.8575688505900585,-0.0074027287773787975,0.1255654936587467
0,2023-05-31,12584.118402817472,5.8692783770649255,0.016650566831231117,0.011709526474867005
0,2023-06-01,12432.605565222562,5.839588599596027,-0.012040004134178162,-0.02968977746889845
0,2023-06-02,12432.789088667216,5.849642095799043,1.4761462807655334e-05,0.010053496203015655
0,2023-06-05,12504.3509612644,5.8854136694990045,0.005755898542702198,0.035771573699961756
0,2023-06-06,12685.825895316546,5.829850210457705,0.014512943103909492,-0.055563459041299446
0,2023-06-07,12763.216662317385,5.839273977268271,0.006100569851696491,0.009423766810566114
0,2023-06-08,12597.061233522967,5.9523467567097645,-0.01301830355077982,0.11307277944149341
0,2023-06-09,12485.493477314561,5.851944998931938,-0.00885664951056242,-0.1004017577778269
0,2023-06-12,12789.031152487525,5.898576919595673,0.024311227723956108,0.046631920663735116
0,2023-06-13,12803.981747963075,5.839620089953019,0.0011690170504152775,-0.058956829642653474
0,2023-06-14,12734.260480792303,5.859707837170262,-0.005445280112326145,0.020087747217242935
0,2023-06-15,12757.523130586,5.82666104481015,0.0018267766572535038,-0.03304679236011232
0,2023-06-16,12717.064079997026,5.820067687884443,-0.00317138759419322,-0.006593356925707283
0,2023-06-20,12521.99269736913,5.807733001431181,-0.015339341014623642,-0.012334686453261412
0,2023-06-21,12557.115128063144,5.82006705763281,0.0028048595413565636,0.012334056201629195
0,2023-06-22,12366.726470309344,5.867979542684125,-0.015161815099418163,0.047912485051314846
0,2023-06-23,12264.399497717764,5.831257115009726,-0.008274378255009651,-0.03672242767439915
0,2023-06-26,12059.589993711712,5.857537383566259,-0.01669951342046261,0.026280268556533315
0,2023-06-27,12001.037568211075,5.914444405196169,-0.0048552583903074265,0.05690702162990924
0,2023-06-28,11997.205623105481,5.897821024034152,-0.00031930115073919296,-0.01662338116201667
0,2023-06-29,12180.835485247395,5.887208144400688,0.015306052751839161,-0.010612879633463912
0,2023-06-30,12210.601258092776,5.858752045302574,0.0024436560925096273,-0.028456099098113974
0,2023-07-03,12239.842646822684,5.6847074856727815,0.002394754206761718,-0.1740445596297926
0,2023-07-05,12211.822016746128,5.695510941809834,-0.002289296593517065,0.010803456137052692
0,2023-07-06,12136.586270761627,5.625727771871458,-0.00616089440882206,-0.06978316993837641
0,2023-07-07,12114.897799890501,5.6751578246345264,-0.0017870322335511446,0.049430052763068666
0,2023-07-10,12022.152239652978,5.611808170222332,-0.007655496709048748,-0.06334965441219431
0,2023-07-11,11970.260585429201,5.663138494612161,-0.00431633647531271,0.051330324389828874
0,2023-07-12,11931.551561543265,5.601964893752136,-0.003233766183257103,-0.06117360086002499
0,2023-07-13,11963.743091106486,5.593150925021976,0.0026980170514434576,-0.008813968730160049
0,2023-07-14,12124.177266351438,5.574021576236167,0.013410031795501709,-0.01912934878580863
0,2023-07-17,12148.219551796117,5.582399511956602,0.00198300345800817,0.00837793572043477
0,2023-07-18,12034.097261820933,5.5609241402537615,-0.00939415767788887,-0.02147537170284064
0,2023-07-19,11931.449502778323,5.563481016517017,-0.008529743179678917,0.0025568762632559583
0,2023-07-20,11741.564563488988,5.596767577584824,-0.015914658084511757,0.03328656106780681
0,2023-07-21,11896.63249497223,5.6258720649343195,0.013206752017140388,0.029104487349495223
0,2023-07-24,11873.24368142824,5.610876612621469,-0.0019660028629004955,-0.014995452312850155
0,2023-07-25,12076.396820263542,5.649258145912844,0.01711016334593296,0.038381533291374836
0,2023-07-26,12154.524701373102,5.583605935370546,0.006469469517469406,-0.0656522105422983
0,2023-07-27,12085.797293990343,5.5664325090658595,-0.00565447099506855,-0.017173426304686323
0,2023-07-28,12259.32652100377,5.590347959773553,0.014358111657202244,0.023915450707693076
0,2023-07-31,12051.918921186165,5.5911203845281126,-0.016918351873755455,0.0007724247545599638
0,2023-08-01,12128.862341537537,5.639904738037935,0.006384329404681921,0.04878435350982269
0,2023-08-02,12311.163552277412,5.628689313408666,0.015030363574624062,-0.0112154246292695
0,2023-08-03,12615.275077692819,5.6268023412906585,0.02470209449529648,-0.0018869721180072574
0,2023-08-04,12687.32135945127,5.641050618645719,0.0057110353372991085,0.014248277355060956
0,2023-08-07,12756.842454651945,5.7093545801294905,0.005479572340846062,0.06830396148377105
0,2023-08-08,12707.19483972983,5.752151617300713,-0.0038918419741094112,0.04279703717122274
0,2023-08-09,12523.749963975246,5.7654263247523385,-0.014436299912631512,0.01327470745162529
0,2023-08-10,12762.967434925828,5.802782554558034,0.019101105630397797,0.03735622980569531
0,2023-08-11,12578.87906483989,5.8216556584948504,-0.014423633925616741,0.018873103936816626
0,2023-08-14,12812.762922700536,5.746997424538586,0.018593378365039825,-0.07465823395626447
0,2023-08-15,12702.504353209855,5.795679369699305,-0.008605370298027992,0.048681945160718776
0,2023-08-16,12658.562202422238,5.770103606186058,-0.003459329716861248,-0.025575763513246308
0,2023-08-17,12607.28280466189,5.665518729091983,-0.004050965420901775,-0.1045848770940756
0,2023-08-18,12653.216176348356,5.66897050810388,0.003643399802967906,0.0034517790118968605
0,2023-08-21,12636.342054616549,5.688146993808655,-0.0013335836119949818,0.019176485704774926
0,2023-08-22,12560.441527907416,5.557383974657795,-0.0060065267607569695,-0.13076301915085953
0,2023-08-23,12571.070504501044,5.524865443454992,0.0008462263504043221,-0.032518531202803125
0,2023-08-24,12518.90712490026,5.535949998611217,-0.004149477928876877,0.011084555156225306
0,2023-08-25,12315.894947107763,5.497191298019368,-0.016216445714235306,-0.03875870059184905
0,2023-08-28,12269.258584739888,5.463491631640214,-0.00378668075427413,-0.033699666379154
0,2023-08-29,12270.887531901086,5.41506496419969,0.00013276655226945877,-0.04842666744052426
0,2023-08-30,12334.126510876185,5.40607125451103,0.005153578240424395,-0.00899370968866009
0,2023-08-31,12352.355687448478,5.409707070744745,0.0014779462944716215,0.003635816233715339
0,2023-09-01,12257.609959055218,5.380364541438404,-0.007670255843549967,-0.029342529306341625
0,2023-09-05,12216.381774779906,5.369739501744679,-0.003363476600497961,-0.010625039693724858
0,2023-09-06,12338.499170037252,5.382280226053464,0.009996199980378151,0.012540724308784945
0,2023-09-07,12438.435959812912,5.368685070767591,0.008099590428173542,-0.013595155285872629
0,2023-09-08,12386.075230799848,5.37894990880578,-0.0042095910757780075,0.010264838038189339
0,2023-09-11,12415.027543069784,5.3625024146639575,0.0023374888114631176,-0.016447494141822894
0,2023-09-12,12452.145653577487,5.379273325860977,0.002989772707223892,0.016770911197019345
0,2023-09-13,12430.766327983281,5.364872929359081,-0.0017169190105050802,-0.014400396501895507
0,2023-09-14,12626.846926050883,5.3037026518958506,0.015773814171552658,-0.06117027746323078
0,2023-09-15,12608.701776601412,5.319942188020064,-0.0014370293356478214,0.01623953612421314
0,2023-09-18,12697.576932501934,5.331971843491906,0.007048715837299824,0.012029655471842204
0,2023-09-19,12676.387462749151,5.347447361141509,-0.0016687805764377117,0.015475517649603532
0,2023-09-20,12632.256292211063,5.345141215715915,-0.0034813680686056614,-0.0023061454255941527
0,2023-09-21,12747.70375858864,5.37466354507843,0.009139101020991802,0.029522329362515087
0,2023-09-22,12709.157498637505,5.40459059704553,-0.0030237806495279074,0.02992705196709977
0,2023-09-25,12858.265393334035,5.4102420865070115,0.011732319369912148,0.005651489461481418
0,2023-09-26,12709.973119674447,5.39586818715274,-0.011532836593687534,-0.014373899354271913
0,2023-09-27,12609.46173302567,5.357560294743309,-0.00790807232260704,-0.038307892409430444
0,2023-09-28,12845.40475500155,5.446668773536478,0.01871158555150032,0.08910847879316908
0,2023-09-29,12740.016603167322,5.409872734106866,-0.008204346522688866,-0.03679603942961229
0,2023-10-02,12668.856100885183,5.513556328372218,-0.005585589446127415,0.10368359426535179
0,2023-10-03,12649.511555692327,5.474262147640434,-0.001526937005110085,-0.039294180731784145
0,2023-10-04,12572.62241479853,5.45648829705404,-0.006078427657485008,-0.017773850586393358
0,2023-10-05,12544.40174140536,5.455269470622773,-0.0022446131333708763,-0.0012188264312671393
0,2023-10-06,12575.515949963714,5.4667635010393605,0.002480326220393181,0.011494030416587364
0,2023-10-11,12677.29029644649,5.445312805547692,0.008093055337667465,-0.021450695491668448
0,2023-10-12,12663.342297493517,5.451532542129074,-0.001100235036574304,0.006219736581382307
0,2023-10-13,12530.8178279649,5.452316621958852,-0.01046520471572876,0.0007840798297777951
0,2023-10-16,12525.637056091939,5.432987881455154,-0.00041344243800267577,-0.01932874050369815
0,2023-10-17,12359.976262616692,5.456855630726182,-0.0132257379591465,0.023867749271028416
0,2023-10-18,12195.677539280918,5.45637650774729,-0.01329280249774456,-0.00047912297889229905
0,2023-10-19,12300.599452936476,5.573858841013476,0.008603204973042011,0.11748233326618607
0,2023-10-20,12152.275306806818,5.5778097836299905,-0.012058285996317863,0.003950942616514297
0,2023-10-23,12346.395368926867,5.6025947837971275,0.01597396843135357,0.024785000167137028
0,2023-10-24,12571.748609921393,5.570795343305083,0.018252553418278694,-0.031799440492044084
0,2023-10-25,12394.589715441192,5.629092039441613,-0.014091826044023037,0.058296696136529214
0,2023-10-26,12367.567887168767,5.6117970882241135,-0.0021801309194415808,-0.017294951217499133
0,2023-10-27,12251.814794279147,5.705608885362481,-0.009359406307339668,0.0938117971383674
0,2023-10-30,12495.621866010908,5.641761725020329,0.019899670034646988,-0.06384716034215199
0,2023-10-31,12541.164288653106,5.633491348709714,0.003644670359790325,-0.008270376310615113
0,2023-11-01,12555.154541356002,5.632477931641326,0.0011155465617775917,-0.0010134170683882004
0,2023-11-02,12546.417743263624,5.624448632961283,-0.0006958734011277556,-0.008029298680042984
0,2023-11-03,12382.91347515777,5.675512430133455,-0.01303194835782051,0.0510637971721728
0,2023-11-06,12601.042022313948,5.634212472580396,0.017615284770727158,-0.041299957553059485
0,2023-11-07,12497.34480225364,5.815590214121512,-0.00822925753891468,0.18137774154111597
0,2023-11-08,12521.408388666718,5.901934599392698,0.00192549591884017,0.08634438527118604
0,2023-11-09,12171.527336178464,5.921641827636027,-0.027942627668380737,0.01970722824332949
0,2023-11-10,12091.163510796272,6.0083172065438335,-0.006602608133107424,0.08667537890780608
0,2023-11-13,11885.409449510196,6.034798606709512,-0.01701689511537552,0.026481400165678792
0,2023-11-14,11680.606107793592,6.121787029098185,-0.017231492325663567,0.08698842238867233
0,2023-11-15,11737.493926511956,6.313080433263239,0.0048702796921133995,0.19129340416505425
0,2023-11-16,11961.487046667531,6.286666849456319,0.019083555787801743,-0.026413583806919938
0,2023-11-17,11872.682107209652,6.3362701028253925,-0.007424239069223404,0.04960325336907356
0,2023-11-20,11549.143455745812,6.458006956232167,-0.027250679209828377,0.12173685340677487
0,2023-11-21,11690.008175329978,6.542873225901111,0.012196984142065048,0.08486626966894395
0,2023-11-22,11452.143749946668,6.537316618258449,-0.02034766972064972,-0.0055566076426627475
0,2023-11-24,11675.598123102931,6.5765809696204265,0.019512012600898743,0.03926435136197792
0,2023-11-27,11871.321957146374,6.556025887258137,0.01676349528133869,-0.020555082362289312
0,2023-11-28,12052.845432047074,6.563563095608391,0.015290923416614532,0.007537208350253621
0,2023-11-29,11922.67234073618,6.5766267154311535,-0.0108001958578825,0.013063619822762718
0,2023-11-30,11787.606061235267,6.659542392020979,-0.011328523978590965,0.08291567658982579
0,2023-12-01,11728.163650602217,6.592412350997879,-0.005042789038270712,-0.06713004102310016
0,2023-12-04,11568.866832560025,6.687017105951154,-0.013582417741417885,0.09460475495327447
0,2023-12-05,11578.217691554,6.5995481347694565,0.0008082778658717871,-0.08746897118169716
0,2023-12-06,11819.46914908936,6.532190440314903,0.020836666226387024,-0.06735769445455375
0,2023-12-07,12005.960118213477,6.581783055176318,0.01577828638255596,0.04959261486141564
0,2023-12-08,11857.03113997004,6.5551776285308945,-0.012404587119817734,-0.02660542664542387
0,2023-12-11,11750.649521379644,6.546976582685188,-0.008972028270363808,-0.008201045845706467
0,2023-12-12,11821.434845899847,6.460282114930373,0.006023949943482876,-0.08669446775481493
0,2023-12-13,11938.87603371438,6.4574321848161125,0.009934596717357635,-0.0028499301142606015
0,2023-12-14,11775.325607172479,6.5077722476793385,-0.013698980212211609,0.05034006286322601
0,2023-12-15,11723.974707297486,6.5587376428458235,-0.00436089001595974,0.05096539516648502
0,2023-12-18,11927.015033585603,6.504166054353096,0.01731838658452034,-0.054571588492727585
0,2023-12-19,11895.962103983533,6.439332952435469,-0.0026035793125629425,-0.06483310191762648
0,2023-12-20,11785.769823806873,6.4662154931243965,-0.009262998588383198,0.026882540688927037
0,2023-12-21,11728.118349143115,6.4994454870735,-0.004891617223620415,0.033229993949103864
0,2023-12-22,11576.265874596258,6.5428665384926346,-0.012947726994752884,0.043421051419134216
0,2023-12-26,11381.606508790088,6.558413311643871,-0.016815384849905968,0.01554677315123687
0,2023-12-27,11670.545250988796,6.565500364540674,0.025386463850736618,0.007087052896802781
0,2023-12-28,11855.38687902017,6.578079052375974,0.015838302671909332,0.012578687835299363
0,2023-12-29,11856.88723588871,6.579276486894992,0.00012655486352741718,0.0011974345190184366
0,2024-01-02,11718.07944693379,6.490647066185739,-0.011706933379173279,-0.08862942070925328
0,2024-01-03,11927.740167833554,6.463048401425546,0.01789207197725773,-0.027598664760192904
0,2024-01-04,12091.759880106703,6.503258986184106,0.013751113787293434,0.040210584758559875
0,2024-01-05,11987.314376250812,6.555550935806933,-0.008637742139399052,0.052291949622826905
0,2024-01-08,12131.013802033589,6.573598458214316,0.011987624689936638,0.018047522407383276
0,2024-01-09,12012.053118817246,6.731089425071618,-0.00980632659047842,0.1574909668573019
0,2024-01-10,11753.905324347936,6.675988216568988,-0.021490730345249176,-0.055101208502629895
0,2024-01-11,11737.9938361924,6.669181045103635,-0.0013537192717194557,-0.006807171465353257
0,2024-01-12,11735.985342202197,6.7113049151199125,-0.00017111049965023994,0.04212387001627782
0,2024-01-16,11654.828847215873,6.974677042431501,-0.006915183737874031,0.2633721273115883
0,2024-01-17,11385.510170112608,6.9898661774777695,-0.023107904940843582,0.015189135046268731
0,2024-01-18,11563.018215364638,7.051824898459571,0.015590697526931763,0.06195872098180111
0,2024-01-19,11519.002480056299,7.067054467793311,-0.00380659569054842,0.015229569333740756
0,2024-01-22,11517.086207660077,7.2413567051398005,-0.00016635749489068985,0.1743022373464891
0,2024-01-23,11376.735883134299,7.278190389535241,-0.012186270207166672,0.036833684395440436
0,2024-01-24,11647.744139005183,7.203623646264514,0.023821266368031502,-0.07456674327072665
0,2024-01-25,11398.422871182005,7.224209706029436,-0.021405111998319626,0.02058605976492167
0,2024-01-26,11597.335999556884,7.160140517657279,0.017450934275984764,-0.06406918837215692
0,2024-01-29,11613.130713985653,7.278514936546949,0.0013619260862469673,0.11837441888966982
0,2024-01-30,11689.966746111706,7.296704544109229,0.0066163064911961555,0.018189607562280052
0,2024-01-31,11730.849356089335,7.281087447520946,0.003497239202260971,-0.01561709658828292
0,2024-02-01,11606.507720843745,7.30419687130551,-0.010599542409181595,0.02310942378456371
0,2024-02-02,11779.48805128801,7.329045235938591,0.014903736300766468,0.024848364633081488
0,2024-02-05,11889.879243773155,7.324962530342722,0.009371476247906685,-0.004082705595869207
0,2024-02-06,11702.361436896057,7.305721904951746,-0.015771212056279182,-0.019240625390976263
0,2024-02-07,12006.406131311453,7.2422338092098,0.02598148211836815,-0.06348809574194547
0,2024-02-08,12096.7168869546,7.252516953198609,0.00752188079059124,0.010283143988808696
0,2024-02-09,12131.491188062875,7.298694471558312,0.0028746891766786575,0.04617751835970285
0,2024-02-12,12183.414727260077,7.335928765684574,0.0042800623923540115,0.03723429412626267
0,2024-02-13,12072.487201889258,7.426557890875979,-0.00910479761660099,0.09062912519140465
0,2024-02-14,12173.138781675214,7.3322032128148935,0.00833726953715086,-0.09435467806108555
0,2024-02-15,12244.259057034253,7.276475002820424,0.005842394195497036,-0.05572820999446915
0,2024-02-16,12137.995412248958,7.263813013820111,-0.008678650483489037,-0.012661989000313234
0,2024-02-20,12346.449930568278,7.217767600742,0.01717371866106987,-0.04604541307811072
0,2024-02-21,12512.76536876484,7.200939673942801,0.013470709323883057,-0.01682792679919931
0,2024-02-22,12758.925332160929,7.127491445405948,0.019672706723213196,-0.0734482285368534
0,2024-02-23,12859.309589912216,7.1371069621231475,0.007867767475545406,0.009615516717199846
0,2024-02-26,13001.666147211401,7.123219697328727,0.011070311069488525,-0.013887264794420595
0,2024-02-27,12963.474038767225,7.114208614009972,-0.0029374780133366585,-0.009011083318754665
0,2024-02-28,12940.534340308826,7.076900382636561,-0.001769564114511013,-0.03730823137341144
0,2024-02-29,12936.232501841181,7.122875921086068,-0.00033243128564208746,0.045975538449507525
0,2024-03-01,13289.017278105097,7.020580175256487,0.027271060273051262,-0.10229574582958101
0,2024-03-04,13161.737919533492,6.879327186689434,-0.00957778561860323,-0.1412529885670537
0,2024-03-05,13426.690336352221,6.876369785061007,0.020130503922700882,-0.0029574016284268367
0,2024-03-06,13356.190678294613,6.674463978036729,-0.005250710062682629,-0.20190580702427763
0,2024-03-07,13118.602692680673,6.750739868477455,-0.017788603901863098,0.07627589044072547
0,2024-03-08,12923.052556880415,6.669205351529089,-0.01490632351487875,-0.08153451694836544
0,2024-03-11,13233.727633405295,6.640765361260883,0.024040378630161285,-0.02843999026820665
0,2024-03-12,13492.684057049764,6.6053625363201265,0.019567912444472313,-0.035402824940756084
0,2024-03-13,13335.670466820005,6.563557051652748,-0.011636942625045776,-0.04180548466737832
0,2024-03-14,13231.202965759163,6.666293510466374,-0.007833689451217651,0.10273645881362548
0,2024-03-15,13385.081087164146,6.596684519558455,0.011629941873252392,-0.06960899090791894
0,2024-03-18,13427.92086245543,6.590247342531579,0.0032005615066736937,-0.006437177026875851
0,2024-03-19,13127.466572469848,6.665266558669161,-0.02237533964216709,0.07501921613758178
0,2024-03-20,12986.75519744829,6.408539783075643,-0.010718852281570435,-0.25672677559351786
0,2024-03-21,13330.601326675589,6.293069058612861,0.026476677507162094,-0.1154707244627815
0,2024-03-22,13492.964581855751,6.244292637491041,0.012179739773273468,-0.048776421121820235
0,2024-03-25,13298.956981046062,6.2911194319868455,-0.014378426596522331,0.046826794495804513
0,2024-03-26,13545.847200772214,6.240919347463066,0.018564630299806595,-0.05020008452377933
0,2024-03-27,13356.137475046637,6.292391587879229,-0.014005010016262531,0.05147224041616294
0,2024-03-28,13266.184270834518,6.414985623396387,-0.006734971422702074,0.12259403551715753
0,2024-04-01,12917.433837423738,6.424602990676519,-0.026288677006959915,0.009617367280132072
0,2024-04-02,12858.254938149967,6.384732202207779,-0.004581320099532604,-0.039870788468739704
0,2024-04-03,12929.418182197403,6.426766634456906,0.005534440279006958,0.042034432249127285
0,2024-04-04,12711.521960325028,6.382408708637655,-0.01685274764895439,-0.04435792581925124
0,2024-04-05,13029.55163841197,6.339722655189416,0.025019008666276932,-0.04268605344823939
0,2024-04-08,13267.434098394966,6.4834546766658745,0.018257148563861847,0.1437320214764588
0,2024-04-09,13344.801367875452,6.418991268545135,0.005831366404891014,-0.0644634081207398
0,2024-04-10,13694.433476087841,6.423940663819181,0.02619987353682518,0.004949395274046253
0,2024-04-11,13853.229698623767,6.415166438299525,0.011595676653087139,-0.00877422551965612
0,2024-04-12,13985.995844129784,6.559807294438373,0.00958376843482256,0.14464085613884858
0,2024-04-15,14036.748078258217,6.376923106333783,0.003628789447247982,-0.18288418810459017
0,2024-04-16,14066.581898673998,6.411677799651424,0.0021254082676023245,0.03475469331764103
0,2024-04-17,14098.960544481557,6.398473515309839,0.0023018133360892534,-0.013204284341584938
0,2024-04-18,14083.882968441609,6.435072509877845,-0.0010694104712456465,0.036598994568005416
0,2024-04-19,13837.519712450237,6.391317704221534,-0.017492566257715225,-0.0437548056563104
0,2024-04-22,14136.104822580362,6.428975187561438,0.02157793566584587,0.037657483339903486
0,2024-04-23,13830.630006438629,6.4644102138495905,-0.02160954661667347,0.03543502628815265
0,2024-04-24,13801.25434898942,6.419018329945531,-0.0021239565685391426,-0.04539188390405968
0,2024-04-25,13625.333217765148,6.479486078780402,-0.012746749445796013,0.06046774883487149
0,2024-04-26,13855.79911846917,6.459983762528464,0.01691451482474804,-0.019502316251938545
0,2024-04-29,13661.777624948641,6.543794707026396,-0.014002908952534199,0.08381094449793203
0,2024-04-30,13937.857896369294,6.545819453110665,0.020208224654197693,0.002024746084269502
0,2024-05-01,13935.415166762457,6.6549747516708235,-0.00017525861039757729,0.10915529856015826
0,2024-05-02,14086.459644040457,6.594039050485398,0.010838893242180347,-0.060935701185425906
0,2024-05-03,14137.72466559513,6.548340601235065,0.003639311995357275,-0.04569844925033273
0,2024-05-06,14130.474344095664,6.522295215164094,-0.0005128351040184498,-0.026045386070970622
0,2024-05-07,13995.916106222781,6.469840665711663,-0.009522556327283382,-0.05245454945243111
0,2024-05-08,14034.557335822523,6.491385692379342,0.0027608931995928288,0.021545026667678435
0,2024-05-09,13941.948419554314,6.606713494329034,-0.006598634645342827,0.11532780194969217
0,2024-05-10,13784.398697190876,6.57185249233702,-0.011300409212708473,-0.03486100199201392
0,2024-05-13,13737.162184714389,6.575625458498352,-0.0034268097952008247,0.0037729661613319365
0,2024-05-14,13988.25905394997,6.5314804888124955,0.018278656527400017,-0.04414496968585624
0,2024-05-15,14009.78607052592,6.574921903721192,0.001538934651762247,0.04344141490869635
0,2024-05-16,13968.517075636813,6.535449342702183,-0.0029457262717187405,-0.03947256101900898
0,2024-05-17,13714.758749699018,6.635059731409314,-0.018166447058320045,0.09961038870713068
0,2024-05-20,13747.95739137111,6.7417257134976785,0.0024206507951021194,0.10666598208836486
0,2024-05-21,13440.238387887546,6.779907131591333,-0.022382888942956924,0.03818141809365461
0,2024-05-22,13715.031527088591,6.757947516756523,0.020445555448532104,-0.02195961483481046
0,2024-05-23,13834.012563644957,6.720680383877288,0.0086752288043499,-0.037267132879234666
0,2024-05-24,14047.21500866252,6.665779051945143,0.015411468222737312,-0.05490133193214497
0,2024-05-28,14129.887733918009,6.571289855227179,0.0058853463269770145,-0.09448919671796396
0,2024-05-29,14061.995399417265,6.581760671510102,-0.004804874304682016,0.01047081628292279
0,2024-05-30,14186.372184596568,6.636547267630254,0.008844888769090176,0.05478659612015235
0,2024-05-31,13854.890762573526,6.655287530440601,-0.023366186767816544,0.01874026281034702
0,2024-06-03,13868.942019130347,6.67047662444754,0.0010141730308532715,0.015189094006938575
0,2024-06-04,13961.554126542525,6.630706366209832,0.006677662022411823,-0.03977025823770752
0,2024-06-05,13672.985647785436,6.594176802416088,-0.020668793469667435,-0.03652956379374395
0,2024-06-06,14016.911372038105,6.587193022145297,0.025153666734695435,-0.006983780270791051
0,2024-06-07,13680.05000673621,6.629820512877718,-0.02403249591588974,0.04262749073242045
0,2024-06-10,13607.274516857855,6.634251735050419,-0.005319826304912567,0.004431222172700977
0,2024-06-11,13629.006047827395,6.527707597624367,0.001597052440047264,-0.1065441374260514
0,2024-06-12,13966.783863881634,6.464579127464229,0.024783745408058167,-0.06312847016013823
0,2024-06-13,14066.192026166778,6.4641043612301115,0.007117469795048237,-0.000474766234117574
0,2024-06-14,13942.928604733013,6.507681387642326,-0.008763098157942295,0.043577026412214614
0,2024-06-17,13666.744296709097,6.512427826268839,-0.019808199256658554,0.004746438626512806
0,2024-06-18,13967.907361787647,6.4640521311419485,0.022036196663975716,-0.04837569512689033
0,2024-06-20,13859.171718268635,6.439770840381457,-0.007784676738083363,-0.02428129076049146
0,2024-06-21,13790.78874713323,6.508500066230403,-0.004934131167829037,0.06872922584894603
0,2024-06-24,13944.333674819136,6.5574619072121125,0.011133875697851181,0.048961840981709415
0,2024-06-25,13652.54360536263,6.548478777547876,-0.020925350487232208,-0.008983129664236422
0,2024-06-26,13234.212090753854,6.54969331661306,-0.030641287565231323,0.0012145390651836507
0,2024-06-27,13338.582781303003,6.504045959356807,0.007886430248618126,-0.045647357256252796
0,2024-06-28,13637.217656530986,6.5244069328020045,0.022388800978660583,0.020360973445197494
0,2024-07-01,13694.701122576096,6.578284126200261,0.004215190187096596,0.05387719339825647
0,2024-07-02,13624.851607811273,6.607009530096416,-0.005100477486848831,0.0287254038961553
0,2024-07-03,13986.236967057113,6.602788364088564,0.026523984968662262,-0.004221166007852162
0,2024-07-05,13867.821126068788,6.58282156131104,-0.008466597646474838,-0.019966802777523718
0,2024-07-08,13838.31576392024,6.605072370007524,-0.0021276134066283703,0.02225080869648366
0,2024-07-09,14130.820871843245,6.616537587790858,0.021137334406375885,0.01146521778333387
0,2024-07-10,14112.248995589756,6.565291212909822,-0.0013142814859747887,-0.05124637488103545
0,2024-07-11,14155.141904505113,6.569046253563633,0.0030394098721444607,0.003755040653810937
0,2024-07-12,14170.371737038151,6.495843878500653,0.001075922278687358,-0.07320237506298
0,2024-07-15,14212.718989745292,6.509484325564105,0.002988436259329319,0.013640447063451688
0,2024-07-16,13980.799879553872,6.468279607032238,-0.016317715868353844,-0.04120471853186736
0,2024-07-17,14118.015909589316,6.453614163625355,0.009814605116844177,-0.014665443406882694
0,2024-07-18,13821.950203418834,6.460177499447566,-0.020970772951841354,0.006563335822210803
0,2024-07-19,13876.957028124803,6.4618549707987585,0.003979671746492386,0.001677471351192672
0,2024-07-22,13835.607620343177,6.3699512160086424,-0.002979717217385769,-0.09190375479011603
0,2024-07-23,13874.8587552544,6.4434659622616985,0.002836965024471283,0.0735147462530561
0,2024-07-24,13875.18117130737,6.388484192734171,2.3237429559230804e-05,-0.054981769527527646
0,2024-07-25,13904.927195342534,6.366844567053649,0.002143829595297575,-0.021639625680522023
0,2024-07-26,13866.894498526919,6.358557622790119,-0.002735195681452751,-0.008286944263529605
0,2024-07-29,13818.122538353726,6.348375002549649,-0.00351715087890625,-0.010182620240470008
0,2024-07-30,13807.940381781551,6.292162644646066,-0.0007368697552010417,-0.05621235790358359
0,2024-07-31,14030.596520744255,6.33903642747251,0.01612522453069687,0.04687378282644428
0,2024-08-01,14001.924312922709,6.2587592285151885,-0.0020435487385839224,-0.08027719895732144
0,2024-08-02,13830.965950653614,6.255478105631291,-0.012209633365273476,-0.0032811228838971473
0,2024-08-05,13911.034598643919,6.294761518701488,0.005789085756987333,0.03928341307019689
0,2024-08-06,13678.757328183086,6.2982882777219205,-0.016697339713573456,0.003526759020432202
0,2024-08-07,14109.814248567558,6.298437540239928,0.031512871384620667,0.00014926251800773116
0,2024-08-08,14180.659117383386,6.3744829518194015,0.0050209639593958855,0.07604541157947331
0,2024-08-09,14031.021285769024,6.488745277096245,-0.010552247986197472,0.11426232527684377
0,2024-08-12,14058.044421824628,6.497977658844955,0.0019259564578533173,0.009232381748709884
0,2024-08-13,14093.307427450487,6.529119629649509,0.0025083862710744143,0.031141970804553942
0,2024-08-14,14046.140673123942,6.536542438190067,-0.0033467484172433615,0.007422808540558101
0,2024-08-15,13856.312847610252,6.552040477396521,-0.01351458951830864,0.015498039206454095
0,2024-08-16,14114.385261694008,6.512040741461706,0.01862489804625511,-0.039999735934815206
0,2024-08-19,14087.967982276768,6.505179599005553,-0.0018716563936322927,-0.006861142456153324
0,2024-08-20,14229.986027913006,6.451741461813392,0.010080804117023945,-0.05343813719216062
0,2024-08-21,14159.749005474556,6.415213257975236,-0.004935846198350191,-0.036528203838155804
0,2024-08-22,13750.168431188102,6.453269519733373,-0.028925694525241852,0.03805626175813703
0,2024-08-23,14240.070474462183,6.433528025911424,0.035628803074359894,-0.01974149382194934
0,2024-08-26,14447.398355000401,6.406632787073085,0.014559470117092133,-0.026895238838338997
0,2024-08-27,14752.496739539616,6.354680262878361,0.02111787721514702,-0.05195252419472407
0,2024-08-28,14904.326566487378,6.378721724597086,0.010291805490851402,0.02404146171872501
0,2024-08-29,15365.979406446664,6.349286048577948,0.03097441792488098,-0.02943567601913788
0,2024-08-30,15094.536136299786,6.437621980367358,-0.017665211111307144,0.0883359317894099
0,2024-09-03,15425.631231078392,6.403861594936896,0.021934764459729195,-0.03376038543046178
0,2024-09-04,15205.111738538519,6.389899250624288,-0.014295654371380806,-0.01396234431260801
0,2024-09-05,15130.764300550265,6.405343309843705,-0.004889634437859058,0.015444059219416495
0,2024-09-06,14917.87317103789,6.489103158203027,-0.014070084318518639,0.08375984835932204
0,2024-09-09,14832.052407159785,6.462454728418212,-0.0057528819888830185,-0.02664842978481463
0,2024-09-10,14612.931078669142,6.461111283261326,-0.01477350015193224,-0.0013434451568858918
0,2024-09-11,14859.238721765567,6.446078946162682,0.016855457797646523,-0.015032337098643822
0,2024-09-12,14946.959326167698,6.35502304396344,0.005903438664972782,-0.09105590219924231
0,2024-09-13,14778.936823526776,6.449130292472423,-0.011241249740123749,0.09410724850898333
0,2024-09-16,14873.211192237848,6.503991935240131,0.006378968246281147,0.05486164276770733
0,2024-09-17,15043.654905436768,6.45760953792723,0.011459778994321823,-0.04638239731290117
0,2024-09-18,14871.279913410433,6.401055898283525,-0.011458318680524826,-0.0565536396437043
0,2024-09-19,14521.462310233164,6.433286345892957,-0.023523032665252686,0.0322304476094315
0,2024-09-20,14671.992522259703,6.445048325993461,0.010366050526499748,0.011761980100503777
0,2024-09-23,14370.976830436457,6.378490447660944,-0.020516347140073776,-0.06655787833251647
0,2024-09-24,14549.348678550197,6.375883002490439,0.012411950156092644,-0.0026074451705051516
0,2024-09-25,14828.493557699896,6.264419664745899,0.019186073914170265,-0.11146333774453954
0,2024-09-26,14655.719059288764,6.240112671930201,-0.011651520617306232,-0.02430699281569826
0,2024-09-27,15038.223531981484,6.163917231737194,0.02609933167695999,-0.07619544019300672
0,2024-09-30,14886.359440749675,6.126133793565764,-0.010098539292812347,-0.037783438171430817
0,2024-10-01,15292.264218757027,6.11291530243041,0.027266893535852432,-0.013218491135353894
0,2024-10-02,14994.256216877231,6.2018322587392865,-0.019487500190734863,0.08891695630887675
0,2024-10-03,15125.9236161158,6.182415295130447,0.0087811890989542,-0.019416963608839488
0,2024-10-04,15282.857842821548,6.1886906913220106,0.010375183075666428,0.006275396191563587
0,2024-10-07,15783.797400018198,6.1807984554851,0.03277787193655968,-0.0078922358369109
0,2024-10-08,15744.865659865016,6.136139328382935,-0.0024665636010468006,-0.044659127102164575
0,2024-10-09,16044.022320885224,6.106619738143788,0.01900026760995388,-0.029519590239146964
0,2024-10-10,15950.584555488907,6.13598823046278,-0.005823836661875248,0.029368492318991635
0,2024-10-11,15614.505445243605,6.151127116058861,-0.021070018410682678,0.01513888559608123
0,2024-10-16,16011.253192474436,6.081136677411599,0.025408921763300896,-0.06999043864726229
0,2024-10-17,15955.337023193031,6.0745675576880975,-0.0034923043567687273,-0.00656911972350116
0,2024-10-18,15721.105914238355,6.0847582291207605,-0.014680423773825169,0.010190671432662946
0,2024-10-21,15671.653446541546,6.069536829646638,-0.0031456099823117256,-0.015221399474122599
0,2024-10-22,15341.753310419215,6.0704242937759165,-0.02105075493454933,0.0008874641292786478
0,2024-10-23,15204.166961872617,6.0236427915628195,-0.00896809808909893,-0.04678150221309707
0,2024-10-24,15542.260083531502,6.0270329620740215,0.02223687246441841,0.003390170511202051
0,2024-10-25,15197.905680137228,6.087072946572027,-0.02215600572526455,0.060039984498005516
0,2024-10-28,14918.532317376958,5.982525011617742,-0.01838235929608345,-0.10454793495428483
0,2024-10-29,15448.807642530794,5.86351737582649,0.0355447381734848,-0.1190076357912524
0,2024-10-30,15790.854459330387,5.843303868546306,0.022140661254525185,-0.020213507280184118
0,2024-10-31,16178.535263601274,5.810754073961281,0.024550970643758774,-0.03254979458502483
0,2024-11-01,16015.186788727724,5.7816471229968265,-0.010096617043018341,-0.02910695096445437
0,2024-11-04,15934.481997484805,5.777211269947185,-0.005039266310632229,-0.004435853049641558
0,2024-11-05,16133.612079211165,5.789333729961492,0.01249680295586586,0.01212246001430728
0,2024-11-06,16031.75800377953,5.783530956547623,-0.006313160061836243,-0.0058027734138690334
0,2024-11-07,16041.129408484183,5.769559934950354,0.0005845525301992893,-0.013971021597269484
0,2024-11-08,16122.158270595317,5.812742648526753,0.005051319021731615,0.04318271357639958
0,2024-11-13,16091.555193224263,5.800901803673269,-0.0018981997855007648,-0.011840844853484356
0,2024-11-14,16023.007178833852,5.796109970540685,-0.004259875044226646,-0.0047918331325842445
0,2024-11-15,16036.452087671607,5.768128697353787,0.00083910021930933,-0.02798127318689758
0,2024-11-18,15938.597628805994,5.8239945760578165,-0.0061020017601549625,0.05586587870402937
0,2024-11-19,16362.913359283593,5.814584568000854,0.026621898636221886,-0.009410008056962127
0,2024-11-20,16263.053034113114,5.870459246607801,-0.006102845072746277,0.05587467860694684
0,2024-11-21,16192.363702647614,5.83042592217825,-0.004346621222794056,-0.04003332442955099
0,2024-11-22,16230.02176475012,5.888005023855166,0.0023256679996848106,0.05757910167691627
0,2024-11-25,16016.079654251917,5.895967433824643,-0.01318187452852726,0.00796240996947617
0,2024-11-26,16311.294578148665,5.957464743899217,0.018432408571243286,0.06149731007457415
0,2024-11-27,16023.342672795105,5.993334183110172,-0.017653528600931168,0.035869439210955534
0,2024-11-29,15878.705650757362,6.018919842283714,-0.009026644751429558,0.02558565917354194
0,2024-12-02,16038.88544132369,6.095318674846568,0.010087710805237293,0.07639883256285351
0,2024-12-03,15907.917814049139,6.100379493602674,-0.0081656314432621,0.005060818756105867
0,2024-12-04,16263.299981717522,6.035356966106494,0.02233995497226715,-0.06502252749617998
0,2024-12-05,15911.030026261833,6.105673795043972,-0.021660422906279564,0.0703168289374787
0,2024-12-06,15776.933111311062,6.138008191136423,-0.008427921682596207,0.03233439609245092
0,2024-12-09,15516.858009085576,6.167779559233998,-0.016484515741467476,0.029771368097574857
0,2024-12-10,16059.864051340486,6.104502364775171,0.03499458730220795,-0.06327719445882707
0,2024-12-11,16377.252846192385,6.129877005158972,0.019762856885790825,0.025374640383801328
0,2024-12-12,16040.416549964804,6.13011157140069,-0.02056732587516308,0.00023456624171735996
0,2024-12-13,16420.16394531734,6.106690983979004,0.023674409836530685,-0.02342058742168618
0,2024-12-16,16905.44232235017,6.08802433487717,0.029553808271884918,-0.018666649101833244
0,2024-12-17,17006.61229726153,6.075414132718115,0.0059844618663191795,-0.012610202159055284
0,2024-12-18,17264.03530572683,6.089533255418412,0.015136642381548882,0.014119122700297027
0,2024-12-19,16998.30060426325,6.109473439631072,-0.015392386354506016,0.019940184212660306
0,2024-12-20,17308.274586706597,6.1202028942618245,0.01823558658361435,0.010729454630752144
0,2024-12-23,16838.69883535135,6.135918731654181,-0.0271301306784153,0.01571583739235649
0,2024-12-24,16219.587974605452,6.191215799319211,-0.0367671437561512,0.0552970676650304
0,2024-12-26,16575.086709002917,6.124479349818837,0.021917864680290222,-0.06673644950037438
0,2024-12-27,16558.10969285407,6.114821438970786,-0.0010242490097880363,-0.00965791084805101
0,2024-12-30,16679.024152829086,6.155968302737346,0.0073024313896894455,0.04114686376655996
0,2024-12-31,16246.949029580903,6.172374154043602,-0.025905299931764603,0.01640585130625638
0,2025-01-02,16096.464564000702,6.161119647967761,-0.009262321516871452,-0.011254506075841775
0,2025-01-03,16606.84182173244,6.0959493091567065,0.031707413494586945,-0.06517033881105405
0,2025-01-06,16250.315276063044,6.068296362338971,-0.02146865427494049,-0.027652946817735113
0,2025-01-07,16307.628981581809,6.035019904838405,0.003526928834617138,-0.03327645750056618
0,2025-01-08,16228.270951583047,6.004815741914975,-0.004866313189268112,-0.030204162923430644
0,2025-01-10,15935.650153916984,6.037936599370286,-0.018031544983386993,0.03312085745531146
0,2025-01-13,15591.638736695977,6.065621307012468,-0.021587535738945007,0.027684707642182005
0,2025-01-14,15326.814939790975,6.068870038476279,-0.016984988003969193,0.0032487314638105502
0,2025-01-15,15398.771682876326,6.055370446556099,0.004694826900959015,-0.01349959192017991
0,2025-01-16,15227.994268679317,6.107970788031109,-0.011090327054262161,0.052600341475010026
0,2025-01-17,14936.754855999128,6.156578068303666,-0.019125264137983322,0.048607280272557674
0,2025-01-21,14789.340934946607,6.151906257182555,-0.009869206696748734,-0.004671811121111702
0,2025-01-22,15170.227839833611,6.073389542148153,0.02575415000319481,-0.07851671503440194
0,2025-01-23,15561.828435758385,6.053237926230767,0.025813758373260498,-0.02015161591738579
0,2025-01-24,15663.514631889962,6.125201146149273,0.006534334737807512,0.07196321991850585
0,2025-01-27,15910.694170864379,6.1239062306584335,0.01578059233725071,-0.0012949154908392657
0,2025-01-28,16117.573904368044,6.104460116080348,0.01300255861133337,-0.019446114578085094
0,2025-01-29,16109.817363247914,6.131944839573402,-0.0004812474362552166,0.02748472349305331
0,2025-01-30,16094.983671795233,6.172118464815985,-0.0009207858238369226,0.04017362524258328
0,2025-01-31,16365.815286037116,6.164386890380603,0.016827082261443138,-0.0077315744353816385
0,2025-02-03,16594.973775300907,6.1640601787370715,0.01400226540863514,-0.0003267116435319295
0,2025-02-04,16776.833940857265,6.1635631916910585,0.010958749800920486,-0.0004969870460129755
0,2025-02-05,16702.22900702427,6.190602326721267,-0.004446901846677065,0.027039135030208605
0,2025-02-06,16975.91002780649,6.144583813119094,0.016385897994041443,-0.04601851360217335
0,2025-02-07,17002.85156737015,6.075624937879509,0.0015870453789830208,-0.0689588752395851
0,2025-02-10,17209.033555427595,6.0559531887579405,0.01212631817907095,-0.019671749121568105
0,2025-02-11,17465.731272363835,6.042185145234271,0.014916451647877693,-0.013768043523669782
0,2025-02-12,17422.587220519566,6.090948630483571,-0.0024702115915715694,0.04876348524930041
0,2025-02-13,17519.191362861147,6.054396877255799,0.005544764455407858,-0.03655175322777193
0,2025-02-14,17398.022083776465,6.013521156696179,-0.00691637396812439,-0.04087572055962063
0,2025-02-18,17252.76637798842,6.0691863418403775,-0.008348978124558926,0.055665185144198936
0,2025-02-19,17249.308559853802,6.043269267769314,-0.00020042108371853828,-0.025917074071063695
0,2025-02-20,17524.184902973633,6.0517167160257745,0.015935499221086502,0.00844744825646071
0,2025-02-21,17476.31653583749,6.015957764467858,-0.0027315602637827396,-0.03575895155791642
0,2025-02-24,17356.664566802996,6.054789463832911,-0.00684652104973793,0.03883169936505304
0,2025-02-25,17280.259737461398,6.056607418892052,-0.004402045626193285,0.0018179550591410631
0,2025-02-26,17164.108736274637,6.008214901388991,-0.00672160042449832,-0.048392517503061505
0,2025-02-27,16943.853826991537,5.983624432144853,-0.012832295149564743,-0.024590469244137658
0,2025-02-28,17412.7780591195,5.897385696398263,0.02767518162727356,-0.08623873574658969
0,2025-03-03,17463.3268954529,5.915381638494157,0.0029029736761003733,0.017995942095893724
0,2025-03-04,17333.530215857034,5.889715307644461,-0.007432528771460056,-0.025666330849696273
0,2025-03-05,16958.236016225677,5.880668661072762,-0.021651342511177063,-0.009046646571698957
0,2025-03-06,16515.999884214445,5.711353306844989,-0.026077955961227417,-0.16931535422777255
0,2025-03-07,16199.814867228532,5.801355771224478,-0.01914416439831257,0.09000246437948878
0,2025-03-10,15668.566849494457,5.744021942835926,-0.03279346227645874,-0.05733382838855228
0,2025-03-11,16064.910902617,5.686110779802329,0.02529548853635788,-0.05791116303359711
0,2025-03-12,16471.90382342247,5.480658726316912,0.025334278121590614,-0.20545205348541629
0,2025-03-13,16603.04305201681,5.491029759505283,0.007961388677358627,0.010371033188370404
0,2025-03-14,16314.392338903646,5.434869034330662,-0.017385410144925117,-0.05616072517462101
0,2025-03-17,15861.027975990357,5.40242103354268,-0.027789227664470673,-0.03244800078798171
0,2025-03-18,16186.631782564942,5.45177164097093,0.02052854374051094,0.04935060742824948
0,2025-03-19,16096.859262776454,5.487931434812919,-0.005546090193092823,0.036159793841989085
0,2025-03-20,16393.029516671762,5.529026925305397,0.018399257212877274,0.04109549049247807
0,2025-03-21,16167.776324097227,5.565000058164754,-0.013740791007876396,0.03597313285935755
0,2025-03-24,15879.093002576945,5.498153864260383,-0.01785547472536564,-0.06684619390437163
0,2025-03-25,15942.139988780254,5.500635199849748,0.00397044001147151,0.0024813355893655853
0,2025-03-26,15861.53008768709,5.341011577913758,-0.005056404042989016,-0.15962362193599056
0,2025-03-27,15985.088470224247,5.422510285073801,0.007789814844727516,0.08149870716004326
0,2025-03-28,15754.138932234599,5.416184953624602,-0.014447811059653759,-0.006325331449199112
0,2025-03-31,15937.885339712875,5.4432432239101916,0.011663373559713364,0.027058270285589714
0,2025-04-01,16220.006063216668,5.389727634091158,0.01770126447081566,-0.05351558981903359
0,2025-04-02,15999.220061368318,5.337770400583785,-0.01361195556819439,-0.051957233507373246
0,2025-04-03,16001.140474109146,5.3350915325455945,0.00012003164738416672,-0.002678868038190174
0,2025-04-04,16190.1796031771,5.3706435669547705,0.011814103461802006,0.03555203440917598
0,2025-04-07,15947.27795538327,5.342561043569051,-0.01500302366912365,-0.02808252338571915
0,2025-04-08,15868.430173562248,5.317832983708161,-0.00494427839294076,-0.024728059860890106
0,2025-04-09,16067.791608737161,5.357123751494593,0.012563399970531464,0.039290767786432035
0,2025-04-10,15928.472461884334,5.293410640301283,-0.00867070909589529,-0.06371311119331047
0,2025-04-11,15780.255395050877,5.344840123240391,-0.009305165149271488,0.051429482939107984
0,2025-04-14,15591.884357656341,5.433989846326017,-0.011937134899199009,0.08914972308562596
0,2025-04-15,15395.309356822694,5.385558964270064,-0.012607520446181297,-0.04843088205595247
0,2025-04-16,15698.473415914963,5.389501991330934,0.01969197578728199,0.003943027060869575
0,2025-04-17,15855.722687045669,5.410446327599822,0.010016851127147675,0.020944336268888364
0,2025-04-21,15541.90454287632,5.305812365276225,-0.0197921060025692,-0.10463396232359745
0,2025-04-22,15219.594817692014,5.299980310361159,-0.020738109946250916,-0.005832054915066109
0,2025-04-23,14997.620492948186,5.372120242507107,-0.014584772288799286,0.07213993214594794
0,2025-04-24,15206.43538824132,5.266784930896506,0.013923201709985733,-0.10533531161060061
0,2025-04-25,14920.874045585666,5.287057211594972,-0.018778979778289795,0.02027228069846565
0,2025-04-28,15373.74608016925,5.237063332134874,0.03035157546401024,-0.04999387946009737
0,2025-04-29,15429.195806700272,5.239785633293929,0.003606780432164669,0.0027223011590544743
0,2025-04-30,15476.569941493555,5.201668980610791,0.003070421516895294,-0.03811665268313735
0,2025-05-01,15568.513005102699,5.093978489767713,0.005940790753811598,-0.10769049084307802
0,2025-05-02,15648.543637151492,5.183190109447049,0.005140544380992651,0.089211619679336
0,2025-05-05,15927.599540413143,5.205484502546845,0.01783270761370659,0.02229439309979586
0,2025-05-06,16006.132630898072,5.135184917028594,0.0049306293949484825,-0.0702995855182511
0,2025-05-07,15682.749792759047,5.083771400336663,-0.020203683525323868,-0.05141351669193117
0,2025-05-08,15604.468176003162,5.048196234608028,-0.004991574678570032,-0.03557516572863495
0,2025-05-09,15912.743720620854,5.036125962092209,0.019755594432353973,-0.01207027251581927
0,2025-05-12,16164.22042640308,5.102411182007349,0.01580347865819931,0.06628521991514003
0,2025-05-13,15944.840952068867,5.13336406985902,-0.01357191801071167,0.030952887851671385
0,2025-05-14,15784.41813257043,5.14446441816169,-0.0100611113011837,0.011100348302670149
0,2025-05-15,15772.774648582275,5.102035119392439,-0.0007376568391919136,-0.04242929876925139
0,2025-05-16,15534.619156217768,5.134842420888556,-0.015099150128662586,0.03280730149611699
0,2025-05-19,15961.006068142344,5.208116719209571,0.027447529137134552,0.07327429832101551
0,2025-05-20,16512.825751351775,5.216485998620654,0.034572988748550415,0.008369279411082786
0,2025-05-21,16380.678540640984,5.201383279418654,-0.008002701215445995,-0.015102719201999903
0,2025-05-22,16164.80907329765,5.238549573950815,-0.013178298249840736,0.03716629453216047
0,2025-05-23,16212.102312869543,5.246227088541969,0.002925691194832325,0.0076775145911538445
0,2025-05-27,16194.569313502683,5.2808409582143385,-0.0010814759880304337,0.0346138696723699
0,2025-05-28,16092.15391896503,5.24385283558115,-0.006324057932943106,-0.03698812263318896
0,2025-05-29,16015.850211432075,5.351001200586801,-0.004741671495139599,0.10714836500565106
0,2025-05-30,15800.498383226213,5.353127668990076,-0.013446168974041939,0.002126468403275794
0,2025-06-02,15460.424304760281,5.327109618175663,-0.021522996947169304,-0.026018050814413662
0,2025-06-03,15250.091013372316,5.3318008022483045,-0.013604626059532166,0.004691184072641796
0,2025-06-04,14898.929255145902,5.303720284756378,-0.023026863113045692,-0.02808051749192675
0,2025-06-05,14618.226101107215,5.269924800811514,-0.018840491771697998,-0.0337954839448642
0,2025-06-06,14711.758090322593,5.235333040273631,0.006398313213139772,-0.034591760537882266
0,2025-06-09,14520.836955614323,5.2928192703879455,-0.012977452017366886,0.057486230114314196
0,2025-06-10,14539.287477773509,5.248063130826054,0.0012706238776445389,-0.044756139561891395
0,2025-06-11,14202.401328059257,5.247233541337521,-0.023170746862888336,-0.0008295894885330668
0,2025-06-12,14007.87485654627,5.217549821954167,-0.013696731068193913,-0.029683719383354124
0,2025-06-13,13602.49479075087,5.078156255026691,-0.028939440846443176,-0.13939356692747573
0,2025-06-16,13419.350521150825,5.080598920826098,-0.013464020565152168,0.0024426657994069956
0,2025-06-17,13037.840261199992,4.932330474051101,-0.02842986024916172,-0.1482684467749973
0,2025-06-18,13353.011051519048,4.875950980406254,0.024173542857170105,-0.05637949364484651
0,2025-06-20,13654.127492976071,4.93979127856959,0.02255045250058174,0.0638402981633357
0,2025-06-23,13516.655787750047,4.9022796675857565,-0.010068142786622047,-0.0375116109838336
0,2025-06-24,13744.8413841923,4.988933613285221,0.016881808638572693,0.08665394569946461
0,2025-06-25,14119.220048118992,5.048284132642547,0.02723775804042816,0.05935051935732627
0,2025-06-26,14195.819507340751,5.062549404384833,0.005425190553069115,0.014265271742285535
0,2025-06-27,14278.063182567521,5.028643965422066,0.005793513730168343,-0.03390543896276732
0,2025-06-30,14169.307580525516,4.981607724064602,-0.007616971619427204,-0.047036241357463204
0,2025-07-01,14296.329412748948,4.992312213409537,0.008964575827121735,0.010704489344934842
0,2025-07-02,14337.610835945248,5.097884707858815,0.0028875540010631084,0.10557249444927752
0,2025-07-03,14427.898146124926,5.1913323687904365,0.006297235377132893,0.09344766093162171
0,2025-07-07,14692.84082282435,5.204113095105007,0.018363220617175102,0.0127807263145705
0,2025-07-08,14522.54400698015,5.201905271931651,-0.011590462177991867,-0.00220782317335555
0,2025-07-09,14746.508970942348,5.232917797558635,0.015421882271766663,0.03101252562698331
0,2025-07-10,14730.833089371403,5.222125711780261,-0.0010630232281982899,-0.010792085778374094
0,2025-07-11,14963.953566655879,5.244447553290941,0.015825342386960983,0.022321841510680507
0,2025-07-14,14738.249146266158,5.175565937240388,-0.015083207748830318,-0.06888161605055299
0,2025-07-15,15200.220478905896,5.170882069221523,0.03134506195783615,-0.0046838680188647785
0,2025-07-16,15167.98931084096,5.181427030272388,-0.002120440825819969,0.010544961050864998
0,2025-07-17,15095.196625877212,5.188804488194374,-0.004799099173396826,0.007377457921985631
0,2025-07-18,14908.8823966568,5.192788817335215,-0.01234261691570282,0.003984329140840792
0,2025-07-21,14968.611999806915,5.219839115982075,0.004006309900432825,0.02705029864686015
0,2025-07-22,14895.973021034451,5.282862519356681,-0.004852753132581711,0.06302340337460599
0,2025-07-23,15080.854506043957,5.341743279625984,0.012411507777869701,0.05888076026930289
0,2025-07-24,15021.645496807389,5.313230786024697,-0.00392610440030694,-0.028512493601287048
0,2025-07-25,14914.427162794671,5.317687619490666,-0.007137589156627655,0.004456833465969368
0,2025-07-28,15251.978743522886,5.291291072924442,0.022632554173469543,-0.026396546566224366
0,2025-07-29,15800.598478440454,5.277046891711696,0.03597039729356766,-0.014244181212745843
0,2025-07-30,15911.826827187282,5.311929847868142,0.007039502263069153,0.0348829561564461
0,2025-07-31,15851.494929597211,5.323502896711086,-0.0037916386500000954,0.011573048842944189
0,2025-08-01,15982.487307490073,5.360993970189898,0.00826372392475605,0.03749107347881164
0,2025-08-04,16014.875270161867,5.309371607323823,0.0020264657214283943,-0.05162236286607502
0,2025-08-05,15913.567820773644,5.348469772361443,-0.006325834430754185,0.03909816503762009
0,2025-08-06,16111.293038929456,5.333004982299839,0.012424945831298828,-0.015464790061604283
0,2025-08-07,16087.574416652667,5.306191043341009,-0.0014721737243235111,-0.026813938958829553
0,2025-08-08,16631.690276790596,5.2955919191302945,0.03382211923599243,-0.010599124210714628
0,2025-08-11,16414.47148327178,5.324840177412965,-0.013060536235570908,0.029248258282670747
0,2025-08-12,16641.001475387726,5.380243348062572,0.013800626620650291,0.05540317064960654
0,2025-08-13,16593.18318772718,5.378056766664152,-0.0028735222294926643,-0.0021865813984200955
0,2025-08-14,16625.76411816301,5.3410237375028595,0.001963512971997261,-0.03703302916129214
0,2025-08-15,16741.817093439342,5.325848412012239,0.006980309262871742,-0.015175325490620395
0,2025-08-18,16596.627644583703,5.336052036632649,-0.008672263473272324,0.010203624620410245
0,2025-08-19,16399.643951365797,5.359817430189916,-0.011868898756802082,0.023765393557266812
0,2025-08-20,16191.457931761983,5.322714112400527,-0.012694545090198517,-0.03710331778938958
0,2025-08-21,15952.741261490373,5.269894830130306,-0.014743370935320854,-0.052819282270220924
0,2025-08-22,15951.848101748794,5.261561413177048,-5.5987853556871414e-05,-0.008333416953258066
0,2025-08-25,16050.287345681023,5.267915796381371,0.006171024404466152,0.006354383204323355
0,2025-08-26,15881.73146776091,5.230898721597562,-0.010501735843718052,-0.037017074783809
0,2025-08-27,15578.353727410165,5.171565326495426,-0.0191023088991642,-0.05933339510213553
0,2025-08-28,15552.19774437059,5.117332070615237,-0.0016789953224360943,-0.05423325588018901
0,2025-08-29,15835.54157966493,5.113862192253654,0.01821889355778694,-0.0034698783615834117
0,2025-09-02,15573.583816176695,5.06705091124449,-0.01654239371418953,-0.04681128100916432
0,2025-09-03,15900.528733026425,5.091224326175625,0.020993556827306747,0.024173414931135007
0,2025-09-04,15894.124402943868,5.093492075975757,-0.0004027746617794037,0.0022677498001320018
0,2025-09-05,15656.945610017643,5.1430295973321725,-0.01492241956293583,0.04953752135641576
0,2025-09-08,16020.249823841574,5.108866293752658,0.023204028606414795,-0.0341633035795148
0,2025-09-09,16421.12528622826,5.112439621892454,0.025023046880960464,0.0035733281397964944
0,2025-09-10,16382.44884104772,5.028138197870301,-0.002355285920202732,-0.08430142402215335
0,2025-09-11,16073.062088940174,5.02851555541414,-0.018885256722569466,0.000377357543839274
0,2025-09-12,16406.761876559332,5.037857464388067,0.020761432126164436,0.009341908973927282
0,2025-09-15,16109.359102287794,5.007892667123931,-0.018126841634511948,-0.029964797264136145
0,2025-09-16,16145.991681248965,4.985857587820143,0.002273993566632271,-0.02203507930378823
0,2025-09-17,16278.298846556707,5.039051554364984,0.00819442793726921,0.053193966544840876
0,2025-09-18,16363.410961057449,5.03859279355481,0.0052285632118582726,-0.00045876081017404147
0,2025-09-19,16765.088295281046,5.021148342114196,0.024547286331653595,-0.017444451440614017
0,2025-09-22,16924.37544347968,5.079779770298873,0.009501121938228607,0.05863142818467715
0,2025-09-23,16940.994447684167,5.020312531117661,0.0009819567203521729,-0.05946723918121233
0,2025-09-24,16981.947923443946,5.067304163868718,0.0024174186401069164,0.04699163275105711
0,2025-09-25,17129.055177354177,4.990980241812716,0.008662566542625427,-0.07632392205600169
0,2025-09-26,16984.748309276216,4.988106721213744,-0.008424683474004269,-0.002873520598972057
0,2025-09-29,16841.975017575423,4.932240889502041,-0.00840597040951252,-0.055865831711702896
0,2025-09-30,16790.073443205958,4.927092032338755,-0.0030816798098385334,-0.00514885716328628
0,2025-10-01,17369.9382400243,4.991801955661606,0.03453616797924042,0.06470992332285075
0,2025-10-02,17371.102046880784,4.9777850491193485,6.700120866298676e-05,-0.014016906542257068
0,2025-10-03,17316.107461214622,4.997168335933727,-0.0031658662483096123,0.01938328681437884
0,2025-10-06,17406.539563634844,5.039595996437174,0.005222426727414131,0.042427660503446596
0,2025-10-07,17405.662214674634,5.076193825499718,-5.040341056883335e-05,0.036597829062544385
0,2025-10-08,17253.116840658404,5.088178243900512,-0.008764123544096947,0.011984418400794006
0,2025-10-09,17589.94022352792,5.097975742313762,0.019522465765476227,0.009797498413250061
0,2025-10-10,17239.694235255643,5.2909242890255435,-0.019911721348762512,0.19294854671178108
0,2025-10-15,17094.036053379252,5.297446035674347,-0.008449000306427479,0.00652174664880345
0,2025-10-16,17100.91375882067,5.339231166263429,0.00040234532207250595,0.04178513058908173
0,2025-10-17,17608.300483290168,5.416812633271701,0.029670152813196182,0.0775814670082724
0,2025-10-20,17611.83968434275,5.3936549475543565,0.00020099617540836334,-0.023157685717344556
0,2025-10-21,17340.12807394882,5.473291637382701,-0.015427781268954277,0.07963668982834449
0,2025-10-22,17144.79637027673,5.48561672104673,-0.011264720931649208,0.01232508366402918
0,2025-10-23,16815.388474318297,5.523674106557073,-0.01921328715980053,0.03805738551034299
0,2025-10-24,16472.606640612285,5.560097709213234,-0.020385008305311203,0.036423602656160625
0,2025-10-27,16673.300344267736,5.499019258377389,0.012183481827378273,-0.0610784508358444
0,2025-10-28,16509.36313863071,5.508051782590827,-0.009832318872213364,0.009032524213437476
0,2025-10-29,16706.084657185318,5.368033191070861,0.011915754526853561,-0.14001859151996587
0,2025-10-30,16804.397668388065,5.3702451763253505,0.005884862504899502,0.0022119852544895124
0,2025-10-31,16902.417030444412,5.371751492939323,0.005832958966493607,0.0015063166139723805
0,2025-11-03,17108.637407425318,5.38303986603982,0.012200644239783287,0.011288373100497573
0,2025-11-04,16918.69944573723,5.383695457336229,-0.011101875454187393,0.0006555912964083532
0,2025-11-05,16331.012384144837,5.37757536365316,-0.03473594784736633,-0.006120093683068539
0,2025-11-06,16795.389941693615,5.4368797281619905,0.028435319662094116,0.059304364508830254
0,2025-11-07,16534.974620447618,5.384011264791628,-0.015505166724324226,-0.05286846337036266
0,2025-11-10,16557.191158415128,5.3957700416735905,0.00134360883384943,0.011758776881962696
0,2025-11-13,16776.008237402297,5.412715002632747,0.013215833343565464,0.01694496095915632
0,2025-11-14,16833.77116478776,5.412695279714188,0.0034431866370141506,-1.9722918558784386e-05
0,2025-11-17,16764.33421075994,5.478343246578435,-0.004124860279262066,0.06564796686424668
0,2025-11-18,16993.6150459677,5.462213030177295,0.013676703907549381,-0.016130216401140096
0,2025-11-19,16943.38911830339,5.360232675883326,-0.002955576404929161,-0.10198035429396857
0,2025-11-20,16985.209634437855,5.346899585716514,0.002468249760568142,-0.013333090166812056
0,2025-11-21,16686.37542564431,5.371421865559408,-0.017593789845705032,0.0245222798428939
0,2025-11-24,16592.55261858037,5.503903789946516,-0.005622719414532185,0.13248192438710849
0,2025-11-25,16624.457786613824,5.500732190481698,0.0019228607416152954,-0.0031715994648182644
0,2025-11-26,16799.152604100316,5.47184818898464,0.010508301667869091,-0.028884001497058165
0,2025-11-28,16768.9781001845,5.501462107892687,-0.0017961920239031315,0.029613918908046877
0,2025-12-01,16767.134384831235,5.513533823355517,-0.00010994798503816128,0.012071715462830035
0,2025-12-02,16634.158074191964,5.497598508385021,-0.007930771447718143,-0.015935314970495718
0,2025-12-03,16535.07501023441,5.5167548529299495,-0.005956602282822132,0.019156344544928317
0,2025-12-04,16408.211566682105,5.454334733501004,-0.007672383915632963,-0.06242011942894532
0,2025-12-05,16770.75843407111,5.452603441498076,0.0220954529941082,-0.0017312920029279866
0,2025-12-08,16745.805292256635,5.456860204098779,-0.0014878958463668823,0.004256762600702402
0,2025-12-09,16732.56062013828,5.444656074115576,-0.0007909247651696205,-0.012204129983202527
0,2025-12-10,16696.03758006569,5.435090188988193,-0.0021827525924891233,-0.009565885127383211
0,2025-12-11,16295.546136779016,5.561926950417754,-0.023987215012311935,0.12683676142956113
0,2025-12-12,15956.309969129312,5.505674112859077,-0.020817723125219345,-0.05625283755867727
0,2025-12-15,16010.233880372141,5.433750673259997,0.003379472531378269,-0.07192343959907976
0,2025-12-16,15591.529117357053,5.489514134422888,-0.026152320206165314,0.05576346116289077
0,2025-12-17,15946.833635735864,5.558910786791635,0.022788304835557938,0.0693966523687477
0,2025-12-18,16252.43943402654,5.532670185868574,0.01916404254734516,-0.02624060092306113
0,2025-12-19,15992.138200370464,5.568517804716748,-0.01601613312959671,0.035847618848174
0,2025-12-22,16517.46631360499,5.475142142919157,0.03284914791584015,-0.09337566179759094
0,2025-12-23,16722.520462823522,5.456207880323861,0.01241438277065754,-0.018934262595296403
0,2025-12-24,17026.26601190027,5.5233236144293025,0.018163861706852913,0.06711573410544158
0,2025-12-26,17022.291519945935,5.589284930557112,-0.0002334329765290022,0.06596131612780987
0,2025-12-29,17222.95269222639,5.592450363031284,0.01178814098238945,0.003165432474171226
0,2025-12-30,16944.457664191043,5.6746053252532995,-0.016169993206858635,0.0821549622220159
0,2025-12-31,16549.464711850753,5.660635779145508,-0.023311041295528412,-0.01396954610779133
0,2026-01-02,16621.46051006327,5.6218281695049335,0.0043503399938344955,-0.038807609640574725
0,2026-01-05,16914.176851978948,5.61806332935156,0.01761074736714363,-0.0037648401533738607
0,2026-01-06,16827.439000922583,5.63396415620158,-0.00512811541557312,0.0159008268500207
0,2026-01-07,17387.78107961256,5.585257417577647,0.03329930827021599,-0.04870673862393371
0,2026-01-08,17646.478221541816,5.593322435116707,0.014878099784255028,0.008065017539060193
0,2026-01-09,17939.065286992434,5.655746091389413,0.016580479219555855,0.062423656272706296
0,2026-01-12,17750.228969616168,5.605009004334149,-0.010526541620492935,-0.05073708705526414
0,2026-01-13,17541.01913612059,5.672981053029561,-0.011786317452788353,0.06797204869541229
0,2026-01-14,17183.56323110054,5.693104183222328,-0.02037828601896763,0.02012313019276668
0,2026-01-15,17321.3171328305,5.66877472474166,0.008016608655452728,-0.024329458480667476
0,2026-01-16,17114.636022143743,5.721587615848668,-0.011932182125747204,0.052812891107007154
0,2026-01-20,16678.44211374564,5.740915903397788,-0.025486601516604424,0.019328287549120304
0,2026-01-21,16704.634791064953,5.724506914920007,0.0015704510733485222,-0.016408988477780717
0,2026-01-22,16874.085111900018,5.587385631804042,0.01014391053467989,-0.13712128311596494
0,2026-01-23,16545.985809986192,5.5782806489459595,-0.019443975761532784,-0.0091049828580827
0,2026-01-26,16503.570254965834,5.577380911071383,-0.0025634951889514923,-0.000899737874576978
0,2026-01-27,16265.439175812204,5.602352682772258,-0.014429064467549324,0.0249717717008755
0,2026-01-28,16436.51636100603,5.680561745097624,0.01051783375442028,0.07820906232536551
0,2026-01-29,16321.47625728027,5.742813915492821,-0.0069990563206374645,0.06225217039519748
0,2026-01-30,16632.35548137202,5.700319286250149,0.019047249108552933,-0.04249462924267178
0,2026-02-02,16543.568704926263,5.607694355174035,-0.00533819617703557,-0.09262493107611469
0,2026-02-03,16721.605884215936,5.636634439929905,0.010761715471744537,0.028940084755870288
0,2026-02-04,16599.867788712458,5.64305743900213,-0.007280287332832813,0.006422999072225544
0,2026-02-05,16970.86488127004,5.655183168438455,0.0223494004458189,0.012125729436324839
0,2026-02-06,17178.506981677314,5.639211402520809,0.01223521027714014,-0.015971765917646152
0,2026-02-09,16969.830841048035,5.662592067804113,-0.012147513218224049,0.023380665283303514
0,2026-02-10,16560.50070637652,5.755202238257331,-0.024121049791574478,0.09261017045321829
0,2026-02-11,16435.365903462865,5.7508529568028885,-0.007556220982223749,-0.004349281454442355
0,2026-02-12,17051.939137071244,5.847244072356006,0.037515029311180115,0.09639111555311786
0,2026-02-13,17086.897728597796,5.862633056336518,0.0020501241087913513,0.015388983980511917
0,2026-02-17,17424.028774125345,5.872835039536052,0.019730383530259132,0.010201983199533693
0,2026-02-18,17681.190508433156,5.850001328616006,0.01475902833044529,-0.022833710920045824
0,2026-02-19,17377.278803627323,5.905698373396435,-0.0171884186565876,0.055697044780428584
0,2026-02-20,17150.77164970795,6.165813824155318,-0.013034673407673836,0.2601154507588834
0,2026-02-23,17406.97049369377,6.109989134518486,0.014938035979866982,-0.0558246896368324
0,2026-02-24,17478.719257167657,6.108742171524916,0.0041218409314751625,-0.0012469629935694115
0,2026-02-25,17307.089282352135,6.510222468496467,-0.00981936790049076,0.40148029697155074
0,2026-02-26,17224.784601160703,6.492743032174327,-0.004755547270178795,-0.017479436322139996
0,2026-02-27,17533.00258360344,6.594985741443831,0.017893865704536438,0.10224270926950396
0,2026-03-02,17156.709527523144,6.6768265940854405,-0.021461986005306244,0.08184085264160945
0,2026-03-03,16776.068279024206,6.857030497837088,-0.022186145186424255,0.1802039037516474
0,2026-03-04,16366.21600623188,6.9166703329478505,-0.0244307704269886,0.05963983511076254
0,2026-03-05,16452.9158783373,6.991752772012581,0.005297490395605564,0.07508243906473044
0,2026-03-06,15798.775936892893,6.961864569131403,-0.03975829854607582,-0.029888202881178216
0,2026-03-09,15772.229597794805,6.983919195217212,-0.001680278219282627,0.02205462608580966
0,2026-03-10,15333.914126909747,7.000690773322717,-0.027790330350399017,0.016771578105504226
0,2026-03-11,15671.129851983715,6.898128885464296,0.02199149690568447,-0.10256188785842024
0,2026-03-12,15302.260594479378,7.00725341546791,-0.023538140580058098,0.10912453000361388
0,2026-03-13,14748.22769530237,7.006504800427062,-0.0362059511244297,-0.0007486150408482217
0,2026-03-16,14962.568276993876,6.960507277305241,0.014533311128616333,-0.04599752312182126
0,2026-03-17,15057.714311417185,6.9524003040309506,0.006358937360346317,-0.008106973274290219
0,2026-03-18,15131.719400331567,6.704488457365655,0.004914762452244759,-0.24791184666529542
0,2026-03-19,15558.329864435194,6.6282056700262615,0.028193125501275063,-0.07628278733939364
0,2026-03-20,15151.453264047896,6.718430802396296,-0.026151688769459724,0.09022513237003427
0,2026-03-23,15357.993944428687,6.667074929747703,0.01363174058496952,-0.05135587264859254
0,2026-03-24,15287.32058813313,6.6035501324484995,-0.004601730965077877,-0.06352479729920368
0,2026-03-25,14993.303487924191,6.643832281347038,-0.019232742488384247,0.04028214889853832
0,2026-03-26,14973.275046731198,6.765685365368039,-0.0013358257710933685,0.12185308402100148
0,2026-03-27,14916.704941392463,6.6611560449433345,-0.0037780716083943844,-0.10452932042470486
0,2026-03-30,15094.48560589239,6.967104959244925,0.011918226256966591,0.30594891430159077
0,2026-03-31,15286.548867405489,7.001837006097908,0.012724068015813828,0.03473204685298281
0,2026-04-01,15412.049976123331,6.971144991350415,0.00820990465581417,-0.030692014747493168
0,2026-04-02,15385.066332029699,7.0043424282836275,-0.0017508147284388542,0.03319743693321264
0,2026-04-06,15128.69838083842,6.997998377192717,-0.016663428395986557,-0.0063440510909105186
0,2026-04-07,15131.94256205752,6.868301640757911,0.00021443888545036316,-0.12969673643480562
0,2026-04-08,15193.386404239704,6.857049320169036,0.004060538951307535,-0.011252320588875264
0,2026-04-09,15230.199251630409,6.781498069051756,0.0024229520931839943,-0.07555125111727978
0,2026-04-10,15080.382566277964,6.8643214132844514,-0.009836817160248756,0.0828233442326951
0,2026-04-13,14770.754751527757,6.894169309905781,-0.020531827583909035,0.02984789662132936
0,2026-04-14,14822.027083194,6.764543669514504,0.0034712059423327446,-0.12962564039127678
0,2026-04-15,14914.667514662056,6.766754919826904,0.0062501863576471806,0.0022112503124001037
0,2026-04-16,14903.315629962608,6.532953918313454,-0.0007611222099512815,-0.2338010015134504
0,2026-04-17,15092.015791492731,6.5167071922228486,0.01266162283718586,-0.01624672609060518
0,2026-04-20,14986.261903963024,6.493464015079225,-0.007007273845374584,-0.023243177143623228
0,2026-04-21,15042.954900362694,6.347460226653668,0.003782997839152813,-0.14600378842555717
0,2026-04-22,14857.670895551511,6.342543951595704,-0.012316995300352573,-0.0049162750579645476
0,2026-04-23,14886.61704141576,6.343481702776285,0.0019482290372252464,0.0009377511805812588
0,2026-04-24,14828.051181362425,6.3457579611968455,-0.00393412820994854,0.002276258420560673
0,2026-04-27,14278.682526559604,6.436236603943525,-0.03704928234219551,0.09047864274667905
0,2026-04-28,14639.537468873274,6.350294627947573,0.02527228556573391,-0.08594197599595166
0,2026-04-29,14777.937935420732,6.236346988465844,0.009453882463276386,-0.11394763948172937
0,2026-04-30,15167.978548038203,6.255236484615285,0.02639343962073326,0.018889496149441243
0,2026-05-01,15186.007468224465,6.135318402584635,0.0011886171996593475,-0.11991808203065002
0,2026-05-04,15361.566179391399,6.165041725389686,0.011560557410120964,0.029723322805050856
0,2026-05-05,15123.073555568246,6.166050814854207,-0.015525280497968197,0.0010090894645209403
0,2026-05-06,15137.896329793057,6.063405842726357,0.0009801429696381092,-0.10264497212784995
0,2026-05-07,15481.882707034041,6.022050117493123,0.022723525762557983,-0.04135572523323372
0,2026-05-08,15397.965757995145,5.911486941324205,-0.005420332308858633,-0.11056317616891764
0,2026-05-11,15620.08930402192,5.874760503157735,0.01442551240324974,-0.03672643816647003
0,2026-05-12,15309.399717957775,5.957678506015317,-0.01989038474857807,0.082918002857582
0,2026-05-13,15171.898774871808,5.952344752182579,-0.008981471881270409,-0.00533375383273782
0,2026-05-14,15180.866095898127,5.981752583475154,0.000591048039495945,0.029407831292574294
