path_id,Date,sp500_abs,DGS10_abs,sp500,DGS10
0,2016-05-12,7110.474295267891,4.626476843616696,-0.015056162141263485,0.02012526846468088
0,2016-05-13,7203.723861111834,4.619401980814245,0.01311439462006092,-0.007074862802451065
0,2016-05-16,7303.158455645267,4.5701499456054995,0.01380322128534317,-0.049252035208745326
0,2016-05-17,7349.070972120149,4.413664896010958,0.0062866657972335815,-0.1564850495945418
0,2016-05-18,7481.526913329377,4.500803549252211,0.018023494631052017,0.08713865324125347
0,2016-05-19,7377.632570540128,4.521784061952996,-0.01388678327202797,0.020980512700784715
0,2016-05-20,7467.901936803193,4.558177437870644,0.012235546484589577,0.03639337591764846
0,2016-05-23,7522.924184565975,4.635112317226348,0.0073678321205079556,0.07693487935570342
0,2016-05-24,7593.2401944343555,4.5382909768531015,0.009346898645162582,-0.0968213403732463
0,2016-05-25,7381.984665461868,4.567690482201003,-0.027821525931358337,0.029399505347901922
0,2016-05-26,7262.521869692839,4.441945193713251,-0.016183018684387207,-0.12574528848775213
0,2016-05-27,7315.486882850987,4.506800203575619,0.007292923051863909,0.06485500986236747
0,2016-05-31,7493.751643068332,4.581448048176769,0.024368133395910263,0.07464784460115048
0,2016-06-01,7534.503341204474,4.522529939867655,0.005438090302050114,-0.058918108309113926
0,2016-06-02,7778.898710069292,4.5676731869679665,0.03243682533502579,0.04514324710031126
0,2016-06-03,7739.411600252873,4.575951123324253,-0.0050761825405061245,0.008277936356286375
0,2016-06-06,7579.830889733333,4.560704651739606,-0.020619230344891548,-0.015246471584647203
0,2016-06-07,7465.116837917338,4.499672458795577,-0.015134117566049099,-0.06103219294402873
0,2016-06-08,7310.528195141986,4.484082474387295,-0.020708134397864342,-0.015589984408282298
0,2016-06-09,7040.479809406105,4.502450204645772,-0.036939654499292374,0.018367730258477266
0,2016-06-10,7324.376358064731,4.739023672357658,0.040323466062545776,0.23657346771188603
0,2016-06-13,6998.554102275904,4.695506571701439,-0.044484641402959824,-0.04351710065621894
0,2016-06-14,7242.4745272575665,4.741331411824698,0.034852974116802216,0.0458248401232586
0,2016-06-15,7392.932224840622,4.771670510915915,0.020774349570274353,0.03033909909121757
0,2016-06-16,7139.650579503207,4.806424996491158,-0.03425997123122215,0.03475448557524263
0,2016-06-17,7424.808726000799,4.8038329364970345,0.03994007036089897,-0.0025920599941233746
0,2016-06-20,7686.751168196012,4.835718721167247,0.035279352217912674,0.0318857846702123
0,2016-06-21,7483.580873750749,4.882635986945132,-0.026431230828166008,0.046917265777885575
0,2016-06-22,7216.580705141684,4.80020344058738,-0.03567812964320183,-0.08243254635775266
0,2016-06-23,7055.213223535687,4.809425284728399,-0.022360656410455704,0.009221844141019453
0,2016-06-24,7207.708178018437,4.820648743208968,0.02161450684070587,0.01122345848056927
0,2016-06-27,7265.480773570967,4.727969757422771,0.008015390485525131,-0.09267898578619782
0,2016-06-28,7360.6541132916645,4.753947386324557,0.013099386356770992,0.025977628901786787
0,2016-06-29,7149.127957813028,4.735994151717178,-0.02873741276562214,-0.017953234607379187
0,2016-06-30,6954.29397157513,4.754211497388798,-0.027252832427620888,0.018217345671620144
0,2016-07-01,7347.132273525548,4.783129497232981,0.05648859590291977,0.028917999844182418
0,2016-07-05,7145.696862069047,4.727695105638378,-0.027416875585913658,-0.05543439159460295
0,2016-07-06,7288.897424760826,4.7668865156663855,0.020040111616253853,0.039191410028007745
0,2016-07-07,7414.847123588497,4.773543244263667,0.017279664054512978,0.006656728597281614
0,2016-07-08,7541.217852746487,4.734431200940741,0.01704293116927147,-0.03911204332292595
0,2016-07-11,7731.549555227026,4.811840816055541,0.025238854810595512,0.07740961511479938
0,2016-07-12,7471.780271481896,4.7706615069017735,-0.033598605543375015,-0.04117930915376711
0,2016-07-13,7369.523362757815,4.749557934314437,-0.013685748912394047,-0.02110357258733675
0,2016-07-14,7492.809402730375,4.762866194269973,0.016729174181818962,0.013308259955536528
0,2016-07-15,7309.953650220727,4.712169119240802,-0.024404164403676987,-0.05069707502917087
0,2016-07-18,7220.411077419355,4.715128384174998,-0.01224940363317728,0.0029592649341951827
0,2016-07-19,7457.061232105749,4.829910177516125,0.032775163650512695,0.1147817933411277
0,2016-07-20,7663.762973336841,4.84332983599607,0.027718927711248398,0.013419658479945085
0,2016-07-21,7511.192324925037,4.854146703726201,-0.019908059388399124,0.010816867730130575
0,2016-07-22,7712.530551571497,4.9188969053130664,0.026805095374584198,0.06475020158686551
0,2016-07-25,7452.395628431308,4.8679697884233315,-0.03372886776924133,-0.05092711688973495
0,2016-07-26,7712.97528457809,4.909401369741338,0.034965891391038895,0.041431581318006394
0,2016-07-27,7728.8913430723105,4.905308231878566,0.002063543302938342,-0.004093137862771989
0,2016-07-28,7806.108439421739,4.958424642617303,0.009990707971155643,0.05311641073873741
0,2016-07-29,7841.450736359994,4.933630837333221,0.004527518060058355,-0.024793805284081927
0,2016-08-01,7840.451413903733,4.965810124024666,-0.0001274410169571638,0.032179286691444986
0,2016-08-02,7787.381018643067,5.001398689142815,-0.00676879333332181,0.03558856511814845
0,2016-08-03,7538.760551730225,5.012343911582725,-0.03192606940865517,0.010945222439910474
0,2016-08-04,7344.493030918539,5.053954547689653,-0.025769159197807312,0.0416106361069275
0,2016-08-05,7242.697855998829,5.044136848002833,-0.013860068283975124,-0.009817699686819559
0,2016-08-08,7426.43634471659,5.031367466952195,0.025368791073560715,-0.012769381050638628
0,2016-08-09,7335.564857792337,4.9679396857040965,-0.0122362170368433,-0.06342778124809811
0,2016-08-10,7095.126691592292,4.9277962071543335,-0.03277704864740372,-0.04014347854976297
0,2016-08-11,7381.190158020587,4.971822614153259,0.04031830281019211,0.04402640699892579
0,2016-08-12,7630.866991028877,4.977218395838145,0.03382609412074089,0.005395781684885748
0,2016-08-15,7443.412226923457,5.085904401928311,-0.024565329775214195,0.10868600609016621
0,2016-08-16,7653.923371298737,4.911493964904043,0.02828153781592846,-0.17441043702426828
0,2016-08-17,7591.542675930165,4.929352402822004,-0.008150159381330013,0.017858437917960934
0,2016-08-18,7836.4103274536155,4.89679200003396,0.032255321741104126,-0.03256040278804395
0,2016-08-19,8037.901527264101,5.007483338995096,0.025712180882692337,0.1106913389611357
0,2016-08-22,8070.862055257732,4.9721184960993945,0.0041006384417414665,-0.03536484289570119
0,2016-08-23,8203.410048472277,4.992975729794653,0.016423027962446213,0.02085723369525816
0,2016-08-24,8146.167504618116,5.0036516810900356,-0.0069778962060809135,0.010675951295382902
0,2016-08-25,7985.320321968719,5.079789885390339,-0.01974513567984104,0.07613820430030316
0,2016-08-26,7890.207654013796,5.183189595009008,-0.0119109395891428,0.10339970961866918
0,2016-08-29,8063.614406608311,5.213384680946102,0.021977463737130165,0.030195085937093857
0,2016-08-30,8123.34599784654,5.102931340783039,0.007407545577734709,-0.11045334016306274
0,2016-08-31,8188.584917982685,5.129299035938112,0.00803104043006897,0.026367695155072646
0,2016-09-01,8193.447424433018,5.137848421677816,0.0005938152316957712,0.00854938573970454
0,2016-09-02,8267.618608297571,5.195911378727577,0.009052500128746033,0.05806295704976083
0,2016-09-06,8361.321450443169,5.288392389174963,0.011333716101944447,0.09248101044738632
0,2016-09-07,8243.038247923885,5.385091784242806,-0.014146472327411175,0.09669939506784253
0,2016-09-08,8292.78902252153,5.379923964984393,0.006035489961504936,-0.005167819258413253
0,2016-09-09,8462.016744396436,5.372269941690466,0.020406611263751984,-0.007654023293926393
0,2016-09-12,8428.521356440588,5.36741765060789,-0.003958322107791901,-0.004852291082576343
0,2016-09-13,8344.862336661303,5.264544355133917,-0.009925705380737782,-0.10287329547397306
0,2016-09-14,8413.373801193986,5.338499417661026,0.0082100173458457,0.07395506252710948
0,2016-09-15,8468.124129586076,5.344358455357856,0.006507535465061665,0.005859037696829716
0,2016-09-16,8364.74826858093,5.38321909131117,-0.012207645922899246,0.03886063595331368
0,2016-09-19,8182.430268260928,5.386342636179944,-0.02179599367082119,0.0031235448687745304
0,2016-09-20,8292.010818441417,5.425992239201448,0.013392176479101181,0.039649603021503665
0,2016-09-21,8163.665931686454,5.47610005935827,-0.015478137880563736,0.050107820156822136
0,2016-09-22,8516.986791896563,5.546483751492542,0.043279681354761124,0.0703836921342722
0,2016-09-23,8317.268684985389,5.416419968685444,-0.023449385538697243,-0.13006378280709807
0,2016-09-26,8584.511042263555,5.470635648788257,0.032131023705005646,0.054215680102812414
0,2016-09-27,8874.14837426716,5.467351732059404,0.03373952582478523,-0.0032839167288525317
0,2016-09-28,9192.780025591153,5.384219766009905,0.03590560331940651,-0.0831319660494989
0,2016-09-29,8938.244815444514,5.4553913187221195,-0.02768860012292862,0.07117155271221431
0,2016-09-30,9173.641626128221,5.4190300773354565,0.026335909962654114,-0.03636124138666297
0,2016-10-03,9054.869867688045,5.4837214196202675,-0.012947067618370056,0.064691342284811
0,2016-10-04,9280.71501034083,5.507545381949545,0.02494184300303459,0.023823962329277748
0,2016-10-05,9546.270549860828,5.530477885623124,0.02861369401216507,0.022932503673578353
0,2016-10-06,9709.877065005774,5.4739037849174235,0.017138265073299408,-0.056574100705700126
0,2016-10-07,9785.84521671736,5.4441339948046314,0.007823801599442959,-0.029769790112792016
0,2016-10-12,9460.218475648171,5.474092759472597,-0.03327528014779091,0.029958764667965987
0,2016-10-13,9519.029165653857,5.395438849647506,0.006216631270945072,-0.0786539098250918
0,2016-10-14,9698.61726873568,5.4416207401558845,0.018866220489144325,0.04618189050837884
0,2016-10-17,9979.02168945834,5.400877321929509,0.02891179360449314,-0.04074341822637528
0,2016-10-18,10196.228843758892,5.387020811453467,0.021766377612948418,-0.013856510476042416
0,2016-10-19,9918.660872175542,5.356268358580258,-0.027222611010074615,-0.030752452873208824
0,2016-10-20,10065.557741581384,5.377999906553037,0.014810151420533657,0.021731547972779097
0,2016-10-21,9912.593330745362,5.336049323475696,-0.015196814201772213,-0.04195058307734101
0,2016-10-24,9819.309739705837,5.413354229415645,-0.009410614147782326,0.07730490593994865
0,2016-10-25,9529.732610890564,5.460845044363223,-0.029490578919649124,0.047490814947578563
0,2016-10-26,9272.720559329238,5.418881313995996,-0.026969492435455322,-0.041963730367227114
0,2016-10-27,9095.879506589587,5.417913326285983,-0.019071107730269432,-0.0009679877100134959
0,2016-10-28,9497.147885787623,5.430231505189748,0.044115401804447174,0.012318178903765187
0,2016-10-31,9747.237984138834,5.412025081946705,0.02633317932486534,-0.018206423243042558
0,2016-11-01,10032.110193661583,5.436151448943748,0.029225941747426987,0.024126366997042403
0,2016-11-02,9786.13863716103,5.4062576054076334,-0.02451842650771141,-0.02989384353611424
0,2016-11-03,9417.368241624343,5.414537848432902,-0.03768293187022209,0.008280243025268419
0,2016-11-04,9808.181360806942,5.407373666877752,0.04149918630719185,-0.007164181555149973
0,2016-11-07,9568.064199979275,5.3999289074711365,-0.024481313303112984,-0.0074447594066153755
0,2016-11-08,9774.597341584295,5.351529225606918,0.021585676819086075,-0.04839968186421828
0,2016-11-09,10032.156533541793,5.397420682309692,0.026349851861596107,0.0458914567027735
0,2016-11-10,10019.345664072882,5.3503969705797605,-0.0012769806198775768,-0.04702371172993125
0,2016-11-15,10319.596186506085,5.3472004498732275,0.02996707893908024,-0.0031965207065329793
0,2016-11-16,10071.152681153151,5.405006593674634,-0.024074925109744072,0.057806143801406584
0,2016-11-17,10402.346064866335,5.441895917733931,0.0328853502869606,0.036889324059297124
0,2016-11-18,10576.536073555751,5.44061511786114,0.01674526184797287,-0.0012807998727915049
0,2016-11-21,10303.73026655662,5.485643200467839,-0.025793492794036865,0.04502808260669955
0,2016-11-22,10421.666831151942,5.525599590448574,0.01144600659608841,0.03995638998073492
0,2016-11-23,10605.691642512907,5.564105537281417,0.01765790581703186,0.03850594683284303
0,2016-11-25,10588.498863166455,5.562617400235877,-0.0016210898756980896,-0.0014881370455404053
0,2016-11-28,10668.7197953027,5.545510750414672,0.007576232776045799,-0.01710664982120491
0,2016-11-29,10739.77316064747,5.569841939677872,0.006659971084445715,0.02433118926319988
0,2016-11-30,10630.097281909428,5.498406363429536,-0.010212122462689877,-0.07143557624833541
0,2016-12-01,10832.894015701462,5.515378774240755,0.019077599048614502,0.016972410811218808
0,2016-12-02,10717.163221661318,5.559885984357397,-0.010683275759220123,0.044507210116641716
0,2016-12-05,10725.129303578793,5.608130247865553,0.0007433013524860144,0.04824426350815614
0,2016-12-06,10795.462964723814,5.588820644964671,0.006557838059961796,-0.019309602900881906
0,2016-12-07,10985.680460507097,5.524645287016548,0.017620133236050606,-0.06417535794812324
0,2016-12-08,10950.967200569554,5.6320580246724745,-0.003159864339977503,0.10741273765592663
0,2016-12-09,10952.412096717362,5.645569785025199,0.00013194233179092407,0.013511760352724167
0,2016-12-12,11074.448601094298,5.640116686386325,0.011142431758344173,-0.00545309863887411
0,2016-12-13,10967.559963085963,5.59153871759987,-0.009651824831962585,-0.048577968786454484
0,2016-12-14,11031.785901061321,5.645542658178222,0.005855991505086422,0.054003940578351894
0,2016-12-15,10991.354513971704,5.694286494736116,-0.0036649901885539293,0.04874383655789405
0,2016-12-16,11202.594079514955,5.662217872157517,0.019218701869249344,-0.032068622578599104
0,2016-12-19,10918.333583873582,5.7906282268539755,-0.025374524295330048,0.12841035469645856
0,2016-12-20,11300.722761995952,5.771508815630627,0.03502266854047775,-0.019119411223348592
0,2016-12-21,11020.898654212158,5.727680316447928,-0.024761611595749855,-0.043828499182699154
0,2016-12-22,11204.801148504708,5.749344827968502,0.016686705872416496,0.021664511520574692
0,2016-12-23,10742.716076020688,5.826150891149511,-0.041239917278289795,0.07680606318100835
0,2016-12-27,10457.4054533452,5.872888507556355,-0.026558518409729004,0.04673761640684404
0,2016-12-28,10797.387521243514,5.825087791521774,0.03251112997531891,-0.04780071603458058
0,2016-12-29,10555.73372282115,5.883901827939986,-0.0223807655274868,0.05881403641821148
0,2016-12-30,10186.770490994935,5.689356047921215,-0.03495382145047188,-0.1945457800187711
0,2017-01-03,10522.754000697234,5.592926041524627,0.03298233821988106,-0.09643000639658794
0,2017-01-04,10740.69968749179,5.595514377816459,0.020711848512291908,0.002588336291831972
0,2017-01-05,10814.482209176947,5.639858610170355,0.00686943344771862,0.04434423235389673
0,2017-01-06,10675.019951529312,5.636577989147831,-0.012895879335701466,-0.003280621022524244
0,2017-01-09,10765.108719079733,5.599468698349416,0.008439213037490845,-0.03710929079841474
0,2017-01-10,10486.162822357968,5.650016848881401,-0.02591203711926937,0.05054815053198425
0,2017-01-11,10123.96894786667,5.7303764369141055,-0.034540172666311264,0.08035958803270482
0,2017-01-12,10507.682465086862,5.69635514084536,0.037901490926742554,-0.0340212960687456
0,2017-01-13,10786.674925306083,5.695101853482905,0.02655128389596939,-0.0012532873624548913
0,2017-01-17,10521.51888662053,5.811071499849549,-0.02458181418478489,0.11596964636664442
0,2017-01-18,10899.92338592712,5.777577370851006,0.03596481680870056,-0.03349412899854354
0,2017-01-19,11322.93337148724,5.837836570593075,0.03880852833390236,0.06025919974206939
0,2017-01-20,11051.276947953831,5.811342966900735,-0.023991700261831284,-0.026493603692339995
0,2017-01-23,11424.535863660238,5.8410391720430725,0.03377518430352211,0.029696205142337284
0,2017-01-24,10767.423051186972,5.803901984833056,-0.057517681270837784,-0.0371371872100168
0,2017-01-25,10637.350096144219,5.825295369694519,-0.012080230750143528,0.02139338486146336
0,2017-01-26,10305.967810041875,5.887162849106848,-0.03115271031856537,0.06186747941232884
0,2017-01-27,9948.476552391612,5.931880536578098,-0.034687791019678116,0.044717687471250045
0,2017-01-30,10217.880902787452,5.828367219046533,0.027079960331320763,-0.10351331753156501
0,2017-01-31,9988.46323050984,5.829203099646769,-0.022452568635344505,0.000835880600235761
0,2017-02-01,10235.98958771817,5.941996606122226,0.024781225249171257,0.11279350647545705
0,2017-02-02,10643.536135443537,5.979403800848511,0.039815060794353485,0.03740719472628484
0,2017-02-03,10304.977100668375,5.939867021612653,-0.03180888667702675,-0.03953677923585808
0,2017-02-06,10588.617970426254,5.913720339388781,0.02752464823424816,-0.026146682223871842
0,2017-02-07,10989.813588227624,5.970380724448673,0.037889327853918076,0.05666038505989235
0,2017-02-08,11336.686167710435,5.9415423586662355,0.03156309947371483,-0.02883836578243759
0,2017-02-09,10865.018995963903,5.938840798387058,-0.0416053831577301,-0.0027015602791777837
0,2017-02-10,10675.77425131965,5.780494473037699,-0.017417801544070244,-0.15834632534935889
0,2017-02-13,10480.46613820066,5.740331034968937,-0.01829451508820057,-0.04016343806876144
0,2017-02-14,10559.90228806361,5.78658971067415,0.007579448167234659,0.04625867570521258
0,2017-02-15,10732.234970484165,5.834769299278505,0.016319533810019493,0.048179588604354784
0,2017-02-16,10401.336422150898,5.7814748747969915,-0.030832212418317795,-0.053294424481513225
0,2017-02-17,10761.918546264931,5.802088934419099,0.03466690331697464,0.020614059622107384
0,2017-02-21,10973.998040974087,5.785066189247625,0.019706476479768753,-0.01702274517147373
0,2017-02-22,11115.5509080097,5.6094930150645785,0.01289893314242363,-0.17557317418304663
0,2017-02-23,11209.632487839723,5.629904315985081,0.008463960140943527,0.02041130092050203
0,2017-02-24,10699.063878982795,5.625610613734476,-0.04554731026291847,-0.0042937022506048805
0,2017-02-27,10880.111393813526,5.580206930806675,0.016921808943152428,-0.04540368292780084
0,2017-02-28,11026.833176642016,5.610532712154497,0.013485319912433624,0.030325781347822378
0,2017-03-01,11423.130853414523,5.542358868939218,0.03593939170241356,-0.06817384321527964
0,2017-03-02,11601.76902226962,5.603302880092703,0.015638284385204315,0.060944011153485356
0,2017-03-03,11756.338317789325,5.722347704891646,0.013322907499969006,0.11904482479894263
0,2017-03-06,11567.848668139884,5.72870541123402,-0.016033023595809937,0.006357706342374314
0,2017-03-07,11878.52051729031,5.840627746351126,0.026856493204832077,0.11192233511710636
0,2017-03-08,11676.829922695724,5.773394947045002,-0.016979437321424484,-0.06723279930612414
0,2017-03-09,11959.412815759017,5.752699752697636,0.024200309067964554,-0.020695194347366552
0,2017-03-10,11800.999460539473,5.7139316668840525,-0.01324591413140297,-0.03876808581358304
0,2017-03-13,11457.633976560508,5.83599476292067,-0.02909630537033081,0.12206309603661758
0,2017-03-14,11569.169266488812,5.864948495450452,0.009734583087265491,0.028953732529782172
0,2017-03-15,11124.29282864218,5.866455761446656,-0.03845361992716789,0.001507265996203877
0,2017-03-16,10629.452087230766,5.940124145276986,-0.044482894241809845,0.07366838383032981
0,2017-03-17,11022.315153288515,5.876875654631168,0.03695986047387123,-0.06324849064581795
0,2017-03-20,11789.205342014866,5.849201230987139,0.06957614421844482,-0.02767442364402939
0,2017-03-21,11638.39249574727,5.840790491502718,-0.012792452238500118,-0.008410739484420837
0,2017-03-22,11872.702483918623,5.86178460686646,0.020132504403591156,0.020994115363742516
0,2017-03-23,11373.696744463332,5.856351131876547,-0.042029667645692825,-0.005433474989913201
0,2017-03-24,10826.689275868297,5.979450629956887,-0.04809407889842987,0.12309949808033949
0,2017-03-27,10582.028111971069,5.994025765678359,-0.022597966715693474,0.014575135721472066
0,2017-03-28,10497.34800370687,6.112009390555641,-0.008002256974577904,0.11798362487728209
0,2017-03-29,10370.217361683895,6.121362566636128,-0.012110739015042782,0.009353176080487025
0,2017-03-30,9900.779761494068,6.11918061951114,-0.04526786506175995,-0.0021819471249875377
0,2017-03-31,10073.072695484974,6.108951372886957,0.017401956021785736,-0.01022924662418312
0,2017-04-03,10234.869530187341,6.101158651145445,0.016062311828136444,-0.007792721741512132
0,2017-04-04,10499.290091358187,6.061212374239892,0.02583526447415352,-0.03994627690555319
0,2017-04-05,10163.970319497703,5.993780043058499,-0.031937375664711,-0.06743233118139269
0,2017-04-06,9911.767690325483,6.023216887572165,-0.024813396856188774,0.029436844513665683
0,2017-04-07,10553.843108489362,6.0186301256964185,0.06477910280227661,-0.004586761875746248
0,2017-04-10,10624.760171449238,6.0441042606428965,0.006719548720866442,0.02547413494647799
0,2017-04-11,10842.602611448385,5.972400176029853,0.02050328068435192,-0.07170408461304323
0,2017-04-12,10965.949260516287,5.960677723687814,0.011376110836863518,-0.011722452342039169
0,2017-04-13,11104.1602148447,6.1047267109901595,0.012603647075593472,0.1440489873023454
0,2017-04-17,10876.04296631976,6.156146447338351,-0.020543403923511505,0.051419736348191414
0,2017-04-18,11154.954093767918,6.15945394836184,0.025644540786743164,0.003307501023488868
0,2017-04-19,11153.21461152406,6.182336644027689,-0.00015593809075653553,0.02288269566584944
0,2017-04-20,10974.719127363765,6.158565656733531,-0.01600394956767559,-0.023770987294158274
0,2017-04-21,11143.590376298256,6.188173693401786,0.015387295745313168,0.029608036668254734
0,2017-04-24,11226.282076713553,6.242239955803536,0.007420561742037535,0.05406626240175072
0,2017-04-25,11392.573557100804,6.182412010009161,0.014812693931162357,-0.05982794579437556
0,2017-04-26,11133.384980725135,6.336416419195431,-0.02275066077709198,0.15400440918627023
0,2017-04-27,10785.804120680776,6.352290645217967,-0.031219692900776863,0.015874226022535964
0,2017-04-28,10820.563890468262,6.348949407121269,0.0032227332703769207,-0.0033412380966977295
0,2017-05-01,10608.67039226003,6.4383828197167485,-0.019582482054829597,0.08943341259547921
0,2017-05-02,10681.682460750322,6.420689420660242,0.006882301531732082,-0.017693399056506465
0,2017-05-03,10354.362259567803,6.42185879707775,-0.030643131583929062,0.0011693764175078059
0,2017-05-04,10521.097739292942,6.449317577967298,0.016102921217679977,0.027458780889547896
0,2017-05-05,10872.094187752136,6.4198482892311235,0.033361200243234634,-0.02946928873617427
0,2017-05-08,10660.84078742946,6.385734251997007,-0.019430791959166527,-0.03411403723411688
0,2017-05-09,10899.035599943729,6.478129873319213,0.022342966869473457,0.0923956213222068
0,2017-05-10,10460.25043341809,6.5472548614968105,-0.04025908187031746,0.06912498817759705
0,2017-05-11,10719.434840966303,6.5437003427240805,0.024778030812740326,-0.003554518772729942
0,2017-05-12,10378.398019454704,6.493386358928565,-0.0318148136138916,-0.05031398379551533
0,2017-05-15,10686.557490044466,6.473298260891808,0.029692392796278,-0.02008809803675682
0,2017-05-16,10407.18001692251,6.550147578383409,-0.026142887771129608,0.07684931749160029
0,2017-05-17,10656.476401843118,6.558697678626114,0.023954268544912338,0.008550100242705305
0,2017-05-18,10482.54268472186,6.646940995651443,-0.016321878880262375,0.08824331702532895
0,2017-05-19,10371.677209740741,6.623823548505936,-0.010576200671494007,-0.02311744714550734
0,2017-05-22,10920.21395638559,6.498236278484603,0.05288795009255409,-0.12558727002133274
0,2017-05-23,10623.200506923247,6.573011485443258,-0.02719850093126297,0.07477520695865536
0,2017-05-24,10654.041864124427,6.563620750742434,0.0029032076708972454,-0.00939073470082441
0,2017-05-25,11015.624313042272,6.375317636816056,0.03393852338194847,-0.188303113926378
0,2017-05-26,11215.72503449125,6.275680388852398,0.01816517300903797,-0.09963724796365803
0,2017-05-30,11489.883249811155,6.252232947869397,0.0244440920650959,-0.023447440983000334
0,2017-05-31,11580.920104438528,6.279700487743856,0.007923218421638012,0.027467539874458602
0,2017-06-01,11414.717476394184,6.2801309376061205,-0.014351418241858482,0.00043044986226448145
0,2017-06-02,11211.435389556711,6.357255204388683,-0.01780877076089382,0.07712426678256268
0,2017-06-05,11313.026072436998,6.227306444330361,0.009061344899237156,-0.1299487600583218
0,2017-06-06,11122.58615130738,6.25988197182544,-0.016833685338497162,0.032575527495078305
0,2017-06-07,11387.649564603185,6.254014213347927,0.023831095546483994,-0.005867758477513085
0,2017-06-08,11663.631191511822,6.289677926480388,0.02423517033457756,0.03566371313246108
0,2017-06-09,12033.036514882357,6.318780517667866,0.03167155385017395,0.029102591187478488
0,2017-06-12,11990.667767038745,6.324919353159911,-0.003521035425364971,0.006138835492044414
0,2017-06-13,11897.810066910155,6.511384911340403,-0.007744164206087589,0.18646555818049215
0,2017-06-14,11720.312747003916,6.545456604892579,-0.014918486587703228,0.03407169355217654
0,2017-06-15,11903.91463704992,6.553421200639969,0.015665272250771523,0.007964595747389502
0,2017-06-16,12128.742788220135,6.420166402408359,0.018886908888816833,-0.13325479823160968
0,2017-06-19,11960.685817922904,6.422403846155287,-0.013856091536581516,0.002237443746928136
0,2017-06-20,11767.162486286463,6.3584892731777,-0.016179952770471573,-0.06391457297758762
0,2017-06-21,11365.616085642041,6.448963417529433,-0.03412431851029396,0.09047414435173362
0,2017-06-22,11795.100070487091,6.366676060605892,0.03778800740838051,-0.08228735692354139
0,2017-06-23,12097.238250641758,6.265370544376346,0.025615567341446877,-0.1013055162295462
0,2017-06-26,12269.648986145536,6.24629323313876,0.01425207406282425,-0.01907731123758527
0,2017-06-27,12073.005335433558,6.34478275648353,-0.01602683588862419,0.09848952334477001
0,2017-06-28,11982.83574863283,6.386684469502227,-0.007468694355338812,0.04190171301869672
0,2017-06-29,11541.190022891451,6.311541607918899,-0.036856528371572495,-0.07514286158332784
0,2017-06-30,11227.472239169512,6.415827284192885,-0.02718244679272175,0.1042856762739861
0,2017-07-03,11666.603619707299,6.4395953565665485,0.03911222144961357,0.023768072373663074
0,2017-07-05,11288.10736669513,6.452554855437546,-0.03244271129369736,0.012959498870997344
0,2017-07-06,10853.307501136556,6.534380349881403,-0.038518402725458145,0.08182549444385678
0,2017-07-07,11041.086544998221,6.639207868123644,0.01730155013501644,0.10482751824224135
0,2017-07-10,11221.494861557712,6.5907832862397715,0.016339724883437157,-0.04842458188387244
0,2017-07-11,10980.625790514603,6.58848976304631,-0.02146497182548046,-0.002293523193461766
0,2017-07-12,10608.713340581906,6.619655510164765,-0.03386987745761871,0.031165747118455656
0,2017-07-13,10315.418216725127,6.703612408727674,-0.0276466254144907,0.08395689856290822
0,2017-07-14,9813.916778915382,6.8404281958769975,-0.0486166849732399,0.13681578714932385
0,2017-07-17,9562.264320222715,6.823717703221541,-0.025642408058047295,-0.016710492655456655
0,2017-07-18,9430.303462223248,6.94835550549595,-0.01380016840994358,0.12463780227440946
0,2017-07-19,9683.716155151184,6.9584714139136254,0.026872167363762856,0.010115908417675179
0,2017-07-20,9486.434659589764,6.946461120459026,-0.020372498780488968,-0.012010293454599363
0,2017-07-21,9195.318938148583,6.93771406104211,-0.03068757988512516,-0.008747059416916336
0,2017-07-24,8600.352343460096,7.0746575946991,-0.06470320373773575,0.1369435336569902
0,2017-07-25,8971.385269885017,7.059918312901672,0.043141596019268036,-0.014739281797427672
0,2017-07-26,8624.845978851676,7.199006910119648,-0.038627177476882935,0.13908859721797562
0,2017-07-27,8279.352171622177,7.173406748185782,-0.040057968348264694,-0.02560016193386616
0,2017-07-28,8646.114188724432,7.170188743581441,0.04429839551448822,-0.0032180046043404076
0,2017-07-31,8409.825889331652,7.206573698150176,-0.027328843250870705,0.03638495456873425
0,2017-08-01,8568.117710813918,7.2442437467328835,0.01882224716246128,0.03767004858270795
0,2017-08-02,8356.630282366512,7.375095754356385,-0.024683067575097084,0.1308520076235018
0,2017-08-03,8093.968640827992,7.373184532721089,-0.03143152594566345,-0.001911221635296556
0,2017-08-04,8064.885518005972,7.365177873010205,-0.003593184519559145,-0.008006659710884101
0,2017-08-07,8060.873965990722,7.3649574240030224,-0.0004974096664227545,-0.00022044900718221072
0,2017-08-08,7955.361198293019,7.5681424925746335,-0.013089494779706001,0.203185068571611
0,2017-08-09,8083.56371482413,7.573742039060701,0.016115235164761543,0.005599546486067197
0,2017-08-10,8378.560936673146,7.460126160405373,0.036493461579084396,-0.1136158786553274
0,2017-08-11,8265.428855632126,7.422173036661007,-0.013502567075192928,-0.03795312374436666
0,2017-08-14,8497.318873276492,7.452706821097285,0.02805541269481182,0.030533784436278744
0,2017-08-15,8395.857857961106,7.913390082850434,-0.011940356343984604,0.46068326175314844
0,2017-08-16,8104.834276645816,7.892344899347983,-0.03466275706887245,-0.02104518350245055
0,2017-08-17,8370.057179605647,7.699854053441669,0.032724037766456604,-0.19249084590631416
0,2017-08-18,8194.299887881869,7.858874300957941,-0.020998338237404823,0.1590202475162723
0,2017-08-21,7829.543337135078,7.955415540563115,-0.04451344907283783,0.09654123960517325
0,2017-08-22,7997.12332430332,7.998361607387481,0.021403545513749123,0.04294606682436619
0,2017-08-23,7797.780896501862,7.924995863091354,-0.024926766753196716,-0.07336574429612686
0,2017-08-24,7543.852280041925,7.976492433442622,-0.03256421536207199,0.051496570351267756
0,2017-08-25,7652.186463002895,8.042789898584934,0.014360591769218445,0.06629746514231183
0,2017-08-28,7573.541284791051,8.183230654329622,-0.010277478024363518,0.14044075574468806
0,2017-08-29,7167.549038397301,8.082736183488237,-0.053606659173965454,-0.10049447084138485
0,2017-08-30,7347.532434817835,7.99414204765717,0.025110870599746704,-0.0885941358310669
0,2017-08-31,7060.665394940759,7.9579624997979375,-0.0390426367521286,-0.036179547859232386
0,2017-09-01,6916.488317575919,7.87759646902929,-0.020419757813215256,-0.08036603076864779
0,2017-09-05,6805.965889761928,7.847543148014736,-0.01597955822944641,-0.03005332101455327
0,2017-09-06,6593.049772020838,7.915758892737913,-0.031283747404813766,0.06821574472317682
0,2017-09-07,6734.742726770114,7.633647163578967,0.021491261199116707,-0.2821117291589461
0,2017-09-08,6778.416594222557,7.619008576580739,0.0064848605543375015,-0.014638586998228398
0,2017-09-11,6603.813076033946,7.8288590837165515,-0.02575874701142311,0.20985050713581277
0,2017-09-12,6928.734568301652,7.749729760339881,0.04920210316777229,-0.07912932337667034
0,2017-09-13,6771.325709930683,7.743220300911704,-0.022718269377946854,-0.0065094594281767115
0,2017-09-14,6980.12231836757,7.617397960006766,0.030835410580039024,-0.12582234090493838
0,2017-09-15,6832.3349424936805,7.691353352945798,-0.021172605454921722,0.0739553929390322
0,2017-09-18,6655.052969613511,7.634321771472105,-0.02594749443233013,-0.05703158147369347
0,2017-09-19,6544.188803916332,7.70521502697603,-0.016658645123243332,0.07089325550392545
0,2017-09-20,6759.686465149522,7.575044830072643,0.03292962163686752,-0.1301701969033875
0,2017-09-21,6562.159462531464,7.638269773726541,-0.029221326112747192,0.06322494365389808
0,2017-09-22,6661.803686852272,7.572057379807645,0.015184669755399227,-0.06621239391889588
0,2017-09-25,6836.80283141381,7.463017427385101,0.026269033551216125,-0.1090399524225436
0,2017-09-26,6705.806399500735,7.397859183186079,-0.019160481169819832,-0.06515824419902216
0,2017-09-27,6994.237223005149,7.280529467539813,0.0430121012032032,-0.11732971564626649
0,2017-09-28,7120.073051718819,7.196596545843638,0.017991358414292336,-0.08393292169617439
0,2017-09-29,7220.634937557849,7.150882360935805,0.014123715460300446,-0.0457141849078333
0,2017-10-02,7257.551428431981,7.141729484219681,0.0051126377657055855,-0.00915287671612397
0,2017-10-03,7356.407047531624,7.148455166802338,0.013621070422232151,0.006725682582657377
0,2017-10-04,7258.410224269899,7.223750338976062,-0.013321288861334324,0.07529517217372383
0,2017-10-05,7465.062857038642,7.089991023838897,0.028470784425735474,-0.13375931513716566
0,2017-10-06,7324.322807601896,7.176609600228026,-0.018853163346648216,0.08661857638912984
0,2017-10-11,7476.660495918299,7.138676712237263,0.020798876881599426,-0.03793288799076322
0,2017-10-12,7186.790469572448,7.230852577322656,-0.03876998648047447,0.09217586508539277
0,2017-10-13,7495.219063071261,7.154601047074944,0.04291604086756706,-0.07625153024771159
0,2017-10-16,7217.69918876786,7.2470210914789055,-0.03702625259757042,0.09242004440396112
0,2017-10-17,7514.33537973572,7.11590669350032,0.04109844192862511,-0.13111439797858537
0,2017-10-18,7326.673853782969,7.187321980378432,-0.024973802268505096,0.0714152868781115
0,2017-10-19,6946.896802558489,7.321111188494995,-0.05183485150337219,0.13378920811656325
0,2017-10-20,6737.467118050147,7.374675904636923,-0.03014722838997841,0.053564716141927704
0,2017-10-23,6862.89577284773,7.260191932798531,0.018616588786244392,-0.11448397183839187
0,2017-10-24,6761.407449719221,7.341440551205362,-0.014787973836064339,0.08124861840683106
0,2017-10-25,7046.83626595077,7.358131670080544,0.04221440851688385,0.016691118875182376
0,2017-10-26,6824.766703330939,7.385984228168369,-0.03151337057352066,0.027852558087825052
0,2017-10-27,6677.595213922627,7.517811559975651,-0.02156432531774044,0.13182733180728157
0,2017-10-30,6838.775834590137,7.392330097535433,0.024137524887919426,-0.1254814624402174
0,2017-10-31,6637.596605736542,7.4277476652098295,-0.029417432844638824,0.03541756767439619
0,2017-11-01,6635.4072608920615,7.528757646237553,-0.0003298399969935417,0.1010099810277234
0,2017-11-02,6370.302433499417,7.633860568513941,-0.03995306044816971,0.10510292227638818
0,2017-11-03,6573.446425590525,7.499115784157712,0.03188922256231308,-0.13474478435622927
0,2017-11-06,6842.3464916110215,7.451607044632335,0.04090701416134834,-0.0475087395253766
0,2017-11-07,6774.412424610338,7.456993156956647,-0.009928475134074688,0.005386112324312187
0,2017-11-08,7014.05589489109,7.384278815414291,0.03537479788064957,-0.07271434154235656
0,2017-11-09,7149.515378638187,7.350748173133783,0.019312575459480286,-0.03353064228050773
0,2017-11-10,7260.018716926777,7.361659674797368,0.015456059947609901,0.010911501663584566
0,2017-11-13,7207.423451452655,7.230896840092518,-0.007244508247822523,-0.13076283470484995
0,2017-11-14,7143.042757809035,7.114121647328119,-0.008932553231716156,-0.11677519276439874
0,2017-11-15,7019.679544163034,7.239530312020186,-0.017270401120185852,0.1254086646920669
0,2017-11-16,7110.4241997310155,7.168221577254149,0.012927179224789143,-0.07130873476603661
0,2017-11-17,7282.245632582393,7.172097896911964,0.024164723232388496,0.003876319657814875
0,2017-11-20,7479.272600120825,7.0424918473810685,0.02705579809844494,-0.12960604953089572
0,2017-11-21,7401.215161502885,7.104464747588614,-0.01043650135397911,0.061972900207545756
0,2017-11-22,7509.913609100064,7.028774768560842,0.014686567708849907,-0.0756899790277723
0,2017-11-24,7652.369463481438,7.031359997618985,0.018969040364027023,0.002585229058142957
0,2017-11-27,7639.83610531829,7.085987228859672,-0.0016378401778638363,0.054627231240687024
0,2017-11-28,7738.161135565211,7.0009904600939095,0.012870044447481632,-0.08499676876576245
0,2017-11-29,7700.469442161669,7.0349884514491805,-0.0048708850517869,0.03399799135527104
0,2017-11-30,7809.411349832668,7.0792332745083835,0.014147437177598476,0.044244823059202965
0,2017-12-01,7811.7254551336655,6.998306506249103,0.00029632262885570526,-0.08092676825928002
0,2017-12-04,8016.678362122748,6.949060148243112,0.026236573234200478,-0.0492463580059912
0,2017-12-05,8201.96991887658,6.976601524533835,0.023113258183002472,0.027541376290722397
0,2017-12-06,8073.171832869368,7.053045236254657,-0.015703311190009117,0.0764437117208221
0,2017-12-07,8085.325212499331,7.089938450875549,0.0015054033137857914,0.03689321462089268
0,2017-12-08,8095.050183940292,7.019742589331311,0.0012027928605675697,-0.07019586154423862
0,2017-12-11,8147.362326982599,7.10621747654759,0.006462238263338804,0.08647488721627905
0,2017-12-12,7974.835063664237,7.151250367148549,-0.021175842732191086,0.04503289060095916
0,2017-12-13,8011.940027479377,7.228303128120474,0.00465275626629591,0.0770527609719247
0,2017-12-14,7789.6796496243705,7.447028317900732,-0.027741143479943275,0.21872518978025823
0,2017-12-15,7576.777243878392,7.505452189132968,-0.027331342920660973,0.058423871232236024
0,2017-12-18,7386.52093222207,7.533166291511728,-0.025110453367233276,0.027714102378760153
0,2017-12-19,7536.930410091978,7.122042036650509,0.020362695679068565,-0.4111242548612193
0,2017-12-20,7880.686881901958,6.974280593301285,0.04560961201786995,-0.14776144334922403
0,2017-12-21,7553.955159913263,7.14765151490505,-0.04145980253815651,0.1733709216037651
0,2017-12-22,7360.175004553877,7.074664209758445,-0.02565280720591545,-0.07298730514660523
0,2017-12-26,7739.577144304702,6.886037152372892,0.051547978073358536,-0.18862705738555263
0,2017-12-27,7604.137354839462,6.8971387551093155,-0.017499636858701706,0.011101602736423466
0,2017-12-28,7822.445667085735,6.732111183187255,0.02870914898812771,-0.1650275719220602
0,2017-12-29,7581.076820658365,6.8597199234470745,-0.030855931341648102,0.12760874025981916
0,2018-01-02,7591.739200111346,6.801870296029799,0.0014064465649425983,-0.057849627417275507
0,2018-01-03,7840.955408589017,6.931957024555633,0.032827287912368774,0.1300867285258338
0,2018-01-04,7738.1083166999415,6.864568391706692,-0.013116653077304363,-0.06738863284894059
0,2018-01-05,7850.965949197354,6.8240162020922455,0.01458465401083231,-0.04055218961444673
0,2018-01-08,8079.048793908588,6.7876053032661865,0.029051564633846283,-0.03641089882605897
0,2018-01-09,7957.660603520993,6.951838634543653,-0.015025059692561626,0.1642333312774662
0,2018-01-10,7775.888672134467,6.977000247802732,-0.02284238301217556,0.02516161325907973
0,2018-01-11,8025.378506111665,7.029429655476472,0.032085057348012924,0.05242940767373927
0,2018-01-12,8198.707103893794,7.100370110317857,0.02159756049513817,0.07094045484138523
0,2018-01-16,8111.7229123363095,7.079334098661117,-0.010609501041471958,-0.021036011656740072
0,2018-01-17,8265.079074341053,7.015119554695379,0.01890549808740616,-0.064214543965738
0,2018-01-18,8384.311293246987,6.9964666355418,0.01442602276802063,-0.018652919153578473
0,2018-01-19,8184.805643252566,7.40908245488157,-0.0237951148301363,0.41261581933977
0,2018-01-22,7764.26230197342,7.580107718400579,-0.051380980759859085,0.1710252635190086
0,2018-01-23,8194.020193521517,7.281779899960381,0.05535076931118965,-0.29832781844019785
0,2018-01-24,8046.106208389287,7.2369307995532415,-0.018051454797387123,-0.04484910040713963
0,2018-01-25,8325.583853945092,7.146705930718435,0.03473452106118202,-0.09022486883480685
0,2018-01-26,8427.016453050466,7.201589346929033,0.012183241546154022,0.05488341621059867
0,2018-01-29,8106.034269418559,7.364541828055932,-0.03808965906500816,0.16295248112689897
0,2018-01-30,8320.440919865767,7.126348491568153,0.026450252160429955,-0.23819333648777885
0,2018-01-31,8000.970626959914,7.184156305788646,-0.03839583694934845,0.057807814220492304
0,2018-02-01,7656.133745301884,7.261885130029373,-0.043099381029605865,0.07772882424072769
0,2018-02-02,7385.037821353948,7.450423596081633,-0.03540898486971855,0.18853846605225932
0,2018-02-05,7300.297465912835,7.534442227214702,-0.011474600061774254,0.08401863113306884
0,2018-02-06,7016.805369672694,7.54526847550547,-0.038832951337099075,0.01082624829076817
0,2018-02-07,6876.226807213283,7.544473698290659,-0.020034553483128548,-0.0007947772148106935
0,2018-02-08,6574.59687317555,7.653229677340035,-0.043865617364645004,0.10875597904937617
0,2018-02-09,6653.942400419899,7.674062251427055,0.012068500742316246,0.020832574087020106
0,2018-02-12,6785.735374849455,7.634696210139696,0.019806750118732452,-0.03936604128735954
0,2018-02-13,6575.642895670968,7.7717934865861125,-0.030960900709033012,0.13709727644641667
0,2018-02-14,6350.843325584696,7.890825545669228,-0.0341867059469223,0.1190320590831151
0,2018-02-15,6534.957186706689,7.625243305603294,0.028990458697080612,-0.26558224006593356
0,2018-02-16,6784.775320385087,7.51392514568767,0.03822796791791916,-0.11131815991562366
0,2018-02-20,6569.614229943118,7.275666954306641,-0.03171233832836151,-0.23825819138102933
0,2018-02-21,6844.524420286765,7.019463597383161,0.041845712810754776,-0.2562033569234803
0,2018-02-22,6767.0210443065525,7.227265865217262,-0.011323412880301476,0.2078022678341016
0,2018-02-23,6596.927853370153,6.994626328642929,-0.02513560838997364,-0.23263953657433323
0,2018-02-26,6545.773214162099,6.995481966954839,-0.007754312362521887,0.0008556383119096012
0,2018-02-27,6699.678898495005,6.902600423594977,0.0235122237354517,-0.09288154335986132
0,2018-02-28,6577.198114444613,6.912444078054426,-0.018281590193510056,0.009843654459448459
0,2018-03-01,6472.356723063347,6.8948066026169945,-0.01594012975692749,-0.017637475437431327
0,2018-03-02,6295.096862900532,7.0422115099615255,-0.027387220412492752,0.14740490734453093
0,2018-03-05,6196.686738910374,7.2552134697799024,-0.01563282124698162,0.213001959818377
0,2018-03-06,6280.794034579059,7.284299918835586,0.013572946190834045,0.029086449055683694
0,2018-03-07,6455.138084552164,7.204179081225788,0.02775828167796135,-0.08012083760979838
0,2018-03-08,6377.464624581046,7.204537700981084,-0.012032811529934406,0.00035861975529627443
0,2018-03-09,6411.8916553806885,7.253213363464421,0.00539823155850172,0.04867566248333688
0,2018-03-12,6440.453316554774,7.237757743092189,0.004454482812434435,-0.015455620372232026
0,2018-03-13,6205.127059409105,7.344872312857365,-0.03653877228498459,0.10711456976517653
0,2018-03-14,6351.596472962642,7.302123123040987,0.023604579269886017,-0.04274918981637832
0,2018-03-15,6474.578371965091,7.216275282374904,0.01936236023902893,-0.08584784066608275
0,2018-03-16,6656.7862314069525,7.174126954743027,0.028142042458057404,-0.04214832763187726
0,2018-03-19,6519.744975307009,7.211797763910126,-0.02058669924736023,0.03767080916709897
0,2018-03-20,6492.255013459587,7.177455425616095,-0.004216416738927364,-0.03434233829403066
0,2018-03-21,6335.304401417757,7.181750443987109,-0.02417505346238613,0.004295018371013981
0,2018-03-22,6542.331937120059,7.098491604418391,0.03267838805913925,-0.08325883956871838
0,2018-03-23,6465.263697596483,7.058698732562854,-0.011779934167861938,-0.03979287185553737
0,2018-03-26,6302.266616615334,7.140148161087525,-0.02521120384335518,0.08144942852467096
0,2018-03-27,6499.313966273654,6.846828004317542,0.03126610815525055,-0.29332015676998235
0,2018-03-28,6458.247816213446,6.961050703810701,-0.0063185361213982105,0.11422269949315833
0,2018-03-29,6618.022926084071,6.850654776278133,0.024739699438214302,-0.11039592753256766
0,2018-04-02,6549.824893203435,6.933894728268847,-0.010304895229637623,0.08323995199071366
0,2018-04-03,6427.342399764238,6.9944790413390185,-0.018700117245316505,0.06058431307017198
0,2018-04-04,6592.3724410265295,6.938714665510108,0.025676248595118523,-0.05576437582891014
0,2018-04-05,6571.6147071874,6.959937375068656,-0.0031487501692026854,0.02122270955854777
0,2018-04-06,6681.949038236812,6.895068309270204,0.016789531335234642,-0.06486906579845186
0,2018-04-09,6745.855803689495,6.70756479029341,0.009564090520143509,-0.1875035189767944
0,2018-04-10,6649.134931141287,6.790494646888322,-0.014337820932269096,0.08292985659491237
0,2018-04-11,6629.475359277205,6.7965330588414625,-0.00295671122148633,0.006038411953140255
0,2018-04-12,6627.169485934897,6.821245547098562,-0.00034782139118760824,0.024712488257099707
0,2018-04-13,6824.135770751506,6.792849999040267,0.029721027240157127,-0.02839554805829536
0,2018-04-16,6787.7023619322845,6.76498395762167,-0.005338904447853565,-0.027866041418596943
0,2018-04-17,6616.873743679909,6.712802759916692,-0.025167370215058327,-0.052181197704977755
0,2018-04-18,6924.197729191089,6.637638640903483,0.04644549638032913,-0.07516411901320907
0,2018-04-19,6727.5481263978345,6.723989022333271,-0.028400344774127007,0.08635038142978768
0,2018-04-20,6897.692914078322,6.534465781476909,0.025290757417678833,-0.18952324085636185
0,2018-04-23,6734.227235874135,6.592450044447839,-0.023698601871728897,0.057984262970929734
0,2018-04-24,6944.902335904568,6.59616225540235,0.03128422796726227,0.0037122109545109083
0,2018-04-25,6624.500191878598,6.682464976949708,-0.046134866774082184,0.08630272154735863
0,2018-04-26,6498.4911145922515,6.811768847176752,-0.019021673128008842,0.12930387022704348
0,2018-04-27,6426.191726003331,6.744702503633685,-0.011125565506517887,-0.06706634354306651
0,2018-04-30,6344.181793294209,6.790817430496053,-0.012761824764311314,0.04611492686236751
0,2018-05-01,6263.618407876085,6.829933934647037,-0.012698782607913017,0.039116504150984
0,2018-05-02,6330.795452431334,6.798953526022853,0.010724958032369614,-0.03098040862418383
0,2018-05-03,6450.101741504026,6.692417754758196,0.018845386803150177,-0.10653577126465663
0,2018-05-04,6501.776751892292,6.694231493254535,0.008011503145098686,0.0018137384963390346
0,2018-05-07,6714.999086428015,6.68578967198816,0.03279447183012962,-0.008441821266375271
0,2018-05-08,6813.397270394813,6.652129109061837,0.014653491787612438,-0.03366056292632269
0,2018-05-09,6868.090367092604,6.667738658457361,0.00802728720009327,0.015609549395523281
0,2018-05-10,6992.457741389777,6.666190427584268,0.018107999116182327,-0.0015482308730927485
0,2018-05-11,6860.370429919155,6.760860173757996,-0.01888996921479702,0.09466974617372781
0,2018-05-14,6803.697671443883,6.772817638475125,-0.00826088897883892,0.01195746471712944
0,2018-05-15,6667.145941016308,6.718075656903323,-0.02007022313773632,-0.054741981571802434
0,2018-05-16,6864.183233705857,6.765707572541033,0.029553469270467758,0.04763191563771052
0,2018-05-17,6818.763573480436,6.668733229491639,-0.006616906728595495,-0.09697434304939456
0,2018-05-18,6990.041905551829,6.675599301683384,0.02511867880821228,0.006866072191745509
0,2018-05-21,6993.905082937698,6.722673179988667,0.0005526687018573284,0.04707387830528287
0,2018-05-22,6979.967061925864,6.7951175525801775,-0.001992881065234542,0.07244437259151049
0,2018-05-23,6970.842811196685,6.795140587050923,-0.001307205413468182,2.3034470745919577e-05
0,2018-05-24,6945.297258000742,6.869890027351966,-0.003664629068225622,0.07474944030104247
0,2018-05-25,7111.5013789021295,6.7868911875501485,0.02393045462667942,-0.08299883980181733
0,2018-05-29,7196.337603507969,6.778519340442096,0.011929439380764961,-0.0083718471080525
0,2018-05-30,7259.469920393213,6.75322752571799,0.008772839792072773,-0.025291814724106132
0,2018-05-31,7169.237656175475,6.769739763992591,-0.012429594062268734,0.016512238274601465
0,2018-06-01,7060.352502015697,6.790605302784586,-0.015187828801572323,0.02086553879199471
0,2018-06-04,7032.854815286295,6.81884944073717,-0.003894662018865347,0.028244137952583515
0,2018-06-05,7189.3448895527745,6.762072404373348,0.02225128747522831,-0.05677703636382159
0,2018-06-06,7308.904936877929,6.662925110765382,0.016630172729492188,-0.09914729360796581
0,2018-06-07,7423.046729828394,6.612916755030133,0.01561681181192398,-0.05000835573524931
0,2018-06-08,7362.1289318798945,6.62485659800091,-0.008206576108932495,0.011939842970777548
0,2018-06-11,7076.788893685878,6.739261925760345,-0.0387578159570694,0.11440532775943435
0,2018-06-12,7223.727547040568,6.651790265440932,0.020763464272022247,-0.08747166031941234
0,2018-06-13,6884.539918343717,6.698029488056295,-0.04695465415716171,0.04623922261536251
0,2018-06-14,6758.659422414618,6.6420788386730525,-0.018284518271684647,-0.05595064938324246
0,2018-06-15,6661.116938977205,6.547262350237437,-0.01443222351372242,-0.0948164884356153
0,2018-06-18,6809.683627316339,6.538312139710198,0.022303570061922073,-0.008950210527238767
0,2018-06-19,6706.46053755132,6.65314938336409,-0.015158279798924923,0.11483724365389136
0,2018-06-20,6855.855370905359,6.529578318831811,0.02227625623345375,-0.12357106453227917
0,2018-06-21,6689.118255674028,6.650114139509301,-0.024320395663380623,0.12053582067749069
0,2018-06-22,6687.940870008131,6.60217903668538,-0.0001760150771588087,-0.04793510282392166
0,2018-06-25,6907.244963735741,6.4611409331755265,0.03279097378253937,-0.14103810350985313
0,2018-06-26,7052.60342657288,6.462751104963485,0.021044347435235977,0.0016101717879584143
0,2018-06-27,7315.877333903038,6.413553299055947,0.037330031394958496,-0.04919780590753753
0,2018-06-28,7472.7324099969655,6.439086030071171,0.02144036442041397,0.025532731015223575
0,2018-06-29,7293.907361265143,6.51486112040755,-0.023930342867970467,0.07577509033637941
0,2018-07-02,7184.069273887278,6.440912750258831,-0.015058881603181362,-0.07394837014871936
0,2018-07-03,7261.80448605431,6.489519708195608,0.010820498690009117,0.048606957936777384
0,2018-07-05,6910.9317918399365,6.422984881943694,-0.0483175627887249,-0.06653482625191476
0,2018-07-06,6817.664415817809,6.406755213818437,-0.013495629653334618,-0.016229668125256502
0,2018-07-09,6927.051799603539,6.449476568642157,0.016044700518250465,0.04272135482371997
0,2018-07-10,6651.496477331492,6.537248800299444,-0.03977959603071213,0.08777223165728731
0,2018-07-11,6952.44870820097,6.524331546272889,0.04524579271674156,-0.012917254026555192
0,2018-07-12,6867.411833371745,6.44605983439163,-0.012231212109327316,-0.07827171188125881
0,2018-07-13,6668.521540340236,6.701993291086648,-0.028961462900042534,0.25593345669501755
0,2018-07-16,6453.167873861646,6.692372064736483,-0.03229406476020813,-0.00962122635016538
0,2018-07-17,6569.870572818347,6.65739078802054,0.018084559589624405,-0.034981276715942755
0,2018-07-18,6771.392538995768,6.645607671516395,0.030673658475279808,-0.01178311650414443
0,2018-07-19,6549.961555640141,6.621628513995397,-0.032700952142477036,-0.023979157520998662
0,2018-07-20,6788.991813604702,6.525701766185503,0.03649338334798813,-0.09592674780989352
0,2018-07-23,7034.304061012288,6.463948074545455,0.03613382577896118,-0.06175369164004785
0,2018-07-24,7334.57987979244,6.442679386946671,0.04268735274672508,-0.021268687598784197
0,2018-07-25,7205.945253551035,6.453663141307418,-0.017538104206323624,0.010983754360746723
0,2018-07-26,7249.46678973803,6.56616333827189,0.006039670668542385,0.11250019696447211
0,2018-07-27,7169.460457404773,6.466278764719474,-0.011036167852580547,-0.09988457355241565
0,2018-07-30,7414.40055076452,6.4438756491240445,0.034164369106292725,-0.022403115595429846
0,2018-07-31,7191.962172620209,6.504324054917684,-0.030000858008861542,0.06044840579363964
0,2018-08-01,7328.500003585959,6.5382748003607425,0.018984781578183174,0.03395074544305832
0,2018-08-02,7134.07420635246,6.447252783404054,-0.02653009444475174,-0.09102201695668821
0,2018-08-03,7219.006719069129,6.4755455079607085,0.011905190534889698,0.028292724556654214
0,2018-08-06,6716.254468493145,6.652859841132978,-0.06964285671710968,0.1773143331722693
0,2018-08-07,6558.39373340062,6.761673321912151,-0.023504281416535378,0.10881348077917341
0,2018-08-08,6530.7446450401685,6.488259833218331,-0.004215832334011793,-0.2734134886938202
0,2018-08-09,6807.869019129187,6.439101984786772,0.042433809489011765,-0.049157848431558904
0,2018-08-10,6640.968104669527,6.478223389633756,-0.02451588213443756,0.03912140484698412
0,2018-08-13,6911.934234181733,6.35414272444456,0.04080220311880112,-0.12408066518919636
0,2018-08-14,7069.18312946992,6.318920727070444,0.02275034599006176,-0.03522199737411569
0,2018-08-15,6972.580135028868,6.262835553898883,-0.013665368780493736,-0.05608517317156103
0,2018-08-16,6873.6100822253,6.294441559902313,-0.014194179326295853,0.031606006003429776
0,2018-08-17,6688.562691013054,6.2595624083217904,-0.026921426877379417,-0.03487915158052246
0,2018-08-20,6900.827088561003,6.229925548079564,0.03173542767763138,-0.02963686024222678
0,2018-08-21,6789.626195227242,6.226621227717703,-0.016114139929413795,-0.0033043203618605688
0,2018-08-22,6986.04381483333,6.248326424586404,0.028929077088832855,0.02170519686870076
0,2018-08-23,6980.012116268785,6.207106838533127,-0.0008633926045149565,-0.04121958605327691
0,2018-08-24,7083.24114168872,6.177168111833729,0.014789232984185219,-0.02993872669939801
0,2018-08-27,6962.211110069977,6.1537226393315665,-0.01708681508898735,-0.023445472502162445
0,2018-08-28,6850.0098226565615,6.080506864904094,-0.01611575484275818,-0.07321577442747262
0,2018-08-29,6565.463217607909,6.148033494207017,-0.04153959080576897,0.06752662930292352
0,2018-08-30,6377.9936659833575,6.1187399666310345,-0.02855389565229416,-0.029293527575982914
0,2018-08-31,6525.106727992308,6.035465643302993,0.023065727204084396,-0.08327432332804108
0,2018-09-04,6351.766936899387,5.972848861396402,-0.026565050706267357,-0.06261678190659126
0,2018-09-05,6145.854164063658,6.0436775987901346,-0.03241818770766258,0.07082873739373241
0,2018-09-06,5809.415840308843,6.099734823337625,-0.054742321372032166,0.05605722454749085
0,2018-09-07,5935.108934373386,5.966198315080172,0.021636098623275757,-0.13353650825745333
0,2018-09-10,6070.104093763916,5.9640386829742456,0.02274518646299839,-0.0021596321059265122
0,2018-09-11,5889.024208741395,5.926901996762056,-0.029831429943442345,-0.037136686212189574
0,2018-09-12,5796.365982961014,6.061599628055868,-0.015734054148197174,0.13469763129381196
0,2018-09-13,5862.146360333518,6.043909520373956,0.011348554864525795,-0.01769010768191226
0,2018-09-14,5910.882932016691,5.9736597850626145,0.00831377599388361,-0.07024973531134115
0,2018-09-17,5863.070408904748,6.034314666949416,-0.008088896982371807,0.06065488188680135
0,2018-09-18,5745.385461198902,6.016242185915504,-0.02007223851978779,-0.01807248103391146
0,2018-09-19,5779.752724543781,6.034291774016208,0.005981715861707926,0.018049588100703673
0,2018-09-20,5904.805047244853,5.963573346367023,0.021636275574564934,-0.07071842764918479
0,2018-09-21,5675.4882682601465,5.928805741491696,-0.03883562237024307,-0.03476760487532715
0,2018-09-24,5533.494256376103,6.038323047620739,-0.02501881867647171,0.10951730612904242
0,2018-09-25,5625.26211467854,5.9386260803051565,0.016584070399403572,-0.09969696731558209
0,2018-09-26,5671.678762476781,5.848495958046728,0.008251463994383812,-0.09013012225842854
0,2018-09-27,5840.926706347662,5.798776020959291,0.02984089031815529,-0.049719937087436605
0,2018-09-28,5633.016005734915,5.823748037732777,-0.035595498979091644,0.024972016773485706
0,2018-10-01,5537.231425012862,5.771598062504458,-0.017004137858748436,-0.052149975228319434
0,2018-10-02,5402.273883480624,5.748437205055443,-0.024372747167944908,-0.02316085744901475
0,2018-10-03,5254.638221199982,5.828456556084845,-0.027328429743647575,0.08001935102940205
0,2018-10-04,5031.297615600145,5.889104769130768,-0.042503517121076584,0.060648213045922716
0,2018-10-05,4891.585652149547,5.8993379361665435,-0.027768574655056,0.010233167035775814
0,2018-10-10,5107.946422115527,5.758177612137517,0.04423121362924576,-0.141160324029026
0,2018-10-11,5153.7164918390035,5.772976756240746,0.008960561826825142,0.014799144103228912
0,2018-10-12,5080.228374850628,5.8092315220774795,-0.014259247109293938,0.03625476583673315
0,2018-10-15,5016.49439841265,5.796739058978967,-0.012545494362711906,-0.012492463098512374
0,2018-10-16,5077.012558191581,5.8078700944276855,0.012063834816217422,0.011131035448718407
0,2018-10-17,5066.94295822154,5.809673039169032,-0.0019833710975944996,0.0018029447413461241
0,2018-10-18,5152.201162281885,5.763065545205166,0.016826359555125237,-0.0466074939638661
0,2018-10-19,5102.716579183266,5.822216225144254,-0.009604551829397678,0.059150679939088846
0,2018-10-22,5171.562204636418,5.880720579726524,0.01349195558577776,0.058504354582269436
0,2018-10-23,5070.583691535392,5.784780386341757,-0.01952572725713253,-0.09594019338476656
0,2018-10-24,5082.053063754547,5.757681044829576,0.002261943183839321,-0.027099341512180963
0,2018-10-25,5087.316256062535,5.783944922156509,0.001035642926581204,0.026263877326933027
0,2018-10-26,5024.7411168573235,5.789627489232622,-0.012300225906074047,0.005682567076112477
0,2018-10-29,5078.79885629701,5.69626272047396,0.010758313350379467,-0.0933647687586614
0,2018-10-30,5037.1282939409,5.753910586229931,-0.008204806596040726,0.05764786575597025
0,2018-10-31,5100.522679309836,5.799196776223483,0.012585422024130821,0.045286189993552384
0,2018-11-01,5039.905663394508,5.792454561867872,-0.011884471401572227,-0.006742214355610621
0,2018-11-02,5000.885682062731,5.8256095855949415,-0.007742204703390598,0.03315502372706902
0,2018-11-05,4928.663470531066,5.771791749954424,-0.014441884122788906,-0.05381783564051723
0,2018-11-06,4744.1838009648445,5.762719295188282,-0.03742995858192444,-0.009072454766141824
0,2018-11-07,4857.925323799595,5.731201412827814,0.023974940180778503,-0.03151788236046826
0,2018-11-08,4895.522613183265,5.759710912446861,0.007739371620118618,0.02850949961904714
0,2018-11-09,4980.497058601394,5.615593169301513,0.017357584089040756,-0.14411774314534842
0,2018-11-14,5133.273015244735,5.585260362094643,0.03067484125494957,-0.030332807206869816
0,2018-11-15,5231.782916673857,5.6015187318707484,0.019190466031432152,0.016258369776105397
0,2018-11-16,5424.024685796739,5.590836416249144,0.03674498200416565,-0.010682315621604488
0,2018-11-19,5494.364731243608,5.627506302616151,0.012968238443136215,0.03666988636700719
0,2018-11-20,5436.157046907511,5.6047490132207,-0.010594069957733154,-0.022757289395451075
0,2018-11-21,5374.468125133336,5.527878211844871,-0.011347891762852669,-0.07687080137582925
0,2018-11-23,5329.377858710251,5.570554040014159,-0.00838971696794033,0.04267582816928783
0,2018-11-26,5338.034498845731,5.513056719361633,0.0016243247082456946,-0.05749732065252555
0,2018-11-27,5316.376037594324,5.606796813105006,-0.0040573850274086,0.09374009374337255
0,2018-11-28,5267.0210854581255,5.622116928220185,-0.009283570572733879,0.015320115115179611
0,2018-11-29,5346.967417173371,5.632668558367455,0.015178661793470383,0.010551630147269897
0,2018-11-30,5468.530321186956,5.592926686985361,0.022734925150871277,-0.03974187138209384
0,2018-12-03,5406.37981622706,5.630022832865795,-0.01136512029916048,0.03709614588043397
0,2018-12-04,5500.843401746386,5.652494621351935,0.017472613602876663,0.022471788486139843
0,2018-12-06,5531.450957624497,5.648219476958044,0.005564156919717789,-0.004275144393891317
0,2018-12-07,5401.273451227579,5.671110001651251,-0.023534061387181282,0.022890524693207404
0,2018-12-10,5270.755346277869,5.479557979385694,-0.024164320901036263,-0.19155202226555712
0,2018-12-11,5314.535292673459,5.514202694975357,0.008306199684739113,0.0346447155896632
0,2018-12-12,5454.334268868172,5.424641773954774,0.026305023580789566,-0.089560921020583
0,2018-12-13,5339.361909330323,5.4375147107127635,-0.021079082041978836,0.012872936757989173
0,2018-12-14,5331.81489565413,5.4700870519480524,-0.0014134673401713371,0.03257234123528896
0,2018-12-17,5552.915837367394,5.449698451306109,0.04146823287010193,-0.02038860064194381
0,2018-12-18,5479.685571876413,5.4415851061972065,-0.013187713921070099,-0.008113345108902159
0,2018-12-19,5639.895528285044,5.398483983029034,0.02923707105219364,-0.043101123168172606
0,2018-12-20,5695.515684935986,5.368151667545755,0.009861912578344345,-0.030332315483279082
0,2018-12-21,5798.196936859758,5.38958111757484,0.018028438091278076,0.021429450029085473
0,2018-12-24,5851.749842540523,5.403921474522538,0.009236130863428116,0.014340356947697863
0,2018-12-26,5814.932158802449,5.4308763050475495,-0.006291739176958799,0.026954830525011353
0,2018-12-27,5841.348875128049,5.348900020086355,0.004542910493910313,-0.08197628496119425
0,2018-12-28,5797.713283240672,5.56753198879185,-0.007470122538506985,0.21863196870549473
0,2018-12-31,5800.323647086224,5.649373925125851,0.00045024024439044297,0.08184193633400128
0,2019-01-02,5668.200737949673,5.624288147250535,-0.02277854084968567,-0.025085777875315962
0,2019-01-03,5822.295328159046,5.637013456127437,0.027185803279280663,0.012725308876901487
0,2019-01-04,5796.466762458952,5.614845298923345,-0.004436148330569267,-0.022168157204092154
0,2019-01-07,6000.888742676728,5.474198516030139,0.03526665270328522,-0.14064678289320565
0,2019-01-08,5838.219340875178,5.543725938527963,-0.02710755169391632,0.06952742249782418
0,2019-01-09,5881.470591015592,5.458302973390146,0.007408294826745987,-0.08542296513781711
0,2019-01-10,5757.659310673424,5.523308215638139,-0.021051075309515,0.06500524224799253
0,2019-01-11,5962.706598028225,5.619555451645801,0.035612959414720535,0.09624723600766227
0,2019-01-14,6062.897202488541,5.619323309596611,0.016802873462438583,-0.00023214204918975412
0,2019-01-15,6152.355580393538,5.661753969577923,0.014755054377019405,0.04243065998131179
0,2019-01-16,6193.468640757414,5.749154380191986,0.0066824909299612045,0.08740041061406334
0,2019-01-17,6392.293585823605,5.716270046026653,0.03210235759615898,-0.032884334165332874
0,2019-01-18,6396.782492458598,5.7418838726236,0.000702237244695425,0.025613826596946332
0,2019-01-22,6364.943701651489,5.769834536189419,-0.004977313335984945,0.027950663565819767
0,2019-01-23,6412.950686617756,5.752725198295978,0.007542405277490616,-0.017109337893441712
0,2019-01-24,6403.80181341064,5.74154123764392,-0.0014266245998442173,-0.0111839606520574
0,2019-01-25,6433.749176846462,5.880431937759633,0.004676497541368008,0.13889070011571292
0,2019-01-28,6326.786286174271,5.986454287211026,-0.016625281423330307,0.10602234945139255
0,2019-01-29,6442.975450162598,5.960032323664745,0.018364641815423965,-0.026421963546281013
0,2019-01-30,6409.190200791804,5.890578175036954,-0.005243733990937471,-0.06945414862779042
0,2019-01-31,6527.074857754071,5.894115671163327,0.01839306578040123,0.0035374961263725524
0,2019-02-01,6534.51753424749,5.913197223525743,0.0011402774835005403,0.019081552362416154
0,2019-02-04,6625.139954105243,5.906386417680121,0.013868264853954315,-0.006810805845621992
0,2019-02-05,6678.655518048183,6.025162457828818,0.00807765033096075,0.11877604014869725
0,2019-02-06,6747.420542477777,6.086379604089041,0.010296237654983997,0.06121714626022268
0,2019-02-07,6803.263474720626,6.103154562668789,0.008276189677417278,0.016774958579747867
0,2019-02-08,6853.938723349655,6.244575140435154,0.007448667660355568,0.14142057776636552
0,2019-02-11,6879.857133870421,6.24076365804309,0.0037815351970493793,-0.0038114823920647467
0,2019-02-12,6926.812178359243,6.212203202479971,0.00682500284165144,-0.02856045556311848
0,2019-02-13,7033.165472200393,6.23818415487611,0.015353858470916748,0.025980952396138512
0,2019-02-14,7023.064896871857,6.187492071852248,-0.001436135033145547,-0.0506920830238613
0,2019-02-15,7166.250016969529,6.108280930663755,0.020387839525938034,-0.0792111411884937
0,2019-02-19,7266.145206097174,5.987459249082962,0.013939674012362957,-0.12082168158079298
0,2019-02-20,7258.981607867345,6.011625837965975,-0.000985887018032372,0.024166588883013596
0,2019-02-21,7153.230789021616,6.099455822198994,-0.014568272046744823,0.0878299842330188
0,2019-02-22,7183.107524997856,6.033547338828114,0.004176677204668522,-0.06590848337088051
0,2019-02-25,7108.853322377916,6.020920046579488,-0.010337336920201778,-0.012627292248625466
0,2019-02-26,7037.278657334447,6.059908645536141,-0.010068383999168873,0.038988598956652964
0,2019-02-27,6915.799235234454,6.0372301957741845,-0.017262272536754608,-0.022678449761956543
0,2019-02-28,6913.198876934493,5.978735354150355,-0.0003760025720112026,-0.058494841623829785
0,2019-03-01,6934.5364015936375,5.8246535641834,0.0030864907894283533,-0.15408178996695465
0,2019-03-04,6940.507524484376,5.820466651268913,0.000861070235259831,-0.004186912914486918
0,2019-03-05,6623.556788613454,5.913174630680564,-0.04566679522395134,0.09270797941165121
0,2019-03-06,6334.434800387461,5.926809173722108,-0.043650563806295395,0.013634543041543878
0,2019-03-07,6449.732963333039,5.9102230422949384,0.018201807513833046,-0.016586131427169803
0,2019-03-08,6396.5074154546,5.872303807240471,-0.008252364583313465,-0.03791923505446704
0,2019-03-11,6614.722774689274,5.795206576330742,0.034114766865968704,-0.07709723090972975
0,2019-03-12,6480.869693706699,5.826553642950075,-0.020235629752278328,0.0313470666193334
0,2019-03-13,6603.093543596219,5.657352178591659,0.018859174102544785,-0.16920146435841588
0,2019-03-14,6527.939183413715,5.576199031347333,-0.011381689459085464,-0.08115314724432654
0,2019-03-15,6678.442294060463,5.471829013058089,0.023055225610733032,-0.1043700182892433
0,2019-03-18,6597.523599903133,5.45072335194533,-0.012116402387619019,-0.021105661112759577
0,2019-03-19,6650.824027187495,5.427052398719408,0.008078853599727154,-0.023670953225921387
0,2019-03-20,6468.9186438642855,5.322394206642202,-0.027350803837180138,-0.10465819207720628
0,2019-03-21,6242.6484552168995,5.399307236153937,-0.03497805446386337,0.07691302951173462
0,2019-03-22,6515.948784517233,5.3042188928585094,0.04377954825758934,-0.09508834329542726
0,2019-03-25,6361.705723595522,5.350962056710386,-0.023671619594097137,0.04674316385187627
0,2019-03-26,6598.6204229409195,5.43637025630448,0.03724075108766556,0.08540819959409429
0,2019-03-27,6645.075294898446,5.374868851022691,0.007040088530629873,-0.06150140528178927
0,2019-03-28,6851.518732546681,5.326501037074912,0.0310671329498291,-0.04836781394777834
0,2019-03-29,6780.117681040575,5.256277608377023,-0.010421200655400753,-0.07022342869788911
0,2019-04-01,6862.868594508194,5.241107495549265,0.012204937636852264,-0.015170112827758153
0,2019-04-02,6995.767479689236,5.257054233132522,0.019364917650818825,0.015946737583257153
0,2019-04-03,6947.3306906691005,5.290645362339638,-0.0069237276911735535,0.0335911292071156
0,2019-04-04,7159.5272788581005,5.2801236620759,0.03054361417889595,-0.010521700263738332
0,2019-04-05,6959.3308893436215,5.272372129832036,-0.02796223573386669,-0.0077515322438639345
0,2019-04-08,6924.7666191435155,5.28471049281408,-0.004966608248651028,0.01233836298204416
0,2019-04-09,6971.409113107128,5.283909479869494,0.0067356051877141,-0.0008010129445858993
0,2019-04-10,7068.653352695372,5.338254416151712,0.013949007727205753,0.05434493628221837
0,2019-04-11,7063.2561766974195,5.3520636177156655,-0.0007635366637259722,0.013809201563953266
0,2019-04-12,6588.129066419548,5.164635606147265,-0.06726743280887604,-0.18742801156840017
0,2019-04-15,6951.053922652092,5.463265580233769,0.05508769676089287,0.29862997408650394
0,2019-04-16,6541.938114755539,5.241658023532585,-0.05885665863752365,-0.22160755670118437
0,2019-04-17,6562.237798198761,5.221727720198094,0.003103007562458515,-0.019930303334491306
0,2019-04-18,6965.377821778806,5.4737525943683485,0.06143331527709961,0.2520248741702549
0,2019-04-22,6648.027018373227,5.370576177666996,-0.04556117579340935,-0.10317641670135291
0,2019-04-23,6363.767589030697,5.244299591946696,-0.04275846481323242,-0.12627658572029965
0,2019-04-24,5652.109949826451,4.888639250609591,-0.11182960867881775,-0.35566034133710467
0,2019-04-25,6048.937612249045,5.1193761684395795,0.07020876556634903,0.2307369178299883
0,2019-04-26,5857.087522196198,5.176275818715211,-0.031716328114271164,0.05689965027563115
0,2019-04-29,6013.472126145059,5.317307240896112,0.026700062677264214,0.1410314221809017
0,2019-04-30,6141.685133321392,5.319385803608367,0.02132096141576767,0.0020785627122545947
0,2019-05-01,5751.754145319288,5.325457397970572,-0.06348925083875656,0.006071594362205168
0,2019-05-02,5502.787618270713,5.32137384487899,-0.043285321444272995,-0.004083553091581926
0,2019-05-03,5396.480506018435,5.354595282786988,-0.019318774342536926,0.03322143790799803
0,2019-05-06,5233.678141948271,5.34333831832225,-0.03016824834048748,-0.011256964464738672
0,2019-05-07,5259.573515996488,5.31670636502124,0.004947834648191929,-0.02663195330100976
0,2019-05-08,5196.791408210187,5.242023746547807,-0.011936729773879051,-0.0746826184734326
0,2019-05-09,4798.278032796094,5.197562764988789,-0.07668450474739075,-0.04446098155901801
0,2019-05-10,4683.575492712029,5.0484836836492235,-0.023904938250780106,-0.1490790813395657
0,2019-05-13,4712.937645359073,4.958933678240164,0.006269174627959728,-0.08955000540905989
0,2019-05-14,4709.843717594491,5.046146425876966,-0.0006564754294231534,0.08721274763680231
0,2019-05-15,4954.690449390661,5.063773848671989,0.05198616907000542,0.01762742279502305
0,2019-05-16,5051.620289303151,4.99844944467987,0.01956324838101864,-0.06532440399211925
0,2019-05-17,4998.623042087032,4.942425112797194,-0.010491138324141502,-0.05602433188267586
0,2019-05-20,4762.220816654796,4.827355323386575,-0.047293469309806824,-0.11506978941061874
0,2019-05-21,4527.762094142267,4.714895320319795,-0.04923306405544281,-0.11246000306678017
0,2019-05-22,4616.824752977357,4.795841865995625,0.01967034861445427,0.08094654567582982
0,2019-05-23,4541.298669356585,4.726890204495127,-0.016358880326151848,-0.06895166150049814
0,2019-05-24,4730.370712855205,4.863290942907233,0.04163391515612602,0.13640073841210665
0,2019-05-28,4486.716865619905,4.746380737569983,-0.051508404314517975,-0.11691020533725016
0,2019-05-29,4434.623757750142,4.7580359600461435,-0.011610518209636211,0.011655222476160354
0,2019-05-30,4378.869603707898,4.7617534768232606,-0.01257246546447277,0.003717516777117069
0,2019-05-31,4353.372335615689,4.814700375646255,-0.00582279684022069,0.05294689882299419
0,2019-06-03,4517.253111496836,4.848605806521712,0.037644557654857635,0.03390543087545694
0,2019-06-04,4615.618350109894,4.854257457702928,0.02177545428276062,0.005651651181215911
0,2019-06-05,4502.602641749249,4.815603671440558,-0.024485496804118156,-0.03865378626236993
0,2019-06-06,4455.676295982977,4.747917906644216,-0.010422049090266228,-0.06768576479634181
0,2019-06-07,4444.252106024559,4.683859282310803,-0.0025639631785452366,-0.0640586243334127
0,2019-06-10,4386.9709699659925,4.615764218429189,-0.012888813391327858,-0.06809506388161424
0,2019-06-11,4336.574755185053,4.62261076286003,-0.011487701907753944,0.006846544430841206
0,2019-06-12,4412.509861941012,4.571464812907581,0.017510388046503067,-0.05114594995244914
0,2019-06-13,4384.748526086697,4.617571003163653,-0.006291506811976433,0.04610619025607221
0,2019-06-14,4317.966053594061,4.556996824178381,-0.015230627730488777,-0.06057417898527184
0,2019-06-17,4315.019702963756,4.582945533253854,-0.0006823468720540404,0.025948709075472642
0,2019-06-18,4399.9919711449775,4.5499603690134105,0.019692208617925644,-0.03298516424044351
0,2019-06-19,4369.64091709766,4.486931402279236,-0.006897979415953159,-0.06302896673417457
0,2019-06-20,4465.165490623842,4.488866294195092,0.021860966458916664,0.0019348919158561628
0,2019-06-21,4579.805864443583,4.479879535714268,0.025674384087324142,-0.008986758480824086
0,2019-06-24,4618.74105791058,4.526737978556714,0.00850149430334568,0.04685844284244567
0,2019-06-25,4729.4185676745465,4.567919711649239,0.023962700739502907,0.04118173309252526
0,2019-06-26,4858.522683633316,4.659373142964939,0.0272980947047472,0.09145343131570005
0,2019-06-27,4794.958080613722,4.637605662693495,-0.013083113357424736,-0.021767480271443596
0,2019-06-28,4990.991195873827,4.752091616687113,0.040883176028728485,0.1144859539936176
0,2019-07-01,4995.270582167418,4.7753701247724525,0.0008574221283197403,0.02327850808533949
0,2019-07-02,4848.517640281278,4.74828659972861,-0.02937837690114975,-0.02708352504384237
0,2019-07-03,4858.832863906525,4.78104215821063,0.002127500483766198,0.03275555848201961
0,2019-07-05,4643.054279365702,4.751296656270431,-0.04440955072641373,-0.02974550194019887
0,2019-07-08,4845.181974989167,4.816840206541537,0.04353334754705429,0.06554355027110592
0,2019-07-09,4843.181327712982,4.838909907797905,-0.0004129147855564952,0.022069701256368646
0,2019-07-10,4848.691762092943,4.833521264643598,0.0011377716436982155,-0.0053886431543075375
0,2019-07-11,4948.891978744893,4.935466310594118,0.02066541276872158,0.10194504595052045
0,2019-07-12,4910.44303325989,4.9052829518542405,-0.007769202813506126,-0.030183358739877875
0,2019-07-15,4857.510555835299,4.866012925960152,-0.010779572650790215,-0.03927002589408879
0,2019-07-16,4982.893695168952,4.902292664860769,0.025812221691012383,0.03627973890061753
0,2019-07-17,5060.2682306915,4.94408284730486,0.015528032556176186,0.04179018244409072
0,2019-07-18,5271.277428645038,4.993554194485439,0.04169921204447746,0.049471347180578995
0,2019-07-19,5196.788220419894,4.9950799501972165,-0.014131149277091026,0.0015257557117775988
0,2019-07-22,5319.548371350571,5.038796488967186,0.023622311651706696,0.04371653876996984
0,2019-07-23,5240.531091655736,5.004093173215533,-0.014854133129119873,-0.03470331575165364
0,2019-07-24,5351.757214498552,5.032007650223288,0.021224208176136017,0.027914477007755067
0,2019-07-25,5310.96673248541,4.969307526531291,-0.007621885742992163,-0.06270012369199662
0,2019-07-26,5294.142070147414,4.993883437511074,-0.0031679095700383186,0.024575910979782734
0,2019-07-29,5363.348637943715,4.983582210825071,0.013072291389107704,-0.01030122668600253
0,2019-07-30,5506.3880349978,4.992127531340124,0.02666979283094406,0.008545320515052524
0,2019-07-31,5547.505653948373,4.993288294683586,0.0074672577902674675,0.0011607633434618236
0,2019-08-01,5486.590013160052,4.991104981914665,-0.010980726219713688,-0.0021833127689205867
0,2019-08-02,5647.221300480699,5.035966900027234,0.029277071356773376,0.04486191811256912
0,2019-08-05,5547.1630531840165,5.038319767692457,-0.017718138173222542,0.002352867665222469
0,2019-08-06,5494.425034997989,5.0267580964729115,-0.009507205337285995,-0.011561671219545211
0,2019-08-07,5662.371158373088,5.11727046921364,0.030566642060875893,0.09051237274072843
0,2019-08-08,5579.2031837375525,5.146204128965492,-0.014687835238873959,0.028933659751851692
0,2019-08-09,5445.818989777992,5.13379808920512,-0.023907391354441643,-0.012406039760371357
0,2019-08-12,5511.149291738846,5.157433934052697,0.011996414512395859,0.023635844847576415
0,2019-08-13,5732.889735295592,5.236043765705244,0.04023488238453865,0.07860983165254698
0,2019-08-14,5748.291015908978,5.293543436069488,0.002686477731913328,0.05749967036424408
0,2019-08-15,5625.553877810553,5.319550090603903,-0.02135193534195423,0.026006654534414864
0,2019-08-16,5396.694764275613,5.2880436955143555,-0.04068205878138542,-0.03150639508954711
0,2019-08-19,5370.53367569804,5.345118578471303,-0.004847613163292408,0.057074882956947626
0,2019-08-20,5347.532831517207,5.438091388563181,-0.004282785579562187,0.09297281009187763
0,2019-08-21,5193.786428952429,5.415785930465296,-0.02875090390443802,-0.022305458097884312
0,2019-08-22,5018.347476543121,5.440758943215997,-0.03377862274646759,0.024973012750700185
0,2019-08-23,4817.599635646477,5.4037856812527725,-0.04000277817249298,-0.03697326196322415
0,2019-08-26,4898.676836343824,5.428782837545767,0.01682937704026699,0.024997156292994482
0,2019-08-27,4930.077459377502,5.431756286980503,0.006410021334886551,0.0029734494347364304
0,2019-08-28,4856.694087685475,5.317736810548072,-0.014884831383824348,-0.11401947643243115
0,2019-08-29,4653.586214053361,5.281894722838515,-0.04182019084692001,-0.035842087709557546
0,2019-08-30,4737.118746485453,5.26459967653974,0.017950141802430153,-0.01729504629877443
0,2019-09-03,5019.297966974873,5.303333754583163,0.05956768989562988,0.038734078043423104
0,2019-09-04,5087.733557528679,5.336003795751136,0.013634494505822659,0.03267004116797256
0,2019-09-05,5175.582230024267,5.35822020083653,0.017266759648919106,0.02221640508539391
0,2019-09-06,5127.974859417763,5.322104643117062,-0.00919845700263977,-0.03611555771946762
0,2019-09-09,5126.268388171927,5.257452219323252,-0.00033277683542110026,-0.06465242379381042
0,2019-09-10,4971.369658323879,5.189487847918544,-0.03021666407585144,-0.06796437140470779
0,2019-09-11,5073.27400705111,5.150720626025341,0.0204982440918684,-0.03876722189320336
0,2019-09-12,5128.22319679189,5.08750119952171,0.010831110179424286,-0.06321942650363077
0,2019-09-13,5109.241249904738,5.052363680488777,-0.003701466601341963,-0.03513751903293283
0,2019-09-16,5154.998283267493,5.107837519990231,0.008955739438533783,0.055473839501454236
0,2019-09-17,5259.817751106896,5.082917270991021,0.020333560183644295,-0.024920248999210415
0,2019-09-18,5176.368332565747,5.148212727633449,-0.01586545817553997,0.06529545664242775
0,2019-09-19,5137.375324372167,5.128452690125361,-0.007532889023423195,-0.01976003750808797
0,2019-09-20,5192.254316997967,5.118259664181597,0.010682301595807076,-0.0101930259437637
0,2019-09-23,5085.080139676042,5.122130234594747,-0.020641164854168892,0.0038705704131496432
0,2019-09-24,5078.171395372093,5.182252463444665,-0.0013586303684860468,0.06012222884991836
0,2019-09-25,5113.185465762719,5.185740683003517,0.006895015481859446,0.003488219558851924
0,2019-09-26,5066.649271193206,5.216006974882207,-0.00910121388733387,0.030266291878690232
0,2019-09-27,5053.761001054184,5.261312372853133,-0.0025437462609261274,0.045305397970925476
0,2019-09-30,5058.600352351793,5.218811776848493,0.0009575742296874523,-0.042500596004639846
0,2019-10-01,4945.6808006625215,5.209376166416237,-0.022322291508316994,-0.009435610432255714
0,2019-10-02,4977.380594430149,5.096040577053832,0.006409591529518366,-0.11333558936240529
0,2019-10-03,5121.777509834324,5.054951476304941,0.029010623693466187,-0.041089100748890495
0,2019-10-04,5133.902744405721,5.089908912324731,0.002367387991398573,0.03495743601978951
0,2019-10-07,5144.646359808444,5.114572959727817,0.002092679962515831,0.024664047403086364
0,2019-10-08,5127.341142149273,5.111240197739031,-0.0033637331798672676,-0.0033327619887861815
0,2019-10-09,5006.448782121532,5.130189316664793,-0.023577982559800148,0.018949118925761788
0,2019-10-10,5124.514700728163,5.146294577094083,0.023582767695188522,0.01610526042929017
0,2019-10-11,5071.934588935022,5.1490685301549695,-0.010260505601763725,0.0027739530608865692
0,2019-10-16,5165.340330971109,5.169102844210831,0.01841619610786438,0.020034314055861202
0,2019-10-17,5212.391664874995,5.204296446737559,0.009109048172831535,0.03519360252672854
0,2019-10-18,5359.371190128034,5.138614860051623,0.02819809690117836,-0.06568158668593593
0,2019-10-21,5280.275657664082,5.1080780575824996,-0.01475836057215929,-0.030536802469123714
0,2019-10-22,5461.585127079564,5.098280368595453,0.0343371219933033,-0.009797688987046804
0,2019-10-23,5400.213955621988,5.172732094861156,-0.011236879043281078,0.0744517262657034
0,2019-10-24,5381.12601160109,5.223004864263355,-0.003534664399921894,0.05027276940219849
0,2019-10-25,5312.6194835089855,5.224882962310444,-0.01273089088499546,0.0018780980470891606
0,2019-10-28,5418.175067522129,5.262305134165432,0.019868839532136917,0.037422171854988306
0,2019-10-29,5524.210643368085,5.324831702178635,0.019570348784327507,0.06252656801320278
0,2019-10-30,5514.889328681989,5.4002123477767565,-0.0016873568529263139,0.07538064559812163
0,2019-10-31,5484.516220007646,5.425269782747829,-0.005507473833858967,0.025057434971072823
0,2019-11-01,5543.227254997188,5.471999597439127,0.010704870335757732,0.046729814691297555
0,2019-11-04,5537.865314331134,5.454336929761618,-0.000967295840382576,-0.01766266767750846
0,2019-11-05,5520.9897462086565,5.445054404565496,-0.0030473056249320507,-0.009282525196122826
0,2019-11-06,5430.85664376083,5.435703500698266,-0.016325533390045166,-0.009350903867229476
0,2019-11-07,5530.149270076653,5.4048950192128435,0.018283050507307053,-0.03080848148542259
0,2019-11-08,5644.130328241586,5.354050134050921,0.02061084657907486,-0.05084488516192298
0,2019-11-13,5772.2598273981575,5.346841755430632,0.02270137146115303,-0.007208378620288336
0,2019-11-14,5820.218471068773,5.314664253548091,0.00830846931785345,-0.03217750188254165
0,2019-11-15,5863.784494525403,5.302935318311219,0.007485290057957172,-0.011728935236871685
0,2019-11-18,5881.732786746089,5.305577228572771,0.003060871735215187,0.0026419102615520274
0,2019-11-19,6075.535065326423,5.289608621726747,0.03294986113905907,-0.01596860684602408
0,2019-11-20,6030.28367444953,5.343730855255426,-0.007448132615536451,0.05412223352867951
0,2019-11-21,6051.658462005443,5.339813202736247,0.00354457413777709,-0.003917652519179526
0,2019-11-22,6026.164923230422,5.342985955296417,-0.004212653264403343,0.0031727525601699114
0,2019-11-25,5931.969941846241,5.339458696180095,-0.015630999580025673,-0.0035272591163213463
0,2019-11-26,6105.952610963239,5.419868620841336,0.029329661279916763,0.08040992466124042
0,2019-11-27,6212.3804340989645,5.450947160089471,0.017430175095796585,0.031078539248134973
0,2019-11-29,6369.818517384375,5.447185785993488,0.025342633947730064,-0.0037613740959825392
0,2019-12-02,6477.054082243795,5.477177585216996,0.01683494821190834,0.029991799223507698
0,2019-12-03,6321.293857826536,5.455656469603411,-0.024048004299402237,-0.021521115613585273
0,2019-12-04,6228.59663328983,5.485771868798009,-0.014664280228316784,0.030115399194598602
0,2019-12-05,6399.586222771991,5.358971812942624,0.027452345937490463,-0.12680005585538545
0,2019-12-06,6390.418276346478,5.206882409046796,-0.0014325842494145036,-0.15208940389582803
0,2019-12-09,6258.326077928582,5.190530721997661,-0.02067035250365734,-0.016351687049135144
0,2019-12-10,6067.34331280229,5.361167697735682,-0.03051658906042576,0.17063697573802106
0,2019-12-11,6270.230376356559,5.43345063100484,0.03343919292092323,0.07228293326915836
0,2019-12-12,6221.656206260629,5.494390558381772,-0.007746791932731867,0.06093992737693199
0,2019-12-13,6248.195096552825,5.525132705871028,0.004265566822141409,0.030742147489255522
0,2019-12-16,6575.850347033577,5.413184626377741,0.05243998393416405,-0.11194807949328656
0,2019-12-17,6475.8219694626505,5.417807095220236,-0.015211474150419235,0.004622468842494953
0,2019-12-18,6324.6223558235915,5.364977940775494,-0.023348327726125717,-0.05282915444474234
0,2019-12-19,6357.909030476564,5.489104178358727,0.005263029597699642,0.12412623758323349
0,2019-12-20,6541.919965995945,5.501280439411217,0.028942052274942398,0.012176261052490034
0,2019-12-23,6553.11301278192,5.548824339321374,0.001710972748696804,0.04754389991015717
0,2019-12-24,6305.514518254121,5.570386344791968,-0.037783339619636536,0.02156200547059406
0,2019-12-26,6524.329653000513,5.603262632683068,0.03470218554139137,0.03287628789109931
0,2019-12-27,6550.795561548226,5.6162897399330545,0.0040564946830272675,0.013027107249986791
0,2019-12-30,6702.221653016206,5.629413261638037,0.023115679621696472,0.013123521704982544
0,2019-12-31,6943.567961373717,5.673522595119583,0.03600989654660225,0.04410933348154611
0,2020-01-02,6955.133949787117,5.685670806920101,0.0016657125670462847,0.012148211800518283
0,2020-01-03,6795.6292282030545,5.608486942035499,-0.02293337881565094,-0.07718386488460283
0,2020-01-06,6935.562068139451,5.641474458331292,0.02059159427881241,0.03298751629579311
0,2020-01-07,6780.421428848858,5.654934467451989,-0.022368863224983215,0.013460009120697336
0,2020-01-08,7072.6384927196,5.635569382463987,0.04309718310832977,-0.019365084988002046
0,2020-01-09,7012.941965678572,5.661292028733287,-0.008440488949418068,0.02572264626930032
0,2020-01-10,7093.35510301454,5.665210701867442,0.011466391384601593,0.003918673134154282
0,2020-01-13,7163.86636422555,5.694339749652083,0.009940466843545437,0.029129047784641315
0,2020-01-14,7196.494723078348,5.695585852652459,0.00455457391217351,0.0012461030003763085
0,2020-01-15,7324.121854315722,5.717985413540273,0.017734624445438385,0.022399560887813585
0,2020-01-16,7353.247286487138,5.781628709184928,0.0039766449481248856,0.06364329564465532
0,2020-01-17,7399.935574755051,5.796738111198934,0.006349342875182629,0.015109402014005902
0,2020-01-21,7338.548239675426,5.815589329285113,-0.00829565804451704,0.018851218086179067
0,2020-01-22,7505.090094392338,5.844505076290936,0.022694114595651627,0.028915747005823
0,2020-01-23,7474.78197877819,5.912603973309297,-0.0040383413434028625,0.06809889701836092
0,2020-01-24,7584.637028497584,6.001231211955254,0.0146967563778162,0.08862723864595701
0,2020-01-27,7497.618996083046,6.002914376607159,-0.011472932994365692,0.0016831646519053223
0,2020-01-28,7548.5659337753395,6.006166822607088,0.006795082241296768,0.003252445999928355
0,2020-01-29,7657.223838621071,5.990221479226676,0.014394509606063366,-0.015945343380411536
0,2020-01-30,7781.149592364187,5.9066032820247525,0.016184162348508835,-0.08361819720192365
0,2020-01-31,7829.421990887164,5.935609289155302,0.006203761789947748,0.02900600713054935
0,2020-02-03,7833.806972726331,5.938720751733028,0.0005600645672529936,0.0031114625777259874
0,2020-02-04,7705.806969108825,5.972832340663297,-0.016339438036084175,0.03411158893026922
0,2020-02-05,7684.07980995911,6.05726742059957,-0.002819582587108016,0.08443507993627275
0,2020-02-06,7413.7527470198165,6.204708657337871,-0.03518014773726463,0.14744123673830156
0,2020-02-07,7404.8259286751845,6.282041917401584,-0.0012040890287607908,0.07733326006371222
0,2020-02-10,7164.439649738191,6.385354249614324,-0.03246346116065979,0.10331233221274072
0,2020-02-11,7117.272082881429,6.3980090887703165,-0.006583566777408123,0.012654839155992192
0,2020-02-12,6875.71153369387,6.44814789036756,-0.03394004702568054,0.050138801597243265
0,2020-02-13,6913.538624769474,6.466348382110952,0.005501552950590849,0.018200491743392
0,2020-02-14,7012.811485416094,6.445948496877897,0.01435919664800167,-0.020399885233055137
0,2020-02-18,7085.446543599595,6.462358858101818,0.010357480496168137,0.016410361223921477
0,2020-02-19,7154.07749656058,6.4713755094467365,0.009686185978353024,0.009016651344918358
0,2020-02-20,7031.537646434491,6.457450779969761,-0.01712867245078087,-0.013924729476975095
0,2020-02-21,7171.499545372266,6.481685985513553,0.019904877990484238,0.02423520554379177
0,2020-02-24,7197.974123141942,6.450177668090414,0.0036916376557201147,-0.031508317423138976
0,2020-02-25,7217.22822039346,6.438730997617227,0.002674932824447751,-0.011446670473187481
0,2020-02-26,7063.100135311166,6.506533217991793,-0.021355578675866127,0.06780222037456607
0,2020-02-27,7228.226129322807,6.476898862669464,0.023378685116767883,-0.02963435532232861
0,2020-02-28,7042.1580615164785,6.613535471665494,-0.02574187144637108,0.1366366089960298
0,2020-03-02,7234.244621408399,6.555119360220329,0.027276661247015,-0.05841611144516534
0,2020-03-03,7020.424849780418,6.622266825848429,-0.02955661341547966,0.06714746562810081
0,2020-03-04,6911.9256671969215,6.621326469697533,-0.015454788692295551,-0.000940356150896271
0,2020-03-05,6704.280775501498,6.645385306964576,-0.030041540041565895,0.0240588372670425
0,2020-03-06,6905.268020866952,6.573981055079581,0.02997894212603569,-0.07140425188499488
0,2020-03-09,6998.112379557496,6.64812280435381,0.01344543881714344,0.07414174927422934
0,2020-03-10,7089.098804803849,6.56870078601739,0.013001566752791405,-0.07942201833642049
0,2020-03-11,6913.573454957338,6.552900019719482,-0.024759896099567413,-0.015800766297907387
0,2020-03-12,6682.202388425112,6.489867234046843,-0.03346620500087738,-0.06303278567263959
0,2020-03-13,6775.601395243773,6.394210908283943,0.01397727895528078,-0.09565632576289929
0,2020-03-16,6656.215998713924,6.436612211098065,-0.017619896680116653,0.042401302814121244
0,2020-03-17,6665.276617406017,6.130711239346069,0.001361226662993431,-0.3059009717519956
0,2020-03-18,6444.642543030157,6.149141715847844,-0.03310201317071915,0.018430476501775317
0,2020-03-19,6345.141486177571,6.29295800037786,-0.015439344570040703,0.14381628453001571
0,2020-03-20,6340.553421995948,6.190242782830881,-0.0007230830378830433,-0.10271521754697943
0,2020-03-23,6737.069112885329,5.959211508150582,0.06253644824028015,-0.23103127468029871
0,2020-03-24,6886.9341682642935,5.9619673780662366,0.02224484458565712,0.002755869915654685
0,2020-03-25,7098.358826866654,5.899466801507461,0.030699387192726135,-0.06250057655877583
0,2020-03-26,7099.859908983676,5.791871133721501,0.0002114688977599144,-0.10759566778595975
0,2020-03-27,7125.02241075024,5.7156630016346925,0.0035440842621028423,-0.07620813208680843
0,2020-03-30,6948.556315508075,5.694623786509042,-0.024767093360424042,-0.021039215125650657
0,2020-03-31,7141.5936562514735,5.537052341499079,0.0277809277176857,-0.157571445009963
0,2020-04-01,7349.436518588651,5.556784194664807,0.029103148728609085,0.019731853165728452
0,2020-04-02,7233.487324900997,5.4631742136378225,-0.015776610001921654,-0.09360998102698481
0,2020-04-03,7115.762158257526,5.4924954615428065,-0.01627502217888832,0.029321247904984027
0,2020-04-06,7128.0889150704015,5.430182868650382,0.001732317148707807,-0.06231259289242441
0,2020-04-07,7303.379100760936,5.420418640167248,0.024591470137238503,-0.009764228483134296
0,2020-04-08,7254.8821006902235,5.399769573207296,-0.006640350911766291,-0.020649066959951945
0,2020-04-09,7237.5007809245635,5.4105945720303135,-0.002395810093730688,0.010824998823017573
0,2020-04-13,7259.956700931563,5.352695443187104,0.0031027174554765224,-0.0578991288432098
0,2020-04-14,7339.928435765638,5.3934983153623435,0.011015456169843674,0.04080287217523981
0,2020-04-15,7483.908351516941,5.431510263128475,0.019615983590483665,0.03801194776613137
0,2020-04-16,7685.944399433569,5.439790798465036,0.026996061205863953,0.008280535336560924
0,2020-04-17,7700.240788989262,5.434590660974011,0.0018600693438202143,-0.005200137491025103
0,2020-04-20,7506.681114435697,5.474056678151507,-0.025136834010481834,0.03946601717749676
0,2020-04-21,7689.278504792348,5.373837753189252,0.024324649944901466,-0.10021892496225515
0,2020-04-22,7875.091100191187,5.385122051717908,0.02416515350341797,0.011284298528655867
0,2020-04-23,8067.213175559667,5.424915572990962,0.024396171793341637,0.03979352127305358
0,2020-04-24,8040.43829686291,5.439661534469174,-0.003318974981084466,0.014745961478212166
0,2020-04-27,8034.836406900433,5.427598241488285,-0.0006967145018279552,-0.012063292980888818
0,2020-04-28,7899.576847364399,5.442542163865813,-0.016834139823913574,0.01494392237752784
0,2020-04-29,7780.678559318841,5.428052576295526,-0.015051222406327724,-0.014489587570286844
0,2020-04-30,7702.410010867888,5.477505597307358,-0.010059347376227379,0.04945302101183202
0,2020-05-01,7599.225839729066,5.423212152846025,-0.013396348804235458,-0.054293444461332996
0,2020-05-04,7445.358444996336,5.448808757032495,-0.020247772336006165,0.025596604186469918
0,2020-05-05,7408.1071487400195,5.4454968483002855,-0.005003291182219982,-0.0033119087322095453
0,2020-05-06,7613.986689118093,5.483204699390906,0.027791112661361694,0.03770785109062036
0,2020-05-07,7640.736758574841,5.531230111557822,0.003513280302286148,0.04802541216691658
0,2020-05-08,7537.309399879749,5.459511003458645,-0.013536307029426098,-0.07171910809917748
0,2020-05-11,7670.456677161899,5.440618253341318,0.017665093764662743,-0.018892750117326607
0,2020-05-12,7621.164236324543,5.525404571039336,-0.006426271982491016,0.08478631769801748
0,2020-05-13,7665.896765311016,5.593660225071852,0.005869513843208551,0.06825565403251588
0,2020-05-14,7677.909323258052,5.606285689485123,0.0015670127468183637,0.012625464413271281
0,2020-05-15,7690.305665928348,5.637068192676979,0.001614546636119485,0.030782503191855604
0,2020-05-18,7670.585756452395,5.615545043825331,-0.002564255613833666,-0.021523148851647633
0,2020-05-19,7723.955851824188,5.60413529153615,0.006957760080695152,-0.01140975228918073
0,2020-05-20,7720.048244929952,5.5331339429164546,-0.0005059074610471725,-0.07100134861969565
0,2020-05-21,7637.529327651165,5.396456718357699,-0.010688912123441696,-0.1366772245587553
0,2020-05-22,7503.652658232731,5.496638837587572,-0.017528792843222618,0.10018211922987241
0,2020-05-26,7421.94055356135,5.440642578268267,-0.010889643803238869,-0.055996259319305075
0,2020-05-27,7296.0395255328895,5.420977433636122,-0.016963357105851173,-0.019665144632144305
0,2020-05-28,7225.857620814591,5.411176606410678,-0.009619178250432014,-0.009800827225443953
0,2020-05-29,7563.601575912337,5.404477561236539,0.04674101993441582,-0.006699045174139329
0,2020-06-01,7696.687813143558,5.38876913065213,0.017595617100596428,-0.015708430584409072
0,2020-06-02,7523.147961652486,5.3934554696702115,-0.022547341883182526,0.004686339018081576
0,2020-06-03,7686.687400806592,5.406427144554711,0.021738165989518166,0.012971674884499684
0,2020-06-04,8008.947288891859,5.454352112679175,0.04192441701889038,0.04792496812446423
0,2020-06-05,7914.054656850816,5.491491326653612,-0.011848327703773975,0.0371392139744362
0,2020-06-08,8211.855633381016,5.476446847547948,0.0376293808221817,-0.0150444791056632
0,2020-06-09,8236.793848397014,5.72469586994073,0.0030368550214916468,0.24824902239278135
0,2020-06-10,8340.58407119153,5.500794448309562,0.01260080374777317,-0.22390142163116789
0,2020-06-11,8369.48755906463,5.5739851264898,0.003465403337031603,0.0731906781802385
0,2020-06-12,8493.763543868188,5.5841355688395105,0.014848696999251842,0.010150442349710076
0,2020-06-15,8469.42545307715,5.590135157284088,-0.0028654071502387524,0.005999588444577597
0,2020-06-16,8325.906284089317,5.6112507560649645,-0.01694556139409542,0.021115598780876432
0,2020-06-17,8352.564920480381,5.638309193482464,0.0032018900383263826,0.027058437417499803
0,2020-06-18,8494.898813458309,5.607962333717136,0.017040740698575974,-0.030346859765328027
0,2020-06-19,8638.399146715934,5.680697088836374,0.016892530024051666,0.07273475511923788
0,2020-06-22,8710.321360440728,5.708890008989294,0.00832587294280529,0.028192920152919854
0,2020-06-23,8681.960553109113,5.74913066978766,-0.0032560001127421856,0.04024066079836608
0,2020-06-24,8725.754009518636,5.788274745490532,0.005044189747422934,0.03914407570287182
0,2020-06-25,8735.875802776038,5.939800046745633,0.0011599906720221043,0.15152530125510122
0,2020-06-26,8683.886796401739,5.965453519697653,-0.005951207131147385,0.025653472952019918
0,2020-06-29,8777.755284908648,5.915615186029328,0.010809501633048058,-0.04983833366832524
0,2020-06-30,8820.290469087564,6.002579424515381,0.004845792893320322,0.08696423848605317
0,2020-07-01,8743.998314448116,5.967366801902643,-0.008649619296193123,-0.03521262261273783
0,2020-07-02,8447.687782193814,6.0239769334593145,-0.03388730436563492,0.056610131556671384
0,2020-07-06,8338.413325553014,6.170677562757427,-0.012935427948832512,0.14670062929811234
0,2020-07-07,7922.486886832353,6.349129405171163,-0.04988076537847519,0.17845184241373602
0,2020-07-08,7856.885111744998,6.340412798355914,-0.008280452340841293,-0.00871660681524844
0,2020-07-09,7811.993590657318,6.253637500439138,-0.00571365375071764,-0.08677529791677685
0,2020-07-10,8222.016379023844,6.193007683593506,0.052486319094896317,-0.06062981684563162
0,2020-07-13,8222.948117649108,6.1927054143442355,0.00011332239955663681,-0.0003022692492704593
0,2020-07-14,8179.058560821041,6.18856137026838,-0.005337447859346867,-0.004144044075855113
0,2020-07-15,8118.840079759174,6.191500303527121,-0.007362519856542349,0.002938933258740839
0,2020-07-16,7835.389831121205,6.28430431216085,-0.034912653267383575,0.09280400863372851
0,2020-07-17,7796.83889420864,6.259389368181043,-0.004920104518532753,-0.02491494397980709
0,2020-07-20,7541.291547170655,6.300010650807534,-0.03277576342225075,0.040621282626491784
0,2020-07-21,7592.390730474049,6.344054158564953,0.00677591934800148,0.04404350775741861
0,2020-07-22,7520.912983945829,6.364345328466395,-0.00941439252346754,0.02029116990144164
0,2020-07-23,7715.645084166997,6.344124905677145,0.02589208260178566,-0.02022042278924996
0,2020-07-24,7683.592300705634,6.404240979723195,-0.004154258407652378,0.060116074046050016
0,2020-07-27,7547.788475902623,6.452304064039196,-0.01767452247440815,0.04806308431600126
0,2020-07-28,7655.274680630593,6.42345179257226,0.014240754768252373,-0.028852271466935697
0,2020-07-29,7452.486403847645,6.452144217878593,-0.02649000659584999,0.02869242530633276
0,2020-07-30,7605.639299307654,6.455340507531786,0.020550576969981194,0.003196289653192963
0,2020-07-31,7383.6221020817375,6.476200832747262,-0.02919112890958786,0.02086032521547576
0,2020-08-03,7359.388006815314,6.434188980384159,-0.0032821418717503548,-0.04201185236310234
0,2020-08-04,7394.5047412574595,6.404372175342081,0.0047716922126710415,-0.02981680504207862
0,2020-08-05,7370.280496715376,6.3999178292059575,-0.003275979310274124,-0.004454346136123277
0,2020-08-06,7484.198485574733,6.329909927187917,0.015456398017704487,-0.07000790201804019
0,2020-08-07,7530.701864269656,6.290125011604908,0.006213541608303785,-0.03978491558300945
0,2020-08-10,7487.278717663367,6.314893197242798,-0.005766148678958416,0.02476818563788985
0,2020-08-11,7430.895080563636,6.277822852010928,-0.0075305914506316185,-0.037070345231869695
0,2020-08-12,7469.296152209414,6.3090540894439116,0.00516775855794549,0.031231237432983505
0,2020-08-13,7483.3007030621075,6.307247383353977,0.0018749492010101676,-0.0018067060899342735
0,2020-08-14,7755.290894645138,6.255212666852314,0.03634628653526306,-0.05203471650166325
0,2020-08-17,7750.804437340335,6.267342919057506,-0.000578502775169909,0.012130252205191816
0,2020-08-18,7712.852366009996,6.304376359055503,-0.0048965332098305225,0.03703343999799724
0,2020-08-19,7831.181610484424,6.327832818342822,0.01534182671457529,0.023456459287318765
0,2020-08-20,7741.818005702993,6.378565015361593,-0.011411254294216633,0.050732197018771075
0,2020-08-21,7804.15320518737,6.415312854304809,0.008051752112805843,0.036747838943216315
0,2020-08-24,7671.463172901349,6.291573544602326,-0.017002489417791367,-0.12373930970248281
0,2020-08-25,7433.051343781992,6.347022538374756,-0.031077751889824867,0.055448993772429844
0,2020-08-26,7442.644540583117,6.377309338586001,0.0012906135525554419,0.03028680021124508
0,2020-08-27,7842.722790560678,6.228129559661899,0.05375485122203827,-0.14917977892410228
0,2020-08-28,7972.7524213774705,6.243242636945468,0.016579654067754745,0.015113077283569254
0,2020-08-31,7779.998409209961,6.27072461719334,-0.024176595732569695,0.027481980247872073
0,2020-09-01,7588.232707944085,6.297288480818871,-0.024648552760481834,0.026563863625530537
0,2020-09-02,7768.4829708212,6.199861552960693,0.023753918707370758,-0.0974269278581783
0,2020-09-03,7930.874838987602,6.171691565186218,0.0209039356559515,-0.02816998777447477
0,2020-09-04,7740.472639121204,6.398543393938308,-0.02400771714746952,0.22685182875208998
0,2020-09-08,7608.506765448488,6.410435053984741,-0.01704881340265274,0.01189166004643294
0,2020-09-09,7508.657999570737,6.4615778391429926,-0.013123306445777416,0.05114278515825177
0,2020-09-10,7816.411084312699,6.372076090406221,0.040986429899930954,-0.08950174873677152
0,2020-09-11,7641.162151769768,6.460414443438769,-0.022420639172196388,0.08833835303254833
0,2020-09-14,7538.680090103996,6.491268987409188,-0.013411842286586761,0.030854543970418646
0,2020-09-15,7613.029313307924,6.427346965610507,0.009862366132438183,-0.0639220217986809
0,2020-09-16,7501.528026330672,6.463256271380647,-0.01464611291885376,0.035909305770140065
0,2020-09-17,7491.12552493693,6.565006423076625,-0.0013867176603525877,0.10175015169597756
0,2020-09-18,7587.736608270384,6.519273682895257,0.012896738015115261,-0.04573274018136786
0,2020-09-21,7737.546996090815,6.5384569587259715,0.019743751734495163,0.019183275830714663
0,2020-09-22,7721.019698654716,6.56057576492234,-0.0021359866950660944,0.02211880619636819
0,2020-09-23,7852.201451396545,6.558121319555133,0.016990210860967636,-0.0024544453672064037
0,2020-09-24,7938.644028186629,6.4949383118206,0.01100870594382286,-0.06318300773453345
0,2020-09-25,7902.686055338029,6.506330755339854,-0.0045294854789972305,0.011392443519254059
0,2020-09-28,8085.184374592719,6.5067103865428715,0.023093201220035553,0.0003796312030175386
0,2020-09-29,8194.090909277984,6.449308113571823,0.01346988882869482,-0.05740227297104816
0,2020-09-30,7982.4759672931405,6.452592361146665,-0.02582531049847603,0.003284247574841359
0,2020-10-01,8267.642615856845,6.411529977461121,0.035724084824323654,-0.041062383685543935
0,2020-10-02,8124.4236104464,6.456947329655028,-0.017322834581136703,0.04541735219390741
0,2020-10-05,7886.23745503573,6.503574560176223,-0.029317298904061317,0.046627230521194996
0,2020-10-06,8102.826744395131,6.389072868077378,0.027464210987091064,-0.11450169209884553
0,2020-10-07,8372.319026409741,6.388814495768059,0.03325904533267021,-0.00025837230931902155
0,2020-10-08,8168.63198667276,6.434822113989302,-0.024328628554940224,0.04600761822124344
0,2020-10-09,7966.484135968462,6.480606899161252,-0.024746842682361603,0.04578478517194995
0,2020-10-14,8069.2621422481825,6.476810294018168,0.012901300564408302,-0.0037966051430835535
0,2020-10-15,8024.178540165902,6.501612698603886,-0.005587078630924225,0.02480240458571714
0,2020-10-16,7845.869032109326,6.547895094715388,-0.022221527993679047,0.04628239611150242
0,2020-10-19,7660.958301793764,6.545169792577116,-0.023567909374833107,-0.0027253021382716014
0,2020-10-20,7737.086846170242,6.396026346914571,0.009937209077179432,-0.14914344566254556
0,2020-10-21,7998.987547615416,6.351100804413684,0.033850040286779404,-0.044925542500886984
0,2020-10-22,8158.021101611246,6.385541254546903,0.019881710410118103,0.034440450133218725
0,2020-10-23,8103.897509374071,6.390692251448678,-0.006634402088820934,0.005150996901775784
0,2020-10-26,8175.353493334512,6.3740208219449555,0.00881748367100954,-0.016671429503722912
0,2020-10-27,8265.660806897497,6.275149580163085,0.011046288534998894,-0.09887124178187001
0,2020-10-28,8174.647078617837,6.3871089293394006,-0.011011064983904362,0.11195934917631511
0,2020-10-29,8020.808131719772,6.338188562032745,-0.018819032236933708,-0.048920367306655166
0,2020-10-30,7971.651591439849,6.5032439246236,-0.006128626875579357,0.16505536259085485
0,2020-11-02,7821.515669612992,6.547868251023431,-0.01883372850716114,0.044624326399830494
0,2020-11-03,7956.24966190806,6.510453076355347,0.017226072028279305,-0.03741517466808375
0,2020-11-04,7909.344851130565,6.492092167657829,-0.005895341746509075,-0.01836090869751761
0,2020-11-05,7815.2899037654515,6.519386399307322,-0.0118916230276227,0.02729423164949285
0,2020-11-06,7924.4721292324275,6.5053352385488585,0.013970335945487022,-0.014051160758463688
0,2020-11-09,7982.20022092279,6.513996206498587,0.007284787017852068,0.00866096794972826
0,2020-11-10,8137.763697383046,6.4764707573994995,0.019488796591758728,-0.03752544909908728
0,2020-11-13,8181.288449625698,6.415194705272196,0.005348490551114082,-0.06127605212730369
0,2020-11-16,8331.064062476213,6.409444978083271,0.018307093530893326,-0.005749727188924858
0,2020-11-17,8308.886131659117,6.414119612573768,-0.0026620766147971153,0.004674634490497098
0,2020-11-18,8484.390039793412,6.311202972181241,0.021122435107827187,-0.10291664039252701
0,2020-11-19,8500.448969097537,6.426170862012315,0.001892761792987585,0.11496788983107376
0,2020-11-20,8590.95593935158,6.450128914414178,0.010647316463291645,0.023958052401862773
0,2020-11-23,8610.084791510897,6.522435209045179,0.0022266267333179712,0.07230629463100158
0,2020-11-24,8545.447007569459,6.540050824656776,-0.007507218047976494,0.017615615611596525
0,2020-11-25,8523.047724205388,6.571180898958971,-0.0026211950462311506,0.03113007430219561
0,2020-11-27,8570.36605312331,6.586534367905631,0.005551808513700962,0.015353468946659454
0,2020-11-30,8682.422500962404,6.593138498895531,0.013074873015284538,0.006604130989900092
0,2020-12-01,8579.458334110499,6.667567823859316,-0.011858921498060226,0.07442932496378507
0,2020-12-02,8604.584259190959,6.725000357090306,0.0029286143835633993,0.0574325332309904
0,2020-12-03,8584.546423932286,6.751773648192882,-0.0023287395015358925,0.026773291102575314
0,2020-12-04,8454.796958355786,6.82550332298036,-0.015114306472241879,0.0737296747874785
0,2020-12-07,8220.074905024123,6.866038999769902,-0.027761997655034065,0.04053567678954195
0,2020-12-08,7927.566592612615,6.985118005179259,-0.03558462858200073,0.11907900540935668
0,2020-12-09,8185.514762425733,6.862432038271865,0.03253812715411186,-0.12268596690739386
0,2020-12-10,8203.379556679061,6.9389589145879995,0.0021824887953698635,0.07652687631613464
0,2020-12-11,8124.397206538008,6.984228507044931,-0.009628025814890862,0.04526959245693174
0,2020-12-14,8247.706610626226,7.018310795776558,0.015177668072283268,0.034082288731626775
0,2020-12-15,8249.87001110494,7.083822443979795,0.00026230327785015106,0.06551164820323674
0,2020-12-16,8132.179876895842,7.111392426051834,-0.014265695586800575,0.027569982072039423
0,2020-12-17,8012.848296082352,7.132951014114144,-0.014673996716737747,0.021558588062309703
0,2020-12-18,8177.637501716019,7.101086955487842,0.020565621554851532,-0.031864058626301706
0,2020-12-21,8397.530094637006,7.045376313607796,0.0268895011395216,-0.055710641880046374
0,2020-12-22,8339.305694097866,7.048545580431755,-0.0069335149601101875,0.003169266823959127
0,2020-12-23,8290.88619817128,7.096945634454593,-0.005806178320199251,0.04840005402283776
0,2020-12-24,8347.676054568441,7.087704269823939,0.006849672645330429,-0.009241364630653948
0,2020-12-28,8425.912959441463,7.185165414011392,0.009372297674417496,0.09746114418745311
0,2020-12-29,8355.091772296422,7.270974402086895,-0.008405164815485477,0.0858089880755033
0,2020-12-30,8266.20359484843,7.2898765823774605,-0.010638803243637085,0.01890218029056534
0,2020-12-31,8358.763847039561,7.297905807459678,0.011197431944310665,0.008029225082217373
0,2021-01-04,8138.977121033265,7.423833142117136,-0.0262941662222147,0.1259273346574581
0,2021-01-05,8245.23482899079,7.337057884014131,0.013055413030087948,-0.08677525810300502
0,2021-01-06,8334.528357418822,7.286324271711351,0.010829713195562363,-0.05073361230278017
0,2021-01-07,8052.667466250934,7.397489476115119,-0.033818457275629044,0.11116520440376831
0,2021-01-08,8178.061551511423,7.336892870790899,0.015571745112538338,-0.0605966053242204
0,2021-01-11,8188.876336729224,7.300614381023698,0.0013224142603576183,-0.036278489767200384
0,2021-01-12,8234.150601194244,7.296574493826746,0.005528751760721207,-0.00403988719695203
0,2021-01-13,8120.080692748622,7.168206320824776,-0.013853269629180431,-0.12836817300197012
0,2021-01-14,7970.305743445642,7.228979563354689,-0.018445007503032684,0.060773242529912785
0,2021-01-15,7853.3709479671725,7.236859007852629,-0.014671306125819683,0.007879444497939758
0,2021-01-19,8062.518688377858,7.273373764485961,0.026631588116288185,0.03651475663333237
0,2021-01-20,8175.977860753986,7.212240427082454,0.014072422869503498,-0.06113333740350679
0,2021-01-21,8038.193763114399,7.2774617554119265,-0.016852308064699173,0.06522132832947225
0,2021-01-22,8187.428527568047,7.225521956356235,0.018565708771348,-0.05193979905569179
0,2021-01-25,7820.350375055751,7.479892982245283,-0.04483436420559883,0.25437102588904814
0,2021-01-26,7655.964710262064,7.589548974424583,-0.02102024294435978,0.10965599217930055
0,2021-01-27,7530.560015988023,7.714548523945936,-0.01637999899685383,0.12499954952135273
0,2021-01-28,7676.836452829529,7.679169067693638,0.019424377009272575,-0.03537945625229799
0,2021-01-29,7592.591663054447,7.693315832967903,-0.010973894037306309,0.014146765274264617
0,2021-02-01,7659.560818433481,7.6449413071051024,0.00882032886147499,-0.04837452586280033
0,2021-02-02,7736.94773935682,7.536542258638197,0.010103310458362103,-0.10839904846690551
0,2021-02-03,7801.232432604251,7.548763031038236,0.008308792486786842,0.01222077240003916
0,2021-02-04,7840.196534125048,7.568068292143026,0.004994608461856842,0.019305261104789473
0,2021-02-05,7719.310983895941,7.641689676321879,-0.015418688766658306,0.07362138417885333
0,2021-02-08,7479.505453407851,7.833628621487866,-0.031065665185451508,0.19193894516598675
0,2021-02-09,7364.420980981839,7.839301342785043,-0.015386641956865788,0.005672721297177219
0,2021-02-10,7356.368902677504,7.790802546919733,-0.0010933756129816175,-0.04849879586531003
0,2021-02-11,7420.868597613886,7.712064328163994,0.0087678711861372,-0.07873821875573928
0,2021-02-12,7581.382872414112,7.693052730936205,0.021630119532346725,-0.01901159722778889
0,2021-02-16,7771.5777225657175,7.657360827865184,0.02508709207177162,-0.03569190307102055
0,2021-02-17,7734.013208909754,7.660293448632871,-0.0048335762694478035,0.0029326207676865224
0,2021-02-18,7602.357311441309,7.672714527020971,-0.01702297292649746,0.012421078388100248
0,2021-02-19,7430.741739513929,7.721068704224163,-0.02257399447262287,0.04835417720319235
0,2021-02-22,7412.744223143425,7.663708242878919,-0.0024220349732786417,-0.05736046134524386
0,2021-02-23,7747.913216578804,7.604642442117591,0.04521523788571358,-0.059065800761328724
0,2021-02-24,7887.324344089565,7.50867513969199,0.017993377521634102,-0.09596730242560092
0,2021-02-25,7941.004942087711,7.533205090170711,0.006805932614952326,0.024529950478720863
0,2021-02-26,7995.731573667841,7.539499096913477,0.00689165061339736,0.006294006742766811
0,2021-03-01,8096.1730765376215,7.6307997978796696,0.012561890296638012,0.09130070096619214
0,2021-03-02,7933.51293101256,7.670357440547618,-0.020090991631150246,0.03955764266794848
0,2021-03-03,7783.239193141012,7.824138739967725,-0.018941638991236687,0.15378129942010688
0,2021-03-04,7745.001201509999,8.010705084806796,-0.004912863485515118,0.18656634483907109
0,2021-03-05,7532.776237968816,8.082742507708394,-0.02740154042840004,0.07203742290159809
0,2021-03-08,7583.891230051933,8.283871686976633,0.006785677745938301,0.20112917926823926
0,2021-03-09,7655.049860608589,8.200670072978923,0.009382865391671658,-0.08320161399771031
0,2021-03-10,7705.734975090506,8.203798321619555,0.006621134467422962,0.003128248640631881
0,2021-03-11,7374.496007782867,8.335095427689948,-0.042986031621694565,0.13129710607039335
0,2021-03-12,7103.689540531986,8.467952001633043,-0.036722030490636826,0.13285657394309425
0,2021-03-15,7081.4376482798825,8.445958697560071,-0.00313244154676795,-0.021993304072971398
0,2021-03-16,7279.531887084017,8.37775380141139,0.027973731979727745,-0.0682048961486803
0,2021-03-17,7422.89973729572,8.254417642339806,0.019694652408361435,-0.12333615907158446
0,2021-03-18,7600.125726670108,8.246141398491611,0.02387557365000248,-0.008276243848195364
0,2021-03-19,7327.389165641718,8.33460200849413,-0.03588579595088959,0.08846061000251915
0,2021-03-22,7391.4614021171965,8.266932479787087,0.008744210936129093,-0.06766952870704301
0,2021-03-23,7403.580248833312,8.2065729927505,0.001639573834836483,-0.06035948703658711
0,2021-03-24,7793.178576432803,8.189184859954807,0.0526229627430439,-0.017388132795693068
0,2021-03-25,8043.186752037864,8.109675840286602,0.03208038583397865,-0.07950901966820467
0,2021-03-26,7950.4927215929165,8.181683064806336,-0.01152454037219286,0.07200722451973363
0,2021-03-29,7937.1384688322805,8.21416906576942,-0.0016796761192381382,0.032486000963084294
0,2021-03-30,8094.918421941287,8.083346572395925,0.019878694787621498,-0.13082249337349516
0,2021-03-31,8130.570700649663,8.195542739235776,0.004404278937727213,0.11219616683985123
0,2021-04-01,8004.999272128947,8.324517827198498,-0.015444356016814709,0.12897508796272206
0,2021-04-05,7975.573356619408,8.331129278906054,-0.0036759423092007637,0.006611451707556171
0,2021-04-06,7814.148825335003,8.434444109296402,-0.02023986540734768,0.10331483039034772
0,2021-04-07,7936.783638997652,8.347403901621535,0.015693943947553635,-0.08704020767486753
0,2021-04-08,7994.53056791469,8.353235074188277,0.007275860290974379,0.005831172566741927
0,2021-04-09,7984.3481024958055,8.394442541213955,-0.0012736789649352431,0.04120746702567857
0,2021-04-12,8149.291586815514,8.289724286110731,0.020658353343605995,-0.10471825510322397
0,2021-04-13,8043.57145459036,8.246306512905361,-0.012972922995686531,-0.04341777320536977
0,2021-04-14,8043.223456513182,8.171457257105555,-4.326412454247475e-05,-0.07484925579980661
0,2021-04-15,7856.239855596073,8.237001630794545,-0.02324734628200531,0.06554437368899002
0,2021-04-16,8053.996853106028,8.122765285015538,0.02517196536064148,-0.11423634577900721
0,2021-04-19,7998.415998252635,8.19476452126043,-0.006901027634739876,0.07199923624489202
0,2021-04-20,7975.136635148222,8.170867859822083,-0.0029104966670274734,-0.023896661438346456
0,2021-04-21,8259.138363579586,8.088999265008525,0.03561089187860489,-0.08186859481355846
0,2021-04-22,8150.557538795548,8.14542713613781,-0.013146749697625637,0.05642787112928538
0,2021-04-23,8143.2600641892295,8.116408291718407,-0.0008953344076871872,-0.029018844419402612
0,2021-04-26,8389.287892838402,8.05121119950851,0.03021244890987873,-0.06519709220989789
0,2021-04-27,8270.483655214692,8.129794446668228,-0.014161420986056328,0.07858324715971854
0,2021-04-28,8161.534302156819,8.2230067870018,-0.01317327469587326,0.09321234033357229
0,2021-04-29,8154.752125723249,8.281831771821782,-0.0008309928234666586,0.05882498481998155
0,2021-04-30,7900.399175395004,8.4935986368281,-0.031190764158964157,0.21176686500631803
0,2021-05-03,7697.601113045118,8.531034628410302,-0.025669343769550323,0.037435991582201567
0,2021-05-04,7654.362836820965,8.638562417601358,-0.005617110524326563,0.10752778919105666
0,2021-05-05,7279.044003423049,8.813127676871812,-0.04903332144021988,0.1745652592704534
0,2021-05-06,6974.352771568317,8.839176547442896,-0.04185868799686432,0.026048870571084848
0,2021-05-07,7080.379303821574,8.784343828917843,0.015202347189188004,-0.05483271852505389
0,2021-05-10,7378.774153544443,8.666250710000266,0.04214390739798546,-0.11809311891757623
0,2021-05-11,7008.658813286324,8.772692925496045,-0.05015946179628372,0.10644221549577892
