path_id,Date,sp500_abs,DGS10_abs,sp500,DGS10
0,1966-01-05,93.00347279959064,4.63,0.001652927603572607,-0.0057145704560825905
0,1966-01-06,93.33716931070833,4.608691415095807,0.0035880005452781916,-0.015594014448110372
0,1966-01-07,93.17964118858475,4.650895062224763,-0.0016877319430932403,0.04220364712895641
0,1966-01-10,94.05762841119775,4.648825191828048,0.00942252203822136,-0.0020698703967152454
0,1966-01-11,94.19749124248054,4.643819746148467,0.0014869908336549997,-0.005005445679580944
0,1966-01-12,93.63671073077157,4.64422792751608,-0.005953242536634207,0.00040818136761267
0,1966-01-13,93.07989686975368,4.6312317200604,-0.005946533754467964,-0.012996207455679532
0,1966-01-14,94.22553053655118,4.641544157320728,0.01230806764215231,0.010312437260327378
0,1966-01-17,93.4828277977428,4.61245378282811,-0.00788218155503273,-0.02909037449261742
0,1966-01-18,92.74771572873641,4.534229041834017,-0.00786360539495945,-0.07822474099409327
0,1966-01-19,92.6362192336231,4.565850884035303,-0.0012021481525152922,0.031621842201285943
0,1966-01-20,92.66787957956387,4.579559388945192,0.0003417707048356533,0.013708504909889285
0,1966-01-21,91.53402439948286,4.53340350148752,-0.012235687114298344,-0.046155887457672407
0,1966-01-24,91.0664860135848,4.453265792488544,-0.005107809789478779,-0.08013770899897565
0,1966-01-25,91.47325886903029,4.429160917709749,0.004466767888516188,-0.024104874778795526
0,1966-01-26,91.2544810891203,4.45317237483134,-0.002391712972894311,0.02401145712159103
0,1966-01-27,91.20817631125328,4.456336780887324,-0.000507424701936543,0.0031644060559843368
0,1966-01-28,90.82774332534848,4.464349333648929,-0.004171040374785662,0.008012552761605285
0,1966-01-31,90.42723437930276,4.494068303052812,-0.0044095441699028015,0.02971896940388241
0,1966-02-01,90.98385485828729,4.456388389285263,0.006155451759696007,-0.037679913767548534
0,1966-02-02,89.67332673732044,4.471646660520121,-0.014403963461518288,0.0152582712348579
0,1966-02-03,90.29186540094153,4.489796176444895,0.006897688377648592,0.018149515924774207
0,1966-02-04,90.25675140494832,4.479221543318284,-0.0003888943465426564,-0.010574633126611666
0,1966-02-07,91.44992608026229,4.445510854648876,0.013219783082604408,-0.03371068866940785
0,1966-02-08,90.99446280267011,4.4369364344521225,-0.004980466328561306,-0.008574420196753252
0,1966-02-09,92.19670893497863,4.472394945085955,0.013212299905717373,0.03545851063383232
0,1966-02-10,91.72541212737832,4.498283634481,-0.0051118615083396435,0.025888689395045184
0,1966-02-11,91.75967191510213,4.487784940900974,0.00037350377533584833,-0.01049869358002642
0,1966-02-14,91.15012971438732,4.442675834719151,-0.006642811466008425,-0.04510910618182251
0,1966-02-15,91.19355915574627,4.415665860355101,0.00047646055463701487,-0.027009974364050393
0,1966-02-16,90.41468982295787,4.444643070132111,-0.008540837094187737,0.028977209777010238
0,1966-02-17,90.57787527639688,4.403578897450512,0.0018048555357381701,-0.04106417268159923
0,1966-02-18,91.36756059045675,4.296437784470328,0.008718302473425865,-0.1071411129801838
0,1966-02-21,90.78813978389205,4.293303344955632,-0.006341646891087294,-0.0031344395146959414
0,1966-02-23,92.09257992684095,4.2443943216880005,0.014367957599461079,-0.04890902326763147
0,1966-02-24,91.97703194501727,4.240904782699563,-0.001254693721421063,-0.0034895389884370687
0,1966-02-25,93.0011671388788,4.239996436037157,0.011134684085845947,-0.0009083466624062453
0,1966-02-28,93.36288055589014,4.196882313573538,0.0038893427699804306,-0.0431141224636189
0,1966-03-01,92.68985579243532,4.100791425137254,-0.007208697497844696,-0.09609088843628388
0,1966-03-02,93.17120722330345,4.050874013177521,0.005193140357732773,-0.04991741195973365
0,1966-03-03,93.20593486966295,4.024124608703512,0.00037272938061505556,-0.026749404474008642
0,1966-03-04,93.99387567483517,3.9413828427151896,0.008453762158751488,-0.0827417659883225
0,1966-03-07,93.71416624150527,3.920230925048907,-0.0029758261516690254,-0.02115191766628266
0,1966-03-08,94.30358182155932,3.9185363584700994,0.006289503537118435,-0.0016945665788075104
0,1966-03-09,94.96372887144976,3.9754458373366446,0.007000233046710491,0.05690947886654518
0,1966-03-10,94.60454660464808,3.900091073050258,-0.0037823100574314594,-0.07535476428638654
0,1966-03-11,94.25327964931249,3.907164546398122,-0.0037130028940737247,0.007073473347864123
0,1966-03-14,93.51609673021626,3.8385291459330295,-0.007821297273039818,-0.06863540046509264
0,1966-03-15,93.47462846227516,3.8389798365764296,-0.00044343454646877944,0.0004506906434000868
0,1966-03-16,94.46033674152719,3.876529033931666,0.010545196011662483,0.03754919735523643
0,1966-03-17,94.89315268157623,3.9601078040792914,0.004581985995173454,0.08357877014762538
0,1966-03-18,95.2230528185884,3.951043767774467,0.0034765431191772223,-0.009064036304824441
0,1966-03-21,95.37459166159319,3.9160442510218054,0.0015914092073217034,-0.03499951675266155
0,1966-03-22,95.00234688106865,3.8890540131836495,-0.0039029764011502266,-0.026990237838155906
0,1966-03-23,93.90083815134865,3.8413284131256495,-0.011594542302191257,-0.04772560005799997
0,1966-03-24,94.34336134363822,3.839628051562118,0.0047126649878919125,-0.0017003615635315938
0,1966-03-25,95.34252775105152,3.888222345693367,0.010590744204819202,0.04859429413124916
0,1966-03-28,95.575293110064,3.882318110113046,0.002441359218209982,-0.00590423558032116
0,1966-03-29,95.71336234107348,3.896314423965857,0.0014446121640503407,0.013996313852810971
0,1966-03-30,95.74591782337406,3.9069288538713387,0.0003401351859793067,0.010614429905481781
0,1966-03-31,95.80850620264002,3.9354721353580264,0.0006536924047395587,0.02854328148668772
0,1966-04-01,96.21545467107383,4.004147891742035,0.004247519187629223,0.06867575638400814
0,1966-04-04,96.55420173600385,4.007557350819824,0.0035207136534154415,0.003409459077789556
0,1966-04-05,96.4444198742528,4.0011810831797385,-0.0011369972489774227,-0.006376267640085587
0,1966-04-06,95.7196716136289,3.934773787592494,-0.007514672819525003,-0.06640729558724434
0,1966-04-07,94.30233342593729,3.925542503296348,-0.01480717770755291,-0.009231284296146391
0,1966-04-11,94.1190908721348,3.909839854834534,-0.0019431391265243292,-0.015702648461813684
0,1966-04-12,93.89142066762732,3.929022486185072,-0.0024189588148146868,0.019182631350537882
0,1966-04-13,94.12081767100352,3.956831367483469,0.002443215809762478,0.027808881298397203
0,1966-04-14,95.8981821657089,3.961102336767017,0.01888386160135269,0.004270969283547643
0,1966-04-15,93.97145168541412,3.924368575475835,-0.02009141817688942,-0.036733761291182
0,1966-04-18,94.97187215753598,3.9369905779384142,0.010646004229784012,0.012622002462579385
0,1966-04-19,95.35543239488435,3.932913061154499,0.004038671962916851,-0.004077516783915325
0,1966-04-20,95.0344961352918,3.9516745487945415,-0.0033656840678304434,0.018761487640042596
0,1966-04-21,95.25965178569996,3.8940109644612795,0.0023691991809755564,-0.05766358433326202
0,1966-04-22,93.84101171509984,3.8146044226354436,-0.01489234995096922,-0.07940654182583584
0,1966-04-25,93.98715403545374,3.8334044350054635,0.00155733956489712,0.018800012370019825
0,1966-04-26,93.7690507962554,3.854961287522922,-0.002320564351975918,0.021556852517458758
0,1966-04-27,94.53665030923186,3.884474564354257,0.008186064660549164,0.029513276831334867
0,1966-04-28,94.84160297088738,3.880754335659398,0.0032257612328976393,-0.0037202286948589958
0,1966-04-29,93.57274559432159,3.8931633866565245,-0.013378700241446495,0.012409050997126414
0,1966-05-02,92.14407570925084,3.838743001597915,-0.015268012881278992,-0.054420385058609355
0,1966-05-03,92.4703104638894,3.829750100990751,0.0035404853988438845,-0.008992900607164067
0,1966-05-04,92.90087884620203,3.7819370542607476,0.004656287841498852,-0.04781304673000353
0,1966-05-05,92.33668727503871,3.728199125978044,-0.0060730488039553165,-0.05373792828270352
0,1966-05-06,92.1815749494117,3.7547358964237327,-0.001679855864495039,0.026536770445688695
0,1966-05-09,92.2041164886886,3.7498373815042303,0.00024453410878777504,-0.004898514919502439
0,1966-05-10,92.81670915941595,3.7841950866650116,0.006643875502049923,0.03435770516078129
0,1966-05-11,92.43010904092004,3.7393315057077396,-0.004165199585258961,-0.04486358095727194
0,1966-05-12,92.41088310903895,3.713999079835439,-0.00020800507627427578,-0.025332425872300668
0,1966-05-13,92.67457835623145,3.7257137789702424,0.002853508573025465,0.011714699134803386
0,1966-05-16,92.00967697405393,3.6926761565659847,-0.0071745822206139565,-0.03303762240425767
0,1966-05-17,91.85874831353388,3.680587661187059,-0.0016403563786298037,-0.012088495378925757
0,1966-05-18,91.84186633289238,3.698129508301213,-0.00018378195818513632,0.017541847114153963
0,1966-05-19,92.6474070197345,3.72685653806012,0.008770952932536602,0.028727029758907285
0,1966-05-20,92.35544574550116,3.733868160537659,-0.0031513161957263947,0.007011622477538726
0,1966-05-23,91.95077877421464,3.726389623458414,-0.004381625447422266,-0.007478537079244951
0,1966-05-24,91.39077765416164,3.7009388606375198,-0.006090227048844099,-0.0254507628208942
0,1966-05-25,91.61294396406487,3.646479778194321,0.00243094889447093,-0.05445908244319897
0,1966-05-26,90.67901466492228,3.6233872699424707,-0.010194294154644012,-0.023092508251850052
0,1966-05-27,91.81113855924907,3.6575629107163476,0.01248496025800705,0.034175640773876914
0,1966-05-31,92.9168645821881,3.70869506409269,0.0120434844866395,0.05113215337634225
0,1966-06-01,93.42088267963489,3.6782749323402073,0.005424398463219404,-0.030420131752482593
0,1966-06-02,92.46042412414495,3.6362477529728316,-0.01028098352253437,-0.042027179367375656
0,1966-06-03,92.29792477854254,3.5816400845268106,-0.0017575016245245934,-0.05460766844602105
0,1966-06-06,92.00031231303971,3.612360491514376,-0.0032244762405753136,0.030720406987565507
0,1966-06-07,92.97851060808784,3.569451340770256,0.010632554069161415,-0.04290915074412016
0,1966-06-08,92.11782932331384,3.577742475250471,-0.009256776422262192,0.008291134480215234
0,1966-06-09,92.95158417191564,3.6259669347465344,0.009050960652530193,0.04822445949606324
0,1966-06-10,93.03069817787632,3.65082253064358,0.0008511313353665173,0.024855595897045557
0,1966-06-13,93.69653879199491,3.634687082015301,0.007157213985919952,-0.01613544862827876
0,1966-06-14,92.31532637026204,3.6038356177801294,-0.014741338789463043,-0.03085146423517182
0,1966-06-15,91.86949746622776,3.5873370891894756,-0.00482941372320056,-0.016498528590653816
0,1966-06-16,92.63071881725453,3.592262445261122,0.008285898715257645,0.004925356071646458
0,1966-06-17,93.2267004714068,3.578537378392147,0.00643395259976387,-0.013725066868975233
0,1966-06-20,91.90816769012203,3.528623959649473,-0.014143295586109161,-0.049913418742673965
0,1966-06-21,91.09509001953282,3.491855792334384,-0.008846631273627281,-0.03676816731508881
0,1966-06-22,90.45141548396775,3.4924638733848,-0.007065963000059128,0.0006080810504158762
0,1966-06-23,90.58793632959578,3.50654441580226,0.001509327907115221,0.014080542417460151
0,1966-06-24,91.36974852751959,3.547299772961891,0.008630422875285149,0.04075535715963108
0,1966-06-27,91.39060453877214,3.53696732447988,0.0002282594796270132,-0.010332448482011092
0,1966-06-28,91.03505352549018,3.5126096293589004,-0.0038904547691345215,-0.024357695120979628
0,1966-06-29,91.63892663520916,3.5090195718772326,0.006633413024246693,-0.003590057481667852
0,1966-06-30,91.35658420560132,3.4562503798873085,-0.003081031609326601,-0.052769191989924025
0,1966-07-01,91.31482636169424,3.433291531661749,-0.00045708630932495,-0.022958848225559603
0,1966-07-05,91.5205337834875,3.437773702817257,0.0022527275141328573,0.004482171155507864
0,1966-07-06,91.57299010910303,3.4380261069816624,0.0005731645505875349,0.0002524041644056396
0,1966-07-07,91.5968304604451,3.4348130447326786,0.0002603426109999418,-0.003213062248983878
0,1966-07-08,91.75267887706065,3.3716746158750692,0.0017014608019962907,-0.06313842885760934
0,1966-07-11,91.88839987493952,3.3614729409553044,0.0014792047441005707,-0.01020167491976487
0,1966-07-12,91.62096686651721,3.387345556414277,-0.002910410985350609,0.025872615458972792
0,1966-07-13,92.08647996881656,3.373910191343153,0.005080857779830694,-0.013435365071124306
0,1966-07-14,92.56399289027208,3.3833196777257517,0.005185483489185572,0.009409486382598864
0,1966-07-15,93.28048149545579,3.416536386211403,0.00774046778678894,0.03321670848565139
0,1966-07-18,93.26607565016752,3.422421927670765,-0.00015443579468410462,0.0058855414593619315
0,1966-07-19,92.35196134603036,3.406873721798287,-0.00980114471167326,-0.015548205872478071
0,1966-07-20,92.98887516331797,3.3902191022840737,0.00689659221097827,-0.01665461951421321
0,1966-07-21,92.27002636737926,3.341039520715811,-0.007730481680482626,-0.049179581568262964
0,1966-07-22,90.63770917846296,3.2920517893737724,-0.01769065484404564,-0.048987731342038376
0,1966-07-25,91.51916088009946,3.3157130339423695,0.009724999777972698,0.023661244568597084
0,1966-07-26,92.11732482585658,3.2928528584656487,0.006535942200571299,-0.022860175476720812
0,1966-07-27,91.41434233372206,3.2765862303343574,-0.007631381973624229,-0.016266628131291316
0,1966-07-28,91.97217541521773,3.2756596586413447,0.006102249026298523,-0.0009265716930126899
0,1966-07-29,92.04031324717955,3.2733575386133063,0.0007408526726067066,-0.0023021200280384235
0,1966-08-01,90.96191692360782,3.2566456392454888,-0.011716565117239952,-0.016711899367817473
0,1966-08-02,90.43753139395767,3.2410960072392077,-0.005764890927821398,-0.015549632006281122
0,1966-08-03,91.44376972905647,3.2823003025389736,0.011126335710287094,0.04120429529976599
0,1966-08-04,92.38940506407941,3.3618224959517593,0.010341167449951172,0.07952219341278566
0,1966-08-05,92.9838954665955,3.389852087158282,0.006434616632759571,0.028029591206522486
0,1966-08-08,92.93223030903765,3.4011774014731024,-0.0005556355463340878,0.011325314314820645
0,1966-08-09,92.3662099496064,3.376757090567389,-0.0060906787402927876,-0.024420310905713283
0,1966-08-10,92.25832567447918,3.3813233908526876,-0.0011680058669298887,0.004566300285298475
0,1966-08-11,92.88975170456607,3.3772959154913984,0.006844108924269676,-0.004027475361289223
0,1966-08-12,92.784974900233,3.387280656001647,-0.0011279694736003876,0.009984740510248447
0,1966-08-15,92.21923314302262,3.366067824511845,-0.006097342353314161,-0.021212831489801687
0,1966-08-16,92.05442961270633,3.314065366507029,-0.0017870841547846794,-0.05200245800481618
0,1966-08-17,91.95999132591886,3.3339533893325117,-0.0010258961701765656,0.019888022825482743
0,1966-08-18,94.50631834200011,3.363971285010588,0.027689509093761444,0.030017895678076112
0,1966-08-19,92.88416266381066,3.2651436573238586,-0.017164520919322968,-0.09882762768672926
0,1966-08-22,91.8618264999359,3.2333743528298737,-0.011006571352481842,-0.03176930449398485
0,1966-08-23,93.49137830796504,3.2825194020545445,0.01773916184902191,0.04914504922467078
0,1966-08-24,93.69443050263237,3.279439966969611,0.0021718814969062805,-0.0030794350849334684
0,1966-08-25,92.59930909487977,3.2580716900118474,-0.011688223108649254,-0.021368276957763666
0,1966-08-26,93.78496398858171,3.2005365011449673,0.012804144062101841,-0.05753518886688003
0,1966-08-29,92.3569919443579,3.1812237261931724,-0.015226023271679878,-0.019312774951794953
0,1966-08-30,93.61684122169126,3.2139856363646615,0.013641081750392914,0.032761910171489106
0,1966-08-31,93.16807306295632,3.186504746622562,-0.00479366909712553,-0.027480889742099723
0,1966-09-01,92.77228973215882,3.165903451414093,-0.004248057492077351,-0.020601295208468873
0,1966-09-02,91.58670415078352,3.1676662544568686,-0.012779522687196732,0.0017628030427756514
0,1966-09-06,91.72957469700142,3.210404826456635,0.0015599485486745834,0.042738571999766606
0,1966-09-07,90.39208136234087,3.165984821389234,-0.014580830000340939,-0.04442000506740129
0,1966-09-08,90.34604416691164,3.1695570070159778,-0.0005093056242913008,0.0035721856267438845
0,1966-09-09,90.18840087813435,3.1359627488716613,-0.0017448831349611282,-0.03359425814431649
0,1966-09-12,88.76301398396085,3.1053718428530974,-0.01580454781651497,-0.030590906018563846
0,1966-09-13,89.76802041275766,3.161302116993199,0.011322355829179287,0.055930274140101766
0,1966-09-14,91.61411291077285,3.1942134865675307,0.020565146580338478,0.032911369574331495
0,1966-09-15,90.82060399592449,3.201315074524794,-0.008661426603794098,0.0071015879572633445
0,1966-09-16,91.41420978446627,3.234107958535499,0.006536025553941727,0.03279288401070479
0,1966-09-19,92.08125781831043,3.243939763389485,0.0072969840839505196,0.00983180485398627
0,1966-09-20,91.2019551646328,3.2196231007278646,-0.00954920332878828,-0.02431666266162047
0,1966-09-21,91.60181616235761,3.227570384161273,0.0043843467719852924,0.007947283433408447
0,1966-09-22,91.9616046882567,3.3518309169745173,0.003927744459360838,0.12426053281324423
0,1966-09-23,93.28945301259877,3.4322547759398745,0.014439160004258156,0.0804238589653572
0,1966-09-26,92.8991582468081,3.425596766795682,-0.004183696582913399,-0.006658009144192345
0,1966-09-27,90.29464434849093,3.389166266139473,-0.028035925701260567,-0.03643050065620912
0,1966-09-28,92.65877838226506,3.458372420691126,0.02618243917822838,0.06920615455165313
0,1966-09-29,92.62667450308662,3.506635605520951,-0.00034647423308342695,0.04826318482982472
0,1966-09-30,92.84617911521518,3.5108884559970583,0.0023697775322943926,0.0042528504761074615
0,1966-10-03,91.84966695445397,3.4550025593345404,-0.010732936672866344,-0.055885896662517975
0,1966-10-04,92.15194343058916,3.466717041215662,0.0032909915316849947,0.011714481881121674
0,1966-10-05,92.29647238864372,3.454964135507948,0.001568376668728888,-0.011752905707714145
0,1966-10-06,91.87028168317596,3.444243606613892,-0.004617627244442701,-0.010720528894055725
0,1966-10-07,91.74885126186474,3.4640726919608285,-0.0013217595405876637,0.01982908534693628
0,1966-10-10,92.01842949026342,3.545875068509493,0.0029382191132754087,0.0818023765486644
0,1966-10-11,92.45950762565253,3.520483020478121,0.004793367348611355,-0.02539204803137185
0,1966-10-14,92.48201044988497,3.462841652253208,0.0002433803165331483,-0.05764136822491306
0,1966-10-17,92.99201530512369,3.511332532179346,0.005514638498425484,0.048490879926137875
0,1966-10-18,92.51961495506373,3.4587664092337613,-0.005080009810626507,-0.05256612294558449
0,1966-10-19,91.57626373300813,3.4239695091473856,-0.010196229442954063,-0.034796900086375704
0,1966-10-20,91.7884198547707,3.5006619095848572,0.002316715195775032,0.07669240043747161
0,1966-10-21,92.95927287800531,3.5345687305290916,0.012755999341607094,0.03390682094423436
0,1966-10-24,93.0268408453995,3.5165245123907645,0.0007268555928021669,-0.01804421813832713
0,1966-10-25,93.3598974489115,3.5021398429796005,0.0035802205093204975,-0.014384669411164008
0,1966-10-26,93.23578901873617,3.4572318004587115,-0.0013293548254296184,-0.04490804252088898
0,1966-10-27,92.76065061006994,3.4779514311697883,-0.005096094682812691,0.020719630711076853
0,1966-10-28,92.74507431523129,3.486107403644602,-0.00016791920643299818,0.008155972474813478
0,1966-10-31,93.05298754254568,3.482274735656291,0.003319995477795601,-0.003832667988310945
0,1966-11-01,92.61080452496816,3.4790700727459307,-0.004751948639750481,-0.0032046629103601454
0,1966-11-02,89.39097380592725,3.401152756768888,-0.034767333418130875,-0.07791731597704254
0,1966-11-03,88.95629796770025,3.346637422667773,-0.004862636793404818,-0.05451533410111509
0,1966-11-04,89.28167124655758,3.3262899306325724,0.0036576755810528994,-0.0203474920352007
0,1966-11-07,88.68072365267233,3.338358411392824,-0.00673091784119606,0.012068480760251799
0,1966-11-09,89.7036805820825,3.3608204067296934,0.01153527945280075,0.02246199533686921
0,1966-11-10,89.46600411913269,3.3802873385206067,-0.0026495731435716152,0.0194669317909133
0,1966-11-15,90.16454966651153,3.3709514730594767,0.007807943969964981,-0.009335865461129966
0,1966-11-16,90.16605138479048,3.3480413027734737,1.665530726313591e-05,-0.022910170286003062
0,1966-11-17,91.29505759877803,3.4044847298483054,0.012521411292254925,0.05644342707483174
0,1966-11-18,91.54469759790103,3.402054625605495,0.0027344305999577045,-0.002430104242810316
0,1966-11-21,91.52051460836438,3.4660651952376673,-0.000264165922999382,0.06401056963217222
0,1966-11-22,91.2880113738607,3.415625587689443,-0.0025404493790119886,-0.05043960754822452
0,1966-11-23,91.83183743385175,3.4264174734660555,0.005957256071269512,0.01079188577661272
0,1966-11-25,92.78225907408893,3.4369955475249463,0.01034958753734827,0.010578074058890774
0,1966-11-28,91.56504420942944,3.418843683101879,-0.0131190475076437,-0.018151864423067376
0,1966-11-29,92.00728712692413,3.4410921823834983,0.004829822573810816,0.022248499281619427
0,1966-11-30,92.25925675312196,3.4485227881786256,0.002738583367317915,0.007430605795127221
0,1966-12-01,91.50976940895438,3.468320503471891,-0.008123708888888359,0.019797715293265572
0,1966-12-02,91.45128416980964,3.421772848113387,-0.0006391147035174072,-0.04654765535850425
0,1966-12-05,91.50242253633911,3.4433212916257694,0.0005591869703494012,0.021548443512382498
0,1966-12-06,92.03699104534053,3.4620138277229935,0.0058421241119503975,0.0186925360972241
0,1966-12-07,91.35100320581199,3.517345021663267,-0.0074533927254378796,0.055331193940273415
0,1966-12-08,92.41008320231624,3.5144097023667866,0.011593523435294628,-0.0029353192964802766
0,1966-12-09,92.46555405194495,3.482794543499561,0.0006002683658152819,-0.031615158867225546
0,1966-12-12,92.73531332652267,3.48981631773058,0.0029174028895795345,0.007021774231018796
0,1966-12-13,92.59091129609962,3.4914076788409796,-0.001557141775265336,0.0015913611103997027
0,1966-12-14,92.61220251730495,3.4772953530175985,0.000229949364438653,-0.014112325823381067
0,1966-12-15,91.97589418196978,3.4725835622055152,-0.006870674900710583,-0.004711790812083283
0,1966-12-16,92.76786521282413,3.5057277018425568,0.008610636927187443,0.03314413963704155
0,1966-12-19,92.57430260543141,3.5694484804243602,-0.002086526481434703,0.06372077858180347
0,1966-12-20,91.93229749327877,3.5622003768110306,-0.0069350250996649265,-0.007248103613329615
0,1966-12-21,91.82911100857903,3.5317030093727158,-0.0011224182089790702,-0.030497367438314882
0,1966-12-22,91.48225256113054,3.4759889024910735,-0.0037772166542708874,-0.055714106881642245
0,1966-12-23,92.18446945925979,3.5014104017080308,0.007675990462303162,0.025421499216957244
0,1966-12-27,91.59903566978971,3.482042100086859,-0.006350676994770765,-0.019368301621171646
0,1966-12-28,91.71961845424505,3.503880326205085,0.0013164198026061058,0.021838226118225723
0,1966-12-29,91.70566349366088,3.4586378865431078,-0.00015214804443530738,-0.04524243966197705
0,1966-12-30,91.89780978025028,3.4925936031481855,0.0020952499471604824,0.03395571660507768
0,1967-01-03,90.91146588036365,3.506258155782491,-0.010733051225543022,0.013664552634305327
0,1967-01-04,92.33414111989734,3.5876709267404947,0.015649018809199333,0.08141277095800392
0,1967-01-05,91.32473935490098,3.4558342409776666,-0.010932053439319134,-0.13183668576282814
0,1967-01-06,89.46171817705252,3.3697205248728026,-0.02039996162056923,-0.08611371610486396
0,1967-01-09,90.61717695118895,3.4385565479609768,0.012915678322315216,0.06883602308817416
0,1967-01-10,90.84815028990685,3.48551119733108,0.0025488913524895906,0.04695464937010341
0,1967-01-11,91.52346072090522,3.4653065662581968,0.0074333976954221725,-0.020204631072883394
0,1967-01-12,90.81534191465505,3.4449168895530655,-0.007737019564956427,-0.020389676705131254
0,1967-01-13,91.0160294055055,3.4490438618679136,0.002209841273725033,0.004126972314848043
0,1967-01-16,91.33822889964446,3.3703007826029063,0.003540030214935541,-0.07874307926500723
0,1967-01-17,90.18995345598465,3.3423852535637355,-0.012571685016155243,-0.027915529039170828
0,1967-01-18,89.68160146159417,3.328143309870496,-0.005636459216475487,-0.014241943693239723
0,1967-01-19,89.83304592018143,3.3138749129824294,0.0016886903904378414,-0.01426839688806636
0,1967-01-20,90.33325054467267,3.342901344061081,0.005568158347159624,0.029026431078651438
0,1967-01-23,90.11203469697037,3.3342861756344884,-0.002448886167258024,-0.00861516842659249
0,1967-01-24,89.9728745348215,3.388812195271281,-0.0015443016309291124,0.05452601963679271
0,1967-01-25,90.10412820452073,3.3424104386156808,0.0014588137855753303,-0.04640175665560031
0,1967-01-26,89.66995126520526,3.3159696156833585,-0.004818613175302744,-0.026440822932322305
0,1967-01-27,89.74066812652228,3.3096315375609757,0.0007886349922046065,-0.00633807812238274
0,1967-01-30,90.63906534837845,3.2816191571651827,0.010011037811636925,-0.028012380395793013
0,1967-01-31,92.08990111521301,3.301472417790578,0.01600673794746399,0.019853260625395386
0,1967-02-01,92.81229067545965,3.297824738276584,0.007844395004212856,-0.0036476795139939178
0,1967-02-02,93.04176533349664,3.2463758143051313,0.002472459804266691,-0.05144892397145284
0,1967-02-03,92.21048448928586,3.2649484039377774,-0.00893449131399393,0.018572589632646075
0,1967-02-06,93.65016875037868,3.3389479368944066,0.015613021329045296,0.0739995329566292
0,1967-02-07,92.68974670797112,3.294047058430102,-0.010255422443151474,-0.04490087846430457
0,1967-02-08,93.03509208369772,3.3356204176028994,0.0037258206866681576,0.041573359172797364
0,1967-02-09,93.76706752267935,3.3085061397185567,0.007867734879255295,-0.02711427788434273
0,1967-02-10,93.3297702629477,3.2793879057292434,-0.0046636550687253475,-0.029118233989313236
0,1967-02-15,93.90971261607757,3.306780492800213,0.006213905289769173,0.027392587070969476
0,1967-02-16,93.54112531670549,3.321070649661037,-0.003924911376088858,0.014290156860824244
0,1967-02-17,91.70183570763083,3.271533889645942,-0.019662898033857346,-0.049536760015095105
0,1967-02-20,91.6269140434694,3.241455935718786,-0.0008170137880370021,-0.030077953927155843
0,1967-02-21,91.4785152328482,3.2164800098156796,-0.0016195984790101647,-0.0249759259031066
0,1967-02-23,90.45410652531153,3.2025243014891243,-0.01119835302233696,-0.01395570832655535
0,1967-02-24,91.07331165684873,3.2052295492236245,0.006845517084002495,0.0027052477345002046
0,1967-02-27,91.72597193890209,3.2722601133800433,0.007166317664086819,0.06703056415641884
0,1967-02-28,92.4019710601528,3.3617362737565046,0.007369767874479294,0.08947616037646133
0,1967-03-01,92.56665030014639,3.3801983253070373,0.001782204839400947,0.01846205155053271
0,1967-03-02,92.63169102266502,3.4314408693199363,0.0007026366656646132,0.05124254401289896
0,1967-03-03,92.64995100856278,3.4546133635567924,0.00019712460925802588,0.023172494236856078
0,1967-03-06,93.43704816918094,3.504482215327173,0.008495386689901352,0.04986885177038047
0,1967-03-07,93.5129295067863,3.4668588576400317,0.0008121118880808353,-0.0376233576871412
0,1967-03-08,92.84886133435944,3.40330471851596,-0.007101351395249367,-0.0635541391240717
0,1967-03-09,92.17978250251791,3.3231073490167375,-0.007206107024103403,-0.0801973694992224
0,1967-03-10,91.31136687805436,3.3225246464434135,-0.009420890361070633,-0.0005827025733240454
0,1967-03-13,91.16100653681538,3.3348356407407165,-0.001646677148528397,0.01231099429730298
0,1967-03-14,90.89383886633976,3.321435696701687,-0.0029307231307029724,-0.013399944039029332
0,1967-03-15,91.18461618490996,3.350082195425529,0.0031990872230380774,0.02864649872384195
0,1967-03-16,90.45214443617226,3.2851771465511646,-0.008032843470573425,-0.06490504887436455
0,1967-03-17,89.56757360060357,3.240118515809225,-0.009779434651136398,-0.04505863074193961
0,1967-03-20,89.88484442360325,3.2353298547375586,0.0035422509536147118,-0.004788661071666311
0,1967-03-21,90.1393390061392,3.2689377550584733,0.0028313403017818928,0.03360790032091465
0,1967-03-22,89.23055201345062,3.24189407814136,-0.010082024149596691,-0.0270436769171134
0,1967-03-23,88.72346233087787,3.207249337919294,-0.005682915449142456,-0.034644740222065984
0,1967-03-27,88.0531482670105,3.227715698185002,-0.007555093616247177,0.02046636026570825
0,1967-03-28,89.73855502389682,3.236470355925198,0.019140789285302162,0.008754657740195793
0,1967-03-29,89.51228634120149,3.234448771712815,-0.0025214210618287325,-0.0020215842123829653
0,1967-03-30,89.6354143776221,3.2305855291385774,0.0013755434192717075,-0.0038632425742375354
0,1967-03-31,89.55369518288545,3.2234482602296954,-0.0009116842411458492,-0.007137268908882
0,1967-04-03,90.42975901060707,3.2381484850694116,0.009782553650438786,0.014700224839716114
0,1967-04-04,90.78350683568729,3.2446372897975264,0.003911851905286312,0.006488804728114861
0,1967-04-05,90.07499871439171,3.232703660344352,-0.0078043704852461815,-0.011933629453174444
0,1967-04-06,90.68372301835085,3.2074277245044103,0.006757971830666065,-0.0252759358399417
0,1967-04-07,90.38077907714458,3.1541889036348842,-0.003340665018185973,-0.05323882086952603
0,1967-04-10,90.6877055124058,3.1346455193919827,0.003395925974473357,-0.019543384242901585
0,1967-04-11,90.44303102813251,3.1441415025899024,-0.0026979895774275064,0.009495983197919777
0,1967-04-12,91.14792322559788,3.1225663084864066,0.007793770171701908,-0.021575194103495843
0,1967-04-13,89.86216542318168,3.0644226468934392,-0.01410627644509077,-0.058143661592967355
0,1967-04-14,89.71520039211434,3.0761488071572423,-0.0016354494728147984,0.01172616026380302
0,1967-04-17,90.5653037373616,3.1163163392265685,0.009475577622652054,0.04016753206932622
0,1967-04-18,91.22421682227295,3.1128382351048067,0.0072755576111376286,-0.003478104121761749
0,1967-04-19,90.43759887515193,3.0985681746087854,-0.008622907102108002,-0.014270060496021308
0,1967-04-20,90.46822111085022,3.161124443834015,0.00033860071562230587,0.0625562692252295
0,1967-04-21,90.6000690679192,3.10911551318751,0.001457395264878869,-0.052008930646505025
0,1967-04-24,91.36683356384954,3.115062198430763,0.00846317782998085,0.005946685243253036
0,1967-04-25,91.91705737689506,3.1288968647927673,0.006022139452397823,0.013834666362004366
0,1967-04-26,91.32550495221541,3.1355762202450648,-0.006435719784349203,0.006679355452297475
0,1967-04-27,90.50701458147815,3.1098332115957836,-0.008962341584265232,-0.02574300864928114
0,1967-04-28,89.69945153445117,3.0639913124416256,-0.008922656998038292,-0.04584189915415804
0,1967-05-01,89.61932292637688,3.040038958214422,-0.0008933009812608361,-0.023952354227203543
0,1967-05-02,89.24054980592253,3.032297102384988,-0.004226467106491327,-0.007741855829434208
0,1967-05-03,89.95232621539525,3.0217029943117995,0.007975930348038673,-0.01059410807318839
0,1967-05-04,90.08927208280542,3.043913499502001,0.0015224271919578314,0.022210505190201513
0,1967-05-05,89.2914676325987,3.0240459370342725,-0.008855709806084633,-0.019867562467728472
0,1967-05-08,89.58636286037083,3.0520933620953556,0.003302613738924265,0.028047425061083153
0,1967-05-09,89.31870905874702,3.0254047234884385,-0.0029876623302698135,-0.02668863860691717
0,1967-05-10,88.20585651635197,2.9926587714018344,-0.01245934423059225,-0.032745952086604024
0,1967-05-11,87.58799580700872,2.9720325325072086,-0.007004758343100548,-0.020626238894625892
0,1967-05-12,87.2082503570854,2.9890921901216054,-0.004335587844252586,0.017059657614396873
0,1967-05-15,87.4064948186789,2.9237890261134667,0.002273230580613017,-0.06530316400813874
0,1967-05-16,86.82112106774069,2.8533962891587787,-0.006697142496705055,-0.07039273695468795
0,1967-05-17,86.86537547943672,2.8610333246998336,0.0005097194225527346,0.007637035541054882
0,1967-05-18,87.37112702068937,2.8667030447564996,0.005822245497256517,0.0056697200566659944
0,1967-05-19,86.4895053171228,2.843083344085977,-0.010090538300573826,-0.023619700670522548
0,1967-05-22,87.77374751790765,2.832138710121451,0.014848532155156136,-0.010944633964526052
0,1967-05-23,87.41283301661238,2.775436693971944,-0.004111872985959053,-0.056702016149507095
0,1967-05-24,87.24571239951443,2.745094605029955,-0.0019118544878438115,-0.030342088941988976
0,1967-05-25,86.85119655327411,2.698695710728355,-0.0045218938030302525,-0.046398894301599825
0,1967-05-26,86.7001509402791,2.615106338354676,-0.0017391310539096594,-0.08358937237367892
0,1967-05-29,86.41593934288838,2.621881106482635,-0.0032780980691313744,0.00677476812795863
0,1967-05-31,86.3219574100494,2.6312059131311654,-0.0010875532170757651,0.009324806648530526
0,1967-06-01,86.03747533439962,2.6031123568199086,-0.0032955934293568134,-0.028093556311256762
0,1967-06-02,85.11508559790475,2.5758363128631636,-0.01072079036384821,-0.02727604395674499
0,1967-06-05,85.0133734059003,2.5522085563388988,-0.0011949960608035326,-0.023627756524264854
0,1967-06-06,84.1535109198757,2.5658023799307044,-0.010114437900483608,0.01359382359180561
0,1967-06-07,84.6108444334591,2.5407050772237287,0.005434514954686165,-0.025097302706975633
0,1967-06-08,84.00683747090969,2.4805186954503164,-0.007138647139072418,-0.06018638177341229
0,1967-06-09,84.10090435934336,2.467178468061471,0.0011197527637705207,-0.013340227388845438
0,1967-06-12,84.2005704663403,2.4683490843233287,0.0011850777082145214,0.0011706162618576599
0,1967-06-13,82.4583714503797,2.4432241270203576,-0.02069105952978134,-0.02512495730297104
0,1967-06-14,82.5765797761148,2.433612773081438,0.0014335515443235636,-0.009611353938919542
0,1967-06-15,83.31762053193424,2.4603060668292933,0.008973982185125351,0.02669329374785523
0,1967-06-16,83.78115317574974,2.461889054902164,0.005563440732657909,0.0015829880728706058
0,1967-06-19,83.11294604846192,2.4367525833924075,-0.007975625805556774,-0.025136471509756397
0,1967-06-20,82.21972335158245,2.402970286471036,-0.010747094638645649,-0.03378229692137147
0,1967-06-21,82.40903998462724,2.3744047220903237,0.002302569570019841,-0.02856556438071234
0,1967-06-22,83.14320232741149,2.3314344716846174,0.00890875980257988,-0.042970250405706345
0,1967-06-23,82.69409254728606,2.3758733896459563,-0.005401641596108675,0.04443891796133892
0,1967-06-26,83.07154726395642,2.3511393402209535,0.004564470145851374,-0.02473404942500279
0,1967-06-27,83.80369126164847,2.377606096254644,0.008813414722681046,0.02646675603369042
0,1967-06-28,83.5709832437176,2.3702334682724033,-0.002776823006570339,-0.007372627982240587
0,1967-06-29,82.93621279861819,2.315293968152925,-0.007595584262162447,-0.054939500119478346
0,1967-06-30,82.82676630717457,2.3362009495026013,-0.0013196466024965048,0.02090698134967628
0,1967-07-03,82.93845765388281,2.346905498900158,0.0013484933879226446,0.010704549397556828
0,1967-07-05,82.76822813750331,2.3369208919259146,-0.002052479889243841,-0.009984606974243526
0,1967-07-06,82.4749223213338,2.339616308868929,-0.0035437005572021008,0.0026954169430144503
0,1967-07-07,83.30383036773944,2.3699170183579987,0.010050425305962563,0.03030070948906971
0,1967-07-10,82.63917152770904,2.357153144733785,-0.007978730835020542,-0.01276387362421394
0,1967-07-11,82.4961926563925,2.316780053232797,-0.001730158575810492,-0.04037309150098789
0,1967-07-12,81.0884676741727,2.261182641261869,-0.01706412062048912,-0.05559741197092771
0,1967-07-13,81.1982850834429,2.2547089608572617,0.0013542913366109133,-0.006473680404607496
0,1967-07-14,81.08315840462058,2.2349636342588206,-0.0014178461860865355,-0.019745326598441082
0,1967-07-17,81.25610496343597,2.230019223375572,0.0021329529117792845,-0.004944410883248818
0,1967-07-18,82.80195209648093,2.232829833611926,0.019024381414055824,0.002810610236354094
0,1967-07-19,82.31933191324998,2.2045150150803168,-0.005828608758747578,-0.02831481853160911
0,1967-07-20,82.30853441921687,2.2153173923809497,-0.00013116595800966024,0.010802377300632937
0,1967-07-21,83.03228678798138,2.2073269904363895,0.008793163113296032,-0.007990401944560244
0,1967-07-24,83.5739438286882,2.250913808608265,0.0065234508365392685,0.043586818171875485
0,1967-07-25,84.16661338254954,2.2752067958217097,0.007091559004038572,0.02429298721344475
0,1967-07-26,83.9184368955743,2.2538234294862245,-0.0029486333951354027,-0.02138336633548521
0,1967-07-27,85.19146133639461,2.308018067714874,0.015169782564043999,0.05419463822864934
0,1967-07-28,85.14529522617424,2.261132422815404,-0.0005419100634753704,-0.04688564489946989
0,1967-07-31,85.09250508313576,2.2384926639418463,-0.0006200007046572864,-0.022639758873557625
0,1967-08-01,84.4504171533751,2.2141909883344257,-0.007545763626694679,-0.02430167560742058
0,1967-08-02,85.08436756881318,2.2191603171812555,0.007506776601076126,0.004969328846829768
0,1967-08-03,85.2273190518361,2.24373866535664,0.0016801145393401384,0.024578348175384512
0,1967-08-04,85.11704132395764,2.2587141676631877,-0.0012939246371388435,0.01497550230654765
0,1967-08-07,85.18761958425085,2.2386162207526916,0.0008291907142847776,-0.020097946910496045
0,1967-08-08,84.85858131630687,2.2187365204776848,-0.0038625127635896206,-0.01987970027500685
0,1967-08-09,85.02472831408195,2.2455366736164715,0.0019579280633479357,0.026800153138786698
0,1967-08-10,86.75815464520547,2.290629947831731,0.0203873198479414,0.04509327421525944
0,1967-08-11,86.80170453037476,2.299969901317783,0.0005019687814638019,0.0093399534860521
0,1967-08-14,86.67290560408595,2.283712979211969,-0.0014838294591754675,-0.016256922105814198
0,1967-08-15,86.4691191001296,2.27876777727396,-0.0023512134794145823,-0.004945201938008736
0,1967-08-16,86.83438346596633,2.268486398134141,0.004224217496812344,-0.01028137913981908
0,1967-08-17,86.51952735760699,2.262432057103939,-0.0036259382031857967,-0.006054341030202082
0,1967-08-18,87.31449755092493,2.2984768249110537,0.009188332594931126,0.03604476780711474
0,1967-08-21,87.53089896152564,2.3117457577748777,0.0024784132838249207,0.013268932863824023
0,1967-08-22,88.23431289305945,2.2785318885202046,0.008036178536713123,-0.03321386925467307
0,1967-08-23,89.70697783855857,2.3060702398063246,0.016690388321876526,0.027538351286120033
0,1967-08-24,90.47074004944409,2.319585400246682,0.00851396657526493,0.013515160440357388
0,1967-08-25,89.476847682866,2.2229503778805966,-0.010985787957906723,-0.09663502236608545
0,1967-08-28,88.6168637560596,2.2110407003594608,-0.00961124524474144,-0.011909677521135809
0,1967-08-29,89.88272990882314,2.2457737657497687,0.014284709468483925,0.03473306539030796
0,1967-08-30,89.20971847906448,2.248620364408309,-0.007487661205232143,0.0028465986585404224
0,1967-08-31,88.98262662989956,2.250776505187591,-0.0025455954018980265,0.0021561407792818343
0,1967-09-01,88.64013538232058,2.2572067921943613,-0.003848967608064413,0.0064302870067702855
0,1967-09-05,88.94591398246808,2.2849011091690765,0.0034496630541980267,0.02769431697471525
0,1967-09-06,88.55613370060888,2.2811588880012765,-0.004382216837257147,-0.003742221167799986
0,1967-09-07,88.45408974228461,2.2626035151049972,-0.0011523081921041012,-0.018555372896279287
0,1967-09-08,87.99674236926312,2.2668659860216263,-0.005170449148863554,0.004262470916629013
0,1967-09-11,87.92715156716507,2.2645854752237105,-0.0007908338448032737,-0.0022805107979158024
0,1967-09-12,87.46088357740759,2.25839808096754,-0.005302889738231897,-0.006187394256170542
0,1967-09-13,86.98622862801552,2.227969111527088,-0.00542705412954092,-0.030428969440452036
0,1967-09-14,86.66234364317832,2.2203125505354246,-0.0037234053015708923,-0.0076565609916632305
0,1967-09-15,86.50742200292532,2.209218025568732,-0.0017876465572044253,-0.01109452496669272
0,1967-09-18,86.7203094869825,2.2151120751453512,0.0024609158281236887,0.00589404957661932
0,1967-09-19,87.40137741884682,2.206394347449798,0.00785361509770155,-0.008717727695553457
0,1967-09-20,87.4752930111372,2.188133834226636,0.0008457028307020664,-0.01826051322316191
0,1967-09-21,87.93384072594355,2.1823204932035374,0.005242025479674339,-0.005813341023098495
0,1967-09-22,87.93247309350569,2.1727686565286666,-1.5552970580756664e-05,-0.009551836674870806
0,1967-09-25,88.16957556894569,2.1765122167114037,0.0026964154094457626,0.003743560182737138
0,1967-09-26,89.19760780248826,2.1975897307043737,0.011659716255962849,0.021077513992969976
0,1967-09-27,89.4124930177642,2.2069089093243193,0.0024090916849672794,0.009319178619945578
0,1967-09-28,90.47957727255562,2.2437106077187097,0.011934397742152214,0.0368016983943904
0,1967-09-29,91.21288226891554,2.288791618275325,0.00810464657843113,0.045081010556615286
0,1967-10-02,91.13895484357406,2.3198389239952393,-0.0008104932494461536,0.03104730571991432
0,1967-10-03,91.05700263898807,2.32779889906044,-0.0008992006187327206,0.00795997506520063
0,1967-10-04,90.63162840363448,2.314833179990913,-0.0046715158969163895,-0.012965719069526926
0,1967-10-05,89.86738867067689,2.1340181643639635,-0.008432373404502869,-0.18081501562694946
0,1967-10-06,89.76013477681019,2.2163407385813843,-0.0011934684589505196,0.08232257421742073
0,1967-10-09,90.61323931577908,2.228228164085335,0.009504269808530807,0.011887425503950944
0,1967-10-10,91.25936789863393,2.248585613084874,0.007130620069801807,0.02035744899953862
0,1967-10-11,90.88889827929519,2.230047037946478,-0.004059524275362492,-0.018538575138395963
0,1967-10-16,90.96766425109001,2.200824974527399,0.0008666181820444763,-0.029222063419078737
0,1967-10-17,90.2892984510078,2.215195916994412,-0.007457219064235687,0.01437094246701287
0,1967-10-18,89.99165155252662,2.1894192145190265,-0.0032965911086648703,-0.025776702475385438
0,1967-10-19,89.68703082397855,2.2174372264416027,-0.0033849887549877167,0.028018011922576136
0,1967-10-20,90.22610714887736,2.2416789525451337,0.006010638549923897,0.024241726103531036
0,1967-10-23,90.61830350727895,2.175844399221128,0.004346816800534725,-0.0658345533240059
0,1967-10-24,90.86261244040051,2.1256476139424754,0.0026960219256579876,-0.050196785278652456
0,1967-10-25,91.49633941313446,2.113156001130011,0.0069745625369250774,-0.012491612812464581
0,1967-10-26,92.02113978332999,2.120923684537805,0.005735752638429403,0.0077676834077942125
0,1967-10-27,92.90590096243905,2.2287726934106065,0.009614760056138039,0.10784900887280147
0,1967-10-30,93.44776725883833,2.2901562846926766,0.005832420662045479,0.06138359128207016
0,1967-10-31,93.95106836396545,2.296596534639281,0.005385908298194408,0.006440249946604304
0,1967-11-01,93.10976052439183,2.293898774640596,-0.008954744786024094,-0.0026977599986848233
0,1967-11-02,93.38569867956805,2.2899497642826105,0.002963579259812832,-0.003949010357985561
0,1967-11-03,93.31515121545895,2.23769117447988,-0.0007554418407380581,-0.05225858980273035
0,1967-11-06,92.36640548128679,2.176687752474649,-0.01016711350530386,-0.06100342200523112
0,1967-11-08,90.43491207329465,2.1814257261959416,-0.020911211147904396,0.004737973721292477
0,1967-11-09,90.97540718926848,2.223686413240894,0.005976620130240917,0.04226068704495267
0,1967-11-10,90.20051568459589,2.1587167747081892,-0.008517593145370483,-0.06496963853270499
0,1967-11-13,90.7918034053825,2.191454460077173,0.006555258762091398,0.032737685368983804
0,1967-11-14,91.2584070692645,2.1800413481770313,0.005139270797371864,-0.011413111900141715
0,1967-11-15,91.05480958513489,2.175088857379848,-0.002230999758467078,-0.004952490797183184
0,1967-11-16,91.38022821474915,2.177822615403659,0.003573876339942217,0.0027337580238109283
0,1967-11-17,91.27047508679688,2.17042482704107,-0.001201059902086854,-0.007397788362589086
0,1967-11-20,90.3055014504136,2.1965028045495893,-0.010572681203484535,0.026077977508519368
0,1967-11-21,90.3967025643668,2.1869977379889227,0.0010099175851792097,-0.00950506656066663
0,1967-11-22,89.62715233289788,2.1563733399437557,-0.00851303432136774,-0.030624398045167034
0,1967-11-24,88.72444598929052,2.1301939363375206,-0.01007179543375969,-0.026179403606235052
0,1967-11-27,89.94355386650616,2.153932587504411,0.013740383088588715,0.023738651166890445
0,1967-11-28,89.95148472855188,2.097726394348152,8.817599155008793e-05,-0.056206193156258966
0,1967-11-29,89.59183806852043,2.0517395864489125,-0.003998229280114174,-0.04598680789923959
0,1967-11-30,90.27766778902229,2.074531358509337,0.007655046880245209,0.022791772060424265
0,1967-12-01,89.73723607922696,2.037751365811564,-0.005986327771097422,-0.03677999269777299
0,1967-12-04,89.30024287467,2.066314370065852,-0.004869697615504265,0.02856300425428815
0,1967-12-05,89.89070182406932,2.007721760113301,0.006612064316868782,-0.05859260995255111
0,1967-12-06,88.9066734805171,1.9545545679411795,-0.010946942493319511,-0.05316719217212129
0,1967-12-07,90.45977290497844,2.00465875581935,0.017468873411417007,0.05010418787817028
0,1967-12-08,90.20925981111363,1.9755568913028416,-0.0027693314477801323,-0.029101864516508202
0,1967-12-11,88.22297666776008,1.9022107560166068,-0.022018617019057274,-0.07334613528623479
0,1967-12-12,89.06144428069362,1.9163417308071806,0.00950395967811346,0.014130974790573791
0,1967-12-13,89.66469851100393,1.9200427654668022,0.0067734611220657825,0.0037010346596215715
0,1967-12-14,90.52987027590974,1.9208009477960724,0.009648967534303665,0.0007581823292701628
0,1967-12-15,90.89356793581022,1.9282472530024473,0.004017432685941458,0.0074463052063749036
0,1967-12-18,90.9250679712221,1.9322134679013467,0.0003465595655143261,0.003966214898899478
0,1967-12-19,91.13749749691947,1.966950218666516,0.002336314180865884,0.034736750765169244
0,1967-12-20,91.72762647472878,1.963579575685401,0.006475150119513273,-0.003370642981114891
0,1967-12-21,90.68546080263076,1.9512051589780153,-0.01136152446269989,-0.012374416707385816
0,1967-12-22,91.71212389481451,1.9707940605878669,0.011321143247187138,0.019588901609851606
0,1967-12-26,90.81076404268669,1.9540121761913036,-0.009828142821788788,-0.01678188439656325
0,1967-12-27,91.0574328629575,1.9729984868948183,0.0027162949554622173,0.01898631070351464
0,1967-12-28,90.86327565209366,2.020803196010252,-0.0021322499960660934,0.04780470911543366
0,1967-12-29,90.53276796629785,2.023917600320055,-0.003637417685240507,0.0031144043098030316
0,1968-01-02,90.08672675911201,1.9667002246496281,-0.004926848225295544,-0.05721737567042684
0,1968-01-03,89.71228894706286,1.9589129560346739,-0.0041564148850739,-0.007787268614954268
0,1968-01-04,89.34313700701456,1.9655527151031935,-0.0041148425079882145,0.006639759068519657
0,1968-01-05,90.50998748044888,1.9795238626267218,0.013060325756669044,0.013971147523528238
0,1968-01-08,90.02123973098524,1.9583058063553322,-0.005399931687861681,-0.021218056271389507
0,1968-01-09,90.82064951772195,1.971004615982534,0.008880235254764557,0.012698809627201824
0,1968-01-10,90.80614019525679,1.9533807896305466,-0.00015975796850398183,-0.01762382635198745
0,1968-01-11,91.37628590940822,1.9719369810532208,0.00627871323376894,0.018556191422674173
0,1968-01-12,91.4420724110189,1.9545954423546066,0.0007199515821412206,-0.01734153869861421
0,1968-01-15,90.6651502918261,1.9248319397152356,-0.008496331050992012,-0.029763502639370998
0,1968-01-16,89.78941765515663,1.9103223347080274,-0.009658977389335632,-0.014509605007208215
0,1968-01-17,90.16853889139702,1.9085100977230898,0.004222337622195482,-0.0018122369849375985
0,1968-01-18,90.85269460415915,1.9241089879469797,0.0075875213369727135,0.015598890223889939
0,1968-01-19,91.86496860889885,1.9604853750059699,0.011141926050186157,0.036376387058990156
0,1968-01-22,92.3449969474234,1.9812955281034332,0.0052253687754273415,0.02081015309746337
0,1968-01-23,92.76857835302948,1.9821268562934882,0.004586944822221994,0.0008313281900549363
0,1968-01-24,92.41798920801202,1.959611687904339,-0.003779179882258177,-0.02251516838914913
0,1968-01-25,92.61046085128619,1.9732433167562091,0.002082620980218053,0.013631628851870081
0,1968-01-26,92.58768311882845,1.982630435236292,-0.0002459520474076271,0.00938711848008289
0,1968-01-29,92.19280108071744,1.9834834131371735,-0.004264952149242163,0.0008529779008814575
0,1968-01-30,93.09040681490664,2.0185885416650136,0.009736180305480957,0.03510512852784009
0,1968-01-31,92.18778443370581,1.9973571027788994,-0.009696191176772118,-0.021231438886114118
0,1968-02-01,92.32813311908671,1.99346704382061,0.0015224217204377055,-0.003890058958289533
0,1968-02-02,91.36376812055427,1.9605631788461997,-0.010444974526762962,-0.032903864974410224
0,1968-02-05,90.39712639247887,1.9205096893528009,-0.010580142959952354,-0.04005348949339882
0,1968-02-06,90.43049397281166,1.9144576369338282,0.00036912213545292616,-0.006052052418972664
0,1968-02-07,90.64964028957311,1.9175487738678287,0.002423367463052273,0.003091136934000538
0,1968-02-08,90.01961403387523,1.8808946185791369,-0.00695012416690588,-0.03665415528869187
0,1968-02-09,89.78973056790943,1.8350689724609557,-0.00255370419472456,-0.045825646118181185
0,1968-02-13,89.50529761550226,1.8197419316437722,-0.0031677670776844025,-0.015327040817183502
0,1968-02-14,89.87126357790683,1.82431422369801,0.0040887631475925446,0.004572292054237925
0,1968-02-15,90.21300338609906,1.8137646271277883,0.003802548162639141,-0.010549596570221809
0,1968-02-16,90.01058138266727,1.7975590833775474,-0.002243822906166315,-0.01620554375024086
0,1968-02-19,89.32594458030513,1.7717007073653226,-0.007606181316077709,-0.02585837601222485
0,1968-02-20,90.36746266010175,1.8027648020180984,0.01165974885225296,0.03106409465277582
0,1968-02-21,89.8956771188877,1.8120285656129957,-0.00522074569016695,0.009263763594897334
0,1968-02-23,90.70591313090155,1.8248711124063586,0.009013069793581963,0.01284254679336283
0,1968-02-26,89.93929732485164,1.800477364308536,-0.008451662957668304,-0.024393748097822465
0,1968-02-27,90.526162597957,1.8268683954151979,0.006525126285851002,0.026391031106661744
0,1968-02-28,90.24911974261859,1.8241566002509269,-0.0030603623017668724,-0.0027117951642710025
0,1968-02-29,91.25397433117165,1.8129067382576574,0.011134231463074684,-0.011249861993269494
0,1968-03-01,91.63738200294108,1.8145285758578866,0.004201544914394617,0.00162183760022927
0,1968-03-04,92.30031423215291,1.8334975919606462,0.007234299089759588,0.018969016102759584
0,1968-03-05,92.85075245409679,1.8516189743596556,0.0059635573998093605,0.0181213823990094
0,1968-03-06,92.29973267766847,1.8386782353288396,-0.005934467539191246,-0.01294073903081605
0,1968-03-07,92.67506394220614,1.8454639813707385,0.0040664393454790115,0.006785746041898966
0,1968-03-08,93.69098681961898,1.8661950379926178,0.01096220314502716,0.02073105662187924
0,1968-03-11,95.23683992816092,1.8818163267960188,0.016499485820531845,0.015621288803401079
0,1968-03-12,94.48493440681553,1.873572581044184,-0.007895112037658691,-0.008243745751834952
0,1968-03-13,93.61938017246167,1.8351929021365172,-0.009160764515399933,-0.03837967890766669
0,1968-03-14,92.71764137597505,1.7980629945967093,-0.009631967172026634,-0.03712990753980794
0,1968-03-15,92.74020216769202,1.8034457907449548,0.00024332792963832617,0.00538279614824555
0,1968-03-18,92.14061999538113,1.7777288411443886,-0.006465180777013302,-0.025716949600566252
0,1968-03-19,92.41546191835896,1.7997158548952914,0.002982852980494499,0.02198701375090284
0,1968-03-20,92.11449058986697,1.7839952445521354,-0.0032567204907536507,-0.015720610343155972
0,1968-03-21,91.97764162264878,1.7572630506079272,-0.00148563995026052,-0.026732193944208227
0,1968-03-22,92.22538011501344,1.7516703003573657,0.00269346428103745,-0.005592750250561496
0,1968-03-25,92.86419005471271,1.7813723076864072,0.006926617585122585,0.02970200732904149
0,1968-03-26,93.72499208387755,1.8105267026764837,0.00926947221159935,0.02915439499007655
0,1968-03-27,94.00445228586592,1.8220165767119405,0.002981704194098711,0.01148987403545676
0,1968-03-28,94.76333475540234,1.8272415081036923,0.008072835393249989,0.005224931391751841
0,1968-03-29,94.45099547054357,1.8375785376162024,-0.0032959929667413235,0.010337029512510032
0,1968-04-01,94.88432999746497,1.8757350436725984,0.00458792969584465,0.03815650605639598
0,1968-04-02,93.83089913385709,1.8561697021930275,-0.011102263815701008,-0.019565341479570897
0,1968-04-03,93.82278054737914,1.8399582690064156,-8.652359247207642e-05,-0.01621143318661189
0,1968-04-04,93.02306533873589,1.8118803359615558,-0.008523678407073021,-0.028077933044859726
0,1968-04-05,93.67771939866158,1.8022601935277272,0.007037545554339886,-0.009620142433828693
0,1968-04-08,94.32134039675942,1.8130346648320383,0.006870587822049856,0.010774471304311195
0,1968-04-10,94.60085095933223,1.8127171409360026,0.002963386243209243,-0.00031752389603578735
0,1968-04-11,94.20732661619421,1.7702260742270937,-0.004159839358180761,-0.0424910667089089
0,1968-04-15,94.69388859278473,1.7818643964295293,0.0051647997461259365,0.011638322202435658
0,1968-04-16,93.85520628138222,1.747347097901985,-0.008856773376464844,-0.03451729852754437
0,1968-04-17,92.94211023795222,1.7243139038921345,-0.00972877349704504,-0.02303319400985049
0,1968-04-18,93.14146516000275,1.7311770164519498,0.0021449364721775055,0.00686311255981531
0,1968-04-19,92.9261219274852,1.714200543662499,-0.002312001772224903,-0.016976472789450803
0,1968-04-22,93.81078577716826,1.7472465190793336,0.009520077146589756,0.03304597541683463
0,1968-04-23,95.62948737834745,1.8284246673407392,0.019386913627386093,0.08117814826140557
0,1968-04-24,95.14508054819058,1.8119216304310706,-0.005065454635769129,-0.01650303690966859
0,1968-04-25,96.17065627234622,1.8226520394377907,0.010779072530567646,0.010730409006720176
0,1968-04-26,96.02699033565834,1.8079536243236092,-0.001493864576332271,-0.014698415114181573
0,1968-04-29,97.4962236866129,1.8273499523610952,0.015300212427973747,0.019396328037486033
0,1968-04-30,96.52777794628999,1.8118654816950024,-0.009933161549270153,-0.01548447066609282
0,1968-05-01,96.02406119565062,1.8000789128799328,-0.00521836057305336,-0.011786568815069565
0,1968-05-02,95.29734185567364,1.802759526481611,-0.007568096276372671,0.00268061360167815
0,1968-05-03,95.58427339815232,1.8057767071919548,0.003010908141732216,0.0030171807103438475
0,1968-05-06,95.21758514232882,1.784877750314842,-0.0038362822961062193,-0.02089895687711274
0,1968-05-07,94.57919175371188,1.782603962599853,-0.006704574450850487,-0.002273787714988984
0,1968-05-08,94.35833948959733,1.7061749116845957,-0.0023351041600108147,-0.07642905091525742
0,1968-05-09,94.50314760145004,1.6813263588090288,0.0015346615109592676,-0.024848552875566865
0,1968-05-10,93.10033527725886,1.6302118329096857,-0.014844080433249474,-0.051114525899343066
0,1968-05-13,92.93533529885306,1.6238674850785948,-0.0017722812481224537,-0.006344347831090946
0,1968-05-14,92.94019895357086,1.6291325766548685,5.233375122770667e-05,0.0052650915762737505
0,1968-05-15,93.16187457132207,1.6425617350142396,0.0023851424921303988,0.013429158359371085
0,1968-05-16,93.19155081290712,1.6530259719744305,0.0003185449168086052,0.010464236960190831
0,1968-05-17,93.10980014275714,1.6530553808514792,-0.0008772326400503516,2.9408877048719972e-05
0,1968-05-20,91.60908367501582,1.6188522568996067,-0.016117706894874573,-0.03420312395187253
0,1968-05-21,92.34894986352595,1.6493694505057204,0.008076340891420841,0.030517193606113713
0,1968-05-22,93.63244817643903,1.6725770396713027,0.013898353092372417,0.0232075891655823
0,1968-05-23,94.07132321848154,1.6674539444850174,0.004687211010605097,-0.005123095186285287
0,1968-05-24,93.52977823764625,1.6515634259976961,-0.005756748840212822,-0.01589051848732126
0,1968-05-27,92.23250541401622,1.6032587608495794,-0.013870158232748508,-0.04830466514811671
0,1968-05-28,92.19416004308911,1.5777449534609356,-0.00041574682109057903,-0.02551380738864384
0,1968-05-29,92.36436485247411,1.580954431089985,0.00184615608304739,0.00320947762904944
0,1968-05-31,92.56568538943569,1.578722289612774,0.002179634291678667,-0.0022321414772110693
0,1968-06-03,93.31133583137165,1.56198224469873,0.008055365644395351,-0.016740044914044017
0,1968-06-04,93.86980045542994,1.5754414190345574,0.005984960123896599,0.01345917433582744
0,1968-06-05,94.6177348435269,1.6194140829467596,0.007967785000801086,0.043972663912202226
0,1968-06-06,95.47594234176981,1.6190527558169763,0.00907026045024395,-0.0003613271297833176
0,1968-06-07,95.20614159082557,1.605868131977347,-0.002825850620865822,-0.013184623839629372
0,1968-06-10,95.20628538755274,1.5780089444869072,1.5103723853826523e-06,-0.027859187490439696
0,1968-06-11,95.5820513863137,1.586710954107884,0.0039468612521886826,0.008702009620976892
0,1968-06-13,95.51894352954658,1.55443718529261,-0.000660247984342277,-0.032273768815274106
0,1968-06-14,94.51060639250275,1.53522158653192,-0.010556410066783428,-0.0192155987606899
0,1968-06-17,95.10577178481637,1.5529356767517095,0.0062973396852612495,0.017714090219789425
0,1968-06-18,94.93186888156265,1.5851844827135229,-0.0018285210244357586,0.03224880596181334
0,1968-06-20,95.15065705288505,1.6037133545236577,0.0023046862334012985,0.01852887181013485
0,1968-06-21,94.74492243439765,1.5803508671705282,-0.004264128394424915,-0.023362487353129513
0,1968-06-24,94.79025936105431,1.593126930787705,0.00047851563431322575,0.012776063617176758
0,1968-06-25,94.72945583517453,1.599698084779094,-0.0006414533127099276,0.006571153991389078
0,1968-06-27,95.3076718093399,1.5739956654981777,0.00610386673361063,-0.025702419280916322
0,1968-06-28,95.74876098149099,1.5846454743562206,0.004628055263310671,0.010649808858042897
0,1968-07-01,95.77400421430966,1.563347455476213,0.0002636403078213334,-0.021298018880007596
0,1968-07-02,95.23032782357018,1.5744252016295872,-0.005676659289747477,0.011077746153374202
0,1968-07-03,94.32049180703262,1.5577756382468744,-0.009554057382047176,-0.01664956338271284
0,1968-07-08,93.0419168784847,1.5318299563541926,-0.013555643148720264,-0.02594568189268176
0,1968-07-09,93.15495520887437,1.5073676242158163,0.0012149183312430978,-0.02446233213837634
0,1968-07-11,91.98927007395383,1.4889913389717093,-0.012513399124145508,-0.01837628524410695
0,1968-07-12,91.81367738004175,1.4655490802420508,-0.0019088388653472066,-0.02344225872965855
0,1968-07-15,91.2729510284882,1.4418429355206712,-0.005889387801289558,-0.023706144721379552
0,1968-07-16,91.42293077857846,1.4521113852185963,0.0016432004049420357,0.010268449697925064
0,1968-07-18,91.30454541942495,1.4459071640462757,-0.0012949197553098202,-0.0062042211723205565
0,1968-07-19,91.2477460767455,1.3985794697058906,-0.0006220866926014423,-0.047327694340385085
0,1968-07-22,91.5152769237944,1.3884247426491068,0.002931917319074273,-0.010154727056783885
0,1968-07-23,91.23566104176724,1.3745052008823793,-0.0030554011464118958,-0.013919541766727495
0,1968-07-25,91.74091531943422,1.4294957708564096,0.005537903402000666,0.05499056997403029
0,1968-07-26,91.66669896507706,1.4356791445973915,-0.0008089776965789497,0.00618337374098199
0,1968-07-29,92.06608743213204,1.3825710916758687,0.004356963559985161,-0.053108052921522875
0,1968-07-30,92.15017406644215,1.3602707109005132,0.000913329073227942,-0.022300380775355455
0,1968-08-01,93.10807879383412,1.3859450703319045,0.010395039804279804,0.02567435943139129
0,1968-08-02,93.17797472619013,1.3736131338073345,0.0007506967522203922,-0.012331936524569986
0,1968-08-05,92.65535980609326,1.2633935631231916,-0.005608781706541777,-0.1102195706841429
0,1968-08-06,92.24350750041695,1.2595938745604296,-0.0044449917040765285,-0.003799688562762027
0,1968-08-08,93.36811428626163,1.2928261184318532,0.012191717512905598,0.03323224387142365
0,1968-08-09,93.01155963381974,1.2866347025603238,-0.003818805329501629,-0.006191415871529493
0,1968-08-12,92.01947584212178,1.2521382080175354,-0.010666241869330406,-0.03449649454278836
0,1968-08-13,91.67853545333821,1.1790923899577244,-0.003705089446157217,-0.07304581805981103
0,1968-08-15,91.61750159385481,1.1498208066374052,-0.0006657377234660089,-0.029271583320319206
0,1968-08-16,92.3385867797241,1.1487256711824776,0.00787060521543026,-0.001095135454927565
0,1968-08-19,92.21700561465549,1.1250876854199776,-0.0013166886055842042,-0.02363798576249998
0,1968-08-20,92.72602121010316,1.1634707455466593,0.005519758444279432,0.03838306012668169
0,1968-08-22,93.18485447338743,1.1659718073960592,0.0049482686445117,0.0025010618493999104
0,1968-08-23,92.93473752011391,1.1393719303930165,-0.002684094477444887,-0.02659987700304267
0,1968-08-26,91.48139766551006,1.092057310350284,-0.015638284385204315,-0.04731462004273257
0,1968-08-27,91.5420246225673,1.1047443945277649,0.0006627244292758405,0.012687084177480878
0,1968-08-29,92.19781093354538,1.1205621900720568,0.007163773290812969,0.015817795544291968
0,1968-08-30,92.49893593514096,1.1360838427371085,0.0032660753931850195,0.015521652665051677
0,1968-09-03,92.06289534452908,1.1255307651127562,-0.004714006558060646,-0.010553077624352314
0,1968-09-04,92.59838249179387,1.174464466715826,0.005816536024212837,0.04893370160306976
0,1968-09-05,92.06105812202006,1.1583845069770164,-0.005802740342915058,-0.01607995973880949
0,1968-09-06,92.67541519882252,1.14866207546015,0.006673365365713835,-0.00972243151686647
0,1968-09-09,93.3131670790306,1.1728431797282672,0.0068815648555755615,0.02418110426811726
0,1968-09-10,93.70884903197138,1.3030328439419803,0.004240365698933601,0.13018966421371303
0,1968-09-12,93.53423423308281,1.2236603969640434,-0.0018633757717907429,-0.07937244697793688
0,1968-09-13,93.51264867042741,1.1908831647030522,-0.0002307771355845034,-0.03277723226099116
0,1968-09-16,93.19115210948013,1.2035100558257563,-0.003438000800088048,0.012626891122704098
0,1968-09-17,93.27406778379874,1.204110220422437,0.0008897376246750355,0.0006001645966806635
0,1968-09-19,94.31753617850522,1.2368727377556221,0.011187122203409672,0.03276251733318514
0,1968-09-20,94.98920907841274,1.2299246457980026,0.007121399976313114,-0.006948091957619473
0,1968-09-23,96.65265419635584,1.2542611490701776,0.017511937767267227,0.02433650327217496
0,1968-09-24,96.52056672821142,1.2594254346639138,-0.001366620184853673,0.005164285593736162
0,1968-09-26,97.74245602225774,1.2786511457644076,0.012659367173910141,0.01922571110049387
0,1968-09-27,99.09894512219591,1.3302719511086003,0.01387819740921259,0.051620805344192666
0,1968-09-30,99.60775819032122,1.3509809790714622,0.005134394392371178,0.020709027962861892
0,1968-10-01,99.81217829014888,1.3738620054702442,0.0020522507838904858,0.02288102639878198
0,1968-10-03,98.96683367559412,1.383341414402938,-0.008469353429973125,0.009479408932693723
0,1968-10-04,98.89467052036268,1.3539957366399213,-0.0007291650399565697,-0.029345677763016553
0,1968-10-07,99.4622982458213,1.3669476969981464,0.005739720072597265,0.0129519603582251
0,1968-10-08,99.60911578956198,1.3671179984293997,0.0014761125203222036,0.00017030143125329467
0,1968-10-10,98.97115895769504,1.3355796896659777,-0.006404602900147438,-0.03153830876342201
0,1968-10-11,98.50174008463111,1.3446343502836025,-0.004742986522614956,0.009054660617624721
0,1968-10-14,98.5466397155822,1.3232203055806853,0.00045582576422020793,-0.02141404470291719
0,1968-10-15,98.12533344691423,1.3176614450831599,-0.004275196697562933,-0.0055588604975254086
0,1968-10-17,97.36131980788862,1.298484356499148,-0.007786099798977375,-0.019177088584011903
0,1968-10-18,98.01498601785175,1.31197034107387,0.006713818293064833,0.013485984574721943
0,1968-10-21,98.35986581681085,1.277092929733102,0.003518643556162715,-0.03487741134076794
0,1968-10-22,98.19138475565218,1.295458806716051,-0.0017129045445472002,0.018365876982949114
0,1968-10-24,97.64843946392824,1.270343228951984,-0.005529459565877914,-0.025115577764067032
0,1968-10-25,97.6091960874893,1.265050552114857,-0.0004018843173980713,-0.005292676837127086
0,1968-10-28,98.28041502832924,1.2570435033705558,0.006876595318317413,-0.008007048744301137
0,1968-10-29,98.74975982467386,1.2677508457973004,0.004775567911565304,0.010707342426744537
0,1968-10-31,98.97721393617833,1.269527866516253,0.0023033383768051863,0.0017770207189526932
0,1968-11-01,99.40704158081391,1.292815783333106,0.004342692904174328,0.023287916816852938
0,1968-11-04,99.31804559194302,1.2950619046901213,-0.0008952684584073722,0.002246121357015296
0,1968-11-06,98.97948278097768,1.2803295472608578,-0.003408875083550811,-0.014732357429263487
0,1968-11-07,98.83768498477124,1.277228932607193,-0.0014325978700071573,-0.003100614653664735
0,1968-11-08,98.32948088923249,1.2622529375694154,-0.005141804926097393,-0.01497599503777769
0,1968-11-12,98.16453148261233,1.2238056971829863,-0.0016775173135101795,-0.038447240386429105
0,1968-11-13,99.35314886105016,1.238824387731553,0.01210842002183199,0.015018690548566749
0,1968-11-14,99.96286201075496,1.248803116018802,0.006136827636510134,0.009978728287248995
0,1968-11-15,99.61758304796588,1.2592147286897666,-0.0034540724009275436,0.010411612670964576
0,1968-11-18,98.6991688301195,1.2443081605890898,-0.009219398722052574,-0.01490656810067681
0,1968-11-19,97.6921181228325,1.2143470786087092,-0.010203233920037746,-0.02996108198038061
0,1968-11-21,97.29372681356706,1.1816048097952352,-0.004078029189258814,-0.032742268813473974
0,1968-11-22,96.18896872487471,1.1162595988583968,-0.011354874819517136,-0.06534521093683843
0,1968-11-25,95.93203987426097,1.1169581664360033,-0.0026710843667387962,0.000698567577606557
0,1968-11-26,96.65775146998487,1.147533956084357,0.0075648510828614235,0.030575789648353613
0,1968-11-27,96.56042296703454,1.1467550306010716,-0.001006939448416233,-0.0007789254832852865
0,1968-11-29,96.16143788180216,1.1229008237541935,-0.004131973255425692,-0.023854206846878112
0,1968-12-02,94.66502537335587,1.123330072767586,-0.015561461448669434,0.0004292490133923632
0,1968-12-03,94.90419246314238,1.1327037877927322,0.0025264567229896784,0.009373715025146279
0,1968-12-05,96.04533146047771,1.1547055090676797,0.012024115771055222,0.022001721274947483
0,1968-12-06,96.30707375332184,1.1545467081664404,0.002725195372477174,-0.00015880090123920887
0,1968-12-09,96.41269684615479,1.144595826755532,0.0010967324487864971,-0.009950881410908385
0,1968-12-10,96.8421314713501,1.1665224066301483,0.004454129375517368,0.021926579874616214
0,1968-12-12,95.63597610987412,1.1265704440849358,-0.012454861775040627,-0.039951962545212494
0,1968-12-13,95.80427645767018,1.1195364676586526,0.001759801642037928,-0.007033976426283228
0,1968-12-16,95.44769531129897,1.1135475689763856,-0.0037219752557575703,-0.00598889868226693
0,1968-12-17,96.06518744424662,1.110971558043205,0.006469429470598698,-0.002576010933180717
0,1968-12-19,96.80828271363903,1.1302013735932321,0.0077353231608867645,0.01922981555002723
0,1968-12-20,96.16430884305332,1.1090693215969736,-0.0066520534455776215,-0.02113205199625856
0,1968-12-23,97.59327594666874,1.1551486816680698,0.014859640970826149,0.046079360071096254
0,1968-12-24,97.91571717847611,1.174173976064075,0.003303928766399622,0.0190252943960052
0,1968-12-26,97.64406079910539,1.162246124313443,-0.0027743899263441563,-0.011927851750632046
0,1968-12-27,97.16354037288909,1.1190849357571477,-0.0049211434088647366,-0.04316118855629525
0,1968-12-30,96.22282472350635,1.104500024170651,-0.00968177616596222,-0.014584911586496663
0,1968-12-31,97.30664179810235,1.1402707419514793,0.011263617314398289,0.03577071778082819
0,1969-01-02,97.04587992068325,1.127247050908658,-0.0026797952596098185,-0.013023691042821195
0,1969-01-03,97.871473741831,1.1282725778600593,0.008507252670824528,0.0010255269514012344
0,1969-01-06,97.99468618350204,1.128758839878903,0.0012589208781719208,0.00048626201884371945
0,1969-01-07,99.22019757563295,1.1924835286637885,0.012505896389484406,0.06372468878488546
0,1969-01-08,99.24281430461947,1.164490067620266,0.000227944809012115,-0.027993461043522405
0,1969-01-09,99.95363145924222,1.1867124469403902,0.0071624042466282845,0.022222379320124164
0,1969-01-10,100.03572465347156,1.199711071987389,0.0008213127730414271,0.012998625046998669
0,1969-01-13,100.19585968360998,1.1991766655437273,0.001600778428837657,-0.0005344064436616502
0,1969-01-14,101.03378059330733,1.2382241955184992,0.008362829685211182,0.0390475299747719
0,1969-01-15,101.67780972372154,1.2663727613737716,0.006374394055455923,0.028148565855272478
0,1969-01-16,101.89813336601816,1.2710910208560244,0.0021668802946805954,0.004718259482252796
0,1969-01-17,101.30893057466882,1.253520296377346,-0.005782272666692734,-0.017570724478678468
0,1969-01-20,101.63688069453379,1.2735527728896787,0.003237129421904683,0.020032476512332753
0,1969-01-21,102.15054769860811,1.2857465370364172,0.005053943023085594,0.01219376414673845
0,1969-01-22,101.65023861862042,1.2779105941002373,-0.004897762089967728,-0.00783594293617984
0,1969-01-23,102.80698993741115,1.307948672367519,0.011379720643162727,0.030038078267281776
0,1969-01-24,102.65915822465278,1.2973768036778406,-0.001437953906133771,-0.01057186868967852
0,1969-01-27,102.44133589386666,1.299256962194272,-0.0021218012552708387,0.0018801585164314183
0,1969-01-28,101.76858423149854,1.2763461787399486,-0.00656718946993351,-0.022910783454323402
0,1969-01-29,101.99305694251291,1.2895079419105189,0.002205717144533992,0.013161763170570273
0,1969-01-30,101.64094684861949,1.2827691771036527,-0.0034522947389632463,-0.006738764806866193
0,1969-01-31,100.69489799071218,1.2556612409068784,-0.009307753294706345,-0.027107936196774318
0,1969-02-03,100.41683874048738,1.2230289983088847,-0.002761403564363718,-0.03263224259799369
0,1969-02-04,100.51917714906965,1.241970823541666,0.0010191359324380755,0.018941825232781317
0,1969-02-05,101.43066849056777,1.2609382528942108,0.009067835286259651,0.018967429352544807
0,1969-02-06,101.04185211594532,1.2634713909033521,-0.0038333216216415167,0.0025331380091413447
0,1969-02-07,102.4242436280357,1.3111031674658622,0.013681375421583652,0.04763177656251005
0,1969-02-11,103.00023827178173,1.3331836927057819,0.005623616278171539,0.022080525239919657
0,1969-02-14,104.1441490666368,1.3778414166674895,0.01110590435564518,0.04465772396170764
0,1969-02-17,105.02128526593802,1.392783945963254,0.008422328159213066,0.014942529295764562
0,1969-02-18,104.88757792063195,1.3879832435964061,-0.0012731452006846666,-0.004800702366847931
0,1969-02-19,103.0156190679118,1.3163286481088647,-0.01784728839993477,-0.07165459548754138
0,1969-02-20,103.52516645407943,1.3318761126064091,0.0049463119357824326,0.015547464497544405
0,1969-02-24,103.03460412573675,1.3396334157560643,-0.00473858043551445,0.00775730314965517
0,1969-02-25,102.95670699692141,1.3235657059880737,-0.0007560288067907095,-0.016067709767990657
0,1969-02-26,102.2939612615661,1.2921720015701716,-0.006437130272388458,-0.03139370441790201
0,1969-02-27,102.06495989766115,1.2914843320959573,-0.002238659653812647,-0.0006876694742143918
0,1969-02-28,103.1279956277869,1.3251953139743775,0.01041528582572937,0.033710981878420254
0,1969-03-03,104.51704152372042,1.369790862636658,0.013469144701957703,0.04459554866228044
0,1969-03-04,103.19074671834461,1.3272072474007928,-0.012689746916294098,-0.04258361523586518
0,1969-03-05,103.61525289719157,1.3304529172955402,0.004113800823688507,0.003245669894747394
0,1969-03-06,103.14949302313549,1.3144661543797367,-0.004495089873671532,-0.015986762915803476
0,1969-03-07,103.91358455876983,1.313499324754468,0.007407613098621368,-0.0009668296252687281
0,1969-03-10,104.71922881913285,1.346060622135012,0.00775302154943347,0.03256129738054403
0,1969-03-11,105.48790789728285,1.363898323626859,0.007340381387621164,0.017837701491846936
0,1969-03-12,106.09816994008236,1.3848297529542257,0.005785137414932251,0.0209314293273668
0,1969-03-13,106.84198177704926,1.3881640609528443,0.007010600063949823,0.0033343079986185575
0,1969-03-14,106.87663965817481,1.3963226472798413,0.000324384483974427,0.008158586326997064
0,1969-03-17,106.4115739780925,1.3851193209915975,-0.004351424984633923,-0.011203326288243831
0,1969-03-18,106.60754982590197,1.3914499298733642,0.0018416779348626733,0.0063306088817667305
0,1969-03-19,106.53516196650607,1.3582950891017433,-0.0006790125044062734,-0.0331548407716209
0,1969-03-20,106.33425154177128,1.3308617711424422,-0.001885860227048397,-0.02743331795930115
0,1969-03-21,107.09061132202187,1.3631013684321076,0.007113039959222078,0.03223959728966541
0,1969-03-24,107.79697719724597,1.3798544210029005,0.006595964543521404,0.016753052570792848
0,1969-03-25,107.16930974786253,1.3560289295441332,-0.0058226813562214375,-0.023825491458767223
0,1969-03-26,107.29086418804812,1.3254436108200036,0.0011342280777171254,-0.030585318724129618
0,1969-03-27,103.61043747457121,1.2427533673710154,-0.03430326282978058,-0.08269024344898823
0,1969-03-28,102.568314649594,1.2204806404310256,-0.010058087296783924,-0.02227272693998983
0,1969-04-01,101.33876523926139,1.170691596295656,-0.011987614445388317,-0.049789044135369664
0,1969-04-02,100.0689642785937,1.105535853328382,-0.012530258856713772,-0.065155742967274
0,1969-04-03,100.28985010752959,1.1008516994709445,0.002207336015999317,-0.0046841538574373676
0,1969-04-07,100.6247212374555,1.1040960262545745,0.003339033108204603,0.0032443267836299583
0,1969-04-08,101.95795998048101,1.1257282219911062,0.013249614275991917,0.021632195736531745
0,1969-04-09,102.29300275012518,1.1264556618037487,0.0032860874198377132,0.0007274398126424497
0,1969-04-10,101.67494462638231,1.1008807610281073,-0.006042037159204483,-0.025574900775641396
0,1969-04-11,101.81619691449328,1.0885949215250061,0.0013892536517232656,-0.012285839503101137
0,1969-04-14,102.88299148280987,1.1207498203119932,0.010477650910615921,0.032154898786987074
0,1969-04-15,103.34344675133926,1.1085839127991026,0.004475523717701435,-0.012165907512890595
0,1969-04-16,104.0662984484004,1.1045326588573596,0.0069946544244885445,-0.004051253941742994
0,1969-04-17,105.06057641750894,1.122846460571281,0.009554274380207062,0.018313801713921274
0,1969-04-18,105.77477900662892,1.1308021412661475,0.006798007525503635,0.00795568069486663
0,1969-04-21,104.91152099199994,1.1004830307186637,-0.008161284029483795,-0.03031911054748382
0,1969-04-22,106.9045758238764,1.137637730107254,0.01899748295545578,0.037154699388590284
0,1969-04-23,105.632229441309,1.1063712589475965,-0.011901701800525188,-0.03126647115965753
0,1969-04-24,106.96145277340176,1.1353042083410867,0.012583501636981964,0.028932949393490226
0,1969-04-25,107.16705657736895,1.1306690739520033,0.001922223367728293,-0.004635134389083362
0,1969-04-28,106.18764093102398,1.0989913694827051,-0.009139148518443108,-0.031677704469298185
0,1969-04-29,105.57861340896717,1.0629402185200942,-0.005735389888286591,-0.03605115096261091
0,1969-04-30,105.42439880230702,1.0525203854714458,-0.0014606614131480455,-0.010419833048648464
0,1969-05-01,105.0476047382075,1.0505402008299674,-0.0035740688908845186,-0.001980184641478422
0,1969-05-02,104.93785987500358,1.0304070886845693,-0.0010447155218571424,-0.020133112145398036
0,1969-05-05,105.5551063303245,1.0238715077105198,0.0058820187114179134,-0.006535580974049493
0,1969-05-06,105.69130039013022,1.020084748021699,0.001290265005081892,-0.0037867596888208066
0,1969-05-07,106.02088223491522,1.0028913268599988,0.0031183441169559956,-0.017193421161700195
0,1969-05-08,105.71754092537246,0.9933894305803531,-0.002861146815121174,-0.009501896279645705
0,1969-05-09,107.19835775872984,1.0217252249896682,0.014007295481860638,0.028335794409315107
0,1969-05-12,106.97640842067555,1.017622815992434,-0.0020704546477645636,-0.0041024089972341304
0,1969-05-13,107.2671893501603,1.0327699916928565,0.00271817808970809,0.015147175700422455
0,1969-05-14,106.43601165364112,1.0106197682565599,-0.007748666685074568,-0.02215022343629669
0,1969-05-15,106.59049232254193,1.015198306244478,0.0014513947535306215,0.004578537987918185
0,1969-05-16,106.73744724673406,1.0099954086511254,0.0013786869822070003,-0.005202897593352684
0,1969-05-19,107.47141073627867,1.037699500594048,0.006876344792544842,0.02770409194292256
0,1969-05-20,107.80888857418455,1.036149928771854,0.003140163840726018,-0.0015495718221938404
0,1969-05-21,106.05086608939612,0.9881970474028291,-0.016306841745972633,-0.04795288136902498
0,1969-05-22,105.0438855220842,0.9590698880333274,-0.009495260193943977,-0.02912715936950172
0,1969-05-23,105.76710656363025,0.9767776936235374,0.006884941831231117,0.017707805590210013
0,1969-05-26,105.01015445481116,0.961442333324555,-0.007156781852245331,-0.015335360298982414
0,1969-05-27,103.16054378331113,0.8737035191442438,-0.017613636329770088,-0.08773881418031115
0,1969-05-28,101.44630195846027,0.8251387737387893,-0.016617223620414734,-0.048564745405454524
0,1969-05-29,102.76962549817345,0.8439161764958969,0.013044571503996849,0.018777402757107597
0,1969-06-02,103.90567442579125,0.8816008305392511,0.011054325848817825,0.03768465404335419
0,1969-06-03,102.35671473601359,0.8379554909071825,-0.014907363802194595,-0.043645339632068625
0,1969-06-04,102.93567403216603,0.8280131843541189,0.0056562903337180614,-0.009942306553063607
0,1969-06-05,103.90581182470234,0.8637634278711526,0.00942469947040081,0.03575024351703371
0,1969-06-06,104.66427636784078,0.8866862727245948,0.007299539167433977,0.022922844853442204
0,1969-06-09,104.25244106583672,0.8797700505200726,-0.003934822045266628,-0.006916222204522149
0,1969-06-10,104.78387847233323,0.9034242537493634,0.005097601562738419,0.023654203229290793
0,1969-06-11,105.61408392549205,0.9398261668115229,0.007923026569187641,0.03640191306215945
0,1969-06-12,105.7470980942865,0.9341174510413072,0.0012594358995556831,-0.0057087157702157
0,1969-06-13,105.90905200535508,0.9512806418906516,0.0015315210912376642,0.01716319084934448
0,1969-06-16,106.90088848401841,0.9794533986951699,0.009364983066916466,0.02817275680451825
0,1969-06-17,108.17567866696395,0.9954508746392906,0.011924972757697105,0.01599747594412071
0,1969-06-18,107.84513331217829,0.9896173161835838,-0.0030556346755474806,-0.0058335584557067666
0,1969-06-19,108.3212046268289,1.0000932673544096,0.00441439775750041,0.010475951170825781
0,1969-06-20,108.0303646435798,0.9650559976829847,-0.0026849773712456226,-0.03503726967142495
0,1969-06-23,108.04768174734923,0.9611638518695631,0.0001602984848432243,-0.003892145813421566
0,1969-06-24,108.31712961101398,1.058663988747509,0.0024937866255640984,0.09750013687794601
0,1969-06-25,107.30120555505898,1.0495344015084909,-0.009379163384437561,-0.009129587239018244
0,1969-06-26,108.85648938775329,1.0960983635643629,0.014494560658931732,0.04656396205587199
0,1969-06-27,108.25191069429934,1.0855402145428663,-0.005553905852138996,-0.010558149021496543
0,1969-06-30,109.42718717269177,1.1141142696210034,0.010856865905225277,0.02857405507813704
0,1969-07-01,108.5118934006664,1.0939054265139296,-0.00836440920829773,-0.020208843107073715
0,1969-07-02,110.09121890165108,1.1322569614444262,0.014554399996995926,0.03835153493049659
0,1969-07-03,110.01866805012611,1.148951074032421,-0.0006590067059732974,0.01669411258799469
0,1969-07-07,110.03589168700807,1.1307313409527202,0.00015655194874852896,-0.018219733079700706
0,1969-07-08,109.7130805074658,1.111803627496192,-0.00293368985876441,-0.018927713456528217
0,1969-07-09,109.99076354211562,1.1087209349082723,0.0025309929624199867,-0.003082692587919711
0,1969-07-10,110.35160068250268,1.1859912351909254,0.0032806131057441235,0.07727030028265314
0,1969-07-11,109.29587565757737,1.16699748588464,-0.009566920809447765,-0.0189937493062855
0,1969-07-14,108.39992664618543,1.1432575121725443,-0.008197464048862457,-0.023739973712095574
0,1969-07-15,108.64671596272382,1.141342327807541,0.002276655752211809,-0.001915184365003375
0,1969-07-16,108.43236506021526,1.1169155864466347,-0.0019729165360331535,-0.02442674136090628
0,1969-07-17,107.35303435940536,1.1049461439765937,-0.009953953325748444,-0.011969442470040947
0,1969-07-18,107.56920302519946,1.1219413669026892,0.002013624180108309,0.016995222926095455
0,1969-07-22,108.0721650844723,1.152123092885926,0.004675706848502159,0.030181725983236873
0,1969-07-23,107.68356873999292,1.1314817591872077,-0.003595711663365364,-0.020641333698718345
0,1969-07-24,106.11005386448747,1.109656024648614,-0.014612395316362381,-0.02182573453859371
0,1969-07-25,107.19595847895212,1.1201741123904885,0.010233758017420769,0.01051808774187446
0,1969-07-28,108.2890177594033,1.1472440178484207,0.010196832939982414,0.027069905457932197
0,1969-07-29,108.49021480261604,1.1590526784711044,0.0018579635070636868,0.011808660622683709
0,1969-07-30,108.18364637640525,1.1491396992731002,-0.0028257702942937613,-0.009912979198004157
0,1969-07-31,108.35261540568322,1.1759689702773877,0.0015618721954524517,0.026829271004287447
0,1969-08-01,109.1970473453705,1.1759114173726077,0.007793369237333536,-5.755290477993391e-05
0,1969-08-04,109.6271519842793,1.2151725156720015,0.003938793670386076,0.039261098299393726
0,1969-08-05,109.27854644697528,1.2043467720565173,-0.003179919673129916,-0.010825743615484162
0,1969-08-06,110.01296931122627,1.2255368660454744,0.0067206500098109245,0.021190093988957104
0,1969-08-07,110.35785071110743,1.2349506166232302,0.0031349158380180597,0.009413750577755842
0,1969-08-08,110.7612450528351,1.2247117924808608,0.0036553298123180866,-0.01023882414236943
0,1969-08-11,112.56122992667089,1.2944690245503574,0.016251035034656525,0.06975723206949658
0,1969-08-12,112.77753505120528,1.2669807806283682,0.001921666320413351,-0.02748824392198923
0,1969-08-13,112.93711024213451,1.2855729303266403,0.0014149554772302508,0.018592149698272165
0,1969-08-14,113.90323081129549,1.3354231127413176,0.00855450052767992,0.04985018241467731
0,1969-08-15,115.26580727238799,1.3424134512736792,0.011962579563260078,0.006990338532361529
0,1969-08-18,114.15884689725289,1.3366256256898814,-0.009603545069694519,-0.005787825583797757
0,1969-08-19,115.3579616310568,1.3692690422846585,0.010503914207220078,0.0326434165947771
0,1969-08-20,114.34849243975383,1.3459673657281221,-0.008750754408538342,-0.023301676556536366
0,1969-08-21,114.29923454131884,1.3285890596260712,-0.0004307699855417013,-0.017378306102050933
0,1969-08-22,115.05461623094715,1.3738196595125238,0.006608807947486639,0.045230599886452616
0,1969-08-25,115.1216197947579,1.3908531691482087,0.0005823631072416902,0.01703350963568484
0,1969-08-26,116.00403279143418,1.425091877810231,0.007665050216019154,0.03423870866202239
0,1969-08-27,116.23782377851808,1.4296443247092894,0.002015369478613138,0.0045524468990583156
0,1969-08-28,115.9776243624097,1.4327625597763276,-0.002238509012386203,0.003118235067038233
0,1969-08-29,117.1083914255505,1.4567312625893436,0.009749872609972954,0.023968702813015996
0,1969-09-02,116.53331700644227,1.440643735364736,-0.004910616669803858,-0.01608752722460771
0,1969-09-03,115.7380777739925,1.4139840022372898,-0.00682413624599576,-0.026659733127446072
0,1969-09-04,117.16019984776604,1.4292302959089607,0.01228741742670536,0.015246293671670852
0,1969-09-05,116.95596733282555,1.4221939844516207,-0.001743190223351121,-0.007036311457339961
0,1969-09-08,117.36657072838767,1.4205516238584812,0.0035107519943267107,-0.0016423605931394913
0,1969-09-09,116.50035976405839,1.4271575710459967,-0.007380389142781496,0.006605947187515504
0,1969-09-10,115.96136277169138,1.4492786727365916,-0.004626569338142872,0.02212110169059489
0,1969-09-11,117.83131675805978,1.4866862482399688,0.016125664114952087,0.037407575503377144
0,1969-09-12,116.92138353485646,1.4680849687043989,-0.007722337730228901,-0.018601279535569892
0,1969-09-15,117.59541787572935,1.4852336002517372,0.005764850880950689,0.017148631547338367
0,1969-09-16,118.86558816831575,1.4802079126206085,0.01080118864774704,-0.005025687631128761
0,1969-09-17,119.58776585172313,1.4996496027320005,0.006075582467019558,0.019441690111392074
0,1969-09-18,118.99351164787426,1.4220212737512783,-0.004969188943505287,-0.07762832898072225
0,1969-09-19,118.15998270901522,1.3916691465894837,-0.007004826795309782,-0.030352127161794584
0,1969-09-22,118.66470376830684,1.4127163347773795,0.004271505866199732,0.02104718818789575
0,1969-09-23,119.04509760373372,1.4339446854017242,0.003205619053915143,0.021228350624344694
0,1969-09-24,120.08061191119708,1.4780898322053826,0.00869850441813469,0.04414514680365844
0,1969-09-25,121.60464157352736,1.5418116448997883,0.012691721320152283,0.06372181269440569
0,1969-09-26,121.75251569906916,1.5406990611798792,0.0012160236947238445,-0.0011125837199090771
0,1969-09-29,121.59918981684051,1.5540546957188877,-0.0012593241408467293,0.013355634539008454
0,1969-09-30,120.97321014436973,1.5639830535298278,-0.005147893447428942,0.009928357810940147
0,1969-10-01,121.75869768566024,1.570696714945166,0.006493070162832737,0.006713661415338246
0,1969-10-02,121.3237620434214,1.5530355983380417,-0.0035721114836633205,-0.017661116607124328
0,1969-10-03,121.00901049843232,1.5353552778788417,-0.0025943107903003693,-0.017680320459199983
0,1969-10-06,120.58097146248012,1.523567532869998,-0.0035372492857277393,-0.01178774500884372
0,1969-10-07,121.73528058298152,1.4972770120757684,0.009572896175086498,-0.026290520794229666
0,1969-10-08,122.02043235770519,1.482007415894658,0.002342392224818468,-0.015269596181110456
0,1969-10-09,122.53771031347434,1.5102529350368445,0.004239273257553577,0.028245519142186648
0,1969-10-10,120.7257339330901,1.4288043026690522,-0.014787091873586178,-0.08144863236779232
0,1969-10-15,119.73981256609393,1.426720127439771,-0.008166621439158916,-0.002084175229281282
0,1969-10-16,119.6640628414429,1.4156191825861533,-0.0006326193688437343,-0.011100944853617678
0,1969-10-17,118.18647663078521,1.3724079944349474,-0.012347785755991936,-0.04321118815120584
0,1969-10-20,119.05594783653207,1.370853442662732,0.007356774061918259,-0.0015545517722155289
0,1969-10-21,120.330840233966,1.370397062522235,0.010708346962928772,-0.00045638014049687037
0,1969-10-22,120.43308202300997,1.3677307715774447,0.0008496723603457212,-0.002666290944790317
0,1969-10-23,120.22502857426613,1.3123774884681758,-0.001727544004097581,-0.0553532831092689
0,1969-10-24,119.46687688518278,1.305644581970302,-0.00630610529333353,-0.006732906497873836
0,1969-10-27,120.71410077224911,1.3208971495751132,0.010439913719892502,0.015252567604811196
0,1969-10-28,121.26354618902305,1.320698403970861,0.004551625810563564,-0.0001987456042522595
0,1969-10-29,121.60411063327331,1.3096136429830458,0.0028084651567041874,-0.011084760987815079
0,1969-10-30,120.04673670252663,1.2860252476481155,-0.01280691847205162,-0.02358839533493029
0,1969-10-31,120.28103874766421,1.3136675497115777,0.0019517568871378899,0.027642302063462187
0,1969-11-03,119.96893163589051,1.3022703877250836,-0.002594815567135811,-0.011397161986494098
0,1969-11-06,120.89300971704034,1.311262549116888,0.007702644914388657,0.008992161391804476
0,1969-11-07,121.83682105884574,1.31237590187501,0.007806996814906597,0.001113352758121966
0,1969-11-10,120.77591592528435,1.2979309934142669,-0.008707590401172638,-0.0144449084607432
0,1969-11-13,120.4751547216688,1.2685657057758206,-0.0024902415461838245,-0.029365287638446258
0,1969-11-14,120.7202340759178,1.2856789390833911,0.002034272998571396,0.01711323330757053
0,1969-11-17,120.49573714042532,1.2488896762545665,-0.0018596462905406952,-0.036789262828824665
0,1969-11-18,120.12201748141969,1.233712322838463,-0.003101517679169774,-0.01517735341610349
0,1969-11-19,119.48392055030821,1.2173785332817666,-0.005312073044478893,-0.0163337895566964
0,1969-11-20,120.33464970487934,1.247006187293584,0.007120030466467142,0.02962765401181744
0,1969-11-21,120.44933623049693,1.2118707211562634,0.0009530631941743195,-0.03513546613732066
0,1969-11-24,119.70726300017762,1.182819063898663,-0.006160874385386705,-0.029051657257600283
0,1969-11-25,120.51229314355012,1.1934876616078645,0.006724989973008633,0.010668597709201366
0,1969-11-26,119.64228798827895,1.1673717274828377,-0.007219223305583,-0.026115934125026774
0,1969-11-28,119.10475368668843,1.1521398252042552,-0.004492845386266708,-0.01523190227858251
0,1969-12-01,119.16215185538223,1.1364320943842954,0.00048191333189606667,-0.015707730819959798
0,1969-12-02,119.53041781271573,1.1296039489929928,0.0030904607847332954,-0.006828145391302609
0,1969-12-03,120.58472498041176,1.1542357475813512,0.008820408955216408,0.0246317985883584
0,1969-12-04,120.54708129412417,1.1053944521408139,-0.00031217624200508,-0.04884129544053728
0,1969-12-05,120.27987788294487,1.1079189437433836,-0.0022165896371006966,0.002524491602569734
0,1969-12-08,119.88364597965932,1.0766655331699473,-0.0032942492980509996,-0.031253410573436335
0,1969-12-09,120.26633658366303,1.0535751266705888,0.0031921835616230965,-0.02309040649935845
0,1969-12-10,121.18880013002172,1.0714079905263074,0.007670172490179539,0.017832863855718584
0,1969-12-11,120.7797518018966,1.047662147176255,-0.003375298110768199,-0.023745843350052365
0,1969-12-12,120.2696167648671,1.0367148111285123,-0.0042236801236867905,-0.010947336047742784
0,1969-12-15,119.57231778769084,1.0174371098106583,-0.005797798279672861,-0.019277701317854
0,1969-12-16,118.97061138298477,0.9957934479935128,-0.005032154731452465,-0.0216436618171455
0,1969-12-17,121.67524332150766,1.0569586220605767,0.022733613848686218,0.0611651740670639
0,1969-12-18,121.0106906898748,1.0278558864450327,-0.005461691413074732,-0.029102735615543995
0,1969-12-19,121.13422433050646,1.1090612446278514,0.0010208489838987589,0.08120535818281871
0,1969-12-22,122.43412409501202,1.0833744884910619,0.01073106937110424,-0.0256867561367895
0,1969-12-23,121.25489850356823,1.1183007859332026,-0.009631510823965073,0.03492629744214071
0,1969-12-24,121.15765394593276,1.1050421091584453,-0.0008019845699891448,-0.013258676774757339
0,1969-12-26,121.56264277870571,1.1123913366996212,0.0033426599111407995,0.007349227541175951
0,1969-12-29,120.14604652446434,1.067173696148318,-0.011653220281004906,-0.04521764055130317
0,1969-12-30,121.73289499979417,1.0860779916242678,0.013207662850618362,0.01890429547594974
0,1969-12-31,121.35921836578815,1.0499793866104108,-0.0030696438625454903,-0.03609860501385698
0,1970-01-02,121.08303252005018,1.0098899516211748,-0.0022757714614272118,-0.040089434989236006
0,1970-01-05,120.35016036903582,0.9922878354917437,-0.006052641198039055,-0.017602116129431078
0,1970-01-06,120.53227532418839,1.0122761771426747,0.0015132090775296092,0.019988341650930996
0,1970-01-07,120.40219998543202,0.9949664376137101,-0.0010791743407025933,-0.01730973952896464
0,1970-01-08,121.02417725676507,0.9946719943873491,0.005165829788893461,-0.0002944432263609631
0,1970-01-09,120.45619122375004,1.0332603715940083,-0.004693161696195602,0.0385883772066592
0,1970-01-12,120.18449052581538,1.0280858760381997,-0.0022555976174771786,-0.0051744955558086225
0,1970-01-13,120.03485966777382,1.025103465627222,-0.0012450097128748894,-0.0029824104109776872
0,1970-01-14,120.69004873730817,1.0429491237547048,0.005458323284983635,0.017845658127482844
0,1970-01-15,120.00966747094635,1.0108513457923383,-0.005637426394969225,-0.03209777796236657
0,1970-01-16,120.16196088462449,1.0013880631093146,0.0012690095463767648,-0.009463282683023655
0,1970-01-19,119.15339847616185,0.976053712992791,-0.008393358439207077,-0.02533435011652363
0,1970-01-20,118.54342652832582,0.9715632800730938,-0.005119215697050095,-0.004490432919697196
0,1970-01-21,119.92691088723053,0.9877654690781482,0.011670696549117565,0.016202189005054435
0,1970-01-22,118.95314196711064,0.9593481096342511,-0.008119686506688595,-0.028417359443897117
0,1970-01-23,118.03367016221254,0.9365427890363373,-0.0077296975068748,-0.022805320597913847
0,1970-01-26,118.94033224319787,0.9539848425456234,0.007681385148316622,0.01744205350928618
0,1970-01-27,119.4485870117043,0.9601573004461803,0.0042731910943984985,0.006172457900556871
0,1970-01-28,119.91762471923573,0.9582647054148467,0.003926691133528948,-0.0018925950313336548
0,1970-01-29,119.1875833323636,0.9424455369362149,-0.00608785729855299,-0.01581916847863174
0,1970-01-30,119.38190996843555,0.9447258031206194,0.001630426850169897,0.002280266184404467
0,1970-02-02,119.85632767381095,0.9032392954840508,0.003973949700593948,-0.04148650763656858
0,1970-02-03,119.83926540264424,0.8997336886831669,-0.00014235603157430887,-0.0035056068008838537
0,1970-02-04,120.08799925841245,0.9224226282387485,0.0020755622535943985,0.0226889395555816
0,1970-02-05,120.64357055607678,0.95070954808569,0.004626368172466755,0.028286919846941427
0,1970-02-06,120.74362150848866,0.9465768680842874,0.0008293102728202939,-0.0041326800014025444
0,1970-02-09,120.7043092225423,0.9437030868822133,-0.0003255847841501236,-0.002873781202074155
0,1970-02-10,120.70382288867125,0.9435724112014857,-4.029134288430214e-06,-0.00013067568072755442
0,1970-02-11,121.20325262774433,0.9535288691852494,0.004137646406888962,0.009956457983763656
0,1970-02-16,120.16004922021973,0.9321428273702197,-0.008607057854533195,-0.021386041815029677
0,1970-02-17,120.19572466776668,0.932012408978099,0.0002968994085676968,-0.00013041839212069029
0,1970-02-18,120.76964047947632,0.9253913627267811,0.00477484380826354,-0.006621046251317875
0,1970-02-19,121.46953627163657,0.9466105319095737,0.005795295815914869,0.02121916918279254
0,1970-02-20,123.15380671428213,0.987375425908489,0.013865784741938114,0.040764893998915364
0,1970-02-24,123.59051206181506,0.970978450487574,0.003546015825122595,-0.016396975420915005
0,1970-02-25,121.91064690169149,0.9396693356131509,-0.013592185452580452,-0.031309114874423116
0,1970-02-26,121.52140177721236,0.9368033696147285,-0.0031928722746670246,-0.0028659659984223707
0,1970-02-27,122.11359674228687,0.9396644137004193,0.004873174242675304,0.002861044085690767
0,1970-03-02,122.54358271713203,0.9452911000282676,0.0035211965441703796,0.00562668632784824
0,1970-03-03,122.11354108529007,0.9218316900351138,-0.003509295405820012,-0.023459409993153768
0,1970-03-04,123.2990321219566,0.9472069514142695,0.009708104655146599,0.02537526137915569
0,1970-03-05,124.42787938457356,0.9682939495602475,0.009155361913144588,0.02108699814597803
0,1970-03-06,126.20164241165297,0.9935490873673286,0.014255350455641747,0.025255137807081107
0,1970-03-09,126.5093298827955,0.9803564926902281,0.002438062336295843,-0.013192594677100544
0,1970-03-10,125.51810656622033,0.9535422788284131,-0.007835179567337036,-0.02681421386181493
0,1970-03-11,127.01211107252696,0.9834203333380941,0.01190270110964775,0.02987805450968095
0,1970-03-12,126.41177889374386,0.9697990353718261,-0.004726574290543795,-0.013621297966267987
0,1970-03-13,122.67640959115683,0.8793240158196155,-0.029549218714237213,-0.0904750195522106
0,1970-03-16,122.83818224775335,0.8682586618560798,0.0013186940923333168,-0.011065353963535696
0,1970-03-17,122.33041527206292,0.8301350875789179,-0.004133624956011772,-0.03812357427716195
0,1970-03-18,120.8806538640099,0.7895184857292109,-0.011851193383336067,-0.040616601849706946
0,1970-03-19,121.08402420843038,0.7819940979332964,0.0016824060585349798,-0.007524387795914467
0,1970-03-20,121.0584311641902,0.7671175596420917,-0.0002113659866154194,-0.014876538291204722
0,1970-03-23,122.48396781579973,0.8065742221044568,0.01177560817450285,0.03945666246236512
0,1970-03-24,120.97343770994783,0.7696446731228814,-0.012332472018897533,-0.03692954898157541
0,1970-03-25,121.48535567987066,0.781323614031362,0.004231655970215797,0.01167894090848054
0,1970-03-26,121.20173522315571,0.7615008202808923,-0.002334606135264039,-0.01982279375046969
0,1970-03-30,120.39928625894392,0.7328704961167474,-0.006620771251618862,-0.028630324164144905
0,1970-03-31,120.89134352738094,0.7243661791130133,0.00408687861636281,-0.008504317003734108
0,1970-04-01,120.78992928699023,0.7322064005181858,-0.0008388875285163522,0.007840221405172487
0,1970-04-02,120.360527943144,0.7154294835037475,-0.003554943250492215,-0.016776917014438286
0,1970-04-03,119.48358953575173,0.6878468603071523,-0.0072859302163124084,-0.027582623196595213
0,1970-04-06,120.65923755696075,0.6993214937970708,0.009839409962296486,0.011474633489918507
0,1970-04-07,119.7290179284985,0.6757571483676755,-0.007709477096796036,-0.023564345429395228
0,1970-04-08,119.53554353365416,0.6597240923154496,-0.0016159357037395239,-0.016033056052225936
0,1970-04-09,118.98363646272256,0.644363109061526,-0.004617095924913883,-0.015360983253923544
0,1970-04-10,119.63582600592702,0.6447767635538079,0.005481338128447533,0.00041365449228181195
0,1970-04-13,120.80946857940839,0.6557030041832107,0.009810126386582851,0.01092624062940284
0,1970-04-14,121.06717674335914,0.6568262633811909,0.002133178524672985,0.0011232591979801754
0,1970-04-15,120.43818222172229,0.6405831052400135,-0.005195417441427708,-0.016243158141177383
0,1970-04-16,121.86957077204568,0.6590928966285426,0.011884840205311775,0.01850979138852915
0,1970-04-17,122.45853437390316,0.6589376901279863,0.004832737147808075,-0.00015520650055633745
0,1970-04-20,123.73076272404282,0.6835860316108407,0.01038905419409275,0.02464834148285444
0,1970-04-21,123.52517758458207,0.6715034621588607,-0.0016615523491054773,-0.012082569451980052
0,1970-04-22,124.21759891151564,0.678731736171008,0.005605507642030716,0.007228274012147318
0,1970-04-23,123.97482714204065,0.6717132135929488,-0.001954407198354602,-0.007018522578059239
0,1970-04-24,124.28581801145545,0.6800697948214891,0.002508500125259161,0.008356581228540327
0,1970-04-27,125.00369228565829,0.6838586005842292,0.005775995086878538,0.0037888057627400995
0,1970-04-28,124.94478461838847,0.6683376432953293,-0.0004712474183179438,-0.015520957288899906
0,1970-04-29,126.0482791769483,0.6798895061513324,0.008831857703626156,0.01155186285600307
0,1970-04-30,126.70441673657572,0.6879730926211052,0.0052054463885724545,0.008083586469772808
0,1970-05-01,127.26646387261944,0.693581772854699,0.004435892216861248,0.0056086802335938435
0,1970-05-04,128.95749147055764,0.7267966510837606,0.013287299312651157,0.03321487822906155
0,1970-05-05,128.3811919362195,0.7055040493325311,-0.004468910861760378,-0.02129260175122949
0,1970-05-06,128.5178695068916,0.7058905439895088,0.0010646230075508356,0.00038649465697770946
0,1970-05-07,129.80404161345737,0.734462622326183,0.01000772975385189,0.02857207833667419
0,1970-05-08,129.1420787552892,0.744997038757308,-0.005099709145724773,0.010534416431125071
0,1970-05-11,129.95689137540947,0.7531224945390105,0.006309427786618471,0.008125455781702429
0,1970-05-12,130.24549230612848,0.7571938290963907,0.0022207435686141253,0.00407133455738018
0,1970-05-13,131.62831586129815,0.77873646910359,0.010617054998874664,0.0215426400071993
0,1970-05-14,131.94000706847655,0.7784608250523557,0.0023679647129029036,-0.0002756440512342584
0,1970-05-15,131.3035890608277,0.7714939743901363,-0.004823540803045034,-0.006966850662219359
0,1970-05-18,131.58544152985615,0.7745800783968824,0.0021465709432959557,0.0030861040067460266
0,1970-05-19,131.4351653077377,0.7704427734639668,-0.0011420429218560457,-0.004137304932915531
0,1970-05-20,131.18658432515065,0.7617799047656607,-0.0018912821542471647,-0.008662868698306125
0,1970-05-21,131.45042323351728,0.7705171506246625,0.002011172939091921,0.008737245859001819
0,1970-05-22,130.01090190111748,0.7396646151766063,-0.010951058939099312,-0.030852535448056218
0,1970-05-25,128.65528573394448,0.7104981537595052,-0.010426942259073257,-0.02916646141710111
0,1970-05-26,129.96956433219762,0.7296601172535302,0.010215504094958305,0.01916196349402499
0,1970-05-27,130.8032578029032,0.7444727679352598,0.0064145284704864025,0.014812650681729655
0,1970-05-28,130.5559446622592,0.7411630092064654,-0.0018907261546701193,-0.003309758728794465
0,1970-05-29,130.45138387459875,0.7378759446764921,-0.0008008887525647879,-0.0032870645299732937
0,1970-06-01,129.79035285529503,0.7263658278483994,-0.005067259538918734,-0.011510116828092665
0,1970-06-02,128.76104134004507,0.6886761717287911,-0.007930570282042027,-0.037689656119608284
0,1970-06-03,129.09538408631695,0.690445973058522,0.002596614183858037,0.0017698013297308135
0,1970-06-04,128.67079115456275,0.668191294469085,-0.003288986161351204,-0.02225467858943697
0,1970-06-05,127.69412184334604,0.6379231498786183,-0.0075904508121311665,-0.030268144590466672
0,1970-06-08,127.70270286448091,0.6281307488709503,6.71998132020235e-05,-0.009792401007667983
0,1970-06-09,127.81351905180725,0.6212144602321465,0.0008677669684402645,-0.00691628863880378
0,1970-06-10,128.33114590253413,0.6275908962243828,0.004049859941005707,0.006376435992236251
0,1970-06-11,127.32702923773294,0.5997572183493332,-0.007824419066309929,-0.027833677875049645
0,1970-06-12,127.99799211674224,0.6161893730502552,0.005269602872431278,0.016432154700922075
0,1970-06-15,127.16241676907384,0.6031759903281956,-0.006528034806251526,-0.013013382722059652
0,1970-06-16,128.28282750753883,0.6256426827534348,0.008810863830149174,0.022466692425239243
0,1970-06-17,128.61497778316607,0.6150626567827794,0.0025892029516398907,-0.010580025970655438
0,1970-06-18,129.8270736084181,0.6106762421488574,0.009424219839274883,-0.004386414633921976
0,1970-06-19,127.16810493735949,0.5604402749085045,-0.020480848848819733,-0.05023596724035295
0,1970-06-22,128.40397289702332,0.5636087247916168,0.009718379937112331,0.0031684498831123786
0,1970-06-23,129.66655656354055,0.5741697864958604,0.009832901880145073,0.010561061704243535
0,1970-06-24,130.16920085721998,0.566700407116272,0.003876437433063984,-0.007469379379588359
0,1970-06-25,130.88527426642435,0.573770809439071,0.005501097068190575,0.007070402322798985
0,1970-06-26,131.59140091344975,0.5873250379670801,0.005395004525780678,0.013554228528009138
0,1970-06-29,133.111662728836,0.5947458063730714,0.011552896350622177,0.007420768405991263
0,1970-06-30,133.43003434479496,0.6030647936250376,0.002391763497143984,0.008318987251966226
0,1970-07-01,132.52905644656175,0.5943977463879093,-0.006752436980605125,-0.0086670472371283
0,1970-07-02,132.64747704354212,0.5990738932437021,0.0008935444056987762,0.004676146855792762
0,1970-07-06,132.64527272372118,0.5887834638800086,-1.661787973716855e-05,-0.01029042936369351
0,1970-07-07,132.25630039357767,0.5802522373855599,-0.002932425122708082,-0.008531226494448707
0,1970-07-08,133.03758529464218,0.5932220529808446,0.00590735487639904,0.012969815595284762
0,1970-07-09,133.5653141333487,0.5931591037245744,0.003966765012592077,-6.29492562702616e-05
0,1970-07-10,133.1116312888117,0.591230598177951,-0.0033967115450650454,-0.0019285055466233825
0,1970-07-13,132.62991974742027,0.5715678006371162,-0.0036188538651913404,-0.019662797540834775
0,1970-07-14,133.2986423625658,0.5837381617008892,0.005042019300162792,0.012170361063773005
0,1970-07-15,134.7075214809018,0.6039402868917619,0.010569343343377113,0.020202125190872722
0,1970-07-16,135.40696514212814,0.616723291350813,0.005192313343286514,0.012783004459051117
0,1970-07-17,134.69783110152468,0.6015491520785513,-0.005237057339400053,-0.015174139272261744
0,1970-07-20,132.12190021830392,0.5508296731633542,-0.019123774021863937,-0.050719478915197125
0,1970-07-21,131.666920363255,0.5368695241291438,-0.003443636931478977,-0.01396014903421039
0,1970-07-22,132.00833102624176,0.5369131758143884,0.0025929873809218407,4.36516852445612e-05
0,1970-07-23,130.30315054021287,0.48767622198767585,-0.01291721872985363,-0.049236953826712504
0,1970-07-24,131.63286260127114,0.5059682671009034,0.010204757563769817,0.018292045113227517
0,1970-07-27,130.755088147379,0.4797544883109973,-0.0066683534532785416,-0.02621377878990605
0,1970-07-28,130.96037886739225,0.4750223973391029,0.0015700400108471513,-0.00473209097189442
0,1970-07-29,131.8651220731373,0.49049871746857643,0.006908526178449392,0.01547632012947353
0,1970-07-30,131.2215154109827,0.4787635608085004,-0.004880795255303383,-0.011735156660076018
0,1970-07-31,131.6850014900251,0.48540868636940837,0.0035320890601724386,0.006645125560907961
0,1970-08-03,132.18389739689866,0.4956582933873947,0.003788555273786187,0.010249607017986329
0,1970-08-04,132.79330642791487,0.5045467579817786,0.004610312171280384,0.008888464594383916
0,1970-08-05,133.39316139460277,0.5046464328851452,0.004517207853496075,9.967490336659779e-05
0,1970-08-06,130.79519391781344,0.4499943745248358,-0.019476016983389854,-0.0546520583603094
0,1970-08-07,131.7664267964642,0.4661873837317439,0.007425600662827492,0.016193009206908082
0,1970-08-10,131.45678714132413,0.4530265834936134,-0.0023499131202697754,-0.013160800238130488
0,1970-08-11,130.8931868655205,0.42211684290971163,-0.004287342540919781,-0.03090974058390178
0,1970-08-12,129.5259180942069,0.4,-0.010445683263242245,-0.02211684290971161
0,1970-08-13,129.85300314250327,0.40174435236656725,0.0025252478662878275,0.0017443523665672256
0,1970-08-14,130.69568583093522,0.4,0.006489512510597706,-0.0017443523665672256
0,1970-08-17,130.13758805882208,0.4,-0.004270208068192005,0.0
0,1970-08-18,129.61394338338383,0.4,-0.004023777320981026,0.0
0,1970-08-19,128.49082056634796,0.4,-0.008665138855576515,0.0
0,1970-08-20,129.85451734158542,0.41017303054844834,0.010613184422254562,0.010173030548448314
0,1970-08-21,129.1898013669703,0.4,-0.005118928384035826,-0.010173030548448314
0,1970-08-24,129.66247224881715,0.4,0.0036587321665138006,0.0
0,1970-08-25,129.7634997673034,0.4015690670808317,0.0007791577372699976,0.0015690670808316542
0,1970-08-26,130.92950381482655,0.422596164490429,0.00898560881614685,0.02102709740959735
0,1970-08-27,132.179046228065,0.4391389715525854,0.009543627500534058,0.016542807062156384
0,1970-08-28,131.17114621312507,0.4019135125383553,-0.007625263184309006,-0.03722545901423013
0,1970-08-31,130.21648749688993,0.4,-0.007277962751686573,-0.0019135125383552554
0,1970-09-01,130.44250332238238,0.4,0.0017356928437948227,0.0
0,1970-09-02,128.86500878334195,0.4,-0.012093408964574337,0.0
0,1970-09-03,128.11269147386582,0.4,-0.005838026292622089,0.0
0,1970-09-04,127.77561639214,0.4,-0.0026310826651751995,0.0
0,1970-09-08,127.65620513826725,0.4,-0.0009345386642962694,0.0
0,1970-09-09,127.23255706647217,0.4,-0.003318664152175188,0.0
0,1970-09-10,127.69279784799127,0.4088616691924862,0.003617319278419018,0.008861669192486155
0,1970-09-11,129.48396320820086,0.4403284129734669,0.014027144759893417,0.031466743780980744
0,1970-09-14,127.95504014115508,0.4,-0.011807817965745926,-0.0403284129734669
0,1970-09-15,127.71650217055759,0.4,-0.001864232704974711,0.0
0,1970-09-16,127.63846383477266,0.4,-0.0006110278191044927,0.0
0,1970-09-17,125.38782212245589,0.4,-0.017632942646741867,0.0
0,1970-09-18,125.20290465151638,0.4,-0.001474764198064804,0.0
0,1970-09-21,125.85889375146758,0.40758656897195994,0.0052394079975783825,0.007586568971959917
0,1970-09-22,125.70060331728237,0.4007241683035153,-0.0012576817534863949,-0.006862400668444624
0,1970-09-23,125.09878756087173,0.4,-0.004787691868841648,-0.0007241683035152935
0,1970-09-24,123.96758042793797,0.4,-0.009042510762810707,0.0
0,1970-09-25,124.54397374168315,0.402162384819031,0.004649548791348934,0.0021623848190309714
0,1970-09-28,125.55656449692093,0.4085706984122606,0.008130387403070927,0.006408313593229631
0,1970-09-29,125.12470164352919,0.4,-0.0034395880065858364,-0.008570698412260602
0,1970-09-30,124.1392502117561,0.4,-0.007875754497945309,0.0
0,1970-10-01,124.29857090042212,0.4,0.0012834030203521252,0.0
0,1970-10-02,125.96184812319713,0.42580936312512174,0.01338130608201027,0.02580936312512172
0,1970-10-05,125.45774731476945,0.4109385933642717,-0.004002011846750975,-0.014870769760850056
0,1970-10-06,125.3302471843695,0.4,-0.001016279449686408,-0.010938593364271665
0,1970-10-07,125.52456830995052,0.4,0.0015504726907238364,0.0
0,1970-10-08,126.17353275619688,0.4124770265694453,0.005170019343495369,0.012477026569445271
0,1970-10-09,126.26735646209103,0.40613469348012143,0.0007436084561049938,-0.006342333089323859
0,1970-10-14,125.50198494835003,0.4,-0.0060615153051912785,-0.0061346934801214115
0,1970-10-15,125.44560011147192,0.4,-0.0004492744628805667,0.0
0,1970-10-16,127.14429320933375,0.42921639568658176,0.013541272841393948,0.029216395686581742
0,1970-10-19,125.85520994415609,0.4057218930090082,-0.010138742625713348,-0.02349450267757358
0,1970-10-20,126.64842719159445,0.4320197799061138,0.0063026174902915955,0.026297886897105605
0,1970-10-21,125.83010758114554,0.4079713926074722,-0.006461348384618759,-0.02404838729864156
0,1970-10-22,125.26278683945021,0.4,-0.004508624784648418,-0.007971392607472205
0,1970-10-23,125.65618083970236,0.4,0.0031405496411025524,0.0
0,1970-10-26,124.84837489890865,0.4,-0.006428700406104326,0.0
0,1970-10-27,124.35487850776435,0.4,-0.003952765837311745,0.0
0,1970-10-28,124.137076619308,0.4,-0.0017514543142169714,0.0
0,1970-10-29,123.71066531780083,0.4,-0.0034350035712122917,0.0
0,1970-10-30,123.37345305389559,0.4,-0.002725814003497362,0.0
0,1970-11-02,122.11219988550874,0.4,-0.01022305153310299,0.0
0,1970-11-05,122.73984237999142,0.4152044965501141,0.005139883607625961,0.015204496550114077
0,1970-11-06,122.90771877006723,0.40987826862977106,0.0013677416136488318,-0.005326227920343041
0,1970-11-09,122.60237804414577,0.4,-0.0024843087885528803,-0.009878268629771036
0,1970-11-10,123.4007367258442,0.41111364128646455,0.006511771585792303,0.011113641286464526
0,1970-11-13,123.47563546668815,0.40764738440021014,0.0006069553783163428,-0.003466256886254404
0,1970-11-16,122.19180003255876,0.4,-0.010397479869425297,-0.007647384400210122
0,1970-11-17,121.0606565496302,0.4,-0.009257114492356777,0.0
0,1970-11-18,121.13237479570532,0.4,0.0005924158031120896,0.0
0,1970-11-19,121.89748327295968,0.40963419800719925,0.006316300481557846,0.009634198007199224
0,1970-11-20,122.19751139317472,0.4045121994684221,0.002461315132677555,-0.0051219985387771505
0,1970-11-23,122.33795665148112,0.4085238092091148,0.0011493299389258027,0.004011609740692701
0,1970-11-24,122.39619236916114,0.40140974529812773,0.0004760232986882329,-0.007114063910987067
0,1970-11-25,121.27526006897332,0.4,-0.009158228524029255,-0.001409745298127707
0,1970-11-27,122.07177284568257,0.4074260449450246,0.006567809265106916,0.007426044945024579
0,1970-11-30,122.50538571431316,0.400714800982918,0.003552114125341177,-0.0067112439621065945
0,1970-12-01,123.51191063385345,0.41070331191385173,0.008216168731451035,0.009988510930933725
0,1970-12-02,122.03287463828461,0.4,-0.011974845081567764,-0.01070331191385171
0,1970-12-03,121.30498638491873,0.4,-0.005964689888060093,0.0
0,1970-12-04,121.03041371962215,0.4,-0.002263490343466401,0.0
0,1970-12-07,120.93178934938791,0.4,-0.0008148726192303002,0.0
0,1970-12-08,120.98288080087427,0.4,0.00042248156387358904,0.0
0,1970-12-09,119.53665547346752,0.4,-0.011953966692090034,0.0
0,1970-12-10,120.56342154310039,0.40433826729780564,0.008589549921452999,0.00433826729780562
0,1970-12-11,119.48037627682722,0.4,-0.00898319948464632,-0.00433826729780562
0,1970-12-14,119.08315919738541,0.4,-0.0033245382364839315,0.0
0,1970-12-15,116.95692498339199,0.4,-0.01785503700375557,0.0
0,1970-12-16,117.45892039960691,0.40888763789451565,0.004292139317840338,0.008887637894515632
0,1970-12-17,118.88471638448783,0.435465680453763,0.012138677760958672,0.02657804255924734
0,1970-12-18,119.08182528515202,0.4317505215992044,0.0016579835209995508,-0.0037151588545585867
0,1970-12-21,119.26313570387255,0.4449409180868793,0.001522570033557713,0.013190396487674894
0,1970-12-22,118.7360158428845,0.41972131520234773,-0.004419805482029915,-0.025219602884531567
0,1970-12-23,118.52430575826043,0.4082328062111979,-0.0017830317374318838,-0.011488508991149837
0,1970-12-24,120.38146038528768,0.45013254422586213,0.015668977051973343,0.041899738014664234
0,1970-12-28,120.78394674056136,0.45032282561778375,0.0033434247598052025,0.00019028139192162064
0,1970-12-29,121.07974480077567,0.4444952931017417,0.0024489848874509335,-0.005827532516042067
0,1970-12-30,116.86523232567119,0.4,-0.03480774164199829,-0.04449529310174166
0,1970-12-31,116.3636509288927,0.4,-0.00429196422919631,0.0
0,1971-01-04,118.04652586245268,0.42710706261848186,0.014462204650044441,0.027107062618481836
0,1971-01-05,119.33970404012408,0.45894532518004916,0.01095481775701046,0.0318382625615673
0,1971-01-06,116.41965469827421,0.4,-0.024468380957841873,-0.058945325180049135
0,1971-01-07,118.5504397692576,0.44131646687580056,0.01830262318253517,0.04131646687580054
0,1971-01-08,117.97307375377167,0.42302203968882324,-0.004870214033871889,-0.018294427186977325
0,1971-01-11,115.2004029320791,0.4,-0.023502573370933533,-0.023022039688823215
0,1971-01-12,115.31446904373416,0.4,0.000990153755992651,0.0
0,1971-01-13,115.28490647782299,0.4,-0.0002563647576607764,0.0
0,1971-01-14,114.97021367735537,0.4,-0.0027296964544802904,0.0
0,1971-01-15,115.53684099410061,0.404844462517117,0.004928470589220524,0.004844462517116954
0,1971-01-18,115.54757902144605,0.40569079766140204,9.294028859585524e-05,0.0008463351442850597
0,1971-01-19,114.49133105434016,0.4,-0.009141238406300545,-0.005690797661402014
0,1971-01-20,114.67327566540425,0.4,0.0015891562215983868,0.0
0,1971-01-21,115.3091826150505,0.4,0.005545380525290966,0.0
0,1971-01-22,116.04403658331448,0.4126837258752988,0.006372900679707527,0.012683725875298757
0,1971-01-25,116.8365456827637,0.42188981233800943,0.006829382386058569,0.00920608646271065
0,1971-01-26,118.22436734431868,0.4429048528357597,0.011878318153321743,0.02101504049775027
0,1971-01-27,116.74452887052404,0.4,-0.012517203576862812,-0.04290485283575968
0,1971-01-28,115.02442716333447,0.4,-0.014733895659446716,0.0
0,1971-01-29,114.4434472931254,0.4,-0.005050926003605127,0.0
0,1971-02-01,114.66572597844645,0.4,0.0019422578625380993,0.0
0,1971-02-02,114.93985804198319,0.4,0.0023907062131911516,0.0
0,1971-02-03,115.6516136666136,0.4024564215977575,0.006192417815327644,0.0024564215977574966
0,1971-02-04,114.82117571091297,0.4,-0.007180513348430395,-0.0024564215977574966
0,1971-02-05,115.41315628205867,0.4,0.005155674181878567,0.0
0,1971-02-08,114.911388511063,0.4,-0.004347578622400761,0.0
0,1971-02-09,113.72642694832433,0.4,-0.010311959311366081,0.0
0,1971-02-10,114.97729837657394,0.4329228513428927,0.010998951271176338,0.03292285134289269
0,1971-02-11,115.98968679248308,0.4383469235364197,0.008805115707218647,0.005424072193526974
0,1971-02-17,115.78117591898747,0.43144959235270314,-0.0017976673552766442,-0.0068973311837165485
0,1971-02-18,115.25979489169988,0.4003000235686842,-0.004503158852458,-0.03114956878401892
0,1971-02-19,114.812603877627,0.4,-0.003879852592945099,-0.00030002356868419344
0,1971-02-22,115.09896981024693,0.4,0.0024942029267549515,0.0
0,1971-02-23,114.98282629381576,0.4,-0.00100907520391047,0.0
