path_id,Date,sp500_abs,DGS10_abs,sp500,DGS10
0,1996-05-07,1346.0606914249302,2.6299361613063015,-0.0025117851328104734,-0.009537929878026485
0,1996-05-08,1344.9200005093257,2.689353734688245,-0.0008474290370941162,0.059417573381943534
0,1996-05-09,1350.861525923219,2.703401309586819,0.004417753778398037,0.014047574898573778
0,1996-05-10,1351.197143813114,2.696831090062662,0.0002484472934156656,-0.006570219524156595
0,1996-05-13,1342.4275030433253,2.720082610859595,-0.006490274798125029,0.023251520796932823
0,1996-05-14,1350.5375959817643,2.7270722731082264,0.006041363812983036,0.006989662248631401
0,1996-05-15,1363.1661840072816,2.741488366953894,0.009350785985589027,0.014416093845667444
0,1996-05-16,1362.3462020415338,2.7441949647683717,-0.000601527513936162,0.002706597814477796
0,1996-05-17,1378.213583985962,2.7781133290810396,0.011647099629044533,0.033918364312667926
0,1996-05-20,1382.107861211028,2.757782067908205,0.0028255977667868137,-0.02033126117283457
0,1996-05-21,1368.8862277638475,2.7298159208361166,-0.009566281922161579,-0.027966147072088443
0,1996-05-22,1357.2620291059945,2.7159033390197234,-0.00849172007292509,-0.01391258181639321
0,1996-05-23,1366.3726808216288,2.8328005962436587,0.006712522357702255,0.11689725722393529
0,1996-05-24,1362.8467774678531,2.855266744388106,-0.002580484375357628,0.022466148144447473
0,1996-05-28,1364.3153092020525,2.880987361702635,0.0010775472037494183,0.025720617314529015
0,1996-05-29,1372.6166259413405,2.867170452879578,0.006084602791815996,-0.013816908823057084
0,1996-05-30,1389.1144720768211,2.9511060957571407,0.012019267305731773,0.08393564287756261
0,1996-05-31,1392.9111419832436,2.95314560726477,0.00273315841332078,0.002039511507629488
0,1996-06-03,1382.2295090704092,2.922791624787153,-0.007668567355722189,-0.030353982477617336
0,1996-06-04,1383.4809179129131,2.893961798508193,0.0009053553221747279,-0.028829826278959914
0,1996-06-05,1367.6570741727842,2.8551488300170806,-0.011437702924013138,-0.038812968491112265
0,1996-06-06,1367.1465762815858,2.855944030927088,-0.000373264541849494,0.0007952009100073987
0,1996-06-07,1367.3628137247342,2.8712410333021006,0.00015816697850823402,0.015297002375012525
0,1996-06-10,1361.5182409552435,2.846473558693216,-0.004274339415132999,-0.0247674746088844
0,1996-06-11,1368.0283156582373,2.863931234894583,0.004781481809914112,0.017457676201366734
0,1996-06-12,1361.9483157971304,2.86649266871519,-0.004444352351129055,0.0025614338206070286
0,1996-06-13,1383.9823504257774,2.9032747160851238,0.016178319230675697,0.036782047369933846
0,1996-06-14,1367.821951069728,2.875995633520971,-0.011676738038659096,-0.0272790825641529
0,1996-06-17,1392.3503376228448,2.9468534591119826,0.01793244108557701,0.07085782559101172
0,1996-06-18,1397.4094073457532,3.041678810181768,0.003633474698290229,0.0948253510697854
0,1996-06-19,1412.4082476108229,3.0783658121143747,0.010733318515121937,0.036687001932606655
0,1996-06-20,1419.5654413367793,3.1602850143120524,0.005067368969321251,0.08191920219767779
0,1996-06-21,1397.7270901401553,3.1411997334656854,-0.015383828431367874,-0.01908528084636707
0,1996-06-24,1407.9865905418023,3.1389816397942836,0.00734013132750988,-0.0022180936714017996
0,1996-06-25,1399.6709833337231,3.1245378845358815,-0.005906027276068926,-0.014443755258402025
0,1996-06-26,1381.8159560477502,3.106119936249978,-0.012756588868796825,-0.018417948285903485
0,1996-06-27,1408.5094332718745,3.1374424464956108,0.01931767910718918,0.031322510245632706
0,1996-06-28,1399.4744490694784,3.1075277348562866,-0.006414571311324835,-0.029914711639324132
0,1996-07-01,1403.1556256908054,3.098903319217656,0.0026303993072360754,-0.008624415638630811
0,1996-07-02,1421.6435960173792,3.1355215335931472,0.013175994157791138,0.0366182143754914
0,1996-07-03,1408.3287229655018,3.0981905198718827,-0.009365830570459366,-0.03733101372126457
0,1996-07-05,1410.4730642139325,3.125263654138364,0.0015226141549646854,0.02707313426648117
0,1996-07-08,1395.5937454419661,3.1091429139303157,-0.010549169033765793,-0.0161207402080481
0,1996-07-09,1410.953353192468,3.1424299282872767,0.011005787178874016,0.03328701435696102
0,1996-07-10,1415.1379474757905,3.18255652199246,0.0029657920822501183,0.04012659370518312
0,1996-07-11,1429.6839814649904,3.1834965086892724,0.010278880596160889,0.0009399866968125004
0,1996-07-12,1417.777272229563,3.125305920386092,-0.008328210562467575,-0.05819058830318058
0,1996-07-15,1430.2534084637432,3.147776973612006,0.008799785748124123,0.02247105322591425
0,1996-07-16,1436.0300724713302,3.1666221642237127,0.004038909450173378,0.01884519061170664
0,1996-07-17,1447.1665300249215,3.173825926378568,0.007755030877888203,0.007203762154855298
0,1996-07-18,1444.6547001738722,3.1659324616379054,-0.0017356881871819496,-0.007893464740662548
0,1996-07-19,1445.3347630138915,3.183771956604657,0.0004707442130893469,0.017839494966751523
0,1996-07-22,1437.6337898080349,3.114457048296187,-0.005328158847987652,-0.06931490830847009
0,1996-07-23,1444.736096226845,3.1933223065227474,0.004940275102853775,0.07886525822656054
0,1996-07-24,1453.5052603589686,3.230242126819857,0.00606973422691226,0.036919820297109496
0,1996-07-25,1453.3969505491395,3.1879335903265136,-7.45162833482027e-05,-0.04230853649334332
0,1996-07-26,1463.3380576743655,3.167252620474906,0.0068399119190871716,-0.0206809698516075
0,1996-07-29,1465.7254084891097,3.1768560960875223,0.0016314417589455843,0.009603475612616208
0,1996-07-30,1497.5757665367987,3.21903087946534,0.021730098873376846,0.04217478337781788
0,1996-07-31,1497.3343812874573,3.216526217689748,-0.00016118399798870087,-0.002504661775592165
0,1996-08-01,1504.7405108143325,3.250150317790062,0.004946209490299225,0.033624100100313914
0,1996-08-02,1492.6117993371554,3.2795802641261385,-0.008060334250330925,0.02942994633607654
0,1996-08-05,1477.1491853009425,3.209540802974209,-0.01035943441092968,-0.0700394611519295
0,1996-08-06,1495.3438067963216,3.187067973859749,0.012317389249801636,-0.022472829114459802
0,1996-08-07,1502.3403589288832,3.202402001905766,0.004678891971707344,0.015334028046016801
0,1996-08-08,1509.0569292357309,3.1910402876008783,0.0044707381166517735,-0.011361714304887638
0,1996-08-09,1502.7632720787303,3.2243903526539865,-0.004170589614659548,0.033350065053108224
0,1996-08-12,1514.4686841879368,3.2477675865989504,0.007789258845150471,0.023377233944963827
0,1996-08-13,1487.7072299028753,3.247230543691504,-0.01767052337527275,-0.0005370429074464944
0,1996-08-14,1495.2991633516206,3.3295669877576897,0.005103109870105982,0.08233644406618579
0,1996-08-15,1499.970809784523,3.3315867613884076,0.0031242219265550375,0.002019773630717925
0,1996-08-16,1501.61355470185,3.331090922214688,0.0010951845906674862,-0.0004958391737197587
0,1996-08-19,1490.913897334086,3.296807573894698,-0.007125440053641796,-0.034283348319990026
0,1996-08-20,1504.3330840780538,3.30155792575884,0.009000645019114017,0.004750351864142299
0,1996-08-21,1513.3315743463368,3.2970436173702655,0.0059817139990627766,-0.004514308388574584
0,1996-08-22,1522.594229139946,3.3235074446723383,0.006120704114437103,0.02646382730207275
0,1996-08-23,1528.3041839013122,3.31415974401735,0.003750148694962263,-0.009347700654988245
0,1996-08-26,1528.3958300089291,3.3509437144772045,5.9965881519019604e-05,0.03678397045985449
0,1996-08-27,1522.9665654874582,3.4269472701594026,-0.003552263369783759,0.07600355568219808
0,1996-08-28,1519.3456074284177,3.3489617100025577,-0.0023775689769536257,-0.07798556015684488
0,1996-08-29,1498.158986289214,3.3058954765782462,-0.01394456997513771,-0.043066233424311484
0,1996-08-30,1476.8981380363032,3.2808823373594134,-0.014191316440701485,-0.02501313921883286
0,1996-09-03,1493.9973169073894,3.2581189993294526,0.01157776452600956,-0.022763338029960778
0,1996-09-04,1473.4218723214153,3.1411846970579815,-0.01377207599580288,-0.11693430227147106
0,1996-09-05,1465.959202326272,3.1291928490504444,-0.005064856261014938,-0.011991848007537165
0,1996-09-06,1452.4117684506693,3.1458597188392403,-0.009241344407200813,0.016666869788795946
0,1996-09-09,1440.4593735104625,3.0512112054933755,-0.008229343220591545,-0.09464851334586477
0,1996-09-10,1436.050548238049,3.03424013994485,-0.0030607078224420547,-0.016971065548525566
0,1996-09-11,1460.837917670483,3.061821390142763,0.01726079173386097,0.027581250197913132
0,1996-09-12,1431.2049033654596,3.0135154445334025,-0.020284943282604218,-0.048305945609360634
0,1996-09-13,1424.094121422863,2.998213569934827,-0.004968388471752405,-0.015301874598575349
0,1996-09-16,1426.0311117400474,2.9389887808593764,0.0013601561076939106,-0.0592247890754507
0,1996-09-17,1418.795905356966,2.8840401003402896,-0.005073666572570801,-0.05494868051908686
0,1996-09-18,1415.9154770107396,2.780419339897582,-0.0020301921758800745,-0.10362076044270774
0,1996-09-19,1400.245703633948,2.745467344793,-0.011066884733736515,-0.0349519951045818
0,1996-09-20,1394.2578422712847,2.691837831755511,-0.004276293329894543,-0.05362951303748886
0,1996-09-23,1372.5171333303417,2.706789450411638,-0.015593033283948898,0.014951618656126708
0,1996-09-24,1382.3265556997435,2.5829948411160903,0.007147030904889107,-0.12379460929554753
0,1996-09-25,1356.0696926947442,2.5508517322247024,-0.018994688987731934,-0.03214310889138794
0,1996-09-26,1385.5635206237155,2.5980843462924836,0.02174949273467064,0.04723261406778123
0,1996-09-27,1381.9722661900983,2.6336898124798704,-0.002591908909380436,0.0356054661873868
0,1996-09-30,1394.7909645131606,2.671131091051125,0.009275655262172222,0.037441278571254344
0,1996-10-01,1392.7435743987185,2.6851847003364493,-0.0014678831212222576,0.014053609285324509
0,1996-10-02,1401.8114437273086,2.7175863911454883,0.006510796025395393,0.032401690809038985
0,1996-10-03,1420.3975513972007,2.7248819560579807,0.013258635997772217,0.007295564912492392
0,1996-10-04,1418.9972809152919,2.678881943057126,-0.0009858299745246768,-0.04600001300085488
0,1996-10-07,1411.6283398779706,2.6383130086001105,-0.005193062126636505,-0.04056893445701526
0,1996-10-08,1402.8409243478231,2.6333062114454426,-0.006225020624697208,-0.005006797154667897
0,1996-10-09,1417.2899823330306,2.6753366015475377,0.010299854911863804,0.04203039010209508
0,1996-10-10,1395.0667801097811,2.643456421914992,-0.015680067241191864,-0.03188017963254586
0,1996-10-11,1394.5361196253286,2.6749160235052,-0.0003803835716098547,0.03145960159020822
0,1996-10-16,1379.8818913145956,2.627046303899875,-0.01050831750035286,-0.047869719605325045
0,1996-10-17,1387.4423349379479,2.623038101065078,0.005479051265865564,-0.004008202834797192
0,1996-10-18,1382.6660100793372,2.6563695727614927,-0.003442539367824793,0.033331471696414816
0,1996-10-21,1397.527208094645,2.6830257307251273,0.010748219676315784,0.02665615796363463
0,1996-10-22,1380.4203920824732,2.6739115026456415,-0.012240774929523468,-0.009114228079485809
0,1996-10-23,1378.1450119150832,2.693748453482786,-0.0016483240760862827,0.019836950837144318
0,1996-10-24,1387.0735664337078,2.691516631052731,0.00647867564111948,-0.0022318224300548195
0,1996-10-25,1368.7348325482071,2.664173357838806,-0.013221168890595436,-0.027343273213924935
0,1996-10-28,1374.5909187739956,2.6999165974111072,0.004278466571122408,0.03574323957230119
0,1996-10-29,1377.8098281193993,2.6867923449740307,0.002341721672564745,-0.013124252437076489
0,1996-10-30,1369.8845466154337,2.664384005826034,-0.005752086639404297,-0.02240833914799678
0,1996-10-31,1368.099630870829,2.6204508493751058,-0.0013029680121690035,-0.04393315645092821
0,1996-11-01,1408.474807892701,2.6681066834504796,0.029511868953704834,0.04765583407537388
0,1996-11-04,1411.0149720346524,2.712919889387399,0.0018034856766462326,0.04481320593691951
0,1996-11-05,1404.9812703501398,2.6592005162058046,-0.004276142921298742,-0.05371937318159459
0,1996-11-06,1388.855639410023,2.6372752785100966,-0.011477470397949219,-0.021925237695707978
0,1996-11-07,1395.9291405394724,2.6397114051013353,0.005093042738735676,0.0024361265912387076
0,1996-11-08,1386.5944396212037,2.6418441840529283,-0.0066870879381895065,0.0021327789515930284
0,1996-11-13,1393.2043879057767,2.641265489377466,0.004767037928104401,-0.0005786946754624545
0,1996-11-14,1390.3165766256654,2.6674083261003405,-0.0020727836526930332,0.02614283672287465
0,1996-11-15,1388.1662464603012,2.6886472174648395,-0.0015466478653252125,0.02123889136449897
0,1996-11-18,1417.2659904068464,2.7522368033175284,0.020962722599506378,0.06358958585268892
0,1996-11-19,1410.1331330168628,2.7367389701880014,-0.005032829008996487,-0.015497833129527017
0,1996-11-20,1398.8685531314634,2.6999132051344454,-0.007988309487700462,-0.03682576505355595
0,1996-11-21,1394.2344916894406,2.7069812534798308,-0.003312721149995923,0.007068048345385325
0,1996-11-22,1378.908900119121,2.702833332330217,-0.010992119088768959,-0.004147921149613598
0,1996-11-25,1379.706018268931,2.7027633962445448,0.0005780789069831371,-6.993608567240628e-05
0,1996-11-26,1377.5070376374922,2.687625678421202,-0.0015938037540763617,-0.015137717823342722
0,1996-11-27,1366.5705863446972,2.6936309120609248,-0.007939307019114494,0.006005233639722718
0,1996-11-29,1366.872845423991,2.682372535922891,0.0002211807295680046,-0.011258376138033821
0,1996-12-02,1365.3190209154309,2.67576069069505,-0.0011367732658982277,-0.006611845227840973
0,1996-12-03,1371.2151122397825,2.700892552863402,0.004318471532315016,0.025131862168351837
0,1996-12-04,1367.3986914195712,2.700024930553982,-0.0027832400519400835,-0.0008676223094199464
0,1996-12-05,1358.7153105951063,2.7117594869698394,-0.006350291892886162,0.011734556415857522
0,1996-12-06,1360.2376813911474,2.649449379375793,0.001120448694564402,-0.062310107594046205
0,1996-12-09,1352.1644512444025,2.6448827898954472,-0.0059351613745093346,-0.0045665894803459395
0,1996-12-10,1361.4471601633143,2.6780796062399377,0.006865073926746845,0.033196816344490454
0,1996-12-11,1359.1229735429472,2.7147176368385937,-0.0017071441980078816,0.036638030598656
0,1996-12-12,1365.9473139133643,2.7118916168037677,0.005021135322749615,-0.0028260200348260156
0,1996-12-13,1357.770886305029,2.6635189694156076,-0.00598590262234211,-0.04837264738816005
0,1996-12-16,1360.9099320256114,2.686229597281709,0.0023119112011045218,0.02271062786610134
0,1996-12-17,1351.6882625970834,2.6547817884131404,-0.006776105612516403,-0.03144780886856857
0,1996-12-18,1346.5239829247903,2.6399155021106573,-0.0038206144236028194,-0.0148662863024831
0,1996-12-19,1357.641759627749,2.7170235325688403,0.008256649598479271,0.07710803045818304
0,1996-12-20,1352.2670416183475,2.7526754945630274,-0.003958863206207752,0.035651961994187076
0,1996-12-23,1350.7835278894368,2.7733100854963886,-0.001097056781873107,0.020634590933361174
0,1996-12-24,1353.9360284179168,2.7737504091314777,0.0023338310420513153,0.00044032363508916816
0,1996-12-26,1352.1335133534415,2.7359029326130484,-0.0013313147937878966,-0.037847476518429346
0,1996-12-27,1351.0825214847757,2.7149440829822957,-0.000777284090872854,-0.020958849630752674
0,1996-12-30,1347.0625494607277,2.709592877671876,-0.0029753712005913258,-0.005351205310419882
0,1996-12-31,1356.9590589834006,2.811615638284106,0.007346733473241329,0.10202276061223037
0,1997-01-02,1367.6081617367859,2.8295762629442045,0.007847770117223263,0.01796062466009829
0,1997-01-03,1354.36635329516,2.832709048709744,-0.009682457894086838,0.0031327857655396585
0,1997-01-06,1384.2427711168123,2.8733237929683124,0.022059332579374313,0.04061474425856826
0,1997-01-07,1386.827519321172,2.8920581548490008,0.001867265091277659,0.018734361880688333
0,1997-01-08,1391.9974934618276,2.9207987791676513,0.003727914299815893,0.028740624318650543
0,1997-01-09,1412.6851255766778,2.980492713600661,0.014861831441521645,0.059693934433009854
0,1997-01-10,1421.7461030244772,3.038161683306497,0.006414010655134916,0.05766896970583568
0,1997-01-13,1415.9135721420262,3.02397634250571,-0.004102371633052826,-0.014185340800787039
0,1997-01-14,1422.0415292290734,3.0258154674742657,0.004327917471528053,0.001839124968555872
0,1997-01-15,1429.9512347483837,3.079910367517648,0.005562218371778727,0.05409490004338213
0,1997-01-16,1435.2172512176785,3.0720825944050274,0.003682654583826661,-0.007827773112620395
0,1997-01-17,1459.2917546686344,3.1304733549923007,0.016774117946624756,0.05839076058727333
0,1997-01-22,1455.9002474867027,3.081950657604605,-0.002324077533558011,-0.04852269738769577
0,1997-01-23,1442.4081791956876,3.023257514547591,-0.009267165325582027,-0.05869314305701412
0,1997-01-24,1445.057309437516,3.0399450013170575,0.0018366023432463408,0.01668748676946663
0,1997-01-27,1455.0622827991403,3.0588278529559223,0.0069235824048519135,0.018882851638864828
0,1997-01-28,1472.542194626219,3.108413212771183,0.01201317086815834,0.04958535981526069
0,1997-01-29,1485.5546132072757,3.124272190747413,0.00883670337498188,0.015858977976229927
0,1997-01-30,1496.933241594107,3.259898035010758,0.007659515365958214,0.13562584426334512
0,1997-01-31,1497.5745980276122,3.3239871110788113,0.00042844691779464483,0.06408907606805325
0,1997-02-03,1508.5669392503264,3.3236165242863294,0.007340095937252045,-0.0003705867924819195
0,1997-02-04,1479.616614662435,3.2350739496473127,-0.01919061318039894,-0.08854257463901671
0,1997-02-05,1478.0164238076813,3.2087217771522227,-0.0010814901906996965,-0.02635217249508992
0,1997-02-06,1494.54319590715,3.2560434650101984,0.0111817242577672,0.047321687857975636
0,1997-02-07,1513.9360823265845,3.232782243194147,0.012975795194506645,-0.023261221816051503
0,1997-02-10,1509.429482222453,3.2707840126572774,-0.002976743970066309,0.0380017694631305
0,1997-02-11,1513.9855482882917,3.274520073947599,0.0030184027273207903,0.0037360612903216683
0,1997-02-12,1526.7336504241612,3.3014594719846215,0.008420227095484734,0.0269393980370225
0,1997-02-13,1536.8746273986392,3.2909794128376144,0.006642269901931286,-0.010480059147007115
0,1997-02-14,1509.7497394713191,3.202989223271279,-0.01764938235282898,-0.08799018956633553
0,1997-02-18,1502.0623319399112,3.195532910781851,-0.0050918422639369965,-0.007456312489428019
0,1997-02-19,1509.787236789877,3.1600906758515372,0.00514286570250988,-0.03544223493031362
0,1997-02-20,1521.6115417642939,3.2121378312792883,0.007831769064068794,0.05204715542775107
0,1997-02-21,1522.7044469560406,3.114151294087782,0.0007182550616562366,-0.09798653719150652
0,1997-02-24,1511.953191044368,3.120945213389788,-0.007060632109642029,0.006793919302006124
0,1997-02-25,1515.7000610066518,3.1423318133577696,0.0024781653191894293,0.021386599967981645
0,1997-02-26,1500.0336432996428,3.146163363011822,-0.010336093604564667,0.003831549654052413
0,1997-02-27,1486.1297657536022,3.180420205063843,-0.009269043803215027,0.034256842052021064
0,1997-02-28,1488.8297896392921,3.1701128123489952,0.001816815696656704,-0.010307392714847818
0,1997-03-03,1462.5478550938426,3.130422035608572,-0.01765274628996849,-0.03969077674042332
0,1997-03-04,1447.3231969280014,3.002711555372563,-0.010409682057797909,-0.12771048023600873
0,1997-03-05,1442.1217298120189,2.844565920312594,-0.003593853209167719,-0.15814563505996926
0,1997-03-06,1432.172116776343,2.880450688567101,-0.006899287924170494,0.03588476825450693
0,1997-03-07,1441.7954423439915,2.963038000532838,0.006719391793012619,0.08258731196573699
0,1997-03-10,1437.1326544780015,2.912864805615581,-0.0032340148463845253,-0.050173194917257025
0,1997-03-11,1428.2370213650602,2.9271450756626427,-0.00618984829634428,0.014280270047061894
0,1997-03-12,1415.1523459054433,2.902648170371088,-0.009161417372524738,-0.024496905291554683
0,1997-03-13,1416.9727755010442,2.930764311210309,0.0012863841839134693,0.028116140839220982
0,1997-03-14,1403.2807064592728,2.916508778405953,-0.009662901982665062,-0.014255532804356097
0,1997-03-17,1399.616705120748,2.866557498789906,-0.0026110252365469933,-0.04995127961604684
0,1997-03-18,1380.2052090332238,2.8697705929357658,-0.013869151473045349,0.003213094145859685
0,1997-03-19,1395.229205799311,2.92285455663276,0.010885335505008698,0.053083963696994196
0,1997-03-20,1368.211120336879,2.8741389004438647,-0.019364621490240097,-0.048715656188895284
0,1997-03-21,1371.3416599570362,2.8762392762170172,0.0022880530450493097,0.002100375773152585
0,1997-03-24,1362.0882300034382,2.8482273269040252,-0.006747720297425985,-0.028011949312992
0,1997-03-25,1364.5955838049465,2.838641891007627,0.0018408159958198667,-0.009585435896398042
0,1997-03-26,1365.6971056620578,2.8353609467044834,0.0008072148775681853,-0.003280944303143851
0,1997-03-27,1361.5433853034194,2.805768051852579,-0.003041465301066637,-0.029592894851904195
0,1997-03-31,1377.3381950178873,2.8407571811001295,0.011600665748119354,0.03498912924755038
0,1997-04-01,1379.741423785458,2.8481017413823597,0.0017448356375098228,0.007344560282230184
0,1997-04-02,1371.871032868765,2.8205709899899705,-0.005704250652343035,-0.027530751392389252
0,1997-04-03,1355.661751395925,2.76101515456628,-0.011815455742180347,-0.05955583542369025
0,1997-04-04,1350.7261764346001,2.741276846115396,-0.0036407127045094967,-0.0197383084508842
0,1997-04-07,1351.8018164676903,2.7332842661623085,0.0007963420357555151,-0.007992579953087553
0,1997-04-08,1373.0718444652111,2.729716514472149,0.01573457568883896,-0.0035677516901593265
0,1997-04-09,1372.4203237874017,2.7781721244236186,-0.00047449860721826553,0.04845560995146947
0,1997-04-10,1378.159767293522,2.8279437067341724,0.004181986674666405,0.049771582310553786
0,1997-04-11,1391.6713292824606,2.821613333144522,0.00980406068265438,-0.006330373589650495
0,1997-04-14,1390.372802558951,2.791114474889693,-0.0009330699685961008,-0.030498858254828676
0,1997-04-15,1386.2468497239834,2.7779302339876213,-0.002967515494674444,-0.013184240902071931
0,1997-04-16,1379.4788757620172,2.7818086252048824,-0.004882228560745716,0.003878391217261079
0,1997-04-17,1391.212807929962,2.7777993280501327,0.008506061509251595,-0.004009297154749625
0,1997-04-18,1394.7238453920647,2.7584866334713865,0.0025237242225557566,-0.019312694578746292
0,1997-04-21,1388.3583902990772,2.737658694770195,-0.004563953727483749,-0.020827938701191595
0,1997-04-22,1398.4292289066575,2.792577048227705,0.00725377444177866,0.05491835345751017
0,1997-04-23,1398.5078734861052,2.800422688879089,5.623779725283384e-05,0.007845640651384045
0,1997-04-24,1381.0314155516712,2.8041256208890437,-0.012496503069996834,0.0037029320099546403
0,1997-04-25,1392.9118758731458,2.83632007445777,0.008602599613368511,0.03219445356872619
0,1997-04-28,1396.724457133811,2.8309973522277083,0.002737130271270871,-0.005322722230061583
0,1997-04-29,1391.753734823466,2.8497066767785233,-0.0035588424652814865,0.018709324550814976
0,1997-04-30,1378.294671852942,2.7943428532615417,-0.009670577943325043,-0.05536382351698155
0,1997-05-01,1375.2586294814037,2.7511432107510356,-0.0022027527447789907,-0.04319964251050612
0,1997-05-02,1382.2656213902997,2.7703988144630243,0.005095035769045353,0.019255603711988645
0,1997-05-05,1375.586607231262,2.7645518297759013,-0.004831932485103607,-0.005846984687122969
0,1997-05-06,1364.0719507070557,2.7534649236425417,-0.008370724506676197,-0.011086906133359609
0,1997-05-07,1345.243953183741,2.717126634759509,-0.013802789151668549,-0.03633828888303281
0,1997-05-08,1356.6954998482909,2.745549681870737,0.008512617088854313,0.028423047111227895
0,1997-05-09,1353.131220412644,2.8070806115054765,-0.0026271771639585495,0.06153092963473972
0,1997-05-12,1352.979849400913,2.763205364381313,-0.00011186720803380013,-0.043875247124163685
0,1997-05-13,1343.368163261418,2.7657177390399643,-0.007104086689651012,0.002512374658651506
0,1997-05-14,1348.7004052438613,2.779018367186335,0.003969307988882065,0.013300628146370563
0,1997-05-15,1353.7781941685266,2.785098362219002,0.003764949506148696,0.006079995032667096
0,1997-05-16,1348.8696788787188,2.760149129276375,-0.0036257898900657892,-0.024949232942626853
0,1997-05-19,1339.3003664882256,2.7714059428989706,-0.007094319444149733,0.011256813622595452
0,1997-05-20,1326.1100215478275,2.768300593470159,-0.009848683141171932,-0.003105349428811355
0,1997-05-21,1305.5832962948655,2.733592750135068,-0.015478900633752346,-0.03470784333509114
0,1997-05-22,1304.6045822626702,2.695948675665514,-0.0007496373727917671,-0.03764407446955387
0,1997-05-23,1274.1611598301579,2.639678558437848,-0.02333536371588707,-0.05627011722766628
0,1997-05-27,1268.252164126606,2.6255765103814173,-0.004637557547539473,-0.014102048056430672
0,1997-05-28,1264.0551334816294,2.6662117618425767,-0.0033093029633164406,0.04063525146115943
0,1997-05-29,1279.0601395910603,2.686928505851944,0.011870531365275383,0.020716744009367183
0,1997-05-30,1252.852414101182,2.646548765444595,-0.020489830523729324,-0.04037974040734893
0,1997-06-02,1250.00450165227,2.6334117205278877,-0.0022731428034603596,-0.013137044916707197
0,1997-06-03,1247.7249312656963,2.606849852939317,-0.0018236497417092323,-0.02656186758857082
0,1997-06-04,1247.4314173553917,2.613464621570045,-0.0002352392766624689,0.006614768630728296
0,1997-06-05,1256.6314622751652,2.6026947561559304,0.00737519096583128,-0.010769865414114843
0,1997-06-06,1246.6806921944967,2.565676959898873,-0.007918606512248516,-0.037017796257057256
0,1997-06-09,1256.2624928788268,2.5413351323685265,0.007685849908739328,-0.024341827530346638
0,1997-06-10,1237.56839011517,2.514779156458933,-0.014880729839205742,-0.026555975909593688
0,1997-06-11,1261.5474235179904,2.5696181634483364,0.01937592588365078,0.05483900698940358
0,1997-06-12,1259.3143665336117,2.6057549952696513,-0.001770093571394682,0.036136831821314885
0,1997-06-13,1256.4212639953,2.5672767802171097,-0.002297363243997097,-0.038478215052541564
0,1997-06-16,1251.0682104551254,2.5386583439278003,-0.004260556306689978,-0.02861843628930938
0,1997-06-17,1254.259504404115,2.526869099446443,0.002550855278968811,-0.011789244481357208
0,1997-06-18,1249.9435479403028,2.4962327167431404,-0.0034410394728183746,-0.03063638270330271
0,1997-06-19,1251.7908292753923,2.505441672416182,0.0014778918121010065,0.009208955673041697
0,1997-06-20,1255.6037545925765,2.497952095121138,0.0030459763947874308,-0.007489577295044292
0,1997-06-23,1246.6430828842958,2.4481847642243935,-0.0071365442126989365,-0.049767330896744344
0,1997-06-24,1237.331885012747,2.461886635343977,-0.007469016592949629,0.01370187111958332
0,1997-06-25,1265.3459098580574,2.508096199732507,0.022640671581029892,0.0462095643885303
0,1997-06-26,1267.0952912976306,2.4561179970035747,0.001382532180286944,-0.05197820272893239
0,1997-06-27,1273.3927886864813,2.4550954501732045,0.004970026668161154,-0.0010225468303701746
0,1997-06-30,1265.9515309607107,2.4367338344969567,-0.005843646824359894,-0.018361615676247833
0,1997-07-01,1271.6380127800867,2.4389741555972773,0.004491863772273064,0.0022403211003205747
0,1997-07-02,1269.582592207058,2.414401654823236,-0.00161635666154325,-0.024572500774041384
0,1997-07-03,1280.9188184412722,2.4458959906365916,0.008929097093641758,0.0314943358133557
0,1997-07-07,1277.5924142508593,2.4814520726943887,-0.002596889156848192,0.035556082057797145
0,1997-07-08,1275.1143985526367,2.499604038750111,-0.0019395980052649975,0.018151966055722113
0,1997-07-09,1275.1269917020772,2.4829003709350927,9.876093827188015e-06,-0.016703667815018086
0,1997-07-10,1268.0730827280904,2.504259069095542,-0.005531926639378071,0.02135869816044922
0,1997-07-11,1273.5014676951976,2.5791869644460617,0.004280813969671726,0.07492789535051969
0,1997-07-14,1278.6416125688863,2.5466933879154325,0.004036230035126209,-0.03249357653062912
0,1997-07-15,1286.4355144199646,2.540752044296807,0.006095454562455416,-0.0059413436186255275
0,1997-07-16,1297.1246870431535,2.5685753854601256,0.008309139870107174,0.027823341163318638
0,1997-07-17,1295.0768625026692,2.5524152330336225,-0.0015787414740771055,-0.01616015242650315
0,1997-07-18,1291.7414521301457,2.573997159343453,-0.0025754536036401987,0.021581926309830468
0,1997-07-21,1290.0548356315792,2.579537766946791,-0.001305692014284432,0.005540607603338188
0,1997-07-22,1293.496750968799,2.6111455117216207,0.002668038010597229,0.03160774477482953
0,1997-07-23,1289.637691330863,2.596748459312021,-0.0029834320303052664,-0.014397052409599542
0,1997-07-24,1286.9413353490354,2.6022090941355613,-0.002090785652399063,0.0054606348235402
0,1997-07-25,1297.2187131686744,2.5798268866202334,0.007985894568264484,-0.022382207515327934
0,1997-07-28,1308.310886869155,2.62743915398832,0.00855073519051075,0.04761226736808677
0,1997-07-29,1329.1535498378855,2.694057810844961,0.01593097113072872,0.0666186568566407
0,1997-07-30,1329.87283047188,2.6808395734968427,0.000541156914550811,-0.013218237348118222
0,1997-07-31,1330.598088567289,2.734389803925553,0.0005453589837998152,0.05355023042871032
0,1997-08-01,1325.889226243975,2.7322327013706054,-0.0035389065742492676,-0.0021571025549476097
0,1997-08-04,1316.1081345509413,2.6882010446741065,-0.007377005182206631,-0.04403165669649889
0,1997-08-05,1321.0669711383944,2.710065426936269,0.0037678033113479614,0.021864382262162696
0,1997-08-06,1312.8772249169472,2.658240000532778,-0.00619934219866991,-0.05182542640349119
0,1997-08-07,1314.0463922545073,2.6451913759215464,0.0008905382128432393,-0.013048624611231574
0,1997-08-08,1309.6285089444339,2.6229907576692417,-0.003362045157700777,-0.022200618252304682
0,1997-08-11,1284.7019350063638,2.5749062720263285,-0.019033316522836685,-0.04808448564291323
0,1997-08-12,1301.740250220756,2.58760744473453,0.013262465596199036,0.01270117270820137
0,1997-08-13,1312.8376064035374,2.609339811197595,0.008525015786290169,0.02173236646306531
0,1997-08-14,1318.750165819861,2.5977991338045134,0.004503648728132248,-0.011540677393081733
0,1997-08-15,1313.1476475077775,2.536114973544293,-0.004248354583978653,-0.06168416026022028
0,1997-08-18,1327.3710239032189,2.5800617726446404,0.010831513442099094,0.04394679910034727
0,1997-08-19,1338.1773761652728,2.6287271311253937,0.00814116932451725,0.04866535848075326
0,1997-08-20,1353.2166390284726,2.678174621418803,0.01123861689120531,0.049447490293409224
0,1997-08-21,1365.9779919261327,2.723856897714892,0.009430384263396263,0.0456822762960889
0,1997-08-22,1375.0366621077803,2.7379075651795874,0.006631636992096901,0.014050667464695632
0,1997-08-25,1352.3466927484315,2.679968929036454,-0.016501355916261673,-0.057938636143133326
0,1997-08-26,1361.5358259374043,2.6319554735854838,0.006794953718781471,-0.048013455450970355
0,1997-08-27,1353.7840238837994,2.6122043424583232,-0.005693424958735704,-0.019751131127160537
0,1997-08-28,1341.600011060869,2.5908612838931426,-0.008999967947602272,-0.021343058565180595
0,1997-08-29,1317.3208679862196,2.5250556457308164,-0.018097154796123505,-0.06580563816232621
0,1997-09-02,1307.0771409735069,2.4952216200690707,-0.007776182144880295,-0.029834025661745756
0,1997-09-03,1310.321679899523,2.5272459447555202,0.002482285723090172,0.03202432468644956
0,1997-09-04,1332.9565155236721,2.5680524558056685,0.01727425865828991,0.04080651105014832
0,1997-09-05,1316.6879674163067,2.577595999481703,-0.012204860337078571,0.009543543676034272
0,1997-09-08,1336.778816776529,2.5918541925801004,0.015258626081049442,0.014258193098397598
0,1997-09-09,1326.4744923808025,2.6774496804622325,-0.007708324119448662,0.08559548788213212
0,1997-09-10,1345.2379557478978,2.7698122289656903,0.014145363122224808,0.09236254850345782
0,1997-09-11,1337.095446845046,2.802725535809603,-0.006052839104086161,0.03291330684391269
0,1997-09-12,1325.9555332687844,2.799849563482852,-0.008331427350640297,-0.002875972326751075
0,1997-09-15,1327.4699627619204,2.8197793068259953,0.0011421419912949204,0.019929743343143347
0,1997-09-16,1336.3921933786378,2.823501726347122,0.006721229758113623,0.0037224195211265076
0,1997-09-17,1329.4066193673577,2.795263114719192,-0.00522718857973814,-0.028238611627929622
0,1997-09-18,1326.790227241764,2.808663631653481,-0.0019680901896208525,0.013400516934289008
0,1997-09-19,1335.6411191703194,2.767920078431738,0.006670905277132988,-0.040743553221743056
0,1997-09-22,1363.552734480123,2.7565973196015956,0.02089754119515419,-0.011322758830142554
0,1997-09-23,1377.3857372072093,2.7196784041005366,0.010144824162125587,-0.03691891550105897
0,1997-09-24,1379.7620089885909,2.6953288917009237,0.0017252042889595032,-0.024349512399612916
0,1997-09-25,1385.3819634720428,2.7742139911425014,0.00407313322648406,0.07888509944157773
0,1997-09-26,1398.2644533022046,2.867895715355508,0.009298872202634811,0.09368172421300658
0,1997-09-29,1408.3759323752226,2.889652297952334,0.007231449708342552,0.02175658259682578
0,1997-09-30,1402.7340974185652,2.8695967718870024,-0.004005915485322475,-0.020055526065331453
0,1997-10-01,1403.293750780464,2.8404948984830334,0.00039897323586046696,-0.02910187340396897
0,1997-10-02,1405.678539735181,2.809907512417351,0.0016994224861264229,-0.03058738606568223
0,1997-10-03,1386.4143511947614,2.8092274290748636,-0.01370454765856266,-0.0006800833424875918
0,1997-10-06,1390.7391811928812,2.8211349494560474,0.0031194353941828012,0.011907520381183812
0,1997-10-07,1385.4749698831483,2.857902252343163,-0.003785189474001527,0.036767302887115605
0,1997-10-08,1406.412488990495,2.97867014531262,0.01511215977370739,0.12076789296945689
0,1997-10-09,1416.8374295233016,2.963357253510918,0.007412434555590153,-0.015312891801702033
0,1997-10-10,1401.792761807388,2.8012033150000013,-0.010618485510349274,-0.16215393851091653
0,1997-10-15,1384.1334929261611,2.8009980625466824,-0.01259763166308403,-0.00020525245331892705
0,1997-10-16,1431.492852087052,2.7852522543256524,0.03421588987112045,-0.01574580822103
0,1997-10-17,1414.9607202184195,2.797671417967477,-0.011548874899744987,0.012419163641824493
0,1997-10-20,1429.7244227562396,2.8129385346158244,0.010434001684188843,0.015267116648347567
0,1997-10-21,1408.5096327455412,2.7496384941863026,-0.014838377013802528,-0.06330004042952186
0,1997-10-22,1394.0860996257638,2.5920706010788077,-0.010240280069410801,-0.15756789310749486
0,1997-10-23,1358.45203460891,2.540475659284411,-0.025560878217220306,-0.05159494179439683
0,1997-10-24,1374.3333700944547,2.590123625766375,0.011690759100019932,0.04964796648196401
0,1997-10-27,1402.560842447606,2.582437859141557,0.02053902857005596,-0.007685766624817791
0,1997-10-28,1386.8025533196678,2.4883159739707605,-0.011235369369387627,-0.09412188517079656
0,1997-10-29,1421.2985437249206,2.5994917681204424,0.024874478578567505,0.11117579414968182
0,1997-10-30,1434.9147549611105,2.6027788718447145,0.00958012044429779,0.0032871037242721
0,1997-10-31,1457.6606609742962,2.6634930112387667,0.01585174724459648,0.060714139394052236
0,1997-11-03,1464.3826102745766,2.6994546695953634,0.004611463751643896,0.035961658356596704
0,1997-11-04,1482.3704417677106,2.7211968045822,0.012283559888601303,0.021742134986836525
0,1997-11-05,1495.2064386583347,2.753165066375033,0.008659102022647858,0.031968261792833186
0,1997-11-06,1470.0094191879905,2.7264818089894978,-0.016851866617798805,-0.02668325738553534
0,1997-11-07,1488.1316772276543,2.7309140148919493,0.01232798770070076,0.004432205902451525
0,1997-11-10,1482.7553418848097,2.6984995484823364,-0.003612808883190155,-0.032414466409612874
0,1997-11-13,1473.8676973799602,2.737478135973955,-0.005994006060063839,0.038978587491618644
0,1997-11-14,1472.4196574961572,2.6899304654835126,-0.0009824761655181646,-0.047547670490442506
0,1997-11-17,1460.3644672650084,2.662147583351363,-0.00818733312189579,-0.027782882132149744
0,1997-11-18,1452.7244234659665,2.6102320775360313,-0.005231600720435381,-0.05191550581533155
0,1997-11-19,1455.179861167168,2.627097621141713,0.0016902295174077153,0.016865543605681932
0,1997-11-20,1446.1240226081145,2.630179826661444,-0.0062231747433543205,0.0030822055197305964
0,1997-11-21,1447.9487261643794,2.6596535660518588,0.0012617891188710928,0.029473739390414977
0,1997-11-24,1427.5269068014873,2.5980005110244777,-0.01410396583378315,-0.061653055027381054
0,1997-11-25,1417.2615082419134,2.6344128967036267,-0.007191036827862263,0.03641238567914895
0,1997-11-26,1423.8144751044015,2.6028609616402067,0.004623682238161564,-0.03155193506341991
0,1997-11-28,1436.3724473181117,2.5944026570601597,0.008819949813187122,-0.008458304580047038
0,1997-12-01,1433.908168586521,2.6198969993974,-0.0017156265676021576,0.02549434233724046
0,1997-12-02,1463.3124532531956,2.7819202551132913,0.020506393164396286,0.16202325571589116
0,1997-12-03,1477.0252487874868,2.8148070873437785,0.009371064603328705,0.03288683223048716
0,1997-12-04,1457.253224893686,2.761883005217643,-0.013386381790041924,-0.05292408212613564
0,1997-12-05,1460.5219298387772,2.786377790917707,0.0022430589888244867,0.02449478570006436
0,1997-12-08,1454.9958501860292,2.7815428070665655,-0.003783633466809988,-0.004834983851141672
0,1997-12-09,1463.0254937716982,2.83294958986297,0.005518671125173569,0.05140678279640465
0,1997-12-10,1459.4897334541538,2.841450890240764,-0.002416745526716113,0.00850130037779362
0,1997-12-11,1441.1569497748549,2.801182144487029,-0.012561091221868992,-0.04026874575373496
0,1997-12-12,1433.6489031160781,2.770839078834479,-0.005209735594689846,-0.03034306565254985
0,1997-12-15,1430.4049582049322,2.7890611209742544,-0.0022627192083746195,0.018222042139775407
0,1997-12-16,1433.4130851037535,2.844689288929937,0.0021029897034168243,0.055628167955682706
0,1997-12-17,1425.0183480844541,2.8220076573101562,-0.0058564674109220505,-0.022681631619780873
0,1997-12-18,1408.8160308599956,2.8915872180220323,-0.011369900777935982,0.0695795607118761
0,1997-12-19,1401.1063181056509,2.844355596961685,-0.005472476594150066,-0.04723162106034717
0,1997-12-22,1428.7921522767087,2.87674645286629,0.019759980961680412,0.03239085590460489
0,1997-12-23,1428.5745016629742,2.8649140282691463,-0.00015233189333230257,-0.011832424597143731
0,1997-12-24,1416.7859361832543,2.8200595491839797,-0.008251978084445,-0.0448544790851666
0,1997-12-26,1423.3027043289908,2.848004355298782,0.0045996843837201595,0.027944806114802212
0,1997-12-29,1410.239368934071,2.7803343266402805,-0.009178184904158115,-0.06767002865850147
0,1997-12-30,1429.160455914046,2.867464545183863,0.01341693289577961,0.0871302185435825
0,1997-12-31,1451.1191733994287,2.9193649236908294,0.01536476705223322,0.051900378506966494
0,1998-01-02,1436.4167503934677,2.942174529177846,-0.010131781920790672,0.022809605487016604
0,1998-01-05,1444.585254128597,2.944090048665784,0.005686722695827484,0.001915519487937889
0,1998-01-06,1444.6986725925742,3.0292717725008287,7.851282134652138e-05,0.08518172383504474
0,1998-01-07,1441.544799729053,3.0324282031877168,-0.002183066215366125,0.00315643068688809
0,1998-01-08,1438.0455390441034,3.049925563239751,-0.0024274380411952734,0.01749736005203406
0,1998-01-09,1444.2810966232491,3.0476079064971233,0.004336133599281311,-0.0023176567426275163
0,1998-01-12,1433.969845766662,3.039893000460979,-0.007139365654438734,-0.007714906036144331
0,1998-01-13,1449.6619196444312,3.100342529603514,0.010943098925054073,0.060449529142534875
0,1998-01-14,1440.603721703449,3.014205608771979,-0.0062484899535775185,-0.08613692083153479
0,1998-01-15,1441.2119455364777,3.017863881936261,0.00042220065370202065,0.003658273164282022
0,1998-01-16,1446.7740126887509,3.0214386038448464,0.003859298536553979,0.003574721908585321
0,1998-01-20,1442.7664750862452,3.0260617700934365,-0.0027699817437678576,0.004623166248590049
0,1998-01-21,1436.091552334131,3.0365289953200207,-0.004626474808901548,0.010467225226584276
0,1998-01-22,1460.2076739993745,3.058898941578169,0.016792885959148407,0.022369946258148143
0,1998-01-23,1457.8365839829842,3.052399379448483,-0.0016238032840192318,-0.006499562129685721
0,1998-01-26,1461.681560344313,3.0336958538501824,0.0026374536100775003,-0.018703525598300796
0,1998-01-27,1452.0848334918169,3.0523011713903614,-0.006565538700670004,0.018605317540179023
0,1998-01-28,1454.8017294142358,2.971680329784528,0.0018710311269387603,-0.0806208416058336
0,1998-01-29,1451.0030441526897,3.013882359657092,-0.0026111360639333725,0.04220202987256405
0,1998-01-30,1454.0390362431353,3.0375009779193163,0.00209234026260674,0.023618618262224444
0,1998-02-02,1442.2261070176755,2.8373658688254744,-0.008124217391014099,-0.2001351090938419
0,1998-02-03,1427.4054651275087,2.778068919333082,-0.010276226326823235,-0.0592969494923925
0,1998-02-04,1421.5560372869356,2.872293910483935,-0.004097944125533104,0.09422499115085303
0,1998-02-05,1454.5893614550168,2.923917091441236,0.0232374407351017,0.051623180957300896
0,1998-02-06,1460.8741104756275,3.0163682329808092,0.00432063452899456,0.09245114153957346
0,1998-02-09,1466.7207384894857,3.043725884080257,0.004002143628895283,0.027357651099447544
0,1998-02-10,1444.1951623039135,3.0083236993910822,-0.015357781201601028,-0.035402184689174554
0,1998-02-11,1465.1964336840947,3.0019523759557782,0.014541851356625557,-0.006371323435303999
0,1998-02-12,1443.3671044094308,2.7793525818339093,-0.014898568391799927,-0.22259979412186892
0,1998-02-13,1417.1681930127393,2.7767760290355294,-0.01815124601125717,-0.002576552798379872
0,1998-02-17,1429.8264317385779,2.846454955695263,0.008932065218687057,0.06967892665973352
0,1998-02-18,1419.313927536871,2.8320884947849434,-0.007352293934673071,-0.014366460910319567
0,1998-02-19,1411.6087278183813,2.8501020756829587,-0.005428819917142391,0.018013580898015302
0,1998-02-20,1407.0593217869446,2.918587048045706,-0.003222852014005184,0.06848497236274742
0,1998-02-23,1433.8372267567468,2.970923020024062,0.019031113013625145,0.05233597197835582
0,1998-02-24,1430.939659688161,2.9380063885500967,-0.0020208479836583138,-0.032916631473965285
0,1998-02-25,1429.8111960880426,2.892674775918577,-0.000788617180660367,-0.045331612631519747
0,1998-02-26,1445.9282384984754,2.9285528750653365,0.011272147297859192,0.035878099146759546
0,1998-02-27,1441.0078674842453,2.880309513504242,-0.003402915084734559,-0.048243361561094655
0,1998-03-02,1438.9614353616928,2.826301643401833,-0.0014201394515112042,-0.054007870102408706
0,1998-03-03,1423.8131803429656,2.806732725022964,-0.010527214035391808,-0.019568918378868982
0,1998-03-04,1413.2922194360108,2.747587929873757,-0.007389284670352936,-0.05914479514920723
0,1998-03-05,1419.7057205776239,2.837538556250557,0.004537986591458321,0.08995062637680018
0,1998-03-06,1444.5338131801789,2.900940384171478,0.01748819649219513,0.06340182792092097
0,1998-03-09,1432.8145006074453,2.9080544520730824,-0.008112868294119835,0.007114067901604404
0,1998-03-10,1455.101084050371,2.94430697401254,0.015554409474134445,0.036252521939457605
0,1998-03-11,1450.1579447092433,2.8950694892035944,-0.003397110616788268,-0.04923748480894563
0,1998-03-12,1447.0630713771795,2.9252338922372587,-0.0021341629326343536,0.0301644030336643
0,1998-03-13,1434.5011515899173,2.9352786495234953,-0.008680975995957851,0.01004475728623655
0,1998-03-16,1431.791546654664,2.9937949472466405,-0.0018888830672949553,0.05851629772314526
0,1998-03-17,1441.8100507410966,3.0926529742592828,0.006997180636972189,0.09885802701264224
0,1998-03-18,1453.9584527109462,3.121021868686466,0.008425799198448658,0.028368894427183378
0,1998-03-19,1461.7766259210816,3.145775081293657,0.005377164110541344,0.02475321260719099
0,1998-03-20,1457.5314302289264,3.1545600582164286,-0.002904134336858988,0.00878497692277147
0,1998-03-23,1468.857159416058,3.1492480435591497,0.007770487107336521,-0.0053120146572789295
0,1998-03-24,1477.9595275850256,3.184126974561938,0.006196904927492142,0.03487893100278816
0,1998-03-25,1500.215369766166,3.2335032077141403,0.015058492310345173,0.04937623315220252
0,1998-03-26,1498.803217637901,3.2270003217853636,-0.0009412996005266905,-0.0065028859287767915
0,1998-03-27,1486.9266146952884,3.2205441848238587,-0.00792405754327774,-0.006456136961504821
0,1998-03-30,1501.437145913798,3.2833847291806726,0.009758740663528442,0.06284054435681385
0,1998-03-31,1517.5201359202188,3.2991606888415443,0.01071173045784235,0.015775959660871752
0,1998-04-01,1521.184833270745,3.295969125743955,0.0024149250239133835,-0.0031915630975891673
0,1998-04-02,1518.3893828577895,3.2833806599540774,-0.0018376796506345272,-0.012588465789877823
0,1998-04-03,1518.3229369961032,3.284720101089172,-4.376075230538845e-05,0.0013394411350944324
0,1998-04-06,1521.4721755597745,3.2586747256350894,0.002074155956506729,-0.026045375454082365
0,1998-04-07,1509.7565401798824,3.266137658236804,-0.00770019693300128,0.007462932601714378
0,1998-04-08,1517.212257024822,3.2594606090821143,0.0049383570440113544,-0.006677049154689474
0,1998-04-09,1519.4652847502982,3.2525297705886658,0.0014849785948172212,-0.0069308384934485545
0,1998-04-13,1515.7670510834187,3.1930051861689,-0.002433904679492116,-0.0595245844197656
0,1998-04-14,1530.777631088967,3.223945159924624,0.009902959689497948,0.03093997375572366
0,1998-04-15,1537.9825326946057,3.2278948549353816,0.004706693813204765,0.003949695010757814
0,1998-04-16,1517.244128074652,3.174816311515035,-0.013484161347150803,-0.05307854342034668
0,1998-04-17,1518.4150686451974,3.2308582314368346,0.0007717548869550228,0.05604191992179963
0,1998-04-20,1538.8356251212754,3.2809402170407593,0.013448599725961685,0.05008198560392474
0,1998-04-21,1537.3960465098119,3.272699945179521,-0.0009354986250400543,-0.008240271861238213
0,1998-04-22,1532.7610162810784,3.264618531346431,-0.0030148576479405165,-0.008081413833090245
0,1998-04-23,1520.8316673592653,3.2512042523869655,-0.007782915141433477,-0.013414278959465342
0,1998-04-24,1541.2682029910934,3.2660394317263344,0.01343773677945137,0.014835179339368842
0,1998-04-27,1559.8079568626185,3.229087269821998,0.012028895318508148,-0.03695216190433648
0,1998-04-28,1558.2295243286312,3.23520566436238,-0.0010119403013959527,0.006118394540381988
0,1998-04-29,1568.5668672307881,3.294431068758604,0.00663403095677495,0.059225404396224146
0,1998-04-30,1566.2346288385306,3.312746880141146,-0.0014868594007566571,0.018315811382541902
0,1998-05-01,1563.8797645621798,3.2914023623518447,-0.001503519481047988,-0.021344517789301243
0,1998-05-04,1543.5070602545427,3.250556927597645,-0.013027027249336243,-0.04084543475419977
0,1998-05-05,1527.5789782286372,3.265452987113168,-0.010319409891963005,0.014896059515522975
0,1998-05-06,1550.9346400566046,3.3020768256152406,0.015289331786334515,0.036623838502072736
0,1998-05-07,1535.5028189366644,3.290191354933613,-0.00995001383125782,-0.011885470681627819
0,1998-05-08,1531.4211110458814,3.295747973101252,-0.002658222336322069,0.0055566181676391935
0,1998-05-11,1528.8439988621249,3.292709435673926,-0.0016828239895403385,-0.003038537427325849
0,1998-05-12,1511.928843999395,3.2421821453239668,-0.0110640162602067,-0.0505272903499594
0,1998-05-13,1515.4355282791134,3.228505523985912,0.002319344785064459,-0.013676621338054584
0,1998-05-14,1514.5040642962695,3.2170075084545906,-0.0006146510131657124,-0.01149801553132157
0,1998-05-15,1498.2725362443878,3.1606638588253118,-0.010717388242483139,-0.05634364962927885
0,1998-05-18,1488.9311087623469,3.161883560140729,-0.006234798580408096,0.0012197013154171543
0,1998-05-19,1497.4909733652555,3.1613553406025217,0.005748999770730734,-0.000528219538207253
0,1998-05-20,1486.3163881893206,3.110530885638087,-0.0074622053653001785,-0.05082445496443455
0,1998-05-21,1481.0573351126263,3.1371574240343976,-0.0035383133217692375,0.026626538396310462
0,1998-05-22,1498.4632838028094,3.1779006443159497,0.011752380058169365,0.040743220281552084
0,1998-05-26,1504.0993314702068,3.192036659828152,0.0037612183950841427,0.014136015512202338
0,1998-05-27,1524.9258426308536,3.235819964079634,0.013846499845385551,0.043783304251482136
0,1998-05-28,1535.5035728794164,3.272033972951728,0.006936553865671158,0.03621400887209392
0,1998-05-29,1534.2150619585236,3.270822886526986,-0.0008391455048695207,-0.0012110864247421027
0,1998-06-01,1510.4203618088966,3.2863538794959877,-0.015509364195168018,0.015530992969001733
0,1998-06-02,1519.6757431728906,3.3178843135580256,0.006127685774117708,0.031530434062037926
0,1998-06-03,1485.2058664409137,3.237239718708608,-0.022682389244437218,-0.08064459484941766
0,1998-06-04,1460.0673550942154,3.1881693208645823,-0.01692594401538372,-0.04907039784402567
0,1998-06-05,1456.911244368255,3.1833092289667495,-0.0021616199519485235,-0.004860091897832763
0,1998-06-08,1459.1905008245246,3.230656758027037,0.001564444275572896,0.047347529060287386
0,1998-06-09,1479.4751168989005,3.3032705046936397,0.013901280239224434,0.07261374666660281
0,1998-06-10,1476.0203005596757,3.2757849730897397,-0.0023351635318249464,-0.027485531603899993
0,1998-06-11,1471.847105418424,3.252140818270179,-0.002827329095453024,-0.023644154819560725
0,1998-06-12,1482.0702686357126,3.24697245727192,0.006945805158466101,-0.005168360998259125
0,1998-06-15,1483.510061692607,3.1795245224117914,0.0009714742191135883,-0.06744793486012846
0,1998-06-16,1483.7668715015886,3.20086396511831,0.00017310958355665207,0.021339442706518774
0,1998-06-17,1499.94842074671,3.233317534736171,0.01090572215616703,0.03245356961786072
0,1998-06-18,1480.8898995620075,3.1314950240807002,-0.012706117704510689,-0.10182251065547065
0,1998-06-19,1474.8253275483742,3.126743717243758,-0.004095221403986216,-0.004751306836942248
0,1998-06-22,1493.3379856019628,3.1417898247977085,0.012552441097795963,0.015046107553950527
0,1998-06-23,1498.1768912591647,3.1638336336274895,0.0032403285149484873,0.022043808829780964
0,1998-06-24,1502.1327202017274,3.1795578903227653,0.002640428487211466,0.015724256695275773
0,1998-06-25,1497.483889357383,3.135456872880941,-0.0030948203057050705,-0.044101017441824375
0,1998-06-26,1489.8759034022949,3.0876022146211506,-0.005080512724816799,-0.047854658259790295
0,1998-06-29,1492.0269526590507,3.099645440184181,0.0014437774661928415,0.01204322556303028
0,1998-06-30,1485.0511027814516,3.0859482925310866,-0.004675418138504028,-0.013697147653094266
0,1998-07-01,1469.1235411501093,3.0727060273492017,-0.010725261643528938,-0.013242265181884871
0,1998-07-02,1462.1785975246212,3.0604003939828,-0.004727269988507032,-0.012305633366401558
0,1998-07-06,1464.5780285748226,3.0192341849396,0.001640997244976461,-0.04116620904320012
0,1998-07-07,1436.973517170717,2.9879045750991966,-0.018848098814487457,-0.03132960984040345
0,1998-07-08,1431.232972695053,2.947990126080235,-0.003994885366410017,-0.03991444901896157
0,1998-07-09,1428.8119215510844,2.9442440327078305,-0.0016915842425078154,-0.003746093372404502
0,1998-07-10,1438.4324958539949,2.9591074076224935,0.00673326849937439,0.014863374914662941
0,1998-07-13,1436.1668404180357,2.879235522871075,-0.0015750863822177052,-0.0798718847514186
0,1998-07-14,1421.205654551515,2.9013964431004617,-0.01041744276881218,0.02216092022938687
0,1998-07-15,1425.0450657333197,2.8851448549793663,0.0027015169616788626,-0.016251588121095395
0,1998-07-16,1420.9758014756992,2.88232523793325,-0.0028555337339639664,-0.0028196170461165515
0,1998-07-17,1408.4557811531201,2.886051889230394,-0.00881086103618145,0.0037266512971441124
0,1998-07-20,1420.3072210715789,2.896672897242266,0.008414492011070251,0.010621008011872046
0,1998-07-21,1398.0488645448208,2.8587191594236034,-0.015671508386731148,-0.037953737818662514
0,1998-07-22,1400.518117251345,2.833396538025427,0.0017662134487181902,-0.025322621398176537
0,1998-07-23,1387.777386601331,2.805277100664036,-0.009097155183553696,-0.028119437361390887
0,1998-07-24,1396.1368318695668,2.7796511683727196,0.0060236211866140366,-0.025625932291316378
0,1998-07-27,1389.509022430875,2.7844754730153505,-0.004747249186038971,0.004824304642630839
0,1998-07-28,1393.5157369840888,2.7111290970780084,0.0028835469856858253,-0.07334637593734206
0,1998-07-29,1370.653118686787,2.643884494162129,-0.016406429931521416,-0.06724460291587953
0,1998-07-30,1362.9037564964956,2.614679523980984,-0.005653773434460163,-0.029204970181144763
0,1998-07-31,1369.9188211983542,2.6306255963617677,0.005147146061062813,0.015946072380783605
0,1998-08-03,1368.1316169179304,2.5301910345722614,-0.0013046059757471085,-0.10043456178950638
0,1998-08-04,1330.680808489223,2.4089871806386887,-0.02737368829548359,-0.12120385393357269
0,1998-08-05,1349.3808140231954,2.4042734100745524,0.014052961021661758,-0.004713770564136244
0,1998-08-06,1336.62872578018,2.4384397685630224,-0.00945032574236393,0.03416635848846994
0,1998-08-07,1352.5212422168238,2.4741419525606307,0.01189000066369772,0.03570218399760838
0,1998-08-10,1333.2914595485688,2.459414124073549,-0.014217730611562729,-0.014727828487081762
0,1998-08-11,1350.3231182876286,2.50951843998494,0.012774145230650902,0.05010431591139097
0,1998-08-12,1362.2396222218363,2.5541427674253523,0.008824927732348442,0.04462432744041234
0,1998-08-13,1358.226945650807,2.5355069400952246,-0.002945646643638611,-0.018635827330127697
0,1998-08-14,1358.9012302981876,2.5337510266848846,0.000496444758027792,-0.001755913410339982
0,1998-08-17,1345.6171814701115,2.5673393085265266,-0.00977558083832264,0.033588281841641976
0,1998-08-18,1347.6950905714834,2.5649400250067615,0.0015442052390426397,-0.0023992835197650386
0,1998-08-19,1358.3684651139808,2.584046726609185,0.00791972503066063,0.01910670160242356
0,1998-08-20,1354.8027542665257,2.5960336250133866,-0.002624995307996869,0.01198689840420153
0,1998-08-21,1366.685151921404,2.5801984773680675,0.008770573884248734,-0.015835147645319125
0,1998-08-24,1357.6634771214233,2.5591188025285443,-0.006601136177778244,-0.02107967483952322
0,1998-08-25,1346.3370028705533,2.5044882584528088,-0.00834262277930975,-0.05463054407573553
0,1998-08-26,1317.5158001686925,2.4460470604599927,-0.021407123655080795,-0.05844119799281611
0,1998-08-27,1320.1549225128076,2.401514545961786,0.002003104891628027,-0.0445325144982065
0,1998-08-28,1310.9218792498532,2.3252562290680894,-0.006993908900767565,-0.07625831689369678
0,1998-08-31,1315.172309808318,2.3686925093123157,0.003242321778088808,0.0434362802442263
0,1998-09-01,1319.1506233465786,2.378987163447256,0.003024937119334936,0.010294654134940462
0,1998-09-02,1321.6370599939517,2.3794626791759494,0.0018848769832402468,0.0004755157286933098
0,1998-09-03,1338.880087512585,2.4269244747939513,0.013046719133853912,0.0474617956180019
0,1998-09-04,1330.2836126178884,2.413516719791911,-0.006420645862817764,-0.013407755002040389
0,1998-09-08,1342.5184025254455,2.4106800141274314,0.009197128936648369,-0.0028367056644795774
0,1998-09-09,1349.843022399155,2.4304281994508212,0.0054558804258704185,0.019748185323389844
0,1998-09-10,1351.834084931994,2.445781149973761,0.001475032651796937,0.015352950522939945
0,1998-09-11,1373.859865741136,2.4769963179007237,0.016293257474899292,0.03121516792696255
0,1998-09-14,1356.541691277252,2.431719326775321,-0.012605488300323486,-0.04527699112540251
0,1998-09-15,1371.4932962262587,2.455169784451131,0.011021854355931282,0.023450457675809666
0,1998-09-16,1377.0009601869851,2.47664562329394,0.004015815444290638,0.021475838842809125
0,1998-09-17,1406.7490498107088,2.497548187430549,0.0216035358607769,0.02090256413660896
0,1998-09-18,1417.2718689584813,2.5317360391374297,0.007480239029973745,0.03418785170688077
0,1998-09-21,1428.9059255505092,2.5509154488395986,0.00820876844227314,0.019179409702168915
0,1998-09-22,1428.9613759230804,2.567243973971905,3.880617441609502e-05,0.016328525132306204
0,1998-09-23,1425.2078454221669,2.594738910858537,-0.002626754343509674,0.027494936886632182
0,1998-09-24,1449.016509023563,2.6248410683171115,0.01670539751648903,0.030102157458574474
0,1998-09-25,1450.230857530804,2.6326121699482066,0.000838050153106451,0.007771101631095068
0,1998-09-28,1454.601744464225,2.6841140038025473,0.003013924928382039,0.051501833854340706
0,1998-09-29,1465.8302547420897,2.6880865958441578,0.007719302084296942,0.00397259204161049
0,1998-09-30,1456.8546138992403,2.693487697120196,-0.006123247090727091,0.0054011012760382116
0,1998-10-01,1454.5389558770257,2.698824423792315,-0.0015894914977252483,0.005336726672119152
0,1998-10-02,1446.2818394092942,2.747995011901576,-0.005676792934536934,0.049170588109261004
0,1998-10-05,1469.1868133188161,2.773614998832322,0.01583714410662651,0.025619986930745853
0,1998-10-06,1472.2902767081562,2.7997170831205924,0.002112368121743202,0.026102084288270433
0,1998-10-07,1449.636138604776,2.914869567460572,-0.015387005172669888,0.11515248433997938
0,1998-10-08,1446.7285446412798,2.882049808718617,-0.0020057405345141888,-0.032819758741954974
0,1998-10-09,1429.884569915237,2.816641323737492,-0.011642802506685257,-0.06540848498112473
0,1998-10-14,1423.6194132201158,2.7898912911633573,-0.004381582140922546,-0.026750032574134774
0,1998-10-15,1412.101331623462,2.7412633501783166,-0.008090702816843987,-0.04862794098504075
0,1998-10-16,1432.8885920607445,2.719579320769033,0.014720799401402473,-0.02168402940928349
0,1998-10-19,1404.0516640507235,2.6719823868188444,-0.02012503147125244,-0.04759693395018871
0,1998-10-20,1415.3585955231226,2.6902363184243185,0.008053073659539223,0.018253931605474172
0,1998-10-21,1419.3054978513946,2.6537186517449527,0.0027886235620826483,-0.036517666679365846
0,1998-10-22,1395.4834312632752,2.601285910421354,-0.016784312203526497,-0.05243274132359854
0,1998-10-23,1403.2024479212973,2.635458271703673,0.0055314283818006516,0.03417236128231904
0,1998-10-26,1408.2789780172316,2.660033213049023,0.0036178173031657934,0.024574941345349988
0,1998-10-27,1392.5150467375083,2.6351081497048137,-0.011193756014108658,-0.02492506334420952
0,1998-10-28,1394.0879423929823,2.6644090664159035,0.001129535841755569,0.02930091671108981
0,1998-10-29,1394.2892213365203,2.5974727921364913,0.00014438037760555744,-0.06693627427941218
0,1998-10-30,1389.3870916474239,2.578879779930967,-0.003515862859785557,-0.01859301220552423
0,1998-11-02,1385.2146152779187,2.5232115317141774,-0.003003105754032731,-0.05566824821678962
0,1998-11-03,1371.8180824079009,2.5601327845318758,-0.009671088308095932,0.03692125281769831
0,1998-11-04,1371.1913212622185,2.5649790187233745,-0.00045688357204198837,0.004846234191498766
0,1998-11-05,1373.463430676638,2.564290605703457,0.0016570331063121557,-0.0006884130199176219
0,1998-11-06,1385.7929474840712,2.5749269988140258,0.008976953104138374,0.010636393110568854
0,1998-11-09,1408.3248333828171,2.6537529344314947,0.016259200870990753,0.07882593561746898
0,1998-11-10,1398.9226881451166,2.6320151089661357,-0.00667611975222826,-0.021737825465359073
0,1998-11-13,1397.5833807963925,2.625613486114673,-0.0009573848219588399,-0.006401622851462729
0,1998-11-16,1402.0088481143166,2.6271026991033413,0.0031665139831602573,0.0014892129886683314
0,1998-11-17,1377.4581655160064,2.5327098268894037,-0.017511075362563133,-0.09439287221393755
0,1998-11-18,1360.159792926969,2.4580765958515354,-0.012558183632791042,-0.07463323103786834
0,1998-11-19,1356.5420750663877,2.4360557130597646,-0.002659774152562022,-0.022020882791770724
0,1998-11-20,1370.1452402026746,2.476876587034805,0.010027823969721794,0.04082087397504042
0,1998-11-23,1358.019203627293,2.4552270252614035,-0.008850183337926865,-0.021649561773401604
0,1998-11-24,1359.5442306495545,2.385927506879311,0.0011229789815843105,-0.06929951838209236
0,1998-11-25,1338.47715020854,2.3588156446553077,-0.015495693311095238,-0.027111862224003414
0,1998-11-27,1336.54620318134,2.3363105993644027,-0.0014426447451114655,-0.022505045290905024
0,1998-11-30,1333.2191038925885,2.331408073381964,-0.0024893260560929775,-0.004902525982438455
0,1998-12-01,1336.0928421482895,2.377971016876924,0.002155488356947899,0.04656294349495971
0,1998-12-02,1357.2067638864792,2.3155047453062325,0.015802735462784767,-0.0624662715706914
0,1998-12-03,1343.2817025536597,2.292945179312893,-0.010260088369250298,-0.022559565993339525
0,1998-12-04,1332.5116025671682,2.250579531139095,-0.008017752319574356,-0.042365648173797954
0,1998-12-07,1342.2862263497318,2.232831972624335,0.007335488684475422,-0.017747558514760176
0,1998-12-08,1329.274225233684,2.139197567670193,-0.00969390943646431,-0.09363440495414199
0,1998-12-09,1323.6017384164847,2.133122321635484,-0.0042673563584685326,-0.006075246034708659
0,1998-12-10,1344.8995678314654,2.156621617007204,0.016090814024209976,0.023499295371719686
0,1998-12-11,1356.1557446001045,2.1864620575722085,0.008369529619812965,0.029840440565004567
0,1998-12-14,1361.6850265978003,2.188269967901572,0.004077173303812742,0.001807910329363338
0,1998-12-15,1356.6783570165478,2.1925853270665816,-0.003676819149404764,0.004315359165009802
0,1998-12-16,1368.8872967523023,2.2098964297894725,0.008999140933156013,0.017311102722890936
0,1998-12-17,1380.6454951925107,2.2216603091350193,0.008589603006839752,0.01176387934554679
0,1998-12-18,1371.5826865679496,2.225857640891493,-0.0065641822293400764,0.004197331756473854
0,1998-12-21,1351.7829161349684,2.218772243450782,-0.01443571038544178,-0.0070853974407110165
0,1998-12-22,1366.6377707675042,2.259049003540246,0.010989082977175713,0.04027676008946379
0,1998-12-23,1363.0162491933324,2.225774449106881,-0.002649949863553047,-0.03327455443336502
0,1998-12-24,1343.9641593956662,2.1715605264908207,-0.013977888971567154,-0.054213922616060284
0,1998-12-28,1347.4226548562938,2.21142211549981,0.002573353936895728,0.039861589008989284
0,1998-12-29,1362.8425390958676,2.2100479083109392,0.01144398469477892,-0.001374207188870713
0,1998-12-30,1361.1106551196112,2.218358215092273,-0.0012707880232483149,0.008310306781333932
0,1998-12-31,1362.5701460504222,2.2681819958043707,0.0010722794104367495,0.04982378071209759
0,1999-01-04,1378.0777603034337,2.424748580332321,0.011381149291992188,0.15656658452795025
0,1999-01-05,1373.566226636833,2.36549062206007,-0.0032737874425947666,-0.059257958272251
0,1999-01-06,1354.938190899563,2.338178720247759,-0.013561803847551346,-0.027311901812311135
0,1999-01-07,1354.4674213751389,2.3347878000676903,-0.0003474472323432565,-0.0033909201800685906
0,1999-01-08,1380.0332501179741,2.4061151702130372,0.018875189125537872,0.07132737014534696
0,1999-01-11,1397.6537439338208,2.49311802933567,0.01276816613972187,0.08700285912263261
0,1999-01-12,1403.1317012426398,2.4840231899291094,0.00391939515247941,-0.009094839406560418
0,1999-01-13,1394.0751747438944,2.507436184717598,-0.00645450921729207,0.02341299478848846
0,1999-01-14,1404.7834258642615,2.53384928158351,0.007681258022785187,0.026413096865911978
0,1999-01-15,1414.9539187870002,2.556855789810927,0.0072399009950459,0.023006508227417122
0,1999-01-19,1414.4140978966352,2.5313015340260123,-0.0003815112868323922,-0.02555425578491466
0,1999-01-20,1418.488477986432,2.6373397146398645,0.0028806133195757866,0.10603818061385217
0,1999-01-21,1420.7987504419957,2.5971955949650094,0.001628686091862619,-0.040144119674855094
0,1999-01-22,1416.2563385557798,2.707509937250414,-0.0031970832496881485,0.11031434228540471
0,1999-01-25,1427.6254279937864,2.7159853901316633,0.008027564734220505,0.00847545288124918
0,1999-01-26,1423.6419168663554,2.7501930663656755,-0.002790305530652404,0.03420767623401222
0,1999-01-27,1436.4797922829523,2.7626848099768893,0.00901762954890728,0.012491743611213746
0,1999-01-28,1429.85909714449,2.7467354764491394,-0.004608971998095512,-0.015949333527749854
0,1999-01-29,1439.0660576085447,2.7699574735546584,0.006439068354666233,0.023221997105518977
0,1999-02-01,1439.2522690646886,2.7756113122205424,0.00012939743464812636,0.005653838665883981
0,1999-02-02,1453.3439622968947,2.7934773488281994,0.009790982119739056,0.017866036607657065
0,1999-02-03,1455.3980094312344,2.78349715853038,0.001413324847817421,-0.00998019029781938
0,1999-02-04,1452.579241722125,2.7851953632680253,-0.0019367675995454192,0.0016982047376452591
0,1999-02-05,1447.061172458106,2.8391899725524428,-0.0037988077383488417,0.05399460928441746
0,1999-02-08,1445.969346887699,2.809670302523116,-0.0007545123808085918,-0.02951967002932676
0,1999-02-09,1442.1069832005621,2.8161403975851322,-0.002671124180778861,0.0064700950620162345
0,1999-02-10,1435.908128949407,2.788624735570994,-0.004298470448702574,-0.027515662014138353
0,1999-02-11,1437.238325754703,2.7888379000897148,0.000926380162127316,0.00021316451872088749
0,1999-02-12,1427.8686411025976,2.744288615008413,-0.006519228219985962,-0.044549285081301626
0,1999-02-16,1416.7211202469707,2.562754488175533,-0.00780710531398654,-0.18153412683288028
0,1999-02-17,1389.222878386581,2.5290554288885048,-0.019409777596592903,-0.0336990592870281
0,1999-02-18,1409.36359366166,2.583400969374602,0.014497828669846058,0.0543455404860973
0,1999-02-19,1415.620067821448,2.6598664172130353,0.004439219366759062,0.07646544783843323
0,1999-02-22,1444.1558369647248,2.6961475586223353,0.020157787948846817,0.036281141409300055
0,1999-02-23,1451.227346635248,2.7274020273940764,0.004896638914942741,0.031254468771741095
0,1999-02-24,1440.0912230117756,2.6448795600830297,-0.00767358997836709,-0.08252246731104673
0,1999-02-25,1437.2910611572202,2.6366322266514755,-0.0019444336649030447,-0.00824733343155426
0,1999-02-26,1442.7984718122568,2.679933971392726,0.003831799142062664,0.04330174474125048
0,1999-03-01,1444.5681011274223,2.6940387452766417,0.0012265256373211741,0.014104773883915733
0,1999-03-02,1434.4026602180702,2.6926127577667693,-0.007037010509520769,-0.0014259875098723285
0,1999-03-03,1433.9946894501272,2.6774324822934803,-0.00028441858012229204,-0.01518027547328904
0,1999-03-04,1434.8202796163766,2.6968386881271593,0.0005757274921052158,0.019406205833679024
0,1999-03-05,1406.9740751266727,2.6688731997913417,-0.019407451152801514,-0.02796548833581758
0,1999-03-08,1423.7977227779832,2.635064567115432,0.011957325972616673,-0.033808632675909944
0,1999-03-09,1413.8156810545024,2.628659715083225,-0.00701085664331913,-0.006404852032206865
0,1999-03-10,1437.9156527661555,2.65968317945364,0.017046049237251282,0.031023464370415255
0,1999-03-11,1430.4321176036526,2.666051478980604,-0.0052044326439499855,0.006368299526963828
0,1999-03-12,1417.7426380154604,2.579857442124813,-0.008871081285178661,-0.08619403685579119
0,1999-03-15,1415.3165750392745,2.594187437570364,-0.0017112153582274914,0.014329995445551358
0,1999-03-16,1410.8302048227536,2.611615544865952,-0.0031698704697191715,0.017428107295587747
0,1999-03-17,1398.191545391664,2.600229717806892,-0.00895831361413002,-0.011385827059060105
0,1999-03-18,1405.317360621783,2.6049381160010023,0.0050964513793587685,0.004708398194110508
0,1999-03-19,1430.271715056728,2.6681245148220647,0.017757095396518707,0.06318639882106236
0,1999-03-22,1421.1812184465734,2.6551425892799285,-0.006355782970786095,-0.012981925542136175
0,1999-03-23,1429.5149866537422,2.6843533434135556,0.005863972939550877,0.02921075413362706
0,1999-03-24,1431.0094058440527,2.6811584116603644,0.0010454029543325305,-0.003194931753191188
0,1999-03-25,1429.2913708474937,2.6638246819993507,-0.001200575614348054,-0.017333729661013653
0,1999-03-26,1431.708947256593,2.652921462221554,0.0016914510633796453,-0.010903219777796735
0,1999-03-29,1423.561773290255,2.6605238693735433,-0.005690523888915777,0.007602407151989343
0,1999-03-30,1431.220676147455,2.6844609527205217,0.005380098707973957,0.023937083346978305
0,1999-03-31,1418.7254320184184,2.6976641852701655,-0.008730480447411537,0.01320323254964384
0,1999-04-01,1437.560716972299,2.743022633972914,0.01327620167285204,0.04535844870274852
0,1999-04-05,1437.2466485656275,2.703315997222986,-0.00021847314201295376,-0.03970663674992814
0,1999-04-06,1438.9266611405944,2.6852856342362363,0.001168910413980484,-0.018030362986749537
0,1999-04-07,1444.9281091213575,2.6400118344254313,0.004170781001448631,-0.04527379981080504
0,1999-04-08,1447.584806132029,2.7057809707165994,0.0018386361189186573,0.0657691362911681
0,1999-04-09,1459.9388659832487,2.722110484823636,0.008534256368875504,0.016329514107036758
0,1999-04-12,1474.058225481803,2.7372671972052447,0.009671199135482311,0.01515671238160854
0,1999-04-13,1456.3004076945324,2.679537982873767,-0.012046890333294868,-0.057729214331477596
0,1999-04-14,1443.077660806813,2.613677151300431,-0.00907968357205391,-0.06586083157333622
0,1999-04-15,1449.8824914048726,2.652840559244093,0.00471549853682518,0.03916340794366224
0,1999-04-16,1448.6706153661605,2.625146979064237,-0.0008358443155884743,-0.027693580179855903
0,1999-04-19,1437.4041166774361,2.6171962953203542,-0.007777129299938679,-0.00795068374388297
0,1999-04-20,1455.0232416700394,2.6710979815240505,0.012257600203156471,0.053901686203696286
0,1999-04-21,1450.6720863715018,2.682414143407467,-0.0029904369730502367,0.011316161883416331
0,1999-04-22,1456.1414731966079,2.675229773058536,0.003770243376493454,-0.007184370348930713
0,1999-04-23,1445.045948024181,2.67214210712838,-0.007619812618941069,-0.0030876659301561915
0,1999-04-26,1459.5933387082457,2.727472947281823,0.010067078284919262,0.05533084015344292
0,1999-04-27,1449.21696681438,2.717055327004935,-0.007109084166586399,-0.010417620276887973
0,1999-04-28,1433.4812525443253,2.6731093584209136,-0.010858080349862576,-0.04394596858402133
0,1999-04-29,1426.3418647888393,2.6547929559391164,-0.004980454221367836,-0.018316402481797223
0,1999-04-30,1422.4337894984897,2.6588906063975153,-0.0027399288956075907,0.004097650458398938
0,1999-05-03,1426.443786734739,2.682437573495643,0.0028191099409013987,0.02354696709812787
0,1999-05-04,1442.2568591728543,2.6912250078559046,0.011085661128163338,0.008787434360261415
0,1999-05-05,1447.9733265466461,2.6433909398183357,0.003963557071983814,-0.047834068037568844
0,1999-05-06,1444.8502070249504,2.585132554202337,-0.002156890230253339,-0.05825838561599861
0,1999-05-07,1451.0549591199763,2.609119626164527,0.004294391255825758,0.023987071962189965
0,1999-05-10,1468.1895979121084,2.6594050820534374,0.011808400973677635,0.05028545588891031
0,1999-05-11,1497.289043338817,2.708020726483655,0.019819950684905052,0.048615644430217486
0,1999-05-12,1493.6728766052152,2.72252482860254,-0.0024151427205652,0.014504102118884976
0,1999-05-13,1490.7520259160935,2.7416568385979803,-0.0019554821774363518,0.019132009995440402
0,1999-05-14,1491.7584158888005,2.730153316141691,0.0006750887841917574,-0.011503522456289161
0,1999-05-17,1520.0080882490704,2.7426411854050436,0.018937163054943085,0.012487869263352547
0,1999-05-18,1507.9869601946373,2.731853330417858,-0.0079085947945714,-0.010787854987185597
0,1999-05-19,1521.362724509154,2.774345837718792,0.00886994693428278,0.0424925073009339
0,1999-05-20,1531.353387336261,2.780204999463462,0.006566917058080435,0.0058591617446701605
0,1999-05-21,1535.9385823785874,2.8114845991487725,0.0029942109249532223,0.031279599685310355
0,1999-05-24,1537.0227107995154,2.786365779263937,0.0007058409973978996,-0.025118819884835553
0,1999-05-25,1542.5521708124686,2.8053562412806996,0.0035975135397166014,0.018990462016762688
0,1999-05-26,1559.9781235415362,2.857056346304718,0.011296832002699375,0.05170010502401823
0,1999-05-27,1543.2012857049938,2.814882470823368,-0.010754534043371677,-0.042173875481349654
0,1999-05-28,1539.6517749949433,2.826285218975159,-0.002300095744431019,0.011402748151790654
0,1999-06-01,1534.6267693194673,2.8505182502824677,-0.003263728693127632,0.024233031307308917
0,1999-06-02,1559.6987583892876,2.862219015455189,0.01633751578629017,0.01170076517272145
0,1999-06-03,1547.5059843278063,2.86737362087225,-0.007817390374839306,0.005154605417060587
0,1999-06-04,1531.749481971567,2.7079744011519464,-0.010181868448853493,-0.15939921972030335
0,1999-06-07,1512.6066831169535,2.7204258074091756,-0.012497343122959137,0.01245140625722918
0,1999-06-08,1539.8306720935186,2.784055233723061,0.017998062074184418,0.06362942631388524
0,1999-06-09,1539.802089463654,2.790718145217188,-1.8562190234661102e-05,0.006662911494127233
0,1999-06-10,1544.8527070970167,2.873885731792543,0.0032800433691591024,0.08316758657535495
0,1999-06-11,1556.6817282319084,2.908868147388438,0.007657054346054792,0.03498241559589488
0,1999-06-14,1541.492134940336,2.889102771875525,-0.009757674299180508,-0.019765375512912797
0,1999-06-15,1525.5302330898594,2.8713344463192456,-0.010354838334023952,-0.017768325556279496
0,1999-06-16,1515.5597760427079,2.883469247970245,-0.006535732187330723,0.01213480165099945
0,1999-06-17,1516.4498285560635,2.891105936440747,0.0005872764158993959,0.00763668847050214
0,1999-06-18,1520.1313607270595,2.8982649417038995,0.00242773094214499,0.007159005263152274
0,1999-06-21,1531.0149237077987,2.9113254888024755,0.0071596200577914715,0.01306054709857607
0,1999-06-22,1523.4180853052155,2.901676690423735,-0.004961962345987558,-0.00964879837874033
0,1999-06-23,1514.7757605670452,2.836595516254211,-0.005672982893884182,-0.0650811741695243
0,1999-06-24,1514.1009328787613,2.857310810017859,-0.0004454967565834522,0.020715293763648113
0,1999-06-25,1543.199784250952,2.884714226758859,0.0192185677587986,0.027403416740999997
0,1999-06-28,1544.670267226436,2.9049013415466765,0.000952879199758172,0.02018711478781743
0,1999-06-29,1562.3599874025745,2.91881370433573,0.011452101171016693,0.01391236278905339
0,1999-06-30,1560.825738030621,2.908031709282286,-0.0009820075938478112,-0.010781995053443794
0,1999-07-01,1555.213966764373,2.9419583958777555,-0.003595386166125536,0.03392668659546949
0,1999-07-02,1538.8240825215496,2.911180952727177,-0.010538668371737003,-0.03077744315057851
0,1999-07-06,1502.6615114481363,2.8567844186520444,-0.02350013330578804,-0.054396534075132674
0,1999-07-07,1505.1015831029306,2.8563869925201897,0.0016238332027569413,-0.00039742613185467235
0,1999-07-08,1507.1304968622833,2.8733484403120597,0.0013480244670063257,0.016961447791870032
0,1999-07-09,1511.2374008389118,2.871291586177756,0.0027249823324382305,-0.002056854134303787
0,1999-07-12,1502.3790621277485,2.865372293790513,-0.0058616460300982,-0.005919292387242869
0,1999-07-13,1476.4447699981242,2.8252817581630585,-0.01726214960217476,-0.04009053562745457
0,1999-07-14,1479.07141274507,2.8399902531987418,0.0017790321726351976,0.014708495035683278
0,1999-07-15,1459.295153769869,2.824688181361174,-0.013370726257562637,-0.015302071837567599
0,1999-07-16,1452.7156912243195,2.8258297012011204,-0.004508657846599817,0.001141519839946259
0,1999-07-19,1450.9766803962532,2.8744427109581996,-0.0011970758205279708,0.04861300975707916
0,1999-07-20,1451.9685218924324,2.870483069017816,0.0006835681851953268,-0.0039596419403835625
0,1999-07-21,1458.917515626731,2.9222610060458942,0.004785912111401558,0.0517779370280782
0,1999-07-22,1455.197582559317,2.9761527410950572,-0.002549789845943451,0.053891735049163
0,1999-07-23,1455.9793870608216,2.9838132921867775,0.0005372497253119946,0.007660551091720258
0,1999-07-26,1461.048598071384,2.950135013852347,0.00348165025934577,-0.03367827833443027
0,1999-07-27,1439.9564255835921,2.9276562759597766,-0.014436325058341026,-0.0224787378925706
0,1999-07-28,1440.0723095995318,2.851972966270677,8.047744631767273e-05,-0.07568330968909942
0,1999-07-29,1444.2353546366635,2.8653730801387187,0.002890858333557844,0.013400113868041519
0,1999-07-30,1456.4777605296254,2.8932724246495387,0.008476738817989826,0.02789934451081999
0,1999-08-02,1481.4263816078808,2.9336216183126718,0.01712942123413086,0.040349193663133054
0,1999-08-03,1474.3828812429247,2.9256777958871845,-0.004754539579153061,-0.007943822425487301
0,1999-08-04,1488.5239403400817,2.90431617362589,0.009591171517968178,-0.021361622261294677
0,1999-08-05,1490.6660046371126,2.8976970411105007,0.0014390526339411736,-0.006619132515389037
0,1999-08-06,1510.3669978669845,2.910695641980281,0.013216235674917698,0.012998600869780219
0,1999-08-09,1524.3044316516011,2.9440724087096104,0.009227845817804337,0.03337676672932943
0,1999-08-10,1499.9685255764239,2.8723794698708907,-0.015965253114700317,-0.07169293883871974
0,1999-08-11,1497.572290323656,2.8387641361894853,-0.0015975236892700195,-0.033615333681405346
0,1999-08-12,1508.056657231668,2.8628429536817337,0.007000908721238375,0.024078817492248383
0,1999-08-13,1507.7385206893985,2.8222782316641895,-0.00021095795091241598,-0.04056472201754424
0,1999-08-16,1502.474823962435,2.8293600740221905,-0.0034911204129457474,0.007081842358001023
0,1999-08-17,1511.9433804585126,2.8257477611718547,0.006301973480731249,-0.003612312850335808
0,1999-08-18,1516.3185407020396,2.8333723455474815,0.002893732860684395,0.007624584375626853
0,1999-08-19,1512.3547754793235,2.773267744573722,-0.0026140715926885605,-0.06010460097375958
0,1999-08-20,1501.079890053959,2.757734127657996,-0.007455185521394014,-0.015533616915726078
0,1999-08-23,1490.8321230983374,2.693008929916862,-0.006826929748058319,-0.06472519774113383
0,1999-08-24,1478.7557938870684,2.6666150014629024,-0.00810039509087801,-0.026393928453959603
0,1999-08-25,1491.051168681002,2.7040232888171376,0.008314675651490688,0.03740828735423518
0,1999-08-26,1484.1953992912197,2.7212293755723063,-0.004597943741828203,0.01720608675516866
0,1999-08-27,1496.493332129074,2.7396692700652565,0.008285925723612309,0.01843989449295025
0,1999-08-30,1505.7004689271816,2.782815499915914,0.006152474321424961,0.0431462298506573
0,1999-08-31,1516.8379582253353,2.820649699624741,0.007396882399916649,0.0378341997088274
0,1999-09-01,1527.7427698076353,2.859337534661364,0.0071891737170517445,0.038687835036622875
0,1999-09-02,1538.3276321098897,2.9166805350662854,0.0069284322671592236,0.05734300040492135
0,1999-09-03,1518.9975755151665,2.8856881124745644,-0.012565630488097668,-0.03099242259172108
0,1999-09-07,1523.3522373246278,2.898985256256524,0.002866799710318446,0.013297143781959786
0,1999-09-08,1532.9746644888858,2.841861083374329,0.006316613405942917,-0.05712417288219518
0,1999-09-09,1529.9099696003077,2.8777370901649415,-0.0019991816952824593,0.035876006790612536
0,1999-09-10,1522.3274408202908,2.871206380791287,-0.0049561928026378155,-0.006530709373654631
0,1999-09-13,1535.1707364769297,2.8789703576818435,0.008436618372797966,0.007763976890556634
0,1999-09-14,1544.11514893574,2.8865367963346813,0.005826330743730068,0.0075664386528377925
0,1999-09-15,1559.7251351675895,2.994153540389284,0.010109340772032738,0.10761674405460253
0,1999-09-16,1575.7414836925852,2.9763563479598614,0.010268699377775192,-0.01779719242942246
0,1999-09-17,1563.8488381425716,2.9113256674358188,-0.007547332905232906,-0.0650306805240426
0,1999-09-20,1567.862621650803,2.9014229081657263,0.002566605806350708,-0.009902759270092432
0,1999-09-21,1554.2535420179786,2.849847944890166,-0.008680020458996296,-0.051574963275560215
0,1999-09-22,1537.375981646543,2.856488944329085,-0.010858949273824692,0.0066409994389187155
0,1999-09-23,1561.1805819082429,2.9027076645643715,0.01548391580581665,0.046218720235286614
0,1999-09-24,1566.6353236953607,2.9409003216810183,0.0034939851611852646,0.03819265711664688
0,1999-09-27,1572.4686309668498,2.961515479772948,0.003723462112247944,0.020615158091929597
0,1999-09-28,1543.9503453235777,2.951052989427259,-0.018135996535420418,-0.010462490345688913
0,1999-09-29,1549.927216378504,2.9686523958000026,0.003871154971420765,0.017599406372743598
0,1999-09-30,1549.5669457743898,3.054197042558882,-0.00023244356270879507,0.0855446467588794
0,1999-10-01,1568.2579277956354,3.081786054712991,0.012062068097293377,0.027589012154109138
0,1999-10-04,1552.116372691371,3.083990670814474,-0.010292666032910347,0.0022046161014830368
0,1999-10-05,1551.7487930493778,3.1214203201956865,-0.00023682479513809085,0.03742964938121229
0,1999-10-06,1560.615462121977,3.136807157771677,0.005713984835892916,0.015386837575990686
0,1999-10-07,1569.056096406677,3.1790177402902513,0.005408529192209244,0.042210582518574125
0,1999-10-08,1591.0087882213422,3.271542920162395,0.013991017825901508,0.09252517987214359
0,1999-10-13,1611.0976678859965,3.342570235794605,0.01262650452554226,0.0710273156322101
0,1999-10-14,1639.4834188470631,3.332653009081402,0.01761888898909092,-0.009917226713203053
0,1999-10-15,1611.4053058990091,3.287506562097986,-0.01712619513273239,-0.045146446983415967
0,1999-10-18,1620.4915467176795,3.312584639171199,0.005638706032186747,0.025078077073212857
0,1999-10-19,1625.0127472772504,3.304822889893453,0.0027900179848074913,-0.007761749277745977
0,1999-10-20,1620.533716831959,3.3020095895975237,-0.002756304806098342,-0.0028133002959291886
0,1999-10-21,1633.8388927215399,3.334525215954446,0.00821036659181118,0.0325156263569224
0,1999-10-22,1619.302142705061,3.3267955058916976,-0.008897297084331512,-0.007729710062748474
0,1999-10-25,1630.1050958956841,3.3513509227980047,0.006671363487839699,0.024555416906307137
0,1999-10-26,1606.0127925890802,3.329105173696519,-0.014779601246118546,-0.02224574910148558
0,1999-10-27,1598.0496650866592,3.3267924917503677,-0.004958321340382099,-0.002312681946151418
0,1999-10-28,1603.4451735352704,3.333027908714797,0.003376308362931013,0.006235416964429419
0,1999-10-29,1591.0801897661397,3.3599602435077864,-0.007711510173976421,0.026932334792989288
0,1999-11-01,1612.6583042860564,3.3763061352349744,0.01356192771345377,0.016345891727187922
0,1999-11-02,1593.8038624644971,3.3605948099677296,-0.011691529303789139,-0.015711325267244725
0,1999-11-03,1575.5891172305533,3.3508019512050717,-0.011428473517298698,-0.009792858762657897
0,1999-11-04,1589.8974213168028,3.3459868682626395,0.009081240743398666,-0.004815082942432269
0,1999-11-05,1578.7751775664958,3.3268551959574117,-0.006995573174208403,-0.01913167230522772
0,1999-11-08,1605.1989422918627,3.3675390987452705,0.016736876219511032,0.04068390278785872
0,1999-11-09,1615.3899589358068,3.39889666660605,0.006348756141960621,0.03135756786077959
0,1999-11-10,1605.3421192716582,3.3858689442560412,-0.006220070645213127,-0.013027722350008819
0,1999-11-15,1606.9936001733015,3.405208890636261,0.0010287407785654068,0.019339946380219963
0,1999-11-16,1632.2782861302117,3.4374671297490935,0.015734154731035233,0.03225823911283232
0,1999-11-17,1647.631584473179,3.3830486855337285,0.009406054392457008,-0.054418444215365014
0,1999-11-18,1649.7495617594961,3.3770612193332683,0.0012854677625000477,-0.005987466200460201
0,1999-11-19,1657.0179243178022,3.450904994711052,0.0044057369232177734,0.07384377537778386
0,1999-11-22,1647.9514942477037,3.480193277531829,-0.0054715340957045555,0.02928828282077678
0,1999-11-23,1655.2392654892176,3.5220364403541224,0.004422321449965239,0.0418431628222935
0,1999-11-24,1651.1904037997886,3.5114516827687634,-0.0024460884742438793,-0.01058475758535904
0,1999-11-26,1657.2967992233534,3.4389242266871998,0.0036981776356697083,-0.07252745608156363
0,1999-11-29,1646.1376668475743,3.413437919524877,-0.006733333691954613,-0.025486307162322586
0,1999-11-30,1629.4229497557717,3.365574641814297,-0.010153899900615215,-0.0478632777105803
0,1999-12-01,1615.242731464972,3.367057627085679,-0.008702601306140423,0.0014829852713820202
0,1999-12-02,1589.1485199881306,3.276572771488543,-0.016154978424310684,-0.09048485559713582
0,1999-12-03,1585.5355908824968,3.2750219945888013,-0.0022734999656677246,-0.0015507768997418125
0,1999-12-06,1575.2687330407473,3.2525715134484128,-0.006475324742496014,-0.0224504811403885
0,1999-12-07,1561.3624878026383,3.266988111382899,-0.008827855810523033,0.01441659793448613
0,1999-12-08,1568.6228968313492,3.2731225029029343,0.0046500470489263535,0.006134391520035365
0,1999-12-09,1577.5551382325123,3.3100306861387954,0.005694320425391197,0.03690818323586109
0,1999-12-10,1562.7998731560208,3.2808943050998187,-0.00935324840247631,-0.029136381038976644
0,1999-12-13,1577.2309185496083,3.3151683650124553,0.009234096854925156,0.034274059912636545
0,1999-12-14,1591.4952303763307,3.3554977457579387,0.00904389563947916,0.04032938074548342
0,1999-12-15,1595.425665837392,3.3205143781179394,0.002469649538397789,-0.03498336763999932
0,1999-12-16,1559.6055602106783,3.2661971650922488,-0.02245175465941429,-0.05431721302569059
0,1999-12-17,1562.42220242859,3.2651300742340386,0.001805996522307396,-0.0010670908582102179
0,1999-12-20,1552.3803944538668,3.2504472299868916,-0.0064270771108567715,-0.014682844247146942
0,1999-12-21,1555.6929272751509,3.238153379646693,0.0021338409278541803,-0.012293850340198809
0,1999-12-22,1550.4427804457675,3.237761840232843,-0.003374796360731125,-0.00039153941384961755
0,1999-12-23,1580.0832673170817,3.2610075521540316,0.019117433577775955,0.023245711921188406
0,1999-12-27,1563.7635883562823,3.2549431209648376,-0.010328366421163082,-0.006064431189193975
0,1999-12-28,1568.6298559916495,3.246360931495497,0.0031118947081267834,-0.00858218946934075
0,1999-12-29,1553.7720256315756,3.1904000257771896,-0.009471852332353592,-0.05596090571830725
0,1999-12-30,1542.5429602957818,3.141354085135012,-0.007226970978081226,-0.04904594064217749
0,1999-12-31,1555.7421688558652,3.1855365462614897,0.008556785061955452,0.04418246112647761
0,2000-01-03,1546.92192307153,3.124386225969092,-0.005669477861374617,-0.06115032029239753
0,2000-01-04,1537.8333781849624,3.0914568607174,-0.005875244736671448,-0.03292936525169221
0,2000-01-05,1525.5288042917268,3.058725026126873,-0.008001239970326424,-0.032731834590526976
0,2000-01-06,1536.4669184504476,3.088094024940344,0.007170047610998154,0.02936899881347088
0,2000-01-07,1546.2556008549918,3.065524569182451,0.006370903458446264,-0.022569455757893042
0,2000-01-10,1538.1617649059438,3.0586910726601353,-0.005234474781900644,-0.006833496522315574
0,2000-01-11,1541.268464195335,3.0544403856141553,0.002019748091697693,-0.004250687045979973
0,2000-01-12,1527.5238563217597,3.042797881416896,-0.008917724713683128,-0.011642504197259207
0,2000-01-13,1553.1961206223405,3.0886261008622604,0.016806457191705704,0.045828219445364304
0,2000-01-14,1558.9580266719192,3.1241019098984677,0.003709709271788597,0.035475809036207284
0,2000-01-18,1568.253241854899,3.1475281204050223,0.005962453782558441,0.02342621050655458
0,2000-01-19,1554.1701401785554,3.1018907524145725,-0.008980119600892067,-0.04563736799044982
0,2000-01-20,1573.7351410733954,3.201241972263502,0.012588712386786938,0.0993512198489297
0,2000-01-21,1589.1905191517,3.211913190331022,0.009820825420320034,0.010671218067519916
0,2000-01-24,1597.0031768763367,3.2239911336120377,0.0049161240458488464,0.012077943281015635
0,2000-01-25,1612.24877684664,3.1152015637432817,0.009546380490064621,-0.10878956986875599
0,2000-01-26,1599.261005413741,3.145001610700635,-0.008055686950683594,0.029800046957353388
0,2000-01-27,1602.1703510582354,3.1813968370348573,0.0018191812559962273,0.03639522633422221
0,2000-01-28,1587.7863448191856,3.1353387904225314,-0.008977825753390789,-0.04605804661232593
0,2000-01-31,1583.886671567107,3.1131198283277395,-0.002456044079735875,-0.022218962094791905
0,2000-02-01,1575.6606759852205,3.066866910826117,-0.005193550605326891,-0.04625291750162264
0,2000-02-02,1583.2763807729302,3.0952133966614066,0.004833340644836426,0.02834648583528976
0,2000-02-03,1597.6477089122218,3.0948164759095946,0.009076954796910286,-0.00039692075181196884
0,2000-02-04,1588.3100665574968,3.113001782009576,-0.005844619125127792,0.018185306099981258
0,2000-02-07,1582.2794107071802,3.105970791598095,-0.0037969008553773165,-0.007030990411480698
0,2000-02-08,1556.5107137715725,3.0283134019197195,-0.016285806894302368,-0.07765738967837565
0,2000-02-09,1555.2201046941573,3.2044662959467263,-0.0008291681297123432,0.17615289402700673
0,2000-02-10,1590.8983755354154,3.26927369548587,0.022940978407859802,0.0648073995391436
0,2000-02-11,1578.5281763873325,3.202963270610966,-0.007775606121867895,-0.0663104248749038
0,2000-02-14,1557.976454814898,3.1890271865835222,-0.013019546866416931,-0.01393608402744384
0,2000-02-15,1587.2435182018626,3.1831809163380616,0.018785305321216583,-0.005846270245460694
0,2000-02-16,1572.378113719983,3.1629427418701312,-0.009365547448396683,-0.020238174467930303
0,2000-02-17,1578.9229064753158,3.221863827120665,0.0041623529978096485,0.05892108525053397
0,2000-02-18,1607.6510845344671,3.330076766286265,0.01819479465484619,0.10821293916559993
0,2000-02-22,1602.9345701547445,3.3191365601757825,-0.0029337923042476177,-0.010940206110482631
0,2000-02-23,1594.6922991944284,3.3375161972031355,-0.005141988396644592,0.018379637027353013
0,2000-02-24,1608.6217213263742,3.368189700610461,0.008734865114092827,0.03067350340732533
0,2000-02-25,1624.287242381437,3.3923654377358443,0.009738474152982235,0.024175737125383456
0,2000-02-28,1626.790439543856,3.3616562428533006,0.0015411049826070666,-0.030709194882543756
0,2000-02-29,1626.0683396457378,3.3731718932033985,-0.0004438800970092416,0.011515650350097939
0,2000-03-01,1634.5619873482312,3.4075371055113437,0.005223426036536694,0.0343652123079452
0,2000-03-02,1641.8717433236015,3.341744054333694,0.004471996799111366,-0.06579305117764989
0,2000-03-03,1624.6758855541984,3.3042815326470465,-0.010473325848579407,-0.03746252168664732
0,2000-03-06,1632.6178020639675,3.323469754863594,0.004888308234512806,0.01918822221654759
0,2000-03-07,1635.6202991528558,3.3134758666087545,0.0018390691839158535,-0.0099938882548396
0,2000-03-08,1634.1990329230355,3.2540443717618697,-0.0008689463138580322,-0.059431494846884814
0,2000-03-09,1636.1341622793211,3.200499304372859,0.0011841454543173313,-0.05354506738901055
0,2000-03-10,1624.193386723043,3.1688659494443714,-0.007298164069652557,-0.031633354928487734
0,2000-03-13,1613.6120239335262,3.1362696196806215,-0.006514841690659523,-0.03259632976374993
0,2000-03-14,1594.2799631262321,3.0819148508632717,-0.011980612762272358,-0.0543547688173498
0,2000-03-15,1589.149874868184,3.1004650651768726,-0.0032178089022636414,0.018550214313600932
0,2000-03-16,1595.7618616940977,3.020914163926683,0.004160706885159016,-0.07955090125018938
0,2000-03-17,1567.8105203900604,2.9750396077064485,-0.017515985295176506,-0.04587455622023473
0,2000-03-20,1585.1666617879712,2.9917999356584577,0.011070305481553078,0.016760327952009213
0,2000-03-21,1584.9354678065404,3.010874542452146,-0.0001458483748137951,0.019074606793688442
0,2000-03-22,1603.886102812906,2.983960270094536,0.011956723406910896,-0.026914272357610347
0,2000-03-23,1619.3772391162895,3.0250059819101947,0.009658501483500004,0.04104571181565886
0,2000-03-24,1648.1082490330891,3.0688238267380794,0.017742011696100235,0.043817844827884755
0,2000-03-27,1641.7158799371912,3.118945846853462,-0.003878609975799918,0.05012202011538269
0,2000-03-28,1645.7519072819314,3.1432538900315934,0.002458420116454363,0.02430804317813129
0,2000-03-29,1645.6015800159987,3.149744869110934,-9.134260471910238e-05,0.0064909790793405975
0,2000-03-30,1629.310158179007,3.146926444853794,-0.009899979457259178,-0.002818424257140073
0,2000-03-31,1619.5268648544609,3.1936192585853647,-0.006004561670124531,0.04669281373157075
0,2000-04-03,1653.7855841973635,3.2049405439632395,0.021153535693883896,0.011321285377874801
0,2000-04-04,1658.8636783515672,3.2371677178997427,0.0030705879908055067,0.032227173936503206
0,2000-04-05,1656.8572064298958,3.175243800436254,-0.0012095459969714284,-0.061923917463488465
0,2000-04-06,1672.2317949095716,3.178181182842562,0.009279368445277214,0.002937382406307698
0,2000-04-07,1683.5997233346632,3.1394857561335305,0.006798057816922665,-0.038695426709031366
0,2000-04-10,1665.815647603212,3.1428049687343282,-0.01056312583386898,0.003319212600797705
0,2000-04-11,1697.113337351211,3.1768221585139096,0.018788207322359085,0.03401718977958135
0,2000-04-12,1694.932226244446,3.122696280727891,-0.0012851888313889503,-0.05412587778601852
0,2000-04-13,1688.7318683322505,3.164692780312669,-0.0036581745371222496,0.041996499584778135
0,2000-04-14,1694.27650050025,3.2200718862313713,0.0032833111472427845,0.0553791059187021
0,2000-04-17,1719.2811808868507,3.2589605173196867,0.014758323319256306,0.03888863108831542
0,2000-04-18,1721.6633141396019,3.28053114243115,0.00138554023578763,0.021570625111463126
0,2000-04-19,1718.8928597823342,3.2616799942651653,-0.0016091731376945972,-0.018851148165984544
0,2000-04-20,1706.2755498371978,3.210478012382215,-0.007340370211750269,-0.05120198188295033
0,2000-04-24,1699.9845335046973,3.1920647907877107,-0.003686987329274416,-0.018413221594504314
0,2000-04-25,1707.432184062504,3.1939488310115873,0.00438101077452302,0.0018840402238766707
0,2000-04-26,1704.2059773173114,3.2359664322804216,-0.0018895079847425222,0.04201760126883425
0,2000-04-27,1693.7559082615094,3.1703279798183885,-0.006131928414106369,-0.06563845246203304
0,2000-04-28,1669.1779481628553,3.133558875974741,-0.014510922133922577,-0.03676910384364751
0,2000-05-01,1690.7146287462083,3.1391048954011627,0.01290256716310978,0.005546019426421633
0,2000-05-02,1700.629522478341,3.150068242946325,0.005864321254193783,0.01096334754516226
0,2000-05-03,1708.177144822824,3.2101496868071195,0.004438134375959635,0.060081443860794614
0,2000-05-04,1712.905532091302,3.1925310987411333,0.0027680895291268826,-0.017618588065986263
0,2000-05-05,1699.1792403528264,3.2032794280110104,-0.00801345519721508,0.010748329269877122
0,2000-05-08,1719.3943623556372,3.2530266557801344,0.011896992102265358,0.04974722776912399
0,2000-05-09,1746.0468512728323,3.241526702575231,0.015501091256737709,-0.011499953204903601
0,2000-05-10,1740.2010162906408,3.2735122185290986,-0.003348040161654353,0.03198551595386778
0,2000-05-11,1743.2771539513772,3.130643438617593,0.0017676909919828176,-0.1428687799115056
0,2000-05-12,1728.8759855563287,3.150320625750241,-0.008260974660515785,0.01967718713264821
0,2000-05-15,1750.8943143111578,3.204550666383962,0.012735632248222828,0.05423004063372083
0,2000-05-16,1739.154964066744,3.2016638026809883,-0.0067047737538814545,-0.002886863702973752
0,2000-05-17,1729.571386791143,3.1811858742789565,-0.005510479211807251,-0.020477928402031775
0,2000-05-18,1752.3022611491383,3.1477473056275262,0.013142489828169346,-0.033438568651430245
0,2000-05-19,1741.043246210971,3.1384382002936007,-0.00642526987940073,-0.009309105333925594
0,2000-05-22,1766.186842408845,3.107083965468867,0.014441683888435364,-0.03135423482473376
0,2000-05-23,1745.1946336903286,3.1028659085360597,-0.011885610409080982,-0.00421805693280719
0,2000-05-24,1774.9089054161516,3.1217014841621187,0.01702633686363697,0.018835575626058976
0,2000-05-25,1779.6316487467095,3.1846467433727357,0.002660837024450302,0.062945259210617
0,2000-05-26,1778.1474544835266,3.188700020563911,-0.0008339895866811275,0.004053277191175209
0,2000-05-30,1759.0314313863275,3.1643488000162505,-0.010750527493655682,-0.024351220547660368
0,2000-05-31,1744.400799872653,3.1277605829674413,-0.008317436091601849,-0.03658821704880921
0,2000-06-01,1745.5860515656002,3.1443614076726827,0.0006794606451876462,0.01660082470524138
0,2000-06-02,1779.6774514859176,3.1818896762041278,0.01953005976974964,0.037528268531445086
0,2000-06-05,1798.7094927606947,3.243345179093855,0.010694095864892006,0.06145550288972723
0,2000-06-06,1797.3736909818138,3.2457836247186416,-0.0007426445372402668,0.002438445624786567
0,2000-06-07,1797.335713169973,3.2825792653242303,-2.1129613742232323e-05,0.03679564060558871
0,2000-06-08,1787.5637006656723,3.2400239839158003,-0.005436943378299475,-0.04255528140843001
0,2000-06-09,1809.65429557515,3.197864818268725,0.01235793437808752,-0.04215916564707545
0,2000-06-12,1817.082053119802,3.2049680030798062,0.00410451740026474,0.007103184811081409
0,2000-06-13,1810.3477844860968,3.209537233656325,-0.0037060894537717104,0.004569230576518812
0,2000-06-14,1818.197880645754,3.114385233216334,0.004336236510425806,-0.09515200043999084
0,2000-06-15,1820.4233832274917,3.0923881871451786,0.0012240156065672636,-0.0219970460711556
0,2000-06-16,1840.0526812068442,3.101989798845889,0.010782820172607899,0.0096016117007105
0,2000-06-19,1858.6232597594405,3.1258792662441115,0.010092416778206825,0.023889467398222397
0,2000-06-20,1849.6326329043156,3.1648623454564846,-0.004837250802665949,0.038983079212373095
0,2000-06-21,1850.747854675434,3.16753772442315,0.0006029423093423247,0.002675378966665587
0,2000-06-22,1861.0018730478325,3.163138430249725,0.00554047292098403,-0.004399294173424995
0,2000-06-23,1860.1063035982302,3.120883173058241,-0.0004812297411262989,-0.04225525719148404
0,2000-06-26,1871.1965349826899,3.143897163214106,0.005962149240076542,0.023013990155865027
0,2000-06-27,1886.61215582903,3.130506797606409,0.00823837611824274,-0.013390365607697241
0,2000-06-28,1869.2446109100015,3.118284512609854,-0.009205678477883339,-0.012222284996554755
0,2000-06-29,1879.153093759478,3.1624144000866052,0.005300795193761587,0.04412988747675106
0,2000-06-30,1890.620725303036,3.178081103884095,0.006102553103119135,0.01566670379748958
0,2000-07-03,1882.5145297168704,3.1102775641833382,-0.0042875842191278934,-0.06780353970075659
0,2000-07-05,1893.5657867705106,3.1472304934203343,0.0058704763650894165,0.03695292923699611
0,2000-07-06,1892.1796243370006,3.12895047683652,-0.0007320381700992584,-0.018280016583814174
0,2000-07-07,1904.1899239485638,3.1995878622648615,0.006347335875034332,0.0706373854283413
0,2000-07-10,1906.6136984184052,3.1821141714120444,0.001272863824851811,-0.017473690852817025
0,2000-07-11,1875.0391858224723,3.120707323872591,-0.016560519114136696,-0.06140684753945358
0,2000-07-12,1876.1025063766117,3.112663679919857,0.0005670924438163638,-0.008043643952734048
0,2000-07-13,1850.4512206937654,3.0846812611147483,-0.013672646135091782,-0.027982418805108544
0,2000-07-14,1865.3924230599675,3.0882641597722387,0.008074356243014336,0.0035828986574903965
0,2000-07-17,1852.3935000665278,3.0447143092963738,-0.006968465633690357,-0.043549850475864904
0,2000-07-18,1836.176494824028,3.0243363270735433,-0.00875462219119072,-0.020377982222830493
0,2000-07-19,1842.1425119617284,3.0257155543226157,0.0032491523306816816,0.0013792272490724677
0,2000-07-20,1832.8286903104815,3.036939294471979,-0.005055972374975681,0.011223740149363337
0,2000-07-21,1855.6210901738127,3.075989874861388,0.012435641139745712,0.039050580389409006
0,2000-07-24,1852.653500868282,3.070091927138426,-0.0015992431435734034,-0.005897947722961927
0,2000-07-25,1853.3447839937114,3.066895356251619,0.00037313136272132397,-0.0031965708868071374
0,2000-07-26,1857.2340263526744,3.0619771094003068,0.002098499098792672,-0.004918246851312258
0,2000-07-27,1836.500352974467,3.009606325742584,-0.011163737624883652,-0.052370783657722964
0,2000-07-28,1818.9767547781175,3.0051087410180206,-0.009541843086481094,-0.004497584724563186
0,2000-07-31,1782.0452434554895,2.930829534696311,-0.020303454250097275,-0.0742792063217097
0,2000-08-01,1804.6216673286713,2.948695440233568,0.012668827548623085,0.0178659055372572
0,2000-08-02,1797.5625394971007,2.907026450978223,-0.003911694046109915,-0.041668989255345235
0,2000-08-03,1779.472314938799,2.8906801807447486,-0.01006375253200531,-0.016346270233474236
0,2000-08-04,1778.1433410339878,2.8952054005548247,-0.0007468359544873238,0.004525219810076031
0,2000-08-07,1781.3917916683588,2.879097245705502,0.0018268778221681714,-0.01610815484932271
0,2000-08-08,1778.612674054594,2.8341039163031954,-0.0015600821934640408,-0.0449933294023066
0,2000-08-09,1768.969245131247,2.7921678913300205,-0.0054218824952840805,-0.041936024973174835
0,2000-08-10,1758.6842074648464,2.807555481159307,-0.005814141593873501,0.015387589829286341
0,2000-08-11,1796.6874980903494,2.8383884633934304,0.021608933806419373,0.030832982234123563
0,2000-08-14,1815.7060791300128,2.8553647327953313,0.010585358366370201,0.01697626940190089
0,2000-08-15,1834.8097658276606,2.8254248479298965,0.010521354153752327,-0.029939884865434863
0,2000-08-16,1824.9389763178574,2.8421740002624154,-0.005379734560847282,0.016749152332518946
0,2000-08-17,1828.8031442767244,2.8088413798132343,0.0021174231078475714,-0.03333262044918106
0,2000-08-18,1829.4101527199332,2.8213925369461235,0.00033191568218171597,0.012551157132889124
0,2000-08-21,1833.9999226038533,2.8247658067992285,0.002508879639208317,0.003373269853105043
0,2000-08-22,1834.9428282150018,2.854155363055857,0.0005141252186149359,0.029389556256628424
0,2000-08-23,1831.2835441195355,2.8385706645748705,-0.001994222402572632,-0.015584698480986425
0,2000-08-24,1836.2165359600065,2.895905550652085,0.002693734597414732,0.05733488607721471
0,2000-08-25,1814.6696709444652,2.958292228426723,-0.011734381318092346,0.0623866777746378
0,2000-08-28,1828.0779705051712,3.0082656448994993,0.00738883763551712,0.04997341647277631
0,2000-08-29,1814.5351125061081,3.0096047150498606,-0.007408249657601118,0.0013390701503612767
0,2000-08-30,1791.2859354416903,2.9518369964395643,-0.01281274575740099,-0.05776771861029628
0,2000-08-31,1791.2841608247654,2.9422787064315763,-9.906943887472153e-07,-0.009558290007988024
0,2000-09-01,1794.4832064100262,2.9516706081909256,0.001785895088687539,0.009391901759349341
0,2000-09-05,1798.75336316973,2.930516663391337,0.0023796025197952986,-0.021153944799588764
0,2000-09-06,1788.648394906682,2.920099571771421,-0.005617761984467506,-0.010417091619915997
0,2000-09-07,1799.598681209611,2.9382606758836545,0.0061221010982990265,0.018161104112233595
0,2000-09-08,1783.4167040830723,2.905252568283516,-0.008991992101073265,-0.03300810760013828
0,2000-09-11,1784.7333570964804,2.8635197602192224,0.0007382755866274238,-0.0417328080642938
0,2000-09-12,1752.3537674106992,2.818526642638407,-0.018142536282539368,-0.04499311758081559
0,2000-09-13,1727.6455200783969,2.797376147790765,-0.014100033789873123,-0.021150494847641976
0,2000-09-14,1728.698600445733,2.832058384892937,0.0006095465505495667,0.03468223710217222
0,2000-09-15,1746.1335315912406,2.8459308618987396,0.010085581801831722,0.01387247700580252
0,2000-09-18,1748.7753098541339,2.8666988338796218,0.0015129302628338337,0.020767971980882205
0,2000-09-19,1735.8990659285764,2.8178979476139108,-0.0073630064725875854,-0.048800886265710997
0,2000-09-20,1766.9840516426164,2.832236974505217,0.017907138913869858,0.014339026891306172
0,2000-09-21,1745.556955242183,2.8448181486268918,-0.01212636660784483,0.01258117412167481
0,2000-09-22,1751.6934438401204,2.809189564357318,0.0035154903307557106,-0.035628584269573604
0,2000-09-25,1768.8161325185356,2.859544893782233,0.009774934500455856,0.05035532942491505
0,2000-09-26,1795.1513094104844,2.9359454239349354,0.014888589270412922,0.0764005301527022
0,2000-09-27,1804.8718715561836,2.9776605846539805,0.005414898507297039,0.04171516071904513
0,2000-09-28,1797.5818162714659,2.9964143843367133,-0.004039098508656025,0.01875379968273272
0,2000-09-29,1796.0096396622466,2.975164397050933,-0.0008746064268052578,-0.021249987285780314
0,2000-10-02,1787.8736699339509,2.990607336209476,-0.0045300256460905075,0.015442939158543112
0,2000-10-03,1779.8953018140032,2.9925590370166577,-0.0044624898582696915,0.0019517008071816555
0,2000-10-04,1774.1999432441537,2.97830315466499,-0.0031998278573155403,-0.014255882351667637
0,2000-10-05,1761.2833842764037,2.9516458863736257,-0.007280216086655855,-0.02665726829136439
0,2000-10-06,1755.1311372521752,2.9479167529336743,-0.003493047785013914,-0.0037291334399514042
0,2000-10-11,1746.1649780917987,2.9353075676872953,-0.005108540877699852,-0.012609185246378996
0,2000-10-12,1724.4479259913628,2.905899274591742,-0.012436999008059502,-0.029408293095553262
0,2000-10-13,1721.9730660068408,2.9209924717997917,-0.0014351607533171773,0.015093197208049691
0,2000-10-16,1746.6514894034913,2.963330672189913,0.014331480488181114,0.04233820039012137
0,2000-10-17,1755.4210911098378,2.97164831493085,0.005020807962864637,0.008317642740936826
0,2000-10-18,1746.9218651987549,2.9369532554465567,-0.0048417020589113235,-0.03469505948429319
0,2000-10-19,1738.117103707137,2.904107425513906,-0.005040157586336136,-0.032845829932650616
0,2000-10-20,1732.7767789768657,2.9144521289135557,-0.0030724769458174706,0.010344703399649546
0,2000-10-23,1727.3360581064944,2.9949380122664917,-0.0031398856081068516,0.08048588335293605
0,2000-10-24,1755.2345552448435,3.022262015671964,0.016151169314980507,0.027324003405472475
0,2000-10-25,1725.9220604604204,2.967429581786295,-0.01670004427433014,-0.054832433885669385
0,2000-10-26,1711.9269964069122,2.977269436516088,-0.008108746260404587,0.009839854729793096
0,2000-10-27,1733.0823150808262,2.987648330178272,0.012357605621218681,0.01037889366218403
0,2000-10-30,1716.9730571228606,2.929168499887242,-0.009295148774981499,-0.05847983029102988
0,2000-10-31,1750.1776100531392,2.940806034261502,0.019339006394147873,0.01163753437425985
0,2000-11-01,1738.8232384046985,2.924664369166981,-0.0064875539392232895,-0.016141665094520974
0,2000-11-02,1770.5154833972015,2.95719116524147,0.01822626031935215,0.03252679607448927
0,2000-11-03,1789.7965495970095,2.9739532218902966,0.010890086181461811,0.016762056648826462
0,2000-11-06,1796.8179595066472,2.9758845898148834,0.0039230212569236755,0.0019313679245867021
0,2000-11-07,1807.6864891516461,2.9808194671474357,0.006048765033483505,0.004934877332552379
0,2000-11-08,1777.2297626703448,2.9266170975400008,-0.016848456114530563,-0.054202369607434964
0,2000-11-09,1775.3091754962918,2.9609057842870765,-0.0010806634090840816,0.03428868674707575
0,2000-11-10,1757.4702320954275,2.9538445745977198,-0.01004835870116949,-0.007061209689356751
0,2000-11-13,1742.0459617478446,2.937128441678836,-0.008776404894888401,-0.01671613291888363
0,2000-11-14,1762.9786346463827,3.0213422749560586,0.012016142718493938,0.08421383327722243
0,2000-11-15,1791.2321491740154,3.05897823826764,0.016026010736823082,0.03763596331158148
0,2000-11-16,1775.9956298275044,2.9536690670833465,-0.008506166748702526,-0.1053091711842935
0,2000-11-17,1747.106366117132,2.912843920126091,-0.016266517341136932,-0.04082514695725559
0,2000-11-20,1736.7209734457058,2.9193094508449082,-0.005944339092820883,0.006465530718817281
0,2000-11-21,1750.6320307889657,2.928858954908103,0.008009955286979675,0.009549504063194991
0,2000-11-22,1754.454008763365,2.9381001676822653,0.002183198928833008,0.009241212774162122
0,2000-11-24,1756.925510400854,2.997286952817044,0.0014087012968957424,0.059186785134778486
0,2000-11-27,1741.6828469352251,2.9682640015981905,-0.00867575965821743,-0.029022951218853343
0,2000-11-28,1741.2738358612687,2.841368492926349,-0.00023483671247959137,-0.1268955086718413
0,2000-11-29,1738.5973537401999,2.847440290739598,-0.001537082833237946,0.006071797813248736
0,2000-11-30,1739.55006032813,2.84259604499746,0.0005479742540046573,-0.0048442457421380425
0,2000-12-01,1716.7401707409404,2.863956812709979,-0.013112522661685944,0.021360767712518935
0,2000-12-04,1751.5092787828503,2.8841018514344072,0.020252982154488564,0.02014503872442841
0,2000-12-05,1742.9327490826172,2.8506154870768348,-0.004896651022136211,-0.03348636435757246
0,2000-12-06,1760.263373901464,2.869846158643731,0.009943369776010513,0.019230671566896174
0,2000-12-07,1782.1739172352754,2.891534804330456,0.01244730968028307,0.021688645686725128
0,2000-12-08,1793.3574354260065,2.99485578317645,0.006275211460888386,0.10332097884599412
0,2000-12-11,1801.4908021457709,3.0195052801068907,0.004535273648798466,0.024649496930440495
0,2000-12-12,1801.5579989983753,3.0831205654261886,3.73006914742291e-05,0.06361528531929794
0,2000-12-13,1790.0947235813383,3.0987330548747622,-0.006362978834658861,0.01561248944857363
0,2000-12-14,1780.4587349420515,3.1200234602474337,-0.005382949020713568,0.02129040537267146
0,2000-12-15,1784.5972344763077,3.0944219242545112,0.0023244007024914026,-0.025601535992922475
0,2000-12-18,1797.7519976657268,3.083538469112269,0.00737127847969532,-0.010883455142242315
0,2000-12-19,1772.2670052349308,3.067008419025384,-0.014176033437252045,-0.016530050086884795
0,2000-12-20,1772.9678326173332,3.0312470940352374,0.00039544119499623775,-0.035761324990146726
0,2000-12-21,1769.3165416507827,3.153817239404519,-0.0020594231318682432,0.12257014536928157
0,2000-12-22,1798.471587164089,3.1386374974500058,0.01647813990712166,-0.015179741954513215
0,2000-12-26,1765.8731281644268,3.143859519482355,-0.01812564581632614,0.005222022032349116
0,2000-12-27,1770.9860666954905,3.1257135502323763,0.0028954166918992996,-0.018145969249978577
0,2000-12-28,1793.0827048144042,3.1482523353910596,0.012477025389671326,0.02253878515868335
0,2000-12-29,1818.4493279682677,3.2167762793468664,0.014146934263408184,0.06852394395580674
0,2001-01-02,1817.8726493159097,3.268124931234481,-0.0003171265998389572,0.051348651887614505
0,2001-01-03,1811.317735790956,3.27464472508688,-0.0036058155819773674,0.006519793852399314
0,2001-01-04,1814.6691368738877,3.3112780387177567,0.0018502557650208473,0.03663331363087652
0,2001-01-05,1800.4073360805185,3.344084592845021,-0.00785917416214943,0.03280655412726441
0,2001-01-08,1785.6655589857655,3.3433370220347607,-0.00818802323192358,-0.000747570810260445
0,2001-01-09,1774.6752879205656,3.3028719626853222,-0.006154719740152359,-0.04046505934943845
0,2001-01-10,1770.3866737181597,3.222435573276455,-0.002416562754660845,-0.0804363894088671
0,2001-01-11,1800.0923642385192,3.255169897616489,0.016779210418462753,0.03273432434003398
0,2001-01-12,1817.854810096849,3.3084003054278246,0.00986751914024353,0.05323040781133548
0,2001-01-16,1815.1182092510185,3.4346471103002187,-0.0015054012183099985,0.12624680487239415
0,2001-01-17,1852.4160172322588,3.4761794793975476,0.020548418164253235,0.041532369097328825
0,2001-01-18,1864.5413278342332,3.402510200881519,0.006545673590153456,-0.07366927851602867
0,2001-01-19,1879.2402871550473,3.396020225054019,0.00788341835141182,-0.006489975827499883
0,2001-01-22,1902.8033517616423,3.4956964106967177,0.012538611888885498,0.09967618564269864
0,2001-01-23,1910.2718484327515,3.5764272733103946,0.003924996592104435,0.0807308626136769
0,2001-01-24,1908.413225278208,3.6772647540084775,-0.0009729626472108066,0.10083748069808296
0,2001-01-25,1906.6252426404858,3.560457392193305,-0.0009368949104100466,-0.1168073618151726
0,2001-01-26,1902.731700466084,3.8281824788233947,-0.0020421119406819344,0.26772508663008976
0,2001-01-29,1925.3148265937205,3.9341276569419836,0.011868791654706001,0.10594517811858895
0,2001-01-30,1928.2936156868254,3.864822449341392,0.0015471698716282845,-0.06930520760059178
0,2001-01-31,1929.141073287168,3.9102127094400125,0.00043948576785624027,0.04539026009862068
0,2001-02-01,1917.2966713592728,3.84535530199433,-0.006139728240668774,-0.06485740744568247
0,2001-02-02,1913.3713481652255,3.8235698321977694,-0.0020473217591643333,-0.021785469796560708
0,2001-02-05,1911.4402731174096,3.788620002152133,-0.0010092526208609343,-0.03494983004563634
0,2001-02-06,1919.0844279718858,3.8585114052336302,0.003999159671366215,0.06989140308149722
0,2001-02-07,1934.219471591319,3.8875848184676722,0.007886596024036407,0.029073413234042
0,2001-02-08,1922.662723529338,3.930592799356462,-0.005974889732897282,0.04300798088878999
0,2001-02-09,1934.5222236755887,3.8934794291011525,0.006168268620967865,-0.0371133702553097
0,2001-02-12,1936.5601378704198,3.9553192828779595,0.001053445739671588,0.06183985377680701
0,2001-02-13,1966.818473401783,4.00785890821517,0.015624784864485264,0.052539625337210794
0,2001-02-14,1976.9987337313623,4.034803722128336,0.005176004022359848,0.02694481391316561
0,2001-02-15,1978.4005382343544,3.999237331394424,0.0007090568542480469,-0.0355663907339121
0,2001-02-16,1983.5632720197184,3.9901212648149746,0.0026095493230968714,-0.009116066579449189
0,2001-02-20,1979.998164667675,4.020963711651284,-0.0017973247449845076,0.0308424468363091
0,2001-02-21,2003.0527454995733,3.8095666926905007,0.011643738485872746,-0.211397018960783
0,2001-02-22,1978.301742278007,3.787832727205537,-0.01235664077103138,-0.021733965484963758
0,2001-02-23,1998.8788533215015,3.811279813051448,0.010401401668787003,0.02344708584591082
0,2001-02-26,1998.1036740551885,3.801455820392677,-0.00038780702743679285,-0.009823992658770653
0,2001-02-27,2018.5205728856267,3.8619778289514146,0.010218137875199318,0.06052200855873746
0,2001-02-28,2014.2903964311802,3.903800147568088,-0.0020956816151738167,0.04182231861667329
0,2001-03-01,2023.8941296796527,4.055867087925668,0.004767799749970436,0.15206694035757984
0,2001-03-02,2024.8454727180429,4.170466744197063,0.0004700557328760624,0.11459965627139557
0,2001-03-05,2038.1967350362563,4.106274190389267,0.006593719124794006,-0.06419255380779632
0,2001-03-06,2056.582502949131,4.122064117111146,0.009020605124533176,0.015789926721878622
0,2001-03-07,2051.643734012621,4.007496337986675,-0.0024014445953071117,-0.1145677791244708
0,2001-03-08,2061.479366037531,3.9950845391232446,0.004794025328010321,-0.012411798863430246
0,2001-03-09,2042.7130662635705,3.978941664521329,-0.009103316813707352,-0.016142874601915658
0,2001-03-12,2032.2868262394006,3.874334184346634,-0.005104113835841417,-0.10460748017469479
0,2001-03-13,2024.2552527177133,3.8440594443572516,-0.003951988182961941,-0.03027473998938257
0,2001-03-14,2043.0419021982968,3.871971510085805,0.009280771017074585,0.027912065728553426
0,2001-03-15,2057.7327411304736,3.8616477897035493,0.007190669421106577,-0.010323720382255708
0,2001-03-16,2043.4972558379345,3.825628367928646,-0.006918043829500675,-0.03601942177490347
0,2001-03-19,2073.495580542173,3.858671725821339,0.014679894782602787,0.033043357892693415
0,2001-03-20,2068.285756981936,3.889755812477376,-0.0025125800166279078,0.031084086656036902
0,2001-03-21,2038.2027156072777,3.878799915560779,-0.014544915407896042,-0.010955896916597041
0,2001-03-22,2073.191604107207,3.855716893358653,0.017166540026664734,-0.023083022202126102
0,2001-03-23,2061.1683750142397,3.899506536173949,-0.005799381528049707,0.04378964281529596
0,2001-03-26,2080.070243970344,3.9007753778503345,0.009170463308691978,0.0012688416763855237
0,2001-03-27,2079.2624736566845,3.9162394584734055,-0.0003883379977196455,0.01546408062307103
0,2001-03-28,2108.4998299455297,3.920635352773065,0.014061407186090946,0.004395894299659364
0,2001-03-29,2091.4027440585182,3.9041485184870193,-0.008108649402856827,-0.016486834286045582
0,2001-03-30,2071.4260310389122,3.901717925308669,-0.009551825001835823,-0.002430593178350371
0,2001-04-02,2048.391011713148,3.8867404952881555,-0.011120367795228958,-0.014977430020513438
0,2001-04-03,2070.283755822193,3.903787178276621,0.010687775909900665,0.017046682988465456
0,2001-04-04,2089.095271393721,4.001351015502812,0.009086443111300468,0.09756383722619111
0,2001-04-05,2095.8107876179183,3.9999274473831337,0.0032145571894943714,-0.0014235681196783645
0,2001-04-06,2115.1768864864466,4.020047799723079,0.00924038514494896,0.020120352339945136
0,2001-04-09,2129.0001686176897,4.060404975006102,0.006535284221172333,0.04035717528302296
0,2001-04-10,2133.101722391243,4.004923857931885,0.0019265164155513048,-0.055481117074216435
0,2001-04-11,2143.636049224807,3.9472625748120715,0.004938501864671707,-0.05766128311981378
0,2001-04-12,2142.518836003745,3.966917121812679,-0.000521176727488637,0.019654547000607536
0,2001-04-16,2119.796176724665,3.9129043074965404,-0.010605582036077976,-0.05401281431613869
0,2001-04-17,2156.523728083224,3.9820664243285746,0.017325982451438904,0.06916211683203422
0,2001-04-18,2160.93254169211,4.024656740023342,0.0020444076508283615,0.04259031569476779
0,2001-04-19,2177.0523678922964,4.027335649299081,0.007459661923348904,0.0026789092757386612
0,2001-04-20,2173.944549257259,4.039373649891448,-0.0014275350840762258,0.012038000592366593
0,2001-04-23,2197.589467374265,4.077496895342422,0.010876504704356194,0.038123245450974785
0,2001-04-24,2214.2881072875475,4.056819884638445,0.007598616648465395,-0.020677010703977317
0,2001-04-25,2171.2501520920973,4.064049846275351,-0.01943647488951683,0.007229961636905813
0,2001-04-26,2146.046282536789,3.985917159621241,-0.011607998982071877,-0.0781326866541101
0,2001-04-27,2161.6342391326675,3.9905973758404176,0.007263569626957178,0.004680216219176803
0,2001-04-30,2152.0814381401283,3.9603106560193932,-0.004419249482452869,-0.030286719821024377
0,2001-05-01,2183.9515286358746,3.9856768627745773,0.014808961190283298,0.025366206755184084
0,2001-05-02,2188.2931866543886,4.029309046296703,0.001987982774153352,0.04363218352212561
0,2001-05-03,2171.661270603405,4.02244050632849,-0.007600405719131231,-0.006868539968213128
