path_id,Date,sp500_abs,DGS10_abs,sp500,DGS10
0,1996-05-07,666.9848947550558,8.28106464604653,-0.00042866962030529976,0.02912689642238675
0,1996-05-08,668.9854385474079,8.23744549144592,0.002999383956193924,-0.043619154600611054
0,1996-05-09,667.3805930312672,8.198820222718016,-0.0023989244364202023,-0.03862526872790362
0,1996-05-10,672.3294963283946,8.26548655584928,0.007415413856506348,0.06666633313126447
0,1996-05-13,671.2677612353201,8.26213609697158,-0.0015791886253282428,-0.0033504588777013566
0,1996-05-14,686.8598843408388,8.175703088410918,0.02322787418961525,-0.08643300856066105
0,1996-05-15,682.4633155966227,8.140095719594077,-0.0064009688794612885,-0.03560736881684079
0,1996-05-16,671.5514312689406,8.249564997481587,-0.015988968312740326,0.10946927788750926
0,1996-05-17,665.241099457704,8.31334376257919,-0.009396647103130817,0.06377876509760405
0,1996-05-20,671.0106024085853,8.293260416983742,0.008672799915075302,-0.020083345595448776
0,1996-05-21,677.0419940911967,8.273564252466434,0.008988519199192524,-0.019696164517307935
0,1996-05-22,679.1289704119622,8.236202418134198,0.0030824916902929544,-0.037361834332235944
0,1996-05-23,682.0340548558406,8.078873965635673,0.0042776623740792274,-0.15732845249852545
0,1996-05-24,680.0808322860324,8.051521881221001,-0.0028638197109103203,-0.027352084414671296
0,1996-05-28,682.8586382924569,8.002324168725119,0.004084523301571608,-0.04919771249588223
0,1996-05-29,693.646117686162,7.973815762313074,0.015797529369592667,-0.028508406412044884
0,1996-05-30,690.1214551212369,7.986437639642306,-0.005081355571746826,0.012621877329231701
0,1996-05-31,698.3145751503397,7.80265004908394,0.011871997267007828,-0.18378759055836547
0,1996-06-03,704.490501321083,7.788404738168525,0.008844045922160149,-0.014245310915415033
0,1996-06-04,699.475089784108,7.8045728830368875,-0.007119203917682171,0.016168144868362155
0,1996-06-05,700.4550037875122,7.866135013517084,0.0014009276637807488,0.061562130480196764
0,1996-06-06,694.013963891588,7.960957980440479,-0.009195508435368538,0.09482296692339443
0,1996-06-07,693.8367878065228,7.953786337666111,-0.00025529181584715843,-0.007171642774367548
0,1996-06-10,698.7687710395837,7.968040751445655,0.007108275778591633,0.014254413779544173
0,1996-06-11,700.9015886832846,7.929257473734117,0.003052250947803259,-0.038783277711538666
0,1996-06-12,704.5881730742743,7.904389558029171,0.005259774625301361,-0.024867915704945176
0,1996-06-13,706.0670317376573,7.865671099139929,0.0020988979376852512,-0.03871845888924241
0,1996-06-14,708.4905559863048,7.895347458708576,0.0034324279986321926,0.029676359568647115
0,1996-06-17,717.6592939671668,7.850515029946236,0.012941228225827217,-0.04483242876233984
0,1996-06-18,713.8859473435766,7.799003873660486,-0.005257852375507355,-0.051511156285750204
0,1996-06-19,710.7295554614464,7.770051690000154,-0.004421423189342022,-0.0289521836603317
0,1996-06-20,715.939631979872,7.655806518655458,0.007330603431910276,-0.11424517134469614
0,1996-06-21,719.7516399871292,7.639242184928892,0.005324482452124357,-0.016564333726566183
0,1996-06-24,722.8511326727665,7.691823695822645,0.004306336399167776,0.05258151089375307
0,1996-06-25,715.4147935765988,7.73405444265957,-0.01028751116245985,0.04223074683692474
0,1996-06-26,712.857231177164,7.808536234994419,-0.003574936417862773,0.07448179233484886
0,1996-06-27,709.7244555573625,7.838050826964124,-0.004394674673676491,0.029514591969705073
0,1996-06-28,711.2261209978648,7.819590467968206,0.0021158428862690926,-0.01846035899591758
0,1996-07-01,717.3888748654548,7.775901022723256,0.008664971217513084,-0.04368944524494989
0,1996-07-02,720.7867183550471,7.761515762931242,0.004736403934657574,-0.014385259792014438
0,1996-07-03,722.4295816848102,7.81728829001034,0.0022792641539126635,0.055772527079097856
0,1996-07-05,717.2747565785329,7.725016808155884,-0.007135401479899883,-0.0922714818544561
0,1996-07-08,714.2379708282011,7.759165659472095,-0.004233783110976219,0.03414885131621137
0,1996-07-09,717.5190304396211,7.765662821801894,0.0045937905088067055,0.006497162329798911
0,1996-07-10,709.2509424031758,7.697296470415966,-0.011523162014782429,-0.06836635138592762
0,1996-07-11,724.0789689366209,7.7032105002543,0.02090660110116005,0.0059140298383333345
0,1996-07-12,728.0335721003752,7.672893276441782,0.005461563356220722,-0.030317223812518
0,1996-07-15,721.6451992161125,7.700490973281191,-0.00877483282238245,0.02759769683940938
0,1996-07-16,708.7541836687344,7.842984263794432,-0.01786337047815323,0.142493290513241
0,1996-07-17,696.9827665959119,7.866509927014547,-0.016608603298664093,0.023525663220114623
0,1996-07-18,697.0749504495109,7.864805084536305,0.00013226130977272987,-0.0017048424782419858
0,1996-07-19,683.7686942560794,7.892352821365907,-0.019088702276349068,0.027547736829601988
0,1996-07-22,686.6316051116328,7.932330399474188,0.004186958074569702,0.03997757810828162
0,1996-07-23,683.1026815479566,7.912470660847474,-0.005139471497386694,-0.019859738626713863
0,1996-07-24,691.7948312642638,7.857390104088181,0.012724514119327068,-0.05508055675929313
0,1996-07-25,681.3789330579897,7.897950128357195,-0.015056340023875237,0.04056002426901362
0,1996-07-26,677.4563511011746,7.883302316809804,-0.005756828933954239,-0.014647811547391143
0,1996-07-29,674.9217089123445,7.904899619506036,-0.0037414103280752897,0.02159730269623239
0,1996-07-30,669.8082839687451,7.86997780899144,-0.007576323114335537,-0.03492181051459653
0,1996-07-31,681.1084247045511,7.781506038363673,0.016870709136128426,-0.08847177062776623
0,1996-08-01,675.8310739834074,7.835653405026695,-0.007748180069029331,0.054147366663021224
0,1996-08-02,670.5938471257709,7.839398052792624,-0.007749313488602638,0.0037446477659290878
0,1996-08-05,666.7238135398751,7.917381558804337,-0.005771054420620203,0.07798350601171311
0,1996-08-06,661.4424265823563,7.878682727914466,-0.007921401411294937,-0.038698830889870806
0,1996-08-07,667.8658665620896,7.880455529769918,0.00971126090735197,0.001772801855452144
0,1996-08-08,663.9672147413055,8.00798871753168,-0.0058374772779643536,0.12753318776176137
0,1996-08-09,652.3547425965214,8.019100019614593,-0.01748952642083168,0.011111302082913
0,1996-08-12,651.6714993121425,7.956787403093404,-0.001047349302098155,-0.06231261652118825
0,1996-08-13,655.6387484181716,7.871988359137495,0.0060878051444888115,-0.08479904395590943
0,1996-08-14,665.7745713909038,7.798657356360641,0.015459463000297546,-0.07333100277685389
0,1996-08-15,665.3857151572439,7.881166137836156,-0.0005840659141540527,0.08250878147551521
0,1996-08-16,657.4099753212005,7.722543720505742,-0.011986641213297844,-0.15862241733041405
0,1996-08-19,673.319896653303,7.687611472338881,0.024200912564992905,-0.0349322481668608
0,1996-08-20,658.0137047860147,7.826940306567601,-0.02273242175579071,0.13932883422871978
0,1996-08-21,655.1013485769205,7.896322595716934,-0.00442598108202219,0.06938228914933298
0,1996-08-22,651.627625490624,8.001187071742438,-0.005302573554217815,0.10486447602550353
0,1996-08-23,655.2425089462346,8.04230547202207,0.005547468084841967,0.04111840027963254
0,1996-08-26,651.8129398787529,8.0628113313043,-0.005234045442193747,0.020505859282229366
0,1996-08-27,654.5402661808652,8.099692812375073,0.004184216260910034,0.0368814810707736
0,1996-08-28,650.0510038043933,8.123256051519496,-0.006858649663627148,0.02356323914442271
0,1996-08-29,645.3450745502711,8.190121335905884,-0.0072393231093883514,0.06686528438638817
0,1996-08-30,649.0868627672368,8.249949034056888,0.005798120051622391,0.05982769815100397
0,1996-09-03,649.7226348156972,8.172071922628572,0.0009794868528842926,-0.07787711142831633
0,1996-09-04,640.5060673815802,7.892722147634172,-0.014185387641191483,-0.27934977499440006
0,1996-09-05,661.8567073921329,7.884013190308476,0.03333401679992676,-0.008708957325695543
0,1996-09-06,658.3534289379055,8.336793467936898,-0.005293107125908136,0.4527802776284222
0,1996-09-09,633.3468274846924,8.494397907670413,-0.03798355162143707,0.15760443973351457
0,1996-09-10,626.561622577273,9.015696667738407,-0.010713253170251846,0.5212987600679941
0,1996-09-11,598.2081111770602,8.929270309395676,-0.04525255039334297,-0.08642635834273094
0,1996-09-12,618.145768560417,9.058649762744745,0.03332896530628204,0.12937945334906864
0,1996-09-13,602.2606478881172,9.441055059796597,-0.025698017328977585,0.3824052970518519
0,1996-09-16,576.3827318292819,9.6303892478326,-0.04296796768903732,0.18933418803600333
0,1996-09-17,570.7540178328845,9.638213366578876,-0.009765584021806717,0.007824118746276199
0,1996-09-18,575.8759483738885,9.50382842011349,0.00897397194057703,-0.1343849464653868
0,1996-09-19,581.0992486975904,9.665759978147333,0.009070183150470257,0.16193155803384407
0,1996-09-20,557.2132537419511,9.560293739006356,-0.04110484570264816,-0.10546623914097708
0,1996-09-23,575.2360116590819,9.521043711599631,0.032344453036785126,-0.0392500274067249
0,1996-09-24,567.0847762872025,9.564245688734264,-0.01417024526745081,0.043201977134632585
0,1996-09-25,569.1868138174358,9.37268416319941,0.003706743009388447,-0.19156152553485484
0,1996-09-26,578.3792442295987,9.156665442833747,0.016150111332535744,-0.21601872036566228
0,1996-09-27,579.8782177666081,9.084346691969717,0.0025916793383657932,-0.07231875086402972
0,1996-09-30,574.4655465532522,9.12702820773408,-0.00933415163308382,0.04268151576436274
0,1996-10-01,573.8830407412026,9.182467866412201,-0.0010139960795640945,0.05543965867812162
0,1996-10-02,567.7490830339049,9.096655519192804,-0.01068851538002491,-0.08581234721939701
0,1996-10-03,573.313274744699,9.18100182738141,0.009800441563129425,0.08434630818860533
0,1996-10-04,560.1182134778176,9.307408324059221,-0.023015446960926056,0.12640649667781112
0,1996-10-07,562.3092271668502,9.310418659745114,0.003911698702722788,0.0030103356858930397
0,1996-10-08,562.4008898984766,9.319958594459717,0.00016301125288009644,0.009539934714602794
0,1996-10-09,563.3760187580818,9.249750099423517,0.0017338679172098637,-0.07020849503619964
0,1996-10-10,561.868805123039,9.40642902693038,-0.002675324445590377,0.15667892750686363
0,1996-10-11,553.6647448722445,9.711379146974396,-0.014601380564272404,0.30495012004401545
0,1996-10-16,546.897350875096,9.948535756778579,-0.01222290936857462,0.23715660980418285
0,1996-10-17,547.7246505161866,9.753416168691722,0.0015127146616578102,-0.19511958808685748
0,1996-10-18,552.8554894723823,9.722027304777015,0.009367551654577255,-0.03138886391470663
0,1996-10-21,553.3272548870735,9.811946202871372,0.0008533250074833632,0.08991889809435705
0,1996-10-22,551.8017156489909,9.804470171839364,-0.0027570289094001055,-0.007476031032007668
0,1996-10-23,554.1516156438807,9.835348841286308,0.0042585949413478374,0.03087866944694362
0,1996-10-24,547.1888187883993,9.932413178674395,-0.012564786709845066,0.09706433738808684
0,1996-10-25,557.3878936772064,9.788277497138422,0.018639041110873222,-0.1441356815359729
0,1996-10-28,582.8295102827302,9.611856520844128,0.0456443652510643,-0.17642097629429365
0,1996-10-29,590.8457522267071,9.557175610048942,0.013754008337855339,-0.05468091079518622
0,1996-10-30,598.7059419341515,9.55829567807033,0.013303285464644432,0.0011200680213878655
0,1996-10-31,596.2659023762303,9.50030606832212,-0.004075522534549236,-0.057989609748210214
0,1996-11-01,595.213211551894,9.447155226062431,-0.0017654721159487963,-0.05315084225968825
0,1996-11-04,591.8325892949547,9.690989135623013,-0.005679682828485966,0.24383390956058193
0,1996-11-05,592.035447212555,9.766004886176315,0.00034276233054697514,0.07501575055330179
0,1996-11-06,589.3499956043704,9.71752245717549,-0.004535964224487543,-0.04848242900082589
0,1996-11-07,589.1293375123428,9.813594245465158,-0.00037440925370901823,0.09607178828966845
0,1996-11-08,590.7627053453674,9.81299759456002,0.002772511448711157,-0.0005966509051376079
0,1996-11-13,599.1309795930196,9.860067169497283,0.014165204018354416,0.047069574937262715
0,1996-11-14,600.6749649965369,9.90747528254139,0.002577041508629918,0.047408113044106415
0,1996-11-15,595.6786320291618,9.881730985414634,-0.008317864499986172,-0.025744297126754745
0,1996-11-18,592.9976932907662,10.381762306837276,-0.004500646144151688,0.5000313214226413
0,1996-11-19,582.5889451882639,10.012324931428083,-0.01755276322364807,-0.3694373754091931
0,1996-11-20,604.5625694269235,9.813389040788804,0.03771720081567764,-0.1989358906392784
0,1996-11-21,600.7894709092211,9.742301538716157,-0.006241038907319307,-0.07108750207264691
0,1996-11-22,600.7729527099038,9.787921311610056,-2.7494155801832676e-05,0.045619772893898514
0,1996-11-25,598.043836515474,9.71986263307634,-0.004542674869298935,-0.06805867853371517
0,1996-11-26,605.3107685956177,9.59734559249752,0.012151169590651989,-0.12251704057882051
0,1996-11-27,611.5891588860942,9.45755874122027,0.010372176766395569,-0.13978685127725043
0,1996-11-29,603.7932449956577,9.500076699936654,-0.012746978551149368,0.04251795871638464
0,1996-12-02,599.2048430619607,9.522545039490398,-0.007599293254315853,0.022468339553743277
0,1996-12-03,597.4961944420629,9.532725493987538,-0.0028515267185866833,0.010180454497140445
0,1996-12-04,599.2058242253289,9.551117278973207,0.0028613233007490635,0.018391784985668735
0,1996-12-05,582.8929563685186,9.756634425252964,-0.02722414769232273,0.2055171462797567
0,1996-12-06,583.3505287877089,9.441831654475989,0.0007850024849176407,-0.31480277077697494
0,1996-12-09,594.2237993009879,9.415009670400439,0.018639342859387398,-0.02682198407554992
0,1996-12-10,597.5026598795818,9.613841249583988,0.005517888348549604,0.19883157918354932
0,1996-12-11,587.1517081904003,9.554485244805553,-0.01732369139790535,-0.05935600477843472
0,1996-12-12,600.8335129294111,9.614085849704058,0.023301992565393448,0.05960060489850427
0,1996-12-13,599.1976367375544,9.520402140219934,-0.002722678007557988,-0.09368370948412341
0,1996-12-16,607.5332739980862,9.346944946151279,0.013911332003772259,-0.17345719406865534
0,1996-12-17,617.2977623169145,9.289434293979841,0.0160723514854908,-0.05751065217143747
0,1996-12-18,614.4407059997665,9.039967705678686,-0.004628327675163746,-0.2494665883011553
0,1996-12-19,625.0100616030934,9.043653762174802,0.017201587557792664,0.003686056496116308
0,1996-12-20,621.9390641600493,9.013239755330908,-0.00491351680830121,-0.030414006843894725
0,1996-12-23,621.2280565599264,9.052152139638098,-0.0011432110331952572,0.03891238430719035
0,1996-12-24,618.7185697219475,8.906773707929036,-0.004039558116346598,-0.14537843170906228
0,1996-12-26,626.607087857972,8.788588652138854,0.012749767862260342,-0.11818505579018179
0,1996-12-27,633.765044799027,8.746713309092375,0.011423357762396336,-0.04187534304647933
0,1996-12-30,633.0692056911887,8.626729931984135,-0.0010979449143633246,-0.11998337710823925
0,1996-12-31,629.5919560263105,8.46399754114524,-0.00549268489703536,-0.16273239083889557
0,1997-01-02,634.9340042666852,8.108150105881657,0.008484937250614166,-0.3558474352635823
0,1997-01-03,645.950544076159,7.93263796575086,0.017350684851408005,-0.17551214013079708
0,1997-01-06,638.7362379416942,7.866852915591381,-0.01116851158440113,-0.06578505015947922
0,1997-01-07,657.8227845561539,7.766686079173455,0.029881734400987625,-0.10016683641792579
0,1997-01-08,659.9320725408576,7.730059173781119,0.0032064684201031923,-0.03662690539233626
0,1997-01-09,669.414060436603,7.706412929969053,0.014368127100169659,-0.023646243812065926
0,1997-01-10,684.0517558604752,7.604656054550865,0.02186642959713936,-0.10175687541818856
0,1997-01-13,686.8585955984574,7.460815171984876,0.004103256389498711,-0.14384088256598826
0,1997-01-14,704.5590690297975,7.386806241288677,0.02577018551528454,-0.0740089306961993
0,1997-01-15,716.1073561538735,7.312760640518114,0.01639080047607422,-0.07404560077056299
0,1997-01-16,722.7782382495735,7.433839837138905,0.009315477684140205,0.1210791966207907
0,1997-01-17,724.5839275578631,7.4185103903855,0.0024982618633657694,-0.015329446753404419
0,1997-01-22,717.0016886421832,7.3295713565694856,-0.010464265942573547,-0.08893903381601476
0,1997-01-23,719.5521384925653,7.3211541559396975,0.0035571043845266104,-0.008417200629788013
0,1997-01-24,713.3587963439609,7.523012054467499,-0.00860721804201603,0.2018578985278019
0,1997-01-27,704.2218612172622,7.480639260590344,-0.012808330357074738,-0.042372793877155424
0,1997-01-28,712.7242353828714,7.420345728683676,0.01207343116402626,-0.06029353190666775
0,1997-01-29,709.6734796157215,7.500919071888633,-0.004280415363609791,0.08057334320495713
0,1997-01-30,711.9763889142883,7.4022376386066675,0.003245026571676135,-0.09868143328196588
0,1997-01-31,722.3612498374405,7.324634873259421,0.014585962519049644,-0.07760276534724664
0,1997-02-03,721.9812807221118,7.355381980411599,-0.000526009825989604,0.030747107152178543
0,1997-02-04,725.2220576465841,7.380741118346389,0.004488727077841759,0.02535913793478972
0,1997-02-05,725.6304695159604,7.3546031463118196,0.0005631542298942804,-0.02613797203456958
0,1997-02-06,721.5937549562113,7.274555231632344,-0.0055630444549024105,-0.0800479146794757
0,1997-02-07,729.4725025083313,7.13175635779006,0.010918536223471165,-0.14279887384228385
0,1997-02-10,738.5848101832848,7.150347771227351,0.012491639703512192,0.018591413437291315
0,1997-02-11,727.5799826163063,7.217271097308094,-0.014899883419275284,0.06692332608074292
0,1997-02-12,736.875397064251,7.261909620284593,0.01277579739689827,0.04463852297649851
0,1997-02-13,741.1252483890999,7.335411199124475,0.0057673947885632515,0.07350157883988206
0,1997-02-14,738.5484285965379,7.290083039551917,-0.003476901911199093,-0.045328159572557425
0,1997-02-18,743.1448519827142,7.191141790686158,0.006223591044545174,-0.09894124886575906
0,1997-02-19,750.8194467255852,7.176893423616972,0.01032718550413847,-0.014248367069185974
0,1997-02-20,748.1216988721216,7.174058497313477,-0.003593071363866329,-0.0028349263034952443
0,1997-02-21,749.876615705272,7.06187261645926,0.0023457638453692198,-0.11218588085421732
0,1997-02-24,750.4210838741199,7.139914296706971,0.0007260770071297884,0.0780416802477113
0,1997-02-25,741.7192018179592,7.204469741092496,-0.011595998890697956,0.06455544438552518
0,1997-02-26,734.6062611815125,7.212419206227366,-0.009589802473783493,0.00794946513487016
0,1997-02-27,727.832452303753,7.148299002678867,-0.00922100618481636,-0.06412020354849979
0,1997-02-28,731.4500582780543,7.117972239924754,0.004970382899045944,-0.030326762754112835
0,1997-03-03,726.9642260325804,7.175036968406029,-0.006132793612778187,0.05706472848127486
0,1997-03-04,714.9691647114829,7.357481029801918,-0.016500208526849747,0.18244406139588953
0,1997-03-05,721.1607083213132,7.542015750177708,0.008659875020384789,0.18453472037578944
0,1997-03-06,709.9805300155298,7.619203717464102,-0.015503033064305782,0.07718796728639443
0,1997-03-07,712.473298737335,7.53986216258519,0.0035110381431877613,-0.07934155487891204
0,1997-03-10,716.9715811843146,7.574796526839999,0.00631361547857523,0.034934364254809225
0,1997-03-11,708.1146541273298,7.6215573116761925,-0.012353247031569481,0.04676078483619328
0,1997-03-12,707.2741810863585,7.6854310434428745,-0.0011869166046380997,0.06387373176668198
0,1997-03-13,694.0166904878646,7.687836705075987,-0.018744485452771187,0.002405661633112288
0,1997-03-14,695.1903096024987,7.674745719484633,0.0016910531558096409,-0.013090985591353466
0,1997-03-17,695.9348402997888,7.728069986602734,0.0010709739290177822,0.0533242671181009
0,1997-03-18,684.5391214145382,7.73884707542593,-0.01637469232082367,0.010777088823195946
0,1997-03-19,682.723050479185,7.684310626431273,-0.0026529834140092134,-0.05453644899465715
0,1997-03-20,699.0773559910617,7.618197295949145,0.023954523727297783,-0.06611333048212842
0,1997-03-21,696.4849568884292,7.580115382235096,-0.0037083150818943977,-0.038081913714048454
0,1997-03-24,686.0686176389341,7.601957305322071,-0.014955583959817886,0.02184192308697508
0,1997-03-25,698.6272007489638,7.538504664372893,0.018305141478776932,-0.06345264094917802
0,1997-03-26,703.9378105517801,7.478357278517074,0.007601493038237095,-0.060147385855819024
0,1997-03-27,715.3699341819478,7.470539666265668,0.01624024659395218,-0.007817612251406203
0,1997-03-31,714.9568658601869,7.503087092159145,-0.0005774191813543439,0.03254742589347703
0,1997-04-01,712.9427805776271,7.479117629916827,-0.0028170724399387836,-0.02396946224231833
0,1997-04-02,713.0583684887698,7.4869425877335045,0.00016212789341807365,0.007824957816677802
0,1997-04-03,705.5157572761848,7.491096643146098,-0.010577831417322159,0.004154055412593394
0,1997-04-04,696.585763288503,7.526328868969788,-0.012657398357987404,0.03523222582369012
0,1997-04-07,704.5840274391467,7.5352342952261315,0.01148209534585476,0.008905426256343496
0,1997-04-08,713.7113319093497,7.372165680813108,0.012954174540936947,-0.16306861441302356
0,1997-04-09,705.5198880928114,7.396085404803321,-0.01147725060582161,0.023919723990212916
0,1997-04-10,692.3851635821067,7.462662677892233,-0.018617086112499237,0.06657727308891204
0,1997-04-11,691.0340233744946,7.376926714598928,-0.001951428595930338,-0.08573596329330524
0,1997-04-14,708.3092319278526,7.3319845123582885,0.024999070912599564,-0.04494220224063916
0,1997-04-15,707.3439926225457,7.3023285472789885,-0.0013627371517941356,-0.029655965079300017
0,1997-04-16,705.8551307120104,7.264029554682408,-0.002104862593114376,-0.038298992596580206
0,1997-04-17,709.024469033147,7.285872388463959,0.00449006911367178,0.02184283378155083
0,1997-04-18,723.4034957044889,7.274180535447741,0.020280014723539352,-0.011691853016218445
0,1997-04-21,734.3671504250068,7.271701707107998,0.015155656263232231,-0.002478828339742556
0,1997-04-22,747.6651877722815,7.218401482545795,0.01810815930366516,-0.053300224562202736
0,1997-04-23,749.073434580357,7.154982028056036,0.0018835259834304452,-0.06341945448975927
0,1997-04-24,753.000931672487,7.086326145775405,0.005243140272796154,-0.06865588228063135
0,1997-04-25,749.1470407538582,7.0776970307095475,-0.005118042696267366,-0.008629115065857285
0,1997-04-28,739.3952955743724,7.120159430374148,-0.013017131015658379,0.042462399664600525
0,1997-04-29,748.7482321547724,7.041984333505146,0.012649440206587315,-0.07817509686900159
0,1997-04-30,742.4767256912498,6.999038432716052,-0.008375988341867924,-0.04294590078909444
0,1997-05-01,742.8453357791849,6.969347372286928,0.0004964601248502731,-0.029691060429123617
0,1997-05-02,742.3622373810248,6.996840793114613,-0.0006503351032733917,0.027493420827684467
0,1997-05-05,736.4976734733016,7.0319925425176635,-0.007899868302047253,0.03515174940305066
0,1997-05-06,744.3136527578872,7.044644755418503,0.010612361133098602,0.012652212900839288
0,1997-05-07,743.4360436104372,7.0160621785740895,-0.0011790851131081581,-0.028582576844413232
0,1997-05-08,744.2519769394394,7.082440251872257,0.0010975165059790015,0.0663780732981678
0,1997-05-09,752.7406784586221,7.114294106817933,0.011405682191252708,0.03185385494567594
0,1997-05-12,750.0434655633778,7.082241075305138,-0.003583190031349659,-0.03205303151279537
0,1997-05-13,752.724578253157,7.09291777581444,0.0035746097564697266,0.01067670050930225
0,1997-05-14,753.9480920369064,7.169348902227902,0.0016254468355327845,0.07643112641346228
0,1997-05-15,752.0625030035552,7.114313766181032,-0.002500953385606408,-0.055035136046870825
0,1997-05-16,762.0906896909432,7.008409632377572,0.013334246352314949,-0.10590413380345964
0,1997-05-19,764.2551420306879,7.0436241555853405,0.002840150613337755,0.03521452320776852
0,1997-05-20,769.5207804780184,7.068039426561658,0.006889896001666784,0.024415270976317238
0,1997-05-21,767.6362188742546,7.001465476274045,-0.002449006773531437,-0.06657395028761304
0,1997-05-22,779.5889109000999,6.922246668692949,0.015570776537060738,-0.07921880758109534
0,1997-05-23,790.7038932223929,6.920063367658054,0.014257491566240788,-0.0021833010348952797
0,1997-05-27,786.2295598267401,6.887172953606816,-0.005658671259880066,-0.032890414051237826
0,1997-05-28,790.7373141989659,6.912029351058686,0.00573338195681572,0.024856397451869405
0,1997-05-29,794.6167492380303,6.836946715978682,0.004906098358333111,-0.07508263508000379
0,1997-05-30,805.4670436480343,6.792033460314798,0.01365475170314312,-0.044913255663884044
0,1997-06-02,808.1796350094035,6.7615944085033854,0.0033677248284220695,-0.030439051811412376
0,1997-06-03,817.0584909120213,6.7871303452442,0.010986240580677986,0.025535936740814336
0,1997-06-04,808.7588666513727,6.778364083720903,-0.010157931596040726,-0.008766261523296848
0,1997-06-05,813.0181460255035,6.780016625225605,0.0052664391696453094,0.0016525415047023984
0,1997-06-06,818.816781352746,6.851760791467906,0.007132233586162329,0.07174416624230062
0,1997-06-09,831.0103543611729,6.7805702210896825,0.014891698956489563,-0.0711905703782234
0,1997-06-10,834.8322478727921,6.797532147023446,0.004599092528223991,0.016961925933763666
0,1997-06-11,841.6077054662402,6.7569036477387225,0.008115950971841812,-0.040628499284723674
0,1997-06-12,838.5710806191976,6.792200387405607,-0.003608123864978552,0.03529673966688485
0,1997-06-13,823.6084344648355,6.809471787797879,-0.017843026667833328,0.017271400392271374
0,1997-06-16,818.4761976463122,6.83418729536162,-0.006231403909623623,0.024715507563740857
0,1997-06-17,836.046763303859,6.841051048177811,0.021467411890625954,0.0068637528161916705
0,1997-06-18,832.4659495026557,6.862414307345946,-0.004283030517399311,0.021363259168134974
0,1997-06-19,835.1718077373964,6.899717684595146,0.0032504131086170673,0.03730337724919952
0,1997-06-20,832.5455163901172,6.825918202775083,-0.003144612070173025,-0.07379948182006313
0,1997-06-23,851.8747241493851,6.780854397645187,0.02321699820458889,-0.04506380512989594
0,1997-06-24,857.3622100902141,6.749453519462094,0.006441658362746239,-0.031400878183093006
0,1997-06-25,856.2362623600866,6.818136323012842,-0.001313269603997469,0.06868280355074852
0,1997-06-26,849.7396120547838,6.813890465873008,-0.007587450556457043,-0.004245857139833831
0,1997-06-27,862.4315137158025,6.707349615334608,0.014936224557459354,-0.10654085053840046
0,1997-06-30,871.056216606728,6.677513357800516,0.010000449605286121,-0.029836257534092248
0,1997-07-01,869.6461476716701,6.741351985158626,-0.0016188035951927304,0.06383862735810997
0,1997-07-02,857.7493083127009,6.755427788125223,-0.013680092059075832,0.014075802966597273
0,1997-07-03,873.6271545648339,6.7693477438614105,0.018511056900024414,0.01391995573618754
0,1997-07-07,881.1154350387318,6.781375670033182,0.008571483194828033,0.012027926171771952
0,1997-07-08,877.0498656622586,6.919879676947876,-0.004614116623997688,0.1385040069146939
0,1997-07-09,876.6659080730716,6.9700826601146995,-0.0004377830773591995,0.050202983166823145
0,1997-07-10,882.49730753081,7.025237681772457,0.006651792209595442,0.05515502165775743
0,1997-07-11,871.3726076480727,6.990297438887665,-0.012605930678546429,-0.03494024288479203
0,1997-07-14,878.3336914329161,7.007240958195088,0.0079886419698596,0.016943519307423216
0,1997-07-15,862.8584063598693,6.965055747229932,-0.01761891320347786,-0.04218521096515637
0,1997-07-16,876.348180653825,7.04184065898343,0.015633821487426758,0.07678491175349844
0,1997-07-17,863.1556199767292,7.094342014831751,-0.015054017305374146,0.05250135584832094
0,1997-07-18,866.4298178513504,6.9950376853830925,0.0037932880222797394,-0.09930432944865863
0,1997-07-21,874.055012663695,6.893051335414509,0.008800706826150417,-0.10198634996858313
0,1997-07-22,878.2500235106238,6.864591406760464,0.0047994814813137054,-0.028459928654045008
0,1997-07-23,893.6662453435945,6.859136342569496,0.017553340643644333,-0.005455064190968528
0,1997-07-24,879.382507726411,6.930032035061529,-0.015983302146196365,0.07089569249203365
0,1997-07-25,884.9306370704396,6.982681515215927,0.006309119518846273,0.05264948015439774
0,1997-07-28,873.9750184096023,7.032906128638484,-0.012380200438201427,0.05022461342255724
0,1997-07-29,878.1204687474713,7.056301219776887,0.004743213765323162,0.023395091138402435
0,1997-07-30,880.6448428592314,6.929084178337892,0.0028747469186782837,-0.12721704143899526
0,1997-07-31,890.4798822576867,6.905600001383593,0.011167997494339943,-0.023484176954298164
0,1997-08-01,897.9612482136073,6.8918914578166115,0.008401499129831791,-0.013708543566981923
0,1997-08-04,898.8590923191139,6.878159261346695,0.0009998695459216833,-0.013732196469916857
0,1997-08-05,909.4230888489071,6.83162536042765,0.011752672493457794,-0.04653390091904441
0,1997-08-06,899.8559418521007,6.7611454597453635,-0.010520017705857754,-0.07047990068228671
0,1997-08-07,898.6166562598454,6.717087591932378,-0.0013772044330835342,-0.044057867812985485
0,1997-08-08,880.1240851812512,6.831708524088888,-0.020578932017087936,0.1146209321565097
0,1997-08-11,855.8235114491205,6.87156419499324,-0.02761039510369301,0.039855670904351825
0,1997-08-12,870.4653679980124,6.80532194297039,0.017108500003814697,-0.06624225202284961
0,1997-08-13,849.2809518652831,6.769603087195025,-0.024336885660886765,-0.03571885577536538
0,1997-08-14,850.7109533488047,6.915643894518725,0.0016837790608406067,0.1460408073237005
0,1997-08-15,846.2798219607082,6.940171973146909,-0.0052087390795350075,0.02452807862818407
0,1997-08-18,857.2815765207937,6.900840590809621,0.013000138103961945,-0.039331382337287835
0,1997-08-19,859.529818666112,6.8134447036916015,0.002622524742037058,-0.08739588711801982
0,1997-08-20,862.9137326790822,6.822416985756001,0.003936936147511005,0.008972282064399373
0,1997-08-21,866.642723327287,6.832089071790132,0.0043213944882154465,0.009672086034131055
0,1997-08-22,861.5569345389891,6.8741684796029965,-0.005868379957973957,0.04207940781286457
0,1997-08-25,850.9417990792844,6.93876663570206,-0.012320875190198421,0.06459815609906361
0,1997-08-26,859.8359406019474,6.907472693184789,0.01045211497694254,-0.031293942517271134
0,1997-08-27,871.116173159407,6.8278377301875395,0.013119052164256573,-0.07963496299724948
0,1997-08-28,863.2556112216843,6.827998058637912,-0.00902355182915926,0.0001603284503728375
0,1997-08-29,862.1843971161665,6.806887207977037,-0.0012409002520143986,-0.021110850660875258
0,1997-09-02,864.6892923143013,6.685830854751123,0.0029052894096821547,-0.12105635322591368
0,1997-09-03,875.2418910042601,6.75324830607821,0.01220391970127821,0.06741745132708665
0,1997-09-04,864.5151805423138,6.7492072339535065,-0.012255709618330002,-0.004041072124703504
0,1997-09-05,858.9565749239002,6.711946102019923,-0.006429737433791161,-0.03726113193358316
0,1997-09-08,852.7489742831916,6.638866233964206,-0.007226908579468727,-0.07307986805571698
0,1997-09-09,845.69617947996,6.5584885118423975,-0.008270657621324062,-0.08037772212180894
0,1997-09-10,856.0176060245267,6.4004451229701855,0.012204650789499283,-0.15804338887221192
0,1997-09-11,863.0702402997094,6.408500839537843,0.008238889276981354,0.008055716567657356
0,1997-09-12,855.29087223434,6.625418084262193,-0.00901359785348177,0.2169172447243497
0,1997-09-15,836.5558424961129,6.686997256788256,-0.02190486341714859,0.06157917252606371
0,1997-09-16,829.6278623699291,6.475950134801042,-0.00828155130147934,-0.21104712198721387
0,1997-09-17,844.913155301318,6.3530810574740535,0.018424276262521744,-0.12286907732698893
0,1997-09-18,854.6428589911393,6.36368730818564,0.01151562575250864,0.010606250711586718
0,1997-09-19,833.2880291701862,6.394218085813411,-0.02498684637248516,0.03053077762777079
0,1997-09-22,809.4650281071447,6.399336389160138,-0.0285891555249691,0.005118303346726805
0,1997-09-23,823.7058891204076,6.338310467247692,0.017592929303646088,-0.061025921912445824
0,1997-09-24,828.8121669188353,6.287982615454189,0.0061991517432034016,-0.05032785179350263
0,1997-09-25,836.1788074401178,6.308215886846119,0.008888190612196922,0.02023327139192954
0,1997-09-26,829.8469138684459,6.344082925286706,-0.007572415750473738,0.03586703844058725
0,1997-09-29,824.5261870794187,6.3608166355008,-0.006411696784198284,0.01673371021409409
0,1997-09-30,831.2215389033703,6.386603630564792,0.008120241574943066,0.02578699506399218
0,1997-10-01,825.280166728013,6.337065939345226,-0.007147760130465031,-0.04953769121956597
0,1997-10-02,839.4894096638659,6.340216890739918,0.017217477783560753,0.003150951394691681
0,1997-10-03,848.6799900078609,6.401131429559858,0.010947821661829948,0.060914538819940134
0,1997-10-06,839.734577132156,6.4235432018736685,-0.010540383867919445,0.022411772313810197
0,1997-10-07,837.1373699475728,6.43146960818455,-0.0030928906053304672,0.007926406310881262
0,1997-10-08,823.6307013738104,6.421733210512549,-0.0161343514919281,-0.009736397672000408
0,1997-10-09,825.9794271379,6.394675092756549,0.002851673401892185,-0.027058117755999866
0,1997-10-10,843.9293156404244,6.269995549857053,0.02173164114356041,-0.12467954289949645
0,1997-10-15,847.3009004308398,6.255821283039393,0.003995103295892477,-0.014174266817660097
0,1997-10-16,858.5127664424333,6.2434105972024385,0.013232449069619179,-0.012410685836954372
0,1997-10-17,867.2270999707698,6.268478760694639,0.010150499641895294,0.025068163492200313
0,1997-10-20,861.6659197284215,6.301010798179562,-0.006412599701434374,0.03253203748492339
0,1997-10-21,849.5035179875017,6.310743643255744,-0.014114985242486,0.009732845076181995
0,1997-10-22,874.3655403144833,6.217483681961352,0.029266532510519028,-0.09325996129439229
0,1997-10-23,890.8093564229135,6.102002310493242,0.018806569278240204,-0.11548137146810955
0,1997-10-24,883.7770907953554,6.068478090613169,-0.007894243113696575,-0.03352421988007315
0,1997-10-27,884.9751092515644,6.03980456480819,0.0013555663172155619,-0.028673525804979505
0,1997-10-28,877.5201886528043,6.002833940096989,-0.008423876017332077,-0.03697062471120116
0,1997-10-29,886.3540381506722,6.009164250810728,0.010066833347082138,0.006330310713739351
0,1997-10-30,899.6042961205782,6.00067730483563,0.014949170872569084,-0.008486945975097804
0,1997-10-31,908.2269677894595,5.989342588497956,0.009584960527718067,-0.011334716337674244
0,1997-11-03,904.8094871134059,5.887998835431143,-0.0037628046702593565,-0.10134375306681243
0,1997-11-04,903.1269672620718,5.982781490274123,-0.001859529409557581,0.09478265484297932
0,1997-11-05,903.1658262516355,5.944718482624794,4.302716115489602e-05,-0.03806300764932846
0,1997-11-06,902.2692028646126,5.939190899338604,-0.0009927561040967703,-0.00552758328619074
0,1997-11-07,905.5332950635806,5.863422110176995,0.0036176478024572134,-0.07576878916160812
0,1997-11-10,916.0610930868385,5.857466826143757,0.011626075021922588,-0.005955284033238861
0,1997-11-13,918.3442228642249,5.7889375540803005,0.0024923335295170546,-0.06852927206345605
0,1997-11-14,909.4865968848326,5.793732431414138,-0.00964521337300539,0.0047948773338371
0,1997-11-17,906.1388132743556,5.761531020224808,-0.0036809598095715046,-0.0322014111893294
0,1997-11-18,892.5634154309653,5.704691985141059,-0.014981587417423725,-0.05683903508374932
0,1997-11-19,906.432151847963,5.723825989522427,0.01553809642791748,0.019134004381368364
0,1997-11-20,917.3794148950615,5.7553764177124345,0.012077311053872108,0.031550428190007196
0,1997-11-21,919.9926354449769,5.732103656251152,0.002848571166396141,-0.023272761461282876
0,1997-11-24,940.26369889545,5.78723358603819,0.022033941000699997,0.055129929787038456
0,1997-11-25,942.1085249876678,5.713630856301747,0.001962030539289117,-0.073602729736443
0,1997-11-26,960.7908297675199,5.69928093303601,0.019830310717225075,-0.014349923265736919
0,1997-11-28,969.6401399541288,5.739869835588134,0.009210444055497646,0.04058890255212422
0,1997-12-01,977.6993986436944,5.684950247974125,0.008311597630381584,-0.05491958761400895
0,1997-12-02,982.9420389297323,5.747695897027001,0.005362221039831638,0.06274564905287594
0,1997-12-03,980.3058573337722,5.770149387441874,-0.002681929850950837,0.022453490414872768
0,1997-12-04,974.2417600946869,5.762328735968388,-0.006185923703014851,-0.007820651473486429
0,1997-12-05,981.7238095965303,5.71702684106782,0.007679869420826435,-0.04530189490056724
0,1997-12-08,981.3390397340306,5.724762905931336,-0.00039193290285766125,0.007736064863515857
0,1997-12-09,975.2850424985659,5.730727933439629,-0.006169118918478489,0.005965027508292309
0,1997-12-10,968.553238260219,5.8109387996639565,-0.0069023966789245605,0.08021086622432794
0,1997-12-11,969.0120983045713,5.828829369479042,0.00047375820577144623,0.0178905698150853
0,1997-12-12,960.8899246023667,5.840192095490023,-0.008381911553442478,0.011362726010981206
0,1997-12-15,948.7673434450553,5.866443225697876,-0.012615993618965149,0.026251130207852746
0,1997-12-16,941.4282498667277,5.870878835615655,-0.007735398598015308,0.0044356099177793595
0,1997-12-17,920.0876348607743,5.879591809856191,-0.02266833931207657,0.00871297424053541
0,1997-12-18,933.5388109692213,5.911896487446713,0.014619451016187668,0.032304677590522246
0,1997-12-19,951.6536307244842,5.883778182183858,0.019404463469982147,-0.02811830526285508
0,1997-12-22,975.1920600477546,5.863552112317912,0.024734240025281906,-0.020226069865945995
0,1997-12-23,983.7504906569594,5.836340889875938,0.008776148781180382,-0.027211222441973604
0,1997-12-24,972.7196387517481,5.840793836237674,-0.011213058605790138,0.00445294636173621
0,1997-12-26,964.3114867269311,5.830321786205564,-0.008643962442874908,-0.010472050032110047
0,1997-12-29,957.067026589871,5.792756062541264,-0.0075125726871192455,-0.03756572366429989
0,1997-12-30,969.45238022427,5.771516793335733,0.012940946966409683,-0.021239269205531208
0,1997-12-31,1012.243867338655,5.752545770104068,0.04413985460996628,-0.018971023231665107
0,1998-01-02,966.5654953364755,5.837697595052322,-0.04512585699558258,0.08515182494825435
0,1998-01-05,931.5991482055434,5.88911923848813,-0.03617586940526962,0.05142164343580724
0,1998-01-06,918.5168449014019,5.888486838684617,-0.01404284592717886,-0.0006323998035124845
0,1998-01-07,940.0838205680459,5.7996351881909725,0.023480217903852463,-0.08885165049364474
0,1998-01-08,933.9698505690151,5.80087750352851,-0.0065036434680223465,0.0012423153375378249
0,1998-01-09,945.366996386947,5.827580990943948,0.012202905490994453,0.026703487415438154
0,1998-01-12,939.2022524227957,5.735034889208087,-0.006521006114780903,-0.09254610173586109
0,1998-01-13,949.8897023230747,5.708644481027728,0.011379284784197807,-0.026390408180358982
0,1998-01-14,952.0115111035792,5.727431901612599,0.002233742270618677,0.018787420584870596
0,1998-01-15,963.0208511049624,6.024976779417355,0.011564292944967747,0.29754487780475625
0,1998-01-16,971.8754223754415,5.996069020507652,0.009194578975439072,-0.02890775890970332
0,1998-01-20,972.554922114255,6.1445794159473515,0.0006991634145379066,0.14851039543969957
0,1998-01-21,980.2065615482163,6.106347396767016,0.007867565378546715,-0.038232019180335364
0,1998-01-22,975.0677862112314,6.165422553938244,-0.0052425432950258255,0.05907515717122802
0,1998-01-23,964.508726493207,6.180655310164795,-0.010829051956534386,0.015232756226550848
0,1998-01-26,971.623253037568,6.154792867424045,0.007376321591436863,-0.02586244274074989
0,1998-01-27,995.5812207819799,6.248627959664442,0.02465767227113247,0.09383509224039699
0,1998-01-28,983.4133852580408,6.284515571024341,-0.012221841141581535,0.035887611359899374
0,1998-01-29,1000.8261379401109,6.279389042370068,0.01770644262433052,-0.005126528654273876
0,1998-01-30,1000.5058730015031,6.324634781742588,-0.0003200005739927292,0.04524573937252008
0,1998-02-02,1018.4670856073993,6.236566210020029,0.01795213110744953,-0.08806857172255889
0,1998-02-03,1020.0523868703084,6.162770691706947,0.0015565562061965466,-0.07379551831308184
0,1998-02-04,1036.51566850784,6.354653727124828,0.016139643266797066,0.19188303541788088
0,1998-02-05,1012.2613704902225,6.247961344283997,-0.02339983731508255,-0.10669238284083082
0,1998-02-06,1010.9035473942904,6.235189331558417,-0.0013413759879767895,-0.012772012725579707
0,1998-02-09,992.0360241942436,6.148581574615294,-0.01866401918232441,-0.08660775694312317
0,1998-02-10,1000.4746041767967,6.07084049158454,0.008506324142217636,-0.07774108303075433
0,1998-02-11,991.3509647659378,6.120764068975642,-0.009119311347603798,0.04992357739110265
0,1998-02-12,983.6869182059195,6.084905671675191,-0.007730911485850811,-0.03585839730045137
0,1998-02-13,991.3290167587804,6.002081059604964,0.0077688321471214294,-0.08282461207022696
0,1998-02-17,967.8332424221078,6.052299027853448,-0.023701287806034088,0.05021796824848401
0,1998-02-18,963.9948807476245,6.177969238805632,-0.003965932875871658,0.1256702109521841
0,1998-02-19,943.5652123911163,6.181011321685029,-0.02119271457195282,0.003042082879396446
0,1998-02-20,934.5165538998099,6.266808227273473,-0.00958986021578312,0.08579690558844444
0,1998-02-23,927.4037438985844,6.242062570642291,-0.007611218839883804,-0.024745656631181667
0,1998-02-24,917.0318276065939,6.30632045074388,-0.011183819733560085,0.0642578801015885
0,1998-02-25,911.8886947589261,6.193923583030726,-0.0056084562093019485,-0.11239686771315416
0,1998-02-26,931.4875829969515,6.243834827439445,0.02149263210594654,0.04991124440871886
0,1998-02-27,916.908391348787,6.298848514237852,-0.015651514753699303,0.055013686798407235
0,1998-03-02,892.0998986285746,6.307768298533584,-0.027056675404310226,0.008919784295732036
0,1998-03-03,901.232478951456,6.403833626124705,0.010237172245979309,0.09606532759112074
0,1998-03-04,889.7480533811349,6.321124598268624,-0.012743022292852402,-0.08270902785608047
0,1998-03-05,899.2515514265862,6.313393644028246,0.010681111365556717,-0.007730954240377841
0,1998-03-06,903.9445354148735,6.209474028906926,0.005218766629695892,-0.10391961512132042
0,1998-03-09,911.4895676609877,6.224085283801131,0.008346786722540855,0.014611254894204784
0,1998-03-10,905.2595732799066,6.201517035776302,-0.006834959611296654,-0.02256824802482882
0,1998-03-11,909.3692899699328,6.210409019626489,0.004539821296930313,0.008891983850187302
0,1998-03-12,914.3247555745218,6.239719588138801,0.0054493434727191925,0.02931056851231162
0,1998-03-13,926.1627528709457,6.162023571907175,0.012947256676852703,-0.07769601623162536
0,1998-03-16,942.4110222275625,6.148898224005713,0.017543643712997437,-0.013125347901462803
0,1998-03-17,929.2571883001208,6.137740559669865,-0.013957640156149864,-0.011157664335847528
0,1998-03-18,939.1973042013091,6.178661874112895,0.010696840472519398,0.04092131444302982
0,1998-03-19,955.9433506983667,6.153195050287027,0.017830168828368187,-0.025466823825867735
0,1998-03-20,961.9367413742277,6.156754013626546,0.006269608624279499,0.0035589633395192166
0,1998-03-23,957.1542009472132,6.191610237502426,-0.004971782676875591,0.034856223875879166
0,1998-03-24,950.2647103292313,6.231717329730629,-0.007197889965027571,0.040107092228203634
0,1998-03-25,941.1945307628862,6.230512282427493,-0.009544897824525833,-0.0012050473031361975
0,1998-03-26,950.0383573117064,6.224946971508172,0.00939638540148735,-0.00556531091932122
0,1998-03-27,950.1752554528534,6.223357841230807,0.000144097488373518,-0.0015891302773649585
0,1998-03-30,943.4719535918415,6.203612305086523,-0.007054805755615234,-0.01974553614428398
0,1998-03-31,936.6457372689325,6.196123649152181,-0.0072352085262537,-0.007488655934341892
0,1998-04-01,924.9626808797333,6.244241902962235,-0.012473292648792267,0.04811825381005441
0,1998-04-02,928.3077792929134,6.202438475212247,0.0036164685152471066,-0.04180342774998813
0,1998-04-03,936.4724681064237,6.189066057985559,0.00879523903131485,-0.013372417226688249
0,1998-04-06,943.8722529865439,6.13038239613734,0.00790176447480917,-0.05868366184821916
0,1998-04-07,936.2061428490214,6.173867225962434,-0.008121978491544724,0.04348482982509427
0,1998-04-08,941.0291892737362,6.207693271816123,0.005151692777872086,0.0338260458536892
0,1998-04-09,945.4116676617757,6.174244960695004,0.0046571120619773865,-0.03344831112111901
0,1998-04-13,956.1936743421876,6.133089440438809,0.01140456274151802,-0.04115552025619529
0,1998-04-14,951.7956103492319,6.15839954007371,-0.004599553532898426,0.025310099634901384
0,1998-04-15,948.5282827732981,6.15128971048677,-0.00343280378729105,-0.007109829586940286
0,1998-04-16,958.1505696931139,6.096930626601769,0.010144438594579697,-0.05435908388500099
0,1998-04-17,954.8891718726292,6.031484326326634,-0.003403846872970462,-0.0654463002751351
0,1998-04-20,965.8011663779262,5.98057633336345,0.011427498422563076,-0.05090799296318416
0,1998-04-21,953.433666936853,5.992231359246238,-0.012805430218577385,0.01165502588278855
0,1998-04-22,968.5358533305374,5.97508352467188,0.01583978720009327,-0.017147834574358534
0,1998-04-23,972.7100180197613,5.954334624610538,0.004309767857193947,-0.020748900061342113
0,1998-04-24,959.761908457461,5.949070978606468,-0.013311376795172691,-0.005263646004070033
0,1998-04-27,949.2333273019914,6.009834675134497,-0.010969992727041245,0.0607636965280296
0,1998-04-28,962.0434539078728,6.072883940587369,0.01349523477256298,0.0630492654528716
0,1998-04-29,975.7713876657691,6.019239446990727,0.014269556850194931,-0.05364449359664203
0,1998-04-30,974.7838406602111,6.00901290467866,-0.0010120680090039968,-0.010226542312066655
0,1998-05-01,977.960615256301,5.959241274041223,0.003258952870965004,-0.04977163063743717
0,1998-05-04,979.1801450727161,5.918052077416907,0.001247013220563531,-0.04118919662431608
0,1998-05-05,972.5762444465294,5.949059728354626,-0.006744316313415766,0.031007650937718623
0,1998-05-06,982.3986282737241,6.034886478826076,0.010099345818161964,0.08582675047145027
0,1998-05-07,984.061701145333,5.984442084407468,0.0016928697004914284,-0.05044439441860771
0,1998-05-08,979.2946486386082,5.909377416674927,-0.004844261799007654,-0.0750646677325415
0,1998-05-11,986.1303091244637,5.890914980489975,0.006980187725275755,-0.01846243618495169
0,1998-05-12,976.1587773985091,5.934496823185531,-0.010111778974533081,0.04358184269555565
0,1998-05-13,984.122065425042,5.847583979011114,0.008157779462635517,-0.08691284417441647
0,1998-05-14,1002.7545951777009,5.845512868466065,0.018933149054646492,-0.0020711105450494927
0,1998-05-15,1021.937151347176,5.789887727133757,0.019129861146211624,-0.05562514133230767
0,1998-05-18,1015.2562592765519,5.818192786081876,-0.006537478417158127,0.028305058948118855
0,1998-05-19,1029.1864158961534,5.783301883870879,0.013720828108489513,-0.034890902210996444
0,1998-05-20,1046.7245914203,5.779462685557284,0.017040815204381943,-0.003839198313595027
0,1998-05-21,1051.5663058912623,5.619718421464597,0.004625585861504078,-0.15974426409268716
0,1998-05-22,1048.3192916978358,5.664825463544383,-0.0030877883546054363,0.045107042079785664
0,1998-05-26,1044.5806505609378,5.676827409672803,-0.0035663191229104996,0.01200194612841976
0,1998-05-27,1054.189272208017,5.655699770084439,0.009198544546961784,-0.0211276395883635
0,1998-05-28,1059.873369049817,5.6173018499539635,0.005391913000494242,-0.038397920130475605
0,1998-05-29,1064.029730019795,5.627937419640014,0.003921563737094402,0.010635569686050061
0,1998-06-01,1060.850746180642,5.573272490971461,-0.0029876832850277424,-0.05466492866855255
0,1998-06-02,1063.9738374950105,5.598926921064234,0.0029439497739076614,0.02565443009277324
0,1998-06-03,1058.4950622903166,5.504707010210535,-0.005149351432919502,-0.09421991085369896
0,1998-06-04,1062.3246617700415,5.499329043054648,0.003617966314777732,-0.00537796715588712
0,1998-06-05,1061.2953192124492,5.520958669601905,-0.0009689528960734606,0.021629626547256642
0,1998-06-08,1076.9225504443389,5.529345464179169,0.014724677428603172,0.008386794577264212
0,1998-06-09,1070.149155497879,5.534155248448502,-0.006289584096521139,0.004809784269332873
0,1998-06-10,1078.727798567897,5.463354228691992,0.008016305975615978,-0.07080101975650965
0,1998-06-11,1093.9484919486652,5.43604246665946,0.014109855517745018,-0.027311762032532272
0,1998-06-12,1090.5436592082285,5.452549507822499,-0.003112425096333027,0.016507041163039027
0,1998-06-15,1117.4873524666775,5.6260098702985974,0.024706661701202393,0.17346036247609842
0,1998-06-16,1123.0815523607985,5.652093552761878,0.00500605208799243,0.02608368246328041
0,1998-06-17,1130.7028752773733,5.661921562095252,0.006786081474274397,0.0098280093333738
0,1998-06-18,1121.9543264777094,5.747648403761922,-0.007737265899777412,0.08572684166667077
0,1998-06-19,1126.8124910093775,5.714839662543086,0.004330091178417206,-0.0328087412188367
0,1998-06-22,1128.6278467167542,5.713432836135281,0.0016110539436340332,-0.001406826407804651
0,1998-06-23,1122.3585590321327,5.749937835840499,-0.00555478734895587,0.03650499970521803
0,1998-06-24,1107.348889470133,5.94189490665188,-0.013373328372836113,0.19195707081138114
0,1998-06-25,1084.5432874956225,5.998748182381828,-0.020594775676727295,0.05685327572994758
0,1998-06-26,1105.339789386096,6.22803190622642,0.01917535439133644,0.22928372384459195
0,1998-06-29,1100.688596342937,6.176234199402769,-0.004207930527627468,-0.05179770682365081
0,1998-06-30,1076.6004280633363,6.0982582193836175,-0.021884635090827942,-0.07797598001915151
0,1998-07-01,1098.0163679575035,5.937866934491046,0.019892189651727676,-0.16039128489257148
0,1998-07-02,1105.1436636007918,5.7730328770688795,0.00649106502532959,-0.1648340574221665
0,1998-07-06,1116.5612076686236,5.734319861067926,0.010331275872886181,-0.03871301600095389
0,1998-07-07,1125.8014768801133,5.774952826598946,0.008275649510324001,0.04063296553102003
0,1998-07-08,1129.227508470608,5.793272384888614,0.003043193370103836,0.01831955828966869
0,1998-07-09,1119.040056160183,5.686814141731858,-0.009021611884236336,-0.106458243156756
0,1998-07-10,1111.4830432156416,5.656493460127602,-0.0067531210370361805,-0.030320681604256272
0,1998-07-13,1111.9370337977186,5.6379705264689495,0.0004084547981619835,-0.01852293365865254
0,1998-07-14,1108.3371292680497,5.599187589278016,-0.003237507538869977,-0.038782937190933175
0,1998-07-15,1100.4299824404525,5.560919918781317,-0.007134243380278349,-0.038267670496699324
0,1998-07-16,1086.0874043214978,5.479203139971372,-0.013033612631261349,-0.08171677880994466
0,1998-07-17,1085.4480870626198,5.448699826270348,-0.000588642549701035,-0.03050331370102466
0,1998-07-20,1110.6868442094462,5.43885279537718,0.02325192466378212,-0.00984703089316774
0,1998-07-21,1110.9170225573387,5.415589225226335,0.00020723964553326368,-0.023263570150844792
0,1998-07-22,1105.070639476206,5.2978030176174205,-0.005262664053589106,-0.11778620760891467
0,1998-07-23,1105.6575484412433,5.260612256278737,0.0005311053828336298,-0.03719076133868349
0,1998-07-24,1087.2741400737216,5.210909854590084,-0.016626674681901932,-0.04970240168865292
0,1998-07-27,1084.7389883370836,5.215047357526135,-0.0023316582664847374,0.004137502936051085
0,1998-07-28,1075.5835922523672,5.3227178622832545,-0.008440183475613594,0.10767050475711937
0,1998-07-29,1052.7297185771404,5.3546415905716165,-0.021247882395982742,0.031923728288361986
0,1998-07-30,1046.9592676951227,5.381774337081558,-0.005481417290866375,0.027132746509941796
0,1998-07-31,1040.3655050712755,5.37865542937449,-0.006298012565821409,-0.0031189077070683524
0,1998-08-03,1055.3392163565834,5.345703908399665,0.014392741024494171,-0.03295152097482479
0,1998-08-04,1061.4854879875622,5.340883929790198,0.005823977291584015,-0.004819978609466702
0,1998-08-05,1046.6204763574829,5.249044333465843,-0.01400397066026926,-0.09183959632435545
0,1998-08-06,1034.364709227291,5.265122765230165,-0.011709848418831825,0.016078431764322332
0,1998-08-07,1055.4988133732404,5.283596681008309,0.020431965589523315,0.01847391577814328
0,1998-08-10,1031.9923656738379,5.296783354486188,-0.022270463407039642,0.013186673477879829
0,1998-08-11,1052.8100692946948,5.357118414105368,0.020172342658042908,0.06033505961917918
0,1998-08-12,1056.8160965296534,5.41897357972323,0.0038050806615501642,0.061855165617862085
0,1998-08-13,1033.330770201962,5.369952844143366,-0.022222718223929405,-0.049020735579863306
0,1998-08-14,1040.933058203769,5.2945001211286895,0.007357071153819561,-0.07545272301467687
0,1998-08-17,1042.942362713351,5.287728795958988,0.0019302917644381523,-0.00677132516970147
0,1998-08-18,1026.7238449004321,5.31473535431978,-0.015550732612609863,0.027006558360792354
0,1998-08-19,1011.3079817504533,5.303282994872916,-0.015014614909887314,-0.011452359446864513
0,1998-08-20,1009.8126105892035,5.302890188929937,-0.0014786506071686745,-0.0003928059429787467
0,1998-08-21,991.3576529842126,5.298034614981696,-0.018275626003742218,-0.004855573948240988
0,1998-08-24,985.2754735160644,5.283545597877953,-0.006135202012956142,-0.014489017103743507
0,1998-08-25,1007.2465341916126,5.250437621278124,0.02229940891265869,-0.03310797659982878
0,1998-08-26,1013.6826817095499,5.230890595139193,0.006389843299984932,-0.019547026138931223
0,1998-08-27,1018.5183582973393,5.2103330038673485,0.004770404659211636,-0.02055759127184409
0,1998-08-28,998.7518829524166,5.299305701929168,-0.019407087936997414,0.08897269806181907
0,1998-08-31,991.9667272380169,5.286677304961439,-0.006793634966015816,-0.012628396967728328
0,1998-09-01,1006.268639645315,5.257827322039576,0.014417733997106552,-0.028849982921863138
0,1998-09-02,1018.3540438027075,5.2088820264293165,0.012010117061436176,-0.04894529561025962
0,1998-09-03,1044.8682870337911,5.22397824777166,0.026036370545625687,0.015096221342343341
0,1998-09-04,1045.5113878045297,5.203372260564541,0.0006154850125312805,-0.02060598720711848
0,1998-09-08,1041.600532977296,5.265231223469796,-0.003740614280104637,0.061858962905255055
0,1998-09-09,1034.6426427598897,5.310726515260335,-0.0066799987107515335,0.04549529179053824
0,1998-09-10,1041.4093496717483,5.2964757235303,0.006540139205753803,-0.014250791730034962
0,1998-09-11,1056.8050623708316,5.22523239802974,0.014783536083996296,-0.07124332550055978
0,1998-09-14,1051.926589146305,5.265905393673207,-0.004616247024387121,0.04067299564346705
0,1998-09-15,1065.2936110024648,5.304709297379549,0.0127071812748909,0.038803903706342346
0,1998-09-16,1044.939086685375,5.310607497970196,-0.01910696178674698,0.005898200590646496
0,1998-09-17,1058.7368448009722,5.309737789096583,0.013204365968704224,-0.0008697088736129288
0,1998-09-18,1072.9639783308712,5.319243599518376,0.013437837362289429,0.009505810421793548
0,1998-09-21,1064.4749204767886,5.334702155808129,-0.007911782711744308,0.015458556289752678
0,1998-09-22,1053.4273671674655,5.325512784310953,-0.010378406383097172,-0.009189371497176246
0,1998-09-23,1057.9163832840122,5.342326172598376,0.004261343739926815,0.016813388287423514
0,1998-09-24,1053.8886829185265,5.290981429204062,-0.00380720105022192,-0.051344743394314385
0,1998-09-25,1041.4409481810126,5.275527438328515,-0.011811242438852787,-0.015453990875546886
0,1998-09-28,1044.5669034238072,5.241027340945745,0.00300156744197011,-0.03450009738276982
0,1998-09-29,1069.0444340800889,5.264103042889823,0.02343318611383438,0.023075701944077487
0,1998-09-30,1059.6496737333023,5.2064442228971535,-0.008787997998297215,-0.05765881999266931
0,1998-10-01,1058.1392780491465,5.1776565525950335,-0.0014253726694732904,-0.028787670302119928
0,1998-10-02,1038.545067905167,5.199011157729229,-0.01851760968565941,0.021354605134195737
0,1998-10-05,1018.8355850790571,5.238521389088684,-0.018977975472807884,0.039510231359455084
0,1998-10-06,1024.9739698582457,5.293171947922859,0.00602490222081542,0.05465055883417502
0,1998-10-07,1017.8177031826351,5.308790391787787,-0.00698190089315176,0.015618443864927833
0,1998-10-08,1007.4315221941833,5.318956520748894,-0.01020436268299818,0.01016612896110658
0,1998-10-09,1014.6795712656693,5.334367084118777,0.007194582372903824,0.015410563369883334
0,1998-10-14,1000.5589437496712,5.312992490854574,-0.013916341587901115,-0.02137459326420288
0,1998-10-15,997.4456968482689,5.315776999510748,-0.0031115077435970306,0.0027845086561733012
0,1998-10-16,995.4516490729305,5.327601945755244,-0.001999154221266508,0.011824946244496815
0,1998-10-19,989.089217417878,5.336561398952548,-0.006391502451151609,0.008959453197303624
0,1998-10-20,981.1205565822912,5.230015887909537,-0.008056564256548882,-0.10654551104301113
0,1998-10-21,986.079008590509,5.236942419144014,0.005053866188973188,0.00692653123447684
0,1998-10-22,970.7169570705006,5.213004670620476,-0.015578925609588623,-0.023937748523537472
0,1998-10-23,959.2916368095126,4.926151310313833,-0.011769981123507023,-0.286853360306643
0,1998-10-26,976.3555811589517,4.983753675753846,0.01778806746006012,0.057602365440012626
0,1998-10-27,972.8154800450866,4.994952181916732,-0.003625831799581647,0.01119850616288609
0,1998-10-28,963.7087941678019,5.035832096261488,-0.009361164644360542,0.0408799143447558
0,1998-10-29,968.3013159699104,5.173286432815778,0.004765466321259737,0.13745433655429018
0,1998-10-30,965.7873796497221,5.253270755148279,-0.002596233505755663,0.07998432233250075
0,1998-11-02,969.2488549847961,5.241033636210006,0.003584096673876047,-0.012237118938272395
0,1998-11-03,986.7942713281851,5.195740407294897,0.018102075904607773,-0.04529322891510912
0,1998-11-04,988.4885137257468,5.336505722585012,0.0017169155180454254,0.14076531529011493
0,1998-11-05,1000.033116405678,5.484852046929591,0.011679045855998993,0.14834632434457884
0,1998-11-06,1000.3954919915941,5.526737544760944,0.00036236358573660254,0.04188549783135276
0,1998-11-09,997.3058780069479,5.441741431894541,-0.003088392550125718,-0.08499611286640274
0,1998-11-10,1016.7724524378268,5.489906806047054,0.01951916143298149,0.04816537415251343
0,1998-11-13,1035.0310710230037,5.5253125144805955,0.017957428470253944,0.03540570843354107
0,1998-11-16,1047.7891226098202,5.526824962288077,0.012326249852776527,0.0015124478074817205
0,1998-11-17,1061.6512923604087,5.488918280009486,0.013229923322796822,-0.0379066822785914
0,1998-11-18,1068.4351845417182,5.383334811400047,0.00638994388282299,-0.10558346860943857
0,1998-11-19,1076.0297930978231,5.422169383131843,0.0071081602945923805,0.03883457173179572
0,1998-11-20,1073.5725908327788,5.359335207008037,-0.0022835819981992245,-0.06283417612380582
0,1998-11-23,1059.4652026581655,5.2775362054026935,-0.013140600174665451,-0.08179900160534359
0,1998-11-24,1050.737172563627,5.2445650902754695,-0.008238147012889385,-0.03297111512722406
0,1998-11-25,1041.0387540023196,5.226973731591982,-0.009230108931660652,-0.017591358683487712
0,1998-11-27,1042.709058986365,5.156916126173599,0.001604459946975112,-0.07005760541838235
0,1998-11-30,1046.1061921241499,5.15998386762652,0.003257987555116415,0.003067741452920991
0,1998-12-01,1052.1493649050635,5.042311917496941,0.005776825360953808,-0.1176719501295791
0,1998-12-02,1063.5185007987018,5.007145569941954,0.010805629193782806,-0.03516634755498771
0,1998-12-03,1071.9817844820113,4.981110254012169,0.007957815192639828,-0.026035315929784808
0,1998-12-04,1089.8697150792827,4.959177406126204,0.016686785966157913,-0.021932847885964613
0,1998-12-07,1083.8751972091452,4.905433546262751,-0.005500215105712414,-0.0537438598634532
0,1998-12-08,1099.165737631451,4.829779634670103,0.014107288792729378,-0.07565391159264756
0,1998-12-09,1075.7612821009602,4.874663417160245,-0.021292926743626595,0.04488378249014158
0,1998-12-10,1082.5376063626688,4.962127255731827,0.006299096625298262,0.08746383857158158
0,1998-12-11,1087.7959733929213,4.919453375028856,0.004857445135712624,-0.042673880702970735
0,1998-12-14,1069.9569845197068,4.85074366149675,-0.01639920473098755,-0.06870971353210553
0,1998-12-15,1066.7169043993104,4.834087177809065,-0.003028234001249075,-0.016656483687685686
0,1998-12-16,1078.2423201748582,4.856062257134626,0.01080456841737032,0.02197507932556153
0,1998-12-17,1100.3192494909863,4.9878288781589815,0.02047492377460003,0.13176662102435532
0,1998-12-18,1108.6001717529934,5.035551849257434,0.007525926921516657,0.04772297109845258
0,1998-12-21,1117.6064079774376,5.0772173114562635,0.0081239715218544,0.041665462198829495
0,1998-12-22,1110.336678647149,4.9971029269047,-0.006504731252789497,-0.08011438455156394
0,1998-12-23,1105.5780966810296,5.032535035343832,-0.004285710863769054,0.03543210843913247
0,1998-12-24,1085.3046331862133,5.025128230872599,-0.018337432295084,-0.007406804471233208
0,1998-12-28,1091.592420620731,5.017128975464951,0.005793569143861532,-0.007999255407647787
0,1998-12-29,1106.0560850871411,5.056541292962254,0.013250059448182583,0.039412317497302674
0,1998-12-30,1104.3425848890513,5.030385486968473,-0.001549198292195797,-0.026155805993780312
0,1998-12-31,1107.9158954741008,5.042304787902572,0.0032356902956962585,0.011919300934098764
0,1999-01-04,1105.509342981268,5.020055456897185,-0.0021721436642110348,-0.022249331005387063
0,1999-01-05,1113.5772494403677,5.07462275332926,0.007297908887267113,0.05456729643207492
0,1999-01-06,1117.4903544298672,5.084894428404755,0.0035139950923621655,0.010271675075494535
0,1999-01-07,1128.2520417697554,5.108462880855792,0.009630228392779827,0.023568452451037558
0,1999-01-08,1144.8137457119535,5.1306113804887845,0.014679081737995148,0.02214849963299237
0,1999-01-11,1130.279316417496,5.033166783683301,-0.012695889919996262,-0.09744459680548356
0,1999-01-12,1143.3149936129598,5.044050989066453,0.011533146724104881,0.010884205383152157
0,1999-01-13,1146.487407821965,4.852151697278019,0.0027747508138418198,-0.19189929178843368
0,1999-01-14,1126.8308957068675,4.843243797744161,-0.017144987359642982,-0.008907899533858732
0,1999-01-15,1138.0448967836264,4.794443498966924,0.009951804764568806,-0.048800298777236684
0,1999-01-19,1133.6338170739941,4.76710382675685,-0.003876015543937683,-0.02733967221007383
0,1999-01-20,1147.6749883948041,4.797867667224248,0.012385984882712364,0.030763840467398218
0,1999-01-21,1159.9399249863793,4.823232207509574,0.010686768218874931,0.025364540285325532
0,1999-01-22,1138.2045172771689,4.861787316333604,-0.018738390877842903,0.03855510882403035
0,1999-01-25,1143.5349336589431,4.854835990264359,0.004683179780840874,-0.006951326069245312
0,1999-01-26,1138.5390154072143,4.652036108854551,-0.004368837457150221,-0.20279988140980798
0,1999-01-27,1124.4670304550486,4.603187056236688,-0.012359686195850372,-0.048849052617862654
0,1999-01-28,1117.716761844209,4.465299194123593,-0.006003082729876041,-0.13788786211309567
0,1999-01-29,1111.772025866726,4.456072409034089,-0.005318642593920231,-0.009226785089503586
0,1999-02-01,1126.1941873603562,4.44899536281014,0.012972229160368443,-0.007077046223948891
0,1999-02-02,1106.574230133252,4.381016689697345,-0.01742146909236908,-0.06797867311279493
0,1999-02-03,1088.878454905611,4.270440501351993,-0.015991494059562683,-0.11057618834535266
0,1999-02-04,1097.9809153069552,4.212824536181896,0.008359482511878014,-0.05761596517009693
0,1999-02-05,1085.5078593904525,4.160607348549943,-0.011359993368387222,-0.05221718763195238
0,1999-02-08,1098.7498176068852,4.3471432466702735,0.012198859825730324,0.18653589812033022
0,1999-02-09,1096.3534927772214,4.463856980364761,-0.0021809558384120464,0.11671373369448723
0,1999-02-10,1118.2310816352651,4.412144685774286,0.019954867660999298,-0.05171229459047488
0,1999-02-11,1104.628460055732,4.327407929398815,-0.012164410203695297,-0.08473675637547107
0,1999-02-12,1114.1152790289175,4.421753489686889,0.008588244207203388,0.09434556028807428
0,1999-02-16,1138.5129614311093,4.441032301117222,0.021898705512285233,0.01927881143033261
0,1999-02-17,1137.9553656247851,4.367275123611467,-0.0004897579783573747,-0.07375717750575461
0,1999-02-18,1126.3002558888286,4.329480544818054,-0.010242150165140629,-0.03779457879341308
0,1999-02-19,1153.0087636396484,4.335937729778724,0.02371348813176155,0.006457184960670048
0,1999-02-22,1156.8266159999337,4.339733220031881,0.003311208449304104,0.0037954902531565082
0,1999-02-23,1154.3711324802218,4.353886648998259,-0.002122602891176939,0.014153428966378279
0,1999-02-24,1130.6881782426224,4.325827573610322,-0.020515892654657364,-0.028059075387936616
0,1999-02-25,1127.0775469618393,4.326277388548142,-0.0031933041755110025,0.0004498149378200367
0,1999-02-26,1125.476866326602,4.3347847822728,-0.0014202045276761055,0.00850739372465803
0,1999-03-01,1091.6585273087342,4.242354382496508,-0.030048009008169174,-0.0924303997762923
0,1999-03-02,1081.5964660394939,4.284166221354089,-0.009217224083840847,0.041811838857580774
0,1999-03-03,1089.4001223300206,4.2623619885289825,0.00721494248136878,-0.02180423282510624
0,1999-03-04,1079.30350439315,4.201344205825032,-0.009268052875995636,-0.061017782703950196
0,1999-03-05,1087.871445225928,4.242439425170642,0.00793839804828167,0.04109521934560956
0,1999-03-08,1090.9641948441713,4.237225911859206,0.0028429366648197174,-0.0052135133114354915
0,1999-03-09,1069.5180966774956,4.187085159218295,-0.019657930359244347,-0.050140752640911224
0,1999-03-10,1060.1832746384714,4.125422571809419,-0.00872806366533041,-0.06166258740887631
0,1999-03-11,1068.134074863356,4.09049805533159,0.007499458268284798,-0.03492451647782868
0,1999-03-12,1067.0787956240615,3.94722708436258,-0.0009879651479423046,-0.14327097096901031
0,1999-03-15,1059.140660242736,3.857942023842598,-0.007439127657562494,-0.08928506051998175
0,1999-03-16,1047.7436803993871,3.8357595986140693,-0.010760591365396976,-0.022182425228528757
0,1999-03-17,1045.2814942514685,3.806928260705218,-0.0023499890230596066,-0.028831337908851395
0,1999-03-18,1028.2887334728757,3.7690550763532964,-0.016256636008620262,-0.03787318435192155
0,1999-03-19,1045.1998109746814,3.840637030823452,0.016445845365524292,0.07158195447015547
0,1999-03-22,1055.3304095301567,3.8315138167408547,0.009692499414086342,-0.009123214082597197
0,1999-03-23,1049.8024523995925,3.8552577672072292,-0.0052381292916834354,0.023743950466374564
0,1999-03-24,1065.7409683927556,3.869980045437922,0.015182395465672016,0.01472227823069261
0,1999-03-25,1057.0688368360024,3.8913228766250882,-0.008137185126543045,0.0213428311871664
0,1999-03-26,1055.6785087706612,3.8862655258539776,-0.0013152672909200191,-0.005057350771110691
0,1999-03-29,1055.9864438107895,3.9549016314982786,0.00029169395565986633,0.068636105644301
0,1999-03-30,1053.8919000179699,3.96435290869758,-0.0019834949634969234,0.009451277199301611
0,1999-03-31,1048.6487393034959,3.9568635225673923,-0.004975046031177044,-0.007489386130187903
0,1999-04-01,1061.1790723346494,4.006342122921463,0.011949027888476849,0.049478600354071034
0,1999-04-05,1050.8336712023422,3.9395475249490035,-0.009748968295753002,-0.06679459797245979
0,1999-04-06,1037.6925807095388,3.868997393205485,-0.012505395337939262,-0.07055013174351865
0,1999-04-07,1030.8303589895788,3.937729740748979,-0.006612962111830711,0.06873234754349422
0,1999-04-08,1041.3156554693542,3.9438166679468885,0.010171699337661266,0.006086927197909375
0,1999-04-09,1055.6366356607898,4.016786965196424,0.013752775266766548,0.07297029724953541
0,1999-04-12,1054.6774262785573,3.9718477238617433,-0.0009086548816412687,-0.044939241334680524
0,1999-04-13,1044.4658452867707,4.03075034497666,-0.0096821840852499,0.05890262111491662
0,1999-04-14,1051.333514151573,4.088024733137582,0.006575292907655239,0.057274388160921674
0,1999-04-15,1048.7428380339534,4.02534470136821,-0.0024641810450702906,-0.06268003176937142
0,1999-04-16,1047.0977755498525,4.044986937076985,-0.0015686042606830597,0.019642235708774436
0,1999-04-19,1056.2183664903912,4.088951281903458,0.008710352703928947,0.043964344826473045
0,1999-04-20,1057.5290148478712,4.2427663360165715,0.0012408876791596413,0.1538150541131138
0,1999-04-21,1046.7477339508011,4.389751775161808,-0.010194784961640835,0.14698543914523654
0,1999-04-22,1034.7164930225504,4.293043625370743,-0.0114939259365201,-0.09670814979106535
0,1999-04-23,1038.0101804239825,4.153842503427289,0.0031831786036491394,-0.13920112194345347
0,1999-04-26,1055.1372477690522,4.202716752240359,0.016499903053045273,0.04887424881306934
0,1999-04-27,1060.0627848493664,4.199906708049502,0.00466814823448658,-0.002810044190856509
0,1999-04-28,1057.6336029868557,4.175653369087366,-0.002291545271873474,-0.02425333896213644
0,1999-04-29,1049.2568535341654,4.027044569368244,-0.007920275442302227,-0.14860879971912144
0,1999-04-30,1031.715158382626,3.9027063834804316,-0.01671820878982544,-0.12433818588781254
0,1999-05-03,1020.4778705641434,3.8732706565757957,-0.010891851037740707,-0.029435726904635917
0,1999-05-04,1021.8413733860658,4.149508211309258,0.0013361414894461632,0.27623755473346234
0,1999-05-05,1043.7875508237505,4.162859934943989,0.02147708833217621,0.013351723634730917
0,1999-05-06,1049.6655897872906,4.16609324193915,0.005631451494991779,0.0032333069951606674
0,1999-05-07,1050.7735120663665,4.130767737144723,0.0010555002372711897,-0.035325504794426976
0,1999-05-10,1055.9343436321367,4.132663487419955,0.004911459516733885,0.0018957502752323663
0,1999-05-11,1062.9567902385538,4.162254508377662,0.006650457624346018,0.029591020957706604
0,1999-05-12,1053.4946436187233,4.103312834684049,-0.008901722729206085,-0.058941673693612806
0,1999-05-13,1060.0212066890795,4.239314975651665,0.0061951554380357265,0.13600214096761576
0,1999-05-14,1072.2863402390717,4.2514832712968635,0.011570649221539497,0.012168295645198945
0,1999-05-17,1059.0927527506485,4.3875686793915785,-0.012304164469242096,0.13608540809471492
0,1999-05-18,1065.2056390373816,4.376229937326588,0.005771813914179802,-0.011338742064990193
0,1999-05-19,1065.2362100519765,4.370280094498213,2.8699636459350586e-05,-0.005949842828375296
0,1999-05-20,1060.0001207641285,4.306218800395806,-0.004915425553917885,-0.06406129410240702
0,1999-05-21,1049.2943213506214,4.2952224382181985,-0.010099809616804123,-0.010996362177607466
0,1999-05-24,1068.6571313465179,4.255038956005589,0.018453173339366913,-0.040183482212609256
0,1999-05-25,1058.6301787933978,4.258298354366881,-0.009382759220898151,0.00325939836129141
0,1999-05-26,1056.515648364849,4.153142384093071,-0.0019974212627857924,-0.10515597027380963
0,1999-05-27,1042.2210279295427,4.181111951644523,-0.013529965654015541,0.027969567551451746
0,1999-05-28,1047.6120117227842,4.253173183741614,0.005172591656446457,0.07206123209709148
0,1999-06-01,1053.4851581708813,4.25219701522014,0.005606222897768021,-0.0009761685214746407
0,1999-06-02,1054.8620210210654,4.161960973476173,0.001306959893554449,-0.09023604174396649
0,1999-06-03,1046.5442878824865,4.177671840363669,-0.007885138504207134,0.015710866887495456
0,1999-06-04,1057.0383429493231,4.256237465900033,0.010027339681982994,0.07856562553636426
0,1999-06-07,1063.1350867739015,4.178272685141202,0.005767760332673788,-0.07796478075883062
0,1999-06-08,1059.2632492584987,4.195161397784523,-0.0036419054958969355,0.016888712643321036
0,1999-06-09,1041.5954975074005,4.278952276056679,-0.01667928323149681,0.08379087827215592
0,1999-06-10,1043.7599113573904,4.355956136817057,0.0020779792685061693,0.07700386076037802
0,1999-06-11,1064.0556305882885,4.388542526908933,0.019444815814495087,0.03258639009187547
0,1999-06-14,1055.34704165095,4.453910660239937,-0.008184336125850677,0.06536813333100433
0,1999-06-15,1069.3235156052467,4.458148591323596,0.013243486173450947,0.004237931083658886
0,1999-06-16,1067.7943937417763,4.473669198340734,-0.0014299899339675903,0.01552060701713831
0,1999-06-17,1065.274044650697,4.369947286621993,-0.0023603318259119987,-0.10372191171874157
0,1999-06-18,1060.9061933560902,4.335867346147965,-0.004100213758647442,-0.03407994047402774
0,1999-06-21,1061.5760659897182,4.366080564292563,0.0006314155180007219,0.03021321814459821
0,1999-06-22,1072.9236753570433,4.434294761850993,0.010689398273825645,0.06821419755843028
0,1999-06-23,1074.9873565898179,4.431918055865032,0.0019234184874221683,-0.0023767059859611805
0,1999-06-24,1078.1673405737915,4.424008645156849,0.002958159428089857,-0.00790941070818274
0,1999-06-25,1073.9138172823486,4.369013507138347,-0.003945142030715942,-0.05499513801850231
0,1999-06-28,1072.1927776482605,4.358746856176469,-0.0016025863587856293,-0.010266650961877843
0,1999-06-29,1062.1699700606,4.346516985504938,-0.009347952902317047,-0.012229870671530918
0,1999-06-30,1039.32321100634,4.312277580237344,-0.02150951325893402,-0.03423940526759406
0,1999-07-01,1052.783175818629,4.325861669093404,0.012950701639056206,0.013584088856060106
0,1999-07-02,1074.5690264013595,4.357499430145848,0.020693577826023102,0.0316377610524432
0,1999-07-06,1083.9488289660837,4.383721290650308,0.00872889719903469,0.02622186050446018
0,1999-07-07,1099.2275187600605,4.396629409806077,0.014095397666096687,0.012908119155769171
0,1999-07-08,1088.4908142428035,4.327562056591105,-0.009767499752342701,-0.06906735321497237
0,1999-07-09,1087.1095615959443,4.349540849775711,-0.0012689612340182066,0.021978793184606715
0,1999-07-12,1062.798105656328,4.298125424022831,-0.022363390773534775,-0.051415425752880495
0,1999-07-13,1064.9703983818445,4.32295137692787,0.0020439373329281807,0.024825952905039195
0,1999-07-14,1084.1521912028506,4.34392878206281,0.01801157370209694,0.020977405134940064
0,1999-07-15,1085.4710927061046,4.364399704866636,0.0012165280058979988,0.020470922803825786
0,1999-07-16,1088.277161224458,4.414190987596902,0.0025851158425211906,0.049791282730265785
0,1999-07-19,1088.8254158683746,4.444477928693792,0.0005037821829319,0.030286941096890452
0,1999-07-20,1083.7299479137905,4.441935024273299,-0.004679784178733826,-0.0025429044204932083
0,1999-07-21,1078.9655511728215,4.397152972841368,-0.004396295174956322,-0.04478205143193126
0,1999-07-22,1073.0073218725258,4.374184051118032,-0.00552216824144125,-0.022968921723335534
0,1999-07-23,1083.4315142348548,4.3793586545833865,0.00971493124961853,0.005174603465354366
0,1999-07-26,1092.5756853017042,4.329990653664815,0.008440008386969566,-0.0493680009185713
0,1999-07-27,1088.561645378532,4.295689195836308,-0.0036739239003509283,-0.0343014578285068
0,1999-07-28,1079.10740713593,4.272583964639136,-0.00868507381528616,-0.02310523119717267
0,1999-07-29,1083.824580061111,4.293548798518791,0.004371365532279015,0.02096483387965531
0,1999-07-30,1077.135826986272,4.301925426172542,-0.006171435117721558,0.008376627653751356
0,1999-08-02,1087.1066405383797,4.263997577865655,0.009256783872842789,-0.03792784830688767
0,1999-08-03,1078.3063625071647,4.233366041463263,-0.008095137774944305,-0.030631536402391468
0,1999-08-04,1077.4373354862448,4.247736364974049,-0.0008059184765443206,0.01437032351078571
0,1999-08-05,1084.4356861888775,4.330262293558119,0.006495366804301739,0.08252592858407048
0,1999-08-06,1074.277027388521,4.327107345754947,-0.009367691352963448,-0.00315494780317227
0,1999-08-09,1078.3351976635631,4.339823644678962,0.0037775826640427113,0.012716298924014602
0,1999-08-10,1080.1129696712153,4.338351765647683,0.001648626523092389,-0.0014718790312784336
0,1999-08-11,1081.0964377480996,4.305398304552267,0.000910523347556591,-0.03295346109541608
0,1999-08-12,1081.3981965896846,4.320881069685344,0.0002791229635477066,0.015482765133076448
0,1999-08-13,1072.8231365831398,4.357243072339482,-0.00792960450053215,0.03636200265413869
0,1999-08-16,1073.5226455747043,4.394950332843403,0.0006520263850688934,0.037707260503920814
0,1999-08-17,1077.9161790579954,4.3594414844877445,0.0040926323272287846,-0.035508848355658706
0,1999-08-18,1068.538676595256,4.2739491142647745,-0.008699658326804638,-0.08549237022296996
0,1999-08-19,1057.0661071803054,4.2143596912397525,-0.01073669083416462,-0.059589423025022015
0,1999-08-20,1065.334490529946,4.233608458281271,0.007822011597454548,0.019248767041518455
0,1999-08-23,1057.4084303664745,4.233843388487943,-0.007439973298460245,0.00023493020667242348
0,1999-08-24,1065.1114024300496,4.244165204515059,0.0072847651317715645,0.01032181602711546
0,1999-08-25,1082.106305540378,4.246062610939205,0.015955986455082893,0.001897406424146375
0,1999-08-26,1073.8119703640068,4.305942813316658,-0.0076649910770356655,0.05988020237745317
0,1999-08-27,1080.1289480182015,4.2732150209452024,0.00588275957852602,-0.032727792371455955
0,1999-08-30,1075.83380455627,4.294073894679886,-0.003976509906351566,0.020858873734683314
0,1999-08-31,1077.468142309031,4.2626798547620535,0.0015191358979791403,-0.031394039917832295
0,1999-09-01,1070.7083552458573,4.177822080189352,-0.006273769773542881,-0.0848577745727015
0,1999-09-02,1051.8393458279356,4.164508688381002,-0.017622921615839005,-0.013313391808350339
0,1999-09-03,1054.0655561424092,4.097712263630649,0.0021164927165955305,-0.0667964247503523
0,1999-09-07,1036.6086368867589,4.061005335767958,-0.016561511904001236,-0.03670692786269125
0,1999-09-08,1046.137208308436,4.072245011792667,0.00919206254184246,0.011239676024708878
0,1999-09-09,1054.0980457215953,4.032038532205076,0.007609745021909475,-0.04020647958759138
0,1999-09-10,1048.796210742082,3.9628795924684064,-0.005029736086726189,-0.0691589397366692
0,1999-09-13,1042.813816463672,3.96424404459396,-0.005704057868570089,0.0013644521255535835
0,1999-09-14,1045.4904837608372,3.9310522767575495,0.002566773910075426,-0.033191767836410424
0,1999-09-15,1033.688866159683,3.8176906104366513,-0.011288115754723549,-0.11336166632089828
0,1999-09-16,1031.8587562671332,3.7888248144984176,-0.0017704649362713099,-0.028865795938233685
0,1999-09-17,1019.7506196050773,3.7663773580353506,-0.011734296567738056,-0.022447456463067006
0,1999-09-20,1014.7881908659784,3.7328180233304717,-0.004866315983235836,-0.03355933470487882
0,1999-09-21,1009.4712542481496,3.739316818887823,-0.005239454563707113,0.006498795557351222
0,1999-09-22,1006.5614480061824,3.795942221183153,-0.002882505301386118,0.05662540229532986
0,1999-09-23,1017.7362400213053,3.800938727452053,0.011101947166025639,0.004996506268900358
0,1999-09-24,986.863448359432,3.7356165500555427,-0.03033476695418358,-0.06532217739651047
0,1999-09-27,994.8812770163456,3.7244497144045403,0.008124557323753834,-0.011166835651002405
0,1999-09-28,989.3663799424885,3.7432722597339563,-0.005543271545320749,0.018822545329415963
0,1999-09-29,994.8003918857812,3.774884772515594,0.005492416210472584,0.03161251278163757
0,1999-09-30,1005.6480966647655,3.8208624884036397,0.010904403403401375,0.04597771588804589
0,1999-10-01,1015.7332246639583,3.825380922767641,0.010028486140072346,0.004518434364001234
0,1999-10-04,1013.5656150110242,3.7940834109682893,-0.0021340344101190567,-0.031297511799351696
0,1999-10-05,1004.9205315941463,3.7623726743995594,-0.008529377169907093,-0.031710736568729914
0,1999-10-06,1005.6654692386978,3.7839051885226422,0.0007412901031784713,0.02153251412308288
0,1999-10-07,1018.431142520889,3.847720832865903,0.012693757191300392,0.06381564434326092
0,1999-10-08,1027.3178947463407,3.888280354687638,0.008725923486053944,0.04055952182173472
0,1999-10-13,1023.5659787611013,3.882843721656031,-0.0036521470174193382,-0.005436633031606686
0,1999-10-14,1041.5032085256948,3.8779443612190447,0.017524253576993942,-0.004899360436986466
0,1999-10-15,1031.265414467291,3.9105287567360367,-0.009829824790358543,0.03258439551699199
0,1999-10-18,1022.9455041735641,3.868026782100067,-0.008067671209573746,-0.04250197463596983
0,1999-10-19,1018.5921255345867,3.8758535872642335,-0.004255728796124458,0.007826805164166561
0,1999-10-20,1012.6371439809286,3.774742416851785,-0.005846286658197641,-0.10111117041244855
0,1999-10-21,1001.6204082566178,3.742038584626523,-0.010879253037273884,-0.03270383222526174
0,1999-10-22,1008.6899199169861,3.8152117245013293,0.007058074697852135,0.07317313987480611
0,1999-10-25,1017.7250894754578,3.853846745158371,0.0089573310688138,0.03863502065704161
0,1999-10-26,1022.8149716321403,3.8795619706267135,0.005001234821975231,0.025715225468342595
0,1999-10-27,1022.71813329755,3.895465367711642,-9.467825293540955e-05,0.015903397084928717
0,1999-10-28,1020.6444246936856,3.89018271841285,-0.00202764431014657,-0.005282649298792297
0,1999-10-29,1015.6095661822704,3.8737008501363897,-0.004933019168674946,-0.016481868276460254
0,1999-11-01,1015.1300645246591,3.8738006813397905,-0.00047213188372552395,9.983120340084639e-05
0,1999-11-02,1015.1708557215572,3.875632296010395,4.0183222154155374e-05,0.0018316146706043313
0,1999-11-03,1025.8015297995082,3.898933762964988,0.010471807792782784,0.02330146695459323
0,1999-11-04,1018.1057533580946,3.9332378594629205,-0.00750220799818635,0.034304096497932424
0,1999-11-05,1038.554304503009,3.911002117993765,0.02008489891886711,-0.022235741469155634
0,1999-11-08,1040.3132144334431,3.8758168072983774,0.0016936138272285461,-0.03518531069538744
0,1999-11-09,1034.830073390717,3.858395724290889,-0.005270663648843765,-0.01742108300748857
0,1999-11-10,1023.0282445589348,3.873569472259725,-0.011404605582356453,0.015173747968836082
0,1999-11-15,1018.7487135667552,3.9114255477752065,-0.004183199256658554,0.037856075515481535
0,1999-11-16,1037.5640274412783,3.9395398069871805,0.01846904307603836,0.02811425921197408
0,1999-11-17,1033.8354596920478,3.9634477765662877,-0.0035935784690082073,0.023907969579107125
0,1999-11-18,1029.1472962325797,3.971487322520285,-0.004534728825092316,0.008039545953997251
0,1999-11-19,1010.7161461788651,3.932135513886259,-0.01790914684534073,-0.039351808634025875
0,1999-11-22,1009.4313669788515,3.989634696361319,-0.00127115729264915,0.05749918247505992
0,1999-11-23,992.4578300332463,3.968212816724865,-0.016814948990941048,-0.021421879636454033
0,1999-11-24,1005.5466659796247,3.9862551599602054,0.013188304379582405,0.018042343235340486
0,1999-11-26,997.2365627752904,3.9660422519865905,-0.008264264091849327,-0.020212907973614858
0,1999-11-29,992.4606316472086,4.0113332684640355,-0.004789165686815977,0.045291016477444934
0,1999-11-30,998.4660628962583,3.9731988300202734,0.006051052361726761,-0.038134438443762075
0,1999-12-01,993.2896201937184,3.9485346835164883,-0.0051843952387571335,-0.024664146503785123
0,1999-12-02,1012.9990711084209,3.983710445762559,0.01984260231256485,0.035175762246070885
0,1999-12-03,1017.4385097783342,4.016948592293435,0.0043824706226587296,0.033238146530875756
0,1999-12-06,1015.1342069709857,4.034149023221555,-0.0022648079320788383,0.017200430928119737
0,1999-12-07,1027.133547703106,4.107644372359125,0.011820447631180286,0.07349534913757072
0,1999-12-08,1028.136518366871,4.158718250849729,0.0009764754213392735,0.05107387849060352
0,1999-12-09,1002.391724548689,4.088067764411904,-0.025040248408913612,-0.07065048643782479
0,1999-12-10,1006.827593996436,4.097434259860101,0.004425285384058952,0.00936649544819712
0,1999-12-13,994.2246617340998,4.113713325162803,-0.012517468072474003,0.016279065302701845
0,1999-12-14,985.5339470024202,4.152159525994521,-0.008741198107600212,0.0384462008317179
0,1999-12-15,1000.980751431305,4.185034711560892,0.01567353866994381,0.032875185566370924
0,1999-12-16,990.1504226676975,4.16365895947555,-0.010819717310369015,-0.021375752085341482
0,1999-12-17,1011.876374153128,4.195314215724508,0.021942071616649628,0.03165525624895782
0,1999-12-20,1008.966350799347,4.17499785264906,-0.0028758684638887644,-0.02031636307544815
0,1999-12-21,992.8885321059652,4.140027715960032,-0.015934940427541733,-0.034970136689028486
0,1999-12-22,1006.5549000249564,3.97933296561286,0.013764251954853535,-0.1606947503471714
0,1999-12-23,989.0869246949484,3.8494255803739774,-0.017354220151901245,-0.1299073852388828
0,1999-12-27,996.1115937333522,3.864283435893472,0.0071021756157279015,0.014857855519494478
0,1999-12-28,982.8790946133163,3.8557821463172552,-0.013284153304994106,-0.008501289576216653
0,1999-12-29,980.7478912322161,3.831396785497312,-0.0021683271043002605,-0.024385360819943358
0,1999-12-30,969.4007540435481,3.8477913926900458,-0.011569881811738014,0.01639460719273389
0,1999-12-31,971.8901476401352,3.8263525032349905,0.0025679715909063816,-0.021438889455055232
0,2000-01-03,959.2735163041841,3.7579995836219697,-0.012981540523469448,-0.06835291961302081
0,2000-01-04,942.3488722979772,3.701673274406476,-0.017643189057707787,-0.05632630921549353
0,2000-01-05,926.8384157964622,3.6639153325665634,-0.016459356993436813,-0.03775794183991277
0,2000-01-06,921.7206918825369,3.641037003736656,-0.005521700251847506,-0.022878328829907257
0,2000-01-07,936.7303351153154,3.664418643631095,0.01628437265753746,0.023381639894438866
0,2000-01-10,940.0449670140547,3.703467105650528,0.0035385123919695616,0.03904846201943313
0,2000-01-11,973.5979579442774,3.7813626945169463,0.0356929637491703,0.07789558886641812
0,2000-01-12,959.885581111365,3.778051832374465,-0.014084229245781898,-0.00331086214248133
0,2000-01-13,938.7405733171627,3.7836134962549544,-0.02202867530286312,0.005561663880489398
0,2000-01-14,933.7897301784893,3.8050836690776197,-0.005273920483887196,0.02147017282266539
0,2000-01-18,935.7591168465581,3.7609282327557683,0.002109025837853551,-0.04415543632185148
0,2000-01-19,935.6559363629793,3.761603389968395,-0.00011026393622159958,0.0006751572126266758
0,2000-01-20,936.4239830657168,3.7246992332810933,0.0008208644576370716,-0.036904156687301626
0,2000-01-21,935.5477968500398,3.7381828496352276,-0.0009356725495308638,0.013483616354134309
0,2000-01-24,946.2456885331221,3.7608419780788633,0.011434895917773247,0.022659128443635712
0,2000-01-25,946.0963638779891,3.770100029526002,-0.00015780748799443245,0.009258051447138538
0,2000-01-26,950.0461411931757,3.7574732582767743,0.004174815025180578,-0.01262677124922762
0,2000-01-27,948.1170026252385,3.7804306031578028,-0.0020305735524743795,0.02295734488102852
0,2000-01-28,949.0157251603114,3.8315151625952786,0.0009479025611653924,0.05108455943747581
0,2000-01-31,960.8589182094116,3.89082017809719,0.012479448691010475,0.05930501550191147
0,2000-02-01,960.1966989321886,3.898436230666918,-0.0006891951197758317,0.007616052569727749
0,2000-02-02,968.2420603181934,3.966721279012633,0.008378867991268635,0.06828504834571536
0,2000-02-03,955.8644510182373,3.9287308051135708,-0.012783589772880077,-0.037990473899062405
0,2000-02-04,953.4152508194737,3.9920438713719175,-0.0025622881948947906,0.06331306625834676
0,2000-02-07,950.1922651812245,3.9907627227178755,-0.0033804636914283037,-0.0012811486540420525
0,2000-02-08,943.0036030937036,3.944319895464973,-0.007565481588244438,-0.0464428272529025
0,2000-02-09,937.1819226180386,3.898328576989354,-0.006173550616949797,-0.0459913184756191
0,2000-02-10,933.4067788921293,3.9009772187963425,-0.004028186667710543,0.0026486418069886497
0,2000-02-11,930.2960192288732,3.855818558867109,-0.0033326945267617702,-0.045158659929233735
0,2000-02-14,935.7656339785653,3.8516715158988752,0.005879434756934643,-0.004147042968233539
0,2000-02-15,948.4887952041666,3.8872508091742146,0.01359652541577816,0.035579293275339374
0,2000-02-16,956.4634246465773,3.9280819927125608,0.008407721295952797,0.04083118353834614
0,2000-02-17,949.9042879192921,3.8790625612260854,-0.006857697386294603,-0.04901943148647536
0,2000-02-18,949.8311644160258,3.8839663015416828,-7.69798643887043e-05,0.004903740315597371
0,2000-02-22,951.0403339063557,3.872060461630142,0.0012730362359434366,-0.011905839911540816
0,2000-02-23,948.0744968026312,3.864215845976573,-0.003118518739938736,-0.007844615653568976
0,2000-02-24,945.2377564004618,3.8542626166048093,-0.002992107067257166,-0.009953229371763683
0,2000-02-25,930.1319295005027,3.820736643866346,-0.015980981290340424,-0.03352597273846314
0,2000-02-28,934.9170029020968,3.841829293212859,0.005144510418176651,0.021092649346512893
0,2000-02-29,939.6237927373783,3.864387751158485,0.005034446716308594,0.022558457945625943
0,2000-03-01,950.035932744831,3.8571995210406578,0.011081179603934288,-0.00718823011782721
0,2000-03-02,937.3571083261393,3.842845791391233,-0.013345626182854176,-0.014353729649424718
0,2000-03-03,937.4188194120879,3.842501226436969,6.583519279956818e-05,-0.0003445649542639373
0,2000-03-06,927.7189502247776,3.798562328932683,-0.010347423143684864,-0.043938897504286256
0,2000-03-07,922.5042081302407,3.7702869138190938,-0.005621036514639854,-0.02827541511358911
0,2000-03-08,921.9664536727429,3.7330458604325005,-0.0005829290021210909,-0.037241053386593226
0,2000-03-09,912.9559757855383,3.7211776397570464,-0.009773108176887035,-0.011868220675454122
0,2000-03-10,908.2472254748495,3.7159538055606585,-0.0051576970145106316,-0.005223834196387944
0,2000-03-13,907.2365008113553,3.727151543645314,-0.0011128298938274384,0.01119773808465574
0,2000-03-14,922.4968106455198,3.7588276565077927,0.016820652410387993,0.03167611286247851
0,2000-03-15,913.0591947646241,3.7458897274575564,-0.010230513289570808,-0.012937929050236274
0,2000-03-16,910.4673921977428,3.724652836950768,-0.002838592045009136,-0.021236890506788342
0,2000-03-17,914.2756860468779,3.725021928533855,0.004182789940387011,0.00036909158308695567
0,2000-03-20,925.7382419538441,3.7387985524835776,0.012537308037281036,0.013776623949722566
0,2000-03-21,929.5037401306128,3.7370293890794266,0.004067562520503998,-0.0017691634041510085
0,2000-03-22,937.785045684473,3.7555985750786816,0.008909383788704872,0.018569185999254945
0,2000-03-23,930.975070884517,3.7382846255031175,-0.007261765189468861,-0.01731394957556409
0,2000-03-24,937.6281477175922,3.7300621222680834,0.007146353367716074,-0.00822250323503404
0,2000-03-27,939.7884255816599,3.7234487294410394,0.0023039814550429583,-0.006613392827043985
0,2000-03-28,944.1398843696703,3.715743358009681,0.004630253650248051,-0.007705371431358632
0,2000-03-29,950.8641490679873,3.7169019891241386,0.00712210638448596,0.0011586311144577977
0,2000-03-30,969.3449834163058,3.742878688314132,0.019435830414295197,0.025976699189993457
0,2000-03-31,959.0958373779971,3.7595777162563917,-0.010573269799351692,0.016699027942259637
0,2000-04-03,944.6120356503081,3.750665659875389,-0.015101516619324684,-0.008912056381002564
0,2000-04-04,942.2962942440942,3.755440799889946,-0.002451526466757059,0.004775140014556811
0,2000-04-05,946.6112442179102,3.77770776359413,0.004579185973852873,0.02226696370418413
0,2000-04-06,951.092033017504,3.8158059325850737,0.004733504727482796,0.03809816899094365
0,2000-04-07,965.5168426386795,3.8215443318995916,0.015166576020419598,0.005738399314517917
0,2000-04-10,975.0486485542607,3.867733164522386,0.009872231632471085,0.04618883262279416
0,2000-04-11,977.7187816064061,3.875621638613954,0.0027384613640606403,0.00788847409156812
0,2000-04-12,981.7519922094122,3.9017302958852906,0.004125123377889395,0.02610865727133671
0,2000-04-13,990.7574736265653,3.8667051181429932,0.009172867983579636,-0.03502517774229741
0,2000-04-14,995.4735575559018,3.8901129366774563,0.004760079085826874,0.023407818534463054
0,2000-04-17,983.5943297909103,3.8358108827763613,-0.01193324290215969,-0.05430205390109499
0,2000-04-18,985.2429139983791,3.9068288556229156,0.001676081446930766,0.07101797284655431
0,2000-04-19,982.5064611410569,3.9223361396706014,-0.0027774397749453783,0.015507284047685754
0,2000-04-20,985.2764275846564,3.988107876776726,0.0028192857280373573,0.06577173710612483
0,2000-04-24,971.1581195768445,3.9629761404389505,-0.01432928629219532,-0.025131736337775656
0,2000-04-25,974.7735971655904,4.029540566789171,0.0037228516303002834,0.06656442635022053
0,2000-04-26,963.6697179146955,3.922472206939401,-0.011391239240765572,-0.10706835984976992
0,2000-04-27,962.7449182165045,3.865781005654932,-0.0009596645832061768,-0.05669120128446892
0,2000-04-28,946.8299201368606,3.7746013724690397,-0.016530856490135193,-0.0911796331858925
0,2000-05-01,950.7357244841676,3.781884083789215,0.004125138279050589,0.007282711320175217
0,2000-05-02,959.3514966796806,3.8423326685609114,0.009062215685844421,0.060448584771696456
0,2000-05-03,990.0648341988162,3.893323479806073,0.03201468661427498,0.050990811245161805
0,2000-05-04,1029.6936429681573,3.9366677524947686,0.040026478469371796,0.04334427268869545
0,2000-05-05,1015.3261977897349,3.934031248560377,-0.013953126035630703,-0.002636503934391854
0,2000-05-08,1008.5206066561823,3.924485081115147,-0.006702861748635769,-0.009546167445229958
0,2000-05-09,1027.8131708975936,3.9405037822226667,0.019129568710923195,0.016018701107519906
0,2000-05-10,1020.82774474871,3.9659571490885677,-0.006796396803110838,0.02545336686590094
0,2000-05-11,1030.7748858252025,3.931122331461062,0.0097441915422678,-0.03483481762750573
0,2000-05-12,1023.4413219405155,3.912955829746515,-0.0071146124973893166,-0.018166501714547145
0,2000-05-15,1041.1470059260744,3.980006440902843,0.01730014570057392,0.06705061115632827
0,2000-05-16,1038.6341504950476,3.9818648744017184,-0.0024135452695190907,0.0018584334988753781
0,2000-05-17,1051.1114342106284,4.005818209683335,0.012013165280222893,0.023953335281616805
0,2000-05-18,1055.2084329806403,4.081242031510516,0.003897777758538723,0.07542382182718033
0,2000-05-19,1055.7904872518288,4.116469550797766,0.0005516012315638363,0.03522751928725043
0,2000-05-22,1066.7517457651259,4.146146606627035,0.010382039472460747,0.029677055829268717
0,2000-05-23,1067.151598441463,4.12772997421769,0.0003748319868464023,-0.018416632409344658
0,2000-05-24,1078.9463227802019,4.172641173834592,0.011052529327571392,0.0449111996169016
0,2000-05-25,1098.4997061711283,4.196106363451176,0.018122665584087372,0.023465189616584503
0,2000-05-26,1076.8970188536546,4.171881986029573,-0.019665628671646118,-0.02422437742160355
0,2000-05-30,1067.7615859974685,4.145611092506178,-0.008483107201755047,-0.02627089352339418
0,2000-05-31,1055.9148512895517,4.140411657280868,-0.011094924993813038,-0.005199435225310189
0,2000-06-01,1053.0772206561574,4.094693516726883,-0.0026873669121414423,-0.045718140553985265
0,2000-06-02,1048.5659300083137,4.058760227011593,-0.004283912479877472,-0.03593328971528997
0,2000-06-05,1042.5270548976932,4.084498815397654,-0.005759175401180983,0.025738588386061245
0,2000-06-06,1049.430291986676,4.08654028748397,0.006621638312935829,0.0020414720863159985
0,2000-06-07,1050.959497778898,4.067220689776857,0.0014571771025657654,-0.019319597707113445
0,2000-06-08,1065.4565929065843,4.097274256016589,0.013794152066111565,0.0300535662397321
0,2000-06-09,1057.439078906159,4.10890018342491,-0.00752495601773262,0.011625927408321246
0,2000-06-12,1064.8015763432118,4.13233522584351,0.006962573621422052,0.023435042418600283
0,2000-06-13,1044.6628285533898,4.059735579168931,-0.0189131461083889,-0.07259964667457908
0,2000-06-14,1026.110512575641,4.006316754029911,-0.017759142443537712,-0.053418825139019965
0,2000-06-15,1028.6372578774221,3.9838816014879175,0.0024624494835734367,-0.022435152541993908
0,2000-06-16,1018.3848138121729,4.021614075301126,-0.00996701605618,0.03773247381320832
0,2000-06-19,1016.2405120283763,4.052152669383141,-0.0021055908873677254,0.030538594082015535
0,2000-06-20,1011.3586683852268,4.014442738596497,-0.004803827032446861,-0.03770993078664464
0,2000-06-21,987.2633127444843,4.000868572253091,-0.02382473833858967,-0.013574166343405913
0,2000-06-22,982.0801082447969,3.985105770734005,-0.005250073038041592,-0.015762801519085823
0,2000-06-23,990.4317216274144,3.999780312693795,0.008504004217684269,0.014674541959790233
0,2000-06-26,973.7817158250232,4.020911188261874,-0.016810856759548187,0.021130875568079244
0,2000-06-27,973.6443473940761,4.0037939852608595,-0.00014106696471571922,-0.017117203001014936
0,2000-06-28,967.4176977100128,4.0159879630040365,-0.0063951993361115456,0.012193977743176987
0,2000-06-29,964.4112318518919,3.885129512834348,-0.0031077226158231497,-0.13085845016968856
0,2000-06-30,963.2875227641167,3.9034403520070544,-0.0011651762761175632,0.018310839172706483
0,2000-07-03,963.2243761508703,3.8683650475733904,-6.555323489010334e-05,-0.03507530443366402
0,2000-07-05,970.3087513905036,3.7842442825207305,0.007354854606091976,-0.08412076505265986
0,2000-07-06,962.987814389873,3.7275619015548447,-0.007544956170022488,-0.05668238096588585
0,2000-07-07,978.2620644962324,3.715379373073199,0.015861311927437782,-0.012182528481645694
0,2000-07-10,981.1218981877958,3.6627946382431134,0.002923381980508566,-0.05258473483008563
0,2000-07-11,982.2189671231209,3.6640720640864983,0.0011181780137121677,0.0012774258433849717
0,2000-07-12,974.3399989216744,3.650022826855621,-0.008021600544452667,-0.014049237230877143
0,2000-07-13,978.4336732064206,3.6015269175254354,0.004201484378427267,-0.04849590933018577
0,2000-07-14,971.214573308348,3.600896115484635,-0.007378221023827791,-0.000630802040800571
0,2000-07-17,984.3962538438726,3.680144646575811,0.013572366908192635,0.07924853109117613
0,2000-07-18,977.6868402585861,3.6435588972709034,-0.006815765053033829,-0.036585749304907544
0,2000-07-19,967.8723166173476,3.588337945557326,-0.010038514621555805,-0.05522095171357755
0,2000-07-20,978.9516009098221,3.60865468069095,0.011447051540017128,0.020316735133623975
0,2000-07-21,987.2344077702195,3.613257861270683,0.008460895158350468,0.004603180579733301
0,2000-07-24,979.233786337461,3.5764042076712994,-0.008104074746370316,-0.03685365359938375
0,2000-07-25,971.7277432991585,3.571573982316009,-0.007665220648050308,-0.0048302253552905405
0,2000-07-26,963.8437934140222,3.568292869887712,-0.008113332092761993,-0.003281112428296762
0,2000-07-27,967.1048278667699,3.5477570308211273,0.0033833640627563,-0.02053583906658485
0,2000-07-28,968.3571532655466,3.5694122449312418,0.0012949220836162567,0.021655214110114507
0,2000-07-31,967.8333282552194,3.5747258758845044,-0.0005409419536590576,0.005313630953262649
0,2000-08-01,971.3849347325656,3.5738129257727915,0.0036696468014270067,-0.0009129501117128846
0,2000-08-02,956.9144014884715,3.5850284824781773,-0.014896806329488754,0.011215556705385765
0,2000-08-03,964.8993357018554,3.611569587262943,0.008344460278749466,0.02654110478476568
0,2000-08-04,958.1774866190331,3.633717949202575,-0.0069663734175264835,0.0221483619396321
0,2000-08-07,973.0838845152663,3.674354788262881,0.015557032078504562,0.040636839060305796
0,2000-08-08,980.8983744690318,3.6977097408378095,0.008030643686652184,0.02335495257492859
0,2000-08-09,989.4990208522514,3.6928135856354265,0.008768131956458092,-0.004896155202382957
0,2000-08-10,986.0924458276742,3.6809089983499406,-0.003442727029323578,-0.011904587285485935
0,2000-08-11,970.4219101496443,3.6821475819609955,-0.01589154824614525,0.0012385836110548887
0,2000-08-14,981.3831546876851,3.679555787376575,0.011295339092612267,-0.0025917945844202706
0,2000-08-15,974.7480226963164,3.6482610443099026,-0.006761000491678715,-0.03129474306667257
0,2000-08-16,984.9911332816439,3.674108928363093,0.010508470237255096,0.025847884053190384
0,2000-08-17,984.9837312290491,3.6580276129554585,-7.514841854572296e-06,-0.016081315407634467
0,2000-08-18,996.2325274016648,3.69033445107553,0.011420286260545254,0.03230683812007129
0,2000-08-21,1000.6830467482093,3.6402276984071404,0.004467349965125322,-0.050106752668389376
0,2000-08-22,994.7827443850618,3.628672363236241,-0.00589627493172884,-0.011555335170899461
0,2000-08-23,1000.2832353699324,3.659840613116259,0.005529338959604502,0.031168249880018095
0,2000-08-24,1002.3488294582492,3.688163480292174,0.002065009204670787,0.028322867175914812
0,2000-08-25,1009.8194134056732,3.6899967205429425,0.0074530779384076595,0.0018332402507685863
0,2000-08-28,1007.050803237094,3.6526229238236905,-0.002741688396781683,-0.037373796719252006
0,2000-08-29,985.9936031063357,3.6165057937154694,-0.02090976946055889,-0.03611713010822104
0,2000-08-30,995.870182707593,3.6368862276643514,0.010016879998147488,0.020380433948882004
0,2000-08-31,998.8523123600025,3.6741851005649218,0.002994496375322342,0.03729887290057032
0,2000-09-01,991.6385762646264,3.6796387553934937,-0.0072220247238874435,0.005453654828571963
0,2000-09-05,972.7171757663831,3.663397149481453,-0.01908094435930252,-0.016241605912040935
0,2000-09-06,972.998142336138,3.6748946854856785,0.00028884713537991047,0.011497536004225761
0,2000-09-07,959.170647402345,3.6455407197955507,-0.014211224392056465,-0.029353965690127826
0,2000-09-08,952.0610596360167,3.632549750749989,-0.00741222407668829,-0.012990969045561851
0,2000-09-11,957.5797671476633,3.596825949432226,0.0057965898886322975,-0.03572380131776276
0,2000-09-12,955.0127903855339,3.5836384072431064,-0.002680692356079817,-0.013187542189119661
0,2000-09-13,959.6460158517979,3.5405787152317356,0.0048514800146222115,-0.04305969201137083
0,2000-09-14,956.9306317520188,3.511772668614141,-0.002829568460583687,-0.02880604661759456
0,2000-09-15,975.8197690185634,3.5777263815106943,0.019739296287298203,0.06595371289655327
0,2000-09-18,957.5588472210693,3.49906384915601,-0.018713416531682014,-0.07866253235468434
0,2000-09-19,959.0722868570898,3.4249046096211737,0.0015805186703801155,-0.07415923953483627
0,2000-09-20,962.8752051296415,3.4324655410423275,0.003965205047279596,0.0075609314211537715
0,2000-09-21,952.8319945732652,3.410424297984209,-0.010430438444018364,-0.022041243058118276
0,2000-09-22,968.6022876944307,3.4038899021818194,0.01655096933245659,-0.006534395802389792
0,2000-09-25,968.837743059555,3.3920958519932194,0.0002430877648293972,-0.011794050188600025
0,2000-09-26,965.7511676273651,3.318247596540835,-0.0031858538277447224,-0.07384825545238449
0,2000-09-27,961.8531751072682,3.2951185903651763,-0.004036228638142347,-0.023129006175658606
0,2000-09-28,959.6463249283498,3.3504377237848235,-0.002294373232871294,0.055319133419647226
0,2000-09-29,949.3025126914057,3.342449138953516,-0.010778775438666344,-0.007988584831307488
0,2000-10-02,966.2592897267626,3.39136286528418,0.01786235347390175,0.04891372633066382
0,2000-10-03,981.0174332164196,3.4822152721006128,0.015273481607437134,0.09085240681643292
0,2000-10-04,1001.609072385582,3.6222220203043682,0.02099008485674858,0.14000674820375547
0,2000-10-05,1001.4753615701616,3.6174695078714905,-0.00013349601067602634,-0.004752512432877776
0,2000-10-06,990.0533284816912,3.598217731473953,-0.01140520628541708,-0.0192517763975375
0,2000-10-11,991.6777210007936,3.532505393876573,0.0016407121438533068,-0.06571233759737982
0,2000-10-12,990.215340106893,3.5889605011743297,-0.0014746533706784248,0.0564551072977566
0,2000-10-13,980.3777397757327,3.6062356709968864,-0.009934809058904648,0.017275169822556613
0,2000-10-16,988.7956937333624,3.646478857814998,0.008586439304053783,0.040243186818111454
0,2000-10-17,991.4131889326895,3.632856734494027,0.0026471547316759825,-0.013622123320971014
0,2000-10-18,995.106699538747,3.6375614859568026,0.003725500777363777,0.004704751462775825
0,2000-10-19,1000.429567890423,3.668555456809604,0.005349042825400829,0.03099397085280131
0,2000-10-20,1000.9930025833161,3.6521064504622833,0.0005631927633658051,-0.016449006347320605
0,2000-10-23,1005.8460391287892,3.6207287187857187,0.0048482222482562065,-0.03137773167656466
0,2000-10-24,992.0457619875032,3.6104736570909366,-0.013720069080591202,-0.010255061694782075
0,2000-10-25,986.3917279248915,3.5528786940786525,-0.005699368193745613,-0.05759496301228406
0,2000-10-26,997.8891781606964,3.5649962787518334,0.011656069196760654,0.012117584673180914
0,2000-10-27,983.4360780463516,3.571852320286384,-0.014483672566711903,0.006856041534550439
0,2000-10-30,973.9869287815695,3.5088003014495324,-0.009608300402760506,-0.06305201883685152
0,2000-10-31,967.292750233723,3.4429359509549564,-0.0068729654885828495,-0.06586435049457595
0,2000-11-01,954.3486558377025,3.4160880148619985,-0.013381775468587875,-0.02684793609295788
0,2000-11-02,965.3725142035075,3.451058959722525,0.011551185511052608,0.034970944860526654
0,2000-11-03,957.3024959572828,3.421873927789121,-0.008359486237168312,-0.02918503193340438
0,2000-11-06,948.8200278204434,3.3889544592031062,-0.00886080227792263,-0.03291946858601458
0,2000-11-07,941.9895730807805,3.4309046896985613,-0.007198893930763006,0.0419502304954551
0,2000-11-08,956.864318875662,3.4678538049905283,0.015790775418281555,0.03694911529196698
0,2000-11-09,967.5936393097451,3.5077465744699086,0.011213000863790512,0.03989276947938025
0,2000-11-10,964.6277358616798,3.4961321618510137,-0.003065236611291766,-0.011614412618894843
0,2000-11-13,970.4081032728847,3.5706758645794694,0.005992329679429531,0.07454370272845567
0,2000-11-14,970.680113672645,3.5812467697796415,0.0002803051611408591,0.01057090520017212
0,2000-11-15,960.9457872645011,3.5368794342125907,-0.010028356686234474,-0.04436733556705086
0,2000-11-16,948.4328139409066,3.498290933539513,-0.013021518476307392,-0.03858850067307751
0,2000-11-17,941.6692391768871,3.501855288149025,-0.00713131669908762,0.003564354609511877
0,2000-11-20,929.254944766986,3.4441479195057823,-0.013183285482227802,-0.057707368643242773
0,2000-11-21,929.7250037925394,3.4785908987447667,0.0005058450624346733,0.03444297923898443
0,2000-11-22,948.0229070124713,3.510506021601567,0.019680984318256378,0.031915122856800426
0,2000-11-24,955.0612385003868,3.506708239304666,0.007424220908433199,-0.0037977822969010866
0,2000-11-27,962.9604080212002,3.5008450500440977,0.008270851336419582,-0.00586318926056828
0,2000-11-28,963.5207781190559,3.5057048296425766,0.0005819243378937244,0.0048597795984788306
0,2000-11-29,971.6130269827099,3.5318037253308514,0.008398624137043953,0.026098895688274837
0,2000-11-30,957.0872124929343,3.4853469899628364,-0.014950205571949482,-0.04645673536801498
0,2000-12-01,955.9924987226968,3.4831950422335445,-0.0011437973007559776,-0.0021519477292919476
0,2000-12-04,956.0995203937836,3.48665789290316,0.00011194823309779167,0.0034628506696154915
0,2000-12-05,950.9947132527752,3.4448799454243413,-0.005339200608432293,-0.04177794747881869
0,2000-12-06,949.3126084516546,3.488196285756315,-0.0017687845975160599,0.043316340331973624
0,2000-12-07,946.6633708689284,3.4726089977386363,-0.0027906903997063637,-0.015587288017678613
0,2000-12-08,952.7704620185698,3.4728769857554753,0.006451175082474947,0.00026798801683902695
0,2000-12-11,963.4274558090576,3.4950559514395554,0.011185268871486187,0.022178965684080065
0,2000-12-12,965.8969300729298,3.4779389196581296,0.002563217654824257,-0.017117031781425762
0,2000-12-13,952.5753877736013,3.421313236310869,-0.013791888020932674,-0.05662568334726048
0,2000-12-14,943.6850375590661,3.4215028801737137,-0.009332962334156036,0.00018964386284459067
0,2000-12-15,958.5909785526537,3.511179548998373,0.01579546183347702,0.08967666882465908
0,2000-12-18,973.5423762766264,3.5304444050471417,0.015597265213727951,0.01926485604876893
0,2000-12-19,959.9193569391799,3.4798852076114466,-0.013993247412145138,-0.05055919743569515
0,2000-12-20,942.9426379157752,3.46874483202242,-0.01768556796014309,-0.011140375589026696
0,2000-12-21,961.8815384591334,3.540707582460756,0.020084891468286514,0.071962750438336
0,2000-12-22,964.372167481297,3.7221579007766876,0.0025893303100019693,0.18145031831593172
0,2000-12-26,979.4791170559633,3.7054610401389185,0.01566506177186966,-0.016696860637769095
0,2000-12-27,979.8852064887611,3.60582983586589,0.0004145973362028599,-0.09963120427302874
0,2000-12-28,977.3676881487438,3.640948815032573,-0.0025691972114145756,0.03511897916668305
0,2000-12-29,978.5776297481996,3.668632706604816,0.0012379594845697284,0.02768389157224327
0,2001-01-02,975.455409047918,3.70097450538445,-0.003190570278093219,0.032341798779633724
0,2001-01-03,982.7393905925078,3.805647511296347,0.007467262446880341,0.10467300591189721
0,2001-01-04,977.4160047682898,3.8686019336762394,-0.0054168845526874065,0.06295442237989235
0,2001-01-05,975.749178279004,3.8303100956472034,-0.001705339876934886,-0.03829183802903602
0,2001-01-08,984.5027623734579,3.86497804346429,0.008971141651272774,0.03466794781708682
0,2001-01-09,983.3723956017153,3.890066129923069,-0.0011481600813567638,0.025088086458779024
0,2001-01-10,978.884264008965,3.955892246532137,-0.004564020317047834,0.06582611660906768
0,2001-01-11,975.0296642008431,4.047711238459037,-0.00393774826079607,0.09181899192690013
0,2001-01-12,983.7053203762806,4.109784633066032,0.008897838182747364,0.0620733946069949
0,2001-01-16,973.0869735903942,3.9192713700924124,-0.01079423539340496,-0.19051326297361948
0,2001-01-17,963.5825597874406,3.8219861099680648,-0.009767280891537666,-0.09728526012434768
0,2001-01-18,950.1872638553799,3.80453371143891,-0.013901554979383945,-0.01745239852915459
0,2001-01-19,972.5483974116441,3.897832591915415,0.023533396422863007,0.09329888047650492
0,2001-01-22,966.8284577556497,3.902938654686265,-0.005881393328309059,0.005106062770849906
0,2001-01-23,967.5806546727049,3.885234493952435,0.00077800452709198,-0.017704160733829966
0,2001-01-24,963.3230132559672,3.84997211433735,-0.00440029613673687,-0.03526237961508505
0,2001-01-25,967.7015894569798,3.8695315859242188,0.004545283503830433,0.01955947158686877
0,2001-01-26,968.7450505370412,3.8939189750252723,0.0010782880708575249,0.024387389101053536
0,2001-01-29,973.009248356448,3.8606953638935577,0.004401775076985359,-0.03322361113171457
0,2001-01-30,975.2177030175824,3.8853752637764916,0.002269716002047062,0.024679899882933842
0,2001-01-31,965.4891277888047,3.9340461390827546,-0.009975798428058624,0.04867087530626302
0,2001-02-01,952.8609077057722,3.8583687029161404,-0.013079608790576458,-0.07567743616661415
0,2001-02-02,933.0786050042508,3.763063988151468,-0.020760955289006233,-0.0953047147646724
0,2001-02-05,924.6907062917588,3.681781514548971,-0.008989487774670124,-0.08128247360249707
0,2001-02-06,928.5911377976907,3.705200811403998,0.004218093119561672,0.02341929685502686
0,2001-02-07,965.194181357551,3.833392465501342,0.039417825639247894,0.128191654097344
0,2001-02-08,952.9140573416959,3.801178962097665,-0.012722956947982311,-0.03221350340367701
0,2001-02-09,961.6740865901212,3.7863464675695804,0.009192884899675846,-0.014832494528084439
0,2001-02-12,972.8133066148418,3.8046341829689365,0.011583155021071434,0.01828771539935614
0,2001-02-13,965.6724904553511,3.788340548128159,-0.007340376731008291,-0.016293634840777393
0,2001-02-14,981.6852186972195,3.7638055956306298,0.0165819451212883,-0.02453495249752935
0,2001-02-15,944.5212763334789,3.6902052652181374,-0.0378572903573513,-0.07360033041249237
0,2001-02-16,959.0806775323236,3.664051357632931,0.015414582565426826,-0.026153907585206415
0,2001-02-20,963.0421820616785,3.670269372751551,0.004130522720515728,0.00621801511862019
0,2001-02-21,968.1453184349749,3.796490801463267,0.005298974923789501,0.1262214287117156
0,2001-02-22,998.3295737794721,3.8157860876296352,0.031177401542663574,0.01929528616636844
0,2001-02-23,999.8243401009436,3.803457243323234,0.0014972673961892724,-0.012328844306401354
0,2001-02-26,1011.4039593978998,3.854573725086122,0.011581653729081154,0.05111648176288819
0,2001-02-27,999.4453048528098,3.903329598870065,-0.01182381622493267,0.04875587378394286
0,2001-02-28,1005.4691748846268,3.9809215232596196,0.0060272132977843285,0.07759192438955465
0,2001-03-01,993.0806609045075,4.051220001977499,-0.012321127578616142,0.07029847871787931
0,2001-03-02,1007.5217239326446,3.955499886133612,0.014541681855916977,-0.09572011584388695
0,2001-03-05,1009.808127397497,3.9418174435833535,0.0022693341597914696,-0.013682442550258411
0,2001-03-06,1001.8200182918948,3.9606325168482153,-0.007910521700978279,0.01881507326486176
0,2001-03-07,1002.3854241576767,3.9453157290385277,0.0005643786862492561,-0.015316787809687593
0,2001-03-08,1002.6083304676614,3.9531732451599004,0.00022237584926187992,0.007857516121372754
0,2001-03-09,1006.8207167469443,3.9604308371660966,0.0042014275677502155,0.007257592006196134
0,2001-03-12,996.8435927275964,3.964219109890668,-0.009909533895552158,0.0037882727245714953
0,2001-03-13,991.8381190837325,3.9495310012858815,-0.0050213229842484,-0.014688108604786532
0,2001-03-14,997.5333458863003,3.9677676257514123,0.0057420930825173855,0.01823662446553076
0,2001-03-15,1006.3259202598134,3.975586027993118,0.008814316242933273,0.007818402241705602
0,2001-03-16,1006.303960456055,3.9854233385815188,-2.1821761038154364e-05,0.009837310588400872
0,2001-03-19,1005.7186172179415,4.043005214460174,-0.0005816763732582331,0.057581875878655264
0,2001-03-20,1021.6547352460437,4.052904973022329,0.01584550365805626,0.009899758562155192
0,2001-03-21,1020.8405701283467,4.002563411244933,-0.0007969082798808813,-0.05034156177739657
0,2001-03-22,1014.7113643502173,3.9660185468383977,-0.006004077382385731,-0.03654486440653493
0,2001-03-23,1012.0930597550656,3.903115141966952,-0.0025803442113101482,-0.06290340487144563
0,2001-03-26,1006.1409429844678,4.008287804732257,-0.0058809975162148476,0.1051726627653049
0,2001-03-27,1010.3599135987364,4.051459390554167,0.004193220287561417,0.04317158582191016
0,2001-03-28,1025.054844984152,4.037260665851707,0.014544254168868065,-0.014198724702460197
0,2001-03-29,1039.329739050309,4.065109231818802,0.013925980776548386,0.027848565967095062
0,2001-03-30,1038.6071223054155,4.072938509475287,-0.0006952718831598759,0.007829277656484557
0,2001-04-02,1045.1941943915785,4.098427840409503,0.006342217326164246,0.025489330934216348
0,2001-04-03,1057.2395819486906,4.1554278976349,0.011524545028805733,0.05700005722539725
0,2001-04-04,1062.9871118985095,4.243874201745111,0.005436355248093605,0.08844630411021104
0,2001-04-05,1080.2901454334358,4.317880472387875,0.016277745366096497,0.074006270642764
0,2001-04-06,1084.212422836083,4.3389352135780035,0.0036307629197835922,0.02105474119012829
0,2001-04-09,1090.5054951216016,4.307141504180977,0.0058042798191308975,-0.03179370939702686
0,2001-04-10,1100.1695070406076,4.370767983185712,0.008861956186592579,0.06362647900473561
0,2001-04-11,1104.9541091925796,4.337879013570962,0.004348968155682087,-0.032888969614750074
0,2001-04-12,1097.0632206471525,4.298809077400052,-0.007141372188925743,-0.03906993617091015
0,2001-04-16,1090.2058780922112,4.298214786811838,-0.0062506357207894325,-0.0005942905882143634
0,2001-04-17,1110.2846046917855,4.3667143403346484,0.018417371436953545,0.06849955352281079
0,2001-04-18,1109.8891176902316,4.3920151751741665,-0.0003562032652553171,0.02530083483951806
0,2001-04-19,1103.4650202245962,4.405145099955657,-0.005788053385913372,0.013129924781490665
0,2001-04-20,1098.603385063646,4.407614825016994,-0.0044057900086045265,0.0024697250613368027
0,2001-04-23,1106.123652863421,4.350978341805866,0.00684529822319746,-0.05663648321112813
0,2001-04-24,1089.4538927480044,4.3172354059310525,-0.015070430934429169,-0.03374293587481336
0,2001-04-25,1095.9933658167536,4.328946402379559,0.006002523936331272,0.011710996448506705
0,2001-04-26,1096.8406830810463,4.346863129060763,0.0007731043733656406,0.0179167266812037
0,2001-04-27,1109.6161309584008,4.306560777853596,0.011647496372461319,-0.040302351207166964
0,2001-04-30,1100.8708145901735,4.31888805666427,-0.007881388999521732,0.01232727881067408
0,2001-05-01,1082.5363505437156,4.301595972043101,-0.01665451005101204,-0.017292084621169046
0,2001-05-02,1068.7819790137542,4.278280877748725,-0.01270569022744894,-0.02331509429437606
0,2001-05-03,1066.438147171151,4.2900029265865385,-0.002192993415519595,0.011722048837813581
